=== libyt environment ready ===
  python:    /work2/11056/zwu/frontera/miniconda3/envs/libyt/bin/python
  numpy can find libstdc++ with GLIBCXX_3.4.29:
2
  ✓ found GLIBCXX_3.4.29 in conda libstdc++
  LIBYT_HOME: /work2/11056/zwu/frontera/enzo_gh/libyt_dev/libyt_pristine/install
================================
=== Running libyt STARNET ===
/work2/11056/zwu/frontera/miniconda3/envs/libyt/bin/python
/opt/intel/compilers_and_libraries_2020.4.304/linux/mpi/intel64/bin/mpirun
Restarting from z_0015/
TACC:  Starting up job 7891877 
TACC:  Starting parallel tasks... 
MPI_Init: NumberOfProcessors = 280
Reading parameter file z_0015/z_0015

The Grackle Version 3.4.2-dev
Git Branch   main
Git Revision ec36984d6d43a0ded2a9174211c11f86e0b61e99

Initializing grackle data.
Initializing UV background.
Reading UV background data from CloudyData_UVB=HM2012_shielded_Incatasciato2023_LWB.h5.
UV background information:
  Haardt & Madau (2012, ApJ, 746, 125) [Galaxies & Quasars]
  z_min =  0.000
  z_max = 30.000
Grackle run-time parameters:
use_grackle                       = 1
with_radiative_cooling            = 1
primordial_chemistry              = 2
dust_chemistry                    = 0
metal_cooling                     = 3
UVbackground                      = 1
grackle_data_file                 = CloudyData_UVB=HM2012_shielded_Incatasciato2023_LWB.h5
cmb_temperature_floor             = 1
Gamma                             = 1.6667
h2_on_dust                        = 0
use_dust_density_field            = 0
dust_recombination_cooling        = -1
photoelectric_heating             = 0
photoelectric_heating_rate        = 8.5e-26
use_isrf_field                    = 0
interstellar_radiation_field      = 1.7
use_volumetric_heating_rate       = 0
use_specific_heating_rate         = 0
use_temperature_floor             = 0
temperature_floor_scalar          = 0
three_body_rate                   = 0
cie_cooling                       = 0
h2_optical_depth_approximation    = 0
ih2co                             = 1
ipiht                             = 1
HydrogenFractionByMass            = 0.73
DeuteriumToHydrogenRatio          = 6.8e-05
SolarMetalFractionByMass          = 0.01295
local_dust_to_gas_ratio           = 0.009387
CaseBRecombination                = 0
NumberOfTemperatureBins           = 600
TemperatureStart                  = 1
TemperatureEnd                    = 1e+09
NumberOfDustTemperatureBins       = 250
DustTemperatureStart              = 1
DustTemperatureEnd                = 1500
Compton_xray_heating              = 0
LWbackground_sawtooth_suppression = 0
LWbackground_intensity            = 0
UVbackground_redshift_on          = 30
UVbackground_redshift_off         = 0
UVbackground_redshift_fullon      = 7
UVbackground_redshift_drop        = 0
cloudy_electron_fraction_factor   = 0.00915396
use_radiative_transfer            = 0
radiative_transfer_coupled_rate_solver = 0
radiative_transfer_intermediate_step = 0
radiative_transfer_hydrogen_only  = 0
self_shielding_method             = 1
H2_self_shielding                 = 0
H2_custom_shielding               = 0
h2_charge_exchange_rate           = 1
h2_dust_rate                      = 1
h2_h_cooling_rate                 = 1
collisional_excitation_rates      = 1
collisional_ionisation_rates      = 1
recombination_cooling_rates       = 1
bremsstrahlung_cooling_rates      = 1
max_iterations                    = 10000
exit_after_iterations_exceeded    = 0
omp_nthreads                      = 0
OpenMP: off
WARNING! PartitionNestedGrids = 1 forces Parallel IO = 1
Initialdt in ReadParameterFile = 0.000000e+00
DetermineNumberOfNodes: 40 nodes, 7 cores per node
OPEN data hierarchy z_0015/z_0015.hierarchy
Initializing libyt interface
[YT_INFO   ] ******libyt version******
[YT_INFO   ]          0.5.0
[YT_INFO   ]   SERIAL_MODE: OFF
[YT_INFO   ]   INTERACTIVE_MODE: ON
[YT_INFO   ]   JUPYTER_KERNEL: OFF
[YT_INFO   ]   SUPPORT_TIMER: OFF
[YT_INFO   ] *************************
[YT_INFO   ] Initializing libyt ...
[YT_INFO   ]    verbose = 1
[YT_INFO   ]     script = inline_null
[YT_INFO   ]    counter = 0
[YT_INFO   ] check_data = false
[YT_INFO   ] Importing YT inline analysis script "inline_null" ... done
CPUTime-output: Frac = 1.000000, Current = 0.0928046 (0), Stop = 2592000.000000, Last = 0
RebuildHierarchy: level = 0
CommunicationTransferParticles: moved = 0
CommunicationTransferStars: moved = 0
CommunicationTransferActiveParticles: moved = 0
DetermineSGSize: MaxSubgridSize = 2701, MinSubgridEdge = 4, ncells = 12104744
RebuildHierarchy[0]: Flagged 735/1120 grids. 753051 flagged cells
LoadBalance: Number of grids moved = 8311 out of 8390 (0.226875 seconds elapsed)
DetermineSGSize: MaxSubgridSize = 2000, MinSubgridEdge = 4, ncells = 1231072
RebuildHierarchy[1]: Flagged 854/8390 grids. 83890 flagged cells
LoadBalance: Number of grids moved = 1262 out of 1306 (0.000418995 seconds elapsed)
DetermineSGSize: MaxSubgridSize = 2000, MinSubgridEdge = 4, ncells = 261768
RebuildHierarchy[2]: Flagged 326/1306 grids. 20485 flagged cells
LoadBalance: Number of grids moved = 370 out of 377 (0.000121549 seconds elapsed)
DetermineSGSize: MaxSubgridSize = 2000, MinSubgridEdge = 4, ncells = 55080
RebuildHierarchy[3]: Flagged 114/377 grids. 5658 flagged cells
LoadBalance: Number of grids moved = 118 out of 118 (0.00450026 seconds elapsed)
DetermineSGSize: MaxSubgridSize = 2000, MinSubgridEdge = 4, ncells = 41168
RebuildHierarchy[4]: Flagged 75/118 grids. 4302 flagged cells
LoadBalance: Number of grids moved = 63 out of 77 (0.000196427 seconds elapsed)
DetermineSGSize: MaxSubgridSize = 2000, MinSubgridEdge = 4, ncells = 41168
RebuildHierarchy[5]: Flagged 0/77 grids. 0 flagged cells
grid:SetNumberOfColours: NEQ_HYDRO = 6, NSpecies = 9, NColor = 0
Level[0]: dt = 0.0661648  0.0661648 (0.0661648/0.0661648)
PrepareGreens: Start = 0 52 0  Dim = 32 50 36
PrepareGreens: Start = 0 0 36  Dim = 32 52 38
PrepareGreens: Start = 0 52 36  Dim = 32 50 38
PrepareGreens: Start = 0 0 0  Dim = 32 52 36
Level[1]: dt = 0.0325134  0.0325134 (0.0325134/0.0661648)
Level[2]: dt = 0.0140884  0.0140884 (0.0140884/0.0325134)
Level[3]: dt = 0.006557  0.006557 (0.006557/0.0140884)
Level[4]: dt = 0.00316402  0.00316402 (0.00316402/0.006557)
Level[5]: dt = 0.00151443  0.00151443 (0.00151443/0.00316402)
RebuildHierarchy: level = 5
TransferSubgridParticles[5]: Moved 21 particles, 0 stars, 0 active particles.
DetermineSGSize: MaxSubgridSize = 2000, MinSubgridEdge = 4, ncells = 41168
RebuildHierarchy[5]: Flagged 0/77 grids. 0 flagged cells
Level[5]: dt = 0.00151277  0.00151277 (0.0030272/0.00316402)
RebuildHierarchy: level = 5
TransferSubgridParticles[5]: Moved 1 particles, 0 stars, 0 active particles.
DetermineSGSize: MaxSubgridSize = 2000, MinSubgridEdge = 4, ncells = 41168
RebuildHierarchy[5]: Flagged 0/77 grids. 0 flagged cells
Level[5]: dt = 0.000136821  0.00150565 (0.00316402/0.00316402)
EvolveLevel[5]: NumberOfSubCycles = 3 (3 total, 3 sub)
RebuildHierarchy: level = 4
TransferSubgridParticles[4]: Moved 91 particles, 0 stars, 0 active particles.
DetermineSGSize: MaxSubgridSize = 2000, MinSubgridEdge = 4, ncells = 41168
RebuildHierarchy[4]: Flagged 76/118 grids. 4363 flagged cells
LoadBalance: Number of grids moved = 64 out of 78 (0.000174239 seconds elapsed)
DetermineSGSize: MaxSubgridSize = 2000, MinSubgridEdge = 4, ncells = 41168
RebuildHierarchy[5]: Flagged 0/78 grids. 0 flagged cells
Level[4]: dt = 0.0031655  0.0031655 (0.00632951/0.006557)
Level[5]: dt = 0.00150491  0.00150491 (0.00150491/0.0031655)
RebuildHierarchy: level = 5
TransferSubgridParticles[5]: Moved 2 particles, 0 stars, 0 active particles.
DetermineSGSize: MaxSubgridSize = 2000, MinSubgridEdge = 4, ncells = 42792
RebuildHierarchy[5]: Flagged 0/78 grids. 0 flagged cells
Level[5]: dt = 0.00149744  0.00149744 (0.00300236/0.0031655)
RebuildHierarchy: level = 5
TransferSubgridParticles[5]: Moved 0 particles, 0 stars, 0 active particles.
DetermineSGSize: MaxSubgridSize = 2000, MinSubgridEdge = 4, ncells = 42792
RebuildHierarchy[5]: Flagged 0/78 grids. 0 flagged cells
Level[5]: dt = 0.000163137  0.00149144 (0.0031655/0.0031655)
EvolveLevel[5]: NumberOfSubCycles = 3 (6 total, 3 sub)
Level[4]: dt = 0.000227485  0.00316673 (0.006557/0.006557)
Level[5]: dt = 0.000227485  0.00149089 (0.000227485/0.000227485)
EvolveLevel[5]: NumberOfSubCycles = 1 (7 total, 1 sub)
EvolveLevel[4]: NumberOfSubCycles = 3 (3 total, 3 sub)
RebuildHierarchy: level = 3
TransferSubgridParticles[3]: Moved 565 particles, 0 stars, 0 active particles.
DetermineSGSize: MaxSubgridSize = 2000, MinSubgridEdge = 4, ncells = 55080
RebuildHierarchy[3]: Flagged 114/377 grids. 5630 flagged cells
LoadBalance: Number of grids moved = 117 out of 117 (0.0027929 seconds elapsed)
DetermineSGSize: MaxSubgridSize = 2000, MinSubgridEdge = 4, ncells = 42792
RebuildHierarchy[4]: Flagged 76/117 grids. 4372 flagged cells
LoadBalance: Number of grids moved = 64 out of 78 (0.00015514 seconds elapsed)
DetermineSGSize: MaxSubgridSize = 2000, MinSubgridEdge = 4, ncells = 42792
RebuildHierarchy[5]: Flagged 0/78 grids. 0 flagged cells
Level[3]: dt = 0.00656163  0.00656163 (0.0131186/0.0140884)
Level[4]: dt = 0.0031668  0.0031668 (0.0031668/0.00656163)
Level[5]: dt = 0.00149014  0.00149014 (0.00149014/0.0031668)
RebuildHierarchy: level = 5
TransferSubgridParticles[5]: Moved 2 particles, 0 stars, 0 active particles.
DetermineSGSize: MaxSubgridSize = 2000, MinSubgridEdge = 4, ncells = 42544
RebuildHierarchy[5]: Flagged 0/78 grids. 0 flagged cells
Level[5]: dt = 0.00148574  0.00148574 (0.00297588/0.0031668)
RebuildHierarchy: level = 5
TransferSubgridParticles[5]: Moved 0 particles, 0 stars, 0 active particles.
DetermineSGSize: MaxSubgridSize = 2000, MinSubgridEdge = 4, ncells = 42544
RebuildHierarchy[5]: Flagged 0/78 grids. 0 flagged cells
Level[5]: dt = 0.000190924  0.00148192 (0.0031668/0.0031668)
EvolveLevel[5]: NumberOfSubCycles = 3 (10 total, 3 sub)
RebuildHierarchy: level = 4
TransferSubgridParticles[4]: Moved 1 particles, 0 stars, 0 active particles.
DetermineSGSize: MaxSubgridSize = 2000, MinSubgridEdge = 4, ncells = 42544
RebuildHierarchy[4]: Flagged 75/117 grids. 4369 flagged cells
LoadBalance: Number of grids moved = 63 out of 77 (0.000172183 seconds elapsed)
DetermineSGSize: MaxSubgridSize = 2000, MinSubgridEdge = 4, ncells = 42544
RebuildHierarchy[5]: Flagged 0/77 grids. 0 flagged cells
Level[4]: dt = 0.00316761  0.00316761 (0.00633442/0.00656163)
Level[5]: dt = 0.00148148  0.00148148 (0.00148148/0.00316761)
RebuildHierarchy: level = 5
TransferSubgridParticles[5]: Moved 0 particles, 0 stars, 0 active particles.
DetermineSGSize: MaxSubgridSize = 2000, MinSubgridEdge = 4, ncells = 42440
RebuildHierarchy[5]: Flagged 0/77 grids. 0 flagged cells
Level[5]: dt = 0.00147847  0.00147847 (0.00295995/0.00316761)
RebuildHierarchy: level = 5
TransferSubgridParticles[5]: Moved 0 particles, 0 stars, 0 active particles.
DetermineSGSize: MaxSubgridSize = 2000, MinSubgridEdge = 4, ncells = 42440
RebuildHierarchy[5]: Flagged 0/77 grids. 0 flagged cells
Level[5]: dt = 0.000207663  0.00147585 (0.00316761/0.00316761)
EvolveLevel[5]: NumberOfSubCycles = 3 (13 total, 3 sub)
Level[4]: dt = 0.000227218  0.00316826 (0.00656163/0.00656163)
Level[5]: dt = 0.000227218  0.00147552 (0.000227218/0.000227218)
EvolveLevel[5]: NumberOfSubCycles = 1 (14 total, 1 sub)
EvolveLevel[4]: NumberOfSubCycles = 3 (6 total, 3 sub)
Level[3]: dt = 0.000969746  0.00656723 (0.0140884/0.0140884)
Level[4]: dt = 0.000969746  0.0031683 (0.000969746/0.000969746)
Level[5]: dt = 0.000969746  0.00147517 (0.000969746/0.000969746)
EvolveLevel[5]: NumberOfSubCycles = 1 (15 total, 1 sub)
EvolveLevel[4]: NumberOfSubCycles = 1 (7 total, 1 sub)
EvolveLevel[3]: NumberOfSubCycles = 3 (3 total, 3 sub)
RebuildHierarchy: level = 2
TransferSubgridParticles[2]: Moved 7354 particles, 0 stars, 0 active particles.
DetermineSGSize: MaxSubgridSize = 2000, MinSubgridEdge = 4, ncells = 261768
RebuildHierarchy[2]: Flagged 328/1306 grids. 20568 flagged cells
LoadBalance: Number of grids moved = 372 out of 379 (0.000120416 seconds elapsed)
DetermineSGSize: MaxSubgridSize = 2000, MinSubgridEdge = 4, ncells = 54864
RebuildHierarchy[3]: Flagged 114/379 grids. 5666 flagged cells
LoadBalance: Number of grids moved = 117 out of 117 (0.00294947 seconds elapsed)
DetermineSGSize: MaxSubgridSize = 2000, MinSubgridEdge = 4, ncells = 42440
RebuildHierarchy[4]: Flagged 74/117 grids. 4392 flagged cells
LoadBalance: Number of grids moved = 73 out of 76 (0.000150573 seconds elapsed)
DetermineSGSize: MaxSubgridSize = 2000, MinSubgridEdge = 4, ncells = 42440
RebuildHierarchy[5]: Flagged 0/76 grids. 0 flagged cells
Level[2]: dt = 0.0141333  0.0141333 (0.0282217/0.0325134)
Level[3]: dt = 0.00656814  0.00656814 (0.00656814/0.0141333)
Level[4]: dt = 0.00316846  0.00316846 (0.00316846/0.00656814)
Level[5]: dt = 0.00147382  0.00147382 (0.00147382/0.00316846)
RebuildHierarchy: level = 5
TransferSubgridParticles[5]: Moved 0 particles, 0 stars, 0 active particles.
DetermineSGSize: MaxSubgridSize = 2000, MinSubgridEdge = 4, ncells = 42608
RebuildHierarchy[5]: Flagged 0/76 grids. 0 flagged cells
Level[5]: dt = 0.00147221  0.00147221 (0.00294603/0.00316846)
RebuildHierarchy: level = 5
TransferSubgridParticles[5]: Moved 0 particles, 0 stars, 0 active particles.
DetermineSGSize: MaxSubgridSize = 2000, MinSubgridEdge = 4, ncells = 42608
RebuildHierarchy[5]: Flagged 0/76 grids. 0 flagged cells
Level[5]: dt = 0.000222434  0.00147105 (0.00316846/0.00316846)
EvolveLevel[5]: NumberOfSubCycles = 3 (18 total, 3 sub)
RebuildHierarchy: level = 4
TransferSubgridParticles[4]: Moved 2 particles, 0 stars, 0 active particles.
DetermineSGSize: MaxSubgridSize = 2000, MinSubgridEdge = 4, ncells = 42608
RebuildHierarchy[4]: Flagged 75/117 grids. 4439 flagged cells
LoadBalance: Number of grids moved = 74 out of 77 (0.000167724 seconds elapsed)
DetermineSGSize: MaxSubgridSize = 2000, MinSubgridEdge = 4, ncells = 42608
RebuildHierarchy[5]: Flagged 0/77 grids. 0 flagged cells
Level[4]: dt = 0.00316895  0.00316895 (0.00633741/0.00656814)
Level[5]: dt = 0.0014709  0.0014709 (0.0014709/0.00316895)
RebuildHierarchy: level = 5
TransferSubgridParticles[5]: Moved 1 particles, 0 stars, 0 active particles.
DetermineSGSize: MaxSubgridSize = 2000, MinSubgridEdge = 4, ncells = 42992
RebuildHierarchy[5]: Flagged 0/77 grids. 0 flagged cells
Level[5]: dt = 0.00147016  0.00147016 (0.00294106/0.00316895)
RebuildHierarchy: level = 5
TransferSubgridParticles[5]: Moved 0 particles, 0 stars, 0 active particles.
DetermineSGSize: MaxSubgridSize = 2000, MinSubgridEdge = 4, ncells = 42992
RebuildHierarchy[5]: Flagged 0/77 grids. 0 flagged cells
Level[5]: dt = 0.000227887  0.00146978 (0.00316895/0.00316895)
EvolveLevel[5]: NumberOfSubCycles = 3 (21 total, 3 sub)
Level[4]: dt = 0.000230732  0.00316943 (0.00656814/0.00656814)
Level[5]: dt = 0.000230732  0.00146972 (0.000230732/0.000230732)
EvolveLevel[5]: NumberOfSubCycles = 1 (22 total, 1 sub)
EvolveLevel[4]: NumberOfSubCycles = 3 (10 total, 3 sub)
RebuildHierarchy: level = 3
TransferSubgridParticles[3]: Moved 39 particles, 0 stars, 0 active particles.
DetermineSGSize: MaxSubgridSize = 2000, MinSubgridEdge = 4, ncells = 55408
RebuildHierarchy[3]: Flagged 115/379 grids. 5764 flagged cells
LoadBalance: Number of grids moved = 119 out of 119 (0.00340375 seconds elapsed)
DetermineSGSize: MaxSubgridSize = 2000, MinSubgridEdge = 4, ncells = 42992
RebuildHierarchy[4]: Flagged 74/119 grids. 4420 flagged cells
LoadBalance: Number of grids moved = 73 out of 76 (0.000135794 seconds elapsed)
DetermineSGSize: MaxSubgridSize = 2000, MinSubgridEdge = 4, ncells = 42992
RebuildHierarchy[5]: Flagged 0/76 grids. 0 flagged cells
Level[3]: dt = 0.00657488  0.00657488 (0.013143/0.0141333)
Level[4]: dt = 0.00316946  0.00316946 (0.00316946/0.00657488)
Level[5]: dt = 0.00146968  0.00146968 (0.00146968/0.00316946)
RebuildHierarchy: level = 5
TransferSubgridParticles[5]: Moved 1 particles, 0 stars, 0 active particles.
DetermineSGSize: MaxSubgridSize = 2000, MinSubgridEdge = 4, ncells = 42872
RebuildHierarchy[5]: Flagged 0/76 grids. 0 flagged cells
Level[5]: dt = 0.00146981  0.00146981 (0.00293949/0.00316946)
RebuildHierarchy: level = 5
TransferSubgridParticles[5]: Moved 1 particles, 0 stars, 0 active particles.
DetermineSGSize: MaxSubgridSize = 2000, MinSubgridEdge = 4, ncells = 42872
RebuildHierarchy[5]: Flagged 0/76 grids. 0 flagged cells
Level[5]: dt = 0.000229976  0.00147024 (0.00316946/0.00316946)
EvolveLevel[5]: NumberOfSubCycles = 3 (25 total, 3 sub)
RebuildHierarchy: level = 4
TransferSubgridParticles[4]: Moved 2 particles, 0 stars, 0 active particles.
DetermineSGSize: MaxSubgridSize = 2000, MinSubgridEdge = 4, ncells = 42872
RebuildHierarchy[4]: Flagged 74/119 grids. 4417 flagged cells
LoadBalance: Number of grids moved = 73 out of 76 (0.000154808 seconds elapsed)
DetermineSGSize: MaxSubgridSize = 2000, MinSubgridEdge = 4, ncells = 42872
RebuildHierarchy[5]: Flagged 0/76 grids. 0 flagged cells
Level[4]: dt = 0.00316997  0.00316997 (0.00633943/0.00657488)
Level[5]: dt = 0.00147034  0.00147034 (0.00147034/0.00316997)
RebuildHierarchy: level = 5
TransferSubgridParticles[5]: Moved 0 particles, 0 stars, 0 active particles.
DetermineSGSize: MaxSubgridSize = 2000, MinSubgridEdge = 4, ncells = 42752
RebuildHierarchy[5]: Flagged 0/76 grids. 0 flagged cells
Level[5]: dt = 0.00147137  0.00147137 (0.00294171/0.00316997)
RebuildHierarchy: level = 5
TransferSubgridParticles[5]: Moved 0 particles, 0 stars, 0 active particles.
DetermineSGSize: MaxSubgridSize = 2000, MinSubgridEdge = 4, ncells = 42752
RebuildHierarchy[5]: Flagged 0/76 grids. 0 flagged cells
Level[5]: dt = 0.000228252  0.00147168 (0.00316997/0.00316997)
EvolveLevel[5]: NumberOfSubCycles = 3 (28 total, 3 sub)
Level[4]: dt = 0.000235454  0.00317052 (0.00657488/0.00657488)
Level[5]: dt = 0.000235454  0.00147163 (0.000235454/0.000235454)
EvolveLevel[5]: NumberOfSubCycles = 1 (29 total, 1 sub)
EvolveLevel[4]: NumberOfSubCycles = 3 (13 total, 3 sub)
Level[3]: dt = 0.000990253  0.00658332 (0.0141333/0.0141333)
Level[4]: dt = 0.000990253  0.00317056 (0.000990253/0.000990253)
Level[5]: dt = 0.000990253  0.00147159 (0.000990253/0.000990253)
EvolveLevel[5]: NumberOfSubCycles = 1 (30 total, 1 sub)
EvolveLevel[4]: NumberOfSubCycles = 1 (14 total, 1 sub)
EvolveLevel[3]: NumberOfSubCycles = 3 (6 total, 3 sub)
Level[2]: dt = 0.0042917  0.0141831 (0.0325134/0.0325134)
Level[3]: dt = 0.0042917  0.00658476 (0.0042917/0.0042917)
Level[4]: dt = 0.00317071  0.00317071 (0.00317071/0.0042917)
Level[5]: dt = 0.00147145  0.00147145 (0.00147145/0.00317071)
RebuildHierarchy: level = 5
TransferSubgridParticles[5]: Moved 1 particles, 0 stars, 0 active particles.
DetermineSGSize: MaxSubgridSize = 2000, MinSubgridEdge = 4, ncells = 42752
RebuildHierarchy[5]: Flagged 0/76 grids. 0 flagged cells
Level[5]: dt = 0.00147124  0.00147124 (0.00294269/0.00317071)
RebuildHierarchy: level = 5
TransferSubgridParticles[5]: Moved 1 particles, 0 stars, 0 active particles.
DetermineSGSize: MaxSubgridSize = 2000, MinSubgridEdge = 4, ncells = 42752
RebuildHierarchy[5]: Flagged 0/76 grids. 0 flagged cells
Level[5]: dt = 0.000228025  0.00147118 (0.00317071/0.00317071)
EvolveLevel[5]: NumberOfSubCycles = 3 (33 total, 3 sub)
RebuildHierarchy: level = 4
TransferSubgridParticles[4]: Moved 6 particles, 0 stars, 0 active particles.
DetermineSGSize: MaxSubgridSize = 2000, MinSubgridEdge = 4, ncells = 42752
RebuildHierarchy[4]: Flagged 75/119 grids. 4473 flagged cells
LoadBalance: Number of grids moved = 74 out of 77 (0.000129163 seconds elapsed)
DetermineSGSize: MaxSubgridSize = 2000, MinSubgridEdge = 4, ncells = 42752
RebuildHierarchy[5]: Flagged 0/77 grids. 0 flagged cells
Level[4]: dt = 0.00112098  0.00317125 (0.0042917/0.0042917)
Level[5]: dt = 0.00112098  0.00147118 (0.00112098/0.00112098)
EvolveLevel[5]: NumberOfSubCycles = 1 (34 total, 1 sub)
EvolveLevel[4]: NumberOfSubCycles = 2 (16 total, 2 sub)
EvolveLevel[3]: NumberOfSubCycles = 1 (7 total, 1 sub)
EvolveLevel[2]: NumberOfSubCycles = 3 (3 total, 3 sub)
RebuildHierarchy: level = 1
TransferSubgridParticles[1]: Moved 95125 particles, 0 stars, 0 active particles.
DetermineSGSize: MaxSubgridSize = 2000, MinSubgridEdge = 4, ncells = 1231768
RebuildHierarchy[1]: Flagged 858/8390 grids. 85138 flagged cells
LoadBalance: Number of grids moved = 1282 out of 1313 (0.000415191 seconds elapsed)
DetermineSGSize: MaxSubgridSize = 2000, MinSubgridEdge = 4, ncells = 261264
RebuildHierarchy[2]: Flagged 331/1313 grids. 20726 flagged cells
LoadBalance: Number of grids moved = 372 out of 384 (0.000120342 seconds elapsed)
DetermineSGSize: MaxSubgridSize = 2000, MinSubgridEdge = 4, ncells = 56128
RebuildHierarchy[3]: Flagged 114/384 grids. 5671 flagged cells
LoadBalance: Number of grids moved = 117 out of 117 (0.00432437 seconds elapsed)
DetermineSGSize: MaxSubgridSize = 2000, MinSubgridEdge = 4, ncells = 43304
RebuildHierarchy[4]: Flagged 76/117 grids. 4471 flagged cells
LoadBalance: Number of grids moved = 76 out of 78 (0.000123814 seconds elapsed)
DetermineSGSize: MaxSubgridSize = 2000, MinSubgridEdge = 4, ncells = 43304
RebuildHierarchy[5]: Flagged 0/78 grids. 0 flagged cells
Level[1]: dt = 0.0336514  0.032447 (0.0661648/0.0661648)
Level[2]: dt = 0.0141994  0.0141994 (0.0141994/0.0336514)
Level[3]: dt = 0.00659116  0.00659116 (0.00659116/0.0141994)
Level[4]: dt = 0.00317145  0.00317145 (0.00317145/0.00659116)
Level[5]: dt = 0.00147136  0.00147136 (0.00147136/0.00317145)
RebuildHierarchy: level = 5
TransferSubgridParticles[5]: Moved 0 particles, 0 stars, 0 active particles.
DetermineSGSize: MaxSubgridSize = 2000, MinSubgridEdge = 4, ncells = 43304
RebuildHierarchy[5]: Flagged 0/78 grids. 0 flagged cells
Level[5]: dt = 0.00147075  0.00147075 (0.00294212/0.00317145)
RebuildHierarchy: level = 5
TransferSubgridParticles[5]: Moved 1 particles, 0 stars, 0 active particles.
DetermineSGSize: MaxSubgridSize = 2000, MinSubgridEdge = 4, ncells = 43304
RebuildHierarchy[5]: Flagged 0/78 grids. 0 flagged cells
Level[5]: dt = 0.000229329  0.00146638 (0.00317145/0.00317145)
EvolveLevel[5]: NumberOfSubCycles = 3 (37 total, 3 sub)
RebuildHierarchy: level = 4
TransferSubgridParticles[4]: Moved 3 particles, 0 stars, 0 active particles.
DetermineSGSize: MaxSubgridSize = 2000, MinSubgridEdge = 4, ncells = 43304
RebuildHierarchy[4]: Flagged 76/117 grids. 4498 flagged cells
LoadBalance: Number of grids moved = 76 out of 78 (0.000151992 seconds elapsed)
DetermineSGSize: MaxSubgridSize = 2000, MinSubgridEdge = 4, ncells = 43304
RebuildHierarchy[5]: Flagged 0/78 grids. 0 flagged cells
Level[4]: dt = 0.00317196  0.00317196 (0.00634341/0.00659116)
Level[5]: dt = 0.00146577  0.00146577 (0.00146577/0.00317196)
RebuildHierarchy: level = 5
TransferSubgridParticles[5]: Moved 1 particles, 0 stars, 0 active particles.
DetermineSGSize: MaxSubgridSize = 2000, MinSubgridEdge = 4, ncells = 43536
RebuildHierarchy[5]: Flagged 0/78 grids. 0 flagged cells
Level[5]: dt = 0.00146215  0.00146215 (0.00292792/0.00317196)
RebuildHierarchy: level = 5
TransferSubgridParticles[5]: Moved 3 particles, 0 stars, 0 active particles.
DetermineSGSize: MaxSubgridSize = 2000, MinSubgridEdge = 4, ncells = 43536
RebuildHierarchy[5]: Flagged 0/78 grids. 0 flagged cells
Level[5]: dt = 0.000244039  0.001459 (0.00317196/0.00317196)
EvolveLevel[5]: NumberOfSubCycles = 3 (40 total, 3 sub)
Level[4]: dt = 0.000247753  0.00317252 (0.00659116/0.00659116)
Level[5]: dt = 0.000247753  0.00145853 (0.000247753/0.000247753)
EvolveLevel[5]: NumberOfSubCycles = 1 (41 total, 1 sub)
EvolveLevel[4]: NumberOfSubCycles = 3 (19 total, 3 sub)
RebuildHierarchy: level = 3
TransferSubgridParticles[3]: Moved 26 particles, 0 stars, 0 active particles.
DetermineSGSize: MaxSubgridSize = 2000, MinSubgridEdge = 4, ncells = 55072
RebuildHierarchy[3]: Flagged 116/384 grids. 5706 flagged cells
LoadBalance: Number of grids moved = 119 out of 119 (0.00344558 seconds elapsed)
DetermineSGSize: MaxSubgridSize = 2000, MinSubgridEdge = 4, ncells = 43536
RebuildHierarchy[4]: Flagged 76/119 grids. 4499 flagged cells
LoadBalance: Number of grids moved = 76 out of 78 (0.000187036 seconds elapsed)
DetermineSGSize: MaxSubgridSize = 2000, MinSubgridEdge = 4, ncells = 43536
RebuildHierarchy[5]: Flagged 0/78 grids. 0 flagged cells
Level[3]: dt = 0.00660272  0.00660272 (0.0131939/0.0141994)
Level[4]: dt = 0.00317257  0.00317257 (0.00317257/0.00660272)
Level[5]: dt = 0.00145808  0.00145808 (0.00145808/0.00317257)
RebuildHierarchy: level = 5
TransferSubgridParticles[5]: Moved 0 particles, 0 stars, 0 active particles.
DetermineSGSize: MaxSubgridSize = 2000, MinSubgridEdge = 4, ncells = 43440
RebuildHierarchy[5]: Flagged 0/78 grids. 0 flagged cells
Level[5]: dt = 0.00145567  0.00145567 (0.00291375/0.00317257)
RebuildHierarchy: level = 5
TransferSubgridParticles[5]: Moved 0 particles, 0 stars, 0 active particles.
DetermineSGSize: MaxSubgridSize = 2000, MinSubgridEdge = 4, ncells = 43440
RebuildHierarchy[5]: Flagged 0/78 grids. 0 flagged cells
Level[5]: dt = 0.000258818  0.00145112 (0.00317257/0.00317257)
EvolveLevel[5]: NumberOfSubCycles = 3 (44 total, 3 sub)
RebuildHierarchy: level = 4
TransferSubgridParticles[4]: Moved 3 particles, 0 stars, 0 active particles.
DetermineSGSize: MaxSubgridSize = 2000, MinSubgridEdge = 4, ncells = 43440
RebuildHierarchy[4]: Flagged 76/119 grids. 4526 flagged cells
LoadBalance: Number of grids moved = 76 out of 78 (0.000185668 seconds elapsed)
DetermineSGSize: MaxSubgridSize = 2000, MinSubgridEdge = 4, ncells = 43440
RebuildHierarchy[5]: Flagged 0/78 grids. 0 flagged cells
Level[4]: dt = 0.00317321  0.00317321 (0.00634578/0.00660272)
Level[5]: dt = 0.00145016  0.00145016 (0.00145016/0.00317321)
RebuildHierarchy: level = 5
TransferSubgridParticles[5]: Moved 1 particles, 0 stars, 0 active particles.
DetermineSGSize: MaxSubgridSize = 2000, MinSubgridEdge = 4, ncells = 43608
RebuildHierarchy[5]: Flagged 0/78 grids. 0 flagged cells
Level[5]: dt = 0.00144522  0.00144522 (0.00289538/0.00317321)
RebuildHierarchy: level = 5
TransferSubgridParticles[5]: Moved 1 particles, 0 stars, 0 active particles.
DetermineSGSize: MaxSubgridSize = 2000, MinSubgridEdge = 4, ncells = 43608
RebuildHierarchy[5]: Flagged 0/78 grids. 0 flagged cells
Level[5]: dt = 0.000277832  0.00144075 (0.00317321/0.00317321)
EvolveLevel[5]: NumberOfSubCycles = 3 (47 total, 3 sub)
Level[4]: dt = 0.000256938  0.00317395 (0.00660272/0.00660272)
Level[5]: dt = 0.000256938  0.00144004 (0.000256938/0.000256938)
EvolveLevel[5]: NumberOfSubCycles = 1 (48 total, 1 sub)
EvolveLevel[4]: NumberOfSubCycles = 3 (22 total, 3 sub)
Level[3]: dt = 0.00100554  0.00661634 (0.0141994/0.0141994)
Level[4]: dt = 0.00100554  0.00317401 (0.00100554/0.00100554)
Level[5]: dt = 0.00100554  0.00143942 (0.00100554/0.00100554)
EvolveLevel[5]: NumberOfSubCycles = 1 (49 total, 1 sub)
EvolveLevel[4]: NumberOfSubCycles = 1 (23 total, 1 sub)
EvolveLevel[3]: NumberOfSubCycles = 3 (10 total, 3 sub)
P(0) -- CFRFl warn: -3.874838e-12 -3.078096e-10 1.941083e-14 -3.078290e-10 6 9 9 0 [15]
RebuildHierarchy: level = 2
TransferSubgridParticles[2]: Moved 223 particles, 0 stars, 0 active particles.
DetermineSGSize: MaxSubgridSize = 2000, MinSubgridEdge = 4, ncells = 261336
RebuildHierarchy[2]: Flagged 335/1313 grids. 21010 flagged cells
LoadBalance: Number of grids moved = 366 out of 390 (0.000127774 seconds elapsed)
DetermineSGSize: MaxSubgridSize = 2000, MinSubgridEdge = 4, ncells = 55328
RebuildHierarchy[3]: Flagged 115/390 grids. 5715 flagged cells
LoadBalance: Number of grids moved = 119 out of 119 (0.000817031 seconds elapsed)
DetermineSGSize: MaxSubgridSize = 2000, MinSubgridEdge = 4, ncells = 43608
RebuildHierarchy[4]: Flagged 76/119 grids. 4555 flagged cells
LoadBalance: Number of grids moved = 78 out of 78 (0.00284839 seconds elapsed)
DetermineSGSize: MaxSubgridSize = 2000, MinSubgridEdge = 4, ncells = 43608
RebuildHierarchy[5]: Flagged 0/78 grids. 0 flagged cells
Level[2]: dt = 0.0142511  0.0142511 (0.0284505/0.0336514)
Level[3]: dt = 0.00661873  0.00661873 (0.00661873/0.0142511)
Level[4]: dt = 0.00317426  0.00317426 (0.00317426/0.00661873)
Level[5]: dt = 0.00143706  0.00143706 (0.00143706/0.00317426)
RebuildHierarchy: level = 5
TransferSubgridParticles[5]: Moved 0 particles, 0 stars, 0 active particles.
DetermineSGSize: MaxSubgridSize = 2000, MinSubgridEdge = 4, ncells = 43912
RebuildHierarchy[5]: Flagged 0/78 grids. 0 flagged cells
Level[5]: dt = 0.0014346  0.0014346 (0.00287166/0.00317426)
RebuildHierarchy: level = 5
TransferSubgridParticles[5]: Moved 2 particles, 0 stars, 0 active particles.
DetermineSGSize: MaxSubgridSize = 2000, MinSubgridEdge = 4, ncells = 43912
RebuildHierarchy[5]: Flagged 0/78 grids. 0 flagged cells
Level[5]: dt = 0.000302605  0.00143327 (0.00317426/0.00317426)
EvolveLevel[5]: NumberOfSubCycles = 3 (52 total, 3 sub)
RebuildHierarchy: level = 4
TransferSubgridParticles[4]: Moved 2 particles, 0 stars, 0 active particles.
DetermineSGSize: MaxSubgridSize = 2000, MinSubgridEdge = 4, ncells = 43912
RebuildHierarchy[4]: Flagged 76/119 grids. 4536 flagged cells
LoadBalance: Number of grids moved = 78 out of 78 (0.00286594 seconds elapsed)
DetermineSGSize: MaxSubgridSize = 2000, MinSubgridEdge = 4, ncells = 43912
RebuildHierarchy[5]: Flagged 0/78 grids. 0 flagged cells
Level[4]: dt = 0.00317506  0.00317506 (0.00634932/0.00661873)
Level[5]: dt = 0.00143302  0.00143302 (0.00143302/0.00317506)
RebuildHierarchy: level = 5
TransferSubgridParticles[5]: Moved 0 particles, 0 stars, 0 active particles.
DetermineSGSize: MaxSubgridSize = 2000, MinSubgridEdge = 4, ncells = 43752
RebuildHierarchy[5]: Flagged 0/78 grids. 0 flagged cells
Level[5]: dt = 0.00143229  0.00143229 (0.00286532/0.00317506)
RebuildHierarchy: level = 5
TransferSubgridParticles[5]: Moved 1 particles, 0 stars, 0 active particles.
DetermineSGSize: MaxSubgridSize = 2000, MinSubgridEdge = 4, ncells = 43752
RebuildHierarchy[5]: Flagged 0/78 grids. 0 flagged cells
Level[5]: dt = 0.000309741  0.00143245 (0.00317506/0.00317506)
EvolveLevel[5]: NumberOfSubCycles = 3 (55 total, 3 sub)
Level[4]: dt = 0.000269411  0.00317588 (0.00661873/0.00661873)
Level[5]: dt = 0.000269411  0.00143249 (0.000269411/0.000269411)
EvolveLevel[5]: NumberOfSubCycles = 1 (56 total, 1 sub)
EvolveLevel[4]: NumberOfSubCycles = 3 (26 total, 3 sub)
RebuildHierarchy: level = 3
TransferSubgridParticles[3]: Moved 27 particles, 0 stars, 0 active particles.
DetermineSGSize: MaxSubgridSize = 2000, MinSubgridEdge = 4, ncells = 54952
RebuildHierarchy[3]: Flagged 115/390 grids. 5667 flagged cells
LoadBalance: Number of grids moved = 118 out of 118 (0.000974547 seconds elapsed)
DetermineSGSize: MaxSubgridSize = 2000, MinSubgridEdge = 4, ncells = 43752
RebuildHierarchy[4]: Flagged 76/118 grids. 4569 flagged cells
LoadBalance: Number of grids moved = 78 out of 78 (0.00295255 seconds elapsed)
DetermineSGSize: MaxSubgridSize = 2000, MinSubgridEdge = 4, ncells = 43752
RebuildHierarchy[5]: Flagged 0/78 grids. 0 flagged cells
Level[3]: dt = 0.00663554  0.00663554 (0.0132543/0.0142511)
Level[4]: dt = 0.00317596  0.00317596 (0.00317596/0.00663554)
Level[5]: dt = 0.00143255  0.00143255 (0.00143255/0.00317596)
RebuildHierarchy: level = 5
TransferSubgridParticles[5]: Moved 0 particles, 0 stars, 0 active particles.
DetermineSGSize: MaxSubgridSize = 2000, MinSubgridEdge = 4, ncells = 44160
RebuildHierarchy[5]: Flagged 0/78 grids. 0 flagged cells
Level[5]: dt = 0.0014334  0.0014334 (0.00286595/0.00317596)
RebuildHierarchy: level = 5
TransferSubgridParticles[5]: Moved 0 particles, 0 stars, 0 active particles.
DetermineSGSize: MaxSubgridSize = 2000, MinSubgridEdge = 4, ncells = 44160
RebuildHierarchy[5]: Flagged 0/78 grids. 0 flagged cells
Level[5]: dt = 0.000310002  0.00143425 (0.00317596/0.00317596)
EvolveLevel[5]: NumberOfSubCycles = 3 (59 total, 3 sub)
RebuildHierarchy: level = 4
TransferSubgridParticles[4]: Moved 1 particles, 0 stars, 0 active particles.
DetermineSGSize: MaxSubgridSize = 2000, MinSubgridEdge = 4, ncells = 44160
RebuildHierarchy[4]: Flagged 76/118 grids. 4561 flagged cells
LoadBalance: Number of grids moved = 78 out of 78 (0.00342499 seconds elapsed)
DetermineSGSize: MaxSubgridSize = 2000, MinSubgridEdge = 4, ncells = 44160
RebuildHierarchy[5]: Flagged 0/78 grids. 0 flagged cells
Level[4]: dt = 0.00317327  0.00317327 (0.00634923/0.00663554)
Level[5]: dt = 0.00143454  0.00143454 (0.00143454/0.00317327)
RebuildHierarchy: level = 5
TransferSubgridParticles[5]: Moved 1 particles, 0 stars, 0 active particles.
DetermineSGSize: MaxSubgridSize = 2000, MinSubgridEdge = 4, ncells = 44088
RebuildHierarchy[5]: Flagged 0/78 grids. 0 flagged cells
Level[5]: dt = 0.00143622  0.00143622 (0.00287075/0.00317327)
RebuildHierarchy: level = 5
TransferSubgridParticles[5]: Moved 0 particles, 0 stars, 0 active particles.
DetermineSGSize: MaxSubgridSize = 2000, MinSubgridEdge = 4, ncells = 44088
RebuildHierarchy[5]: Flagged 0/78 grids. 0 flagged cells
Level[5]: dt = 0.000302518  0.00143785 (0.00317327/0.00317327)
EvolveLevel[5]: NumberOfSubCycles = 3 (62 total, 3 sub)
Level[4]: dt = 0.000286314  0.00315171 (0.00663554/0.00663554)
Level[5]: dt = 0.000286314  0.00143828 (0.000286314/0.000286314)
EvolveLevel[5]: NumberOfSubCycles = 1 (63 total, 1 sub)
EvolveLevel[4]: NumberOfSubCycles = 3 (29 total, 3 sub)
Level[3]: dt = 0.000996787  0.00665386 (0.0142511/0.0142511)
Level[4]: dt = 0.000996787  0.0031505 (0.000996787/0.000996787)
Level[5]: dt = 0.000996787  0.0014387 (0.000996787/0.000996787)
EvolveLevel[5]: NumberOfSubCycles = 1 (64 total, 1 sub)
EvolveLevel[4]: NumberOfSubCycles = 1 (30 total, 1 sub)
EvolveLevel[3]: NumberOfSubCycles = 3 (13 total, 3 sub)
Level[2]: dt = 0.00520095  0.0143008 (0.0336514/0.0336514)
Level[3]: dt = 0.00520095  0.00665665 (0.00520095/0.00520095)
Level[4]: dt = 0.00314676  0.00314676 (0.00314676/0.00520095)
Level[5]: dt = 0.0014403  0.0014403 (0.0014403/0.00314676)
RebuildHierarchy: level = 5
TransferSubgridParticles[5]: Moved 1 particles, 0 stars, 0 active particles.
DetermineSGSize: MaxSubgridSize = 2000, MinSubgridEdge = 4, ncells = 44088
RebuildHierarchy[5]: Flagged 0/78 grids. 0 flagged cells
Level[5]: dt = 0.00144324  0.00144324 (0.00288354/0.00314676)
RebuildHierarchy: level = 5
TransferSubgridParticles[5]: Moved 1 particles, 0 stars, 0 active particles.
DetermineSGSize: MaxSubgridSize = 2000, MinSubgridEdge = 4, ncells = 44088
RebuildHierarchy[5]: Flagged 0/78 grids. 0 flagged cells
Level[5]: dt = 0.000263224  0.00144655 (0.00314676/0.00314676)
EvolveLevel[5]: NumberOfSubCycles = 3 (67 total, 3 sub)
RebuildHierarchy: level = 4
TransferSubgridParticles[4]: Moved 4 particles, 0 stars, 0 active particles.
DetermineSGSize: MaxSubgridSize = 2000, MinSubgridEdge = 4, ncells = 44088
RebuildHierarchy[4]: Flagged 76/118 grids. 4534 flagged cells
LoadBalance: Number of grids moved = 78 out of 78 (0.0036418 seconds elapsed)
DetermineSGSize: MaxSubgridSize = 2000, MinSubgridEdge = 4, ncells = 44088
RebuildHierarchy[5]: Flagged 0/78 grids. 0 flagged cells
Level[4]: dt = 0.00205419  0.00314073 (0.00520095/0.00520095)
Level[5]: dt = 0.0014472  0.0014472 (0.0014472/0.00205419)
RebuildHierarchy: level = 5
TransferSubgridParticles[5]: Moved 0 particles, 0 stars, 0 active particles.
DetermineSGSize: MaxSubgridSize = 2000, MinSubgridEdge = 4, ncells = 44024
RebuildHierarchy[5]: Flagged 0/78 grids. 0 flagged cells
Level[5]: dt = 0.000606992  0.00145108 (0.00205419/0.00205419)
EvolveLevel[5]: NumberOfSubCycles = 2 (69 total, 2 sub)
EvolveLevel[4]: NumberOfSubCycles = 2 (32 total, 2 sub)
EvolveLevel[3]: NumberOfSubCycles = 1 (14 total, 1 sub)
EvolveLevel[2]: NumberOfSubCycles = 3 (6 total, 3 sub)
EvolveLevel[1]: NumberOfSubCycles = 2 (2 total, 2 sub)
EvolveLevel[0]: NumberOfSubCycles = 1 (1 total, 1 sub)
CPUTime-output: Frac = 0.999994, Current = 16.559 (16.559), Stop = 2592000.000000, Last = 16.559
Level[0]: dt = 0.0662138  0.0662138 (0.0662138/0.0662138)
Level[1]: dt = 0.0323925  0.0323925 (0.0323925/0.0662138)
Level[2]: dt = 0.0143184  0.0143184 (0.0143184/0.0323925)
Level[3]: dt = 0.00665236  0.00665236 (0.00665236/0.0143184)
Level[4]: dt = 0.00311305  0.00311305 (0.00311305/0.00665236)
Level[5]: dt = 0.00145273  0.00145273 (0.00145273/0.00311305)
RebuildHierarchy: level = 5
TransferSubgridParticles[5]: Moved 1 particles, 0 stars, 0 active particles.
DetermineSGSize: MaxSubgridSize = 2000, MinSubgridEdge = 4, ncells = 44024
RebuildHierarchy[5]: Flagged 0/78 grids. 0 flagged cells
Level[5]: dt = 0.00145676  0.00145676 (0.00290949/0.00311305)
RebuildHierarchy: level = 5
TransferSubgridParticles[5]: Moved 0 particles, 0 stars, 0 active particles.
DetermineSGSize: MaxSubgridSize = 2000, MinSubgridEdge = 4, ncells = 44024
RebuildHierarchy[5]: Flagged 0/78 grids. 0 flagged cells
Level[5]: dt = 0.000203556  0.00146117 (0.00311305/0.00311305)
EvolveLevel[5]: NumberOfSubCycles = 3 (72 total, 3 sub)
RebuildHierarchy: level = 4
TransferSubgridParticles[4]: Moved 10 particles, 0 stars, 0 active particles.
DetermineSGSize: MaxSubgridSize = 2000, MinSubgridEdge = 4, ncells = 44024
RebuildHierarchy[4]: Flagged 76/118 grids. 4565 flagged cells
LoadBalance: Number of grids moved = 78 out of 78 (0.00298423 seconds elapsed)
DetermineSGSize: MaxSubgridSize = 2000, MinSubgridEdge = 4, ncells = 44024
RebuildHierarchy[5]: Flagged 0/78 grids. 0 flagged cells
Level[4]: dt = 0.0030704  0.0030704 (0.00618344/0.00665236)
Level[5]: dt = 0.00146178  0.00146178 (0.00146178/0.0030704)
RebuildHierarchy: level = 5
TransferSubgridParticles[5]: Moved 2 particles, 0 stars, 0 active particles.
DetermineSGSize: MaxSubgridSize = 2000, MinSubgridEdge = 4, ncells = 44576
RebuildHierarchy[5]: Flagged 0/78 grids. 0 flagged cells
Level[5]: dt = 0.00146464  0.00146464 (0.00292641/0.0030704)
RebuildHierarchy: level = 5
TransferSubgridParticles[5]: Moved 1 particles, 0 stars, 0 active particles.
DetermineSGSize: MaxSubgridSize = 2000, MinSubgridEdge = 4, ncells = 44576
RebuildHierarchy[5]: Flagged 0/78 grids. 0 flagged cells
Level[5]: dt = 0.000143982  0.00146103 (0.0030704/0.0030704)
EvolveLevel[5]: NumberOfSubCycles = 3 (75 total, 3 sub)
Level[4]: dt = 0.00046892  0.00304046 (0.00665236/0.00665236)
Level[5]: dt = 0.00046892  0.0014607 (0.00046892/0.00046892)
EvolveLevel[5]: NumberOfSubCycles = 1 (76 total, 1 sub)
EvolveLevel[4]: NumberOfSubCycles = 3 (35 total, 3 sub)
RebuildHierarchy: level = 3
TransferSubgridParticles[3]: Moved 93 particles, 0 stars, 0 active particles.
DetermineSGSize: MaxSubgridSize = 2000, MinSubgridEdge = 4, ncells = 54312
RebuildHierarchy[3]: Flagged 115/390 grids. 5710 flagged cells
LoadBalance: Number of grids moved = 120 out of 120 (0.00115677 seconds elapsed)
DetermineSGSize: MaxSubgridSize = 2000, MinSubgridEdge = 4, ncells = 44576
RebuildHierarchy[4]: Flagged 76/120 grids. 4531 flagged cells
LoadBalance: Number of grids moved = 78 out of 78 (0.00308087 seconds elapsed)
DetermineSGSize: MaxSubgridSize = 2000, MinSubgridEdge = 4, ncells = 44576
RebuildHierarchy[5]: Flagged 0/78 grids. 0 flagged cells
Level[3]: dt = 0.00664538  0.00664538 (0.0132977/0.0143184)
Level[4]: dt = 0.00303696  0.00303696 (0.00303696/0.00664538)
Level[5]: dt = 0.00145972  0.00145972 (0.00145972/0.00303696)
RebuildHierarchy: level = 5
TransferSubgridParticles[5]: Moved 0 particles, 0 stars, 0 active particles.
DetermineSGSize: MaxSubgridSize = 2000, MinSubgridEdge = 4, ncells = 44544
RebuildHierarchy[5]: Flagged 0/78 grids. 0 flagged cells
Level[5]: dt = 0.00145721  0.00145721 (0.00291693/0.00303696)
RebuildHierarchy: level = 5
TransferSubgridParticles[5]: Moved 0 particles, 0 stars, 0 active particles.
DetermineSGSize: MaxSubgridSize = 2000, MinSubgridEdge = 4, ncells = 44544
RebuildHierarchy[5]: Flagged 0/78 grids. 0 flagged cells
Level[5]: dt = 0.000120036  0.00145528 (0.00303696/0.00303696)
EvolveLevel[5]: NumberOfSubCycles = 3 (79 total, 3 sub)
RebuildHierarchy: level = 4
TransferSubgridParticles[4]: Moved 5 particles, 0 stars, 0 active particles.
DetermineSGSize: MaxSubgridSize = 2000, MinSubgridEdge = 4, ncells = 44544
RebuildHierarchy[4]: Flagged 76/120 grids. 4537 flagged cells
LoadBalance: Number of grids moved = 78 out of 78 (0.00299348 seconds elapsed)
DetermineSGSize: MaxSubgridSize = 2000, MinSubgridEdge = 4, ncells = 44544
RebuildHierarchy[5]: Flagged 0/78 grids. 0 flagged cells
Level[4]: dt = 0.00301859  0.00301859 (0.00605555/0.00664538)
Level[5]: dt = 0.00145515  0.00145515 (0.00145515/0.00301859)
RebuildHierarchy: level = 5
TransferSubgridParticles[5]: Moved 2 particles, 0 stars, 0 active particles.
DetermineSGSize: MaxSubgridSize = 2000, MinSubgridEdge = 4, ncells = 44400
RebuildHierarchy[5]: Flagged 0/78 grids. 0 flagged cells
Level[5]: dt = 0.00145401  0.00145401 (0.00290916/0.00301859)
RebuildHierarchy: level = 5
TransferSubgridParticles[5]: Moved 0 particles, 0 stars, 0 active particles.
DetermineSGSize: MaxSubgridSize = 2000, MinSubgridEdge = 4, ncells = 44400
RebuildHierarchy[5]: Flagged 0/78 grids. 0 flagged cells
Level[5]: dt = 0.000109431  0.00145115 (0.00301859/0.00301859)
EvolveLevel[5]: NumberOfSubCycles = 3 (82 total, 3 sub)
Level[4]: dt = 0.000589834  0.00300754 (0.00664538/0.00664538)
Level[5]: dt = 0.000589834  0.00145078 (0.000589834/0.000589834)
EvolveLevel[5]: NumberOfSubCycles = 1 (83 total, 1 sub)
EvolveLevel[4]: NumberOfSubCycles = 3 (38 total, 3 sub)
Level[3]: dt = 0.00102062  0.00664037 (0.0143184/0.0143184)
Level[4]: dt = 0.00102062  0.00300622 (0.00102062/0.00102062)
Level[5]: dt = 0.00102062  0.00144885 (0.00102062/0.00102062)
EvolveLevel[5]: NumberOfSubCycles = 1 (84 total, 1 sub)
EvolveLevel[4]: NumberOfSubCycles = 1 (39 total, 1 sub)
EvolveLevel[3]: NumberOfSubCycles = 3 (17 total, 3 sub)
RebuildHierarchy: level = 2
TransferSubgridParticles[2]: Moved 511 particles, 0 stars, 0 active particles.
DetermineSGSize: MaxSubgridSize = 2000, MinSubgridEdge = 4, ncells = 266016
RebuildHierarchy[2]: Flagged 339/1313 grids. 21056 flagged cells
LoadBalance: Number of grids moved = 363 out of 390 (0.000131559 seconds elapsed)
DetermineSGSize: MaxSubgridSize = 2000, MinSubgridEdge = 4, ncells = 54768
RebuildHierarchy[3]: Flagged 115/390 grids. 5734 flagged cells
LoadBalance: Number of grids moved = 119 out of 119 (0.0013259 seconds elapsed)
DetermineSGSize: MaxSubgridSize = 2000, MinSubgridEdge = 4, ncells = 44400
RebuildHierarchy[4]: Flagged 75/119 grids. 4482 flagged cells
LoadBalance: Number of grids moved = 77 out of 77 (0.00310941 seconds elapsed)
DetermineSGSize: MaxSubgridSize = 2000, MinSubgridEdge = 4, ncells = 44400
RebuildHierarchy[5]: Flagged 0/77 grids. 0 flagged cells
Level[2]: dt = 0.0143638  0.0143638 (0.0286822/0.0323925)
Level[3]: dt = 0.00663986  0.00663986 (0.00663986/0.0143638)
Level[4]: dt = 0.00300465  0.00300465 (0.00300465/0.00663986)
Level[5]: dt = 0.00144593  0.00144593 (0.00144593/0.00300465)
RebuildHierarchy: level = 5
TransferSubgridParticles[5]: Moved 3 particles, 0 stars, 0 active particles.
DetermineSGSize: MaxSubgridSize = 2000, MinSubgridEdge = 4, ncells = 43864
RebuildHierarchy[5]: Flagged 0/77 grids. 0 flagged cells
Level[5]: dt = 0.0014423  0.0014423 (0.00288823/0.00300465)
RebuildHierarchy: level = 5
TransferSubgridParticles[5]: Moved 0 particles, 0 stars, 0 active particles.
DetermineSGSize: MaxSubgridSize = 2000, MinSubgridEdge = 4, ncells = 43864
RebuildHierarchy[5]: Flagged 0/77 grids. 0 flagged cells
Level[5]: dt = 0.000116417  0.00143939 (0.00300465/0.00300465)
EvolveLevel[5]: NumberOfSubCycles = 3 (87 total, 3 sub)
RebuildHierarchy: level = 4
TransferSubgridParticles[4]: Moved 1 particles, 0 stars, 0 active particles.
DetermineSGSize: MaxSubgridSize = 2000, MinSubgridEdge = 4, ncells = 43864
RebuildHierarchy[4]: Flagged 75/119 grids. 4463 flagged cells
LoadBalance: Number of grids moved = 77 out of 77 (0.00296267 seconds elapsed)
DetermineSGSize: MaxSubgridSize = 2000, MinSubgridEdge = 4, ncells = 43864
RebuildHierarchy[5]: Flagged 0/77 grids. 0 flagged cells
Level[4]: dt = 0.00300348  0.00300348 (0.00600812/0.00663986)
Level[5]: dt = 0.00143921  0.00143921 (0.00143921/0.00300348)
RebuildHierarchy: level = 5
TransferSubgridParticles[5]: Moved 0 particles, 0 stars, 0 active particles.
DetermineSGSize: MaxSubgridSize = 2000, MinSubgridEdge = 4, ncells = 43808
RebuildHierarchy[5]: Flagged 0/77 grids. 0 flagged cells
Level[5]: dt = 0.00143706  0.00143706 (0.00287627/0.00300348)
RebuildHierarchy: level = 5
TransferSubgridParticles[5]: Moved 0 particles, 0 stars, 0 active particles.
DetermineSGSize: MaxSubgridSize = 2000, MinSubgridEdge = 4, ncells = 43808
RebuildHierarchy[5]: Flagged 0/77 grids. 0 flagged cells
Level[5]: dt = 0.000127209  0.00143547 (0.00300348/0.00300348)
EvolveLevel[5]: NumberOfSubCycles = 3 (90 total, 3 sub)
Level[4]: dt = 0.000631732  0.0030073 (0.00663986/0.00663986)
Level[5]: dt = 0.000631732  0.00143536 (0.000631732/0.000631732)
EvolveLevel[5]: NumberOfSubCycles = 1 (91 total, 1 sub)
EvolveLevel[4]: NumberOfSubCycles = 3 (42 total, 3 sub)
RebuildHierarchy: level = 3
TransferSubgridParticles[3]: Moved 36 particles, 0 stars, 0 active particles.
DetermineSGSize: MaxSubgridSize = 2000, MinSubgridEdge = 4, ncells = 55064
RebuildHierarchy[3]: Flagged 115/390 grids. 5734 flagged cells
LoadBalance: Number of grids moved = 119 out of 119 (0.00120469 seconds elapsed)
DetermineSGSize: MaxSubgridSize = 2000, MinSubgridEdge = 4, ncells = 43808
RebuildHierarchy[4]: Flagged 75/119 grids. 4508 flagged cells
LoadBalance: Number of grids moved = 77 out of 77 (0.00317173 seconds elapsed)
DetermineSGSize: MaxSubgridSize = 2000, MinSubgridEdge = 4, ncells = 43808
RebuildHierarchy[5]: Flagged 0/77 grids. 0 flagged cells
Level[3]: dt = 0.00663777  0.00663777 (0.0132776/0.0143638)
Level[4]: dt = 0.00300862  0.00300862 (0.00300862/0.00663777)
Level[5]: dt = 0.00143485  0.00143485 (0.00143485/0.00300862)
RebuildHierarchy: level = 5
TransferSubgridParticles[5]: Moved 1 particles, 0 stars, 0 active particles.
DetermineSGSize: MaxSubgridSize = 2000, MinSubgridEdge = 4, ncells = 44568
RebuildHierarchy[5]: Flagged 0/77 grids. 0 flagged cells
Level[5]: dt = 0.00143373  0.00143373 (0.00286857/0.00300862)
RebuildHierarchy: level = 5
TransferSubgridParticles[5]: Moved 1 particles, 0 stars, 0 active particles.
DetermineSGSize: MaxSubgridSize = 2000, MinSubgridEdge = 4, ncells = 44568
RebuildHierarchy[5]: Flagged 0/77 grids. 0 flagged cells
Level[5]: dt = 0.000140047  0.00143315 (0.00300862/0.00300862)
EvolveLevel[5]: NumberOfSubCycles = 3 (94 total, 3 sub)
RebuildHierarchy: level = 4
TransferSubgridParticles[4]: Moved 1 particles, 0 stars, 0 active particles.
DetermineSGSize: MaxSubgridSize = 2000, MinSubgridEdge = 4, ncells = 44568
RebuildHierarchy[4]: Flagged 75/119 grids. 4531 flagged cells
LoadBalance: Number of grids moved = 77 out of 77 (0.00296868 seconds elapsed)
DetermineSGSize: MaxSubgridSize = 2000, MinSubgridEdge = 4, ncells = 44568
RebuildHierarchy[5]: Flagged 0/77 grids. 0 flagged cells
Level[4]: dt = 0.003016  0.003016 (0.00602462/0.00663777)
Level[5]: dt = 0.00143312  0.00143312 (0.00143312/0.003016)
RebuildHierarchy: level = 5
TransferSubgridParticles[5]: Moved 1 particles, 0 stars, 0 active particles.
DetermineSGSize: MaxSubgridSize = 2000, MinSubgridEdge = 4, ncells = 44768
RebuildHierarchy[5]: Flagged 0/77 grids. 0 flagged cells
Level[5]: dt = 0.00143284  0.00143284 (0.00286595/0.003016)
RebuildHierarchy: level = 5
TransferSubgridParticles[5]: Moved 1 particles, 0 stars, 0 active particles.
DetermineSGSize: MaxSubgridSize = 2000, MinSubgridEdge = 4, ncells = 44768
RebuildHierarchy[5]: Flagged 0/77 grids. 0 flagged cells
Level[5]: dt = 0.000150044  0.00143311 (0.003016/0.003016)
EvolveLevel[5]: NumberOfSubCycles = 3 (97 total, 3 sub)
Level[4]: dt = 0.000613153  0.00302516 (0.00663777/0.00663777)
Level[5]: dt = 0.000613153  0.00143318 (0.000613153/0.000613153)
EvolveLevel[5]: NumberOfSubCycles = 1 (98 total, 1 sub)
EvolveLevel[4]: NumberOfSubCycles = 3 (45 total, 3 sub)
Level[3]: dt = 0.00108621  0.00664125 (0.0143638/0.0143638)
Level[4]: dt = 0.00108621  0.00302722 (0.00108621/0.00108621)
Level[5]: dt = 0.00108621  0.00143354 (0.00108621/0.00108621)
EvolveLevel[5]: NumberOfSubCycles = 1 (99 total, 1 sub)
EvolveLevel[4]: NumberOfSubCycles = 1 (46 total, 1 sub)
EvolveLevel[3]: NumberOfSubCycles = 3 (20 total, 3 sub)
Level[2]: dt = 0.00371033  0.0144033 (0.0323925/0.0323925)
Level[3]: dt = 0.00371033  0.00664193 (0.00371033/0.00371033)
Level[4]: dt = 0.00303106  0.00303106 (0.00303106/0.00371033)
Level[5]: dt = 0.00143442  0.00143442 (0.00143442/0.00303106)
RebuildHierarchy: level = 5
TransferSubgridParticles[5]: Moved 1 particles, 0 stars, 0 active particles.
DetermineSGSize: MaxSubgridSize = 2000, MinSubgridEdge = 4, ncells = 44768
RebuildHierarchy[5]: Flagged 0/77 grids. 0 flagged cells
Level[5]: dt = 0.00143606  0.00143606 (0.00287048/0.00303106)
RebuildHierarchy: level = 5
TransferSubgridParticles[5]: Moved 0 particles, 0 stars, 0 active particles.
DetermineSGSize: MaxSubgridSize = 2000, MinSubgridEdge = 4, ncells = 44768
RebuildHierarchy[5]: Flagged 0/77 grids. 0 flagged cells
Level[5]: dt = 0.000160583  0.00143829 (0.00303106/0.00303106)
EvolveLevel[5]: NumberOfSubCycles = 3 (102 total, 3 sub)
RebuildHierarchy: level = 4
TransferSubgridParticles[4]: Moved 6 particles, 0 stars, 0 active particles.
DetermineSGSize: MaxSubgridSize = 2000, MinSubgridEdge = 4, ncells = 44768
RebuildHierarchy[4]: Flagged 75/119 grids. 4496 flagged cells
LoadBalance: Number of grids moved = 77 out of 77 (0.00305108 seconds elapsed)
DetermineSGSize: MaxSubgridSize = 2000, MinSubgridEdge = 4, ncells = 44768
RebuildHierarchy[5]: Flagged 0/77 grids. 0 flagged cells
Level[4]: dt = 0.000679272  0.00304249 (0.00371033/0.00371033)
Level[5]: dt = 0.000679272  0.00143858 (0.000679272/0.000679272)
EvolveLevel[5]: NumberOfSubCycles = 1 (103 total, 1 sub)
EvolveLevel[4]: NumberOfSubCycles = 2 (48 total, 2 sub)
EvolveLevel[3]: NumberOfSubCycles = 1 (21 total, 1 sub)
EvolveLevel[2]: NumberOfSubCycles = 3 (9 total, 3 sub)
RebuildHierarchy: level = 1
TransferSubgridParticles[1]: Moved 10107 particles, 0 stars, 0 active particles.
DetermineSGSize: MaxSubgridSize = 2000, MinSubgridEdge = 4, ncells = 1253304
RebuildHierarchy[1]: Flagged 876/8390 grids. 86740 flagged cells
LoadBalance: Number of grids moved = 1313 out of 1347 (0.000433479 seconds elapsed)
DetermineSGSize: MaxSubgridSize = 2000, MinSubgridEdge = 4, ncells = 267112
RebuildHierarchy[2]: Flagged 334/1347 grids. 21115 flagged cells
LoadBalance: Number of grids moved = 369 out of 386 (0.000119597 seconds elapsed)
DetermineSGSize: MaxSubgridSize = 2000, MinSubgridEdge = 4, ncells = 55152
RebuildHierarchy[3]: Flagged 116/386 grids. 5811 flagged cells
LoadBalance: Number of grids moved = 120 out of 120 (0.00136151 seconds elapsed)
DetermineSGSize: MaxSubgridSize = 2000, MinSubgridEdge = 4, ncells = 44128
RebuildHierarchy[4]: Flagged 76/120 grids. 4509 flagged cells
LoadBalance: Number of grids moved = 78 out of 78 (0.00319475 seconds elapsed)
DetermineSGSize: MaxSubgridSize = 2000, MinSubgridEdge = 4, ncells = 44128
RebuildHierarchy[5]: Flagged 0/78 grids. 0 flagged cells
Level[1]: dt = 0.0338213  0.0323519 (0.0662138/0.0662138)
Level[2]: dt = 0.014412  0.014412 (0.014412/0.0338213)
Level[3]: dt = 0.00664373  0.00664373 (0.00664373/0.014412)
Level[4]: dt = 0.00304521  0.00304521 (0.00304521/0.00664373)
Level[5]: dt = 0.00143984  0.00143984 (0.00143984/0.00304521)
RebuildHierarchy: level = 5
TransferSubgridParticles[5]: Moved 1 particles, 0 stars, 0 active particles.
DetermineSGSize: MaxSubgridSize = 2000, MinSubgridEdge = 4, ncells = 44200
RebuildHierarchy[5]: Flagged 0/78 grids. 0 flagged cells
Level[5]: dt = 0.00144277  0.00144277 (0.00288262/0.00304521)
RebuildHierarchy: level = 5
TransferSubgridParticles[5]: Moved 2 particles, 0 stars, 0 active particles.
DetermineSGSize: MaxSubgridSize = 2000, MinSubgridEdge = 4, ncells = 44200
RebuildHierarchy[5]: Flagged 0/78 grids. 0 flagged cells
Level[5]: dt = 0.000162593  0.00144101 (0.00304521/0.00304521)
EvolveLevel[5]: NumberOfSubCycles = 3 (106 total, 3 sub)
RebuildHierarchy: level = 4
TransferSubgridParticles[4]: Moved 2 particles, 0 stars, 0 active particles.
DetermineSGSize: MaxSubgridSize = 2000, MinSubgridEdge = 4, ncells = 44200
RebuildHierarchy[4]: Flagged 76/120 grids. 4540 flagged cells
LoadBalance: Number of grids moved = 78 out of 78 (0.00296692 seconds elapsed)
DetermineSGSize: MaxSubgridSize = 2000, MinSubgridEdge = 4, ncells = 44200
RebuildHierarchy[5]: Flagged 0/78 grids. 0 flagged cells
Level[4]: dt = 0.00305781  0.00305781 (0.00610302/0.00664373)
Level[5]: dt = 0.00143996  0.00143996 (0.00143996/0.00305781)
RebuildHierarchy: level = 5
TransferSubgridParticles[5]: Moved 1 particles, 0 stars, 0 active particles.
DetermineSGSize: MaxSubgridSize = 2000, MinSubgridEdge = 4, ncells = 44536
RebuildHierarchy[5]: Flagged 0/78 grids. 0 flagged cells
Level[5]: dt = 0.001431  0.001431 (0.00287096/0.00305781)
RebuildHierarchy: level = 5
TransferSubgridParticles[5]: Moved 1 particles, 0 stars, 0 active particles.
DetermineSGSize: MaxSubgridSize = 2000, MinSubgridEdge = 4, ncells = 44536
RebuildHierarchy[5]: Flagged 0/78 grids. 0 flagged cells
Level[5]: dt = 0.000186845  0.00142389 (0.00305781/0.00305781)
EvolveLevel[5]: NumberOfSubCycles = 3 (109 total, 3 sub)
Level[4]: dt = 0.000540714  0.00307071 (0.00664373/0.00664373)
Level[5]: dt = 0.000540714  0.00142306 (0.000540714/0.000540714)
EvolveLevel[5]: NumberOfSubCycles = 1 (110 total, 1 sub)
EvolveLevel[4]: NumberOfSubCycles = 3 (51 total, 3 sub)
RebuildHierarchy: level = 3
TransferSubgridParticles[3]: Moved 36 particles, 0 stars, 0 active particles.
DetermineSGSize: MaxSubgridSize = 2000, MinSubgridEdge = 4, ncells = 56008
RebuildHierarchy[3]: Flagged 115/386 grids. 5785 flagged cells
LoadBalance: Number of grids moved = 120 out of 120 (0.0011576 seconds elapsed)
DetermineSGSize: MaxSubgridSize = 2000, MinSubgridEdge = 4, ncells = 44536
RebuildHierarchy[4]: Flagged 75/120 grids. 4557 flagged cells
LoadBalance: Number of grids moved = 77 out of 77 (0.00335201 seconds elapsed)
DetermineSGSize: MaxSubgridSize = 2000, MinSubgridEdge = 4, ncells = 44536
RebuildHierarchy[5]: Flagged 0/77 grids. 0 flagged cells
Level[3]: dt = 0.00664716  0.00664716 (0.0132909/0.014412)
Level[4]: dt = 0.00307299  0.00307299 (0.00307299/0.00664716)
Level[5]: dt = 0.00142074  0.00142074 (0.00142074/0.00307299)
RebuildHierarchy: level = 5
TransferSubgridParticles[5]: Moved 1 particles, 0 stars, 0 active particles.
DetermineSGSize: MaxSubgridSize = 2000, MinSubgridEdge = 4, ncells = 45192
RebuildHierarchy[5]: Flagged 0/77 grids. 0 flagged cells
Level[5]: dt = 0.00141574  0.00141574 (0.00283648/0.00307299)
RebuildHierarchy: level = 5
TransferSubgridParticles[5]: Moved 2 particles, 0 stars, 0 active particles.
DetermineSGSize: MaxSubgridSize = 2000, MinSubgridEdge = 4, ncells = 45192
RebuildHierarchy[5]: Flagged 0/77 grids. 0 flagged cells
Level[5]: dt = 0.000236511  0.00141136 (0.00307299/0.00307299)
EvolveLevel[5]: NumberOfSubCycles = 3 (113 total, 3 sub)
RebuildHierarchy: level = 4
TransferSubgridParticles[4]: Moved 3 particles, 0 stars, 0 active particles.
DetermineSGSize: MaxSubgridSize = 2000, MinSubgridEdge = 4, ncells = 45192
RebuildHierarchy[4]: Flagged 75/120 grids. 4547 flagged cells
LoadBalance: Number of grids moved = 77 out of 77 (0.00316047 seconds elapsed)
DetermineSGSize: MaxSubgridSize = 2000, MinSubgridEdge = 4, ncells = 45192
RebuildHierarchy[5]: Flagged 0/77 grids. 0 flagged cells
Level[4]: dt = 0.00304623  0.00304623 (0.00611922/0.00664716)
Level[5]: dt = 0.00141076  0.00141076 (0.00141076/0.00304623)
RebuildHierarchy: level = 5
TransferSubgridParticles[5]: Moved 1 particles, 0 stars, 0 active particles.
DetermineSGSize: MaxSubgridSize = 2000, MinSubgridEdge = 4, ncells = 45232
RebuildHierarchy[5]: Flagged 0/77 grids. 0 flagged cells
Level[5]: dt = 0.00140786  0.00140786 (0.00281861/0.00304623)
RebuildHierarchy: level = 5
TransferSubgridParticles[5]: Moved 0 particles, 0 stars, 0 active particles.
DetermineSGSize: MaxSubgridSize = 2000, MinSubgridEdge = 4, ncells = 45232
RebuildHierarchy[5]: Flagged 0/77 grids. 0 flagged cells
Level[5]: dt = 0.000227614  0.0014054 (0.00304623/0.00304623)
EvolveLevel[5]: NumberOfSubCycles = 3 (116 total, 3 sub)
Level[4]: dt = 0.000527944  0.00301287 (0.00664716/0.00664716)
Level[5]: dt = 0.000527944  0.00140508 (0.000527944/0.000527944)
EvolveLevel[5]: NumberOfSubCycles = 1 (117 total, 1 sub)
EvolveLevel[4]: NumberOfSubCycles = 3 (54 total, 3 sub)
Level[3]: dt = 0.00112112  0.00665087 (0.014412/0.014412)
Level[4]: dt = 0.00112112  0.00300656 (0.00112112/0.00112112)
Level[5]: dt = 0.00112112  0.00140443 (0.00112112/0.00112112)
EvolveLevel[5]: NumberOfSubCycles = 1 (118 total, 1 sub)
EvolveLevel[4]: NumberOfSubCycles = 1 (55 total, 1 sub)
EvolveLevel[3]: NumberOfSubCycles = 3 (24 total, 3 sub)
RebuildHierarchy: level = 2
TransferSubgridParticles[2]: Moved 219 particles, 0 stars, 0 active particles.
DetermineSGSize: MaxSubgridSize = 2000, MinSubgridEdge = 4, ncells = 271232
RebuildHierarchy[2]: Flagged 338/1347 grids. 21241 flagged cells
LoadBalance: Number of grids moved = 370 out of 392 (0.00012603 seconds elapsed)
DetermineSGSize: MaxSubgridSize = 2000, MinSubgridEdge = 4, ncells = 55592
RebuildHierarchy[3]: Flagged 117/392 grids. 5792 flagged cells
LoadBalance: Number of grids moved = 120 out of 121 (5.06341e-05 seconds elapsed)
DetermineSGSize: MaxSubgridSize = 2000, MinSubgridEdge = 4, ncells = 45232
RebuildHierarchy[4]: Flagged 77/121 grids. 4630 flagged cells
LoadBalance: Number of grids moved = 78 out of 79 (0.00279721 seconds elapsed)
DetermineSGSize: MaxSubgridSize = 2000, MinSubgridEdge = 4, ncells = 45232
RebuildHierarchy[5]: Flagged 0/79 grids. 0 flagged cells
Level[2]: dt = 0.0144452  0.0144452 (0.0288572/0.0338213)
Level[3]: dt = 0.00665188  0.00665188 (0.00665188/0.0144452)
Level[4]: dt = 0.0029932  0.0029932 (0.0029932/0.00665188)
Level[5]: dt = 0.00140318  0.00140318 (0.00140318/0.0029932)
RebuildHierarchy: level = 5
TransferSubgridParticles[5]: Moved 0 particles, 0 stars, 0 active particles.
DetermineSGSize: MaxSubgridSize = 2000, MinSubgridEdge = 4, ncells = 46024
RebuildHierarchy[5]: Flagged 0/79 grids. 0 flagged cells
Level[5]: dt = 0.0014021  0.0014021 (0.00280529/0.0029932)
RebuildHierarchy: level = 5
TransferSubgridParticles[5]: Moved 1 particles, 0 stars, 0 active particles.
DetermineSGSize: MaxSubgridSize = 2000, MinSubgridEdge = 4, ncells = 46024
RebuildHierarchy[5]: Flagged 0/79 grids. 0 flagged cells
Level[5]: dt = 0.000187908  0.00140145 (0.0029932/0.0029932)
EvolveLevel[5]: NumberOfSubCycles = 3 (121 total, 3 sub)
RebuildHierarchy: level = 4
TransferSubgridParticles[4]: Moved 2 particles, 0 stars, 0 active particles.
DetermineSGSize: MaxSubgridSize = 2000, MinSubgridEdge = 4, ncells = 46024
RebuildHierarchy[4]: Flagged 77/121 grids. 4647 flagged cells
LoadBalance: Number of grids moved = 78 out of 79 (0.00224172 seconds elapsed)
DetermineSGSize: MaxSubgridSize = 2000, MinSubgridEdge = 4, ncells = 46024
RebuildHierarchy[5]: Flagged 0/79 grids. 0 flagged cells
Level[4]: dt = 0.00296113  0.00296113 (0.00595433/0.00665188)
Level[5]: dt = 0.00140141  0.00140141 (0.00140141/0.00296113)
RebuildHierarchy: level = 5
TransferSubgridParticles[5]: Moved 0 particles, 0 stars, 0 active particles.
DetermineSGSize: MaxSubgridSize = 2000, MinSubgridEdge = 4, ncells = 45896
RebuildHierarchy[5]: Flagged 0/79 grids. 0 flagged cells
Level[5]: dt = 0.00140158  0.00140158 (0.00280299/0.00296113)
RebuildHierarchy: level = 5
TransferSubgridParticles[5]: Moved 3 particles, 0 stars, 0 active particles.
DetermineSGSize: MaxSubgridSize = 2000, MinSubgridEdge = 4, ncells = 45896
RebuildHierarchy[5]: Flagged 0/79 grids. 0 flagged cells
Level[5]: dt = 0.000158149  0.00140213 (0.00296113/0.00296113)
EvolveLevel[5]: NumberOfSubCycles = 3 (124 total, 3 sub)
Level[4]: dt = 0.000697552  0.00293657 (0.00665188/0.00665188)
Level[5]: dt = 0.000697552  0.00140224 (0.000697552/0.000697552)
EvolveLevel[5]: NumberOfSubCycles = 1 (125 total, 1 sub)
EvolveLevel[4]: NumberOfSubCycles = 3 (58 total, 3 sub)
RebuildHierarchy: level = 3
TransferSubgridParticles[3]: Moved 31 particles, 0 stars, 0 active particles.
DetermineSGSize: MaxSubgridSize = 2000, MinSubgridEdge = 4, ncells = 55936
RebuildHierarchy[3]: Flagged 120/392 grids. 5872 flagged cells
LoadBalance: Number of grids moved = 123 out of 124 (5.1789e-05 seconds elapsed)
DetermineSGSize: MaxSubgridSize = 2000, MinSubgridEdge = 4, ncells = 45896
RebuildHierarchy[4]: Flagged 77/124 grids. 4654 flagged cells
LoadBalance: Number of grids moved = 78 out of 79 (0.0028871 seconds elapsed)
DetermineSGSize: MaxSubgridSize = 2000, MinSubgridEdge = 4, ncells = 45896
RebuildHierarchy[5]: Flagged 0/79 grids. 0 flagged cells
Level[3]: dt = 0.00665813  0.00665813 (0.01331/0.0144452)
Level[4]: dt = 0.00293206  0.00293206 (0.00293206/0.00665813)
Level[5]: dt = 0.00140287  0.00140287 (0.00140287/0.00293206)
RebuildHierarchy: level = 5
TransferSubgridParticles[5]: Moved 2 particles, 0 stars, 0 active particles.
DetermineSGSize: MaxSubgridSize = 2000, MinSubgridEdge = 4, ncells = 46224
RebuildHierarchy[5]: Flagged 0/79 grids. 0 flagged cells
Level[5]: dt = 0.00140443  0.00140443 (0.00280729/0.00293206)
RebuildHierarchy: level = 5
TransferSubgridParticles[5]: Moved 1 particles, 0 stars, 0 active particles.
DetermineSGSize: MaxSubgridSize = 2000, MinSubgridEdge = 4, ncells = 46224
RebuildHierarchy[5]: Flagged 0/79 grids. 0 flagged cells
Level[5]: dt = 0.000124763  0.00140669 (0.00293206/0.00293206)
EvolveLevel[5]: NumberOfSubCycles = 3 (128 total, 3 sub)
RebuildHierarchy: level = 4
TransferSubgridParticles[4]: Moved 1 particles, 0 stars, 0 active particles.
DetermineSGSize: MaxSubgridSize = 2000, MinSubgridEdge = 4, ncells = 46224
RebuildHierarchy[4]: Flagged 77/124 grids. 4652 flagged cells
LoadBalance: Number of grids moved = 78 out of 79 (0.00226528 seconds elapsed)
DetermineSGSize: MaxSubgridSize = 2000, MinSubgridEdge = 4, ncells = 46224
RebuildHierarchy[5]: Flagged 0/79 grids. 0 flagged cells
Level[4]: dt = 0.00291828  0.00291828 (0.00585034/0.00665813)
Level[5]: dt = 0.0014069  0.0014069 (0.0014069/0.00291828)
RebuildHierarchy: level = 5
TransferSubgridParticles[5]: Moved 2 particles, 0 stars, 0 active particles.
DetermineSGSize: MaxSubgridSize = 2000, MinSubgridEdge = 4, ncells = 46224
RebuildHierarchy[5]: Flagged 0/79 grids. 0 flagged cells
Level[5]: dt = 0.00140961  0.00140961 (0.00281651/0.00291828)
RebuildHierarchy: level = 5
TransferSubgridParticles[5]: Moved 2 particles, 0 stars, 0 active particles.
DetermineSGSize: MaxSubgridSize = 2000, MinSubgridEdge = 4, ncells = 46224
RebuildHierarchy[5]: Flagged 0/79 grids. 0 flagged cells
Level[5]: dt = 0.000101771  0.00141307 (0.00291828/0.00291828)
EvolveLevel[5]: NumberOfSubCycles = 3 (131 total, 3 sub)
Level[4]: dt = 0.000807789  0.00291356 (0.00665813/0.00665813)
Level[5]: dt = 0.000807789  0.00141333 (0.000807789/0.000807789)
EvolveLevel[5]: NumberOfSubCycles = 1 (132 total, 1 sub)
EvolveLevel[4]: NumberOfSubCycles = 3 (61 total, 3 sub)
Level[3]: dt = 0.00113516  0.00666612 (0.0144452/0.0144452)
Level[4]: dt = 0.00113516  0.00291381 (0.00113516/0.00113516)
Level[5]: dt = 0.00113516  0.00141553 (0.00113516/0.00113516)
EvolveLevel[5]: NumberOfSubCycles = 1 (133 total, 1 sub)
EvolveLevel[4]: NumberOfSubCycles = 1 (62 total, 1 sub)
EvolveLevel[3]: NumberOfSubCycles = 3 (27 total, 3 sub)
Level[2]: dt = 0.00496409  0.0144793 (0.0338213/0.0338213)
Level[3]: dt = 0.00496409  0.00666775 (0.00496409/0.00496409)
Level[4]: dt = 0.00291506  0.00291506 (0.00291506/0.00496409)
Level[5]: dt = 0.00141895  0.00141895 (0.00141895/0.00291506)
RebuildHierarchy: level = 5
TransferSubgridParticles[5]: Moved 2 particles, 0 stars, 0 active particles.
DetermineSGSize: MaxSubgridSize = 2000, MinSubgridEdge = 4, ncells = 46224
RebuildHierarchy[5]: Flagged 0/79 grids. 0 flagged cells
Level[5]: dt = 0.00142322  0.00142322 (0.00284216/0.00291506)
RebuildHierarchy: level = 5
TransferSubgridParticles[5]: Moved 3 particles, 0 stars, 0 active particles.
DetermineSGSize: MaxSubgridSize = 2000, MinSubgridEdge = 4, ncells = 46224
RebuildHierarchy[5]: Flagged 0/79 grids. 0 flagged cells
Level[5]: dt = 7.29001e-05  0.00141902 (0.00291506/0.00291506)
EvolveLevel[5]: NumberOfSubCycles = 3 (136 total, 3 sub)
RebuildHierarchy: level = 4
TransferSubgridParticles[4]: Moved 7 particles, 0 stars, 0 active particles.
DetermineSGSize: MaxSubgridSize = 2000, MinSubgridEdge = 4, ncells = 46224
RebuildHierarchy[4]: Flagged 77/124 grids. 4606 flagged cells
LoadBalance: Number of grids moved = 78 out of 79 (0.00193551 seconds elapsed)
DetermineSGSize: MaxSubgridSize = 2000, MinSubgridEdge = 4, ncells = 46224
RebuildHierarchy[5]: Flagged 0/79 grids. 0 flagged cells
Level[4]: dt = 0.00204903  0.0029235 (0.00496409/0.00496409)
Level[5]: dt = 0.00141881  0.00141881 (0.00141881/0.00204903)
RebuildHierarchy: level = 5
TransferSubgridParticles[5]: Moved 1 particles, 0 stars, 0 active particles.
DetermineSGSize: MaxSubgridSize = 2000, MinSubgridEdge = 4, ncells = 45632
RebuildHierarchy[5]: Flagged 0/79 grids. 0 flagged cells
Level[5]: dt = 0.000630225  0.00141497 (0.00204903/0.00204903)
EvolveLevel[5]: NumberOfSubCycles = 2 (138 total, 2 sub)
EvolveLevel[4]: NumberOfSubCycles = 2 (64 total, 2 sub)
EvolveLevel[3]: NumberOfSubCycles = 1 (28 total, 1 sub)
EvolveLevel[2]: NumberOfSubCycles = 3 (12 total, 3 sub)
EvolveLevel[1]: NumberOfSubCycles = 2 (4 total, 2 sub)
EvolveLevel[0]: NumberOfSubCycles = 1 (2 total, 2 sub)
RebuildHierarchy: level = 0
CommunicationTransferParticles: moved = 338684
CommunicationTransferStars: moved = 0
CommunicationTransferActiveParticles: moved = 0
DetermineSGSize: MaxSubgridSize = 2703, MinSubgridEdge = 4, ncells = 12111096
RebuildHierarchy[0]: Flagged 744/1120 grids. 768589 flagged cells
LoadBalance: Number of grids moved = 8423 out of 8500 (0.490305 seconds elapsed)
DetermineSGSize: MaxSubgridSize = 2000, MinSubgridEdge = 4, ncells = 1272272
RebuildHierarchy[1]: Flagged 872/8500 grids. 87387 flagged cells
LoadBalance: Number of grids moved = 1322 out of 1346 (0.000424799 seconds elapsed)
DetermineSGSize: MaxSubgridSize = 2000, MinSubgridEdge = 4, ncells = 271640
RebuildHierarchy[2]: Flagged 329/1346 grids. 20983 flagged cells
LoadBalance: Number of grids moved = 359 out of 381 (0.00011944 seconds elapsed)
DetermineSGSize: MaxSubgridSize = 2000, MinSubgridEdge = 4, ncells = 56272
RebuildHierarchy[3]: Flagged 119/381 grids. 5870 flagged cells
LoadBalance: Number of grids moved = 123 out of 124 (5.26905e-05 seconds elapsed)
DetermineSGSize: MaxSubgridSize = 2000, MinSubgridEdge = 4, ncells = 45632
RebuildHierarchy[4]: Flagged 77/124 grids. 4632 flagged cells
LoadBalance: Number of grids moved = 78 out of 79 (0.00213742 seconds elapsed)
DetermineSGSize: MaxSubgridSize = 2000, MinSubgridEdge = 4, ncells = 45632
RebuildHierarchy[5]: Flagged 0/79 grids. 0 flagged cells
CPUTime-output: Frac = 0.999995, Current = 31.5151 (30.0832), Stop = 2592000.000000, Last = 13.5242
Level[0]: dt = 0.0662517  0.0662517 (0.0662517/0.0662517)
PrepareGreens: Start = 0 52 0  Dim = 32 50 36
PrepareGreens: Start = 0 0 36  Dim = 32 52 38
PrepareGreens: Start = 0 52 36  Dim = 32 50 38
PrepareGreens: Start = 0 0 0  Dim = 32 52 36
Level[1]: dt = 0.0323196  0.0323196 (0.0323196/0.0662517)
Level[2]: dt = 0.0144913  0.0144913 (0.0144913/0.0323196)
Level[3]: dt = 0.00667612  0.00667612 (0.00667612/0.0144913)
Level[4]: dt = 0.00293311  0.00293311 (0.00293311/0.00667612)
Level[5]: dt = 0.00141341  0.00141341 (0.00141341/0.00293311)
RebuildHierarchy: level = 5
TransferSubgridParticles[5]: Moved 50 particles, 0 stars, 0 active particles.
DetermineSGSize: MaxSubgridSize = 2000, MinSubgridEdge = 4, ncells = 45824
RebuildHierarchy[5]: Flagged 0/79 grids. 0 flagged cells
Level[5]: dt = 0.00141027  0.00141027 (0.00282368/0.00293311)
RebuildHierarchy: level = 5
TransferSubgridParticles[5]: Moved 1 particles, 0 stars, 0 active particles.
DetermineSGSize: MaxSubgridSize = 2000, MinSubgridEdge = 4, ncells = 45824
RebuildHierarchy[5]: Flagged 0/79 grids. 0 flagged cells
Level[5]: dt = 0.000109426  0.00140791 (0.00293311/0.00293311)
EvolveLevel[5]: NumberOfSubCycles = 3 (141 total, 3 sub)
RebuildHierarchy: level = 4
TransferSubgridParticles[4]: Moved 95 particles, 0 stars, 0 active particles.
DetermineSGSize: MaxSubgridSize = 2000, MinSubgridEdge = 4, ncells = 45824
RebuildHierarchy[4]: Flagged 77/124 grids. 4623 flagged cells
LoadBalance: Number of grids moved = 78 out of 79 (0.00163139 seconds elapsed)
DetermineSGSize: MaxSubgridSize = 2000, MinSubgridEdge = 4, ncells = 45824
RebuildHierarchy[5]: Flagged 0/79 grids. 0 flagged cells
Level[4]: dt = 0.00294966  0.00294966 (0.00588277/0.00667612)
Level[5]: dt = 0.00140775  0.00140775 (0.00140775/0.00294966)
RebuildHierarchy: level = 5
TransferSubgridParticles[5]: Moved 1 particles, 0 stars, 0 active particles.
DetermineSGSize: MaxSubgridSize = 2000, MinSubgridEdge = 4, ncells = 45768
RebuildHierarchy[5]: Flagged 0/79 grids. 0 flagged cells
Level[5]: dt = 0.00140608  0.00140608 (0.00281383/0.00294966)
RebuildHierarchy: level = 5
TransferSubgridParticles[5]: Moved 1 particles, 0 stars, 0 active particles.
DetermineSGSize: MaxSubgridSize = 2000, MinSubgridEdge = 4, ncells = 45768
RebuildHierarchy[5]: Flagged 0/79 grids. 0 flagged cells
Level[5]: dt = 0.000135828  0.00140494 (0.00294966/0.00294966)
EvolveLevel[5]: NumberOfSubCycles = 3 (144 total, 3 sub)
Level[4]: dt = 0.000793351  0.00296741 (0.00667612/0.00667612)
Level[5]: dt = 0.000793351  0.00140485 (0.000793351/0.000793351)
EvolveLevel[5]: NumberOfSubCycles = 1 (145 total, 1 sub)
EvolveLevel[4]: NumberOfSubCycles = 3 (67 total, 3 sub)
RebuildHierarchy: level = 3
TransferSubgridParticles[3]: Moved 574 particles, 0 stars, 0 active particles.
DetermineSGSize: MaxSubgridSize = 2000, MinSubgridEdge = 4, ncells = 55800
RebuildHierarchy[3]: Flagged 117/381 grids. 5799 flagged cells
LoadBalance: Number of grids moved = 120 out of 121 (4.44353e-05 seconds elapsed)
DetermineSGSize: MaxSubgridSize = 2000, MinSubgridEdge = 4, ncells = 45768
RebuildHierarchy[4]: Flagged 77/121 grids. 4618 flagged cells
LoadBalance: Number of grids moved = 79 out of 79 (0.00316086 seconds elapsed)
DetermineSGSize: MaxSubgridSize = 2000, MinSubgridEdge = 4, ncells = 45768
RebuildHierarchy[5]: Flagged 0/79 grids. 0 flagged cells
Level[3]: dt = 0.00668829  0.00668829 (0.0133644/0.0144913)
Level[4]: dt = 0.00297208  0.00297208 (0.00297208/0.00668829)
Level[5]: dt = 0.00140446  0.00140446 (0.00140446/0.00297208)
RebuildHierarchy: level = 5
TransferSubgridParticles[5]: Moved 2 particles, 0 stars, 0 active particles.
DetermineSGSize: MaxSubgridSize = 2000, MinSubgridEdge = 4, ncells = 45744
RebuildHierarchy[5]: Flagged 0/79 grids. 0 flagged cells
Level[5]: dt = 0.00140409  0.00140409 (0.00280855/0.00297208)
RebuildHierarchy: level = 5
TransferSubgridParticles[5]: Moved 0 particles, 0 stars, 0 active particles.
DetermineSGSize: MaxSubgridSize = 2000, MinSubgridEdge = 4, ncells = 45744
RebuildHierarchy[5]: Flagged 0/79 grids. 0 flagged cells
Level[5]: dt = 0.000163528  0.0014042 (0.00297208/0.00297208)
EvolveLevel[5]: NumberOfSubCycles = 3 (148 total, 3 sub)
RebuildHierarchy: level = 4
TransferSubgridParticles[4]: Moved 8 particles, 0 stars, 0 active particles.
DetermineSGSize: MaxSubgridSize = 2000, MinSubgridEdge = 4, ncells = 45744
RebuildHierarchy[4]: Flagged 77/121 grids. 4620 flagged cells
LoadBalance: Number of grids moved = 79 out of 79 (0.00268941 seconds elapsed)
DetermineSGSize: MaxSubgridSize = 2000, MinSubgridEdge = 4, ncells = 45744
RebuildHierarchy[5]: Flagged 0/79 grids. 0 flagged cells
Level[4]: dt = 0.00298925  0.00298925 (0.00596132/0.00668829)
Level[5]: dt = 0.00140423  0.00140423 (0.00140423/0.00298925)
RebuildHierarchy: level = 5
TransferSubgridParticles[5]: Moved 0 particles, 0 stars, 0 active particles.
DetermineSGSize: MaxSubgridSize = 2000, MinSubgridEdge = 4, ncells = 45824
RebuildHierarchy[5]: Flagged 0/79 grids. 0 flagged cells
Level[5]: dt = 0.00140484  0.00140484 (0.00280908/0.00298925)
RebuildHierarchy: level = 5
TransferSubgridParticles[5]: Moved 0 particles, 0 stars, 0 active particles.
DetermineSGSize: MaxSubgridSize = 2000, MinSubgridEdge = 4, ncells = 45824
RebuildHierarchy[5]: Flagged 0/79 grids. 0 flagged cells
Level[5]: dt = 0.00018017  0.00140624 (0.00298925/0.00298925)
EvolveLevel[5]: NumberOfSubCycles = 3 (151 total, 3 sub)
Level[4]: dt = 0.000726963  0.00300499 (0.00668829/0.00668829)
Level[5]: dt = 0.000726963  0.00140644 (0.000726963/0.000726963)
EvolveLevel[5]: NumberOfSubCycles = 1 (152 total, 1 sub)
EvolveLevel[4]: NumberOfSubCycles = 3 (70 total, 3 sub)
Level[3]: dt = 0.00112692  0.00670124 (0.0144913/0.0144913)
Level[4]: dt = 0.00112692  0.00300856 (0.00112692/0.00112692)
Level[5]: dt = 0.00112692  0.00140734 (0.00112692/0.00112692)
EvolveLevel[5]: NumberOfSubCycles = 1 (153 total, 1 sub)
EvolveLevel[4]: NumberOfSubCycles = 1 (71 total, 1 sub)
EvolveLevel[3]: NumberOfSubCycles = 3 (31 total, 3 sub)
RebuildHierarchy: level = 2
TransferSubgridParticles[2]: Moved 7787 particles, 0 stars, 0 active particles.
DetermineSGSize: MaxSubgridSize = 2000, MinSubgridEdge = 4, ncells = 267320
RebuildHierarchy[2]: Flagged 336/1346 grids. 21306 flagged cells
LoadBalance: Number of grids moved = 366 out of 387 (0.00012764 seconds elapsed)
DetermineSGSize: MaxSubgridSize = 2000, MinSubgridEdge = 4, ncells = 55128
RebuildHierarchy[3]: Flagged 118/387 grids. 5859 flagged cells
LoadBalance: Number of grids moved = 121 out of 122 (4.28446e-05 seconds elapsed)
DetermineSGSize: MaxSubgridSize = 2000, MinSubgridEdge = 4, ncells = 45824
RebuildHierarchy[4]: Flagged 77/122 grids. 4630 flagged cells
LoadBalance: Number of grids moved = 79 out of 79 (0.00319741 seconds elapsed)
DetermineSGSize: MaxSubgridSize = 2000, MinSubgridEdge = 4, ncells = 45824
RebuildHierarchy[5]: Flagged 0/79 grids. 0 flagged cells
Level[2]: dt = 0.0145258  0.0145258 (0.0290171/0.0323196)
Level[3]: dt = 0.00670336  0.00670336 (0.00670336/0.0145258)
Level[4]: dt = 0.0030138  0.0030138 (0.0030138/0.00670336)
Level[5]: dt = 0.0014091  0.0014091 (0.0014091/0.0030138)
RebuildHierarchy: level = 5
TransferSubgridParticles[5]: Moved 0 particles, 0 stars, 0 active particles.
DetermineSGSize: MaxSubgridSize = 2000, MinSubgridEdge = 4, ncells = 45928
RebuildHierarchy[5]: Flagged 0/79 grids. 0 flagged cells
Level[5]: dt = 0.00141161  0.00141161 (0.00282071/0.0030138)
RebuildHierarchy: level = 5
TransferSubgridParticles[5]: Moved 1 particles, 0 stars, 0 active particles.
DetermineSGSize: MaxSubgridSize = 2000, MinSubgridEdge = 4, ncells = 45928
RebuildHierarchy[5]: Flagged 0/79 grids. 0 flagged cells
Level[5]: dt = 0.000193083  0.00141434 (0.0030138/0.0030138)
EvolveLevel[5]: NumberOfSubCycles = 3 (156 total, 3 sub)
RebuildHierarchy: level = 4
TransferSubgridParticles[4]: Moved 4 particles, 0 stars, 0 active particles.
DetermineSGSize: MaxSubgridSize = 2000, MinSubgridEdge = 4, ncells = 45928
RebuildHierarchy[4]: Flagged 78/122 grids. 4723 flagged cells
LoadBalance: Number of grids moved = 80 out of 80 (0.00267524 seconds elapsed)
DetermineSGSize: MaxSubgridSize = 2000, MinSubgridEdge = 4, ncells = 45928
RebuildHierarchy[5]: Flagged 0/80 grids. 0 flagged cells
Level[4]: dt = 0.00301664  0.00301664 (0.00603043/0.00670336)
Level[5]: dt = 0.00141472  0.00141472 (0.00141472/0.00301664)
RebuildHierarchy: level = 5
TransferSubgridParticles[5]: Moved 1 particles, 0 stars, 0 active particles.
DetermineSGSize: MaxSubgridSize = 2000, MinSubgridEdge = 4, ncells = 46952
RebuildHierarchy[5]: Flagged 0/80 grids. 0 flagged cells
Level[5]: dt = 0.0014178  0.0014178 (0.00283252/0.00301664)
RebuildHierarchy: level = 5
TransferSubgridParticles[5]: Moved 1 particles, 0 stars, 0 active particles.
DetermineSGSize: MaxSubgridSize = 2000, MinSubgridEdge = 4, ncells = 46952
RebuildHierarchy[5]: Flagged 0/80 grids. 0 flagged cells
Level[5]: dt = 0.000184116  0.00142091 (0.00301664/0.00301664)
EvolveLevel[5]: NumberOfSubCycles = 3 (159 total, 3 sub)
Level[4]: dt = 0.000672929  0.00299831 (0.00670336/0.00670336)
Level[5]: dt = 0.000672929  0.0014213 (0.000672929/0.000672929)
EvolveLevel[5]: NumberOfSubCycles = 1 (160 total, 1 sub)
EvolveLevel[4]: NumberOfSubCycles = 3 (74 total, 3 sub)
RebuildHierarchy: level = 3
TransferSubgridParticles[3]: Moved 39 particles, 0 stars, 0 active particles.
DetermineSGSize: MaxSubgridSize = 2000, MinSubgridEdge = 4, ncells = 56096
RebuildHierarchy[3]: Flagged 118/387 grids. 5849 flagged cells
LoadBalance: Number of grids moved = 121 out of 122 (4.59552e-05 seconds elapsed)
DetermineSGSize: MaxSubgridSize = 2000, MinSubgridEdge = 4, ncells = 46952
RebuildHierarchy[4]: Flagged 77/122 grids. 4690 flagged cells
LoadBalance: Number of grids moved = 79 out of 79 (0.0031793 seconds elapsed)
DetermineSGSize: MaxSubgridSize = 2000, MinSubgridEdge = 4, ncells = 46952
RebuildHierarchy[5]: Flagged 0/79 grids. 0 flagged cells
Level[3]: dt = 0.00671747  0.00671747 (0.0134208/0.0145258)
Level[4]: dt = 0.00299493  0.00299493 (0.00299493/0.00671747)
Level[5]: dt = 0.00142274  0.00142274 (0.00142274/0.00299493)
RebuildHierarchy: level = 5
TransferSubgridParticles[5]: Moved 0 particles, 0 stars, 0 active particles.
DetermineSGSize: MaxSubgridSize = 2000, MinSubgridEdge = 4, ncells = 46576
RebuildHierarchy[5]: Flagged 0/79 grids. 0 flagged cells
Level[5]: dt = 0.00142111  0.00142111 (0.00284385/0.00299493)
RebuildHierarchy: level = 5
TransferSubgridParticles[5]: Moved 0 particles, 0 stars, 0 active particles.
DetermineSGSize: MaxSubgridSize = 2000, MinSubgridEdge = 4, ncells = 46576
RebuildHierarchy[5]: Flagged 0/79 grids. 0 flagged cells
Level[5]: dt = 0.000151078  0.00141967 (0.00299493/0.00299493)
EvolveLevel[5]: NumberOfSubCycles = 3 (163 total, 3 sub)
RebuildHierarchy: level = 4
TransferSubgridParticles[4]: Moved 2 particles, 0 stars, 0 active particles.
DetermineSGSize: MaxSubgridSize = 2000, MinSubgridEdge = 4, ncells = 46576
RebuildHierarchy[4]: Flagged 77/122 grids. 4703 flagged cells
LoadBalance: Number of grids moved = 79 out of 79 (0.00249268 seconds elapsed)
DetermineSGSize: MaxSubgridSize = 2000, MinSubgridEdge = 4, ncells = 46576
RebuildHierarchy[5]: Flagged 0/79 grids. 0 flagged cells
Level[4]: dt = 0.00298286  0.00298286 (0.00597779/0.00671747)
Level[5]: dt = 0.00141952  0.00141952 (0.00141952/0.00298286)
RebuildHierarchy: level = 5
TransferSubgridParticles[5]: Moved 1 particles, 0 stars, 0 active particles.
DetermineSGSize: MaxSubgridSize = 2000, MinSubgridEdge = 4, ncells = 46704
RebuildHierarchy[5]: Flagged 0/79 grids. 0 flagged cells
Level[5]: dt = 0.00141843  0.00141843 (0.00283795/0.00298286)
RebuildHierarchy: level = 5
TransferSubgridParticles[5]: Moved 0 particles, 0 stars, 0 active particles.
DetermineSGSize: MaxSubgridSize = 2000, MinSubgridEdge = 4, ncells = 46704
RebuildHierarchy[5]: Flagged 0/79 grids. 0 flagged cells
Level[5]: dt = 0.00014491  0.00141783 (0.00298286/0.00298286)
EvolveLevel[5]: NumberOfSubCycles = 3 (166 total, 3 sub)
Level[4]: dt = 0.000739686  0.00297665 (0.00671747/0.00671747)
Level[5]: dt = 0.000739686  0.0014178 (0.000739686/0.000739686)
EvolveLevel[5]: NumberOfSubCycles = 1 (167 total, 1 sub)
EvolveLevel[4]: NumberOfSubCycles = 3 (77 total, 3 sub)
Level[3]: dt = 0.00110496  0.00673193 (0.0145258/0.0145258)
Level[4]: dt = 0.00110496  0.0029761 (0.00110496/0.00110496)
Level[5]: dt = 0.00110496  0.00141775 (0.00110496/0.00110496)
EvolveLevel[5]: NumberOfSubCycles = 1 (168 total, 1 sub)
EvolveLevel[4]: NumberOfSubCycles = 1 (78 total, 1 sub)
EvolveLevel[3]: NumberOfSubCycles = 3 (34 total, 3 sub)
Level[2]: dt = 0.00330245  0.0145598 (0.0323196/0.0323196)
Level[3]: dt = 0.00330245  0.0067343 (0.00330245/0.00330245)
Level[4]: dt = 0.00297592  0.00297592 (0.00297592/0.00330245)
Level[5]: dt = 0.00141792  0.00141792 (0.00141792/0.00297592)
RebuildHierarchy: level = 5
TransferSubgridParticles[5]: Moved 3 particles, 0 stars, 0 active particles.
DetermineSGSize: MaxSubgridSize = 2000, MinSubgridEdge = 4, ncells = 46704
RebuildHierarchy[5]: Flagged 0/79 grids. 0 flagged cells
Level[5]: dt = 0.00141851  0.00141851 (0.00283643/0.00297592)
RebuildHierarchy: level = 5
TransferSubgridParticles[5]: Moved 1 particles, 0 stars, 0 active particles.
DetermineSGSize: MaxSubgridSize = 2000, MinSubgridEdge = 4, ncells = 46704
RebuildHierarchy[5]: Flagged 0/79 grids. 0 flagged cells
Level[5]: dt = 0.000139495  0.00141969 (0.00297592/0.00297592)
EvolveLevel[5]: NumberOfSubCycles = 3 (171 total, 3 sub)
RebuildHierarchy: level = 4
TransferSubgridParticles[4]: Moved 5 particles, 0 stars, 0 active particles.
DetermineSGSize: MaxSubgridSize = 2000, MinSubgridEdge = 4, ncells = 46704
RebuildHierarchy[4]: Flagged 78/122 grids. 4691 flagged cells
LoadBalance: Number of grids moved = 80 out of 80 (0.002826 seconds elapsed)
DetermineSGSize: MaxSubgridSize = 2000, MinSubgridEdge = 4, ncells = 46704
RebuildHierarchy[5]: Flagged 0/80 grids. 0 flagged cells
Level[4]: dt = 0.000326526  0.00297914 (0.00330245/0.00330245)
Level[5]: dt = 0.000326526  0.00141983 (0.000326526/0.000326526)
EvolveLevel[5]: NumberOfSubCycles = 1 (172 total, 1 sub)
EvolveLevel[4]: NumberOfSubCycles = 2 (80 total, 2 sub)
EvolveLevel[3]: NumberOfSubCycles = 1 (35 total, 1 sub)
EvolveLevel[2]: NumberOfSubCycles = 3 (15 total, 3 sub)
RebuildHierarchy: level = 1
TransferSubgridParticles[1]: Moved 96136 particles, 0 stars, 0 active particles.
DetermineSGSize: MaxSubgridSize = 2000, MinSubgridEdge = 4, ncells = 1293288
RebuildHierarchy[1]: Flagged 878/8500 grids. 88833 flagged cells
LoadBalance: Number of grids moved = 1331 out of 1350 (0.000475552 seconds elapsed)
DetermineSGSize: MaxSubgridSize = 2000, MinSubgridEdge = 4, ncells = 272608
RebuildHierarchy[2]: Flagged 341/1350 grids. 21468 flagged cells
LoadBalance: Number of grids moved = 363 out of 390 (0.000125606 seconds elapsed)
DetermineSGSize: MaxSubgridSize = 2000, MinSubgridEdge = 4, ncells = 55816
RebuildHierarchy[3]: Flagged 118/390 grids. 5938 flagged cells
LoadBalance: Number of grids moved = 121 out of 122 (4.5374e-05 seconds elapsed)
DetermineSGSize: MaxSubgridSize = 2000, MinSubgridEdge = 4, ncells = 46008
RebuildHierarchy[4]: Flagged 77/122 grids. 4682 flagged cells
LoadBalance: Number of grids moved = 79 out of 79 (0.00525514 seconds elapsed)
DetermineSGSize: MaxSubgridSize = 2000, MinSubgridEdge = 4, ncells = 46008
RebuildHierarchy[5]: Flagged 0/79 grids. 0 flagged cells
Level[1]: dt = 0.0320521  0.0320521 (0.0643717/0.0662517)
Level[2]: dt = 0.0145672  0.0145672 (0.0145672/0.0320521)
Level[3]: dt = 0.00674179  0.00674179 (0.00674179/0.0145672)
Level[4]: dt = 0.00297985  0.00297985 (0.00297985/0.00674179)
Level[5]: dt = 0.00142016  0.00142016 (0.00142016/0.00297985)
RebuildHierarchy: level = 5
TransferSubgridParticles[5]: Moved 0 particles, 0 stars, 0 active particles.
DetermineSGSize: MaxSubgridSize = 2000, MinSubgridEdge = 4, ncells = 45968
RebuildHierarchy[5]: Flagged 0/79 grids. 0 flagged cells
Level[5]: dt = 0.00142195  0.00142195 (0.00284211/0.00297985)
RebuildHierarchy: level = 5
TransferSubgridParticles[5]: Moved 0 particles, 0 stars, 0 active particles.
DetermineSGSize: MaxSubgridSize = 2000, MinSubgridEdge = 4, ncells = 45968
RebuildHierarchy[5]: Flagged 0/79 grids. 0 flagged cells
Level[5]: dt = 0.000137742  0.0014242 (0.00297985/0.00297985)
EvolveLevel[5]: NumberOfSubCycles = 3 (175 total, 3 sub)
RebuildHierarchy: level = 4
TransferSubgridParticles[4]: Moved 3 particles, 0 stars, 0 active particles.
DetermineSGSize: MaxSubgridSize = 2000, MinSubgridEdge = 4, ncells = 45968
RebuildHierarchy[4]: Flagged 77/122 grids. 4643 flagged cells
LoadBalance: Number of grids moved = 79 out of 79 (0.00285499 seconds elapsed)
DetermineSGSize: MaxSubgridSize = 2000, MinSubgridEdge = 4, ncells = 45968
RebuildHierarchy[5]: Flagged 0/79 grids. 0 flagged cells
Level[4]: dt = 0.00298945  0.00298945 (0.00596931/0.00674179)
Level[5]: dt = 0.00142445  0.00142445 (0.00142445/0.00298945)
RebuildHierarchy: level = 5
TransferSubgridParticles[5]: Moved 0 particles, 0 stars, 0 active particles.
DetermineSGSize: MaxSubgridSize = 2000, MinSubgridEdge = 4, ncells = 45488
RebuildHierarchy[5]: Flagged 0/79 grids. 0 flagged cells
Level[5]: dt = 0.00142733  0.00142733 (0.00285178/0.00298945)
RebuildHierarchy: level = 5
TransferSubgridParticles[5]: Moved 2 particles, 0 stars, 0 active particles.
DetermineSGSize: MaxSubgridSize = 2000, MinSubgridEdge = 4, ncells = 45488
RebuildHierarchy[5]: Flagged 0/79 grids. 0 flagged cells
Level[5]: dt = 0.000137676  0.00143056 (0.00298945/0.00298945)
EvolveLevel[5]: NumberOfSubCycles = 3 (178 total, 3 sub)
Level[4]: dt = 0.000772481  0.00300395 (0.00674179/0.00674179)
Level[5]: dt = 0.000772481  0.00143089 (0.000772481/0.000772481)
EvolveLevel[5]: NumberOfSubCycles = 1 (179 total, 1 sub)
EvolveLevel[4]: NumberOfSubCycles = 3 (83 total, 3 sub)
RebuildHierarchy: level = 3
TransferSubgridParticles[3]: Moved 23 particles, 0 stars, 0 active particles.
DetermineSGSize: MaxSubgridSize = 2000, MinSubgridEdge = 4, ncells = 56736
RebuildHierarchy[3]: Flagged 119/390 grids. 5938 flagged cells
LoadBalance: Number of grids moved = 122 out of 123 (4.27738e-05 seconds elapsed)
DetermineSGSize: MaxSubgridSize = 2000, MinSubgridEdge = 4, ncells = 45488
RebuildHierarchy[4]: Flagged 77/123 grids. 4656 flagged cells
LoadBalance: Number of grids moved = 79 out of 79 (0.00332066 seconds elapsed)
DetermineSGSize: MaxSubgridSize = 2000, MinSubgridEdge = 4, ncells = 45488
RebuildHierarchy[5]: Flagged 0/79 grids. 0 flagged cells
Level[3]: dt = 0.00675753  0.00675753 (0.0134993/0.0145672)
Level[4]: dt = 0.00300844  0.00300844 (0.00300844/0.00675753)
Level[5]: dt = 0.00143282  0.00143282 (0.00143282/0.00300844)
RebuildHierarchy: level = 5
TransferSubgridParticles[5]: Moved 0 particles, 0 stars, 0 active particles.
DetermineSGSize: MaxSubgridSize = 2000, MinSubgridEdge = 4, ncells = 46128
RebuildHierarchy[5]: Flagged 0/79 grids. 0 flagged cells
Level[5]: dt = 0.0014308  0.0014308 (0.00286361/0.00300844)
RebuildHierarchy: level = 5
TransferSubgridParticles[5]: Moved 1 particles, 0 stars, 0 active particles.
DetermineSGSize: MaxSubgridSize = 2000, MinSubgridEdge = 4, ncells = 46128
RebuildHierarchy[5]: Flagged 0/79 grids. 0 flagged cells
Level[5]: dt = 0.000144829  0.00142732 (0.00300844/0.00300844)
EvolveLevel[5]: NumberOfSubCycles = 3 (182 total, 3 sub)
RebuildHierarchy: level = 4
TransferSubgridParticles[4]: Moved 6 particles, 0 stars, 0 active particles.
DetermineSGSize: MaxSubgridSize = 2000, MinSubgridEdge = 4, ncells = 46128
RebuildHierarchy[4]: Flagged 77/123 grids. 4664 flagged cells
LoadBalance: Number of grids moved = 68 out of 80 (0.00215944 seconds elapsed)
DetermineSGSize: MaxSubgridSize = 2000, MinSubgridEdge = 4, ncells = 46128
RebuildHierarchy[5]: Flagged 0/80 grids. 0 flagged cells
Level[4]: dt = 0.00302847  0.00302847 (0.00603692/0.00675753)
Level[5]: dt = 0.00142701  0.00142701 (0.00142701/0.00302847)
RebuildHierarchy: level = 5
TransferSubgridParticles[5]: Moved 1 particles, 0 stars, 0 active particles.
DetermineSGSize: MaxSubgridSize = 2000, MinSubgridEdge = 4, ncells = 44464
RebuildHierarchy[5]: Flagged 0/80 grids. 0 flagged cells
Level[5]: dt = 0.00142417  0.00142417 (0.00285118/0.00302847)
RebuildHierarchy: level = 5
TransferSubgridParticles[5]: Moved 0 particles, 0 stars, 0 active particles.
DetermineSGSize: MaxSubgridSize = 2000, MinSubgridEdge = 4, ncells = 44464
RebuildHierarchy[5]: Flagged 0/80 grids. 0 flagged cells
Level[5]: dt = 0.000177295  0.00142189 (0.00302847/0.00302847)
EvolveLevel[5]: NumberOfSubCycles = 3 (185 total, 3 sub)
Level[4]: dt = 0.000720618  0.00305207 (0.00675753/0.00675753)
Level[5]: dt = 0.000720618  0.00142164 (0.000720618/0.000720618)
EvolveLevel[5]: NumberOfSubCycles = 1 (186 total, 1 sub)
EvolveLevel[4]: NumberOfSubCycles = 3 (86 total, 3 sub)
Level[3]: dt = 0.00106793  0.00677348 (0.0145672/0.0145672)
Level[4]: dt = 0.00106793  0.003058 (0.00106793/0.00106793)
Level[5]: dt = 0.00106793  0.00142068 (0.00106793/0.00106793)
EvolveLevel[5]: NumberOfSubCycles = 1 (187 total, 1 sub)
EvolveLevel[4]: NumberOfSubCycles = 1 (87 total, 1 sub)
EvolveLevel[3]: NumberOfSubCycles = 3 (38 total, 3 sub)
RebuildHierarchy: level = 2
TransferSubgridParticles[2]: Moved 246 particles, 0 stars, 0 active particles.
DetermineSGSize: MaxSubgridSize = 2000, MinSubgridEdge = 4, ncells = 271616
RebuildHierarchy[2]: Flagged 347/1350 grids. 21724 flagged cells
LoadBalance: Number of grids moved = 382 out of 398 (0.00012514 seconds elapsed)
DetermineSGSize: MaxSubgridSize = 2000, MinSubgridEdge = 4, ncells = 56624
RebuildHierarchy[3]: Flagged 119/398 grids. 5921 flagged cells
LoadBalance: Number of grids moved = 121 out of 122 (4.44353e-05 seconds elapsed)
DetermineSGSize: MaxSubgridSize = 2000, MinSubgridEdge = 4, ncells = 44464
RebuildHierarchy[4]: Flagged 77/122 grids. 4663 flagged cells
LoadBalance: Number of grids moved = 69 out of 80 (0.00259835 seconds elapsed)
DetermineSGSize: MaxSubgridSize = 2000, MinSubgridEdge = 4, ncells = 44464
RebuildHierarchy[5]: Flagged 0/80 grids. 0 flagged cells
Level[2]: dt = 0.0145996  0.0145996 (0.0291669/0.0320521)
Level[3]: dt = 0.00677607  0.00677607 (0.00677607/0.0145996)
Level[4]: dt = 0.00306697  0.00306697 (0.00306697/0.00677607)
Level[5]: dt = 0.00141953  0.00141953 (0.00141953/0.00306697)
RebuildHierarchy: level = 5
TransferSubgridParticles[5]: Moved 0 particles, 0 stars, 0 active particles.
DetermineSGSize: MaxSubgridSize = 2000, MinSubgridEdge = 4, ncells = 44648
RebuildHierarchy[5]: Flagged 0/80 grids. 0 flagged cells
Level[5]: dt = 0.00141535  0.00141535 (0.00283488/0.00306697)
RebuildHierarchy: level = 5
TransferSubgridParticles[5]: Moved 1 particles, 0 stars, 0 active particles.
DetermineSGSize: MaxSubgridSize = 2000, MinSubgridEdge = 4, ncells = 44648
RebuildHierarchy[5]: Flagged 0/80 grids. 0 flagged cells
Level[5]: dt = 0.000232089  0.00141153 (0.00306697/0.00306697)
EvolveLevel[5]: NumberOfSubCycles = 3 (190 total, 3 sub)
RebuildHierarchy: level = 4
TransferSubgridParticles[4]: Moved 1 particles, 0 stars, 0 active particles.
DetermineSGSize: MaxSubgridSize = 2000, MinSubgridEdge = 4, ncells = 44648
RebuildHierarchy[4]: Flagged 77/122 grids. 4663 flagged cells
LoadBalance: Number of grids moved = 69 out of 80 (0.0019933 seconds elapsed)
DetermineSGSize: MaxSubgridSize = 2000, MinSubgridEdge = 4, ncells = 44648
RebuildHierarchy[5]: Flagged 0/80 grids. 0 flagged cells
Level[4]: dt = 0.00309326  0.00309326 (0.00616023/0.00677607)
Level[5]: dt = 0.00141099  0.00141099 (0.00141099/0.00309326)
RebuildHierarchy: level = 5
TransferSubgridParticles[5]: Moved 0 particles, 0 stars, 0 active particles.
DetermineSGSize: MaxSubgridSize = 2000, MinSubgridEdge = 4, ncells = 44752
RebuildHierarchy[5]: Flagged 0/80 grids. 0 flagged cells
Level[5]: dt = 0.00140803  0.00140803 (0.00281902/0.00309326)
RebuildHierarchy: level = 5
TransferSubgridParticles[5]: Moved 0 particles, 0 stars, 0 active particles.
DetermineSGSize: MaxSubgridSize = 2000, MinSubgridEdge = 4, ncells = 44752
RebuildHierarchy[5]: Flagged 0/80 grids. 0 flagged cells
Level[5]: dt = 0.000274233  0.00140584 (0.00309326/0.00309326)
EvolveLevel[5]: NumberOfSubCycles = 3 (193 total, 3 sub)
Level[4]: dt = 0.000615842  0.003104 (0.00677607/0.00677607)
Level[5]: dt = 0.000615842  0.0014055 (0.000615842/0.000615842)
EvolveLevel[5]: NumberOfSubCycles = 1 (194 total, 1 sub)
EvolveLevel[4]: NumberOfSubCycles = 3 (90 total, 3 sub)
RebuildHierarchy: level = 3
TransferSubgridParticles[3]: Moved 37 particles, 0 stars, 0 active particles.
DetermineSGSize: MaxSubgridSize = 2000, MinSubgridEdge = 4, ncells = 56128
RebuildHierarchy[3]: Flagged 120/398 grids. 5968 flagged cells
LoadBalance: Number of grids moved = 122 out of 123 (4.60446e-05 seconds elapsed)
DetermineSGSize: MaxSubgridSize = 2000, MinSubgridEdge = 4, ncells = 44752
RebuildHierarchy[4]: Flagged 76/123 grids. 4670 flagged cells
LoadBalance: Number of grids moved = 68 out of 79 (0.00230183 seconds elapsed)
DetermineSGSize: MaxSubgridSize = 2000, MinSubgridEdge = 4, ncells = 44752
RebuildHierarchy[5]: Flagged 0/79 grids. 0 flagged cells
Level[3]: dt = 0.00679177  0.00679177 (0.0135678/0.0145996)
Level[4]: dt = 0.00310544  0.00310544 (0.00310544/0.00679177)
Level[5]: dt = 0.00140483  0.00140483 (0.00140483/0.00310544)
RebuildHierarchy: level = 5
TransferSubgridParticles[5]: Moved 0 particles, 0 stars, 0 active particles.
DetermineSGSize: MaxSubgridSize = 2000, MinSubgridEdge = 4, ncells = 44864
RebuildHierarchy[5]: Flagged 0/79 grids. 0 flagged cells
Level[5]: dt = 0.00140384  0.00140384 (0.00280867/0.00310544)
RebuildHierarchy: level = 5
TransferSubgridParticles[5]: Moved 2 particles, 0 stars, 0 active particles.
DetermineSGSize: MaxSubgridSize = 2000, MinSubgridEdge = 4, ncells = 44864
RebuildHierarchy[5]: Flagged 0/79 grids. 0 flagged cells
Level[5]: dt = 0.000296771  0.00140339 (0.00310544/0.00310544)
EvolveLevel[5]: NumberOfSubCycles = 3 (197 total, 3 sub)
RebuildHierarchy: level = 4
TransferSubgridParticles[4]: Moved 6 particles, 0 stars, 0 active particles.
DetermineSGSize: MaxSubgridSize = 2000, MinSubgridEdge = 4, ncells = 44864
RebuildHierarchy[4]: Flagged 75/123 grids. 4629 flagged cells
LoadBalance: Number of grids moved = 67 out of 78 (0.00188468 seconds elapsed)
DetermineSGSize: MaxSubgridSize = 2000, MinSubgridEdge = 4, ncells = 44864
RebuildHierarchy[5]: Flagged 0/78 grids. 0 flagged cells
Level[4]: dt = 0.0031127  0.0031127 (0.00621813/0.00679177)
Level[5]: dt = 0.00140338  0.00140338 (0.00140338/0.0031127)
RebuildHierarchy: level = 5
TransferSubgridParticles[5]: Moved 1 particles, 0 stars, 0 active particles.
DetermineSGSize: MaxSubgridSize = 2000, MinSubgridEdge = 4, ncells = 44432
RebuildHierarchy[5]: Flagged 0/78 grids. 0 flagged cells
Level[5]: dt = 0.00140368  0.00140368 (0.00280706/0.0031127)
RebuildHierarchy: level = 5
TransferSubgridParticles[5]: Moved 1 particles, 0 stars, 0 active particles.
DetermineSGSize: MaxSubgridSize = 2000, MinSubgridEdge = 4, ncells = 44432
RebuildHierarchy[5]: Flagged 0/78 grids. 0 flagged cells
Level[5]: dt = 0.000305635  0.0014048 (0.0031127/0.0031127)
EvolveLevel[5]: NumberOfSubCycles = 3 (200 total, 3 sub)
Level[4]: dt = 0.000573639  0.00312024 (0.00679177/0.00679177)
Level[5]: dt = 0.000573639  0.00140508 (0.000573639/0.000573639)
EvolveLevel[5]: NumberOfSubCycles = 1 (201 total, 1 sub)
EvolveLevel[4]: NumberOfSubCycles = 3 (93 total, 3 sub)
Level[3]: dt = 0.00103178  0.00680773 (0.0145996/0.0145996)
Level[4]: dt = 0.00103178  0.00312164 (0.00103178/0.00103178)
Level[5]: dt = 0.00103178  0.00140565 (0.00103178/0.00103178)
EvolveLevel[5]: NumberOfSubCycles = 1 (202 total, 1 sub)
EvolveLevel[4]: NumberOfSubCycles = 1 (94 total, 1 sub)
EvolveLevel[3]: NumberOfSubCycles = 3 (41 total, 3 sub)
Level[2]: dt = 0.00288524  0.014631 (0.0320521/0.0320521)
Level[3]: dt = 0.00288524  0.00681027 (0.00288524/0.00288524)
Level[4]: dt = 0.00288524  0.00312414 (0.00288524/0.00288524)
Level[5]: dt = 0.001407  0.001407 (0.001407/0.00288524)
RebuildHierarchy: level = 5
TransferSubgridParticles[5]: Moved 1 particles, 0 stars, 0 active particles.
DetermineSGSize: MaxSubgridSize = 2000, MinSubgridEdge = 4, ncells = 44432
RebuildHierarchy[5]: Flagged 0/78 grids. 0 flagged cells
Level[5]: dt = 0.00147824  0.00140934 (0.00288524/0.00288524)
EvolveLevel[5]: NumberOfSubCycles = 2 (204 total, 2 sub)
EvolveLevel[4]: NumberOfSubCycles = 1 (95 total, 1 sub)
EvolveLevel[3]: NumberOfSubCycles = 1 (42 total, 1 sub)
EvolveLevel[2]: NumberOfSubCycles = 3 (18 total, 3 sub)
Level[1]: dt = 0.00188  0.0317134 (0.0662517/0.0662517)
Level[2]: dt = 0.00188  0.0146371 (0.00188/0.00188)
Level[3]: dt = 0.00188  0.00681702 (0.00188/0.00188)
Level[4]: dt = 0.00188  0.00313089 (0.00188/0.00188)
Level[5]: dt = 0.00141191  0.00141191 (0.00141191/0.00188)
RebuildHierarchy: level = 5
TransferSubgridParticles[5]: Moved 0 particles, 0 stars, 0 active particles.
DetermineSGSize: MaxSubgridSize = 2000, MinSubgridEdge = 4, ncells = 44432
RebuildHierarchy[5]: Flagged 0/78 grids. 0 flagged cells
Level[5]: dt = 0.000468095  0.00140678 (0.00188/0.00188)
EvolveLevel[5]: NumberOfSubCycles = 2 (206 total, 2 sub)
EvolveLevel[4]: NumberOfSubCycles = 1 (96 total, 1 sub)
EvolveLevel[3]: NumberOfSubCycles = 1 (43 total, 1 sub)
EvolveLevel[2]: NumberOfSubCycles = 1 (19 total, 1 sub)
EvolveLevel[1]: NumberOfSubCycles = 3 (7 total, 3 sub)
EvolveLevel[0]: NumberOfSubCycles = 1 (3 total, 3 sub)
CPUTime-output: Frac = 0.999994, Current = 46.1652 (46.1652), Stop = 2592000.000000, Last = 16.082
Level[0]: dt = 0.06629  0.06629 (0.06629/0.06629)
Level[1]: dt = 0.0316948  0.0316948 (0.0316948/0.06629)
Level[2]: dt = 0.014641  0.014641 (0.014641/0.0316948)
Level[3]: dt = 0.00678335  0.00678335 (0.00678335/0.014641)
Level[4]: dt = 0.00313519  0.00313519 (0.00313519/0.00678335)
Level[5]: dt = 0.00140525  0.00140525 (0.00140525/0.00313519)
RebuildHierarchy: level = 5
TransferSubgridParticles[5]: Moved 0 particles, 0 stars, 0 active particles.
DetermineSGSize: MaxSubgridSize = 2000, MinSubgridEdge = 4, ncells = 44432
RebuildHierarchy[5]: Flagged 0/78 grids. 0 flagged cells
Level[5]: dt = 0.00140115  0.00140115 (0.0028064/0.00313519)
RebuildHierarchy: level = 5
TransferSubgridParticles[5]: Moved 1 particles, 0 stars, 0 active particles.
DetermineSGSize: MaxSubgridSize = 2000, MinSubgridEdge = 4, ncells = 44432
RebuildHierarchy[5]: Flagged 0/78 grids. 0 flagged cells
Level[5]: dt = 0.000328788  0.00139722 (0.00313519/0.00313519)
EvolveLevel[5]: NumberOfSubCycles = 3 (209 total, 3 sub)
RebuildHierarchy: level = 4
TransferSubgridParticles[4]: Moved 16 particles, 0 stars, 0 active particles.
DetermineSGSize: MaxSubgridSize = 2000, MinSubgridEdge = 4, ncells = 44432
RebuildHierarchy[4]: Flagged 78/123 grids. 4748 flagged cells
LoadBalance: Number of grids moved = 80 out of 80 (0.00217993 seconds elapsed)
DetermineSGSize: MaxSubgridSize = 2000, MinSubgridEdge = 4, ncells = 44432
RebuildHierarchy[5]: Flagged 0/80 grids. 0 flagged cells
Level[4]: dt = 0.0031421  0.0031421 (0.00627729/0.00678335)
Level[5]: dt = 0.00139646  0.00139646 (0.00139646/0.0031421)
RebuildHierarchy: level = 5
TransferSubgridParticles[5]: Moved 1 particles, 0 stars, 0 active particles.
DetermineSGSize: MaxSubgridSize = 2000, MinSubgridEdge = 4, ncells = 46872
RebuildHierarchy[5]: Flagged 0/80 grids. 0 flagged cells
Level[5]: dt = 0.00139378  0.00139378 (0.00279025/0.0031421)
RebuildHierarchy: level = 5
TransferSubgridParticles[5]: Moved 0 particles, 0 stars, 0 active particles.
DetermineSGSize: MaxSubgridSize = 2000, MinSubgridEdge = 4, ncells = 46872
RebuildHierarchy[5]: Flagged 0/80 grids. 0 flagged cells
Level[5]: dt = 0.000351858  0.00139122 (0.0031421/0.0031421)
EvolveLevel[5]: NumberOfSubCycles = 3 (212 total, 3 sub)
Level[4]: dt = 0.000506058  0.00314871 (0.00678335/0.00678335)
Level[5]: dt = 0.000506058  0.0013907 (0.000506058/0.000506058)
EvolveLevel[5]: NumberOfSubCycles = 1 (213 total, 1 sub)
EvolveLevel[4]: NumberOfSubCycles = 3 (99 total, 3 sub)
RebuildHierarchy: level = 3
TransferSubgridParticles[3]: Moved 85 particles, 0 stars, 0 active particles.
DetermineSGSize: MaxSubgridSize = 2000, MinSubgridEdge = 4, ncells = 56448
RebuildHierarchy[3]: Flagged 119/398 grids. 5992 flagged cells
LoadBalance: Number of grids moved = 121 out of 122 (4.48972e-05 seconds elapsed)
DetermineSGSize: MaxSubgridSize = 2000, MinSubgridEdge = 4, ncells = 46872
RebuildHierarchy[4]: Flagged 78/122 grids. 4772 flagged cells
LoadBalance: Number of grids moved = 80 out of 80 (0.00387794 seconds elapsed)
DetermineSGSize: MaxSubgridSize = 2000, MinSubgridEdge = 4, ncells = 46872
RebuildHierarchy[5]: Flagged 0/80 grids. 0 flagged cells
Level[3]: dt = 0.0066285  0.0066285 (0.0134119/0.014641)
Level[4]: dt = 0.00314976  0.00314976 (0.00314976/0.0066285)
Level[5]: dt = 0.00139002  0.00139002 (0.00139002/0.00314976)
RebuildHierarchy: level = 5
TransferSubgridParticles[5]: Moved 1 particles, 0 stars, 0 active particles.
DetermineSGSize: MaxSubgridSize = 2000, MinSubgridEdge = 4, ncells = 47192
RebuildHierarchy[5]: Flagged 0/80 grids. 0 flagged cells
Level[5]: dt = 0.0013882  0.0013882 (0.00277821/0.00314976)
RebuildHierarchy: level = 5
TransferSubgridParticles[5]: Moved 0 particles, 0 stars, 0 active particles.
DetermineSGSize: MaxSubgridSize = 2000, MinSubgridEdge = 4, ncells = 47192
RebuildHierarchy[5]: Flagged 0/80 grids. 0 flagged cells
Level[5]: dt = 0.000371546  0.00138713 (0.00314976/0.00314976)
EvolveLevel[5]: NumberOfSubCycles = 3 (216 total, 3 sub)
RebuildHierarchy: level = 4
TransferSubgridParticles[4]: Moved 0 particles, 0 stars, 0 active particles.
DetermineSGSize: MaxSubgridSize = 2000, MinSubgridEdge = 4, ncells = 47192
RebuildHierarchy[4]: Flagged 78/122 grids. 4761 flagged cells
LoadBalance: Number of grids moved = 80 out of 80 (0.00332268 seconds elapsed)
DetermineSGSize: MaxSubgridSize = 2000, MinSubgridEdge = 4, ncells = 47192
RebuildHierarchy[5]: Flagged 0/80 grids. 0 flagged cells
Level[4]: dt = 0.00315612  0.00315612 (0.00630588/0.0066285)
Level[5]: dt = 0.00138694  0.00138694 (0.00138694/0.00315612)
RebuildHierarchy: level = 5
TransferSubgridParticles[5]: Moved 0 particles, 0 stars, 0 active particles.
DetermineSGSize: MaxSubgridSize = 2000, MinSubgridEdge = 4, ncells = 47168
RebuildHierarchy[5]: Flagged 0/80 grids. 0 flagged cells
Level[5]: dt = 0.00138636  0.00138636 (0.0027733/0.00315612)
RebuildHierarchy: level = 5
TransferSubgridParticles[5]: Moved 1 particles, 0 stars, 0 active particles.
DetermineSGSize: MaxSubgridSize = 2000, MinSubgridEdge = 4, ncells = 47168
RebuildHierarchy[5]: Flagged 0/80 grids. 0 flagged cells
Level[5]: dt = 0.000382821  0.0013865 (0.00315612/0.00315612)
EvolveLevel[5]: NumberOfSubCycles = 3 (219 total, 3 sub)
Level[4]: dt = 0.000322621  0.00316209 (0.0066285/0.0066285)
Level[5]: dt = 0.000322621  0.00138661 (0.000322621/0.000322621)
EvolveLevel[5]: NumberOfSubCycles = 1 (220 total, 1 sub)
EvolveLevel[4]: NumberOfSubCycles = 3 (102 total, 3 sub)
Level[3]: dt = 0.00122913  0.00656356 (0.014641/0.014641)
Level[4]: dt = 0.00122913  0.00316266 (0.00122913/0.00122913)
Level[5]: dt = 0.00122913  0.00138672 (0.00122913/0.00122913)
EvolveLevel[5]: NumberOfSubCycles = 1 (221 total, 1 sub)
EvolveLevel[4]: NumberOfSubCycles = 1 (103 total, 1 sub)
EvolveLevel[3]: NumberOfSubCycles = 3 (46 total, 3 sub)
RebuildHierarchy: level = 2
TransferSubgridParticles[2]: Moved 488 particles, 0 stars, 0 active particles.
DetermineSGSize: MaxSubgridSize = 2000, MinSubgridEdge = 4, ncells = 273568
RebuildHierarchy[2]: Flagged 353/1350 grids. 22177 flagged cells
LoadBalance: Number of grids moved = 389 out of 409 (0.000421379 seconds elapsed)
DetermineSGSize: MaxSubgridSize = 2000, MinSubgridEdge = 4, ncells = 57224
RebuildHierarchy[3]: Flagged 121/409 grids. 5992 flagged cells
LoadBalance: Number of grids moved = 123 out of 124 (4.5687e-05 seconds elapsed)
DetermineSGSize: MaxSubgridSize = 2000, MinSubgridEdge = 4, ncells = 47168
RebuildHierarchy[4]: Flagged 78/124 grids. 4771 flagged cells
LoadBalance: Number of grids moved = 70 out of 81 (0.00332244 seconds elapsed)
DetermineSGSize: MaxSubgridSize = 2000, MinSubgridEdge = 4, ncells = 47168
RebuildHierarchy[5]: Flagged 0/81 grids. 0 flagged cells
Level[2]: dt = 0.0146705  0.0146705 (0.0293114/0.0316948)
Level[3]: dt = 0.00656087  0.00656087 (0.00656087/0.0146705)
Level[4]: dt = 0.00315296  0.00315296 (0.00315296/0.00656087)
Level[5]: dt = 0.00138741  0.00138741 (0.00138741/0.00315296)
RebuildHierarchy: level = 5
TransferSubgridParticles[5]: Moved 0 particles, 0 stars, 0 active particles.
DetermineSGSize: MaxSubgridSize = 2000, MinSubgridEdge = 4, ncells = 45520
RebuildHierarchy[5]: Flagged 0/81 grids. 0 flagged cells
Level[5]: dt = 0.00138862  0.00138862 (0.00277604/0.00315296)
RebuildHierarchy: level = 5
TransferSubgridParticles[5]: Moved 0 particles, 0 stars, 0 active particles.
DetermineSGSize: MaxSubgridSize = 2000, MinSubgridEdge = 4, ncells = 45520
RebuildHierarchy[5]: Flagged 0/81 grids. 0 flagged cells
Level[5]: dt = 0.000376922  0.00139058 (0.00315296/0.00315296)
EvolveLevel[5]: NumberOfSubCycles = 3 (224 total, 3 sub)
RebuildHierarchy: level = 4
TransferSubgridParticles[4]: Moved 2 particles, 0 stars, 0 active particles.
DetermineSGSize: MaxSubgridSize = 2000, MinSubgridEdge = 4, ncells = 45520
RebuildHierarchy[4]: Flagged 78/124 grids. 4795 flagged cells
LoadBalance: Number of grids moved = 70 out of 81 (0.00223562 seconds elapsed)
DetermineSGSize: MaxSubgridSize = 2000, MinSubgridEdge = 4, ncells = 45520
RebuildHierarchy[5]: Flagged 0/81 grids. 0 flagged cells
Level[4]: dt = 0.00313628  0.00313628 (0.00628924/0.00656087)
Level[5]: dt = 0.00139123  0.00139123 (0.00139123/0.00313628)
RebuildHierarchy: level = 5
TransferSubgridParticles[5]: Moved 1 particles, 0 stars, 0 active particles.
DetermineSGSize: MaxSubgridSize = 2000, MinSubgridEdge = 4, ncells = 46080
RebuildHierarchy[5]: Flagged 0/81 grids. 0 flagged cells
Level[5]: dt = 0.00139246  0.00139246 (0.00278369/0.00313628)
RebuildHierarchy: level = 5
TransferSubgridParticles[5]: Moved 0 particles, 0 stars, 0 active particles.
DetermineSGSize: MaxSubgridSize = 2000, MinSubgridEdge = 4, ncells = 46080
RebuildHierarchy[5]: Flagged 0/81 grids. 0 flagged cells
Level[5]: dt = 0.000352593  0.00138837 (0.00313628/0.00313628)
EvolveLevel[5]: NumberOfSubCycles = 3 (227 total, 3 sub)
Level[4]: dt = 0.000271634  0.00313008 (0.00656087/0.00656087)
Level[5]: dt = 0.000271634  0.00138752 (0.000271634/0.000271634)
EvolveLevel[5]: NumberOfSubCycles = 1 (228 total, 1 sub)
EvolveLevel[4]: NumberOfSubCycles = 3 (106 total, 3 sub)
RebuildHierarchy: level = 3
TransferSubgridParticles[3]: Moved 39 particles, 0 stars, 0 active particles.
DetermineSGSize: MaxSubgridSize = 2000, MinSubgridEdge = 4, ncells = 57136
RebuildHierarchy[3]: Flagged 120/409 grids. 5978 flagged cells
LoadBalance: Number of grids moved = 122 out of 123 (5.21466e-05 seconds elapsed)
DetermineSGSize: MaxSubgridSize = 2000, MinSubgridEdge = 4, ncells = 46080
RebuildHierarchy[4]: Flagged 78/123 grids. 4758 flagged cells
LoadBalance: Number of grids moved = 79 out of 80 (0.00189079 seconds elapsed)
DetermineSGSize: MaxSubgridSize = 2000, MinSubgridEdge = 4, ncells = 46080
RebuildHierarchy[5]: Flagged 0/80 grids. 0 flagged cells
Level[3]: dt = 0.00657023  0.00657023 (0.0131311/0.0146705)
Level[4]: dt = 0.00312988  0.00312988 (0.00312988/0.00657023)
Level[5]: dt = 0.00138688  0.00138688 (0.00138688/0.00312988)
RebuildHierarchy: level = 5
TransferSubgridParticles[5]: Moved 1 particles, 0 stars, 0 active particles.
DetermineSGSize: MaxSubgridSize = 2000, MinSubgridEdge = 4, ncells = 45904
RebuildHierarchy[5]: Flagged 0/80 grids. 0 flagged cells
Level[5]: dt = 0.00138366  0.00138366 (0.00277054/0.00312988)
RebuildHierarchy: level = 5
TransferSubgridParticles[5]: Moved 0 particles, 0 stars, 0 active particles.
DetermineSGSize: MaxSubgridSize = 2000, MinSubgridEdge = 4, ncells = 45904
RebuildHierarchy[5]: Flagged 0/80 grids. 0 flagged cells
Level[5]: dt = 0.000359336  0.00138138 (0.00312988/0.00312988)
EvolveLevel[5]: NumberOfSubCycles = 3 (231 total, 3 sub)
RebuildHierarchy: level = 4
TransferSubgridParticles[4]: Moved 2 particles, 0 stars, 0 active particles.
DetermineSGSize: MaxSubgridSize = 2000, MinSubgridEdge = 4, ncells = 45904
RebuildHierarchy[4]: Flagged 78/123 grids. 4773 flagged cells
LoadBalance: Number of grids moved = 79 out of 80 (0.00155437 seconds elapsed)
DetermineSGSize: MaxSubgridSize = 2000, MinSubgridEdge = 4, ncells = 45904
RebuildHierarchy[5]: Flagged 0/80 grids. 0 flagged cells
Level[4]: dt = 0.00313064  0.00313064 (0.00626051/0.00657023)
Level[5]: dt = 0.00138087  0.00138087 (0.00138087/0.00313064)
RebuildHierarchy: level = 5
TransferSubgridParticles[5]: Moved 0 particles, 0 stars, 0 active particles.
DetermineSGSize: MaxSubgridSize = 2000, MinSubgridEdge = 4, ncells = 46112
RebuildHierarchy[5]: Flagged 0/80 grids. 0 flagged cells
Level[5]: dt = 0.00137889  0.00137889 (0.00275976/0.00313064)
RebuildHierarchy: level = 5
TransferSubgridParticles[5]: Moved 0 particles, 0 stars, 0 active particles.
DetermineSGSize: MaxSubgridSize = 2000, MinSubgridEdge = 4, ncells = 46112
RebuildHierarchy[5]: Flagged 0/80 grids. 0 flagged cells
Level[5]: dt = 0.00037088  0.00137787 (0.00313064/0.00313064)
EvolveLevel[5]: NumberOfSubCycles = 3 (234 total, 3 sub)
Level[4]: dt = 0.000309713  0.00313521 (0.00657023/0.00657023)
Level[5]: dt = 0.000309713  0.00137773 (0.000309713/0.000309713)
EvolveLevel[5]: NumberOfSubCycles = 1 (235 total, 1 sub)
EvolveLevel[4]: NumberOfSubCycles = 3 (109 total, 3 sub)
Level[3]: dt = 0.00153936  0.00659426 (0.0146705/0.0146705)
Level[4]: dt = 0.00153936  0.00313577 (0.00153936/0.00153936)
Level[5]: dt = 0.00137761  0.00137761 (0.00137761/0.00153936)
RebuildHierarchy: level = 5
TransferSubgridParticles[5]: Moved 1 particles, 0 stars, 0 active particles.
DetermineSGSize: MaxSubgridSize = 2000, MinSubgridEdge = 4, ncells = 46112
RebuildHierarchy[5]: Flagged 0/80 grids. 0 flagged cells
Level[5]: dt = 0.000161753  0.00137749 (0.00153936/0.00153936)
EvolveLevel[5]: NumberOfSubCycles = 2 (237 total, 2 sub)
EvolveLevel[4]: NumberOfSubCycles = 1 (110 total, 1 sub)
EvolveLevel[3]: NumberOfSubCycles = 3 (49 total, 3 sub)
Level[2]: dt = 0.00238333  0.0146974 (0.0316948/0.0316948)
Level[3]: dt = 0.00238333  0.00659992 (0.00238333/0.00238333)
Level[4]: dt = 0.00238333  0.00313875 (0.00238333/0.00238333)
Level[5]: dt = 0.00137752  0.00137752 (0.00137752/0.00238333)
RebuildHierarchy: level = 5
TransferSubgridParticles[5]: Moved 0 particles, 0 stars, 0 active particles.
DetermineSGSize: MaxSubgridSize = 2000, MinSubgridEdge = 4, ncells = 46112
RebuildHierarchy[5]: Flagged 0/80 grids. 0 flagged cells
Level[5]: dt = 0.00100582  0.00137772 (0.00238333/0.00238333)
EvolveLevel[5]: NumberOfSubCycles = 2 (239 total, 2 sub)
EvolveLevel[4]: NumberOfSubCycles = 1 (111 total, 1 sub)
EvolveLevel[3]: NumberOfSubCycles = 1 (50 total, 1 sub)
EvolveLevel[2]: NumberOfSubCycles = 3 (22 total, 3 sub)
RebuildHierarchy: level = 1
TransferSubgridParticles[1]: Moved 10370 particles, 0 stars, 0 active particles.
DetermineSGSize: MaxSubgridSize = 2000, MinSubgridEdge = 4, ncells = 1315000
RebuildHierarchy[1]: Flagged 903/8500 grids. 90537 flagged cells
LoadBalance: Number of grids moved = 1363 out of 1386 (0.000559136 seconds elapsed)
DetermineSGSize: MaxSubgridSize = 2000, MinSubgridEdge = 4, ncells = 279672
RebuildHierarchy[2]: Flagged 353/1386 grids. 22206 flagged cells
LoadBalance: Number of grids moved = 390 out of 406 (0.000430662 seconds elapsed)
DetermineSGSize: MaxSubgridSize = 2000, MinSubgridEdge = 4, ncells = 57000
RebuildHierarchy[3]: Flagged 125/406 grids. 6084 flagged cells
LoadBalance: Number of grids moved = 128 out of 129 (5.01089e-05 seconds elapsed)
DetermineSGSize: MaxSubgridSize = 2000, MinSubgridEdge = 4, ncells = 46112
RebuildHierarchy[4]: Flagged 80/129 grids. 4823 flagged cells
LoadBalance: Number of grids moved = 81 out of 82 (0.00201942 seconds elapsed)
DetermineSGSize: MaxSubgridSize = 2000, MinSubgridEdge = 4, ncells = 46112
RebuildHierarchy[5]: Flagged 0/82 grids. 0 flagged cells
Level[1]: dt = 0.0314176  0.0314176 (0.0631123/0.06629)
Level[2]: dt = 0.0147015  0.0147015 (0.0147015/0.0314176)
Level[3]: dt = 0.00660822  0.00660822 (0.00660822/0.0147015)
Level[4]: dt = 0.00314368  0.00314368 (0.00314368/0.00660822)
Level[5]: dt = 0.00137848  0.00137848 (0.00137848/0.00314368)
RebuildHierarchy: level = 5
TransferSubgridParticles[5]: Moved 2 particles, 0 stars, 0 active particles.
DetermineSGSize: MaxSubgridSize = 2000, MinSubgridEdge = 4, ncells = 46656
RebuildHierarchy[5]: Flagged 0/82 grids. 0 flagged cells
Level[5]: dt = 0.00138006  0.00138006 (0.00275855/0.00314368)
RebuildHierarchy: level = 5
TransferSubgridParticles[5]: Moved 0 particles, 0 stars, 0 active particles.
DetermineSGSize: MaxSubgridSize = 2000, MinSubgridEdge = 4, ncells = 46656
RebuildHierarchy[5]: Flagged 0/82 grids. 0 flagged cells
Level[5]: dt = 0.000385128  0.00138175 (0.00314368/0.00314368)
EvolveLevel[5]: NumberOfSubCycles = 3 (242 total, 3 sub)
RebuildHierarchy: level = 4
TransferSubgridParticles[4]: Moved 2 particles, 0 stars, 0 active particles.
DetermineSGSize: MaxSubgridSize = 2000, MinSubgridEdge = 4, ncells = 46656
RebuildHierarchy[4]: Flagged 80/129 grids. 4837 flagged cells
LoadBalance: Number of grids moved = 81 out of 82 (0.00153701 seconds elapsed)
DetermineSGSize: MaxSubgridSize = 2000, MinSubgridEdge = 4, ncells = 46656
RebuildHierarchy[5]: Flagged 0/82 grids. 0 flagged cells
Level[4]: dt = 0.0031504  0.0031504 (0.00629408/0.00660822)
Level[5]: dt = 0.00138248  0.00138248 (0.00138248/0.0031504)
RebuildHierarchy: level = 5
TransferSubgridParticles[5]: Moved 0 particles, 0 stars, 0 active particles.
DetermineSGSize: MaxSubgridSize = 2000, MinSubgridEdge = 4, ncells = 46624
RebuildHierarchy[5]: Flagged 0/82 grids. 0 flagged cells
Level[5]: dt = 0.00138547  0.00138547 (0.00276795/0.0031504)
RebuildHierarchy: level = 5
TransferSubgridParticles[5]: Moved 2 particles, 0 stars, 0 active particles.
DetermineSGSize: MaxSubgridSize = 2000, MinSubgridEdge = 4, ncells = 46624
RebuildHierarchy[5]: Flagged 0/82 grids. 0 flagged cells
Level[5]: dt = 0.000382455  0.00138886 (0.0031504/0.0031504)
EvolveLevel[5]: NumberOfSubCycles = 3 (245 total, 3 sub)
Level[4]: dt = 0.000314139  0.00315725 (0.00660822/0.00660822)
Level[5]: dt = 0.000314139  0.00138997 (0.000314139/0.000314139)
EvolveLevel[5]: NumberOfSubCycles = 1 (246 total, 1 sub)
EvolveLevel[4]: NumberOfSubCycles = 3 (114 total, 3 sub)
RebuildHierarchy: level = 3
TransferSubgridParticles[3]: Moved 20 particles, 0 stars, 0 active particles.
DetermineSGSize: MaxSubgridSize = 2000, MinSubgridEdge = 4, ncells = 57920
RebuildHierarchy[3]: Flagged 123/406 grids. 6012 flagged cells
LoadBalance: Number of grids moved = 125 out of 126 (4.88088e-05 seconds elapsed)
DetermineSGSize: MaxSubgridSize = 2000, MinSubgridEdge = 4, ncells = 46624
RebuildHierarchy[4]: Flagged 80/126 grids. 4854 flagged cells
LoadBalance: Number of grids moved = 81 out of 82 (0.00185822 seconds elapsed)
DetermineSGSize: MaxSubgridSize = 2000, MinSubgridEdge = 4, ncells = 46624
RebuildHierarchy[5]: Flagged 0/82 grids. 0 flagged cells
Level[3]: dt = 0.00662849  0.00662849 (0.0132367/0.0147015)
Level[4]: dt = 0.00315793  0.00315793 (0.00315793/0.00662849)
Level[5]: dt = 0.0013909  0.0013909 (0.0013909/0.00315793)
RebuildHierarchy: level = 5
TransferSubgridParticles[5]: Moved 2 particles, 0 stars, 0 active particles.
DetermineSGSize: MaxSubgridSize = 2000, MinSubgridEdge = 4, ncells = 47064
RebuildHierarchy[5]: Flagged 0/82 grids. 0 flagged cells
Level[5]: dt = 0.00139422  0.00139422 (0.00278512/0.00315793)
RebuildHierarchy: level = 5
TransferSubgridParticles[5]: Moved 2 particles, 0 stars, 0 active particles.
DetermineSGSize: MaxSubgridSize = 2000, MinSubgridEdge = 4, ncells = 47064
RebuildHierarchy[5]: Flagged 0/82 grids. 0 flagged cells
Level[5]: dt = 0.000372815  0.00139273 (0.00315793/0.00315793)
EvolveLevel[5]: NumberOfSubCycles = 3 (249 total, 3 sub)
RebuildHierarchy: level = 4
TransferSubgridParticles[4]: Moved 5 particles, 0 stars, 0 active particles.
DetermineSGSize: MaxSubgridSize = 2000, MinSubgridEdge = 4, ncells = 47064
RebuildHierarchy[4]: Flagged 80/126 grids. 4840 flagged cells
LoadBalance: Number of grids moved = 81 out of 82 (0.00148274 seconds elapsed)
DetermineSGSize: MaxSubgridSize = 2000, MinSubgridEdge = 4, ncells = 47064
RebuildHierarchy[5]: Flagged 0/82 grids. 0 flagged cells
Level[4]: dt = 0.00316485  0.00316485 (0.00632278/0.00662849)
Level[5]: dt = 0.00139239  0.00139239 (0.00139239/0.00316485)
RebuildHierarchy: level = 5
TransferSubgridParticles[5]: Moved 0 particles, 0 stars, 0 active particles.
DetermineSGSize: MaxSubgridSize = 2000, MinSubgridEdge = 4, ncells = 46936
RebuildHierarchy[5]: Flagged 0/82 grids. 0 flagged cells
Level[5]: dt = 0.00139126  0.00139126 (0.00278365/0.00316485)
RebuildHierarchy: level = 5
TransferSubgridParticles[5]: Moved 2 particles, 0 stars, 0 active particles.
DetermineSGSize: MaxSubgridSize = 2000, MinSubgridEdge = 4, ncells = 46936
RebuildHierarchy[5]: Flagged 0/82 grids. 0 flagged cells
Level[5]: dt = 0.000381194  0.00139085 (0.00316485/0.00316485)
EvolveLevel[5]: NumberOfSubCycles = 3 (252 total, 3 sub)
Level[4]: dt = 0.000305712  0.00316337 (0.00662849/0.00662849)
Level[5]: dt = 0.000305712  0.00139076 (0.000305712/0.000305712)
EvolveLevel[5]: NumberOfSubCycles = 1 (253 total, 1 sub)
EvolveLevel[4]: NumberOfSubCycles = 3 (117 total, 3 sub)
Level[3]: dt = 0.00146477  0.00664675 (0.0147015/0.0147015)
Level[4]: dt = 0.00146477  0.00315709 (0.00146477/0.00146477)
Level[5]: dt = 0.00139069  0.00139069 (0.00139069/0.00146477)
RebuildHierarchy: level = 5
TransferSubgridParticles[5]: Moved 2 particles, 0 stars, 0 active particles.
DetermineSGSize: MaxSubgridSize = 2000, MinSubgridEdge = 4, ncells = 46936
RebuildHierarchy[5]: Flagged 0/82 grids. 0 flagged cells
Level[5]: dt = 7.40823e-05  0.00139081 (0.00146477/0.00146477)
EvolveLevel[5]: NumberOfSubCycles = 2 (255 total, 2 sub)
EvolveLevel[4]: NumberOfSubCycles = 1 (118 total, 1 sub)
EvolveLevel[3]: NumberOfSubCycles = 3 (53 total, 3 sub)
RebuildHierarchy: level = 2
TransferSubgridParticles[2]: Moved 270 particles, 0 stars, 0 active particles.
DetermineSGSize: MaxSubgridSize = 2000, MinSubgridEdge = 4, ncells = 278968
RebuildHierarchy[2]: Flagged 355/1386 grids. 22279 flagged cells
LoadBalance: Number of grids moved = 398 out of 411 (0.000457592 seconds elapsed)
DetermineSGSize: MaxSubgridSize = 2000, MinSubgridEdge = 4, ncells = 57552
RebuildHierarchy[3]: Flagged 122/411 grids. 5996 flagged cells
LoadBalance: Number of grids moved = 125 out of 126 (4.61414e-05 seconds elapsed)
DetermineSGSize: MaxSubgridSize = 2000, MinSubgridEdge = 4, ncells = 46936
RebuildHierarchy[4]: Flagged 80/126 grids. 4803 flagged cells
LoadBalance: Number of grids moved = 81 out of 82 (0.00206692 seconds elapsed)
DetermineSGSize: MaxSubgridSize = 2000, MinSubgridEdge = 4, ncells = 46936
RebuildHierarchy[5]: Flagged 0/82 grids. 0 flagged cells
Level[2]: dt = 0.014726  0.014726 (0.0294275/0.0314176)
Level[3]: dt = 0.00665064  0.00665064 (0.00665064/0.014726)
Level[4]: dt = 0.00312809  0.00312809 (0.00312809/0.00665064)
Level[5]: dt = 0.00139082  0.00139082 (0.00139082/0.00312809)
RebuildHierarchy: level = 5
TransferSubgridParticles[5]: Moved 1 particles, 0 stars, 0 active particles.
DetermineSGSize: MaxSubgridSize = 2000, MinSubgridEdge = 4, ncells = 46104
RebuildHierarchy[5]: Flagged 0/82 grids. 0 flagged cells
Level[5]: dt = 0.00139122  0.00139122 (0.00278205/0.00312809)
RebuildHierarchy: level = 5
TransferSubgridParticles[5]: Moved 4 particles, 0 stars, 0 active particles.
DetermineSGSize: MaxSubgridSize = 2000, MinSubgridEdge = 4, ncells = 46104
RebuildHierarchy[5]: Flagged 0/82 grids. 0 flagged cells
Level[5]: dt = 0.00034604  0.00139118 (0.00312809/0.00312809)
EvolveLevel[5]: NumberOfSubCycles = 3 (258 total, 3 sub)
RebuildHierarchy: level = 4
TransferSubgridParticles[4]: Moved 2 particles, 0 stars, 0 active particles.
DetermineSGSize: MaxSubgridSize = 2000, MinSubgridEdge = 4, ncells = 46104
RebuildHierarchy[4]: Flagged 80/126 grids. 4828 flagged cells
LoadBalance: Number of grids moved = 81 out of 82 (0.00158214 seconds elapsed)
DetermineSGSize: MaxSubgridSize = 2000, MinSubgridEdge = 4, ncells = 46104
RebuildHierarchy[5]: Flagged 0/82 grids. 0 flagged cells
Level[4]: dt = 0.00307459  0.00307459 (0.00620268/0.00665064)
Level[5]: dt = 0.00139112  0.00139112 (0.00139112/0.00307459)
RebuildHierarchy: level = 5
TransferSubgridParticles[5]: Moved 2 particles, 0 stars, 0 active particles.
DetermineSGSize: MaxSubgridSize = 2000, MinSubgridEdge = 4, ncells = 46600
RebuildHierarchy[5]: Flagged 0/82 grids. 0 flagged cells
Level[5]: dt = 0.00139127  0.00139127 (0.00278239/0.00307459)
RebuildHierarchy: level = 5
TransferSubgridParticles[5]: Moved 1 particles, 0 stars, 0 active particles.
DetermineSGSize: MaxSubgridSize = 2000, MinSubgridEdge = 4, ncells = 46600
RebuildHierarchy[5]: Flagged 0/82 grids. 0 flagged cells
Level[5]: dt = 0.000292199  0.00139186 (0.00307459/0.00307459)
EvolveLevel[5]: NumberOfSubCycles = 3 (261 total, 3 sub)
Level[4]: dt = 0.000447961  0.00303738 (0.00665064/0.00665064)
Level[5]: dt = 0.000447961  0.00139204 (0.000447961/0.000447961)
EvolveLevel[5]: NumberOfSubCycles = 1 (262 total, 1 sub)
EvolveLevel[4]: NumberOfSubCycles = 3 (121 total, 3 sub)
RebuildHierarchy: level = 3
TransferSubgridParticles[3]: Moved 24 particles, 0 stars, 0 active particles.
DetermineSGSize: MaxSubgridSize = 2000, MinSubgridEdge = 4, ncells = 56936
RebuildHierarchy[3]: Flagged 122/411 grids. 5992 flagged cells
LoadBalance: Number of grids moved = 125 out of 126 (4.72069e-05 seconds elapsed)
DetermineSGSize: MaxSubgridSize = 2000, MinSubgridEdge = 4, ncells = 46600
RebuildHierarchy[4]: Flagged 80/126 grids. 4805 flagged cells
LoadBalance: Number of grids moved = 81 out of 82 (0.00203556 seconds elapsed)
DetermineSGSize: MaxSubgridSize = 2000, MinSubgridEdge = 4, ncells = 46600
RebuildHierarchy[5]: Flagged 0/82 grids. 0 flagged cells
Level[3]: dt = 0.00659417  0.00659417 (0.0132448/0.014726)
Level[4]: dt = 0.00303335  0.00303335 (0.00303335/0.00659417)
Level[5]: dt = 0.00139238  0.00139238 (0.00139238/0.00303335)
RebuildHierarchy: level = 5
TransferSubgridParticles[5]: Moved 0 particles, 0 stars, 0 active particles.
DetermineSGSize: MaxSubgridSize = 2000, MinSubgridEdge = 4, ncells = 46368
RebuildHierarchy[5]: Flagged 0/82 grids. 0 flagged cells
Level[5]: dt = 0.0013938  0.0013938 (0.00278618/0.00303335)
RebuildHierarchy: level = 5
TransferSubgridParticles[5]: Moved 1 particles, 0 stars, 0 active particles.
DetermineSGSize: MaxSubgridSize = 2000, MinSubgridEdge = 4, ncells = 46368
RebuildHierarchy[5]: Flagged 0/82 grids. 0 flagged cells
Level[5]: dt = 0.000247172  0.00139582 (0.00303335/0.00303335)
EvolveLevel[5]: NumberOfSubCycles = 3 (265 total, 3 sub)
RebuildHierarchy: level = 4
TransferSubgridParticles[4]: Moved 2 particles, 0 stars, 0 active particles.
DetermineSGSize: MaxSubgridSize = 2000, MinSubgridEdge = 4, ncells = 46368
RebuildHierarchy[4]: Flagged 80/126 grids. 4787 flagged cells
LoadBalance: Number of grids moved = 81 out of 82 (0.00155826 seconds elapsed)
DetermineSGSize: MaxSubgridSize = 2000, MinSubgridEdge = 4, ncells = 46368
RebuildHierarchy[5]: Flagged 0/82 grids. 0 flagged cells
Level[4]: dt = 0.00301373  0.00301373 (0.00604708/0.00659417)
Level[5]: dt = 0.00139622  0.00139622 (0.00139622/0.00301373)
RebuildHierarchy: level = 5
TransferSubgridParticles[5]: Moved 0 particles, 0 stars, 0 active particles.
DetermineSGSize: MaxSubgridSize = 2000, MinSubgridEdge = 4, ncells = 46408
RebuildHierarchy[5]: Flagged 0/82 grids. 0 flagged cells
Level[5]: dt = 0.00139886  0.00139886 (0.00279508/0.00301373)
RebuildHierarchy: level = 5
TransferSubgridParticles[5]: Moved 1 particles, 0 stars, 0 active particles.
DetermineSGSize: MaxSubgridSize = 2000, MinSubgridEdge = 4, ncells = 46408
RebuildHierarchy[5]: Flagged 0/82 grids. 0 flagged cells
Level[5]: dt = 0.000218649  0.00140198 (0.00301373/0.00301373)
EvolveLevel[5]: NumberOfSubCycles = 3 (268 total, 3 sub)
Level[4]: dt = 0.000547089  0.00300539 (0.00659417/0.00659417)
Level[5]: dt = 0.000547089  0.0014025 (0.000547089/0.000547089)
EvolveLevel[5]: NumberOfSubCycles = 1 (269 total, 1 sub)
EvolveLevel[4]: NumberOfSubCycles = 3 (124 total, 3 sub)
Level[3]: dt = 0.00148118  0.00648685 (0.014726/0.014726)
Level[4]: dt = 0.00148118  0.00300481 (0.00148118/0.00148118)
Level[5]: dt = 0.00140384  0.00140384 (0.00140384/0.00148118)
RebuildHierarchy: level = 5
TransferSubgridParticles[5]: Moved 2 particles, 0 stars, 0 active particles.
DetermineSGSize: MaxSubgridSize = 2000, MinSubgridEdge = 4, ncells = 46408
RebuildHierarchy[5]: Flagged 0/82 grids. 0 flagged cells
Level[5]: dt = 7.73405e-05  0.00140762 (0.00148118/0.00148118)
EvolveLevel[5]: NumberOfSubCycles = 2 (271 total, 2 sub)
EvolveLevel[4]: NumberOfSubCycles = 1 (125 total, 1 sub)
EvolveLevel[3]: NumberOfSubCycles = 3 (56 total, 3 sub)
Level[2]: dt = 0.00199008  0.0147477 (0.0314176/0.0314176)
Level[3]: dt = 0.00199008  0.0064531 (0.00199008/0.00199008)
Level[4]: dt = 0.00199008  0.0030043 (0.00199008/0.00199008)
Level[5]: dt = 0.00140783  0.00140783 (0.00140783/0.00199008)
RebuildHierarchy: level = 5
TransferSubgridParticles[5]: Moved 1 particles, 0 stars, 0 active particles.
DetermineSGSize: MaxSubgridSize = 2000, MinSubgridEdge = 4, ncells = 46408
RebuildHierarchy[5]: Flagged 0/82 grids. 0 flagged cells
Level[5]: dt = 0.000582246  0.00141195 (0.00199008/0.00199008)
EvolveLevel[5]: NumberOfSubCycles = 2 (273 total, 2 sub)
EvolveLevel[4]: NumberOfSubCycles = 1 (126 total, 1 sub)
EvolveLevel[3]: NumberOfSubCycles = 1 (57 total, 1 sub)
EvolveLevel[2]: NumberOfSubCycles = 3 (25 total, 3 sub)
Level[1]: dt = 0.00317765  0.0312611 (0.06629/0.06629)
Level[2]: dt = 0.00317765  0.0147505 (0.00317765/0.00317765)
Level[3]: dt = 0.00317765  0.00640939 (0.00317765/0.00317765)
Level[4]: dt = 0.00300599  0.00300599 (0.00300599/0.00317765)
Level[5]: dt = 0.00141368  0.00141368 (0.00141368/0.00300599)
RebuildHierarchy: level = 5
TransferSubgridParticles[5]: Moved 2 particles, 0 stars, 0 active particles.
DetermineSGSize: MaxSubgridSize = 2000, MinSubgridEdge = 4, ncells = 46408
RebuildHierarchy[5]: Flagged 0/82 grids. 0 flagged cells
Level[5]: dt = 0.00141812  0.00141812 (0.0028318/0.00300599)
RebuildHierarchy: level = 5
TransferSubgridParticles[5]: Moved 1 particles, 0 stars, 0 active particles.
DetermineSGSize: MaxSubgridSize = 2000, MinSubgridEdge = 4, ncells = 46408
RebuildHierarchy[5]: Flagged 0/82 grids. 0 flagged cells
Level[5]: dt = 0.000174188  0.00142266 (0.00300599/0.00300599)
EvolveLevel[5]: NumberOfSubCycles = 3 (276 total, 3 sub)
RebuildHierarchy: level = 4
TransferSubgridParticles[4]: Moved 12 particles, 0 stars, 0 active particles.
DetermineSGSize: MaxSubgridSize = 2000, MinSubgridEdge = 4, ncells = 46408
RebuildHierarchy[4]: Flagged 81/126 grids. 4748 flagged cells
LoadBalance: Number of grids moved = 82 out of 83 (0.00160122 seconds elapsed)
DetermineSGSize: MaxSubgridSize = 2000, MinSubgridEdge = 4, ncells = 46408
RebuildHierarchy[5]: Flagged 0/83 grids. 0 flagged cells
Level[4]: dt = 0.000171665  0.00301162 (0.00317765/0.00317765)
Level[5]: dt = 0.000171665  0.0014232 (0.000171665/0.000171665)
EvolveLevel[5]: NumberOfSubCycles = 1 (277 total, 1 sub)
EvolveLevel[4]: NumberOfSubCycles = 2 (128 total, 2 sub)
EvolveLevel[3]: NumberOfSubCycles = 1 (58 total, 1 sub)
EvolveLevel[2]: NumberOfSubCycles = 1 (26 total, 1 sub)
EvolveLevel[1]: NumberOfSubCycles = 3 (10 total, 3 sub)
EvolveLevel[0]: NumberOfSubCycles = 1 (4 total, 4 sub)
RebuildHierarchy: level = 0
CommunicationTransferParticles: moved = 340174
CommunicationTransferStars: moved = 0
CommunicationTransferActiveParticles: moved = 0
DetermineSGSize: MaxSubgridSize = 2776, MinSubgridEdge = 4, ncells = 12440216
RebuildHierarchy[0]: Flagged 748/1120 grids. 784242 flagged cells
LoadBalance: Number of grids moved = 8675 out of 8762 (0.352991 seconds elapsed)
DetermineSGSize: MaxSubgridSize = 2000, MinSubgridEdge = 4, ncells = 1336568
RebuildHierarchy[1]: Flagged 939/8762 grids. 91119 flagged cells
LoadBalance: Number of grids moved = 1392 out of 1415 (0.000463799 seconds elapsed)
DetermineSGSize: MaxSubgridSize = 2000, MinSubgridEdge = 4, ncells = 278624
RebuildHierarchy[2]: Flagged 347/1415 grids. 21994 flagged cells
LoadBalance: Number of grids moved = 395 out of 401 (0.000446998 seconds elapsed)
DetermineSGSize: MaxSubgridSize = 2000, MinSubgridEdge = 4, ncells = 56632
RebuildHierarchy[3]: Flagged 123/401 grids. 5898 flagged cells
LoadBalance: Number of grids moved = 124 out of 125 (4.56162e-05 seconds elapsed)
DetermineSGSize: MaxSubgridSize = 2000, MinSubgridEdge = 4, ncells = 45528
RebuildHierarchy[4]: Flagged 81/125 grids. 4748 flagged cells
LoadBalance: Number of grids moved = 82 out of 82 (0.00333454 seconds elapsed)
DetermineSGSize: MaxSubgridSize = 2000, MinSubgridEdge = 4, ncells = 45528
RebuildHierarchy[5]: Flagged 0/82 grids. 0 flagged cells
CPUTime-output: Frac = 0.999995, Current = 61.7631 (60.3221), Stop = 2592000.000000, Last = 14.1569
Level[0]: dt = 0.0663284  0.0663284 (0.0663284/0.0663284)
PrepareGreens: Start = 0 52 0  Dim = 32 50 36
PrepareGreens: Start = 0 0 36  Dim = 32 52 38
PrepareGreens: Start = 0 52 36  Dim = 32 50 38
PrepareGreens: Start = 0 0 0  Dim = 32 52 36
Level[1]: dt = 0.0312545  0.0312545 (0.0312545/0.0663284)
Level[2]: dt = 0.0147547  0.0147547 (0.0147547/0.0312545)
Level[3]: dt = 0.00634171  0.00634171 (0.00634171/0.0147547)
Level[4]: dt = 0.00301206  0.00301206 (0.00301206/0.00634171)
Level[5]: dt = 0.00142374  0.00142374 (0.00142374/0.00301206)
RebuildHierarchy: level = 5
TransferSubgridParticles[5]: Moved 66 particles, 0 stars, 0 active particles.
DetermineSGSize: MaxSubgridSize = 2000, MinSubgridEdge = 4, ncells = 46088
RebuildHierarchy[5]: Flagged 0/82 grids. 0 flagged cells
Level[5]: dt = 0.00142845  0.00142845 (0.00285219/0.00301206)
RebuildHierarchy: level = 5
TransferSubgridParticles[5]: Moved 1 particles, 0 stars, 0 active particles.
DetermineSGSize: MaxSubgridSize = 2000, MinSubgridEdge = 4, ncells = 46088
RebuildHierarchy[5]: Flagged 0/82 grids. 0 flagged cells
Level[5]: dt = 0.000159865  0.00143339 (0.00301206/0.00301206)
EvolveLevel[5]: NumberOfSubCycles = 3 (280 total, 3 sub)
RebuildHierarchy: level = 4
TransferSubgridParticles[4]: Moved 116 particles, 0 stars, 0 active particles.
DetermineSGSize: MaxSubgridSize = 2000, MinSubgridEdge = 4, ncells = 46088
RebuildHierarchy[4]: Flagged 81/125 grids. 4722 flagged cells
LoadBalance: Number of grids moved = 82 out of 82 (0.00345562 seconds elapsed)
DetermineSGSize: MaxSubgridSize = 2000, MinSubgridEdge = 4, ncells = 46088
RebuildHierarchy[5]: Flagged 0/82 grids. 0 flagged cells
Level[4]: dt = 0.00302188  0.00302188 (0.00603394/0.00634171)
Level[5]: dt = 0.00143396  0.00143396 (0.00143396/0.00302188)
RebuildHierarchy: level = 5
TransferSubgridParticles[5]: Moved 0 particles, 0 stars, 0 active particles.
DetermineSGSize: MaxSubgridSize = 2000, MinSubgridEdge = 4, ncells = 45792
RebuildHierarchy[5]: Flagged 0/82 grids. 0 flagged cells
Level[5]: dt = 0.00143482  0.00143482 (0.00286877/0.00302188)
RebuildHierarchy: level = 5
TransferSubgridParticles[5]: Moved 0 particles, 0 stars, 0 active particles.
DetermineSGSize: MaxSubgridSize = 2000, MinSubgridEdge = 4, ncells = 45792
RebuildHierarchy[5]: Flagged 0/82 grids. 0 flagged cells
Level[5]: dt = 0.000153112  0.00143314 (0.00302188/0.00302188)
EvolveLevel[5]: NumberOfSubCycles = 3 (283 total, 3 sub)
Level[4]: dt = 0.000307767  0.00303359 (0.00634171/0.00634171)
Level[5]: dt = 0.000307767  0.00143295 (0.000307767/0.000307767)
EvolveLevel[5]: NumberOfSubCycles = 1 (284 total, 1 sub)
EvolveLevel[4]: NumberOfSubCycles = 3 (131 total, 3 sub)
RebuildHierarchy: level = 3
TransferSubgridParticles[3]: Moved 661 particles, 0 stars, 0 active particles.
DetermineSGSize: MaxSubgridSize = 2000, MinSubgridEdge = 4, ncells = 54992
RebuildHierarchy[3]: Flagged 124/401 grids. 6004 flagged cells
LoadBalance: Number of grids moved = 126 out of 127 (4.63575e-05 seconds elapsed)
DetermineSGSize: MaxSubgridSize = 2000, MinSubgridEdge = 4, ncells = 45792
RebuildHierarchy[4]: Flagged 81/127 grids. 4730 flagged cells
LoadBalance: Number of grids moved = 82 out of 82 (0.00386092 seconds elapsed)
DetermineSGSize: MaxSubgridSize = 2000, MinSubgridEdge = 4, ncells = 45792
RebuildHierarchy[5]: Flagged 0/82 grids. 0 flagged cells
Level[3]: dt = 0.00622525  0.00622525 (0.012567/0.0147547)
Level[4]: dt = 0.00303486  0.00303486 (0.00303486/0.00622525)
Level[5]: dt = 0.0014326  0.0014326 (0.0014326/0.00303486)
RebuildHierarchy: level = 5
TransferSubgridParticles[5]: Moved 2 particles, 0 stars, 0 active particles.
DetermineSGSize: MaxSubgridSize = 2000, MinSubgridEdge = 4, ncells = 45920
RebuildHierarchy[5]: Flagged 0/82 grids. 0 flagged cells
Level[5]: dt = 0.00143153  0.00143153 (0.00286413/0.00303486)
RebuildHierarchy: level = 5
TransferSubgridParticles[5]: Moved 0 particles, 0 stars, 0 active particles.
DetermineSGSize: MaxSubgridSize = 2000, MinSubgridEdge = 4, ncells = 45920
RebuildHierarchy[5]: Flagged 0/82 grids. 0 flagged cells
Level[5]: dt = 0.000170726  0.00143006 (0.00303486/0.00303486)
EvolveLevel[5]: NumberOfSubCycles = 3 (287 total, 3 sub)
RebuildHierarchy: level = 4
TransferSubgridParticles[4]: Moved 2 particles, 0 stars, 0 active particles.
DetermineSGSize: MaxSubgridSize = 2000, MinSubgridEdge = 4, ncells = 45920
RebuildHierarchy[4]: Flagged 81/127 grids. 4695 flagged cells
LoadBalance: Number of grids moved = 82 out of 82 (0.00365362 seconds elapsed)
DetermineSGSize: MaxSubgridSize = 2000, MinSubgridEdge = 4, ncells = 45920
RebuildHierarchy[5]: Flagged 0/82 grids. 0 flagged cells
Level[4]: dt = 0.0031904  0.00304814 (0.00622525/0.00622525)
Level[5]: dt = 0.00142996  0.00142996 (0.00142996/0.0031904)
RebuildHierarchy: level = 5
TransferSubgridParticles[5]: Moved 4 particles, 0 stars, 0 active particles.
DetermineSGSize: MaxSubgridSize = 2000, MinSubgridEdge = 4, ncells = 45384
RebuildHierarchy[5]: Flagged 0/82 grids. 0 flagged cells
Level[5]: dt = 0.00142936  0.00142936 (0.00285932/0.0031904)
RebuildHierarchy: level = 5
TransferSubgridParticles[5]: Moved 0 particles, 0 stars, 0 active particles.
DetermineSGSize: MaxSubgridSize = 2000, MinSubgridEdge = 4, ncells = 45384
RebuildHierarchy[5]: Flagged 0/82 grids. 0 flagged cells
Level[5]: dt = 0.000331077  0.0014257 (0.0031904/0.0031904)
EvolveLevel[5]: NumberOfSubCycles = 3 (290 total, 3 sub)
EvolveLevel[4]: NumberOfSubCycles = 2 (133 total, 2 sub)
Level[3]: dt = 0.00218777  0.00613136 (0.0147547/0.0147547)
Level[4]: dt = 0.00218777  0.00303375 (0.00218777/0.00218777)
Level[5]: dt = 0.00142368  0.00142368 (0.00142368/0.00218777)
RebuildHierarchy: level = 5
TransferSubgridParticles[5]: Moved 1 particles, 0 stars, 0 active particles.
DetermineSGSize: MaxSubgridSize = 2000, MinSubgridEdge = 4, ncells = 45384
RebuildHierarchy[5]: Flagged 0/82 grids. 0 flagged cells
Level[5]: dt = 0.000764091  0.0014152 (0.00218777/0.00218777)
EvolveLevel[5]: NumberOfSubCycles = 2 (292 total, 2 sub)
EvolveLevel[4]: NumberOfSubCycles = 1 (134 total, 1 sub)
EvolveLevel[3]: NumberOfSubCycles = 3 (61 total, 3 sub)
RebuildHierarchy: level = 2
TransferSubgridParticles[2]: Moved 8115 particles, 0 stars, 0 active particles.
DetermineSGSize: MaxSubgridSize = 2000, MinSubgridEdge = 4, ncells = 275808
RebuildHierarchy[2]: Flagged 350/1415 grids. 22369 flagged cells
LoadBalance: Number of grids moved = 398 out of 403 (0.000420809 seconds elapsed)
DetermineSGSize: MaxSubgridSize = 2000, MinSubgridEdge = 4, ncells = 56160
RebuildHierarchy[3]: Flagged 124/403 grids. 6012 flagged cells
LoadBalance: Number of grids moved = 125 out of 126 (4.74416e-05 seconds elapsed)
DetermineSGSize: MaxSubgridSize = 2000, MinSubgridEdge = 4, ncells = 45384
RebuildHierarchy[4]: Flagged 81/126 grids. 4687 flagged cells
LoadBalance: Number of grids moved = 82 out of 82 (0.00321535 seconds elapsed)
DetermineSGSize: MaxSubgridSize = 2000, MinSubgridEdge = 4, ncells = 45384
RebuildHierarchy[5]: Flagged 0/82 grids. 0 flagged cells
Level[2]: dt = 0.014776  0.014776 (0.0295307/0.0312545)
Level[3]: dt = 0.00610498  0.00610498 (0.00610498/0.014776)
Level[4]: dt = 0.0030059  0.0030059 (0.0030059/0.00610498)
Level[5]: dt = 0.00141074  0.00141074 (0.00141074/0.0030059)
RebuildHierarchy: level = 5
TransferSubgridParticles[5]: Moved 1 particles, 0 stars, 0 active particles.
DetermineSGSize: MaxSubgridSize = 2000, MinSubgridEdge = 4, ncells = 45272
RebuildHierarchy[5]: Flagged 0/82 grids. 0 flagged cells
Level[5]: dt = 0.00140306  0.00140306 (0.0028138/0.0030059)
RebuildHierarchy: level = 5
TransferSubgridParticles[5]: Moved 1 particles, 0 stars, 0 active particles.
DetermineSGSize: MaxSubgridSize = 2000, MinSubgridEdge = 4, ncells = 45272
RebuildHierarchy[5]: Flagged 0/82 grids. 0 flagged cells
Level[5]: dt = 0.000192103  0.00139594 (0.0030059/0.0030059)
EvolveLevel[5]: NumberOfSubCycles = 3 (295 total, 3 sub)
RebuildHierarchy: level = 4
TransferSubgridParticles[4]: Moved 0 particles, 0 stars, 0 active particles.
DetermineSGSize: MaxSubgridSize = 2000, MinSubgridEdge = 4, ncells = 45272
RebuildHierarchy[4]: Flagged 82/126 grids. 4759 flagged cells
LoadBalance: Number of grids moved = 83 out of 83 (0.00306516 seconds elapsed)
DetermineSGSize: MaxSubgridSize = 2000, MinSubgridEdge = 4, ncells = 45272
RebuildHierarchy[5]: Flagged 0/83 grids. 0 flagged cells
Level[4]: dt = 0.00309908  0.00296761 (0.00610498/0.00610498)
Level[5]: dt = 0.001395  0.001395 (0.001395/0.00309908)
RebuildHierarchy: level = 5
TransferSubgridParticles[5]: Moved 1 particles, 0 stars, 0 active particles.
DetermineSGSize: MaxSubgridSize = 2000, MinSubgridEdge = 4, ncells = 46080
RebuildHierarchy[5]: Flagged 0/83 grids. 0 flagged cells
Level[5]: dt = 0.00138828  0.00138828 (0.00278328/0.00309908)
RebuildHierarchy: level = 5
TransferSubgridParticles[5]: Moved 4 particles, 0 stars, 0 active particles.
DetermineSGSize: MaxSubgridSize = 2000, MinSubgridEdge = 4, ncells = 46080
RebuildHierarchy[5]: Flagged 0/83 grids. 0 flagged cells
Level[5]: dt = 0.000315798  0.00138206 (0.00309908/0.00309908)
EvolveLevel[5]: NumberOfSubCycles = 3 (298 total, 3 sub)
EvolveLevel[4]: NumberOfSubCycles = 2 (136 total, 2 sub)
RebuildHierarchy: level = 3
TransferSubgridParticles[3]: Moved 24 particles, 0 stars, 0 active particles.
DetermineSGSize: MaxSubgridSize = 2000, MinSubgridEdge = 4, ncells = 56384
RebuildHierarchy[3]: Flagged 124/403 grids. 6014 flagged cells
LoadBalance: Number of grids moved = 126 out of 127 (4.44688e-05 seconds elapsed)
DetermineSGSize: MaxSubgridSize = 2000, MinSubgridEdge = 4, ncells = 46080
RebuildHierarchy[4]: Flagged 84/127 grids. 4803 flagged cells
LoadBalance: Number of grids moved = 85 out of 85 (0.00364503 seconds elapsed)
DetermineSGSize: MaxSubgridSize = 2000, MinSubgridEdge = 4, ncells = 46080
RebuildHierarchy[5]: Flagged 0/85 grids. 0 flagged cells
Level[3]: dt = 0.00605449  0.00605449 (0.0121595/0.014776)
Level[4]: dt = 0.00292866  0.00292866 (0.00292866/0.00605449)
Level[5]: dt = 0.00138069  0.00138069 (0.00138069/0.00292866)
RebuildHierarchy: level = 5
TransferSubgridParticles[5]: Moved 0 particles, 0 stars, 0 active particles.
DetermineSGSize: MaxSubgridSize = 2000, MinSubgridEdge = 4, ncells = 46496
RebuildHierarchy[5]: Flagged 0/85 grids. 0 flagged cells
Level[5]: dt = 0.00137485  0.00137485 (0.00275553/0.00292866)
RebuildHierarchy: level = 5
TransferSubgridParticles[5]: Moved 0 particles, 0 stars, 0 active particles.
DetermineSGSize: MaxSubgridSize = 2000, MinSubgridEdge = 4, ncells = 46496
RebuildHierarchy[5]: Flagged 0/85 grids. 0 flagged cells
Level[5]: dt = 0.000173124  0.00136966 (0.00292866/0.00292866)
EvolveLevel[5]: NumberOfSubCycles = 3 (301 total, 3 sub)
RebuildHierarchy: level = 4
TransferSubgridParticles[4]: Moved 0 particles, 0 stars, 0 active particles.
DetermineSGSize: MaxSubgridSize = 2000, MinSubgridEdge = 4, ncells = 46496
RebuildHierarchy[4]: Flagged 84/127 grids. 4831 flagged cells
LoadBalance: Number of grids moved = 85 out of 85 (0.00237563 seconds elapsed)
DetermineSGSize: MaxSubgridSize = 2000, MinSubgridEdge = 4, ncells = 46496
RebuildHierarchy[5]: Flagged 0/85 grids. 0 flagged cells
Level[4]: dt = 0.00289531  0.00289531 (0.00582396/0.00605449)
Level[5]: dt = 0.00136903  0.00136903 (0.00136903/0.00289531)
RebuildHierarchy: level = 5
TransferSubgridParticles[5]: Moved 1 particles, 0 stars, 0 active particles.
DetermineSGSize: MaxSubgridSize = 2000, MinSubgridEdge = 4, ncells = 46720
RebuildHierarchy[5]: Flagged 0/85 grids. 0 flagged cells
Level[5]: dt = 0.00136421  0.00136421 (0.00273324/0.00289531)
RebuildHierarchy: level = 5
TransferSubgridParticles[5]: Moved 0 particles, 0 stars, 0 active particles.
DetermineSGSize: MaxSubgridSize = 2000, MinSubgridEdge = 4, ncells = 46720
RebuildHierarchy[5]: Flagged 0/85 grids. 0 flagged cells
Level[5]: dt = 0.000162065  0.00135963 (0.00289531/0.00289531)
EvolveLevel[5]: NumberOfSubCycles = 3 (304 total, 3 sub)
Level[4]: dt = 0.000230527  0.00286735 (0.00605449/0.00605449)
Level[5]: dt = 0.000230527  0.00135911 (0.000230527/0.000230527)
EvolveLevel[5]: NumberOfSubCycles = 1 (305 total, 1 sub)
EvolveLevel[4]: NumberOfSubCycles = 3 (139 total, 3 sub)
Level[3]: dt = 0.0026165  0.00606231 (0.014776/0.014776)
Level[4]: dt = 0.0026165  0.0028654 (0.0026165/0.0026165)
Level[5]: dt = 0.00135837  0.00135837 (0.00135837/0.0026165)
RebuildHierarchy: level = 5
TransferSubgridParticles[5]: Moved 3 particles, 0 stars, 0 active particles.
DetermineSGSize: MaxSubgridSize = 2000, MinSubgridEdge = 4, ncells = 46720
RebuildHierarchy[5]: Flagged 0/85 grids. 0 flagged cells
Level[5]: dt = 0.00125814  0.00135417 (0.0026165/0.0026165)
EvolveLevel[5]: NumberOfSubCycles = 2 (307 total, 2 sub)
EvolveLevel[4]: NumberOfSubCycles = 1 (140 total, 1 sub)
EvolveLevel[3]: NumberOfSubCycles = 3 (64 total, 3 sub)
Level[2]: dt = 0.00172377  0.0147961 (0.0312545/0.0312545)
Level[3]: dt = 0.00172377  0.00608563 (0.00172377/0.00172377)
Level[4]: dt = 0.00172377  0.00284499 (0.00172377/0.00172377)
Level[5]: dt = 0.00135053  0.00135053 (0.00135053/0.00172377)
RebuildHierarchy: level = 5
TransferSubgridParticles[5]: Moved 2 particles, 0 stars, 0 active particles.
DetermineSGSize: MaxSubgridSize = 2000, MinSubgridEdge = 4, ncells = 46720
RebuildHierarchy[5]: Flagged 0/85 grids. 0 flagged cells
Level[5]: dt = 0.000373238  0.00134704 (0.00172377/0.00172377)
EvolveLevel[5]: NumberOfSubCycles = 2 (309 total, 2 sub)
EvolveLevel[4]: NumberOfSubCycles = 1 (141 total, 1 sub)
EvolveLevel[3]: NumberOfSubCycles = 1 (65 total, 1 sub)
EvolveLevel[2]: NumberOfSubCycles = 3 (29 total, 3 sub)
RebuildHierarchy: level = 1
TransferSubgridParticles[1]: Moved 97547 particles, 0 stars, 0 active particles.
DetermineSGSize: MaxSubgridSize = 2000, MinSubgridEdge = 4, ncells = 1346456
RebuildHierarchy[1]: Flagged 950/8762 grids. 92515 flagged cells
LoadBalance: Number of grids moved = 1400 out of 1426 (0.000474405 seconds elapsed)
DetermineSGSize: MaxSubgridSize = 2000, MinSubgridEdge = 4, ncells = 284240
RebuildHierarchy[2]: Flagged 348/1426 grids. 22485 flagged cells
LoadBalance: Number of grids moved = 396 out of 401 (0.000415687 seconds elapsed)
DetermineSGSize: MaxSubgridSize = 2000, MinSubgridEdge = 4, ncells = 56376
RebuildHierarchy[3]: Flagged 124/401 grids. 6026 flagged cells
LoadBalance: Number of grids moved = 125 out of 126 (4.64842e-05 seconds elapsed)
DetermineSGSize: MaxSubgridSize = 2000, MinSubgridEdge = 4, ncells = 46720
RebuildHierarchy[4]: Flagged 82/126 grids. 4811 flagged cells
LoadBalance: Number of grids moved = 82 out of 82 (0.00296589 seconds elapsed)
DetermineSGSize: MaxSubgridSize = 2000, MinSubgridEdge = 4, ncells = 46720
RebuildHierarchy[5]: Flagged 0/82 grids. 0 flagged cells
Level[1]: dt = 0.0312828  0.0312828 (0.0625373/0.0663284)
Level[2]: dt = 0.0147983  0.0147983 (0.0147983/0.0312828)
Level[3]: dt = 0.00610608  0.00610608 (0.00610608/0.0147983)
Level[4]: dt = 0.00283368  0.00283368 (0.00283368/0.00610608)
Level[5]: dt = 0.00134617  0.00134617 (0.00134617/0.00283368)
RebuildHierarchy: level = 5
TransferSubgridParticles[5]: Moved 1 particles, 0 stars, 0 active particles.
DetermineSGSize: MaxSubgridSize = 2000, MinSubgridEdge = 4, ncells = 48024
RebuildHierarchy[5]: Flagged 0/82 grids. 0 flagged cells
Level[5]: dt = 0.00134353  0.00134353 (0.00268971/0.00283368)
RebuildHierarchy: level = 5
TransferSubgridParticles[5]: Moved 1 particles, 0 stars, 0 active particles.
DetermineSGSize: MaxSubgridSize = 2000, MinSubgridEdge = 4, ncells = 48024
RebuildHierarchy[5]: Flagged 0/82 grids. 0 flagged cells
Level[5]: dt = 0.00014397  0.00134168 (0.00283368/0.00283368)
EvolveLevel[5]: NumberOfSubCycles = 3 (312 total, 3 sub)
RebuildHierarchy: level = 4
TransferSubgridParticles[4]: Moved 2 particles, 0 stars, 0 active particles.
DetermineSGSize: MaxSubgridSize = 2000, MinSubgridEdge = 4, ncells = 48024
RebuildHierarchy[4]: Flagged 82/126 grids. 4793 flagged cells
LoadBalance: Number of grids moved = 82 out of 82 (0.00270602 seconds elapsed)
DetermineSGSize: MaxSubgridSize = 2000, MinSubgridEdge = 4, ncells = 48024
RebuildHierarchy[5]: Flagged 0/82 grids. 0 flagged cells
Level[4]: dt = 0.00281903  0.00281903 (0.00565271/0.00610608)
Level[5]: dt = 0.00134152  0.00134152 (0.00134152/0.00281903)
RebuildHierarchy: level = 5
TransferSubgridParticles[5]: Moved 2 particles, 0 stars, 0 active particles.
DetermineSGSize: MaxSubgridSize = 2000, MinSubgridEdge = 4, ncells = 47640
RebuildHierarchy[5]: Flagged 0/82 grids. 0 flagged cells
Level[5]: dt = 0.00134046  0.00134046 (0.00268198/0.00281903)
RebuildHierarchy: level = 5
TransferSubgridParticles[5]: Moved 0 particles, 0 stars, 0 active particles.
DetermineSGSize: MaxSubgridSize = 2000, MinSubgridEdge = 4, ncells = 47640
RebuildHierarchy[5]: Flagged 0/82 grids. 0 flagged cells
Level[5]: dt = 0.000137047  0.00134028 (0.00281903/0.00281903)
EvolveLevel[5]: NumberOfSubCycles = 3 (315 total, 3 sub)
Level[4]: dt = 0.000453373  0.00280906 (0.00610608/0.00610608)
Level[5]: dt = 0.000453373  0.00134029 (0.000453373/0.000453373)
EvolveLevel[5]: NumberOfSubCycles = 1 (316 total, 1 sub)
EvolveLevel[4]: NumberOfSubCycles = 3 (144 total, 3 sub)
RebuildHierarchy: level = 3
TransferSubgridParticles[3]: Moved 37 particles, 0 stars, 0 active particles.
DetermineSGSize: MaxSubgridSize = 2000, MinSubgridEdge = 4, ncells = 56992
RebuildHierarchy[3]: Flagged 124/401 grids. 6042 flagged cells
LoadBalance: Number of grids moved = 125 out of 125 (0.00469083 seconds elapsed)
DetermineSGSize: MaxSubgridSize = 2000, MinSubgridEdge = 4, ncells = 47640
RebuildHierarchy[4]: Flagged 81/125 grids. 4795 flagged cells
LoadBalance: Number of grids moved = 76 out of 82 (3.81619e-05 seconds elapsed)
DetermineSGSize: MaxSubgridSize = 2000, MinSubgridEdge = 4, ncells = 47640
RebuildHierarchy[5]: Flagged 0/82 grids. 0 flagged cells
Level[3]: dt = 0.00620135  0.00620135 (0.0123074/0.0147983)
Level[4]: dt = 0.00280789  0.00280789 (0.00280789/0.00620135)
Level[5]: dt = 0.00134037  0.00134037 (0.00134037/0.00280789)
RebuildHierarchy: level = 5
TransferSubgridParticles[5]: Moved 0 particles, 0 stars, 0 active particles.
DetermineSGSize: MaxSubgridSize = 2000, MinSubgridEdge = 4, ncells = 47608
RebuildHierarchy[5]: Flagged 0/82 grids. 0 flagged cells
Level[5]: dt = 0.00134136  0.00134136 (0.00268174/0.00280789)
RebuildHierarchy: level = 5
TransferSubgridParticles[5]: Moved 2 particles, 0 stars, 0 active particles.
DetermineSGSize: MaxSubgridSize = 2000, MinSubgridEdge = 4, ncells = 47608
RebuildHierarchy[5]: Flagged 0/82 grids. 0 flagged cells
Level[5]: dt = 0.000126159  0.00134317 (0.00280789/0.00280789)
EvolveLevel[5]: NumberOfSubCycles = 3 (319 total, 3 sub)
RebuildHierarchy: level = 4
TransferSubgridParticles[4]: Moved 0 particles, 0 stars, 0 active particles.
DetermineSGSize: MaxSubgridSize = 2000, MinSubgridEdge = 4, ncells = 47608
RebuildHierarchy[4]: Flagged 82/125 grids. 4840 flagged cells
LoadBalance: Number of grids moved = 77 out of 83 (3.85232e-05 seconds elapsed)
DetermineSGSize: MaxSubgridSize = 2000, MinSubgridEdge = 4, ncells = 47608
RebuildHierarchy[5]: Flagged 0/83 grids. 0 flagged cells
Level[4]: dt = 0.00280373  0.00280373 (0.00561163/0.00620135)
Level[5]: dt = 0.00134338  0.00134338 (0.00134338/0.00280373)
RebuildHierarchy: level = 5
TransferSubgridParticles[5]: Moved 0 particles, 0 stars, 0 active particles.
DetermineSGSize: MaxSubgridSize = 2000, MinSubgridEdge = 4, ncells = 47952
RebuildHierarchy[5]: Flagged 0/83 grids. 0 flagged cells
Level[5]: dt = 0.00134618  0.00134618 (0.00268956/0.00280373)
RebuildHierarchy: level = 5
TransferSubgridParticles[5]: Moved 1 particles, 0 stars, 0 active particles.
DetermineSGSize: MaxSubgridSize = 2000, MinSubgridEdge = 4, ncells = 47952
RebuildHierarchy[5]: Flagged 0/83 grids. 0 flagged cells
Level[5]: dt = 0.000114171  0.00134943 (0.00280373/0.00280373)
EvolveLevel[5]: NumberOfSubCycles = 3 (322 total, 3 sub)
Level[4]: dt = 0.000589722  0.00280516 (0.00620135/0.00620135)
Level[5]: dt = 0.000589722  0.00134973 (0.000589722/0.000589722)
EvolveLevel[5]: NumberOfSubCycles = 1 (323 total, 1 sub)
EvolveLevel[4]: NumberOfSubCycles = 3 (147 total, 3 sub)
Level[3]: dt = 0.00249091  0.00616119 (0.0147983/0.0147983)
Level[4]: dt = 0.00249091  0.00280623 (0.00249091/0.00249091)
Level[5]: dt = 0.00135142  0.00135142 (0.00135142/0.00249091)
RebuildHierarchy: level = 5
TransferSubgridParticles[5]: Moved 0 particles, 0 stars, 0 active particles.
DetermineSGSize: MaxSubgridSize = 2000, MinSubgridEdge = 4, ncells = 47952
RebuildHierarchy[5]: Flagged 0/83 grids. 0 flagged cells
Level[5]: dt = 0.00113949  0.00135556 (0.00249091/0.00249091)
EvolveLevel[5]: NumberOfSubCycles = 2 (325 total, 2 sub)
EvolveLevel[4]: NumberOfSubCycles = 1 (148 total, 1 sub)
EvolveLevel[3]: NumberOfSubCycles = 3 (68 total, 3 sub)
RebuildHierarchy: level = 2
TransferSubgridParticles[2]: Moved 205 particles, 0 stars, 0 active particles.
DetermineSGSize: MaxSubgridSize = 2000, MinSubgridEdge = 4, ncells = 285168
RebuildHierarchy[2]: Flagged 351/1426 grids. 22684 flagged cells
LoadBalance: Number of grids moved = 403 out of 407 (0.000414819 seconds elapsed)
DetermineSGSize: MaxSubgridSize = 2000, MinSubgridEdge = 4, ncells = 59088
RebuildHierarchy[3]: Flagged 123/407 grids. 6009 flagged cells
LoadBalance: Number of grids moved = 125 out of 125 (0.00321102 seconds elapsed)
DetermineSGSize: MaxSubgridSize = 2000, MinSubgridEdge = 4, ncells = 47952
RebuildHierarchy[4]: Flagged 83/125 grids. 4893 flagged cells
LoadBalance: Number of grids moved = 80 out of 84 (4.03821e-05 seconds elapsed)
DetermineSGSize: MaxSubgridSize = 2000, MinSubgridEdge = 4, ncells = 47952
RebuildHierarchy[5]: Flagged 0/84 grids. 0 flagged cells
Level[2]: dt = 0.014664  0.014664 (0.0294624/0.0312828)
Level[3]: dt = 0.00615182  0.00615182 (0.00615182/0.014664)
Level[4]: dt = 0.00281387  0.00281387 (0.00281387/0.00615182)
Level[5]: dt = 0.00135947  0.00135947 (0.00135947/0.00281387)
RebuildHierarchy: level = 5
TransferSubgridParticles[5]: Moved 2 particles, 0 stars, 0 active particles.
DetermineSGSize: MaxSubgridSize = 2000, MinSubgridEdge = 4, ncells = 47888
RebuildHierarchy[5]: Flagged 0/84 grids. 0 flagged cells
Level[5]: dt = 0.00135692  0.00135692 (0.00271639/0.00281387)
RebuildHierarchy: level = 5
TransferSubgridParticles[5]: Moved 3 particles, 0 stars, 0 active particles.
DetermineSGSize: MaxSubgridSize = 2000, MinSubgridEdge = 4, ncells = 47888
RebuildHierarchy[5]: Flagged 0/84 grids. 0 flagged cells
Level[5]: dt = 9.74764e-05  0.00135523 (0.00281387/0.00281387)
EvolveLevel[5]: NumberOfSubCycles = 3 (328 total, 3 sub)
RebuildHierarchy: level = 4
TransferSubgridParticles[4]: Moved 4 particles, 0 stars, 0 active particles.
DetermineSGSize: MaxSubgridSize = 2000, MinSubgridEdge = 4, ncells = 47888
RebuildHierarchy[4]: Flagged 83/125 grids. 4892 flagged cells
LoadBalance: Number of grids moved = 80 out of 84 (3.81693e-05 seconds elapsed)
DetermineSGSize: MaxSubgridSize = 2000, MinSubgridEdge = 4, ncells = 47888
RebuildHierarchy[5]: Flagged 0/84 grids. 0 flagged cells
Level[4]: dt = 0.00282823  0.00282823 (0.0056421/0.00615182)
Level[5]: dt = 0.00135511  0.00135511 (0.00135511/0.00282823)
RebuildHierarchy: level = 5
TransferSubgridParticles[5]: Moved 1 particles, 0 stars, 0 active particles.
DetermineSGSize: MaxSubgridSize = 2000, MinSubgridEdge = 4, ncells = 47792
RebuildHierarchy[5]: Flagged 0/84 grids. 0 flagged cells
Level[5]: dt = 0.00135383  0.00135383 (0.00270894/0.00282823)
RebuildHierarchy: level = 5
TransferSubgridParticles[5]: Moved 0 particles, 0 stars, 0 active particles.
DetermineSGSize: MaxSubgridSize = 2000, MinSubgridEdge = 4, ncells = 47792
RebuildHierarchy[5]: Flagged 0/84 grids. 0 flagged cells
Level[5]: dt = 0.000119288  0.00135325 (0.00282823/0.00282823)
EvolveLevel[5]: NumberOfSubCycles = 3 (331 total, 3 sub)
Level[4]: dt = 0.000509717  0.00284771 (0.00615182/0.00615182)
Level[5]: dt = 0.000509717  0.00135322 (0.000509717/0.000509717)
EvolveLevel[5]: NumberOfSubCycles = 1 (332 total, 1 sub)
EvolveLevel[4]: NumberOfSubCycles = 3 (151 total, 3 sub)
RebuildHierarchy: level = 3
TransferSubgridParticles[3]: Moved 28 particles, 0 stars, 0 active particles.
DetermineSGSize: MaxSubgridSize = 2000, MinSubgridEdge = 4, ncells = 58240
RebuildHierarchy[3]: Flagged 124/407 grids. 6030 flagged cells
LoadBalance: Number of grids moved = 126 out of 126 (0.00381097 seconds elapsed)
DetermineSGSize: MaxSubgridSize = 2000, MinSubgridEdge = 4, ncells = 47792
RebuildHierarchy[4]: Flagged 82/126 grids. 4912 flagged cells
LoadBalance: Number of grids moved = 80 out of 84 (3.80203e-05 seconds elapsed)
DetermineSGSize: MaxSubgridSize = 2000, MinSubgridEdge = 4, ncells = 47792
RebuildHierarchy[5]: Flagged 0/84 grids. 0 flagged cells
Level[3]: dt = 0.00614823  0.00614823 (0.0123/0.014664)
Level[4]: dt = 0.00285165  0.00285165 (0.00285165/0.00614823)
Level[5]: dt = 0.00135318  0.00135318 (0.00135318/0.00285165)
RebuildHierarchy: level = 5
TransferSubgridParticles[5]: Moved 1 particles, 0 stars, 0 active particles.
DetermineSGSize: MaxSubgridSize = 2000, MinSubgridEdge = 4, ncells = 48256
RebuildHierarchy[5]: Flagged 0/84 grids. 0 flagged cells
Level[5]: dt = 0.00135369  0.00135369 (0.00270687/0.00285165)
RebuildHierarchy: level = 5
TransferSubgridParticles[5]: Moved 0 particles, 0 stars, 0 active particles.
DetermineSGSize: MaxSubgridSize = 2000, MinSubgridEdge = 4, ncells = 48256
RebuildHierarchy[5]: Flagged 0/84 grids. 0 flagged cells
Level[5]: dt = 0.00014478  0.00135505 (0.00285165/0.00285165)
EvolveLevel[5]: NumberOfSubCycles = 3 (335 total, 3 sub)
RebuildHierarchy: level = 4
TransferSubgridParticles[4]: Moved 3 particles, 0 stars, 0 active particles.
DetermineSGSize: MaxSubgridSize = 2000, MinSubgridEdge = 4, ncells = 48256
RebuildHierarchy[4]: Flagged 82/126 grids. 4909 flagged cells
LoadBalance: Number of grids moved = 80 out of 84 (3.94285e-05 seconds elapsed)
DetermineSGSize: MaxSubgridSize = 2000, MinSubgridEdge = 4, ncells = 48256
RebuildHierarchy[5]: Flagged 0/84 grids. 0 flagged cells
Level[4]: dt = 0.00287557  0.00287557 (0.00572722/0.00614823)
Level[5]: dt = 0.00135525  0.00135525 (0.00135525/0.00287557)
RebuildHierarchy: level = 5
TransferSubgridParticles[5]: Moved 2 particles, 0 stars, 0 active particles.
DetermineSGSize: MaxSubgridSize = 2000, MinSubgridEdge = 4, ncells = 48088
RebuildHierarchy[5]: Flagged 0/84 grids. 0 flagged cells
Level[5]: dt = 0.00135753  0.00135753 (0.00271277/0.00287557)
RebuildHierarchy: level = 5
TransferSubgridParticles[5]: Moved 1 particles, 0 stars, 0 active particles.
DetermineSGSize: MaxSubgridSize = 2000, MinSubgridEdge = 4, ncells = 48088
RebuildHierarchy[5]: Flagged 0/84 grids. 0 flagged cells
Level[5]: dt = 0.000162801  0.00136056 (0.00287557/0.00287557)
EvolveLevel[5]: NumberOfSubCycles = 3 (338 total, 3 sub)
Level[4]: dt = 0.000421005  0.00290117 (0.00614823/0.00614823)
Level[5]: dt = 0.000421005  0.00136096 (0.000421005/0.000421005)
EvolveLevel[5]: NumberOfSubCycles = 1 (339 total, 1 sub)
EvolveLevel[4]: NumberOfSubCycles = 3 (154 total, 3 sub)
Level[3]: dt = 0.002364  0.00616989 (0.014664/0.014664)
Level[4]: dt = 0.002364  0.00290492 (0.002364/0.002364)
Level[5]: dt = 0.00136208  0.00136208 (0.00136208/0.002364)
RebuildHierarchy: level = 5
TransferSubgridParticles[5]: Moved 4 particles, 0 stars, 0 active particles.
DetermineSGSize: MaxSubgridSize = 2000, MinSubgridEdge = 4, ncells = 48088
RebuildHierarchy[5]: Flagged 0/84 grids. 0 flagged cells
Level[5]: dt = 0.00100192  0.00136613 (0.002364/0.002364)
EvolveLevel[5]: NumberOfSubCycles = 2 (341 total, 2 sub)
EvolveLevel[4]: NumberOfSubCycles = 1 (155 total, 1 sub)
EvolveLevel[3]: NumberOfSubCycles = 3 (71 total, 3 sub)
Level[2]: dt = 0.00182041  0.0143942 (0.0312828/0.0312828)
Level[3]: dt = 0.00182041  0.00618556 (0.00182041/0.00182041)
Level[4]: dt = 0.00182041  0.00292629 (0.00182041/0.00182041)
Level[5]: dt = 0.00136952  0.00136952 (0.00136952/0.00182041)
RebuildHierarchy: level = 5
TransferSubgridParticles[5]: Moved 3 particles, 0 stars, 0 active particles.
DetermineSGSize: MaxSubgridSize = 2000, MinSubgridEdge = 4, ncells = 48088
RebuildHierarchy[5]: Flagged 0/84 grids. 0 flagged cells
Level[5]: dt = 0.000450885  0.00137449 (0.00182041/0.00182041)
EvolveLevel[5]: NumberOfSubCycles = 2 (343 total, 2 sub)
EvolveLevel[4]: NumberOfSubCycles = 1 (156 total, 1 sub)
EvolveLevel[3]: NumberOfSubCycles = 1 (72 total, 1 sub)
EvolveLevel[2]: NumberOfSubCycles = 3 (32 total, 3 sub)
Level[1]: dt = 0.00379117  0.031484 (0.0663284/0.0663284)
Level[2]: dt = 0.00379117  0.0143717 (0.00379117/0.00379117)
Level[3]: dt = 0.00379117  0.00620114 (0.00379117/0.00379117)
Level[4]: dt = 0.00294253  0.00294253 (0.00294253/0.00379117)
Level[5]: dt = 0.00137622  0.00137622 (0.00137622/0.00294253)
RebuildHierarchy: level = 5
TransferSubgridParticles[5]: Moved 3 particles, 0 stars, 0 active particles.
DetermineSGSize: MaxSubgridSize = 2000, MinSubgridEdge = 4, ncells = 48088
RebuildHierarchy[5]: Flagged 0/84 grids. 0 flagged cells
Level[5]: dt = 0.00138194  0.00138194 (0.00275816/0.00294253)
RebuildHierarchy: level = 5
TransferSubgridParticles[5]: Moved 2 particles, 0 stars, 0 active particles.
DetermineSGSize: MaxSubgridSize = 2000, MinSubgridEdge = 4, ncells = 48088
RebuildHierarchy[5]: Flagged 0/84 grids. 0 flagged cells
Level[5]: dt = 0.000184364  0.00138783 (0.00294253/0.00294253)
EvolveLevel[5]: NumberOfSubCycles = 3 (346 total, 3 sub)
RebuildHierarchy: level = 4
TransferSubgridParticles[4]: Moved 5 particles, 0 stars, 0 active particles.
DetermineSGSize: MaxSubgridSize = 2000, MinSubgridEdge = 4, ncells = 48088
RebuildHierarchy[4]: Flagged 82/126 grids. 4988 flagged cells
LoadBalance: Number of grids moved = 81 out of 85 (3.72082e-05 seconds elapsed)
DetermineSGSize: MaxSubgridSize = 2000, MinSubgridEdge = 4, ncells = 48088
RebuildHierarchy[5]: Flagged 0/85 grids. 0 flagged cells
Level[4]: dt = 0.000848645  0.00295646 (0.00379117/0.00379117)
Level[5]: dt = 0.000848645  0.00138864 (0.000848645/0.000848645)
EvolveLevel[5]: NumberOfSubCycles = 1 (347 total, 1 sub)
EvolveLevel[4]: NumberOfSubCycles = 2 (158 total, 2 sub)
EvolveLevel[3]: NumberOfSubCycles = 1 (73 total, 1 sub)
EvolveLevel[2]: NumberOfSubCycles = 1 (33 total, 1 sub)
EvolveLevel[1]: NumberOfSubCycles = 3 (13 total, 3 sub)
EvolveLevel[0]: NumberOfSubCycles = 1 (5 total, 5 sub)
CPUTime-output: Frac = 0.999994, Current = 76.7839 (76.7839), Stop = 2592000.000000, Last = 16.4618
Level[0]: dt = 0.0663674  0.0663674 (0.0663674/0.0663674)
Level[1]: dt = 0.0315174  0.0315174 (0.0315174/0.0663674)
Level[2]: dt = 0.0143265  0.0143265 (0.0143265/0.0315174)
Level[3]: dt = 0.00624424  0.00624424 (0.00624424/0.0143265)
Level[4]: dt = 0.0029572  0.0029572 (0.0029572/0.00624424)
Level[5]: dt = 0.00139253  0.00139253 (0.00139253/0.0029572)
RebuildHierarchy: level = 5
TransferSubgridParticles[5]: Moved 4 particles, 0 stars, 0 active particles.
DetermineSGSize: MaxSubgridSize = 2000, MinSubgridEdge = 4, ncells = 47656
RebuildHierarchy[5]: Flagged 0/85 grids. 0 flagged cells
Level[5]: dt = 0.00139273  0.00139273 (0.00278526/0.0029572)
RebuildHierarchy: level = 5
TransferSubgridParticles[5]: Moved 2 particles, 0 stars, 0 active particles.
DetermineSGSize: MaxSubgridSize = 2000, MinSubgridEdge = 4, ncells = 47656
RebuildHierarchy[5]: Flagged 0/85 grids. 0 flagged cells
Level[5]: dt = 0.000171948  0.00139206 (0.0029572/0.0029572)
EvolveLevel[5]: NumberOfSubCycles = 3 (350 total, 3 sub)
RebuildHierarchy: level = 4
TransferSubgridParticles[4]: Moved 2 particles, 0 stars, 0 active particles.
DetermineSGSize: MaxSubgridSize = 2000, MinSubgridEdge = 4, ncells = 47656
RebuildHierarchy[4]: Flagged 82/126 grids. 4977 flagged cells
LoadBalance: Number of grids moved = 81 out of 85 (3.81432e-05 seconds elapsed)
DetermineSGSize: MaxSubgridSize = 2000, MinSubgridEdge = 4, ncells = 47656
RebuildHierarchy[5]: Flagged 0/85 grids. 0 flagged cells
Level[4]: dt = 0.00296364  0.00296364 (0.00592084/0.00624424)
Level[5]: dt = 0.001392  0.001392 (0.001392/0.00296364)
RebuildHierarchy: level = 5
TransferSubgridParticles[5]: Moved 1 particles, 0 stars, 0 active particles.
DetermineSGSize: MaxSubgridSize = 2000, MinSubgridEdge = 4, ncells = 47400
RebuildHierarchy[5]: Flagged 0/85 grids. 0 flagged cells
Level[5]: dt = 0.00139181  0.00139181 (0.00278381/0.00296364)
RebuildHierarchy: level = 5
TransferSubgridParticles[5]: Moved 4 particles, 0 stars, 0 active particles.
DetermineSGSize: MaxSubgridSize = 2000, MinSubgridEdge = 4, ncells = 47400
RebuildHierarchy[5]: Flagged 0/85 grids. 0 flagged cells
Level[5]: dt = 0.000179827  0.00139207 (0.00296364/0.00296364)
EvolveLevel[5]: NumberOfSubCycles = 3 (353 total, 3 sub)
P(0) -- CFRFl warn: -2.021452e-13 -7.955016e-12 -3.498548e-12 -4.456467e-12 5 5 6 0 [14]
Level[4]: dt = 0.000323405  0.00297549 (0.00624424/0.00624424)
Level[5]: dt = 0.000323405  0.00139214 (0.000323405/0.000323405)
EvolveLevel[5]: NumberOfSubCycles = 1 (354 total, 1 sub)
EvolveLevel[4]: NumberOfSubCycles = 3 (161 total, 3 sub)
RebuildHierarchy: level = 3
TransferSubgridParticles[3]: Moved 74 particles, 0 stars, 0 active particles.
DetermineSGSize: MaxSubgridSize = 2000, MinSubgridEdge = 4, ncells = 58240
RebuildHierarchy[3]: Flagged 126/407 grids. 6149 flagged cells
LoadBalance: Number of grids moved = 127 out of 127 (0.00300602 seconds elapsed)
DetermineSGSize: MaxSubgridSize = 2000, MinSubgridEdge = 4, ncells = 47400
RebuildHierarchy[4]: Flagged 82/127 grids. 4970 flagged cells
LoadBalance: Number of grids moved = 82 out of 85 (3.74503e-05 seconds elapsed)
DetermineSGSize: MaxSubgridSize = 2000, MinSubgridEdge = 4, ncells = 47400
RebuildHierarchy[5]: Flagged 0/85 grids. 0 flagged cells
Level[3]: dt = 0.00634748  0.00634748 (0.0125917/0.0143265)
Level[4]: dt = 0.00297711  0.00297711 (0.00297711/0.00634748)
Level[5]: dt = 0.0013923  0.0013923 (0.0013923/0.00297711)
RebuildHierarchy: level = 5
TransferSubgridParticles[5]: Moved 0 particles, 0 stars, 0 active particles.
DetermineSGSize: MaxSubgridSize = 2000, MinSubgridEdge = 4, ncells = 47496
RebuildHierarchy[5]: Flagged 0/85 grids. 0 flagged cells
Level[5]: dt = 0.00139339  0.00139339 (0.00278569/0.00297711)
RebuildHierarchy: level = 5
TransferSubgridParticles[5]: Moved 2 particles, 0 stars, 0 active particles.
DetermineSGSize: MaxSubgridSize = 2000, MinSubgridEdge = 4, ncells = 47496
RebuildHierarchy[5]: Flagged 0/85 grids. 0 flagged cells
Level[5]: dt = 0.000191419  0.00139499 (0.00297711/0.00297711)
EvolveLevel[5]: NumberOfSubCycles = 3 (357 total, 3 sub)
P(0) -- CFRFl warn: -3.242518e-13 -7.858834e-12 -3.373576e-12 -4.485258e-12 5 5 6 0 [14]
RebuildHierarchy: level = 4
TransferSubgridParticles[4]: Moved 1 particles, 0 stars, 0 active particles.
DetermineSGSize: MaxSubgridSize = 2000, MinSubgridEdge = 4, ncells = 47496
RebuildHierarchy[4]: Flagged 82/127 grids. 4959 flagged cells
LoadBalance: Number of grids moved = 82 out of 85 (3.7428e-05 seconds elapsed)
DetermineSGSize: MaxSubgridSize = 2000, MinSubgridEdge = 4, ncells = 47496
RebuildHierarchy[5]: Flagged 0/85 grids. 0 flagged cells
Level[4]: dt = 0.00299494  0.00299494 (0.00597205/0.00634748)
Level[5]: dt = 0.00139525  0.00139525 (0.00139525/0.00299494)
RebuildHierarchy: level = 5
TransferSubgridParticles[5]: Moved 1 particles, 0 stars, 0 active particles.
DetermineSGSize: MaxSubgridSize = 2000, MinSubgridEdge = 4, ncells = 47560
RebuildHierarchy[5]: Flagged 0/85 grids. 0 flagged cells
Level[5]: dt = 0.00139758  0.00139758 (0.00279283/0.00299494)
RebuildHierarchy: level = 5
TransferSubgridParticles[5]: Moved 0 particles, 0 stars, 0 active particles.
DetermineSGSize: MaxSubgridSize = 2000, MinSubgridEdge = 4, ncells = 47560
RebuildHierarchy[5]: Flagged 0/85 grids. 0 flagged cells
Level[5]: dt = 0.000202115  0.00140036 (0.00299494/0.00299494)
EvolveLevel[5]: NumberOfSubCycles = 3 (360 total, 3 sub)
P(0) -- CFRFl warn: -8.052742e-13 -8.195040e-12 -3.307401e-12 -4.887639e-12 5 5 6 0 [14]
Level[4]: dt = 0.000375431  0.00301676 (0.00634748/0.00634748)
Level[5]: dt = 0.000375431  0.00140078 (0.000375431/0.000375431)
EvolveLevel[5]: NumberOfSubCycles = 1 (361 total, 1 sub)
EvolveLevel[4]: NumberOfSubCycles = 3 (164 total, 3 sub)
Level[3]: dt = 0.0017348  0.00648128 (0.0143265/0.0143265)
Level[4]: dt = 0.0017348  0.0030196 (0.0017348/0.0017348)
Level[5]: dt = 0.00140162  0.00140162 (0.00140162/0.0017348)
RebuildHierarchy: level = 5
TransferSubgridParticles[5]: Moved 1 particles, 0 stars, 0 active particles.
DetermineSGSize: MaxSubgridSize = 2000, MinSubgridEdge = 4, ncells = 47560
RebuildHierarchy[5]: Flagged 0/85 grids. 0 flagged cells
Level[5]: dt = 0.000333177  0.00140514 (0.0017348/0.0017348)
EvolveLevel[5]: NumberOfSubCycles = 2 (363 total, 2 sub)
EvolveLevel[4]: NumberOfSubCycles = 1 (165 total, 1 sub)
EvolveLevel[3]: NumberOfSubCycles = 3 (76 total, 3 sub)
RebuildHierarchy: level = 2
TransferSubgridParticles[2]: Moved 523 particles, 0 stars, 0 active particles.
DetermineSGSize: MaxSubgridSize = 2000, MinSubgridEdge = 4, ncells = 288512
RebuildHierarchy[2]: Flagged 354/1426 grids. 22977 flagged cells
LoadBalance: Number of grids moved = 369 out of 405 (0.00013053 seconds elapsed)
DetermineSGSize: MaxSubgridSize = 2000, MinSubgridEdge = 4, ncells = 60192
RebuildHierarchy[3]: Flagged 127/405 grids. 6258 flagged cells
LoadBalance: Number of grids moved = 130 out of 130 (0.0029844 seconds elapsed)
DetermineSGSize: MaxSubgridSize = 2000, MinSubgridEdge = 4, ncells = 47560
RebuildHierarchy[4]: Flagged 83/130 grids. 4938 flagged cells
LoadBalance: Number of grids moved = 82 out of 85 (3.71523e-05 seconds elapsed)
DetermineSGSize: MaxSubgridSize = 2000, MinSubgridEdge = 4, ncells = 47560
RebuildHierarchy[5]: Flagged 0/85 grids. 0 flagged cells
Level[2]: dt = 0.0141612  0.0141612 (0.0284877/0.0315174)
Level[3]: dt = 0.00651961  0.00651961 (0.00651961/0.0141612)
Level[4]: dt = 0.00303299  0.00303299 (0.00303299/0.00651961)
Level[5]: dt = 0.00140601  0.00140601 (0.00140601/0.00303299)
RebuildHierarchy: level = 5
TransferSubgridParticles[5]: Moved 1 particles, 0 stars, 0 active particles.
DetermineSGSize: MaxSubgridSize = 2000, MinSubgridEdge = 4, ncells = 48264
RebuildHierarchy[5]: Flagged 0/85 grids. 0 flagged cells
Level[5]: dt = 0.0014102  0.0014102 (0.00281621/0.00303299)
RebuildHierarchy: level = 5
TransferSubgridParticles[5]: Moved 1 particles, 0 stars, 0 active particles.
DetermineSGSize: MaxSubgridSize = 2000, MinSubgridEdge = 4, ncells = 48264
RebuildHierarchy[5]: Flagged 0/85 grids. 0 flagged cells
Level[5]: dt = 0.000216779  0.00141477 (0.00303299/0.00303299)
EvolveLevel[5]: NumberOfSubCycles = 3 (366 total, 3 sub)
P(0) -- CFRFl warn: -1.216097e-12 -8.381167e-12 -3.210553e-12 -5.170614e-12 5 5 6 0 [14]
RebuildHierarchy: level = 4
TransferSubgridParticles[4]: Moved 3 particles, 0 stars, 0 active particles.
DetermineSGSize: MaxSubgridSize = 2000, MinSubgridEdge = 4, ncells = 48264
RebuildHierarchy[4]: Flagged 83/130 grids. 4960 flagged cells
LoadBalance: Number of grids moved = 82 out of 85 (3.75733e-05 seconds elapsed)
DetermineSGSize: MaxSubgridSize = 2000, MinSubgridEdge = 4, ncells = 48264
RebuildHierarchy[5]: Flagged 0/85 grids. 0 flagged cells
Level[4]: dt = 0.00305587  0.00305587 (0.00608886/0.00651961)
Level[5]: dt = 0.00141549  0.00141549 (0.00141549/0.00305587)
RebuildHierarchy: level = 5
TransferSubgridParticles[5]: Moved 1 particles, 0 stars, 0 active particles.
DetermineSGSize: MaxSubgridSize = 2000, MinSubgridEdge = 4, ncells = 48432
RebuildHierarchy[5]: Flagged 0/85 grids. 0 flagged cells
Level[5]: dt = 0.00142066  0.00142066 (0.00283614/0.00305587)
RebuildHierarchy: level = 5
TransferSubgridParticles[5]: Moved 1 particles, 0 stars, 0 active particles.
DetermineSGSize: MaxSubgridSize = 2000, MinSubgridEdge = 4, ncells = 48432
RebuildHierarchy[5]: Flagged 0/85 grids. 0 flagged cells
Level[5]: dt = 0.000219725  0.00142612 (0.00305587/0.00305587)
EvolveLevel[5]: NumberOfSubCycles = 3 (369 total, 3 sub)
P(0) -- CFRFl warn: -6.977811e-13 -7.777206e-12 -3.181027e-12 -4.596179e-12 5 5 6 0 [14]
Level[4]: dt = 0.000430757  0.00307752 (0.00651961/0.00651961)
Level[5]: dt = 0.000430757  0.00142697 (0.000430757/0.000430757)
EvolveLevel[5]: NumberOfSubCycles = 1 (370 total, 1 sub)
EvolveLevel[4]: NumberOfSubCycles = 3 (168 total, 3 sub)
RebuildHierarchy: level = 3
TransferSubgridParticles[3]: Moved 30 particles, 0 stars, 0 active particles.
DetermineSGSize: MaxSubgridSize = 2000, MinSubgridEdge = 4, ncells = 61480
RebuildHierarchy[3]: Flagged 128/405 grids. 6291 flagged cells
LoadBalance: Number of grids moved = 131 out of 131 (0.00272465 seconds elapsed)
DetermineSGSize: MaxSubgridSize = 2000, MinSubgridEdge = 4, ncells = 48432
RebuildHierarchy[4]: Flagged 84/131 grids. 4979 flagged cells
LoadBalance: Number of grids moved = 83 out of 86 (3.79905e-05 seconds elapsed)
DetermineSGSize: MaxSubgridSize = 2000, MinSubgridEdge = 4, ncells = 48432
RebuildHierarchy[5]: Flagged 0/86 grids. 0 flagged cells
Level[3]: dt = 0.00665797  0.00665797 (0.0131776/0.0141612)
Level[4]: dt = 0.00307957  0.00307957 (0.00307957/0.00665797)
Level[5]: dt = 0.00142869  0.00142869 (0.00142869/0.00307957)
RebuildHierarchy: level = 5
TransferSubgridParticles[5]: Moved 2 particles, 0 stars, 0 active particles.
DetermineSGSize: MaxSubgridSize = 2000, MinSubgridEdge = 4, ncells = 48736
RebuildHierarchy[5]: Flagged 0/86 grids. 0 flagged cells
Level[5]: dt = 0.00143458  0.00143458 (0.00286327/0.00307957)
RebuildHierarchy: level = 5
TransferSubgridParticles[5]: Moved 3 particles, 0 stars, 0 active particles.
DetermineSGSize: MaxSubgridSize = 2000, MinSubgridEdge = 4, ncells = 48736
RebuildHierarchy[5]: Flagged 0/86 grids. 0 flagged cells
Level[5]: dt = 0.000216298  0.00144061 (0.00307957/0.00307957)
EvolveLevel[5]: NumberOfSubCycles = 3 (373 total, 3 sub)
P(0) -- CFRFl warn: -1.710995e-12 -8.672488e-12 -3.118353e-12 -5.554135e-12 5 5 6 0 [14]
RebuildHierarchy: level = 4
TransferSubgridParticles[4]: Moved 1 particles, 0 stars, 0 active particles.
DetermineSGSize: MaxSubgridSize = 2000, MinSubgridEdge = 4, ncells = 48736
RebuildHierarchy[4]: Flagged 84/131 grids. 4950 flagged cells
LoadBalance: Number of grids moved = 82 out of 85 (3.83593e-05 seconds elapsed)
DetermineSGSize: MaxSubgridSize = 2000, MinSubgridEdge = 4, ncells = 48736
RebuildHierarchy[5]: Flagged 0/85 grids. 0 flagged cells
Level[4]: dt = 0.00308886  0.00308886 (0.00616843/0.00665797)
Level[5]: dt = 0.00144153  0.00144153 (0.00144153/0.00308886)
RebuildHierarchy: level = 5
TransferSubgridParticles[5]: Moved 1 particles, 0 stars, 0 active particles.
DetermineSGSize: MaxSubgridSize = 2000, MinSubgridEdge = 4, ncells = 48400
RebuildHierarchy[5]: Flagged 0/85 grids. 0 flagged cells
Level[5]: dt = 0.00144783  0.00144783 (0.00288935/0.00308886)
RebuildHierarchy: level = 5
TransferSubgridParticles[5]: Moved 3 particles, 0 stars, 0 active particles.
DetermineSGSize: MaxSubgridSize = 2000, MinSubgridEdge = 4, ncells = 48400
RebuildHierarchy[5]: Flagged 0/85 grids. 0 flagged cells
Level[5]: dt = 0.000199503  0.00145404 (0.00308886/0.00308886)
EvolveLevel[5]: NumberOfSubCycles = 3 (376 total, 3 sub)
P(0) -- CFRFl warn: -1.107047e-12 -7.991099e-12 -3.084254e-12 -4.906845e-12 5 5 6 0 [14]
Level[4]: dt = 0.000489548  0.00309806 (0.00665797/0.00665797)
Level[5]: dt = 0.000489548  0.00145482 (0.000489548/0.000489548)
EvolveLevel[5]: NumberOfSubCycles = 1 (377 total, 1 sub)
EvolveLevel[4]: NumberOfSubCycles = 3 (171 total, 3 sub)
Level[3]: dt = 0.000983582  0.00672785 (0.0141612/0.0141612)
Level[4]: dt = 0.000983582  0.0030995 (0.000983582/0.000983582)
Level[5]: dt = 0.000983582  0.00145674 (0.000983582/0.000983582)
EvolveLevel[5]: NumberOfSubCycles = 1 (378 total, 1 sub)
EvolveLevel[4]: NumberOfSubCycles = 1 (172 total, 1 sub)
EvolveLevel[3]: NumberOfSubCycles = 3 (79 total, 3 sub)
Level[2]: dt = 0.00302975  0.0140594 (0.0315174/0.0315174)
Level[3]: dt = 0.00302975  0.00673189 (0.00302975/0.00302975)
Level[4]: dt = 0.00302975  0.00310242 (0.00302975/0.00302975)
Level[5]: dt = 0.00146049  0.00146049 (0.00146049/0.00302975)
RebuildHierarchy: level = 5
TransferSubgridParticles[5]: Moved 5 particles, 0 stars, 0 active particles.
DetermineSGSize: MaxSubgridSize = 2000, MinSubgridEdge = 4, ncells = 48400
RebuildHierarchy[5]: Flagged 0/85 grids. 0 flagged cells
Level[5]: dt = 0.00146572  0.00146572 (0.00292621/0.00302975)
RebuildHierarchy: level = 5
TransferSubgridParticles[5]: Moved 2 particles, 0 stars, 0 active particles.
DetermineSGSize: MaxSubgridSize = 2000, MinSubgridEdge = 4, ncells = 48400
RebuildHierarchy[5]: Flagged 0/85 grids. 0 flagged cells
Level[5]: dt = 0.000103543  0.00147042 (0.00302975/0.00302975)
EvolveLevel[5]: NumberOfSubCycles = 3 (381 total, 3 sub)
P(0) -- CFRFl warn: -1.181066e-12 -7.914787e-12 -2.988106e-12 -4.926681e-12 5 5 6 0 [14]
EvolveLevel[4]: NumberOfSubCycles = 1 (173 total, 1 sub)
EvolveLevel[3]: NumberOfSubCycles = 1 (80 total, 1 sub)
EvolveLevel[2]: NumberOfSubCycles = 3 (36 total, 3 sub)
RebuildHierarchy: level = 1
TransferSubgridParticles[1]: Moved 10768 particles, 0 stars, 0 active particles.
DetermineSGSize: MaxSubgridSize = 2000, MinSubgridEdge = 4, ncells = 1361312
RebuildHierarchy[1]: Flagged 953/8762 grids. 93738 flagged cells
LoadBalance: Number of grids moved = 1381 out of 1432 (0.000473812 seconds elapsed)
DetermineSGSize: MaxSubgridSize = 2000, MinSubgridEdge = 4, ncells = 293776
RebuildHierarchy[2]: Flagged 355/1432 grids. 23091 flagged cells
LoadBalance: Number of grids moved = 378 out of 411 (0.000126921 seconds elapsed)
DetermineSGSize: MaxSubgridSize = 2000, MinSubgridEdge = 4, ncells = 61808
RebuildHierarchy[3]: Flagged 126/411 grids. 6313 flagged cells
LoadBalance: Number of grids moved = 131 out of 131 (0.00299332 seconds elapsed)
DetermineSGSize: MaxSubgridSize = 2000, MinSubgridEdge = 4, ncells = 48400
RebuildHierarchy[4]: Flagged 86/131 grids. 4954 flagged cells
LoadBalance: Number of grids moved = 83 out of 86 (3.73013e-05 seconds elapsed)
DetermineSGSize: MaxSubgridSize = 2000, MinSubgridEdge = 4, ncells = 48400
RebuildHierarchy[5]: Flagged 0/86 grids. 0 flagged cells
Level[1]: dt = 0.0318215  0.0318215 (0.0633389/0.0663674)
Level[2]: dt = 0.0140511  0.0140511 (0.0140511/0.0318215)
Level[3]: dt = 0.0067442  0.0067442 (0.0067442/0.0140511)
Level[4]: dt = 0.00311137  0.00311137 (0.00311137/0.0067442)
Level[5]: dt = 0.00147073  0.00147073 (0.00147073/0.00311137)
RebuildHierarchy: level = 5
TransferSubgridParticles[5]: Moved 3 particles, 0 stars, 0 active particles.
DetermineSGSize: MaxSubgridSize = 2000, MinSubgridEdge = 4, ncells = 48696
RebuildHierarchy[5]: Flagged 0/86 grids. 0 flagged cells
Level[5]: dt = 0.0014743  0.0014743 (0.00294503/0.00311137)
RebuildHierarchy: level = 5
TransferSubgridParticles[5]: Moved 1 particles, 0 stars, 0 active particles.
DetermineSGSize: MaxSubgridSize = 2000, MinSubgridEdge = 4, ncells = 48696
RebuildHierarchy[5]: Flagged 0/86 grids. 0 flagged cells
Level[5]: dt = 0.000166336  0.0014717 (0.00311137/0.00311137)
EvolveLevel[5]: NumberOfSubCycles = 3 (384 total, 3 sub)
P(0) -- CFRFl warn: -1.932197e-12 -8.704805e-12 -3.047843e-12 -5.656962e-12 5 5 6 0 [14]
RebuildHierarchy: level = 4
TransferSubgridParticles[4]: Moved 4 particles, 0 stars, 0 active particles.
DetermineSGSize: MaxSubgridSize = 2000, MinSubgridEdge = 4, ncells = 48696
RebuildHierarchy[4]: Flagged 86/131 grids. 4959 flagged cells
LoadBalance: Number of grids moved = 83 out of 86 (3.67202e-05 seconds elapsed)
DetermineSGSize: MaxSubgridSize = 2000, MinSubgridEdge = 4, ncells = 48696
RebuildHierarchy[5]: Flagged 0/86 grids. 0 flagged cells
Level[4]: dt = 0.00312047  0.00312047 (0.00623184/0.0067442)
Level[5]: dt = 0.00147145  0.00147145 (0.00147145/0.00312047)
RebuildHierarchy: level = 5
TransferSubgridParticles[5]: Moved 0 particles, 0 stars, 0 active particles.
DetermineSGSize: MaxSubgridSize = 2000, MinSubgridEdge = 4, ncells = 48624
RebuildHierarchy[5]: Flagged 0/86 grids. 0 flagged cells
Level[5]: dt = 0.00146585  0.00146585 (0.00293731/0.00312047)
RebuildHierarchy: level = 5
TransferSubgridParticles[5]: Moved 0 particles, 0 stars, 0 active particles.
DetermineSGSize: MaxSubgridSize = 2000, MinSubgridEdge = 4, ncells = 48624
RebuildHierarchy[5]: Flagged 0/86 grids. 0 flagged cells
Level[5]: dt = 0.000183161  0.00145708 (0.00312047/0.00312047)
EvolveLevel[5]: NumberOfSubCycles = 3 (387 total, 3 sub)
P(0) -- CFRFl warn: -2.308554e-12 -9.056231e-12 -3.036526e-12 -6.019705e-12 5 5 6 0 [14]
Level[4]: dt = 0.000512368  0.00312951 (0.0067442/0.0067442)
Level[5]: dt = 0.000512368  0.00145613 (0.000512368/0.000512368)
EvolveLevel[5]: NumberOfSubCycles = 1 (388 total, 1 sub)
EvolveLevel[4]: NumberOfSubCycles = 3 (176 total, 3 sub)
RebuildHierarchy: level = 3
TransferSubgridParticles[3]: Moved 31 particles, 0 stars, 0 active particles.
DetermineSGSize: MaxSubgridSize = 2000, MinSubgridEdge = 4, ncells = 60272
RebuildHierarchy[3]: Flagged 127/411 grids. 6303 flagged cells
LoadBalance: Number of grids moved = 130 out of 131 (4.61824e-05 seconds elapsed)
DetermineSGSize: MaxSubgridSize = 2000, MinSubgridEdge = 4, ncells = 48624
RebuildHierarchy[4]: Flagged 86/131 grids. 4949 flagged cells
LoadBalance: Number of grids moved = 86 out of 86 (0.00275413 seconds elapsed)
DetermineSGSize: MaxSubgridSize = 2000, MinSubgridEdge = 4, ncells = 48624
RebuildHierarchy[5]: Flagged 0/86 grids. 0 flagged cells
Level[3]: dt = 0.00674597  0.00674597 (0.0134902/0.0140511)
Level[4]: dt = 0.00313099  0.00313099 (0.00313099/0.00674597)
Level[5]: dt = 0.00145357  0.00145357 (0.00145357/0.00313099)
RebuildHierarchy: level = 5
TransferSubgridParticles[5]: Moved 2 particles, 0 stars, 0 active particles.
DetermineSGSize: MaxSubgridSize = 2000, MinSubgridEdge = 4, ncells = 48808
RebuildHierarchy[5]: Flagged 0/86 grids. 0 flagged cells
Level[5]: dt = 0.00144705  0.00144705 (0.00290062/0.00313099)
RebuildHierarchy: level = 5
TransferSubgridParticles[5]: Moved 5 particles, 0 stars, 0 active particles.
DetermineSGSize: MaxSubgridSize = 2000, MinSubgridEdge = 4, ncells = 48808
RebuildHierarchy[5]: Flagged 0/86 grids. 0 flagged cells
Level[5]: dt = 0.000230368  0.0014416 (0.00313099/0.00313099)
EvolveLevel[5]: NumberOfSubCycles = 3 (391 total, 3 sub)
RebuildHierarchy: level = 4
TransferSubgridParticles[4]: Moved 2 particles, 0 stars, 0 active particles.
DetermineSGSize: MaxSubgridSize = 2000, MinSubgridEdge = 4, ncells = 48808
RebuildHierarchy[4]: Flagged 86/131 grids. 4955 flagged cells
LoadBalance: Number of grids moved = 86 out of 86 (0.00241175 seconds elapsed)
DetermineSGSize: MaxSubgridSize = 2000, MinSubgridEdge = 4, ncells = 48808
RebuildHierarchy[5]: Flagged 0/86 grids. 0 flagged cells
Level[4]: dt = 0.00314001  0.00314001 (0.006271/0.00674597)
Level[5]: dt = 0.00144084  0.00144084 (0.00144084/0.00314001)
RebuildHierarchy: level = 5
TransferSubgridParticles[5]: Moved 1 particles, 0 stars, 0 active particles.
DetermineSGSize: MaxSubgridSize = 2000, MinSubgridEdge = 4, ncells = 48952
RebuildHierarchy[5]: Flagged 0/86 grids. 0 flagged cells
Level[5]: dt = 0.00143676  0.00143676 (0.00287761/0.00314001)
RebuildHierarchy: level = 5
TransferSubgridParticles[5]: Moved 2 particles, 0 stars, 0 active particles.
DetermineSGSize: MaxSubgridSize = 2000, MinSubgridEdge = 4, ncells = 48952
RebuildHierarchy[5]: Flagged 0/86 grids. 0 flagged cells
Level[5]: dt = 0.000262406  0.00143367 (0.00314001/0.00314001)
EvolveLevel[5]: NumberOfSubCycles = 3 (394 total, 3 sub)
Level[4]: dt = 0.000474971  0.00314897 (0.00674597/0.00674597)
Level[5]: dt = 0.000474971  0.00143322 (0.000474971/0.000474971)
EvolveLevel[5]: NumberOfSubCycles = 1 (395 total, 1 sub)
EvolveLevel[4]: NumberOfSubCycles = 3 (179 total, 3 sub)
Level[3]: dt = 0.000560894  0.00671548 (0.0140511/0.0140511)
Level[4]: dt = 0.000560894  0.00315031 (0.000560894/0.000560894)
Level[5]: dt = 0.000560894  0.00143249 (0.000560894/0.000560894)
EvolveLevel[5]: NumberOfSubCycles = 1 (396 total, 1 sub)
EvolveLevel[4]: NumberOfSubCycles = 1 (180 total, 1 sub)
EvolveLevel[3]: NumberOfSubCycles = 3 (83 total, 3 sub)
RebuildHierarchy: level = 2
TransferSubgridParticles[2]: Moved 259 particles, 0 stars, 0 active particles.
DetermineSGSize: MaxSubgridSize = 2000, MinSubgridEdge = 4, ncells = 294240
RebuildHierarchy[2]: Flagged 358/1432 grids. 23290 flagged cells
LoadBalance: Number of grids moved = 385 out of 417 (0.000354022 seconds elapsed)
DetermineSGSize: MaxSubgridSize = 2000, MinSubgridEdge = 4, ncells = 60240
RebuildHierarchy[3]: Flagged 131/417 grids. 6359 flagged cells
LoadBalance: Number of grids moved = 134 out of 135 (4.787e-05 seconds elapsed)
DetermineSGSize: MaxSubgridSize = 2000, MinSubgridEdge = 4, ncells = 48952
RebuildHierarchy[4]: Flagged 86/135 grids. 4949 flagged cells
LoadBalance: Number of grids moved = 86 out of 86 (0.00277673 seconds elapsed)
DetermineSGSize: MaxSubgridSize = 2000, MinSubgridEdge = 4, ncells = 48952
RebuildHierarchy[5]: Flagged 0/86 grids. 0 flagged cells
Level[2]: dt = 0.0140397  0.0140397 (0.0280908/0.0318215)
Level[3]: dt = 0.0067133  0.0067133 (0.0067133/0.0140397)
Level[4]: dt = 0.00315189  0.00315189 (0.00315189/0.0067133)
Level[5]: dt = 0.0014318  0.0014318 (0.0014318/0.00315189)
RebuildHierarchy: level = 5
TransferSubgridParticles[5]: Moved 1 particles, 0 stars, 0 active particles.
DetermineSGSize: MaxSubgridSize = 2000, MinSubgridEdge = 4, ncells = 48920
RebuildHierarchy[5]: Flagged 0/86 grids. 0 flagged cells
Level[5]: dt = 0.00143078  0.00143078 (0.00286258/0.00315189)
RebuildHierarchy: level = 5
TransferSubgridParticles[5]: Moved 3 particles, 0 stars, 0 active particles.
DetermineSGSize: MaxSubgridSize = 2000, MinSubgridEdge = 4, ncells = 48920
RebuildHierarchy[5]: Flagged 0/86 grids. 0 flagged cells
Level[5]: dt = 0.000289306  0.0014306 (0.00315189/0.00315189)
EvolveLevel[5]: NumberOfSubCycles = 3 (399 total, 3 sub)
RebuildHierarchy: level = 4
TransferSubgridParticles[4]: Moved 2 particles, 0 stars, 0 active particles.
DetermineSGSize: MaxSubgridSize = 2000, MinSubgridEdge = 4, ncells = 48920
RebuildHierarchy[4]: Flagged 86/135 grids. 4942 flagged cells
LoadBalance: Number of grids moved = 86 out of 86 (0.00234239 seconds elapsed)
DetermineSGSize: MaxSubgridSize = 2000, MinSubgridEdge = 4, ncells = 48920
RebuildHierarchy[5]: Flagged 0/86 grids. 0 flagged cells
Level[4]: dt = 0.00316053  0.00316053 (0.00631242/0.0067133)
Level[5]: dt = 0.00143069  0.00143069 (0.00143069/0.00316053)
RebuildHierarchy: level = 5
TransferSubgridParticles[5]: Moved 1 particles, 0 stars, 0 active particles.
DetermineSGSize: MaxSubgridSize = 2000, MinSubgridEdge = 4, ncells = 48792
RebuildHierarchy[5]: Flagged 0/86 grids. 0 flagged cells
Level[5]: dt = 0.00143165  0.00143165 (0.00286234/0.00316053)
RebuildHierarchy: level = 5
TransferSubgridParticles[5]: Moved 2 particles, 0 stars, 0 active particles.
DetermineSGSize: MaxSubgridSize = 2000, MinSubgridEdge = 4, ncells = 48792
RebuildHierarchy[5]: Flagged 0/86 grids. 0 flagged cells
Level[5]: dt = 0.00029819  0.00143325 (0.00316053/0.00316053)
EvolveLevel[5]: NumberOfSubCycles = 3 (402 total, 3 sub)
Level[4]: dt = 0.000400881  0.00316829 (0.0067133/0.0067133)
Level[5]: dt = 0.000400881  0.00143362 (0.000400881/0.000400881)
EvolveLevel[5]: NumberOfSubCycles = 1 (403 total, 1 sub)
EvolveLevel[4]: NumberOfSubCycles = 3 (183 total, 3 sub)
RebuildHierarchy: level = 3
TransferSubgridParticles[3]: Moved 33 particles, 0 stars, 0 active particles.
DetermineSGSize: MaxSubgridSize = 2000, MinSubgridEdge = 4, ncells = 60832
RebuildHierarchy[3]: Flagged 130/417 grids. 6382 flagged cells
LoadBalance: Number of grids moved = 134 out of 135 (4.66369e-05 seconds elapsed)
DetermineSGSize: MaxSubgridSize = 2000, MinSubgridEdge = 4, ncells = 48792
RebuildHierarchy[4]: Flagged 86/135 grids. 4949 flagged cells
LoadBalance: Number of grids moved = 86 out of 86 (0.00299508 seconds elapsed)
DetermineSGSize: MaxSubgridSize = 2000, MinSubgridEdge = 4, ncells = 48792
RebuildHierarchy[5]: Flagged 0/86 grids. 0 flagged cells
Level[3]: dt = 0.00669076  0.00669076 (0.0134041/0.0140397)
Level[4]: dt = 0.0031692  0.0031692 (0.0031692/0.00669076)
Level[5]: dt = 0.00143416  0.00143416 (0.00143416/0.0031692)
RebuildHierarchy: level = 5
TransferSubgridParticles[5]: Moved 0 particles, 0 stars, 0 active particles.
DetermineSGSize: MaxSubgridSize = 2000, MinSubgridEdge = 4, ncells = 48472
RebuildHierarchy[5]: Flagged 0/86 grids. 0 flagged cells
Level[5]: dt = 0.00143631  0.00143631 (0.00287048/0.0031692)
RebuildHierarchy: level = 5
TransferSubgridParticles[5]: Moved 4 particles, 0 stars, 0 active particles.
DetermineSGSize: MaxSubgridSize = 2000, MinSubgridEdge = 4, ncells = 48472
RebuildHierarchy[5]: Flagged 0/86 grids. 0 flagged cells
Level[5]: dt = 0.000298723  0.00143825 (0.0031692/0.0031692)
EvolveLevel[5]: NumberOfSubCycles = 3 (406 total, 3 sub)
RebuildHierarchy: level = 4
TransferSubgridParticles[4]: Moved 4 particles, 0 stars, 0 active particles.
DetermineSGSize: MaxSubgridSize = 2000, MinSubgridEdge = 4, ncells = 48472
RebuildHierarchy[4]: Flagged 86/135 grids. 4950 flagged cells
LoadBalance: Number of grids moved = 86 out of 86 (0.00238729 seconds elapsed)
DetermineSGSize: MaxSubgridSize = 2000, MinSubgridEdge = 4, ncells = 48472
RebuildHierarchy[5]: Flagged 0/86 grids. 0 flagged cells
Level[4]: dt = 0.0031734  0.0031734 (0.00634259/0.00669076)
Level[5]: dt = 0.00143876  0.00143876 (0.00143876/0.0031734)
RebuildHierarchy: level = 5
TransferSubgridParticles[5]: Moved 2 particles, 0 stars, 0 active particles.
DetermineSGSize: MaxSubgridSize = 2000, MinSubgridEdge = 4, ncells = 48520
RebuildHierarchy[5]: Flagged 0/86 grids. 0 flagged cells
Level[5]: dt = 0.00144124  0.00144124 (0.00288001/0.0031734)
RebuildHierarchy: level = 5
TransferSubgridParticles[5]: Moved 0 particles, 0 stars, 0 active particles.
DetermineSGSize: MaxSubgridSize = 2000, MinSubgridEdge = 4, ncells = 48520
RebuildHierarchy[5]: Flagged 0/86 grids. 0 flagged cells
Level[5]: dt = 0.000293388  0.00144349 (0.0031734/0.0031734)
EvolveLevel[5]: NumberOfSubCycles = 3 (409 total, 3 sub)
Level[4]: dt = 0.000348167  0.00317675 (0.00669076/0.00669076)
Level[5]: dt = 0.000348167  0.00144391 (0.000348167/0.000348167)
EvolveLevel[5]: NumberOfSubCycles = 1 (410 total, 1 sub)
EvolveLevel[4]: NumberOfSubCycles = 3 (186 total, 3 sub)
Level[3]: dt = 0.000635649  0.00667315 (0.0140397/0.0140397)
Level[4]: dt = 0.000635649  0.00317718 (0.000635649/0.000635649)
Level[5]: dt = 0.000635649  0.00144439 (0.000635649/0.000635649)
EvolveLevel[5]: NumberOfSubCycles = 1 (411 total, 1 sub)
EvolveLevel[4]: NumberOfSubCycles = 1 (187 total, 1 sub)
EvolveLevel[3]: NumberOfSubCycles = 3 (86 total, 3 sub)
Level[2]: dt = 0.00373073  0.0140441 (0.0318215/0.0318215)
Level[3]: dt = 0.00373073  0.00667171 (0.00373073/0.00373073)
Level[4]: dt = 0.00317802  0.00317802 (0.00317802/0.00373073)
Level[5]: dt = 0.001444  0.001444 (0.001444/0.00317802)
RebuildHierarchy: level = 5
TransferSubgridParticles[5]: Moved 3 particles, 0 stars, 0 active particles.
DetermineSGSize: MaxSubgridSize = 2000, MinSubgridEdge = 4, ncells = 48520
RebuildHierarchy[5]: Flagged 0/86 grids. 0 flagged cells
Level[5]: dt = 0.00143625  0.00143625 (0.00288025/0.00317802)
RebuildHierarchy: level = 5
TransferSubgridParticles[5]: Moved 3 particles, 0 stars, 0 active particles.
DetermineSGSize: MaxSubgridSize = 2000, MinSubgridEdge = 4, ncells = 48520
RebuildHierarchy[5]: Flagged 0/86 grids. 0 flagged cells
Level[5]: dt = 0.00029777  0.00142938 (0.00317802/0.00317802)
EvolveLevel[5]: NumberOfSubCycles = 3 (414 total, 3 sub)
RebuildHierarchy: level = 4
TransferSubgridParticles[4]: Moved 7 particles, 0 stars, 0 active particles.
DetermineSGSize: MaxSubgridSize = 2000, MinSubgridEdge = 4, ncells = 48520
RebuildHierarchy[4]: Flagged 86/135 grids. 4979 flagged cells
LoadBalance: Number of grids moved = 86 out of 86 (0.0023793 seconds elapsed)
DetermineSGSize: MaxSubgridSize = 2000, MinSubgridEdge = 4, ncells = 48520
RebuildHierarchy[5]: Flagged 0/86 grids. 0 flagged cells
Level[4]: dt = 0.000552708  0.00318316 (0.00373073/0.00373073)
Level[5]: dt = 0.000552708  0.0014281 (0.000552708/0.000552708)
EvolveLevel[5]: NumberOfSubCycles = 1 (415 total, 1 sub)
EvolveLevel[4]: NumberOfSubCycles = 2 (189 total, 2 sub)
EvolveLevel[3]: NumberOfSubCycles = 1 (87 total, 1 sub)
EvolveLevel[2]: NumberOfSubCycles = 3 (39 total, 3 sub)
Level[1]: dt = 0.00302841  0.0317746 (0.0663674/0.0663674)
Level[2]: dt = 0.00302841  0.0140468 (0.00302841/0.00302841)
Level[3]: dt = 0.00302841  0.00666446 (0.00302841/0.00302841)
Level[4]: dt = 0.00302841  0.00318417 (0.00302841/0.00302841)
Level[5]: dt = 0.00142586  0.00142586 (0.00142586/0.00302841)
RebuildHierarchy: level = 5
TransferSubgridParticles[5]: Moved 4 particles, 0 stars, 0 active particles.
DetermineSGSize: MaxSubgridSize = 2000, MinSubgridEdge = 4, ncells = 48848
RebuildHierarchy[5]: Flagged 0/86 grids. 0 flagged cells
Level[5]: dt = 0.00142067  0.00142067 (0.00284654/0.00302841)
RebuildHierarchy: level = 5
TransferSubgridParticles[5]: Moved 0 particles, 0 stars, 0 active particles.
DetermineSGSize: MaxSubgridSize = 2000, MinSubgridEdge = 4, ncells = 48848
RebuildHierarchy[5]: Flagged 0/86 grids. 0 flagged cells
Level[5]: dt = 0.000181875  0.00141635 (0.00302841/0.00302841)
EvolveLevel[5]: NumberOfSubCycles = 3 (418 total, 3 sub)
EvolveLevel[4]: NumberOfSubCycles = 1 (190 total, 1 sub)
EvolveLevel[3]: NumberOfSubCycles = 1 (88 total, 1 sub)
EvolveLevel[2]: NumberOfSubCycles = 1 (40 total, 1 sub)
EvolveLevel[1]: NumberOfSubCycles = 3 (16 total, 3 sub)
EvolveLevel[0]: NumberOfSubCycles = 1 (6 total, 6 sub)
RebuildHierarchy: level = 0
CommunicationTransferParticles: moved = 340849
CommunicationTransferStars: moved = 0
CommunicationTransferActiveParticles: moved = 0
DetermineSGSize: MaxSubgridSize = 2820, MinSubgridEdge = 4, ncells = 12636760
RebuildHierarchy[0]: Flagged 752/1120 grids. 800230 flagged cells
LoadBalance: Number of grids moved = 8739 out of 8824 (0.473877 seconds elapsed)
DetermineSGSize: MaxSubgridSize = 2000, MinSubgridEdge = 4, ncells = 1389728
RebuildHierarchy[1]: Flagged 944/8824 grids. 93974 flagged cells
LoadBalance: Number of grids moved = 1398 out of 1447 (0.000479765 seconds elapsed)
DetermineSGSize: MaxSubgridSize = 2000, MinSubgridEdge = 4, ncells = 294160
RebuildHierarchy[2]: Flagged 364/1447 grids. 23293 flagged cells
LoadBalance: Number of grids moved = 394 out of 431 (0.000388537 seconds elapsed)
DetermineSGSize: MaxSubgridSize = 2000, MinSubgridEdge = 4, ncells = 60832
RebuildHierarchy[3]: Flagged 133/431 grids. 6395 flagged cells
LoadBalance: Number of grids moved = 138 out of 139 (5.05783e-05 seconds elapsed)
DetermineSGSize: MaxSubgridSize = 2000, MinSubgridEdge = 4, ncells = 48848
RebuildHierarchy[4]: Flagged 87/139 grids. 5076 flagged cells
LoadBalance: Number of grids moved = 87 out of 87 (0.0027669 seconds elapsed)
DetermineSGSize: MaxSubgridSize = 2000, MinSubgridEdge = 4, ncells = 48848
RebuildHierarchy[5]: Flagged 0/87 grids. 0 flagged cells
CPUTime-output: Frac = 0.999994, Current = 92.8224 (91.4196), Stop = 2592000.000000, Last = 14.6357
Level[0]: dt = 0.0656473  0.0656473 (0.0656473/0.0656473)
PrepareGreens: Start = 0 52 0  Dim = 32 50 36
PrepareGreens: Start = 0 0 36  Dim = 32 52 38
PrepareGreens: Start = 0 52 36  Dim = 32 50 38
PrepareGreens: Start = 0 0 0  Dim = 32 52 36
Level[1]: dt = 0.0317585  0.0317585 (0.0317585/0.0656473)
Level[2]: dt = 0.0140497  0.0140497 (0.0140497/0.0317585)
Level[3]: dt = 0.00666001  0.00666001 (0.00666001/0.0140497)
Level[4]: dt = 0.00319061  0.00319061 (0.00319061/0.00666001)
Level[5]: dt = 0.0014159  0.0014159 (0.0014159/0.00319061)
RebuildHierarchy: level = 5
TransferSubgridParticles[5]: Moved 95 particles, 0 stars, 0 active particles.
DetermineSGSize: MaxSubgridSize = 2000, MinSubgridEdge = 4, ncells = 50072
RebuildHierarchy[5]: Flagged 0/87 grids. 0 flagged cells
Level[5]: dt = 0.00141302  0.00141302 (0.00282893/0.00319061)
RebuildHierarchy: level = 5
TransferSubgridParticles[5]: Moved 1 particles, 0 stars, 0 active particles.
DetermineSGSize: MaxSubgridSize = 2000, MinSubgridEdge = 4, ncells = 50072
RebuildHierarchy[5]: Flagged 0/87 grids. 0 flagged cells
Level[5]: dt = 0.000361684  0.00141103 (0.00319061/0.00319061)
EvolveLevel[5]: NumberOfSubCycles = 3 (421 total, 3 sub)
RebuildHierarchy: level = 4
TransferSubgridParticles[4]: Moved 107 particles, 0 stars, 0 active particles.
DetermineSGSize: MaxSubgridSize = 2000, MinSubgridEdge = 4, ncells = 50072
RebuildHierarchy[4]: Flagged 87/139 grids. 5083 flagged cells
LoadBalance: Number of grids moved = 87 out of 87 (0.00242424 seconds elapsed)
DetermineSGSize: MaxSubgridSize = 2000, MinSubgridEdge = 4, ncells = 50072
RebuildHierarchy[5]: Flagged 0/87 grids. 0 flagged cells
Level[4]: dt = 0.00319843  0.00319843 (0.00638904/0.00666001)
Level[5]: dt = 0.00141072  0.00141072 (0.00141072/0.00319843)
RebuildHierarchy: level = 5
TransferSubgridParticles[5]: Moved 0 particles, 0 stars, 0 active particles.
DetermineSGSize: MaxSubgridSize = 2000, MinSubgridEdge = 4, ncells = 50264
RebuildHierarchy[5]: Flagged 0/87 grids. 0 flagged cells
Level[5]: dt = 0.00141024  0.00141024 (0.00282096/0.00319843)
RebuildHierarchy: level = 5
TransferSubgridParticles[5]: Moved 0 particles, 0 stars, 0 active particles.
DetermineSGSize: MaxSubgridSize = 2000, MinSubgridEdge = 4, ncells = 50264
RebuildHierarchy[5]: Flagged 0/87 grids. 0 flagged cells
Level[5]: dt = 0.000377469  0.00141092 (0.00319843/0.00319843)
EvolveLevel[5]: NumberOfSubCycles = 3 (424 total, 3 sub)
Level[4]: dt = 0.000270971  0.00320298 (0.00666001/0.00666001)
Level[5]: dt = 0.000270971  0.00141129 (0.000270971/0.000270971)
EvolveLevel[5]: NumberOfSubCycles = 1 (425 total, 1 sub)
EvolveLevel[4]: NumberOfSubCycles = 3 (193 total, 3 sub)
RebuildHierarchy: level = 3
TransferSubgridParticles[3]: Moved 735 particles, 0 stars, 0 active particles.
DetermineSGSize: MaxSubgridSize = 2000, MinSubgridEdge = 4, ncells = 60144
RebuildHierarchy[3]: Flagged 134/431 grids. 6394 flagged cells
LoadBalance: Number of grids moved = 138 out of 139 (4.78812e-05 seconds elapsed)
DetermineSGSize: MaxSubgridSize = 2000, MinSubgridEdge = 4, ncells = 50264
RebuildHierarchy[4]: Flagged 87/139 grids. 5051 flagged cells
LoadBalance: Number of grids moved = 87 out of 87 (0.00264039 seconds elapsed)
DetermineSGSize: MaxSubgridSize = 2000, MinSubgridEdge = 4, ncells = 50264
RebuildHierarchy[5]: Flagged 0/87 grids. 0 flagged cells
Level[3]: dt = 0.00665602  0.00665602 (0.013316/0.0140497)
Level[4]: dt = 0.00320325  0.00320325 (0.00320325/0.00665602)
Level[5]: dt = 0.00141159  0.00141159 (0.00141159/0.00320325)
RebuildHierarchy: level = 5
TransferSubgridParticles[5]: Moved 3 particles, 0 stars, 0 active particles.
DetermineSGSize: MaxSubgridSize = 2000, MinSubgridEdge = 4, ncells = 49736
RebuildHierarchy[5]: Flagged 0/87 grids. 0 flagged cells
Level[5]: dt = 0.00141404  0.00141404 (0.00282563/0.00320325)
RebuildHierarchy: level = 5
TransferSubgridParticles[5]: Moved 0 particles, 0 stars, 0 active particles.
DetermineSGSize: MaxSubgridSize = 2000, MinSubgridEdge = 4, ncells = 49736
RebuildHierarchy[5]: Flagged 0/87 grids. 0 flagged cells
Level[5]: dt = 0.000377617  0.00141282 (0.00320325/0.00320325)
EvolveLevel[5]: NumberOfSubCycles = 3 (428 total, 3 sub)
RebuildHierarchy: level = 4
TransferSubgridParticles[4]: Moved 2 particles, 0 stars, 0 active particles.
DetermineSGSize: MaxSubgridSize = 2000, MinSubgridEdge = 4, ncells = 49736
RebuildHierarchy[4]: Flagged 87/139 grids. 5032 flagged cells
LoadBalance: Number of grids moved = 87 out of 87 (0.0024259 seconds elapsed)
DetermineSGSize: MaxSubgridSize = 2000, MinSubgridEdge = 4, ncells = 49736
RebuildHierarchy[5]: Flagged 0/87 grids. 0 flagged cells
Level[4]: dt = 0.00320624  0.00320624 (0.0064095/0.00665602)
Level[5]: dt = 0.00141187  0.00141187 (0.00141187/0.00320624)
RebuildHierarchy: level = 5
TransferSubgridParticles[5]: Moved 0 particles, 0 stars, 0 active particles.
DetermineSGSize: MaxSubgridSize = 2000, MinSubgridEdge = 4, ncells = 49400
RebuildHierarchy[5]: Flagged 0/87 grids. 0 flagged cells
Level[5]: dt = 0.00140867  0.00140867 (0.00282055/0.00320624)
RebuildHierarchy: level = 5
TransferSubgridParticles[5]: Moved 1 particles, 0 stars, 0 active particles.
DetermineSGSize: MaxSubgridSize = 2000, MinSubgridEdge = 4, ncells = 49400
RebuildHierarchy[5]: Flagged 0/87 grids. 0 flagged cells
Level[5]: dt = 0.000385698  0.00140579 (0.00320624/0.00320624)
EvolveLevel[5]: NumberOfSubCycles = 3 (431 total, 3 sub)
Level[4]: dt = 0.000246529  0.0032089 (0.00665602/0.00665602)
Level[5]: dt = 0.000246529  0.00140513 (0.000246529/0.000246529)
EvolveLevel[5]: NumberOfSubCycles = 1 (432 total, 1 sub)
EvolveLevel[4]: NumberOfSubCycles = 3 (196 total, 3 sub)
Level[3]: dt = 0.000733614  0.00666092 (0.0140497/0.0140497)
Level[4]: dt = 0.000733614  0.00320909 (0.000733614/0.000733614)
Level[5]: dt = 0.000733614  0.00140473 (0.000733614/0.000733614)
EvolveLevel[5]: NumberOfSubCycles = 1 (433 total, 1 sub)
EvolveLevel[4]: NumberOfSubCycles = 1 (197 total, 1 sub)
EvolveLevel[3]: NumberOfSubCycles = 3 (91 total, 3 sub)
RebuildHierarchy: level = 2
TransferSubgridParticles[2]: Moved 8202 particles, 0 stars, 0 active particles.
DetermineSGSize: MaxSubgridSize = 2000, MinSubgridEdge = 4, ncells = 291104
RebuildHierarchy[2]: Flagged 365/1447 grids. 23600 flagged cells
LoadBalance: Number of grids moved = 416 out of 432 (0.000363141 seconds elapsed)
DetermineSGSize: MaxSubgridSize = 2000, MinSubgridEdge = 4, ncells = 60008
RebuildHierarchy[3]: Flagged 135/432 grids. 6421 flagged cells
LoadBalance: Number of grids moved = 140 out of 141 (4.95799e-05 seconds elapsed)
DetermineSGSize: MaxSubgridSize = 2000, MinSubgridEdge = 4, ncells = 49400
RebuildHierarchy[4]: Flagged 87/141 grids. 5008 flagged cells
LoadBalance: Number of grids moved = 87 out of 87 (0.00277372 seconds elapsed)
DetermineSGSize: MaxSubgridSize = 2000, MinSubgridEdge = 4, ncells = 49400
RebuildHierarchy[5]: Flagged 0/87 grids. 0 flagged cells
Level[2]: dt = 0.0140712  0.0140712 (0.0281209/0.0317585)
Level[3]: dt = 0.00666191  0.00666191 (0.00666191/0.0140712)
Level[4]: dt = 0.00320965  0.00320965 (0.00320965/0.00666191)
Level[5]: dt = 0.00140358  0.00140358 (0.00140358/0.00320965)
RebuildHierarchy: level = 5
TransferSubgridParticles[5]: Moved 2 particles, 0 stars, 0 active particles.
DetermineSGSize: MaxSubgridSize = 2000, MinSubgridEdge = 4, ncells = 48968
RebuildHierarchy[5]: Flagged 0/87 grids. 0 flagged cells
Level[5]: dt = 0.00140172  0.00140172 (0.0028053/0.00320965)
RebuildHierarchy: level = 5
TransferSubgridParticles[5]: Moved 0 particles, 0 stars, 0 active particles.
DetermineSGSize: MaxSubgridSize = 2000, MinSubgridEdge = 4, ncells = 48968
RebuildHierarchy[5]: Flagged 0/87 grids. 0 flagged cells
Level[5]: dt = 0.000404352  0.0014002 (0.00320965/0.00320965)
EvolveLevel[5]: NumberOfSubCycles = 3 (436 total, 3 sub)
RebuildHierarchy: level = 4
TransferSubgridParticles[4]: Moved 3 particles, 0 stars, 0 active particles.
DetermineSGSize: MaxSubgridSize = 2000, MinSubgridEdge = 4, ncells = 48968
RebuildHierarchy[4]: Flagged 90/141 grids. 5041 flagged cells
LoadBalance: Number of grids moved = 90 out of 90 (0.00235355 seconds elapsed)
DetermineSGSize: MaxSubgridSize = 2000, MinSubgridEdge = 4, ncells = 48968
RebuildHierarchy[5]: Flagged 0/90 grids. 0 flagged cells
Level[4]: dt = 0.00319433  0.00319433 (0.00640398/0.00666191)
Level[5]: dt = 0.00139988  0.00139988 (0.00139988/0.00319433)
RebuildHierarchy: level = 5
TransferSubgridParticles[5]: Moved 1 particles, 0 stars, 0 active particles.
DetermineSGSize: MaxSubgridSize = 2000, MinSubgridEdge = 4, ncells = 49112
RebuildHierarchy[5]: Flagged 0/90 grids. 0 flagged cells
Level[5]: dt = 0.00139903  0.00139903 (0.00279891/0.00319433)
RebuildHierarchy: level = 5
TransferSubgridParticles[5]: Moved 1 particles, 0 stars, 0 active particles.
DetermineSGSize: MaxSubgridSize = 2000, MinSubgridEdge = 4, ncells = 49112
RebuildHierarchy[5]: Flagged 0/90 grids. 0 flagged cells
Level[5]: dt = 0.000395424  0.00139849 (0.00319433/0.00319433)
EvolveLevel[5]: NumberOfSubCycles = 3 (439 total, 3 sub)
Level[4]: dt = 0.000257934  0.00316333 (0.00666191/0.00666191)
Level[5]: dt = 0.000257934  0.0013984 (0.000257934/0.000257934)
EvolveLevel[5]: NumberOfSubCycles = 1 (440 total, 1 sub)
EvolveLevel[4]: NumberOfSubCycles = 3 (200 total, 3 sub)
RebuildHierarchy: level = 3
TransferSubgridParticles[3]: Moved 25 particles, 0 stars, 0 active particles.
DetermineSGSize: MaxSubgridSize = 2000, MinSubgridEdge = 4, ncells = 60904
RebuildHierarchy[3]: Flagged 135/432 grids. 6464 flagged cells
LoadBalance: Number of grids moved = 139 out of 140 (4.87007e-05 seconds elapsed)
DetermineSGSize: MaxSubgridSize = 2000, MinSubgridEdge = 4, ncells = 49112
RebuildHierarchy[4]: Flagged 90/140 grids. 5071 flagged cells
LoadBalance: Number of grids moved = 91 out of 91 (0.0026802 seconds elapsed)
DetermineSGSize: MaxSubgridSize = 2000, MinSubgridEdge = 4, ncells = 49112
RebuildHierarchy[5]: Flagged 0/91 grids. 0 flagged cells
Level[3]: dt = 0.00667356  0.00667356 (0.0133355/0.0140712)
Level[4]: dt = 0.00316105  0.00316105 (0.00316105/0.00667356)
Level[5]: dt = 0.00139835  0.00139835 (0.00139835/0.00316105)
RebuildHierarchy: level = 5
TransferSubgridParticles[5]: Moved 2 particles, 0 stars, 0 active particles.
DetermineSGSize: MaxSubgridSize = 2000, MinSubgridEdge = 4, ncells = 49528
RebuildHierarchy[5]: Flagged 0/91 grids. 0 flagged cells
Level[5]: dt = 0.00139835  0.00139835 (0.00279669/0.00316105)
RebuildHierarchy: level = 5
TransferSubgridParticles[5]: Moved 3 particles, 0 stars, 0 active particles.
DetermineSGSize: MaxSubgridSize = 2000, MinSubgridEdge = 4, ncells = 49528
RebuildHierarchy[5]: Flagged 0/91 grids. 0 flagged cells
Level[5]: dt = 0.000364355  0.00139878 (0.00316105/0.00316105)
EvolveLevel[5]: NumberOfSubCycles = 3 (443 total, 3 sub)
RebuildHierarchy: level = 4
TransferSubgridParticles[4]: Moved 2 particles, 0 stars, 0 active particles.
DetermineSGSize: MaxSubgridSize = 2000, MinSubgridEdge = 4, ncells = 49528
RebuildHierarchy[4]: Flagged 90/140 grids. 5050 flagged cells
LoadBalance: Number of grids moved = 91 out of 91 (0.00268562 seconds elapsed)
DetermineSGSize: MaxSubgridSize = 2000, MinSubgridEdge = 4, ncells = 49528
RebuildHierarchy[5]: Flagged 0/91 grids. 0 flagged cells
Level[4]: dt = 0.00313569  0.00313569 (0.00629674/0.00667356)
Level[5]: dt = 0.00139893  0.00139893 (0.00139893/0.00313569)
RebuildHierarchy: level = 5
TransferSubgridParticles[5]: Moved 2 particles, 0 stars, 0 active particles.
DetermineSGSize: MaxSubgridSize = 2000, MinSubgridEdge = 4, ncells = 49040
RebuildHierarchy[5]: Flagged 0/91 grids. 0 flagged cells
Level[5]: dt = 0.00139977  0.00139977 (0.0027987/0.00313569)
RebuildHierarchy: level = 5
TransferSubgridParticles[5]: Moved 1 particles, 0 stars, 0 active particles.
DetermineSGSize: MaxSubgridSize = 2000, MinSubgridEdge = 4, ncells = 49040
RebuildHierarchy[5]: Flagged 0/91 grids. 0 flagged cells
Level[5]: dt = 0.000336984  0.0014011 (0.00313569/0.00313569)
EvolveLevel[5]: NumberOfSubCycles = 3 (446 total, 3 sub)
Level[4]: dt = 0.000376821  0.00311605 (0.00667356/0.00667356)
Level[5]: dt = 0.000376821  0.00140144 (0.000376821/0.000376821)
EvolveLevel[5]: NumberOfSubCycles = 1 (447 total, 1 sub)
EvolveLevel[4]: NumberOfSubCycles = 3 (203 total, 3 sub)
Level[3]: dt = 0.000735769  0.00668796 (0.0140712/0.0140712)
Level[4]: dt = 0.000735769  0.00311422 (0.000735769/0.000735769)
Level[5]: dt = 0.000735769  0.00140185 (0.000735769/0.000735769)
EvolveLevel[5]: NumberOfSubCycles = 1 (448 total, 1 sub)
EvolveLevel[4]: NumberOfSubCycles = 1 (204 total, 1 sub)
EvolveLevel[3]: NumberOfSubCycles = 3 (94 total, 3 sub)
Level[2]: dt = 0.00363763  0.0141003 (0.0317585/0.0317585)
Level[3]: dt = 0.00363763  0.00668961 (0.00363763/0.00363763)
Level[4]: dt = 0.00311048  0.00311048 (0.00311048/0.00363763)
Level[5]: dt = 0.00140277  0.00140277 (0.00140277/0.00311048)
RebuildHierarchy: level = 5
TransferSubgridParticles[5]: Moved 1 particles, 0 stars, 0 active particles.
DetermineSGSize: MaxSubgridSize = 2000, MinSubgridEdge = 4, ncells = 49040
RebuildHierarchy[5]: Flagged 0/91 grids. 0 flagged cells
Level[5]: dt = 0.00140501  0.00140501 (0.00280778/0.00311048)
RebuildHierarchy: level = 5
TransferSubgridParticles[5]: Moved 3 particles, 0 stars, 0 active particles.
DetermineSGSize: MaxSubgridSize = 2000, MinSubgridEdge = 4, ncells = 49040
RebuildHierarchy[5]: Flagged 0/91 grids. 0 flagged cells
Level[5]: dt = 0.000302698  0.00140783 (0.00311048/0.00311048)
EvolveLevel[5]: NumberOfSubCycles = 3 (451 total, 3 sub)
RebuildHierarchy: level = 4
TransferSubgridParticles[4]: Moved 12 particles, 0 stars, 0 active particles.
DetermineSGSize: MaxSubgridSize = 2000, MinSubgridEdge = 4, ncells = 49040
RebuildHierarchy[4]: Flagged 89/140 grids. 5040 flagged cells
LoadBalance: Number of grids moved = 90 out of 90 (0.00218339 seconds elapsed)
DetermineSGSize: MaxSubgridSize = 2000, MinSubgridEdge = 4, ncells = 49040
RebuildHierarchy[5]: Flagged 0/90 grids. 0 flagged cells
Level[4]: dt = 0.000527153  0.00309856 (0.00363763/0.00363763)
Level[5]: dt = 0.000527153  0.00140855 (0.000527153/0.000527153)
EvolveLevel[5]: NumberOfSubCycles = 1 (452 total, 1 sub)
EvolveLevel[4]: NumberOfSubCycles = 2 (206 total, 2 sub)
EvolveLevel[3]: NumberOfSubCycles = 1 (95 total, 1 sub)
EvolveLevel[2]: NumberOfSubCycles = 3 (43 total, 3 sub)
RebuildHierarchy: level = 1
TransferSubgridParticles[1]: Moved 99683 particles, 0 stars, 0 active particles.
DetermineSGSize: MaxSubgridSize = 2000, MinSubgridEdge = 4, ncells = 1383784
RebuildHierarchy[1]: Flagged 947/8824 grids. 95200 flagged cells
LoadBalance: Number of grids moved = 1417 out of 1446 (0.000468969 seconds elapsed)
DetermineSGSize: MaxSubgridSize = 2000, MinSubgridEdge = 4, ncells = 292976
RebuildHierarchy[2]: Flagged 364/1446 grids. 23841 flagged cells
LoadBalance: Number of grids moved = 412 out of 427 (0.000371132 seconds elapsed)
DetermineSGSize: MaxSubgridSize = 2000, MinSubgridEdge = 4, ncells = 61408
RebuildHierarchy[3]: Flagged 134/427 grids. 6413 flagged cells
LoadBalance: Number of grids moved = 139 out of 140 (4.9673e-05 seconds elapsed)
DetermineSGSize: MaxSubgridSize = 2000, MinSubgridEdge = 4, ncells = 48880
RebuildHierarchy[4]: Flagged 89/140 grids. 5035 flagged cells
LoadBalance: Number of grids moved = 90 out of 90 (0.00276243 seconds elapsed)
DetermineSGSize: MaxSubgridSize = 2000, MinSubgridEdge = 4, ncells = 48880
RebuildHierarchy[5]: Flagged 0/90 grids. 0 flagged cells
Level[1]: dt = 0.0317343  0.0317343 (0.0634928/0.0656473)
Level[2]: dt = 0.0141076  0.0141076 (0.0141076/0.0317343)
Level[3]: dt = 0.00669788  0.00669788 (0.00669788/0.0141076)
Level[4]: dt = 0.0030966  0.0030966 (0.0030966/0.00669788)
Level[5]: dt = 0.00140987  0.00140987 (0.00140987/0.0030966)
RebuildHierarchy: level = 5
TransferSubgridParticles[5]: Moved 4 particles, 0 stars, 0 active particles.
DetermineSGSize: MaxSubgridSize = 2000, MinSubgridEdge = 4, ncells = 48808
RebuildHierarchy[5]: Flagged 0/90 grids. 0 flagged cells
Level[5]: dt = 0.00141376  0.00141376 (0.00282363/0.0030966)
RebuildHierarchy: level = 5
TransferSubgridParticles[5]: Moved 0 particles, 0 stars, 0 active particles.
DetermineSGSize: MaxSubgridSize = 2000, MinSubgridEdge = 4, ncells = 48808
RebuildHierarchy[5]: Flagged 0/90 grids. 0 flagged cells
Level[5]: dt = 0.000272967  0.00141832 (0.0030966/0.0030966)
EvolveLevel[5]: NumberOfSubCycles = 3 (455 total, 3 sub)
RebuildHierarchy: level = 4
TransferSubgridParticles[4]: Moved 3 particles, 0 stars, 0 active particles.
DetermineSGSize: MaxSubgridSize = 2000, MinSubgridEdge = 4, ncells = 48808
RebuildHierarchy[4]: Flagged 91/140 grids. 5022 flagged cells
LoadBalance: Number of grids moved = 92 out of 92 (0.00232701 seconds elapsed)
DetermineSGSize: MaxSubgridSize = 2000, MinSubgridEdge = 4, ncells = 48808
RebuildHierarchy[5]: Flagged 0/92 grids. 0 flagged cells
Level[4]: dt = 0.00308394  0.00308394 (0.00618054/0.00669788)
Level[5]: dt = 0.00141926  0.00141926 (0.00141926/0.00308394)
RebuildHierarchy: level = 5
TransferSubgridParticles[5]: Moved 1 particles, 0 stars, 0 active particles.
DetermineSGSize: MaxSubgridSize = 2000, MinSubgridEdge = 4, ncells = 48584
RebuildHierarchy[5]: Flagged 0/92 grids. 0 flagged cells
Level[5]: dt = 0.00142395  0.00142395 (0.0028432/0.00308394)
RebuildHierarchy: level = 5
TransferSubgridParticles[5]: Moved 2 particles, 0 stars, 0 active particles.
DetermineSGSize: MaxSubgridSize = 2000, MinSubgridEdge = 4, ncells = 48584
RebuildHierarchy[5]: Flagged 0/92 grids. 0 flagged cells
Level[5]: dt = 0.000240739  0.00142919 (0.00308394/0.00308394)
EvolveLevel[5]: NumberOfSubCycles = 3 (458 total, 3 sub)
Level[4]: dt = 0.00051734  0.00307146 (0.00669788/0.00669788)
Level[5]: dt = 0.00051734  0.00143002 (0.00051734/0.00051734)
EvolveLevel[5]: NumberOfSubCycles = 1 (459 total, 1 sub)
EvolveLevel[4]: NumberOfSubCycles = 3 (209 total, 3 sub)
RebuildHierarchy: level = 3
TransferSubgridParticles[3]: Moved 33 particles, 0 stars, 0 active particles.
DetermineSGSize: MaxSubgridSize = 2000, MinSubgridEdge = 4, ncells = 60400
RebuildHierarchy[3]: Flagged 132/427 grids. 6341 flagged cells
LoadBalance: Number of grids moved = 137 out of 138 (4.9632e-05 seconds elapsed)
DetermineSGSize: MaxSubgridSize = 2000, MinSubgridEdge = 4, ncells = 48584
RebuildHierarchy[4]: Flagged 89/138 grids. 5046 flagged cells
LoadBalance: Number of grids moved = 90 out of 90 (0.00250224 seconds elapsed)
DetermineSGSize: MaxSubgridSize = 2000, MinSubgridEdge = 4, ncells = 48584
RebuildHierarchy[5]: Flagged 0/90 grids. 0 flagged cells
Level[3]: dt = 0.00671317  0.00671317 (0.013411/0.0141076)
Level[4]: dt = 0.0030697  0.0030697 (0.0030697/0.00671317)
Level[5]: dt = 0.00143179  0.00143179 (0.00143179/0.0030697)
RebuildHierarchy: level = 5
TransferSubgridParticles[5]: Moved 1 particles, 0 stars, 0 active particles.
DetermineSGSize: MaxSubgridSize = 2000, MinSubgridEdge = 4, ncells = 49704
RebuildHierarchy[5]: Flagged 0/90 grids. 0 flagged cells
Level[5]: dt = 0.00143646  0.00143646 (0.00286826/0.0030697)
RebuildHierarchy: level = 5
TransferSubgridParticles[5]: Moved 0 particles, 0 stars, 0 active particles.
DetermineSGSize: MaxSubgridSize = 2000, MinSubgridEdge = 4, ncells = 49704
RebuildHierarchy[5]: Flagged 0/90 grids. 0 flagged cells
Level[5]: dt = 0.000201448  0.00143987 (0.0030697/0.0030697)
EvolveLevel[5]: NumberOfSubCycles = 3 (462 total, 3 sub)
RebuildHierarchy: level = 4
TransferSubgridParticles[4]: Moved 2 particles, 0 stars, 0 active particles.
DetermineSGSize: MaxSubgridSize = 2000, MinSubgridEdge = 4, ncells = 49704
RebuildHierarchy[4]: Flagged 92/138 grids. 5091 flagged cells
LoadBalance: Number of grids moved = 93 out of 93 (0.00202281 seconds elapsed)
DetermineSGSize: MaxSubgridSize = 2000, MinSubgridEdge = 4, ncells = 49704
RebuildHierarchy[5]: Flagged 0/93 grids. 0 flagged cells
Level[4]: dt = 0.00305835  0.00305835 (0.00612805/0.00671317)
Level[5]: dt = 0.00144021  0.00144021 (0.00144021/0.00305835)
RebuildHierarchy: level = 5
TransferSubgridParticles[5]: Moved 5 particles, 0 stars, 0 active particles.
DetermineSGSize: MaxSubgridSize = 2000, MinSubgridEdge = 4, ncells = 49560
RebuildHierarchy[5]: Flagged 0/93 grids. 0 flagged cells
Level[5]: dt = 0.00144336  0.00144336 (0.00288358/0.00305835)
RebuildHierarchy: level = 5
TransferSubgridParticles[5]: Moved 0 particles, 0 stars, 0 active particles.
DetermineSGSize: MaxSubgridSize = 2000, MinSubgridEdge = 4, ncells = 49560
RebuildHierarchy[5]: Flagged 0/93 grids. 0 flagged cells
Level[5]: dt = 0.000174775  0.00144694 (0.00305835/0.00305835)
EvolveLevel[5]: NumberOfSubCycles = 3 (465 total, 3 sub)
Level[4]: dt = 0.000585112  0.00304817 (0.00671317/0.00671317)
Level[5]: dt = 0.000585112  0.00144739 (0.000585112/0.000585112)
EvolveLevel[5]: NumberOfSubCycles = 1 (466 total, 1 sub)
EvolveLevel[4]: NumberOfSubCycles = 3 (212 total, 3 sub)
Level[3]: dt = 0.000696531  0.00672873 (0.0141076/0.0141076)
Level[4]: dt = 0.000696531  0.00304634 (0.000696531/0.000696531)
Level[5]: dt = 0.000696531  0.00144893 (0.000696531/0.000696531)
EvolveLevel[5]: NumberOfSubCycles = 1 (467 total, 1 sub)
EvolveLevel[4]: NumberOfSubCycles = 1 (213 total, 1 sub)
EvolveLevel[3]: NumberOfSubCycles = 3 (98 total, 3 sub)
RebuildHierarchy: level = 2
TransferSubgridParticles[2]: Moved 224 particles, 0 stars, 0 active particles.
DetermineSGSize: MaxSubgridSize = 2000, MinSubgridEdge = 4, ncells = 298872
RebuildHierarchy[2]: Flagged 367/1446 grids. 24001 flagged cells
LoadBalance: Number of grids moved = 412 out of 432 (0.000368457 seconds elapsed)
DetermineSGSize: MaxSubgridSize = 2000, MinSubgridEdge = 4, ncells = 59576
RebuildHierarchy[3]: Flagged 132/432 grids. 6345 flagged cells
LoadBalance: Number of grids moved = 137 out of 138 (4.73261e-05 seconds elapsed)
DetermineSGSize: MaxSubgridSize = 2000, MinSubgridEdge = 4, ncells = 49560
RebuildHierarchy[4]: Flagged 89/138 grids. 5113 flagged cells
LoadBalance: Number of grids moved = 90 out of 90 (0.00281119 seconds elapsed)
DetermineSGSize: MaxSubgridSize = 2000, MinSubgridEdge = 4, ncells = 49560
RebuildHierarchy[5]: Flagged 0/90 grids. 0 flagged cells
Level[2]: dt = 0.0141329  0.0141329 (0.0282404/0.0317343)
Level[3]: dt = 0.00673034  0.00673034 (0.00673034/0.0141329)
Level[4]: dt = 0.00304446  0.00304446 (0.00304446/0.00673034)
Level[5]: dt = 0.00145085  0.00145085 (0.00145085/0.00304446)
RebuildHierarchy: level = 5
TransferSubgridParticles[5]: Moved 1 particles, 0 stars, 0 active particles.
DetermineSGSize: MaxSubgridSize = 2000, MinSubgridEdge = 4, ncells = 50168
RebuildHierarchy[5]: Flagged 0/90 grids. 0 flagged cells
Level[5]: dt = 0.00145504  0.00145504 (0.00290589/0.00304446)
RebuildHierarchy: level = 5
TransferSubgridParticles[5]: Moved 0 particles, 0 stars, 0 active particles.
DetermineSGSize: MaxSubgridSize = 2000, MinSubgridEdge = 4, ncells = 50168
RebuildHierarchy[5]: Flagged 0/90 grids. 0 flagged cells
Level[5]: dt = 0.000138566  0.00145848 (0.00304446/0.00304446)
EvolveLevel[5]: NumberOfSubCycles = 3 (470 total, 3 sub)
RebuildHierarchy: level = 4
TransferSubgridParticles[4]: Moved 2 particles, 0 stars, 0 active particles.
DetermineSGSize: MaxSubgridSize = 2000, MinSubgridEdge = 4, ncells = 50168
RebuildHierarchy[4]: Flagged 89/138 grids. 5082 flagged cells
LoadBalance: Number of grids moved = 90 out of 90 (0.00185102 seconds elapsed)
DetermineSGSize: MaxSubgridSize = 2000, MinSubgridEdge = 4, ncells = 50168
RebuildHierarchy[5]: Flagged 0/90 grids. 0 flagged cells
Level[4]: dt = 0.0030365  0.0030365 (0.00608096/0.00673034)
Level[5]: dt = 0.00145871  0.00145871 (0.00145871/0.0030365)
RebuildHierarchy: level = 5
TransferSubgridParticles[5]: Moved 1 particles, 0 stars, 0 active particles.
DetermineSGSize: MaxSubgridSize = 2000, MinSubgridEdge = 4, ncells = 49624
RebuildHierarchy[5]: Flagged 0/90 grids. 0 flagged cells
Level[5]: dt = 0.00146111  0.00146111 (0.00291982/0.0030365)
RebuildHierarchy: level = 5
TransferSubgridParticles[5]: Moved 0 particles, 0 stars, 0 active particles.
DetermineSGSize: MaxSubgridSize = 2000, MinSubgridEdge = 4, ncells = 49624
RebuildHierarchy[5]: Flagged 0/90 grids. 0 flagged cells
Level[5]: dt = 0.000116681  0.00146326 (0.0030365/0.0030365)
EvolveLevel[5]: NumberOfSubCycles = 3 (473 total, 3 sub)
Level[4]: dt = 0.000649377  0.00302936 (0.00673034/0.00673034)
Level[5]: dt = 0.000649377  0.00146342 (0.000649377/0.000649377)
EvolveLevel[5]: NumberOfSubCycles = 1 (474 total, 1 sub)
EvolveLevel[4]: NumberOfSubCycles = 3 (216 total, 3 sub)
RebuildHierarchy: level = 3
TransferSubgridParticles[3]: Moved 34 particles, 0 stars, 0 active particles.
DetermineSGSize: MaxSubgridSize = 2000, MinSubgridEdge = 4, ncells = 59728
RebuildHierarchy[3]: Flagged 134/432 grids. 6480 flagged cells
LoadBalance: Number of grids moved = 139 out of 140 (5.09284e-05 seconds elapsed)
DetermineSGSize: MaxSubgridSize = 2000, MinSubgridEdge = 4, ncells = 49624
RebuildHierarchy[4]: Flagged 91/140 grids. 5140 flagged cells
LoadBalance: Number of grids moved = 92 out of 92 (0.00229134 seconds elapsed)
DetermineSGSize: MaxSubgridSize = 2000, MinSubgridEdge = 4, ncells = 49624
RebuildHierarchy[5]: Flagged 0/92 grids. 0 flagged cells
Level[3]: dt = 0.00674529  0.00674529 (0.0134756/0.0141329)
Level[4]: dt = 0.00302805  0.00302805 (0.00302805/0.00674529)
Level[5]: dt = 0.00146429  0.00146429 (0.00146429/0.00302805)
RebuildHierarchy: level = 5
TransferSubgridParticles[5]: Moved 1 particles, 0 stars, 0 active particles.
DetermineSGSize: MaxSubgridSize = 2000, MinSubgridEdge = 4, ncells = 50208
RebuildHierarchy[5]: Flagged 0/92 grids. 0 flagged cells
Level[5]: dt = 0.00146617  0.00146617 (0.00293046/0.00302805)
RebuildHierarchy: level = 5
TransferSubgridParticles[5]: Moved 3 particles, 0 stars, 0 active particles.
DetermineSGSize: MaxSubgridSize = 2000, MinSubgridEdge = 4, ncells = 50208
RebuildHierarchy[5]: Flagged 0/92 grids. 0 flagged cells
Level[5]: dt = 9.75926e-05  0.00146793 (0.00302805/0.00302805)
EvolveLevel[5]: NumberOfSubCycles = 3 (477 total, 3 sub)
RebuildHierarchy: level = 4
TransferSubgridParticles[4]: Moved 2 particles, 0 stars, 0 active particles.
DetermineSGSize: MaxSubgridSize = 2000, MinSubgridEdge = 4, ncells = 50208
RebuildHierarchy[4]: Flagged 90/140 grids. 5136 flagged cells
LoadBalance: Number of grids moved = 91 out of 91 (0.00231155 seconds elapsed)
DetermineSGSize: MaxSubgridSize = 2000, MinSubgridEdge = 4, ncells = 50208
RebuildHierarchy[5]: Flagged 0/91 grids. 0 flagged cells
Level[4]: dt = 0.00302137  0.00302137 (0.00604943/0.00674529)
Level[5]: dt = 0.00146805  0.00146805 (0.00146805/0.00302137)
RebuildHierarchy: level = 5
TransferSubgridParticles[5]: Moved 1 particles, 0 stars, 0 active particles.
DetermineSGSize: MaxSubgridSize = 2000, MinSubgridEdge = 4, ncells = 50136
RebuildHierarchy[5]: Flagged 0/91 grids. 0 flagged cells
Level[5]: dt = 0.00146981  0.00146981 (0.00293786/0.00302137)
RebuildHierarchy: level = 5
TransferSubgridParticles[5]: Moved 0 particles, 0 stars, 0 active particles.
DetermineSGSize: MaxSubgridSize = 2000, MinSubgridEdge = 4, ncells = 50136
RebuildHierarchy[5]: Flagged 0/91 grids. 0 flagged cells
Level[5]: dt = 8.35186e-05  0.00147166 (0.00302137/0.00302137)
EvolveLevel[5]: NumberOfSubCycles = 3 (480 total, 3 sub)
Level[4]: dt = 0.000695865  0.00301583 (0.00674529/0.00674529)
Level[5]: dt = 0.000695865  0.00147176 (0.000695865/0.000695865)
EvolveLevel[5]: NumberOfSubCycles = 1 (481 total, 1 sub)
EvolveLevel[4]: NumberOfSubCycles = 3 (219 total, 3 sub)
Level[3]: dt = 0.000657229  0.00675376 (0.0141329/0.0141329)
Level[4]: dt = 0.000657229  0.00301479 (0.000657229/0.000657229)
Level[5]: dt = 0.000657229  0.00147264 (0.000657229/0.000657229)
EvolveLevel[5]: NumberOfSubCycles = 1 (482 total, 1 sub)
EvolveLevel[4]: NumberOfSubCycles = 1 (220 total, 1 sub)
EvolveLevel[3]: NumberOfSubCycles = 3 (101 total, 3 sub)
Level[2]: dt = 0.00349388  0.0141514 (0.0317343/0.0317343)
Level[3]: dt = 0.00349388  0.00675469 (0.00349388/0.00349388)
Level[4]: dt = 0.00301388  0.00301388 (0.00301388/0.00349388)
Level[5]: dt = 0.00147348  0.00147348 (0.00147348/0.00301388)
RebuildHierarchy: level = 5
TransferSubgridParticles[5]: Moved 2 particles, 0 stars, 0 active particles.
DetermineSGSize: MaxSubgridSize = 2000, MinSubgridEdge = 4, ncells = 50136
RebuildHierarchy[5]: Flagged 0/91 grids. 0 flagged cells
Level[5]: dt = 0.0015404  0.00147555 (0.00301388/0.00301388)
EvolveLevel[5]: NumberOfSubCycles = 2 (484 total, 2 sub)
RebuildHierarchy: level = 4
TransferSubgridParticles[4]: Moved 9 particles, 0 stars, 0 active particles.
DetermineSGSize: MaxSubgridSize = 2000, MinSubgridEdge = 4, ncells = 50136
RebuildHierarchy[4]: Flagged 91/140 grids. 5153 flagged cells
LoadBalance: Number of grids moved = 92 out of 92 (0.00233844 seconds elapsed)
DetermineSGSize: MaxSubgridSize = 2000, MinSubgridEdge = 4, ncells = 50136
RebuildHierarchy[5]: Flagged 0/92 grids. 0 flagged cells
Level[4]: dt = 0.000479997  0.00301019 (0.00349388/0.00349388)
Level[5]: dt = 0.000479997  0.00147792 (0.000479997/0.000479997)
EvolveLevel[5]: NumberOfSubCycles = 1 (485 total, 1 sub)
EvolveLevel[4]: NumberOfSubCycles = 2 (222 total, 2 sub)
EvolveLevel[3]: NumberOfSubCycles = 1 (102 total, 1 sub)
EvolveLevel[2]: NumberOfSubCycles = 3 (46 total, 3 sub)
Level[1]: dt = 0.00215446  0.0317709 (0.0656473/0.0656473)
Level[2]: dt = 0.00215446  0.0141553 (0.00215446/0.00215446)
Level[3]: dt = 0.00215446  0.00675976 (0.00215446/0.00215446)
Level[4]: dt = 0.00215446  0.00300977 (0.00215446/0.00215446)
Level[5]: dt = 0.00147865  0.00147865 (0.00147865/0.00215446)
RebuildHierarchy: level = 5
TransferSubgridParticles[5]: Moved 3 particles, 0 stars, 0 active particles.
DetermineSGSize: MaxSubgridSize = 2000, MinSubgridEdge = 4, ncells = 50368
RebuildHierarchy[5]: Flagged 0/92 grids. 0 flagged cells
Level[5]: dt = 0.000675813  0.00147871 (0.00215446/0.00215446)
EvolveLevel[5]: NumberOfSubCycles = 2 (487 total, 2 sub)
EvolveLevel[4]: NumberOfSubCycles = 1 (223 total, 1 sub)
EvolveLevel[3]: NumberOfSubCycles = 1 (103 total, 1 sub)
EvolveLevel[2]: NumberOfSubCycles = 1 (47 total, 1 sub)
EvolveLevel[1]: NumberOfSubCycles = 3 (19 total, 3 sub)
EvolveLevel[0]: NumberOfSubCycles = 1 (7 total, 7 sub)
CPUTime-output: Frac = 0.999994, Current = 107.212 (107.212), Stop = 2592000.000000, Last = 15.7929
Level[0]: dt = 0.0657397  0.0657397 (0.0657397/0.0657397)
Level[1]: dt = 0.0317732  0.0317732 (0.0317732/0.0657397)
Level[2]: dt = 0.0141578  0.0141578 (0.0141578/0.0317732)
Level[3]: dt = 0.0067631  0.0067631 (0.0067631/0.0141578)
Level[4]: dt = 0.00300801  0.00300801 (0.00300801/0.0067631)
Level[5]: dt = 0.00147739  0.00147739 (0.00147739/0.00300801)
RebuildHierarchy: level = 5
TransferSubgridParticles[5]: Moved 1 particles, 0 stars, 0 active particles.
DetermineSGSize: MaxSubgridSize = 2000, MinSubgridEdge = 4, ncells = 50368
RebuildHierarchy[5]: Flagged 0/92 grids. 0 flagged cells
Level[5]: dt = 0.00153062  0.00147434 (0.00300801/0.00300801)
EvolveLevel[5]: NumberOfSubCycles = 2 (489 total, 2 sub)
RebuildHierarchy: level = 4
TransferSubgridParticles[4]: Moved 8 particles, 0 stars, 0 active particles.
DetermineSGSize: MaxSubgridSize = 2000, MinSubgridEdge = 4, ncells = 50368
RebuildHierarchy[4]: Flagged 91/140 grids. 5165 flagged cells
LoadBalance: Number of grids moved = 92 out of 92 (0.00227956 seconds elapsed)
DetermineSGSize: MaxSubgridSize = 2000, MinSubgridEdge = 4, ncells = 50368
RebuildHierarchy[5]: Flagged 0/92 grids. 0 flagged cells
Level[4]: dt = 0.00300637  0.00300637 (0.00601439/0.0067631)
Level[5]: dt = 0.00147122  0.00147122 (0.00147122/0.00300637)
RebuildHierarchy: level = 5
TransferSubgridParticles[5]: Moved 1 particles, 0 stars, 0 active particles.
DetermineSGSize: MaxSubgridSize = 2000, MinSubgridEdge = 4, ncells = 50664
RebuildHierarchy[5]: Flagged 0/92 grids. 0 flagged cells
Level[5]: dt = 0.00153516  0.00146834 (0.00300637/0.00300637)
EvolveLevel[5]: NumberOfSubCycles = 2 (491 total, 2 sub)
Level[4]: dt = 0.000748711  0.00300635 (0.0067631/0.0067631)
Level[5]: dt = 0.000748711  0.00146508 (0.000748711/0.000748711)
EvolveLevel[5]: NumberOfSubCycles = 1 (492 total, 1 sub)
EvolveLevel[4]: NumberOfSubCycles = 3 (226 total, 3 sub)
RebuildHierarchy: level = 3
TransferSubgridParticles[3]: Moved 100 particles, 0 stars, 0 active particles.
DetermineSGSize: MaxSubgridSize = 2000, MinSubgridEdge = 4, ncells = 61072
RebuildHierarchy[3]: Flagged 136/432 grids. 6548 flagged cells
LoadBalance: Number of grids moved = 140 out of 141 (5.12525e-05 seconds elapsed)
DetermineSGSize: MaxSubgridSize = 2000, MinSubgridEdge = 4, ncells = 50664
RebuildHierarchy[4]: Flagged 91/141 grids. 5186 flagged cells
LoadBalance: Number of grids moved = 92 out of 92 (0.00289092 seconds elapsed)
DetermineSGSize: MaxSubgridSize = 2000, MinSubgridEdge = 4, ncells = 50664
RebuildHierarchy[5]: Flagged 0/92 grids. 0 flagged cells
Level[3]: dt = 0.00677426  0.00677426 (0.0135374/0.0141578)
Level[4]: dt = 0.00300675  0.00300675 (0.00300675/0.00677426)
Level[5]: dt = 0.0014636  0.0014636 (0.0014636/0.00300675)
RebuildHierarchy: level = 5
TransferSubgridParticles[5]: Moved 1 particles, 0 stars, 0 active particles.
DetermineSGSize: MaxSubgridSize = 2000, MinSubgridEdge = 4, ncells = 51000
RebuildHierarchy[5]: Flagged 0/92 grids. 0 flagged cells
Level[5]: dt = 0.00146079  0.00146079 (0.00292439/0.00300675)
RebuildHierarchy: level = 5
TransferSubgridParticles[5]: Moved 1 particles, 0 stars, 0 active particles.
DetermineSGSize: MaxSubgridSize = 2000, MinSubgridEdge = 4, ncells = 51000
RebuildHierarchy[5]: Flagged 0/92 grids. 0 flagged cells
Level[5]: dt = 8.23542e-05  0.00145763 (0.00300675/0.00300675)
EvolveLevel[5]: NumberOfSubCycles = 3 (495 total, 3 sub)
RebuildHierarchy: level = 4
TransferSubgridParticles[4]: Moved 3 particles, 0 stars, 0 active particles.
DetermineSGSize: MaxSubgridSize = 2000, MinSubgridEdge = 4, ncells = 51000
RebuildHierarchy[4]: Flagged 91/141 grids. 5200 flagged cells
LoadBalance: Number of grids moved = 92 out of 92 (0.00225753 seconds elapsed)
DetermineSGSize: MaxSubgridSize = 2000, MinSubgridEdge = 4, ncells = 51000
RebuildHierarchy[5]: Flagged 0/92 grids. 0 flagged cells
Level[4]: dt = 0.00300948  0.00300948 (0.00601623/0.00677426)
Level[5]: dt = 0.00145747  0.00145747 (0.00145747/0.00300948)
RebuildHierarchy: level = 5
TransferSubgridParticles[5]: Moved 1 particles, 0 stars, 0 active particles.
DetermineSGSize: MaxSubgridSize = 2000, MinSubgridEdge = 4, ncells = 51000
RebuildHierarchy[5]: Flagged 0/92 grids. 0 flagged cells
Level[5]: dt = 0.00145465  0.00145465 (0.00291212/0.00300948)
RebuildHierarchy: level = 5
TransferSubgridParticles[5]: Moved 1 particles, 0 stars, 0 active particles.
DetermineSGSize: MaxSubgridSize = 2000, MinSubgridEdge = 4, ncells = 51000
RebuildHierarchy[5]: Flagged 0/92 grids. 0 flagged cells
Level[5]: dt = 9.73659e-05  0.00145173 (0.00300948/0.00300948)
EvolveLevel[5]: NumberOfSubCycles = 3 (498 total, 3 sub)
Level[4]: dt = 0.000758031  0.00301482 (0.00677426/0.00677426)
Level[5]: dt = 0.000758031  0.00145156 (0.000758031/0.000758031)
EvolveLevel[5]: NumberOfSubCycles = 1 (499 total, 1 sub)
EvolveLevel[4]: NumberOfSubCycles = 3 (229 total, 3 sub)
Level[3]: dt = 0.000620432  0.00678588 (0.0141578/0.0141578)
Level[4]: dt = 0.000620432  0.00301661 (0.000620432/0.000620432)
Level[5]: dt = 0.000620432  0.00145019 (0.000620432/0.000620432)
EvolveLevel[5]: NumberOfSubCycles = 1 (500 total, 1 sub)
EvolveLevel[4]: NumberOfSubCycles = 1 (230 total, 1 sub)
EvolveLevel[3]: NumberOfSubCycles = 3 (106 total, 3 sub)
RebuildHierarchy: level = 2
TransferSubgridParticles[2]: Moved 505 particles, 0 stars, 0 active particles.
DetermineSGSize: MaxSubgridSize = 2000, MinSubgridEdge = 4, ncells = 302232
RebuildHierarchy[2]: Flagged 369/1446 grids. 24350 flagged cells
LoadBalance: Number of grids moved = 421 out of 434 (0.000370212 seconds elapsed)
DetermineSGSize: MaxSubgridSize = 2000, MinSubgridEdge = 4, ncells = 61768
RebuildHierarchy[3]: Flagged 136/434 grids. 6551 flagged cells
LoadBalance: Number of grids moved = 140 out of 141 (4.94458e-05 seconds elapsed)
DetermineSGSize: MaxSubgridSize = 2000, MinSubgridEdge = 4, ncells = 51000
RebuildHierarchy[4]: Flagged 92/141 grids. 5208 flagged cells
LoadBalance: Number of grids moved = 93 out of 93 (0.00263705 seconds elapsed)
DetermineSGSize: MaxSubgridSize = 2000, MinSubgridEdge = 4, ncells = 51000
RebuildHierarchy[5]: Flagged 0/93 grids. 0 flagged cells
Level[2]: dt = 0.0141732  0.0141732 (0.028331/0.0317732)
Level[3]: dt = 0.00678696  0.00678696 (0.00678696/0.0141732)
Level[4]: dt = 0.00301821  0.00301821 (0.00301821/0.00678696)
Level[5]: dt = 0.00144909  0.00144909 (0.00144909/0.00301821)
RebuildHierarchy: level = 5
TransferSubgridParticles[5]: Moved 1 particles, 0 stars, 0 active particles.
DetermineSGSize: MaxSubgridSize = 2000, MinSubgridEdge = 4, ncells = 50864
RebuildHierarchy[5]: Flagged 0/93 grids. 0 flagged cells
Level[5]: dt = 0.00144661  0.00144661 (0.00289569/0.00301821)
RebuildHierarchy: level = 5
TransferSubgridParticles[5]: Moved 0 particles, 0 stars, 0 active particles.
DetermineSGSize: MaxSubgridSize = 2000, MinSubgridEdge = 4, ncells = 50864
RebuildHierarchy[5]: Flagged 0/93 grids. 0 flagged cells
Level[5]: dt = 0.000122515  0.00144442 (0.00301821/0.00301821)
EvolveLevel[5]: NumberOfSubCycles = 3 (503 total, 3 sub)
RebuildHierarchy: level = 4
TransferSubgridParticles[4]: Moved 4 particles, 0 stars, 0 active particles.
DetermineSGSize: MaxSubgridSize = 2000, MinSubgridEdge = 4, ncells = 50864
RebuildHierarchy[4]: Flagged 92/141 grids. 5213 flagged cells
LoadBalance: Number of grids moved = 93 out of 93 (0.00216624 seconds elapsed)
DetermineSGSize: MaxSubgridSize = 2000, MinSubgridEdge = 4, ncells = 50864
RebuildHierarchy[5]: Flagged 0/93 grids. 0 flagged cells
Level[4]: dt = 0.00302689  0.00302689 (0.0060451/0.00678696)
Level[5]: dt = 0.00144425  0.00144425 (0.00144425/0.00302689)
RebuildHierarchy: level = 5
TransferSubgridParticles[5]: Moved 1 particles, 0 stars, 0 active particles.
DetermineSGSize: MaxSubgridSize = 2000, MinSubgridEdge = 4, ncells = 50880
RebuildHierarchy[5]: Flagged 0/93 grids. 0 flagged cells
Level[5]: dt = 0.00144232  0.00144232 (0.00288657/0.00302689)
RebuildHierarchy: level = 5
TransferSubgridParticles[5]: Moved 0 particles, 0 stars, 0 active particles.
DetermineSGSize: MaxSubgridSize = 2000, MinSubgridEdge = 4, ncells = 50880
RebuildHierarchy[5]: Flagged 0/93 grids. 0 flagged cells
Level[5]: dt = 0.000140321  0.00144073 (0.00302689/0.00302689)
EvolveLevel[5]: NumberOfSubCycles = 3 (506 total, 3 sub)
Level[4]: dt = 0.000741856  0.00303704 (0.00678696/0.00678696)
Level[5]: dt = 0.000741856  0.00144059 (0.000741856/0.000741856)
EvolveLevel[5]: NumberOfSubCycles = 1 (507 total, 1 sub)
EvolveLevel[4]: NumberOfSubCycles = 3 (233 total, 3 sub)
RebuildHierarchy: level = 3
TransferSubgridParticles[3]: Moved 41 particles, 0 stars, 0 active particles.
DetermineSGSize: MaxSubgridSize = 2000, MinSubgridEdge = 4, ncells = 61568
RebuildHierarchy[3]: Flagged 135/434 grids. 6501 flagged cells
LoadBalance: Number of grids moved = 138 out of 139 (4.99673e-05 seconds elapsed)
DetermineSGSize: MaxSubgridSize = 2000, MinSubgridEdge = 4, ncells = 50880
RebuildHierarchy[4]: Flagged 92/139 grids. 5251 flagged cells
LoadBalance: Number of grids moved = 94 out of 94 (0.00290579 seconds elapsed)
DetermineSGSize: MaxSubgridSize = 2000, MinSubgridEdge = 4, ncells = 50880
RebuildHierarchy[5]: Flagged 0/94 grids. 0 flagged cells
Level[3]: dt = 0.00679858  0.00679858 (0.0135855/0.0141732)
Level[4]: dt = 0.00303972  0.00303972 (0.00303972/0.00679858)
Level[5]: dt = 0.00143988  0.00143988 (0.00143988/0.00303972)
RebuildHierarchy: level = 5
TransferSubgridParticles[5]: Moved 0 particles, 0 stars, 0 active particles.
DetermineSGSize: MaxSubgridSize = 2000, MinSubgridEdge = 4, ncells = 51368
RebuildHierarchy[5]: Flagged 0/94 grids. 0 flagged cells
Level[5]: dt = 0.00143872  0.00143872 (0.0028786/0.00303972)
RebuildHierarchy: level = 5
TransferSubgridParticles[5]: Moved 3 particles, 0 stars, 0 active particles.
DetermineSGSize: MaxSubgridSize = 2000, MinSubgridEdge = 4, ncells = 51368
RebuildHierarchy[5]: Flagged 0/94 grids. 0 flagged cells
Level[5]: dt = 0.000161123  0.00143785 (0.00303972/0.00303972)
EvolveLevel[5]: NumberOfSubCycles = 3 (510 total, 3 sub)
RebuildHierarchy: level = 4
TransferSubgridParticles[4]: Moved 3 particles, 0 stars, 0 active particles.
DetermineSGSize: MaxSubgridSize = 2000, MinSubgridEdge = 4, ncells = 51368
RebuildHierarchy[4]: Flagged 92/139 grids. 5267 flagged cells
LoadBalance: Number of grids moved = 94 out of 94 (0.00229959 seconds elapsed)
DetermineSGSize: MaxSubgridSize = 2000, MinSubgridEdge = 4, ncells = 51368
RebuildHierarchy[5]: Flagged 0/94 grids. 0 flagged cells
Level[4]: dt = 0.00304973  0.00304973 (0.00608945/0.00679858)
Level[5]: dt = 0.00143778  0.00143778 (0.00143778/0.00304973)
RebuildHierarchy: level = 5
TransferSubgridParticles[5]: Moved 2 particles, 0 stars, 0 active particles.
DetermineSGSize: MaxSubgridSize = 2000, MinSubgridEdge = 4, ncells = 51472
RebuildHierarchy[5]: Flagged 0/94 grids. 0 flagged cells
Level[5]: dt = 0.00143727  0.00143727 (0.00287505/0.00304973)
RebuildHierarchy: level = 5
TransferSubgridParticles[5]: Moved 1 particles, 0 stars, 0 active particles.
DetermineSGSize: MaxSubgridSize = 2000, MinSubgridEdge = 4, ncells = 51472
RebuildHierarchy[5]: Flagged 0/94 grids. 0 flagged cells
Level[5]: dt = 0.000174676  0.00143703 (0.00304973/0.00304973)
EvolveLevel[5]: NumberOfSubCycles = 3 (513 total, 3 sub)
Level[4]: dt = 0.000709131  0.00304754 (0.00679858/0.00679858)
Level[5]: dt = 0.000709131  0.00143704 (0.000709131/0.000709131)
EvolveLevel[5]: NumberOfSubCycles = 1 (514 total, 1 sub)
EvolveLevel[4]: NumberOfSubCycles = 3 (236 total, 3 sub)
Level[3]: dt = 0.00058771  0.00680936 (0.0141732/0.0141732)
Level[4]: dt = 0.00058771  0.00304693 (0.00058771/0.00058771)
Level[5]: dt = 0.00058771  0.00143706 (0.00058771/0.00058771)
EvolveLevel[5]: NumberOfSubCycles = 1 (515 total, 1 sub)
EvolveLevel[4]: NumberOfSubCycles = 1 (237 total, 1 sub)
EvolveLevel[3]: NumberOfSubCycles = 3 (109 total, 3 sub)
Level[2]: dt = 0.00344216  0.0141867 (0.0317732/0.0317732)
Level[3]: dt = 0.00344216  0.00681027 (0.00344216/0.00344216)
Level[4]: dt = 0.00304651  0.00304651 (0.00304651/0.00344216)
Level[5]: dt = 0.00143712  0.00143712 (0.00143712/0.00304651)
RebuildHierarchy: level = 5
TransferSubgridParticles[5]: Moved 1 particles, 0 stars, 0 active particles.
DetermineSGSize: MaxSubgridSize = 2000, MinSubgridEdge = 4, ncells = 51472
RebuildHierarchy[5]: Flagged 0/94 grids. 0 flagged cells
Level[5]: dt = 0.00143743  0.00143743 (0.00287456/0.00304651)
RebuildHierarchy: level = 5
TransferSubgridParticles[5]: Moved 1 particles, 0 stars, 0 active particles.
DetermineSGSize: MaxSubgridSize = 2000, MinSubgridEdge = 4, ncells = 51472
RebuildHierarchy[5]: Flagged 0/94 grids. 0 flagged cells
Level[5]: dt = 0.000171949  0.00143796 (0.00304651/0.00304651)
EvolveLevel[5]: NumberOfSubCycles = 3 (518 total, 3 sub)
RebuildHierarchy: level = 4
TransferSubgridParticles[4]: Moved 8 particles, 0 stars, 0 active particles.
DetermineSGSize: MaxSubgridSize = 2000, MinSubgridEdge = 4, ncells = 51472
RebuildHierarchy[4]: Flagged 92/139 grids. 5330 flagged cells
LoadBalance: Number of grids moved = 94 out of 94 (0.00245158 seconds elapsed)
DetermineSGSize: MaxSubgridSize = 2000, MinSubgridEdge = 4, ncells = 51472
RebuildHierarchy[5]: Flagged 0/94 grids. 0 flagged cells
Level[4]: dt = 0.000395655  0.00304297 (0.00344216/0.00344216)
Level[5]: dt = 0.000395655  0.00143809 (0.000395655/0.000395655)
EvolveLevel[5]: NumberOfSubCycles = 1 (519 total, 1 sub)
EvolveLevel[4]: NumberOfSubCycles = 2 (239 total, 2 sub)
EvolveLevel[3]: NumberOfSubCycles = 1 (110 total, 1 sub)
EvolveLevel[2]: NumberOfSubCycles = 3 (50 total, 3 sub)
RebuildHierarchy: level = 1
TransferSubgridParticles[1]: Moved 10785 particles, 0 stars, 0 active particles.
DetermineSGSize: MaxSubgridSize = 2000, MinSubgridEdge = 4, ncells = 1404008
RebuildHierarchy[1]: Flagged 963/8824 grids. 96919 flagged cells
LoadBalance: Number of grids moved = 1431 out of 1464 (0.000589099 seconds elapsed)
DetermineSGSize: MaxSubgridSize = 2000, MinSubgridEdge = 4, ncells = 309600
RebuildHierarchy[2]: Flagged 366/1464 grids. 24216 flagged cells
LoadBalance: Number of grids moved = 412 out of 434 (0.0003714 seconds elapsed)
DetermineSGSize: MaxSubgridSize = 2000, MinSubgridEdge = 4, ncells = 63384
RebuildHierarchy[3]: Flagged 137/434 grids. 6485 flagged cells
LoadBalance: Number of grids moved = 140 out of 141 (5.23366e-05 seconds elapsed)
DetermineSGSize: MaxSubgridSize = 2000, MinSubgridEdge = 4, ncells = 52536
RebuildHierarchy[4]: Flagged 95/141 grids. 5348 flagged cells
LoadBalance: Number of grids moved = 96 out of 96 (0.00269771 seconds elapsed)
DetermineSGSize: MaxSubgridSize = 2000, MinSubgridEdge = 4, ncells = 52536
RebuildHierarchy[5]: Flagged 0/96 grids. 0 flagged cells
Level[1]: dt = 0.0318038  0.0318038 (0.063577/0.0657397)
Level[2]: dt = 0.0141895  0.0141895 (0.0141895/0.0318038)
Level[3]: dt = 0.006816  0.006816 (0.006816/0.0141895)
Level[4]: dt = 0.00304255  0.00304255 (0.00304255/0.006816)
Level[5]: dt = 0.0014384  0.0014384 (0.0014384/0.00304255)
RebuildHierarchy: level = 5
TransferSubgridParticles[5]: Moved 1 particles, 0 stars, 0 active particles.
DetermineSGSize: MaxSubgridSize = 2000, MinSubgridEdge = 4, ncells = 52408
RebuildHierarchy[5]: Flagged 0/96 grids. 0 flagged cells
Level[5]: dt = 0.00143941  0.00143941 (0.00287781/0.00304255)
RebuildHierarchy: level = 5
TransferSubgridParticles[5]: Moved 1 particles, 0 stars, 0 active particles.
DetermineSGSize: MaxSubgridSize = 2000, MinSubgridEdge = 4, ncells = 52408
RebuildHierarchy[5]: Flagged 0/96 grids. 0 flagged cells
Level[5]: dt = 0.000164733  0.00144084 (0.00304255/0.00304255)
EvolveLevel[5]: NumberOfSubCycles = 3 (522 total, 3 sub)
RebuildHierarchy: level = 4
TransferSubgridParticles[4]: Moved 2 particles, 0 stars, 0 active particles.
DetermineSGSize: MaxSubgridSize = 2000, MinSubgridEdge = 4, ncells = 52408
RebuildHierarchy[4]: Flagged 96/141 grids. 5365 flagged cells
LoadBalance: Number of grids moved = 97 out of 97 (0.00211757 seconds elapsed)
DetermineSGSize: MaxSubgridSize = 2000, MinSubgridEdge = 4, ncells = 52408
RebuildHierarchy[5]: Flagged 0/97 grids. 0 flagged cells
Level[4]: dt = 0.00303813  0.00303813 (0.00608068/0.006816)
Level[5]: dt = 0.00144103  0.00144103 (0.00144103/0.00303813)
RebuildHierarchy: level = 5
TransferSubgridParticles[5]: Moved 1 particles, 0 stars, 0 active particles.
DetermineSGSize: MaxSubgridSize = 2000, MinSubgridEdge = 4, ncells = 52464
RebuildHierarchy[5]: Flagged 0/97 grids. 0 flagged cells
Level[5]: dt = 0.00144248  0.00144248 (0.00288352/0.00303813)
RebuildHierarchy: level = 5
TransferSubgridParticles[5]: Moved 1 particles, 0 stars, 0 active particles.
DetermineSGSize: MaxSubgridSize = 2000, MinSubgridEdge = 4, ncells = 52464
RebuildHierarchy[5]: Flagged 0/97 grids. 0 flagged cells
Level[5]: dt = 0.000154616  0.00144255 (0.00303813/0.00303813)
EvolveLevel[5]: NumberOfSubCycles = 3 (525 total, 3 sub)
Level[4]: dt = 0.000735322  0.00303381 (0.006816/0.006816)
Level[5]: dt = 0.000735322  0.0014421 (0.000735322/0.000735322)
EvolveLevel[5]: NumberOfSubCycles = 1 (526 total, 1 sub)
EvolveLevel[4]: NumberOfSubCycles = 3 (242 total, 3 sub)
RebuildHierarchy: level = 3
TransferSubgridParticles[3]: Moved 29 particles, 0 stars, 0 active particles.
DetermineSGSize: MaxSubgridSize = 2000, MinSubgridEdge = 4, ncells = 61200
RebuildHierarchy[3]: Flagged 137/434 grids. 6502 flagged cells
LoadBalance: Number of grids moved = 140 out of 141 (4.99561e-05 seconds elapsed)
DetermineSGSize: MaxSubgridSize = 2000, MinSubgridEdge = 4, ncells = 52464
RebuildHierarchy[4]: Flagged 95/141 grids. 5345 flagged cells
LoadBalance: Number of grids moved = 96 out of 96 (0.00289102 seconds elapsed)
DetermineSGSize: MaxSubgridSize = 2000, MinSubgridEdge = 4, ncells = 52464
RebuildHierarchy[5]: Flagged 0/96 grids. 0 flagged cells
Level[3]: dt = 0.00682575  0.00682575 (0.0136417/0.0141895)
Level[4]: dt = 0.00303281  0.00303281 (0.00303281/0.00682575)
Level[5]: dt = 0.0014399  0.0014399 (0.0014399/0.00303281)
RebuildHierarchy: level = 5
TransferSubgridParticles[5]: Moved 6 particles, 0 stars, 0 active particles.
DetermineSGSize: MaxSubgridSize = 2000, MinSubgridEdge = 4, ncells = 52376
RebuildHierarchy[5]: Flagged 0/96 grids. 0 flagged cells
Level[5]: dt = 0.00143547  0.00143547 (0.00287537/0.00303281)
RebuildHierarchy: level = 5
TransferSubgridParticles[5]: Moved 0 particles, 0 stars, 0 active particles.
DetermineSGSize: MaxSubgridSize = 2000, MinSubgridEdge = 4, ncells = 52376
RebuildHierarchy[5]: Flagged 0/96 grids. 0 flagged cells
Level[5]: dt = 0.000157441  0.00143133 (0.00303281/0.00303281)
EvolveLevel[5]: NumberOfSubCycles = 3 (529 total, 3 sub)
RebuildHierarchy: level = 4
TransferSubgridParticles[4]: Moved 2 particles, 0 stars, 0 active particles.
DetermineSGSize: MaxSubgridSize = 2000, MinSubgridEdge = 4, ncells = 52376
RebuildHierarchy[4]: Flagged 95/141 grids. 5324 flagged cells
LoadBalance: Number of grids moved = 96 out of 96 (0.00230912 seconds elapsed)
DetermineSGSize: MaxSubgridSize = 2000, MinSubgridEdge = 4, ncells = 52376
RebuildHierarchy[5]: Flagged 0/96 grids. 0 flagged cells
Level[4]: dt = 0.00303049  0.00303049 (0.0060633/0.00682575)
Level[5]: dt = 0.00143089  0.00143089 (0.00143089/0.00303049)
RebuildHierarchy: level = 5
TransferSubgridParticles[5]: Moved 1 particles, 0 stars, 0 active particles.
DetermineSGSize: MaxSubgridSize = 2000, MinSubgridEdge = 4, ncells = 52184
RebuildHierarchy[5]: Flagged 0/96 grids. 0 flagged cells
Level[5]: dt = 0.00142677  0.00142677 (0.00285766/0.00303049)
RebuildHierarchy: level = 5
TransferSubgridParticles[5]: Moved 1 particles, 0 stars, 0 active particles.
DetermineSGSize: MaxSubgridSize = 2000, MinSubgridEdge = 4, ncells = 52184
RebuildHierarchy[5]: Flagged 0/96 grids. 0 flagged cells
Level[5]: dt = 0.000172829  0.00142298 (0.00303049/0.00303049)
EvolveLevel[5]: NumberOfSubCycles = 3 (532 total, 3 sub)
Level[4]: dt = 0.000762443  0.00302913 (0.00682575/0.00682575)
Level[5]: dt = 0.000762443  0.00142253 (0.000762443/0.000762443)
EvolveLevel[5]: NumberOfSubCycles = 1 (533 total, 1 sub)
EvolveLevel[4]: NumberOfSubCycles = 3 (245 total, 3 sub)
Level[3]: dt = 0.000547737  0.00683429 (0.0141895/0.0141895)
Level[4]: dt = 0.000547737  0.00302893 (0.000547737/0.000547737)
Level[5]: dt = 0.000547737  0.00142054 (0.000547737/0.000547737)
EvolveLevel[5]: NumberOfSubCycles = 1 (534 total, 1 sub)
EvolveLevel[4]: NumberOfSubCycles = 1 (246 total, 1 sub)
EvolveLevel[3]: NumberOfSubCycles = 3 (113 total, 3 sub)
RebuildHierarchy: level = 2
TransferSubgridParticles[2]: Moved 238 particles, 0 stars, 0 active particles.
DetermineSGSize: MaxSubgridSize = 2000, MinSubgridEdge = 4, ncells = 309008
RebuildHierarchy[2]: Flagged 368/1464 grids. 24297 flagged cells
LoadBalance: Number of grids moved = 416 out of 432 (0.000347242 seconds elapsed)
DetermineSGSize: MaxSubgridSize = 2000, MinSubgridEdge = 4, ncells = 61168
RebuildHierarchy[3]: Flagged 138/432 grids. 6501 flagged cells
LoadBalance: Number of grids moved = 141 out of 142 (5.27576e-05 seconds elapsed)
DetermineSGSize: MaxSubgridSize = 2000, MinSubgridEdge = 4, ncells = 52184
RebuildHierarchy[4]: Flagged 95/142 grids. 5388 flagged cells
LoadBalance: Number of grids moved = 96 out of 96 (0.00275762 seconds elapsed)
DetermineSGSize: MaxSubgridSize = 2000, MinSubgridEdge = 4, ncells = 52184
RebuildHierarchy[5]: Flagged 0/96 grids. 0 flagged cells
Level[2]: dt = 0.0141995  0.0141995 (0.028389/0.0318038)
Level[3]: dt = 0.00683492  0.00683492 (0.00683492/0.0141995)
Level[4]: dt = 0.00302888  0.00302888 (0.00302888/0.00683492)
Level[5]: dt = 0.00141922  0.00141922 (0.00141922/0.00302888)
RebuildHierarchy: level = 5
TransferSubgridParticles[5]: Moved 2 particles, 0 stars, 0 active particles.
DetermineSGSize: MaxSubgridSize = 2000, MinSubgridEdge = 4, ncells = 52800
RebuildHierarchy[5]: Flagged 0/96 grids. 0 flagged cells
Level[5]: dt = 0.00141567  0.00141567 (0.00283489/0.00302888)
RebuildHierarchy: level = 5
TransferSubgridParticles[5]: Moved 1 particles, 0 stars, 0 active particles.
DetermineSGSize: MaxSubgridSize = 2000, MinSubgridEdge = 4, ncells = 52800
RebuildHierarchy[5]: Flagged 0/96 grids. 0 flagged cells
Level[5]: dt = 0.00019399  0.00141259 (0.00302888/0.00302888)
EvolveLevel[5]: NumberOfSubCycles = 3 (537 total, 3 sub)
RebuildHierarchy: level = 4
TransferSubgridParticles[4]: Moved 2 particles, 0 stars, 0 active particles.
DetermineSGSize: MaxSubgridSize = 2000, MinSubgridEdge = 4, ncells = 52800
RebuildHierarchy[4]: Flagged 95/142 grids. 5415 flagged cells
LoadBalance: Number of grids moved = 96 out of 96 (0.0021738 seconds elapsed)
DetermineSGSize: MaxSubgridSize = 2000, MinSubgridEdge = 4, ncells = 52800
RebuildHierarchy[5]: Flagged 0/96 grids. 0 flagged cells
Level[4]: dt = 0.00302889  0.00302889 (0.00605777/0.00683492)
Level[5]: dt = 0.00141225  0.00141225 (0.00141225/0.00302889)
RebuildHierarchy: level = 5
TransferSubgridParticles[5]: Moved 1 particles, 0 stars, 0 active particles.
DetermineSGSize: MaxSubgridSize = 2000, MinSubgridEdge = 4, ncells = 53168
RebuildHierarchy[5]: Flagged 0/96 grids. 0 flagged cells
Level[5]: dt = 0.00140943  0.00140943 (0.00282168/0.00302889)
RebuildHierarchy: level = 5
TransferSubgridParticles[5]: Moved 2 particles, 0 stars, 0 active particles.
DetermineSGSize: MaxSubgridSize = 2000, MinSubgridEdge = 4, ncells = 53168
RebuildHierarchy[5]: Flagged 0/96 grids. 0 flagged cells
Level[5]: dt = 0.000207212  0.00140703 (0.00302889/0.00302889)
EvolveLevel[5]: NumberOfSubCycles = 3 (540 total, 3 sub)
Level[4]: dt = 0.000777156  0.00303043 (0.00683492/0.00683492)
Level[5]: dt = 0.000777156  0.00140674 (0.000777156/0.000777156)
EvolveLevel[5]: NumberOfSubCycles = 1 (541 total, 1 sub)
EvolveLevel[4]: NumberOfSubCycles = 3 (249 total, 3 sub)
RebuildHierarchy: level = 3
TransferSubgridParticles[3]: Moved 28 particles, 0 stars, 0 active particles.
DetermineSGSize: MaxSubgridSize = 2000, MinSubgridEdge = 4, ncells = 61104
RebuildHierarchy[3]: Flagged 138/432 grids. 6506 flagged cells
LoadBalance: Number of grids moved = 141 out of 142 (4.78216e-05 seconds elapsed)
DetermineSGSize: MaxSubgridSize = 2000, MinSubgridEdge = 4, ncells = 53168
RebuildHierarchy[4]: Flagged 95/142 grids. 5381 flagged cells
LoadBalance: Number of grids moved = 96 out of 96 (0.00284058 seconds elapsed)
DetermineSGSize: MaxSubgridSize = 2000, MinSubgridEdge = 4, ncells = 53168
RebuildHierarchy[5]: Flagged 0/96 grids. 0 flagged cells
Level[3]: dt = 0.00684208  0.00684208 (0.013677/0.0141995)
Level[4]: dt = 0.00303103  0.00303103 (0.00303103/0.00684208)
Level[5]: dt = 0.00140556  0.00140556 (0.00140556/0.00303103)
RebuildHierarchy: level = 5
TransferSubgridParticles[5]: Moved 2 particles, 0 stars, 0 active particles.
DetermineSGSize: MaxSubgridSize = 2000, MinSubgridEdge = 4, ncells = 52560
RebuildHierarchy[5]: Flagged 0/96 grids. 0 flagged cells
Level[5]: dt = 0.00140353  0.00140353 (0.00280909/0.00303103)
RebuildHierarchy: level = 5
TransferSubgridParticles[5]: Moved 0 particles, 0 stars, 0 active particles.
DetermineSGSize: MaxSubgridSize = 2000, MinSubgridEdge = 4, ncells = 52560
RebuildHierarchy[5]: Flagged 0/96 grids. 0 flagged cells
Level[5]: dt = 0.000221933  0.00140192 (0.00303103/0.00303103)
EvolveLevel[5]: NumberOfSubCycles = 3 (544 total, 3 sub)
RebuildHierarchy: level = 4
TransferSubgridParticles[4]: Moved 1 particles, 0 stars, 0 active particles.
DetermineSGSize: MaxSubgridSize = 2000, MinSubgridEdge = 4, ncells = 52560
RebuildHierarchy[4]: Flagged 95/142 grids. 5391 flagged cells
LoadBalance: Number of grids moved = 96 out of 96 (0.00206871 seconds elapsed)
DetermineSGSize: MaxSubgridSize = 2000, MinSubgridEdge = 4, ncells = 52560
RebuildHierarchy[5]: Flagged 0/96 grids. 0 flagged cells
Level[4]: dt = 0.00303395  0.00303395 (0.00606498/0.00684208)
Level[5]: dt = 0.00140171  0.00140171 (0.00140171/0.00303395)
RebuildHierarchy: level = 5
TransferSubgridParticles[5]: Moved 3 particles, 0 stars, 0 active particles.
DetermineSGSize: MaxSubgridSize = 2000, MinSubgridEdge = 4, ncells = 52448
RebuildHierarchy[5]: Flagged 0/96 grids. 0 flagged cells
Level[5]: dt = 0.00140015  0.00140015 (0.00280186/0.00303395)
RebuildHierarchy: level = 5
TransferSubgridParticles[5]: Moved 0 particles, 0 stars, 0 active particles.
DetermineSGSize: MaxSubgridSize = 2000, MinSubgridEdge = 4, ncells = 52448
RebuildHierarchy[5]: Flagged 0/96 grids. 0 flagged cells
Level[5]: dt = 0.000232096  0.00139896 (0.00303395/0.00303395)
EvolveLevel[5]: NumberOfSubCycles = 3 (547 total, 3 sub)
Level[4]: dt = 0.000777098  0.00303792 (0.00684208/0.00684208)
Level[5]: dt = 0.000777098  0.00139879 (0.000777098/0.000777098)
EvolveLevel[5]: NumberOfSubCycles = 1 (548 total, 1 sub)
EvolveLevel[4]: NumberOfSubCycles = 3 (252 total, 3 sub)
Level[3]: dt = 0.000522475  0.00684825 (0.0141995/0.0141995)
Level[4]: dt = 0.000522475  0.00303911 (0.000522475/0.000522475)
Level[5]: dt = 0.000522475  0.0013982 (0.000522475/0.000522475)
EvolveLevel[5]: NumberOfSubCycles = 1 (549 total, 1 sub)
EvolveLevel[4]: NumberOfSubCycles = 1 (253 total, 1 sub)
EvolveLevel[3]: NumberOfSubCycles = 3 (116 total, 3 sub)
Level[2]: dt = 0.00341484  0.0142068 (0.0318038/0.0318038)
Level[3]: dt = 0.00341484  0.00684868 (0.00341484/0.00341484)
Level[4]: dt = 0.00303996  0.00303996 (0.00303996/0.00341484)
Level[5]: dt = 0.00139789  0.00139789 (0.00139789/0.00303996)
RebuildHierarchy: level = 5
TransferSubgridParticles[5]: Moved 2 particles, 0 stars, 0 active particles.
DetermineSGSize: MaxSubgridSize = 2000, MinSubgridEdge = 4, ncells = 52448
RebuildHierarchy[5]: Flagged 0/96 grids. 0 flagged cells
Level[5]: dt = 0.00139679  0.00139679 (0.00279468/0.00303996)
RebuildHierarchy: level = 5
TransferSubgridParticles[5]: Moved 0 particles, 0 stars, 0 active particles.
DetermineSGSize: MaxSubgridSize = 2000, MinSubgridEdge = 4, ncells = 52448
RebuildHierarchy[5]: Flagged 0/96 grids. 0 flagged cells
Level[5]: dt = 0.000245279  0.00139621 (0.00303996/0.00303996)
EvolveLevel[5]: NumberOfSubCycles = 3 (552 total, 3 sub)
RebuildHierarchy: level = 4
TransferSubgridParticles[4]: Moved 14 particles, 0 stars, 0 active particles.
DetermineSGSize: MaxSubgridSize = 2000, MinSubgridEdge = 4, ncells = 52448
RebuildHierarchy[4]: Flagged 95/142 grids. 5408 flagged cells
LoadBalance: Number of grids moved = 96 out of 96 (0.00188281 seconds elapsed)
DetermineSGSize: MaxSubgridSize = 2000, MinSubgridEdge = 4, ncells = 52448
RebuildHierarchy[5]: Flagged 0/96 grids. 0 flagged cells
Level[4]: dt = 0.000374886  0.00303597 (0.00341484/0.00341484)
Level[5]: dt = 0.000374886  0.00139616 (0.000374886/0.000374886)
EvolveLevel[5]: NumberOfSubCycles = 1 (553 total, 1 sub)
EvolveLevel[4]: NumberOfSubCycles = 2 (255 total, 2 sub)
EvolveLevel[3]: NumberOfSubCycles = 1 (117 total, 1 sub)
EvolveLevel[2]: NumberOfSubCycles = 3 (53 total, 3 sub)
Level[1]: dt = 0.00216269  0.031682 (0.0657397/0.0657397)
Level[2]: dt = 0.00216269  0.0142083 (0.00216269/0.00216269)
Level[3]: dt = 0.00216269  0.00685128 (0.00216269/0.00216269)
Level[4]: dt = 0.00216269  0.00303432 (0.00216269/0.00216269)
Level[5]: dt = 0.00139607  0.00139607 (0.00139607/0.00216269)
RebuildHierarchy: level = 5
TransferSubgridParticles[5]: Moved 0 particles, 0 stars, 0 active particles.
DetermineSGSize: MaxSubgridSize = 2000, MinSubgridEdge = 4, ncells = 52056
RebuildHierarchy[5]: Flagged 0/96 grids. 0 flagged cells
Level[5]: dt = 0.000766619  0.00139569 (0.00216269/0.00216269)
EvolveLevel[5]: NumberOfSubCycles = 2 (555 total, 2 sub)
EvolveLevel[4]: NumberOfSubCycles = 1 (256 total, 1 sub)
EvolveLevel[3]: NumberOfSubCycles = 1 (118 total, 1 sub)
EvolveLevel[2]: NumberOfSubCycles = 1 (54 total, 1 sub)
EvolveLevel[1]: NumberOfSubCycles = 3 (22 total, 3 sub)
EvolveLevel[0]: NumberOfSubCycles = 1 (8 total, 8 sub)
RebuildHierarchy: level = 0
CommunicationTransferParticles: moved = 340485
CommunicationTransferStars: moved = 0
CommunicationTransferActiveParticles: moved = 0
DetermineSGSize: MaxSubgridSize = 2897, MinSubgridEdge = 4, ncells = 12982472
RebuildHierarchy[0]: Flagged 753/1120 grids. 814651 flagged cells
LoadBalance: Number of grids moved = 8875 out of 8969 (0.348161 seconds elapsed)
DetermineSGSize: MaxSubgridSize = 2000, MinSubgridEdge = 4, ncells = 1427384
RebuildHierarchy[1]: Flagged 957/8969 grids. 97079 flagged cells
LoadBalance: Number of grids moved = 1451 out of 1485 (0.0005912 seconds elapsed)
DetermineSGSize: MaxSubgridSize = 2000, MinSubgridEdge = 4, ncells = 312752
RebuildHierarchy[2]: Flagged 398/1485 grids. 24056 flagged cells
LoadBalance: Number of grids moved = 442 out of 460 (0.000382226 seconds elapsed)
DetermineSGSize: MaxSubgridSize = 2000, MinSubgridEdge = 4, ncells = 61080
RebuildHierarchy[3]: Flagged 143/460 grids. 6531 flagged cells
LoadBalance: Number of grids moved = 144 out of 145 (4.8127e-05 seconds elapsed)
DetermineSGSize: MaxSubgridSize = 2000, MinSubgridEdge = 4, ncells = 52056
RebuildHierarchy[4]: Flagged 95/145 grids. 5406 flagged cells
LoadBalance: Number of grids moved = 97 out of 98 (0.00339465 seconds elapsed)
DetermineSGSize: MaxSubgridSize = 2000, MinSubgridEdge = 4, ncells = 52056
RebuildHierarchy[5]: Flagged 0/98 grids. 0 flagged cells
CPUTime-output: Frac = 0.999994, Current = 122.977 (121.571), Stop = 2592000.000000, Last = 14.3589
Level[0]: dt = 0.0643657  0.0643657 (0.0643657/0.0643657)
PrepareGreens: Start = 0 52 0  Dim = 32 50 36
PrepareGreens: Start = 0 0 36  Dim = 32 52 38
PrepareGreens: Start = 0 52 36  Dim = 32 50 38
PrepareGreens: Start = 0 0 0  Dim = 32 52 36
Level[1]: dt = 0.0315702  0.0315702 (0.0315702/0.0643657)
Level[2]: dt = 0.0142092  0.0142092 (0.0142092/0.0315702)
Level[3]: dt = 0.00685287  0.00685287 (0.00685287/0.0142092)
Level[4]: dt = 0.00302564  0.00302564 (0.00302564/0.00685287)
Level[5]: dt = 0.00139561  0.00139561 (0.00139561/0.00302564)
RebuildHierarchy: level = 5
TransferSubgridParticles[5]: Moved 77 particles, 0 stars, 0 active particles.
DetermineSGSize: MaxSubgridSize = 2000, MinSubgridEdge = 4, ncells = 51936
RebuildHierarchy[5]: Flagged 0/98 grids. 0 flagged cells
Level[5]: dt = 0.0013954  0.0013954 (0.00279101/0.00302564)
RebuildHierarchy: level = 5
TransferSubgridParticles[5]: Moved 2 particles, 0 stars, 0 active particles.
DetermineSGSize: MaxSubgridSize = 2000, MinSubgridEdge = 4, ncells = 51936
RebuildHierarchy[5]: Flagged 0/98 grids. 0 flagged cells
Level[5]: dt = 0.000234627  0.00139554 (0.00302564/0.00302564)
EvolveLevel[5]: NumberOfSubCycles = 3 (558 total, 3 sub)
RebuildHierarchy: level = 4
TransferSubgridParticles[4]: Moved 130 particles, 0 stars, 0 active particles.
DetermineSGSize: MaxSubgridSize = 2000, MinSubgridEdge = 4, ncells = 51936
RebuildHierarchy[4]: Flagged 95/145 grids. 5353 flagged cells
LoadBalance: Number of grids moved = 97 out of 98 (0.0036901 seconds elapsed)
DetermineSGSize: MaxSubgridSize = 2000, MinSubgridEdge = 4, ncells = 51936
RebuildHierarchy[5]: Flagged 0/98 grids. 0 flagged cells
Level[4]: dt = 0.00301642  0.00301642 (0.00604206/0.00685287)
Level[5]: dt = 0.00139562  0.00139562 (0.00139562/0.00301642)
RebuildHierarchy: level = 5
TransferSubgridParticles[5]: Moved 0 particles, 0 stars, 0 active particles.
DetermineSGSize: MaxSubgridSize = 2000, MinSubgridEdge = 4, ncells = 50976
RebuildHierarchy[5]: Flagged 0/98 grids. 0 flagged cells
Level[5]: dt = 0.00139594  0.00139594 (0.00279156/0.00301642)
RebuildHierarchy: level = 5
TransferSubgridParticles[5]: Moved 1 particles, 0 stars, 0 active particles.
DetermineSGSize: MaxSubgridSize = 2000, MinSubgridEdge = 4, ncells = 50976
RebuildHierarchy[5]: Flagged 0/98 grids. 0 flagged cells
Level[5]: dt = 0.000224863  0.00139665 (0.00301642/0.00301642)
EvolveLevel[5]: NumberOfSubCycles = 3 (561 total, 3 sub)
Level[4]: dt = 0.000810806  0.0030118 (0.00685287/0.00685287)
Level[5]: dt = 0.000810806  0.00139682 (0.000810806/0.000810806)
EvolveLevel[5]: NumberOfSubCycles = 1 (562 total, 1 sub)
EvolveLevel[4]: NumberOfSubCycles = 3 (259 total, 3 sub)
RebuildHierarchy: level = 3
TransferSubgridParticles[3]: Moved 877 particles, 0 stars, 0 active particles.
DetermineSGSize: MaxSubgridSize = 2000, MinSubgridEdge = 4, ncells = 64696
RebuildHierarchy[3]: Flagged 143/460 grids. 6582 flagged cells
LoadBalance: Number of grids moved = 143 out of 144 (4.84698e-05 seconds elapsed)
DetermineSGSize: MaxSubgridSize = 2000, MinSubgridEdge = 4, ncells = 50976
RebuildHierarchy[4]: Flagged 94/144 grids. 5333 flagged cells
LoadBalance: Number of grids moved = 93 out of 98 (0.00361687 seconds elapsed)
DetermineSGSize: MaxSubgridSize = 2000, MinSubgridEdge = 4, ncells = 50976
RebuildHierarchy[5]: Flagged 0/98 grids. 0 flagged cells
Level[3]: dt = 0.00685733  0.00685733 (0.0137102/0.0142092)
Level[4]: dt = 0.0030114  0.0030114 (0.0030114/0.00685733)
Level[5]: dt = 0.00139739  0.00139739 (0.00139739/0.0030114)
RebuildHierarchy: level = 5
TransferSubgridParticles[5]: Moved 1 particles, 0 stars, 0 active particles.
DetermineSGSize: MaxSubgridSize = 2000, MinSubgridEdge = 4, ncells = 50568
RebuildHierarchy[5]: Flagged 0/98 grids. 0 flagged cells
Level[5]: dt = 0.00139862  0.00139862 (0.00279601/0.0030114)
RebuildHierarchy: level = 5
TransferSubgridParticles[5]: Moved 3 particles, 0 stars, 0 active particles.
DetermineSGSize: MaxSubgridSize = 2000, MinSubgridEdge = 4, ncells = 50568
RebuildHierarchy[5]: Flagged 0/98 grids. 0 flagged cells
Level[5]: dt = 0.000215395  0.00140029 (0.0030114/0.0030114)
EvolveLevel[5]: NumberOfSubCycles = 3 (565 total, 3 sub)
RebuildHierarchy: level = 4
TransferSubgridParticles[4]: Moved 3 particles, 0 stars, 0 active particles.
DetermineSGSize: MaxSubgridSize = 2000, MinSubgridEdge = 4, ncells = 50568
RebuildHierarchy[4]: Flagged 94/144 grids. 5343 flagged cells
LoadBalance: Number of grids moved = 93 out of 98 (0.00346246 seconds elapsed)
DetermineSGSize: MaxSubgridSize = 2000, MinSubgridEdge = 4, ncells = 50568
RebuildHierarchy[5]: Flagged 0/98 grids. 0 flagged cells
Level[4]: dt = 0.00301327  0.00301327 (0.00602467/0.00685733)
Level[5]: dt = 0.00140059  0.00140059 (0.00140059/0.00301327)
RebuildHierarchy: level = 5
TransferSubgridParticles[5]: Moved 0 particles, 0 stars, 0 active particles.
DetermineSGSize: MaxSubgridSize = 2000, MinSubgridEdge = 4, ncells = 50880
RebuildHierarchy[5]: Flagged 0/98 grids. 0 flagged cells
Level[5]: dt = 0.0014025  0.0014025 (0.0028031/0.00301327)
RebuildHierarchy: level = 5
TransferSubgridParticles[5]: Moved 2 particles, 0 stars, 0 active particles.
DetermineSGSize: MaxSubgridSize = 2000, MinSubgridEdge = 4, ncells = 50880
RebuildHierarchy[5]: Flagged 0/98 grids. 0 flagged cells
Level[5]: dt = 0.00021017  0.00140463 (0.00301327/0.00301327)
EvolveLevel[5]: NumberOfSubCycles = 3 (568 total, 3 sub)
Level[4]: dt = 0.000832661  0.00302106 (0.00685733/0.00685733)
Level[5]: dt = 0.000832661  0.00140499 (0.000832661/0.000832661)
EvolveLevel[5]: NumberOfSubCycles = 1 (569 total, 1 sub)
EvolveLevel[4]: NumberOfSubCycles = 3 (262 total, 3 sub)
Level[3]: dt = 0.00049904  0.00677635 (0.0142092/0.0142092)
Level[4]: dt = 0.00049904  0.00302439 (0.00049904/0.00049904)
Level[5]: dt = 0.00049904  0.00140642 (0.00049904/0.00049904)
EvolveLevel[5]: NumberOfSubCycles = 1 (570 total, 1 sub)
EvolveLevel[4]: NumberOfSubCycles = 1 (263 total, 1 sub)
EvolveLevel[3]: NumberOfSubCycles = 3 (121 total, 3 sub)
RebuildHierarchy: level = 2
TransferSubgridParticles[2]: Moved 8253 particles, 0 stars, 0 active particles.
DetermineSGSize: MaxSubgridSize = 2000, MinSubgridEdge = 4, ncells = 304952
RebuildHierarchy[2]: Flagged 400/1485 grids. 24360 flagged cells
LoadBalance: Number of grids moved = 443 out of 462 (0.000576936 seconds elapsed)
DetermineSGSize: MaxSubgridSize = 2000, MinSubgridEdge = 4, ncells = 66680
RebuildHierarchy[3]: Flagged 147/462 grids. 6634 flagged cells
LoadBalance: Number of grids moved = 147 out of 148 (5.25564e-05 seconds elapsed)
DetermineSGSize: MaxSubgridSize = 2000, MinSubgridEdge = 4, ncells = 50880
RebuildHierarchy[4]: Flagged 93/148 grids. 5384 flagged cells
LoadBalance: Number of grids moved = 96 out of 97 (0.00384676 seconds elapsed)
DetermineSGSize: MaxSubgridSize = 2000, MinSubgridEdge = 4, ncells = 50880
RebuildHierarchy[5]: Flagged 0/97 grids. 0 flagged cells
Level[2]: dt = 0.014215  0.014215 (0.0284243/0.0315702)
Level[3]: dt = 0.00676117  0.00676117 (0.00676117/0.014215)
Level[4]: dt = 0.00302663  0.00302663 (0.00302663/0.00676117)
Level[5]: dt = 0.00140731  0.00140731 (0.00140731/0.00302663)
RebuildHierarchy: level = 5
TransferSubgridParticles[5]: Moved 1 particles, 0 stars, 0 active particles.
DetermineSGSize: MaxSubgridSize = 2000, MinSubgridEdge = 4, ncells = 51480
RebuildHierarchy[5]: Flagged 0/97 grids. 0 flagged cells
Level[5]: dt = 0.00140999  0.00140999 (0.0028173/0.00302663)
RebuildHierarchy: level = 5
TransferSubgridParticles[5]: Moved 4 particles, 0 stars, 0 active particles.
DetermineSGSize: MaxSubgridSize = 2000, MinSubgridEdge = 4, ncells = 51480
RebuildHierarchy[5]: Flagged 0/97 grids. 0 flagged cells
Level[5]: dt = 0.000209334  0.00141287 (0.00302663/0.00302663)
EvolveLevel[5]: NumberOfSubCycles = 3 (573 total, 3 sub)
RebuildHierarchy: level = 4
TransferSubgridParticles[4]: Moved 6 particles, 0 stars, 0 active particles.
DetermineSGSize: MaxSubgridSize = 2000, MinSubgridEdge = 4, ncells = 51480
RebuildHierarchy[4]: Flagged 93/148 grids. 5414 flagged cells
LoadBalance: Number of grids moved = 96 out of 97 (0.0035018 seconds elapsed)
DetermineSGSize: MaxSubgridSize = 2000, MinSubgridEdge = 4, ncells = 51480
RebuildHierarchy[5]: Flagged 0/97 grids. 0 flagged cells
Level[4]: dt = 0.0030438  0.0030438 (0.00607043/0.00676117)
Level[5]: dt = 0.00141333  0.00141333 (0.00141333/0.0030438)
RebuildHierarchy: level = 5
TransferSubgridParticles[5]: Moved 2 particles, 0 stars, 0 active particles.
DetermineSGSize: MaxSubgridSize = 2000, MinSubgridEdge = 4, ncells = 51896
RebuildHierarchy[5]: Flagged 0/97 grids. 0 flagged cells
Level[5]: dt = 0.00141649  0.00141649 (0.00282982/0.0030438)
RebuildHierarchy: level = 5
TransferSubgridParticles[5]: Moved 1 particles, 0 stars, 0 active particles.
DetermineSGSize: MaxSubgridSize = 2000, MinSubgridEdge = 4, ncells = 51896
RebuildHierarchy[5]: Flagged 0/97 grids. 0 flagged cells
Level[5]: dt = 0.000213982  0.00141988 (0.0030438/0.0030438)
EvolveLevel[5]: NumberOfSubCycles = 3 (576 total, 3 sub)
Level[4]: dt = 0.00069074  0.00305742 (0.00676117/0.00676117)
Level[5]: dt = 0.00069074  0.00142043 (0.00069074/0.00069074)
EvolveLevel[5]: NumberOfSubCycles = 1 (577 total, 1 sub)
EvolveLevel[4]: NumberOfSubCycles = 3 (266 total, 3 sub)
RebuildHierarchy: level = 3
TransferSubgridParticles[3]: Moved 45 particles, 0 stars, 0 active particles.
DetermineSGSize: MaxSubgridSize = 2000, MinSubgridEdge = 4, ncells = 66560
RebuildHierarchy[3]: Flagged 147/462 grids. 6649 flagged cells
LoadBalance: Number of grids moved = 147 out of 148 (4.90323e-05 seconds elapsed)
DetermineSGSize: MaxSubgridSize = 2000, MinSubgridEdge = 4, ncells = 51896
RebuildHierarchy[4]: Flagged 93/148 grids. 5403 flagged cells
LoadBalance: Number of grids moved = 96 out of 97 (0.00352675 seconds elapsed)
DetermineSGSize: MaxSubgridSize = 2000, MinSubgridEdge = 4, ncells = 51896
RebuildHierarchy[5]: Flagged 0/97 grids. 0 flagged cells
Level[3]: dt = 0.00657757  0.00657757 (0.0133387/0.014215)
Level[4]: dt = 0.00305719  0.00305719 (0.00305719/0.00657757)
Level[5]: dt = 0.00142041  0.00142041 (0.00142041/0.00305719)
RebuildHierarchy: level = 5
TransferSubgridParticles[5]: Moved 2 particles, 0 stars, 0 active particles.
DetermineSGSize: MaxSubgridSize = 2000, MinSubgridEdge = 4, ncells = 51568
RebuildHierarchy[5]: Flagged 0/97 grids. 0 flagged cells
Level[5]: dt = 0.0014212  0.0014212 (0.00284161/0.00305719)
RebuildHierarchy: level = 5
TransferSubgridParticles[5]: Moved 1 particles, 0 stars, 0 active particles.
DetermineSGSize: MaxSubgridSize = 2000, MinSubgridEdge = 4, ncells = 51568
RebuildHierarchy[5]: Flagged 0/97 grids. 0 flagged cells
Level[5]: dt = 0.00021558  0.0014227 (0.00305719/0.00305719)
EvolveLevel[5]: NumberOfSubCycles = 3 (580 total, 3 sub)
RebuildHierarchy: level = 4
TransferSubgridParticles[4]: Moved 1 particles, 0 stars, 0 active particles.
DetermineSGSize: MaxSubgridSize = 2000, MinSubgridEdge = 4, ncells = 51568
RebuildHierarchy[4]: Flagged 93/148 grids. 5384 flagged cells
LoadBalance: Number of grids moved = 96 out of 97 (0.00340513 seconds elapsed)
DetermineSGSize: MaxSubgridSize = 2000, MinSubgridEdge = 4, ncells = 51568
RebuildHierarchy[5]: Flagged 0/97 grids. 0 flagged cells
Level[4]: dt = 0.00305851  0.00305851 (0.0061157/0.00657757)
Level[5]: dt = 0.00142297  0.00142297 (0.00142297/0.00305851)
RebuildHierarchy: level = 5
TransferSubgridParticles[5]: Moved 0 particles, 0 stars, 0 active particles.
DetermineSGSize: MaxSubgridSize = 2000, MinSubgridEdge = 4, ncells = 50992
RebuildHierarchy[5]: Flagged 0/97 grids. 0 flagged cells
Level[5]: dt = 0.00142538  0.00142538 (0.00284835/0.00305851)
RebuildHierarchy: level = 5
TransferSubgridParticles[5]: Moved 0 particles, 0 stars, 0 active particles.
DetermineSGSize: MaxSubgridSize = 2000, MinSubgridEdge = 4, ncells = 50992
RebuildHierarchy[5]: Flagged 0/97 grids. 0 flagged cells
Level[5]: dt = 0.000210156  0.00142837 (0.00305851/0.00305851)
EvolveLevel[5]: NumberOfSubCycles = 3 (583 total, 3 sub)
Level[4]: dt = 0.000461867  0.00306276 (0.00657757/0.00657757)
Level[5]: dt = 0.000461867  0.00142884 (0.000461867/0.000461867)
EvolveLevel[5]: NumberOfSubCycles = 1 (584 total, 1 sub)
EvolveLevel[4]: NumberOfSubCycles = 3 (269 total, 3 sub)
Level[3]: dt = 0.000876296  0.00649434 (0.014215/0.014215)
Level[4]: dt = 0.000876296  0.00306362 (0.000876296/0.000876296)
Level[5]: dt = 0.000876296  0.00142998 (0.000876296/0.000876296)
EvolveLevel[5]: NumberOfSubCycles = 1 (585 total, 1 sub)
EvolveLevel[4]: NumberOfSubCycles = 1 (270 total, 1 sub)
EvolveLevel[3]: NumberOfSubCycles = 3 (124 total, 3 sub)
Level[2]: dt = 0.00314597  0.0142043 (0.0315702/0.0315702)
Level[3]: dt = 0.00314597  0.00649033 (0.00314597/0.00314597)
Level[4]: dt = 0.00314597  0.00306545 (0.00314597/0.00314597)
Level[5]: dt = 0.00143229  0.00143229 (0.00143229/0.00314597)
RebuildHierarchy: level = 5
TransferSubgridParticles[5]: Moved 2 particles, 0 stars, 0 active particles.
DetermineSGSize: MaxSubgridSize = 2000, MinSubgridEdge = 4, ncells = 50992
RebuildHierarchy[5]: Flagged 0/97 grids. 0 flagged cells
Level[5]: dt = 0.0014364  0.0014364 (0.00286868/0.00314597)
RebuildHierarchy: level = 5
TransferSubgridParticles[5]: Moved 0 particles, 0 stars, 0 active particles.
DetermineSGSize: MaxSubgridSize = 2000, MinSubgridEdge = 4, ncells = 50992
RebuildHierarchy[5]: Flagged 0/97 grids. 0 flagged cells
Level[5]: dt = 0.000277286  0.00144166 (0.00314597/0.00314597)
EvolveLevel[5]: NumberOfSubCycles = 3 (588 total, 3 sub)
EvolveLevel[4]: NumberOfSubCycles = 1 (271 total, 1 sub)
EvolveLevel[3]: NumberOfSubCycles = 1 (125 total, 1 sub)
EvolveLevel[2]: NumberOfSubCycles = 3 (57 total, 3 sub)
RebuildHierarchy: level = 1
TransferSubgridParticles[1]: Moved 101955 particles, 0 stars, 0 active particles.
DetermineSGSize: MaxSubgridSize = 2000, MinSubgridEdge = 4, ncells = 1436112
RebuildHierarchy[1]: Flagged 957/8969 grids. 98520 flagged cells
LoadBalance: Number of grids moved = 1446 out of 1497 (0.000491943 seconds elapsed)
DetermineSGSize: MaxSubgridSize = 2000, MinSubgridEdge = 4, ncells = 309056
RebuildHierarchy[2]: Flagged 400/1497 grids. 24576 flagged cells
LoadBalance: Number of grids moved = 414 out of 463 (0.000403274 seconds elapsed)
DetermineSGSize: MaxSubgridSize = 2000, MinSubgridEdge = 4, ncells = 66536
RebuildHierarchy[3]: Flagged 150/463 grids. 6754 flagged cells
LoadBalance: Number of grids moved = 150 out of 151 (5.11929e-05 seconds elapsed)
DetermineSGSize: MaxSubgridSize = 2000, MinSubgridEdge = 4, ncells = 50992
RebuildHierarchy[4]: Flagged 93/151 grids. 5354 flagged cells
LoadBalance: Number of grids moved = 96 out of 97 (0.00240304 seconds elapsed)
DetermineSGSize: MaxSubgridSize = 2000, MinSubgridEdge = 4, ncells = 50992
RebuildHierarchy[5]: Flagged 0/97 grids. 0 flagged cells
Level[1]: dt = 0.030073  0.030073 (0.0616432/0.0643657)
Level[2]: dt = 0.0141771  0.0141771 (0.0141771/0.030073)
Level[3]: dt = 0.00648634  0.00648634 (0.00648634/0.0141771)
Level[4]: dt = 0.00307343  0.00307343 (0.00307343/0.00648634)
Level[5]: dt = 0.00144274  0.00144274 (0.00144274/0.00307343)
RebuildHierarchy: level = 5
TransferSubgridParticles[5]: Moved 2 particles, 0 stars, 0 active particles.
DetermineSGSize: MaxSubgridSize = 2000, MinSubgridEdge = 4, ncells = 50288
RebuildHierarchy[5]: Flagged 0/97 grids. 0 flagged cells
Level[5]: dt = 0.00144521  0.00144521 (0.00288795/0.00307343)
RebuildHierarchy: level = 5
TransferSubgridParticles[5]: Moved 2 particles, 0 stars, 0 active particles.
DetermineSGSize: MaxSubgridSize = 2000, MinSubgridEdge = 4, ncells = 50288
RebuildHierarchy[5]: Flagged 0/97 grids. 0 flagged cells
Level[5]: dt = 0.000185484  0.0014476 (0.00307343/0.00307343)
EvolveLevel[5]: NumberOfSubCycles = 3 (591 total, 3 sub)
RebuildHierarchy: level = 4
TransferSubgridParticles[4]: Moved 3 particles, 0 stars, 0 active particles.
DetermineSGSize: MaxSubgridSize = 2000, MinSubgridEdge = 4, ncells = 50288
RebuildHierarchy[4]: Flagged 93/151 grids. 5335 flagged cells
LoadBalance: Number of grids moved = 96 out of 97 (0.00335066 seconds elapsed)
DetermineSGSize: MaxSubgridSize = 2000, MinSubgridEdge = 4, ncells = 50288
RebuildHierarchy[5]: Flagged 0/97 grids. 0 flagged cells
Level[4]: dt = 0.00308393  0.00308393 (0.00615736/0.00648634)
Level[5]: dt = 0.00144793  0.00144793 (0.00144793/0.00308393)
RebuildHierarchy: level = 5
TransferSubgridParticles[5]: Moved 1 particles, 0 stars, 0 active particles.
DetermineSGSize: MaxSubgridSize = 2000, MinSubgridEdge = 4, ncells = 50128
RebuildHierarchy[5]: Flagged 0/97 grids. 0 flagged cells
Level[5]: dt = 0.00145012  0.00145012 (0.00289805/0.00308393)
RebuildHierarchy: level = 5
TransferSubgridParticles[5]: Moved 2 particles, 0 stars, 0 active particles.
DetermineSGSize: MaxSubgridSize = 2000, MinSubgridEdge = 4, ncells = 50128
RebuildHierarchy[5]: Flagged 0/97 grids. 0 flagged cells
Level[5]: dt = 0.000185877  0.00145376 (0.00308393/0.00308393)
EvolveLevel[5]: NumberOfSubCycles = 3 (594 total, 3 sub)
Level[4]: dt = 0.000328988  0.00309708 (0.00648634/0.00648634)
Level[5]: dt = 0.000328988  0.00145423 (0.000328988/0.000328988)
EvolveLevel[5]: NumberOfSubCycles = 1 (595 total, 1 sub)
EvolveLevel[4]: NumberOfSubCycles = 3 (274 total, 3 sub)
RebuildHierarchy: level = 3
TransferSubgridParticles[3]: Moved 34 particles, 0 stars, 0 active particles.
DetermineSGSize: MaxSubgridSize = 2000, MinSubgridEdge = 4, ncells = 68256
RebuildHierarchy[3]: Flagged 150/463 grids. 6766 flagged cells
LoadBalance: Number of grids moved = 150 out of 151 (5.19902e-05 seconds elapsed)
DetermineSGSize: MaxSubgridSize = 2000, MinSubgridEdge = 4, ncells = 50128
RebuildHierarchy[4]: Flagged 92/151 grids. 5287 flagged cells
LoadBalance: Number of grids moved = 95 out of 96 (0.00297703 seconds elapsed)
DetermineSGSize: MaxSubgridSize = 2000, MinSubgridEdge = 4, ncells = 50128
RebuildHierarchy[5]: Flagged 0/96 grids. 0 flagged cells
Level[3]: dt = 0.00652798  0.00652798 (0.0130143/0.0141771)
Level[4]: dt = 0.00309862  0.00309862 (0.00309862/0.00652798)
Level[5]: dt = 0.00145505  0.00145505 (0.00145505/0.00309862)
RebuildHierarchy: level = 5
TransferSubgridParticles[5]: Moved 1 particles, 0 stars, 0 active particles.
DetermineSGSize: MaxSubgridSize = 2000, MinSubgridEdge = 4, ncells = 49504
RebuildHierarchy[5]: Flagged 0/96 grids. 0 flagged cells
Level[5]: dt = 0.00145931  0.00145931 (0.00291436/0.00309862)
RebuildHierarchy: level = 5
TransferSubgridParticles[5]: Moved 3 particles, 0 stars, 0 active particles.
DetermineSGSize: MaxSubgridSize = 2000, MinSubgridEdge = 4, ncells = 49504
RebuildHierarchy[5]: Flagged 0/96 grids. 0 flagged cells
Level[5]: dt = 0.000184266  0.00146403 (0.00309862/0.00309862)
EvolveLevel[5]: NumberOfSubCycles = 3 (598 total, 3 sub)
RebuildHierarchy: level = 4
TransferSubgridParticles[4]: Moved 2 particles, 0 stars, 0 active particles.
DetermineSGSize: MaxSubgridSize = 2000, MinSubgridEdge = 4, ncells = 49504
RebuildHierarchy[4]: Flagged 91/151 grids. 5273 flagged cells
LoadBalance: Number of grids moved = 94 out of 95 (0.00324043 seconds elapsed)
DetermineSGSize: MaxSubgridSize = 2000, MinSubgridEdge = 4, ncells = 49504
RebuildHierarchy[5]: Flagged 0/95 grids. 0 flagged cells
Level[4]: dt = 0.00311443  0.00311443 (0.00621305/0.00652798)
Level[5]: dt = 0.00146462  0.00146462 (0.00146462/0.00311443)
RebuildHierarchy: level = 5
TransferSubgridParticles[5]: Moved 2 particles, 0 stars, 0 active particles.
DetermineSGSize: MaxSubgridSize = 2000, MinSubgridEdge = 4, ncells = 49488
RebuildHierarchy[5]: Flagged 0/95 grids. 0 flagged cells
Level[5]: dt = 0.00146994  0.00146994 (0.00293456/0.00311443)
RebuildHierarchy: level = 5
TransferSubgridParticles[5]: Moved 1 particles, 0 stars, 0 active particles.
DetermineSGSize: MaxSubgridSize = 2000, MinSubgridEdge = 4, ncells = 49488
RebuildHierarchy[5]: Flagged 0/95 grids. 0 flagged cells
Level[5]: dt = 0.000179867  0.00147592 (0.00311443/0.00311443)
EvolveLevel[5]: NumberOfSubCycles = 3 (601 total, 3 sub)
Level[4]: dt = 0.000314931  0.00312519 (0.00652798/0.00652798)
Level[5]: dt = 0.000314931  0.00147666 (0.000314931/0.000314931)
EvolveLevel[5]: NumberOfSubCycles = 1 (602 total, 1 sub)
EvolveLevel[4]: NumberOfSubCycles = 3 (277 total, 3 sub)
Level[3]: dt = 0.00116278  0.00661371 (0.0141771/0.0141771)
Level[4]: dt = 0.00116278  0.00312462 (0.00116278/0.00116278)
Level[5]: dt = 0.00116278  0.00147801 (0.00116278/0.00116278)
EvolveLevel[5]: NumberOfSubCycles = 1 (603 total, 1 sub)
EvolveLevel[4]: NumberOfSubCycles = 1 (278 total, 1 sub)
EvolveLevel[3]: NumberOfSubCycles = 3 (128 total, 3 sub)
RebuildHierarchy: level = 2
TransferSubgridParticles[2]: Moved 285 particles, 0 stars, 0 active particles.
DetermineSGSize: MaxSubgridSize = 2000, MinSubgridEdge = 4, ncells = 309736
RebuildHierarchy[2]: Flagged 401/1497 grids. 24619 flagged cells
LoadBalance: Number of grids moved = 425 out of 461 (0.000593174 seconds elapsed)
DetermineSGSize: MaxSubgridSize = 2000, MinSubgridEdge = 4, ncells = 68360
RebuildHierarchy[3]: Flagged 150/461 grids. 6736 flagged cells
LoadBalance: Number of grids moved = 150 out of 151 (4.8995e-05 seconds elapsed)
DetermineSGSize: MaxSubgridSize = 2000, MinSubgridEdge = 4, ncells = 49488
RebuildHierarchy[4]: Flagged 91/151 grids. 5280 flagged cells
LoadBalance: Number of grids moved = 94 out of 95 (0.00346254 seconds elapsed)
DetermineSGSize: MaxSubgridSize = 2000, MinSubgridEdge = 4, ncells = 49488
RebuildHierarchy[5]: Flagged 0/95 grids. 0 flagged cells
Level[2]: dt = 0.0141149  0.0141149 (0.028292/0.030073)
Level[3]: dt = 0.00663179  0.00663179 (0.00663179/0.0141149)
Level[4]: dt = 0.0031223  0.0031223 (0.0031223/0.00663179)
Level[5]: dt = 0.00148049  0.00148049 (0.00148049/0.0031223)
RebuildHierarchy: level = 5
TransferSubgridParticles[5]: Moved 2 particles, 0 stars, 0 active particles.
DetermineSGSize: MaxSubgridSize = 2000, MinSubgridEdge = 4, ncells = 49360
RebuildHierarchy[5]: Flagged 0/95 grids. 0 flagged cells
Level[5]: dt = 0.00147931  0.00147931 (0.00295979/0.0031223)
RebuildHierarchy: level = 5
TransferSubgridParticles[5]: Moved 1 particles, 0 stars, 0 active particles.
DetermineSGSize: MaxSubgridSize = 2000, MinSubgridEdge = 4, ncells = 49360
RebuildHierarchy[5]: Flagged 0/95 grids. 0 flagged cells
Level[5]: dt = 0.000162503  0.00147807 (0.0031223/0.0031223)
EvolveLevel[5]: NumberOfSubCycles = 3 (606 total, 3 sub)
RebuildHierarchy: level = 4
TransferSubgridParticles[4]: Moved 9 particles, 0 stars, 0 active particles.
DetermineSGSize: MaxSubgridSize = 2000, MinSubgridEdge = 4, ncells = 49360
RebuildHierarchy[4]: Flagged 91/151 grids. 5248 flagged cells
LoadBalance: Number of grids moved = 94 out of 95 (0.00362 seconds elapsed)
DetermineSGSize: MaxSubgridSize = 2000, MinSubgridEdge = 4, ncells = 49360
RebuildHierarchy[5]: Flagged 0/95 grids. 0 flagged cells
Level[4]: dt = 0.00311734  0.00311734 (0.00623964/0.00663179)
Level[5]: dt = 0.00147797  0.00147797 (0.00147797/0.00311734)
RebuildHierarchy: level = 5
TransferSubgridParticles[5]: Moved 2 particles, 0 stars, 0 active particles.
DetermineSGSize: MaxSubgridSize = 2000, MinSubgridEdge = 4, ncells = 48736
RebuildHierarchy[5]: Flagged 0/95 grids. 0 flagged cells
Level[5]: dt = 0.00147749  0.00147749 (0.00295546/0.00311734)
RebuildHierarchy: level = 5
TransferSubgridParticles[5]: Moved 4 particles, 0 stars, 0 active particles.
DetermineSGSize: MaxSubgridSize = 2000, MinSubgridEdge = 4, ncells = 48736
RebuildHierarchy[5]: Flagged 0/95 grids. 0 flagged cells
Level[5]: dt = 0.000161875  0.00147664 (0.00311734/0.00311734)
EvolveLevel[5]: NumberOfSubCycles = 3 (609 total, 3 sub)
Level[4]: dt = 0.00039215  0.00311287 (0.00663179/0.00663179)
Level[5]: dt = 0.00039215  0.00147656 (0.00039215/0.00039215)
EvolveLevel[5]: NumberOfSubCycles = 1 (610 total, 1 sub)
EvolveLevel[4]: NumberOfSubCycles = 3 (281 total, 3 sub)
RebuildHierarchy: level = 3
TransferSubgridParticles[3]: Moved 42 particles, 0 stars, 0 active particles.
DetermineSGSize: MaxSubgridSize = 2000, MinSubgridEdge = 4, ncells = 67888
RebuildHierarchy[3]: Flagged 150/461 grids. 6711 flagged cells
LoadBalance: Number of grids moved = 150 out of 151 (5.1111e-05 seconds elapsed)
DetermineSGSize: MaxSubgridSize = 2000, MinSubgridEdge = 4, ncells = 48736
RebuildHierarchy[4]: Flagged 91/151 grids. 5299 flagged cells
LoadBalance: Number of grids moved = 94 out of 95 (0.00343937 seconds elapsed)
DetermineSGSize: MaxSubgridSize = 2000, MinSubgridEdge = 4, ncells = 48736
RebuildHierarchy[5]: Flagged 0/95 grids. 0 flagged cells
Level[3]: dt = 0.00671792  0.00671792 (0.0133497/0.0141149)
Level[4]: dt = 0.00311244  0.00311244 (0.00311244/0.00671792)
Level[5]: dt = 0.00147635  0.00147635 (0.00147635/0.00311244)
RebuildHierarchy: level = 5
TransferSubgridParticles[5]: Moved 2 particles, 0 stars, 0 active particles.
DetermineSGSize: MaxSubgridSize = 2000, MinSubgridEdge = 4, ncells = 49336
RebuildHierarchy[5]: Flagged 0/95 grids. 0 flagged cells
Level[5]: dt = 0.00147515  0.00147515 (0.0029515/0.00311244)
RebuildHierarchy: level = 5
TransferSubgridParticles[5]: Moved 3 particles, 0 stars, 0 active particles.
DetermineSGSize: MaxSubgridSize = 2000, MinSubgridEdge = 4, ncells = 49336
RebuildHierarchy[5]: Flagged 0/95 grids. 0 flagged cells
Level[5]: dt = 0.000160941  0.00147366 (0.00311244/0.00311244)
EvolveLevel[5]: NumberOfSubCycles = 3 (613 total, 3 sub)
RebuildHierarchy: level = 4
TransferSubgridParticles[4]: Moved 3 particles, 0 stars, 0 active particles.
DetermineSGSize: MaxSubgridSize = 2000, MinSubgridEdge = 4, ncells = 49336
RebuildHierarchy[4]: Flagged 91/151 grids. 5299 flagged cells
LoadBalance: Number of grids moved = 94 out of 95 (0.00349851 seconds elapsed)
DetermineSGSize: MaxSubgridSize = 2000, MinSubgridEdge = 4, ncells = 49336
RebuildHierarchy[5]: Flagged 0/95 grids. 0 flagged cells
Level[4]: dt = 0.00310968  0.00310968 (0.00622212/0.00671792)
Level[5]: dt = 0.00147351  0.00147351 (0.00147351/0.00310968)
RebuildHierarchy: level = 5
TransferSubgridParticles[5]: Moved 1 particles, 0 stars, 0 active particles.
DetermineSGSize: MaxSubgridSize = 2000, MinSubgridEdge = 4, ncells = 49960
RebuildHierarchy[5]: Flagged 0/95 grids. 0 flagged cells
Level[5]: dt = 0.0014697  0.0014697 (0.00294322/0.00310968)
RebuildHierarchy: level = 5
TransferSubgridParticles[5]: Moved 5 particles, 0 stars, 0 active particles.
DetermineSGSize: MaxSubgridSize = 2000, MinSubgridEdge = 4, ncells = 49960
RebuildHierarchy[5]: Flagged 0/95 grids. 0 flagged cells
Level[5]: dt = 0.000166465  0.00146304 (0.00310968/0.00310968)
EvolveLevel[5]: NumberOfSubCycles = 3 (616 total, 3 sub)
Level[4]: dt = 0.0004958  0.0031089 (0.00671792/0.00671792)
Level[5]: dt = 0.0004958  0.00146228 (0.0004958/0.0004958)
EvolveLevel[5]: NumberOfSubCycles = 1 (617 total, 1 sub)
EvolveLevel[4]: NumberOfSubCycles = 3 (284 total, 3 sub)
Level[3]: dt = 0.000765194  0.00672889 (0.0141149/0.0141149)
Level[4]: dt = 0.000765194  0.00310901 (0.000765194/0.000765194)
Level[5]: dt = 0.000765194  0.00146004 (0.000765194/0.000765194)
EvolveLevel[5]: NumberOfSubCycles = 1 (618 total, 1 sub)
EvolveLevel[4]: NumberOfSubCycles = 1 (285 total, 1 sub)
EvolveLevel[3]: NumberOfSubCycles = 3 (131 total, 3 sub)
Level[2]: dt = 0.00178099  0.0141039 (0.030073/0.030073)
Level[3]: dt = 0.00178099  0.00673122 (0.00178099/0.00178099)
Level[4]: dt = 0.00178099  0.00310917 (0.00178099/0.00178099)
Level[5]: dt = 0.00145659  0.00145659 (0.00145659/0.00178099)
RebuildHierarchy: level = 5
TransferSubgridParticles[5]: Moved 1 particles, 0 stars, 0 active particles.
DetermineSGSize: MaxSubgridSize = 2000, MinSubgridEdge = 4, ncells = 49960
RebuildHierarchy[5]: Flagged 0/95 grids. 0 flagged cells
Level[5]: dt = 0.000324409  0.00145024 (0.00178099/0.00178099)
EvolveLevel[5]: NumberOfSubCycles = 2 (620 total, 2 sub)
EvolveLevel[4]: NumberOfSubCycles = 1 (286 total, 1 sub)
EvolveLevel[3]: NumberOfSubCycles = 1 (132 total, 1 sub)
EvolveLevel[2]: NumberOfSubCycles = 3 (60 total, 3 sub)
P(0) -- CFRFlS warn: -7.620998e-16 4.601446e-14 6.994595e-16 -4.531500e-14 6 10 3 2 [15]
Level[1]: dt = 0.00272249  0.0288962 (0.0643657/0.0643657)
Level[2]: dt = 0.00272249  0.0141021 (0.00272249/0.00272249)
Level[3]: dt = 0.00272249  0.00673743 (0.00272249/0.00272249)
Level[4]: dt = 0.00272249  0.00310973 (0.00272249/0.00272249)
Level[5]: dt = 0.0014488  0.0014488 (0.0014488/0.00272249)
RebuildHierarchy: level = 5
TransferSubgridParticles[5]: Moved 2 particles, 0 stars, 0 active particles.
DetermineSGSize: MaxSubgridSize = 2000, MinSubgridEdge = 4, ncells = 49960
RebuildHierarchy[5]: Flagged 0/95 grids. 0 flagged cells
Level[5]: dt = 0.00127369  0.00144254 (0.00272249/0.00272249)
EvolveLevel[5]: NumberOfSubCycles = 2 (622 total, 2 sub)
EvolveLevel[4]: NumberOfSubCycles = 1 (287 total, 1 sub)
EvolveLevel[3]: NumberOfSubCycles = 1 (133 total, 1 sub)
EvolveLevel[2]: NumberOfSubCycles = 1 (61 total, 1 sub)
EvolveLevel[1]: NumberOfSubCycles = 3 (25 total, 3 sub)
EvolveLevel[0]: NumberOfSubCycles = 1 (9 total, 9 sub)
CPUTime-output: Frac = 0.999994, Current = 138.254 (138.254), Stop = 2592000.000000, Last = 16.6826
Level[0]: dt = 0.0618686  0.0618686 (0.0618686/0.0618686)
Level[1]: dt = 0.0288159  0.0288159 (0.0288159/0.0618686)
Level[2]: dt = 0.0140993  0.0140993 (0.0140993/0.0288159)
Level[3]: dt = 0.00675067  0.00675067 (0.00675067/0.0140993)
Level[4]: dt = 0.00311136  0.00311136 (0.00311136/0.00675067)
Level[5]: dt = 0.00143723  0.00143723 (0.00143723/0.00311136)
RebuildHierarchy: level = 5
TransferSubgridParticles[5]: Moved 0 particles, 0 stars, 0 active particles.
DetermineSGSize: MaxSubgridSize = 2000, MinSubgridEdge = 4, ncells = 49960
RebuildHierarchy[5]: Flagged 0/95 grids. 0 flagged cells
Level[5]: dt = 0.00143154  0.00143154 (0.00286877/0.00311136)
RebuildHierarchy: level = 5
TransferSubgridParticles[5]: Moved 2 particles, 0 stars, 0 active particles.
DetermineSGSize: MaxSubgridSize = 2000, MinSubgridEdge = 4, ncells = 49960
RebuildHierarchy[5]: Flagged 0/95 grids. 0 flagged cells
Level[5]: dt = 0.000242591  0.00142607 (0.00311136/0.00311136)
EvolveLevel[5]: NumberOfSubCycles = 3 (625 total, 3 sub)
RebuildHierarchy: level = 4
TransferSubgridParticles[4]: Moved 10 particles, 0 stars, 0 active particles.
DetermineSGSize: MaxSubgridSize = 2000, MinSubgridEdge = 4, ncells = 49960
RebuildHierarchy[4]: Flagged 92/151 grids. 5330 flagged cells
LoadBalance: Number of grids moved = 95 out of 96 (0.00275555 seconds elapsed)
DetermineSGSize: MaxSubgridSize = 2000, MinSubgridEdge = 4, ncells = 49960
RebuildHierarchy[5]: Flagged 0/96 grids. 0 flagged cells
Level[4]: dt = 0.00311574  0.00311574 (0.0062271/0.00675067)
Level[5]: dt = 0.0014252  0.0014252 (0.0014252/0.00311574)
RebuildHierarchy: level = 5
TransferSubgridParticles[5]: Moved 2 particles, 0 stars, 0 active particles.
DetermineSGSize: MaxSubgridSize = 2000, MinSubgridEdge = 4, ncells = 50120
RebuildHierarchy[5]: Flagged 0/96 grids. 0 flagged cells
Level[5]: dt = 0.00142079  0.00142079 (0.00284599/0.00311574)
RebuildHierarchy: level = 5
TransferSubgridParticles[5]: Moved 3 particles, 0 stars, 0 active particles.
DetermineSGSize: MaxSubgridSize = 2000, MinSubgridEdge = 4, ncells = 50120
RebuildHierarchy[5]: Flagged 0/96 grids. 0 flagged cells
Level[5]: dt = 0.000269748  0.00141724 (0.00311574/0.00311574)
EvolveLevel[5]: NumberOfSubCycles = 3 (628 total, 3 sub)
Level[4]: dt = 0.000523575  0.00312126 (0.00675067/0.00675067)
Level[5]: dt = 0.000523575  0.00141677 (0.000523575/0.000523575)
EvolveLevel[5]: NumberOfSubCycles = 1 (629 total, 1 sub)
EvolveLevel[4]: NumberOfSubCycles = 3 (290 total, 3 sub)
RebuildHierarchy: level = 3
TransferSubgridParticles[3]: Moved 88 particles, 0 stars, 0 active particles.
DetermineSGSize: MaxSubgridSize = 2000, MinSubgridEdge = 4, ncells = 67928
RebuildHierarchy[3]: Flagged 151/461 grids. 6680 flagged cells
LoadBalance: Number of grids moved = 152 out of 153 (4.99189e-05 seconds elapsed)
DetermineSGSize: MaxSubgridSize = 2000, MinSubgridEdge = 4, ncells = 50120
RebuildHierarchy[4]: Flagged 93/153 grids. 5359 flagged cells
LoadBalance: Number of grids moved = 95 out of 96 (0.00328438 seconds elapsed)
DetermineSGSize: MaxSubgridSize = 2000, MinSubgridEdge = 4, ncells = 50120
RebuildHierarchy[5]: Flagged 0/96 grids. 0 flagged cells
Level[3]: dt = 0.00679974  0.00679974 (0.0135504/0.0140993)
Level[4]: dt = 0.00312258  0.00312258 (0.00312258/0.00679974)
Level[5]: dt = 0.001416  0.001416 (0.001416/0.00312258)
RebuildHierarchy: level = 5
TransferSubgridParticles[5]: Moved 0 particles, 0 stars, 0 active particles.
DetermineSGSize: MaxSubgridSize = 2000, MinSubgridEdge = 4, ncells = 50184
RebuildHierarchy[5]: Flagged 0/96 grids. 0 flagged cells
Level[5]: dt = 0.00141444  0.00141444 (0.00283044/0.00312258)
RebuildHierarchy: level = 5
TransferSubgridParticles[5]: Moved 1 particles, 0 stars, 0 active particles.
DetermineSGSize: MaxSubgridSize = 2000, MinSubgridEdge = 4, ncells = 50184
RebuildHierarchy[5]: Flagged 0/96 grids. 0 flagged cells
Level[5]: dt = 0.000292147  0.00141447 (0.00312258/0.00312258)
EvolveLevel[5]: NumberOfSubCycles = 3 (632 total, 3 sub)
RebuildHierarchy: level = 4
TransferSubgridParticles[4]: Moved 1 particles, 0 stars, 0 active particles.
DetermineSGSize: MaxSubgridSize = 2000, MinSubgridEdge = 4, ncells = 50184
RebuildHierarchy[4]: Flagged 93/153 grids. 5353 flagged cells
LoadBalance: Number of grids moved = 95 out of 96 (0.00271904 seconds elapsed)
DetermineSGSize: MaxSubgridSize = 2000, MinSubgridEdge = 4, ncells = 50184
RebuildHierarchy[5]: Flagged 0/96 grids. 0 flagged cells
Level[4]: dt = 0.00313113  0.00313113 (0.00625371/0.00679974)
Level[5]: dt = 0.00141451  0.00141451 (0.00141451/0.00313113)
RebuildHierarchy: level = 5
TransferSubgridParticles[5]: Moved 1 particles, 0 stars, 0 active particles.
DetermineSGSize: MaxSubgridSize = 2000, MinSubgridEdge = 4, ncells = 50160
RebuildHierarchy[5]: Flagged 0/96 grids. 0 flagged cells
Level[5]: dt = 0.00141502  0.00141502 (0.00282952/0.00313113)
RebuildHierarchy: level = 5
TransferSubgridParticles[5]: Moved 1 particles, 0 stars, 0 active particles.
DetermineSGSize: MaxSubgridSize = 2000, MinSubgridEdge = 4, ncells = 50160
RebuildHierarchy[5]: Flagged 0/96 grids. 0 flagged cells
Level[5]: dt = 0.000301605  0.0014169 (0.00313113/0.00313113)
EvolveLevel[5]: NumberOfSubCycles = 3 (635 total, 3 sub)
Level[4]: dt = 0.000546032  0.00314209 (0.00679974/0.00679974)
Level[5]: dt = 0.000546032  0.00141731 (0.000546032/0.000546032)
EvolveLevel[5]: NumberOfSubCycles = 1 (636 total, 1 sub)
EvolveLevel[4]: NumberOfSubCycles = 3 (293 total, 3 sub)
Level[3]: dt = 0.000548905  0.00680571 (0.0140993/0.0140993)
Level[4]: dt = 0.000548905  0.00314418 (0.000548905/0.000548905)
Level[5]: dt = 0.000548905  0.00141811 (0.000548905/0.000548905)
EvolveLevel[5]: NumberOfSubCycles = 1 (637 total, 1 sub)
EvolveLevel[4]: NumberOfSubCycles = 1 (294 total, 1 sub)
EvolveLevel[3]: NumberOfSubCycles = 3 (136 total, 3 sub)
RebuildHierarchy: level = 2
TransferSubgridParticles[2]: Moved 611 particles, 0 stars, 0 active particles.
DetermineSGSize: MaxSubgridSize = 2000, MinSubgridEdge = 4, ncells = 310608
RebuildHierarchy[2]: Flagged 400/1497 grids. 24820 flagged cells
LoadBalance: Number of grids moved = 450 out of 461 (0.000376299 seconds elapsed)
DetermineSGSize: MaxSubgridSize = 2000, MinSubgridEdge = 4, ncells = 65440
RebuildHierarchy[3]: Flagged 153/461 grids. 6730 flagged cells
LoadBalance: Number of grids moved = 154 out of 155 (6.05024e-05 seconds elapsed)
DetermineSGSize: MaxSubgridSize = 2000, MinSubgridEdge = 4, ncells = 50160
RebuildHierarchy[4]: Flagged 94/155 grids. 5391 flagged cells
LoadBalance: Number of grids moved = 97 out of 97 (0.00322235 seconds elapsed)
DetermineSGSize: MaxSubgridSize = 2000, MinSubgridEdge = 4, ncells = 50160
RebuildHierarchy[5]: Flagged 0/97 grids. 0 flagged cells
Level[2]: dt = 0.0147166  0.014029 (0.0288159/0.0288159)
Level[3]: dt = 0.00680599  0.00680599 (0.00680599/0.0147166)
Level[4]: dt = 0.00314636  0.00314636 (0.00314636/0.00680599)
Level[5]: dt = 0.00141897  0.00141897 (0.00141897/0.00314636)
RebuildHierarchy: level = 5
TransferSubgridParticles[5]: Moved 1 particles, 0 stars, 0 active particles.
DetermineSGSize: MaxSubgridSize = 2000, MinSubgridEdge = 4, ncells = 50608
RebuildHierarchy[5]: Flagged 0/97 grids. 0 flagged cells
Level[5]: dt = 0.00142143  0.00142143 (0.0028404/0.00314636)
RebuildHierarchy: level = 5
TransferSubgridParticles[5]: Moved 1 particles, 0 stars, 0 active particles.
DetermineSGSize: MaxSubgridSize = 2000, MinSubgridEdge = 4, ncells = 50608
RebuildHierarchy[5]: Flagged 0/97 grids. 0 flagged cells
Level[5]: dt = 0.000305954  0.00142076 (0.00314636/0.00314636)
EvolveLevel[5]: NumberOfSubCycles = 3 (640 total, 3 sub)
RebuildHierarchy: level = 4
TransferSubgridParticles[4]: Moved 5 particles, 0 stars, 0 active particles.
DetermineSGSize: MaxSubgridSize = 2000, MinSubgridEdge = 4, ncells = 50608
RebuildHierarchy[4]: Flagged 94/155 grids. 5406 flagged cells
LoadBalance: Number of grids moved = 97 out of 97 (0.00327613 seconds elapsed)
DetermineSGSize: MaxSubgridSize = 2000, MinSubgridEdge = 4, ncells = 50608
RebuildHierarchy[5]: Flagged 0/97 grids. 0 flagged cells
Level[4]: dt = 0.00315881  0.00315881 (0.00630517/0.00680599)
Level[5]: dt = 0.00142019  0.00142019 (0.00142019/0.00315881)
RebuildHierarchy: level = 5
TransferSubgridParticles[5]: Moved 1 particles, 0 stars, 0 active particles.
DetermineSGSize: MaxSubgridSize = 2000, MinSubgridEdge = 4, ncells = 50680
RebuildHierarchy[5]: Flagged 0/97 grids. 0 flagged cells
Level[5]: dt = 0.00141802  0.00141802 (0.00283821/0.00315881)
RebuildHierarchy: level = 5
TransferSubgridParticles[5]: Moved 0 particles, 0 stars, 0 active particles.
DetermineSGSize: MaxSubgridSize = 2000, MinSubgridEdge = 4, ncells = 50680
RebuildHierarchy[5]: Flagged 0/97 grids. 0 flagged cells
Level[5]: dt = 0.000320605  0.00141661 (0.00315881/0.00315881)
EvolveLevel[5]: NumberOfSubCycles = 3 (643 total, 3 sub)
Level[4]: dt = 0.000500825  0.00317168 (0.00680599/0.00680599)
Level[5]: dt = 0.000500825  0.00141642 (0.000500825/0.000500825)
EvolveLevel[5]: NumberOfSubCycles = 1 (644 total, 1 sub)
EvolveLevel[4]: NumberOfSubCycles = 3 (297 total, 3 sub)
RebuildHierarchy: level = 3
TransferSubgridParticles[3]: Moved 39 particles, 0 stars, 0 active particles.
DetermineSGSize: MaxSubgridSize = 2000, MinSubgridEdge = 4, ncells = 66200
RebuildHierarchy[3]: Flagged 153/461 grids. 6756 flagged cells
LoadBalance: Number of grids moved = 153 out of 154 (5.86882e-05 seconds elapsed)
DetermineSGSize: MaxSubgridSize = 2000, MinSubgridEdge = 4, ncells = 50680
RebuildHierarchy[4]: Flagged 93/154 grids. 5458 flagged cells
LoadBalance: Number of grids moved = 97 out of 97 (0.00352317 seconds elapsed)
DetermineSGSize: MaxSubgridSize = 2000, MinSubgridEdge = 4, ncells = 50680
RebuildHierarchy[5]: Flagged 0/97 grids. 0 flagged cells
Level[3]: dt = 0.00673968  0.00673968 (0.0135457/0.0147166)
Level[4]: dt = 0.00317381  0.00317381 (0.00317381/0.00673968)
Level[5]: dt = 0.0014162  0.0014162 (0.0014162/0.00317381)
RebuildHierarchy: level = 5
TransferSubgridParticles[5]: Moved 0 particles, 0 stars, 0 active particles.
DetermineSGSize: MaxSubgridSize = 2000, MinSubgridEdge = 4, ncells = 51776
RebuildHierarchy[5]: Flagged 0/97 grids. 0 flagged cells
Level[5]: dt = 0.00141601  0.00141601 (0.00283221/0.00317381)
RebuildHierarchy: level = 5
TransferSubgridParticles[5]: Moved 1 particles, 0 stars, 0 active particles.
DetermineSGSize: MaxSubgridSize = 2000, MinSubgridEdge = 4, ncells = 51776
RebuildHierarchy[5]: Flagged 0/97 grids. 0 flagged cells
Level[5]: dt = 0.000341597  0.0014167 (0.00317381/0.00317381)
EvolveLevel[5]: NumberOfSubCycles = 3 (647 total, 3 sub)
RebuildHierarchy: level = 4
TransferSubgridParticles[4]: Moved 5 particles, 0 stars, 0 active particles.
DetermineSGSize: MaxSubgridSize = 2000, MinSubgridEdge = 4, ncells = 51776
RebuildHierarchy[4]: Flagged 93/154 grids. 5436 flagged cells
LoadBalance: Number of grids moved = 97 out of 97 (0.00328944 seconds elapsed)
DetermineSGSize: MaxSubgridSize = 2000, MinSubgridEdge = 4, ncells = 51776
RebuildHierarchy[5]: Flagged 0/97 grids. 0 flagged cells
Level[4]: dt = 0.00318627  0.00318627 (0.00636008/0.00673968)
Level[5]: dt = 0.00141696  0.00141696 (0.00141696/0.00318627)
RebuildHierarchy: level = 5
TransferSubgridParticles[5]: Moved 1 particles, 0 stars, 0 active particles.
DetermineSGSize: MaxSubgridSize = 2000, MinSubgridEdge = 4, ncells = 51584
RebuildHierarchy[5]: Flagged 0/97 grids. 0 flagged cells
Level[5]: dt = 0.00141845  0.00141845 (0.00283541/0.00318627)
RebuildHierarchy: level = 5
TransferSubgridParticles[5]: Moved 0 particles, 0 stars, 0 active particles.
DetermineSGSize: MaxSubgridSize = 2000, MinSubgridEdge = 4, ncells = 51584
RebuildHierarchy[5]: Flagged 0/97 grids. 0 flagged cells
Level[5]: dt = 0.000350854  0.00142103 (0.00318627/0.00318627)
EvolveLevel[5]: NumberOfSubCycles = 3 (650 total, 3 sub)
Level[4]: dt = 0.000379605  0.00318252 (0.00673968/0.00673968)
Level[5]: dt = 0.000379605  0.00142178 (0.000379605/0.000379605)
EvolveLevel[5]: NumberOfSubCycles = 1 (651 total, 1 sub)
EvolveLevel[4]: NumberOfSubCycles = 3 (300 total, 3 sub)
Level[3]: dt = 0.00117092  0.00659546 (0.0147166/0.0147166)
Level[4]: dt = 0.00117092  0.00318223 (0.00117092/0.00117092)
Level[5]: dt = 0.00117092  0.00142266 (0.00117092/0.00117092)
EvolveLevel[5]: NumberOfSubCycles = 1 (652 total, 1 sub)
EvolveLevel[4]: NumberOfSubCycles = 1 (301 total, 1 sub)
EvolveLevel[3]: NumberOfSubCycles = 3 (139 total, 3 sub)
EvolveLevel[2]: NumberOfSubCycles = 2 (63 total, 2 sub)
RebuildHierarchy: level = 1
TransferSubgridParticles[1]: Moved 10536 particles, 0 stars, 0 active particles.
DetermineSGSize: MaxSubgridSize = 2000, MinSubgridEdge = 4, ncells = 1461968
RebuildHierarchy[1]: Flagged 964/8969 grids. 100435 flagged cells
LoadBalance: Number of grids moved = 1481 out of 1509 (0.000527326 seconds elapsed)
DetermineSGSize: MaxSubgridSize = 2000, MinSubgridEdge = 4, ncells = 317088
RebuildHierarchy[2]: Flagged 399/1509 grids. 24969 flagged cells
LoadBalance: Number of grids moved = 450 out of 458 (0.000385731 seconds elapsed)
DetermineSGSize: MaxSubgridSize = 2000, MinSubgridEdge = 4, ncells = 68152
RebuildHierarchy[3]: Flagged 150/458 grids. 6708 flagged cells
LoadBalance: Number of grids moved = 150 out of 151 (5.96829e-05 seconds elapsed)
DetermineSGSize: MaxSubgridSize = 2000, MinSubgridEdge = 4, ncells = 51584
RebuildHierarchy[4]: Flagged 93/151 grids. 5436 flagged cells
LoadBalance: Number of grids moved = 97 out of 97 (0.00330587 seconds elapsed)
DetermineSGSize: MaxSubgridSize = 2000, MinSubgridEdge = 4, ncells = 51584
RebuildHierarchy[5]: Flagged 0/97 grids. 0 flagged cells
Level[1]: dt = 0.0284001  0.0284001 (0.057216/0.0618686)
Level[2]: dt = 0.0138864  0.0138864 (0.0138864/0.0284001)
Level[3]: dt = 0.00657124  0.00657124 (0.00657124/0.0138864)
Level[4]: dt = 0.00317073  0.00317073 (0.00317073/0.00657124)
Level[5]: dt = 0.00142579  0.00142579 (0.00142579/0.00317073)
RebuildHierarchy: level = 5
TransferSubgridParticles[5]: Moved 2 particles, 0 stars, 0 active particles.
DetermineSGSize: MaxSubgridSize = 2000, MinSubgridEdge = 4, ncells = 51648
RebuildHierarchy[5]: Flagged 0/97 grids. 0 flagged cells
Level[5]: dt = 0.00143022  0.00143022 (0.002856/0.00317073)
RebuildHierarchy: level = 5
TransferSubgridParticles[5]: Moved 1 particles, 0 stars, 0 active particles.
DetermineSGSize: MaxSubgridSize = 2000, MinSubgridEdge = 4, ncells = 51648
RebuildHierarchy[5]: Flagged 0/97 grids. 0 flagged cells
Level[5]: dt = 0.000314724  0.00143523 (0.00317073/0.00317073)
EvolveLevel[5]: NumberOfSubCycles = 3 (655 total, 3 sub)
RebuildHierarchy: level = 4
TransferSubgridParticles[4]: Moved 5 particles, 0 stars, 0 active particles.
DetermineSGSize: MaxSubgridSize = 2000, MinSubgridEdge = 4, ncells = 51648
RebuildHierarchy[4]: Flagged 93/151 grids. 5427 flagged cells
LoadBalance: Number of grids moved = 97 out of 97 (0.00330158 seconds elapsed)
DetermineSGSize: MaxSubgridSize = 2000, MinSubgridEdge = 4, ncells = 51648
RebuildHierarchy[5]: Flagged 0/97 grids. 0 flagged cells
Level[4]: dt = 0.00313045  0.00313045 (0.00630118/0.00657124)
Level[5]: dt = 0.00143644  0.00143644 (0.00143644/0.00313045)
RebuildHierarchy: level = 5
TransferSubgridParticles[5]: Moved 1 particles, 0 stars, 0 active particles.
DetermineSGSize: MaxSubgridSize = 2000, MinSubgridEdge = 4, ncells = 51616
RebuildHierarchy[5]: Flagged 0/97 grids. 0 flagged cells
Level[5]: dt = 0.00144219  0.00144219 (0.00287862/0.00313045)
RebuildHierarchy: level = 5
TransferSubgridParticles[5]: Moved 2 particles, 0 stars, 0 active particles.
DetermineSGSize: MaxSubgridSize = 2000, MinSubgridEdge = 4, ncells = 51616
RebuildHierarchy[5]: Flagged 0/97 grids. 0 flagged cells
Level[5]: dt = 0.00025183  0.00144814 (0.00313045/0.00313045)
EvolveLevel[5]: NumberOfSubCycles = 3 (658 total, 3 sub)
Level[4]: dt = 0.000270062  0.00309089 (0.00657124/0.00657124)
Level[5]: dt = 0.000270062  0.00144913 (0.000270062/0.000270062)
EvolveLevel[5]: NumberOfSubCycles = 1 (659 total, 1 sub)
EvolveLevel[4]: NumberOfSubCycles = 3 (304 total, 3 sub)
RebuildHierarchy: level = 3
TransferSubgridParticles[3]: Moved 33 particles, 0 stars, 0 active particles.
DetermineSGSize: MaxSubgridSize = 2000, MinSubgridEdge = 4, ncells = 68152
RebuildHierarchy[3]: Flagged 149/458 grids. 6713 flagged cells
LoadBalance: Number of grids moved = 149 out of 150 (5.84796e-05 seconds elapsed)
DetermineSGSize: MaxSubgridSize = 2000, MinSubgridEdge = 4, ncells = 51616
RebuildHierarchy[4]: Flagged 93/150 grids. 5433 flagged cells
LoadBalance: Number of grids moved = 97 out of 97 (0.00344614 seconds elapsed)
DetermineSGSize: MaxSubgridSize = 2000, MinSubgridEdge = 4, ncells = 51616
RebuildHierarchy[5]: Flagged 0/97 grids. 0 flagged cells
Level[3]: dt = 0.00644477  0.00644477 (0.013016/0.0138864)
Level[4]: dt = 0.00308754  0.00308754 (0.00308754/0.00644477)
Level[5]: dt = 0.00145021  0.00145021 (0.00145021/0.00308754)
RebuildHierarchy: level = 5
TransferSubgridParticles[5]: Moved 2 particles, 0 stars, 0 active particles.
DetermineSGSize: MaxSubgridSize = 2000, MinSubgridEdge = 4, ncells = 51816
RebuildHierarchy[5]: Flagged 0/97 grids. 0 flagged cells
Level[5]: dt = 0.00145604  0.00145604 (0.00290625/0.00308754)
RebuildHierarchy: level = 5
TransferSubgridParticles[5]: Moved 2 particles, 0 stars, 0 active particles.
DetermineSGSize: MaxSubgridSize = 2000, MinSubgridEdge = 4, ncells = 51816
RebuildHierarchy[5]: Flagged 0/97 grids. 0 flagged cells
Level[5]: dt = 0.000181286  0.00146152 (0.00308754/0.00308754)
EvolveLevel[5]: NumberOfSubCycles = 3 (662 total, 3 sub)
RebuildHierarchy: level = 4
TransferSubgridParticles[4]: Moved 4 particles, 0 stars, 0 active particles.
DetermineSGSize: MaxSubgridSize = 2000, MinSubgridEdge = 4, ncells = 51816
RebuildHierarchy[4]: Flagged 92/150 grids. 5404 flagged cells
LoadBalance: Number of grids moved = 96 out of 96 (0.0032657 seconds elapsed)
DetermineSGSize: MaxSubgridSize = 2000, MinSubgridEdge = 4, ncells = 51816
RebuildHierarchy[5]: Flagged 0/96 grids. 0 flagged cells
Level[4]: dt = 0.00304999  0.00304999 (0.00613753/0.00644477)
Level[5]: dt = 0.00146215  0.00146215 (0.00146215/0.00304999)
RebuildHierarchy: level = 5
TransferSubgridParticles[5]: Moved 0 particles, 0 stars, 0 active particles.
DetermineSGSize: MaxSubgridSize = 2000, MinSubgridEdge = 4, ncells = 51448
RebuildHierarchy[5]: Flagged 0/96 grids. 0 flagged cells
Level[5]: dt = 0.0014675  0.0014675 (0.00292965/0.00304999)
RebuildHierarchy: level = 5
TransferSubgridParticles[5]: Moved 0 particles, 0 stars, 0 active particles.
DetermineSGSize: MaxSubgridSize = 2000, MinSubgridEdge = 4, ncells = 51448
RebuildHierarchy[5]: Flagged 0/96 grids. 0 flagged cells
Level[5]: dt = 0.000120337  0.00147252 (0.00304999/0.00304999)
EvolveLevel[5]: NumberOfSubCycles = 3 (665 total, 3 sub)
Level[4]: dt = 0.000307244  0.00301501 (0.00644477/0.00644477)
Level[5]: dt = 0.000307244  0.00147292 (0.000307244/0.000307244)
EvolveLevel[5]: NumberOfSubCycles = 1 (666 total, 1 sub)
EvolveLevel[4]: NumberOfSubCycles = 3 (307 total, 3 sub)
Level[3]: dt = 0.000870367  0.00634809 (0.0138864/0.0138864)
Level[4]: dt = 0.000870367  0.00301155 (0.000870367/0.000870367)
Level[5]: dt = 0.000870367  0.00147397 (0.000870367/0.000870367)
EvolveLevel[5]: NumberOfSubCycles = 1 (667 total, 1 sub)
EvolveLevel[4]: NumberOfSubCycles = 1 (308 total, 1 sub)
EvolveLevel[3]: NumberOfSubCycles = 3 (142 total, 3 sub)
RebuildHierarchy: level = 2
TransferSubgridParticles[2]: Moved 282 particles, 0 stars, 0 active particles.
DetermineSGSize: MaxSubgridSize = 2000, MinSubgridEdge = 4, ncells = 322544
RebuildHierarchy[2]: Flagged 402/1509 grids. 25116 flagged cells
LoadBalance: Number of grids moved = 459 out of 462 (0.000381079 seconds elapsed)
DetermineSGSize: MaxSubgridSize = 2000, MinSubgridEdge = 4, ncells = 68128
RebuildHierarchy[3]: Flagged 149/462 grids. 6702 flagged cells
LoadBalance: Number of grids moved = 149 out of 150 (5.76824e-05 seconds elapsed)
DetermineSGSize: MaxSubgridSize = 2000, MinSubgridEdge = 4, ncells = 51448
RebuildHierarchy[4]: Flagged 92/150 grids. 5397 flagged cells
LoadBalance: Number of grids moved = 96 out of 96 (0.0033203 seconds elapsed)
DetermineSGSize: MaxSubgridSize = 2000, MinSubgridEdge = 4, ncells = 51448
RebuildHierarchy[5]: Flagged 0/96 grids. 0 flagged cells
Level[2]: dt = 0.0137264  0.0137264 (0.0276128/0.0284001)
Level[3]: dt = 0.00633825  0.00633825 (0.00633825/0.0137264)
Level[4]: dt = 0.00300181  0.00300181 (0.00300181/0.00633825)
Level[5]: dt = 0.001476  0.001476 (0.001476/0.00300181)
RebuildHierarchy: level = 5
TransferSubgridParticles[5]: Moved 3 particles, 0 stars, 0 active particles.
DetermineSGSize: MaxSubgridSize = 2000, MinSubgridEdge = 4, ncells = 51408
RebuildHierarchy[5]: Flagged 0/96 grids. 0 flagged cells
Level[5]: dt = 0.00152581  0.00146773 (0.00300181/0.00300181)
EvolveLevel[5]: NumberOfSubCycles = 2 (669 total, 2 sub)
RebuildHierarchy: level = 4
TransferSubgridParticles[4]: Moved 6 particles, 0 stars, 0 active particles.
DetermineSGSize: MaxSubgridSize = 2000, MinSubgridEdge = 4, ncells = 51408
RebuildHierarchy[4]: Flagged 92/150 grids. 5385 flagged cells
LoadBalance: Number of grids moved = 96 out of 96 (0.00325545 seconds elapsed)
DetermineSGSize: MaxSubgridSize = 2000, MinSubgridEdge = 4, ncells = 51408
RebuildHierarchy[5]: Flagged 0/96 grids. 0 flagged cells
Level[4]: dt = 0.0029698  0.0029698 (0.0059716/0.00633825)
Level[5]: dt = 0.00145919  0.00145919 (0.00145919/0.0029698)
RebuildHierarchy: level = 5
TransferSubgridParticles[5]: Moved 1 particles, 0 stars, 0 active particles.
DetermineSGSize: MaxSubgridSize = 2000, MinSubgridEdge = 4, ncells = 51424
RebuildHierarchy[5]: Flagged 0/96 grids. 0 flagged cells
Level[5]: dt = 0.0015106  0.00145192 (0.0029698/0.0029698)
EvolveLevel[5]: NumberOfSubCycles = 2 (671 total, 2 sub)
Level[4]: dt = 0.000366642  0.0029425 (0.00633825/0.00633825)
Level[5]: dt = 0.000366642  0.00144533 (0.000366642/0.000366642)
EvolveLevel[5]: NumberOfSubCycles = 1 (672 total, 1 sub)
EvolveLevel[4]: NumberOfSubCycles = 3 (311 total, 3 sub)
RebuildHierarchy: level = 3
TransferSubgridParticles[3]: Moved 36 particles, 0 stars, 0 active particles.
DetermineSGSize: MaxSubgridSize = 2000, MinSubgridEdge = 4, ncells = 68168
RebuildHierarchy[3]: Flagged 149/462 grids. 6740 flagged cells
LoadBalance: Number of grids moved = 149 out of 150 (5.80214e-05 seconds elapsed)
DetermineSGSize: MaxSubgridSize = 2000, MinSubgridEdge = 4, ncells = 51424
RebuildHierarchy[4]: Flagged 92/150 grids. 5389 flagged cells
LoadBalance: Number of grids moved = 96 out of 96 (0.00353463 seconds elapsed)
DetermineSGSize: MaxSubgridSize = 2000, MinSubgridEdge = 4, ncells = 51424
RebuildHierarchy[5]: Flagged 0/96 grids. 0 flagged cells
Level[3]: dt = 0.00629511  0.00629511 (0.0126334/0.0137264)
Level[4]: dt = 0.00293964  0.00293964 (0.00293964/0.00629511)
Level[5]: dt = 0.00144389  0.00144389 (0.00144389/0.00293964)
RebuildHierarchy: level = 5
TransferSubgridParticles[5]: Moved 1 particles, 0 stars, 0 active particles.
DetermineSGSize: MaxSubgridSize = 2000, MinSubgridEdge = 4, ncells = 51344
RebuildHierarchy[5]: Flagged 0/96 grids. 0 flagged cells
Level[5]: dt = 0.00149575  0.0014388 (0.00293964/0.00293964)
EvolveLevel[5]: NumberOfSubCycles = 2 (674 total, 2 sub)
RebuildHierarchy: level = 4
TransferSubgridParticles[4]: Moved 6 particles, 0 stars, 0 active particles.
DetermineSGSize: MaxSubgridSize = 2000, MinSubgridEdge = 4, ncells = 51344
RebuildHierarchy[4]: Flagged 92/150 grids. 5427 flagged cells
LoadBalance: Number of grids moved = 96 out of 96 (0.00326939 seconds elapsed)
DetermineSGSize: MaxSubgridSize = 2000, MinSubgridEdge = 4, ncells = 51344
RebuildHierarchy[5]: Flagged 0/96 grids. 0 flagged cells
Level[4]: dt = 0.00292028  0.00292028 (0.00585992/0.00629511)
Level[5]: dt = 0.00143441  0.00143441 (0.00143441/0.00292028)
RebuildHierarchy: level = 5
TransferSubgridParticles[5]: Moved 1 particles, 0 stars, 0 active particles.
DetermineSGSize: MaxSubgridSize = 2000, MinSubgridEdge = 4, ncells = 51776
RebuildHierarchy[5]: Flagged 0/96 grids. 0 flagged cells
Level[5]: dt = 0.00148587  0.00143104 (0.00292028/0.00292028)
EvolveLevel[5]: NumberOfSubCycles = 2 (676 total, 2 sub)
Level[4]: dt = 0.000435193  0.00290906 (0.00629511/0.00629511)
Level[5]: dt = 0.000435193  0.00142812 (0.000435193/0.000435193)
EvolveLevel[5]: NumberOfSubCycles = 1 (677 total, 1 sub)
EvolveLevel[4]: NumberOfSubCycles = 3 (314 total, 3 sub)
Level[3]: dt = 0.00109309  0.00630852 (0.0137264/0.0137264)
Level[4]: dt = 0.00109309  0.0029081 (0.00109309/0.00109309)
Level[5]: dt = 0.00109309  0.00142683 (0.00109309/0.00109309)
EvolveLevel[5]: NumberOfSubCycles = 1 (678 total, 1 sub)
EvolveLevel[4]: NumberOfSubCycles = 1 (315 total, 1 sub)
EvolveLevel[3]: NumberOfSubCycles = 3 (145 total, 3 sub)
Level[2]: dt = 0.000787291  0.013515 (0.0284001/0.0284001)
Level[3]: dt = 0.000787291  0.00631549 (0.000787291/0.000787291)
Level[4]: dt = 0.000787291  0.00290639 (0.000787291/0.000787291)
Level[5]: dt = 0.000787291  0.00142385 (0.000787291/0.000787291)
EvolveLevel[5]: NumberOfSubCycles = 1 (679 total, 1 sub)
EvolveLevel[4]: NumberOfSubCycles = 1 (316 total, 1 sub)
EvolveLevel[3]: NumberOfSubCycles = 1 (146 total, 1 sub)
EvolveLevel[2]: NumberOfSubCycles = 3 (66 total, 3 sub)
Level[1]: dt = 0.00465254  0.0287641 (0.0618686/0.0618686)
Level[2]: dt = 0.00465254  0.0135077 (0.00465254/0.00465254)
Level[3]: dt = 0.00465254  0.00632107 (0.00465254/0.00465254)
Level[4]: dt = 0.00290574  0.00290574 (0.00290574/0.00465254)
Level[5]: dt = 0.00142194  0.00142194 (0.00142194/0.00290574)
RebuildHierarchy: level = 5
TransferSubgridParticles[5]: Moved 4 particles, 0 stars, 0 active particles.
DetermineSGSize: MaxSubgridSize = 2000, MinSubgridEdge = 4, ncells = 51776
RebuildHierarchy[5]: Flagged 0/96 grids. 0 flagged cells
Level[5]: dt = 0.0014838  0.00141897 (0.00290574/0.00290574)
EvolveLevel[5]: NumberOfSubCycles = 2 (681 total, 2 sub)
RebuildHierarchy: level = 4
TransferSubgridParticles[4]: Moved 11 particles, 0 stars, 0 active particles.
DetermineSGSize: MaxSubgridSize = 2000, MinSubgridEdge = 4, ncells = 51776
RebuildHierarchy[4]: Flagged 93/150 grids. 5357 flagged cells
LoadBalance: Number of grids moved = 97 out of 97 (0.00320588 seconds elapsed)
DetermineSGSize: MaxSubgridSize = 2000, MinSubgridEdge = 4, ncells = 51776
RebuildHierarchy[5]: Flagged 0/97 grids. 0 flagged cells
Level[4]: dt = 0.0017468  0.00290721 (0.00465254/0.00465254)
Level[5]: dt = 0.00141665  0.00141665 (0.00141665/0.0017468)
RebuildHierarchy: level = 5
TransferSubgridParticles[5]: Moved 1 particles, 0 stars, 0 active particles.
DetermineSGSize: MaxSubgridSize = 2000, MinSubgridEdge = 4, ncells = 51144
RebuildHierarchy[5]: Flagged 0/97 grids. 0 flagged cells
Level[5]: dt = 0.000330148  0.00141506 (0.0017468/0.0017468)
EvolveLevel[5]: NumberOfSubCycles = 2 (683 total, 2 sub)
EvolveLevel[4]: NumberOfSubCycles = 2 (318 total, 2 sub)
EvolveLevel[3]: NumberOfSubCycles = 1 (147 total, 1 sub)
EvolveLevel[2]: NumberOfSubCycles = 1 (67 total, 1 sub)
EvolveLevel[1]: NumberOfSubCycles = 3 (28 total, 3 sub)
EvolveLevel[0]: NumberOfSubCycles = 1 (10 total, 10 sub)
RebuildHierarchy: level = 0
CommunicationTransferParticles: moved = 333528
CommunicationTransferStars: moved = 0
CommunicationTransferActiveParticles: moved = 0
DetermineSGSize: MaxSubgridSize = 2947, MinSubgridEdge = 4, ncells = 13204704
RebuildHierarchy[0]: Flagged 758/1120 grids. 829968 flagged cells
LoadBalance: Number of grids moved = 9049 out of 9126 (0.372641 seconds elapsed)
DetermineSGSize: MaxSubgridSize = 2000, MinSubgridEdge = 4, ncells = 1489192
RebuildHierarchy[1]: Flagged 986/9126 grids. 100725 flagged cells
LoadBalance: Number of grids moved = 1497 out of 1520 (0.000506349 seconds elapsed)
DetermineSGSize: MaxSubgridSize = 2000, MinSubgridEdge = 4, ncells = 323920
RebuildHierarchy[2]: Flagged 397/1520 grids. 25219 flagged cells
LoadBalance: Number of grids moved = 455 out of 463 (0.000389766 seconds elapsed)
DetermineSGSize: MaxSubgridSize = 2000, MinSubgridEdge = 4, ncells = 68472
RebuildHierarchy[3]: Flagged 138/463 grids. 6786 flagged cells
LoadBalance: Number of grids moved = 139 out of 140 (5.80586e-05 seconds elapsed)
DetermineSGSize: MaxSubgridSize = 2000, MinSubgridEdge = 4, ncells = 51144
RebuildHierarchy[4]: Flagged 89/140 grids. 5356 flagged cells
LoadBalance: Number of grids moved = 93 out of 93 (0.00330046 seconds elapsed)
DetermineSGSize: MaxSubgridSize = 2000, MinSubgridEdge = 4, ncells = 51144
RebuildHierarchy[5]: Flagged 0/93 grids. 0 flagged cells
CPUTime-output: Frac = 0.999994, Current = 154.443 (153.019), Stop = 2592000.000000, Last = 14.7648
Level[0]: dt = 0.0637009  0.0637009 (0.0637009/0.0637009)
PrepareGreens: Start = 0 52 0  Dim = 32 50 36
PrepareGreens: Start = 0 0 36  Dim = 32 52 38
PrepareGreens: Start = 0 52 36  Dim = 32 50 38
PrepareGreens: Start = 0 0 0  Dim = 32 52 36
Level[1]: dt = 0.028854  0.028854 (0.028854/0.0637009)
Level[2]: dt = 0.0134943  0.0134943 (0.0134943/0.028854)
Level[3]: dt = 0.00635953  0.00635953 (0.00635953/0.0134943)
Level[4]: dt = 0.00291088  0.00291088 (0.00291088/0.00635953)
Level[5]: dt = 0.00141482  0.00141482 (0.00141482/0.00291088)
RebuildHierarchy: level = 5
TransferSubgridParticles[5]: Moved 93 particles, 0 stars, 0 active particles.
DetermineSGSize: MaxSubgridSize = 2000, MinSubgridEdge = 4, ncells = 51192
RebuildHierarchy[5]: Flagged 0/93 grids. 0 flagged cells
Level[5]: dt = 0.00141412  0.00141412 (0.00282894/0.00291088)
RebuildHierarchy: level = 5
TransferSubgridParticles[5]: Moved 1 particles, 0 stars, 0 active particles.
DetermineSGSize: MaxSubgridSize = 2000, MinSubgridEdge = 4, ncells = 51192
RebuildHierarchy[5]: Flagged 0/93 grids. 0 flagged cells
Level[5]: dt = 8.19398e-05  0.00141408 (0.00291088/0.00291088)
EvolveLevel[5]: NumberOfSubCycles = 3 (686 total, 3 sub)
RebuildHierarchy: level = 4
TransferSubgridParticles[4]: Moved 130 particles, 0 stars, 0 active particles.
DetermineSGSize: MaxSubgridSize = 2000, MinSubgridEdge = 4, ncells = 51192
RebuildHierarchy[4]: Flagged 89/140 grids. 5326 flagged cells
LoadBalance: Number of grids moved = 93 out of 93 (0.00301016 seconds elapsed)
DetermineSGSize: MaxSubgridSize = 2000, MinSubgridEdge = 4, ncells = 51192
RebuildHierarchy[5]: Flagged 0/93 grids. 0 flagged cells
Level[4]: dt = 0.00292112  0.00292112 (0.005832/0.00635953)
Level[5]: dt = 0.00141412  0.00141412 (0.00141412/0.00292112)
RebuildHierarchy: level = 5
TransferSubgridParticles[5]: Moved 2 particles, 0 stars, 0 active particles.
DetermineSGSize: MaxSubgridSize = 2000, MinSubgridEdge = 4, ncells = 50712
RebuildHierarchy[5]: Flagged 0/93 grids. 0 flagged cells
Level[5]: dt = 0.00141497  0.00141497 (0.00282909/0.00292112)
RebuildHierarchy: level = 5
TransferSubgridParticles[5]: Moved 1 particles, 0 stars, 0 active particles.
DetermineSGSize: MaxSubgridSize = 2000, MinSubgridEdge = 4, ncells = 50712
RebuildHierarchy[5]: Flagged 0/93 grids. 0 flagged cells
Level[5]: dt = 9.20335e-05  0.00141646 (0.00292112/0.00292112)
EvolveLevel[5]: NumberOfSubCycles = 3 (689 total, 3 sub)
Level[4]: dt = 0.000527532  0.00293674 (0.00635953/0.00635953)
Level[5]: dt = 0.000527532  0.00141659 (0.000527532/0.000527532)
EvolveLevel[5]: NumberOfSubCycles = 1 (690 total, 1 sub)
EvolveLevel[4]: NumberOfSubCycles = 3 (321 total, 3 sub)
RebuildHierarchy: level = 3
TransferSubgridParticles[3]: Moved 962 particles, 0 stars, 0 active particles.
DetermineSGSize: MaxSubgridSize = 2000, MinSubgridEdge = 4, ncells = 68832
RebuildHierarchy[3]: Flagged 139/463 grids. 6849 flagged cells
LoadBalance: Number of grids moved = 140 out of 141 (5.48251e-05 seconds elapsed)
DetermineSGSize: MaxSubgridSize = 2000, MinSubgridEdge = 4, ncells = 50712
RebuildHierarchy[4]: Flagged 89/141 grids. 5378 flagged cells
LoadBalance: Number of grids moved = 93 out of 93 (0.00354658 seconds elapsed)
DetermineSGSize: MaxSubgridSize = 2000, MinSubgridEdge = 4, ncells = 50712
RebuildHierarchy[5]: Flagged 0/93 grids. 0 flagged cells
Level[3]: dt = 0.00641411  0.00641411 (0.0127736/0.0134943)
Level[4]: dt = 0.00294007  0.00294007 (0.00294007/0.00641411)
Level[5]: dt = 0.00141736  0.00141736 (0.00141736/0.00294007)
RebuildHierarchy: level = 5
TransferSubgridParticles[5]: Moved 1 particles, 0 stars, 0 active particles.
DetermineSGSize: MaxSubgridSize = 2000, MinSubgridEdge = 4, ncells = 51136
RebuildHierarchy[5]: Flagged 0/93 grids. 0 flagged cells
Level[5]: dt = 0.00141889  0.00141889 (0.00283625/0.00294007)
RebuildHierarchy: level = 5
TransferSubgridParticles[5]: Moved 0 particles, 0 stars, 0 active particles.
DetermineSGSize: MaxSubgridSize = 2000, MinSubgridEdge = 4, ncells = 51136
RebuildHierarchy[5]: Flagged 0/93 grids. 0 flagged cells
Level[5]: dt = 0.000103818  0.00141889 (0.00294007/0.00294007)
EvolveLevel[5]: NumberOfSubCycles = 3 (693 total, 3 sub)
RebuildHierarchy: level = 4
TransferSubgridParticles[4]: Moved 1 particles, 0 stars, 0 active particles.
DetermineSGSize: MaxSubgridSize = 2000, MinSubgridEdge = 4, ncells = 51136
RebuildHierarchy[4]: Flagged 89/141 grids. 5419 flagged cells
LoadBalance: Number of grids moved = 93 out of 93 (0.00320219 seconds elapsed)
DetermineSGSize: MaxSubgridSize = 2000, MinSubgridEdge = 4, ncells = 51136
RebuildHierarchy[5]: Flagged 0/93 grids. 0 flagged cells
Level[4]: dt = 0.00296046  0.00296046 (0.00590053/0.00641411)
Level[5]: dt = 0.0014189  0.0014189 (0.0014189/0.00296046)
RebuildHierarchy: level = 5
TransferSubgridParticles[5]: Moved 1 particles, 0 stars, 0 active particles.
DetermineSGSize: MaxSubgridSize = 2000, MinSubgridEdge = 4, ncells = 51608
RebuildHierarchy[5]: Flagged 0/93 grids. 0 flagged cells
Level[5]: dt = 0.00141941  0.00141941 (0.00283831/0.00296046)
RebuildHierarchy: level = 5
TransferSubgridParticles[5]: Moved 1 particles, 0 stars, 0 active particles.
DetermineSGSize: MaxSubgridSize = 2000, MinSubgridEdge = 4, ncells = 51608
RebuildHierarchy[5]: Flagged 0/93 grids. 0 flagged cells
Level[5]: dt = 0.000122153  0.00142033 (0.00296046/0.00296046)
EvolveLevel[5]: NumberOfSubCycles = 3 (696 total, 3 sub)
Level[4]: dt = 0.000513576  0.00298302 (0.00641411/0.00641411)
Level[5]: dt = 0.000513576  0.00142041 (0.000513576/0.000513576)
EvolveLevel[5]: NumberOfSubCycles = 1 (697 total, 1 sub)
EvolveLevel[4]: NumberOfSubCycles = 3 (324 total, 3 sub)
Level[3]: dt = 0.000720686  0.0064624 (0.0134943/0.0134943)
Level[4]: dt = 0.000720686  0.00298704 (0.000720686/0.000720686)
Level[5]: dt = 0.000720686  0.00142081 (0.000720686/0.000720686)
EvolveLevel[5]: NumberOfSubCycles = 1 (698 total, 1 sub)
EvolveLevel[4]: NumberOfSubCycles = 1 (325 total, 1 sub)
EvolveLevel[3]: NumberOfSubCycles = 3 (150 total, 3 sub)
RebuildHierarchy: level = 2
TransferSubgridParticles[2]: Moved 8269 particles, 0 stars, 0 active particles.
DetermineSGSize: MaxSubgridSize = 2000, MinSubgridEdge = 4, ncells = 321688
RebuildHierarchy[2]: Flagged 397/1520 grids. 25587 flagged cells
LoadBalance: Number of grids moved = 458 out of 466 (0.000395544 seconds elapsed)
DetermineSGSize: MaxSubgridSize = 2000, MinSubgridEdge = 4, ncells = 69568
RebuildHierarchy[3]: Flagged 140/466 grids. 6932 flagged cells
LoadBalance: Number of grids moved = 141 out of 142 (5.5775e-05 seconds elapsed)
DetermineSGSize: MaxSubgridSize = 2000, MinSubgridEdge = 4, ncells = 51608
RebuildHierarchy[4]: Flagged 90/142 grids. 5473 flagged cells
LoadBalance: Number of grids moved = 94 out of 94 (0.00343376 seconds elapsed)
DetermineSGSize: MaxSubgridSize = 2000, MinSubgridEdge = 4, ncells = 51608
RebuildHierarchy[5]: Flagged 0/94 grids. 0 flagged cells
Level[2]: dt = 0.0137399  0.0137399 (0.0272342/0.028854)
Level[3]: dt = 0.00646714  0.00646714 (0.00646714/0.0137399)
Level[4]: dt = 0.00299275  0.00299275 (0.00299275/0.00646714)
Level[5]: dt = 0.00142146  0.00142146 (0.00142146/0.00299275)
RebuildHierarchy: level = 5
TransferSubgridParticles[5]: Moved 0 particles, 0 stars, 0 active particles.
DetermineSGSize: MaxSubgridSize = 2000, MinSubgridEdge = 4, ncells = 52320
RebuildHierarchy[5]: Flagged 0/94 grids. 0 flagged cells
Level[5]: dt = 0.00142303  0.00142303 (0.00284449/0.00299275)
RebuildHierarchy: level = 5
TransferSubgridParticles[5]: Moved 2 particles, 0 stars, 0 active particles.
DetermineSGSize: MaxSubgridSize = 2000, MinSubgridEdge = 4, ncells = 52320
RebuildHierarchy[5]: Flagged 0/94 grids. 0 flagged cells
Level[5]: dt = 0.000148262  0.00142539 (0.00299275/0.00299275)
EvolveLevel[5]: NumberOfSubCycles = 3 (701 total, 3 sub)
RebuildHierarchy: level = 4
TransferSubgridParticles[4]: Moved 7 particles, 0 stars, 0 active particles.
DetermineSGSize: MaxSubgridSize = 2000, MinSubgridEdge = 4, ncells = 52320
RebuildHierarchy[4]: Flagged 90/142 grids. 5457 flagged cells
LoadBalance: Number of grids moved = 94 out of 94 (0.00301491 seconds elapsed)
DetermineSGSize: MaxSubgridSize = 2000, MinSubgridEdge = 4, ncells = 52320
RebuildHierarchy[5]: Flagged 0/94 grids. 0 flagged cells
Level[4]: dt = 0.00301721  0.00301721 (0.00600996/0.00646714)
Level[5]: dt = 0.00142568  0.00142568 (0.00142568/0.00301721)
RebuildHierarchy: level = 5
TransferSubgridParticles[5]: Moved 1 particles, 0 stars, 0 active particles.
DetermineSGSize: MaxSubgridSize = 2000, MinSubgridEdge = 4, ncells = 52064
RebuildHierarchy[5]: Flagged 0/94 grids. 0 flagged cells
Level[5]: dt = 0.00142874  0.00142874 (0.00285442/0.00301721)
RebuildHierarchy: level = 5
TransferSubgridParticles[5]: Moved 0 particles, 0 stars, 0 active particles.
DetermineSGSize: MaxSubgridSize = 2000, MinSubgridEdge = 4, ncells = 52064
RebuildHierarchy[5]: Flagged 0/94 grids. 0 flagged cells
Level[5]: dt = 0.00016279  0.00143252 (0.00301721/0.00301721)
EvolveLevel[5]: NumberOfSubCycles = 3 (704 total, 3 sub)
Level[4]: dt = 0.000457178  0.00304265 (0.00646714/0.00646714)
Level[5]: dt = 0.000457178  0.00143299 (0.000457178/0.000457178)
EvolveLevel[5]: NumberOfSubCycles = 1 (705 total, 1 sub)
EvolveLevel[4]: NumberOfSubCycles = 3 (328 total, 3 sub)
RebuildHierarchy: level = 3
TransferSubgridParticles[3]: Moved 25 particles, 0 stars, 0 active particles.
DetermineSGSize: MaxSubgridSize = 2000, MinSubgridEdge = 4, ncells = 70224
RebuildHierarchy[3]: Flagged 139/466 grids. 6909 flagged cells
LoadBalance: Number of grids moved = 140 out of 141 (5.64717e-05 seconds elapsed)
DetermineSGSize: MaxSubgridSize = 2000, MinSubgridEdge = 4, ncells = 52064
RebuildHierarchy[4]: Flagged 90/141 grids. 5422 flagged cells
LoadBalance: Number of grids moved = 94 out of 94 (0.0031085 seconds elapsed)
DetermineSGSize: MaxSubgridSize = 2000, MinSubgridEdge = 4, ncells = 52064
RebuildHierarchy[5]: Flagged 0/94 grids. 0 flagged cells
Level[3]: dt = 0.00650429  0.00650429 (0.0129714/0.0137399)
Level[4]: dt = 0.00304294  0.00304294 (0.00304294/0.00650429)
Level[5]: dt = 0.00143434  0.00143434 (0.00143434/0.00304294)
RebuildHierarchy: level = 5
TransferSubgridParticles[5]: Moved 0 particles, 0 stars, 0 active particles.
DetermineSGSize: MaxSubgridSize = 2000, MinSubgridEdge = 4, ncells = 51640
RebuildHierarchy[5]: Flagged 0/94 grids. 0 flagged cells
Level[5]: dt = 0.00143887  0.00143887 (0.0028732/0.00304294)
RebuildHierarchy: level = 5
TransferSubgridParticles[5]: Moved 2 particles, 0 stars, 0 active particles.
DetermineSGSize: MaxSubgridSize = 2000, MinSubgridEdge = 4, ncells = 51640
RebuildHierarchy[5]: Flagged 0/94 grids. 0 flagged cells
Level[5]: dt = 0.000169736  0.0014402 (0.00304294/0.00304294)
EvolveLevel[5]: NumberOfSubCycles = 3 (708 total, 3 sub)
RebuildHierarchy: level = 4
TransferSubgridParticles[4]: Moved 3 particles, 0 stars, 0 active particles.
DetermineSGSize: MaxSubgridSize = 2000, MinSubgridEdge = 4, ncells = 51640
RebuildHierarchy[4]: Flagged 90/141 grids. 5430 flagged cells
LoadBalance: Number of grids moved = 94 out of 94 (0.0026723 seconds elapsed)
DetermineSGSize: MaxSubgridSize = 2000, MinSubgridEdge = 4, ncells = 51640
RebuildHierarchy[5]: Flagged 0/94 grids. 0 flagged cells
Level[4]: dt = 0.00303134  0.00303134 (0.00607428/0.00650429)
Level[5]: dt = 0.00144036  0.00144036 (0.00144036/0.00303134)
RebuildHierarchy: level = 5
TransferSubgridParticles[5]: Moved 1 particles, 0 stars, 0 active particles.
DetermineSGSize: MaxSubgridSize = 2000, MinSubgridEdge = 4, ncells = 51968
RebuildHierarchy[5]: Flagged 0/94 grids. 0 flagged cells
Level[5]: dt = 0.00144097  0.00144097 (0.00288133/0.00303134)
RebuildHierarchy: level = 5
TransferSubgridParticles[5]: Moved 2 particles, 0 stars, 0 active particles.
DetermineSGSize: MaxSubgridSize = 2000, MinSubgridEdge = 4, ncells = 51968
RebuildHierarchy[5]: Flagged 0/94 grids. 0 flagged cells
Level[5]: dt = 0.000150007  0.00144207 (0.00303134/0.00303134)
EvolveLevel[5]: NumberOfSubCycles = 3 (711 total, 3 sub)
Level[4]: dt = 0.000430009  0.00302636 (0.00650429/0.00650429)
Level[5]: dt = 0.000430009  0.00144222 (0.000430009/0.000430009)
EvolveLevel[5]: NumberOfSubCycles = 1 (712 total, 1 sub)
EvolveLevel[4]: NumberOfSubCycles = 3 (331 total, 3 sub)
Level[3]: dt = 0.000768429  0.00653291 (0.0137399/0.0137399)
Level[4]: dt = 0.000768429  0.00302623 (0.000768429/0.000768429)
Level[5]: dt = 0.000768429  0.00144271 (0.000768429/0.000768429)
EvolveLevel[5]: NumberOfSubCycles = 1 (713 total, 1 sub)
EvolveLevel[4]: NumberOfSubCycles = 1 (332 total, 1 sub)
EvolveLevel[3]: NumberOfSubCycles = 3 (153 total, 3 sub)
Level[2]: dt = 0.00161984  0.0143786 (0.028854/0.028854)
Level[3]: dt = 0.00161984  0.00653579 (0.00161984/0.00161984)
Level[4]: dt = 0.00161984  0.00302628 (0.00161984/0.00161984)
Level[5]: dt = 0.00144373  0.00144373 (0.00144373/0.00161984)
RebuildHierarchy: level = 5
TransferSubgridParticles[5]: Moved 0 particles, 0 stars, 0 active particles.
DetermineSGSize: MaxSubgridSize = 2000, MinSubgridEdge = 4, ncells = 51968
RebuildHierarchy[5]: Flagged 0/94 grids. 0 flagged cells
Level[5]: dt = 0.000176109  0.00144607 (0.00161984/0.00161984)
EvolveLevel[5]: NumberOfSubCycles = 2 (715 total, 2 sub)
EvolveLevel[4]: NumberOfSubCycles = 1 (333 total, 1 sub)
EvolveLevel[3]: NumberOfSubCycles = 1 (154 total, 1 sub)
EvolveLevel[2]: NumberOfSubCycles = 3 (70 total, 3 sub)
RebuildHierarchy: level = 1
TransferSubgridParticles[1]: Moved 102859 particles, 0 stars, 0 active particles.
DetermineSGSize: MaxSubgridSize = 2000, MinSubgridEdge = 4, ncells = 1490976
RebuildHierarchy[1]: Flagged 987/9126 grids. 102214 flagged cells
LoadBalance: Number of grids moved = 1509 out of 1533 (0.000624821 seconds elapsed)
DetermineSGSize: MaxSubgridSize = 2000, MinSubgridEdge = 4, ncells = 324896
RebuildHierarchy[2]: Flagged 408/1533 grids. 25603 flagged cells
LoadBalance: Number of grids moved = 462 out of 473 (0.000391174 seconds elapsed)
DetermineSGSize: MaxSubgridSize = 2000, MinSubgridEdge = 4, ncells = 70128
RebuildHierarchy[3]: Flagged 142/473 grids. 6926 flagged cells
LoadBalance: Number of grids moved = 143 out of 144 (5.89117e-05 seconds elapsed)
DetermineSGSize: MaxSubgridSize = 2000, MinSubgridEdge = 4, ncells = 51968
RebuildHierarchy[4]: Flagged 92/144 grids. 5486 flagged cells
LoadBalance: Number of grids moved = 96 out of 96 (0.00351454 seconds elapsed)
DetermineSGSize: MaxSubgridSize = 2000, MinSubgridEdge = 4, ncells = 51968
RebuildHierarchy[5]: Flagged 0/96 grids. 0 flagged cells
Level[1]: dt = 0.0292293  0.0292293 (0.0580833/0.0637009)
Level[2]: dt = 0.014382  0.014382 (0.014382/0.0292293)
Level[3]: dt = 0.00654162  0.00654162 (0.00654162/0.014382)
Level[4]: dt = 0.00302773  0.00302773 (0.00302773/0.00654162)
Level[5]: dt = 0.00144642  0.00144642 (0.00144642/0.00302773)
RebuildHierarchy: level = 5
TransferSubgridParticles[5]: Moved 1 particles, 0 stars, 0 active particles.
DetermineSGSize: MaxSubgridSize = 2000, MinSubgridEdge = 4, ncells = 52384
RebuildHierarchy[5]: Flagged 0/96 grids. 0 flagged cells
Level[5]: dt = 0.00144955  0.00144955 (0.00289596/0.00302773)
RebuildHierarchy: level = 5
TransferSubgridParticles[5]: Moved 1 particles, 0 stars, 0 active particles.
DetermineSGSize: MaxSubgridSize = 2000, MinSubgridEdge = 4, ncells = 52384
RebuildHierarchy[5]: Flagged 0/96 grids. 0 flagged cells
Level[5]: dt = 0.000131765  0.00145326 (0.00302773/0.00302773)
EvolveLevel[5]: NumberOfSubCycles = 3 (718 total, 3 sub)
RebuildHierarchy: level = 4
TransferSubgridParticles[4]: Moved 3 particles, 0 stars, 0 active particles.
DetermineSGSize: MaxSubgridSize = 2000, MinSubgridEdge = 4, ncells = 52384
RebuildHierarchy[4]: Flagged 92/144 grids. 5490 flagged cells
LoadBalance: Number of grids moved = 96 out of 96 (0.00282343 seconds elapsed)
DetermineSGSize: MaxSubgridSize = 2000, MinSubgridEdge = 4, ncells = 52384
RebuildHierarchy[5]: Flagged 0/96 grids. 0 flagged cells
Level[4]: dt = 0.00303546  0.00303546 (0.00606319/0.00654162)
Level[5]: dt = 0.00145363  0.00145363 (0.00145363/0.00303546)
RebuildHierarchy: level = 5
TransferSubgridParticles[5]: Moved 0 particles, 0 stars, 0 active particles.
DetermineSGSize: MaxSubgridSize = 2000, MinSubgridEdge = 4, ncells = 52408
RebuildHierarchy[5]: Flagged 0/96 grids. 0 flagged cells
Level[5]: dt = 0.00145809  0.00145809 (0.00291173/0.00303546)
RebuildHierarchy: level = 5
TransferSubgridParticles[5]: Moved 1 particles, 0 stars, 0 active particles.
DetermineSGSize: MaxSubgridSize = 2000, MinSubgridEdge = 4, ncells = 52408
RebuildHierarchy[5]: Flagged 0/96 grids. 0 flagged cells
Level[5]: dt = 0.000123734  0.00146305 (0.00303546/0.00303546)
EvolveLevel[5]: NumberOfSubCycles = 3 (721 total, 3 sub)
Level[4]: dt = 0.000478435  0.00305074 (0.00654162/0.00654162)
Level[5]: dt = 0.000478435  0.0014635 (0.000478435/0.000478435)
EvolveLevel[5]: NumberOfSubCycles = 1 (722 total, 1 sub)
EvolveLevel[4]: NumberOfSubCycles = 3 (336 total, 3 sub)
RebuildHierarchy: level = 3
TransferSubgridParticles[3]: Moved 39 particles, 0 stars, 0 active particles.
DetermineSGSize: MaxSubgridSize = 2000, MinSubgridEdge = 4, ncells = 69872
RebuildHierarchy[3]: Flagged 144/473 grids. 6974 flagged cells
LoadBalance: Number of grids moved = 145 out of 146 (5.56149e-05 seconds elapsed)
DetermineSGSize: MaxSubgridSize = 2000, MinSubgridEdge = 4, ncells = 52408
RebuildHierarchy[4]: Flagged 93/146 grids. 5504 flagged cells
LoadBalance: Number of grids moved = 97 out of 97 (0.00305664 seconds elapsed)
DetermineSGSize: MaxSubgridSize = 2000, MinSubgridEdge = 4, ncells = 52408
RebuildHierarchy[5]: Flagged 0/97 grids. 0 flagged cells
Level[3]: dt = 0.00656234  0.00656234 (0.013104/0.014382)
Level[4]: dt = 0.00305385  0.00305385 (0.00305385/0.00656234)
Level[5]: dt = 0.00146528  0.00146528 (0.00146528/0.00305385)
RebuildHierarchy: level = 5
TransferSubgridParticles[5]: Moved 1 particles, 0 stars, 0 active particles.
DetermineSGSize: MaxSubgridSize = 2000, MinSubgridEdge = 4, ncells = 52592
RebuildHierarchy[5]: Flagged 0/97 grids. 0 flagged cells
Level[5]: dt = 0.00147114  0.00147114 (0.00293642/0.00305385)
RebuildHierarchy: level = 5
TransferSubgridParticles[5]: Moved 0 particles, 0 stars, 0 active particles.
DetermineSGSize: MaxSubgridSize = 2000, MinSubgridEdge = 4, ncells = 52592
RebuildHierarchy[5]: Flagged 0/97 grids. 0 flagged cells
Level[5]: dt = 0.000117432  0.00147771 (0.00305385/0.00305385)
EvolveLevel[5]: NumberOfSubCycles = 3 (725 total, 3 sub)
RebuildHierarchy: level = 4
TransferSubgridParticles[4]: Moved 4 particles, 0 stars, 0 active particles.
DetermineSGSize: MaxSubgridSize = 2000, MinSubgridEdge = 4, ncells = 52592
RebuildHierarchy[4]: Flagged 93/146 grids. 5489 flagged cells
LoadBalance: Number of grids moved = 97 out of 97 (0.00355622 seconds elapsed)
DetermineSGSize: MaxSubgridSize = 2000, MinSubgridEdge = 4, ncells = 52592
RebuildHierarchy[5]: Flagged 0/97 grids. 0 flagged cells
Level[4]: dt = 0.00307772  0.00307772 (0.00613157/0.00656234)
Level[5]: dt = 0.00147826  0.00147826 (0.00147826/0.00307772)
RebuildHierarchy: level = 5
TransferSubgridParticles[5]: Moved 0 particles, 0 stars, 0 active particles.
DetermineSGSize: MaxSubgridSize = 2000, MinSubgridEdge = 4, ncells = 52376
RebuildHierarchy[5]: Flagged 0/97 grids. 0 flagged cells
Level[5]: dt = 0.00148533  0.00148533 (0.00296358/0.00307772)
RebuildHierarchy: level = 5
TransferSubgridParticles[5]: Moved 1 particles, 0 stars, 0 active particles.
DetermineSGSize: MaxSubgridSize = 2000, MinSubgridEdge = 4, ncells = 52376
RebuildHierarchy[5]: Flagged 0/97 grids. 0 flagged cells
Level[5]: dt = 0.000114141  0.00148949 (0.00307772/0.00307772)
EvolveLevel[5]: NumberOfSubCycles = 3 (728 total, 3 sub)
Level[4]: dt = 0.000430766  0.00310774 (0.00656234/0.00656234)
Level[5]: dt = 0.000430766  0.0014897 (0.000430766/0.000430766)
EvolveLevel[5]: NumberOfSubCycles = 1 (729 total, 1 sub)
EvolveLevel[4]: NumberOfSubCycles = 3 (339 total, 3 sub)
Level[3]: dt = 0.001278  0.00657996 (0.014382/0.014382)
Level[4]: dt = 0.001278  0.00311233 (0.001278/0.001278)
Level[5]: dt = 0.001278  0.00149051 (0.001278/0.001278)
EvolveLevel[5]: NumberOfSubCycles = 1 (730 total, 1 sub)
EvolveLevel[4]: NumberOfSubCycles = 1 (340 total, 1 sub)
EvolveLevel[3]: NumberOfSubCycles = 3 (157 total, 3 sub)
RebuildHierarchy: level = 2
TransferSubgridParticles[2]: Moved 244 particles, 0 stars, 0 active particles.
DetermineSGSize: MaxSubgridSize = 2000, MinSubgridEdge = 4, ncells = 323376
RebuildHierarchy[2]: Flagged 408/1533 grids. 25695 flagged cells
LoadBalance: Number of grids moved = 466 out of 476 (0.000399359 seconds elapsed)
DetermineSGSize: MaxSubgridSize = 2000, MinSubgridEdge = 4, ncells = 70248
RebuildHierarchy[3]: Flagged 144/476 grids. 6981 flagged cells
LoadBalance: Number of grids moved = 144 out of 146 (5.56298e-05 seconds elapsed)
DetermineSGSize: MaxSubgridSize = 2000, MinSubgridEdge = 4, ncells = 52376
RebuildHierarchy[4]: Flagged 93/146 grids. 5523 flagged cells
LoadBalance: Number of grids moved = 97 out of 97 (0.00316723 seconds elapsed)
DetermineSGSize: MaxSubgridSize = 2000, MinSubgridEdge = 4, ncells = 52376
RebuildHierarchy[5]: Flagged 0/97 grids. 0 flagged cells
Level[2]: dt = 0.0148473  0.0143371 (0.0292293/0.0292293)
Level[3]: dt = 0.00658315  0.00658315 (0.00658315/0.0148473)
Level[4]: dt = 0.00312655  0.00312655 (0.00312655/0.00658315)
Level[5]: dt = 0.00149103  0.00149103 (0.00149103/0.00312655)
RebuildHierarchy: level = 5
TransferSubgridParticles[5]: Moved 1 particles, 0 stars, 0 active particles.
DetermineSGSize: MaxSubgridSize = 2000, MinSubgridEdge = 4, ncells = 52736
RebuildHierarchy[5]: Flagged 0/97 grids. 0 flagged cells
Level[5]: dt = 0.00149106  0.00149106 (0.00298209/0.00312655)
RebuildHierarchy: level = 5
TransferSubgridParticles[5]: Moved 2 particles, 0 stars, 0 active particles.
DetermineSGSize: MaxSubgridSize = 2000, MinSubgridEdge = 4, ncells = 52736
RebuildHierarchy[5]: Flagged 0/97 grids. 0 flagged cells
Level[5]: dt = 0.000144461  0.00148903 (0.00312655/0.00312655)
EvolveLevel[5]: NumberOfSubCycles = 3 (733 total, 3 sub)
RebuildHierarchy: level = 4
TransferSubgridParticles[4]: Moved 4 particles, 0 stars, 0 active particles.
DetermineSGSize: MaxSubgridSize = 2000, MinSubgridEdge = 4, ncells = 52736
RebuildHierarchy[4]: Flagged 94/146 grids. 5530 flagged cells
LoadBalance: Number of grids moved = 98 out of 98 (0.00272822 seconds elapsed)
DetermineSGSize: MaxSubgridSize = 2000, MinSubgridEdge = 4, ncells = 52736
RebuildHierarchy[5]: Flagged 0/98 grids. 0 flagged cells
Level[4]: dt = 0.00316357  0.00316357 (0.00629011/0.00658315)
Level[5]: dt = 0.00148873  0.00148873 (0.00148873/0.00316357)
RebuildHierarchy: level = 5
TransferSubgridParticles[5]: Moved 0 particles, 0 stars, 0 active particles.
DetermineSGSize: MaxSubgridSize = 2000, MinSubgridEdge = 4, ncells = 52704
RebuildHierarchy[5]: Flagged 0/98 grids. 0 flagged cells
Level[5]: dt = 0.00148599  0.00148599 (0.00297472/0.00316357)
RebuildHierarchy: level = 5
TransferSubgridParticles[5]: Moved 2 particles, 0 stars, 0 active particles.
DetermineSGSize: MaxSubgridSize = 2000, MinSubgridEdge = 4, ncells = 52704
RebuildHierarchy[5]: Flagged 0/98 grids. 0 flagged cells
Level[5]: dt = 0.000188846  0.0014837 (0.00316357/0.00316357)
EvolveLevel[5]: NumberOfSubCycles = 3 (736 total, 3 sub)
Level[4]: dt = 0.000293034  0.00319598 (0.00658315/0.00658315)
Level[5]: dt = 0.000293034  0.00148345 (0.000293034/0.000293034)
EvolveLevel[5]: NumberOfSubCycles = 1 (737 total, 1 sub)
EvolveLevel[4]: NumberOfSubCycles = 3 (343 total, 3 sub)
RebuildHierarchy: level = 3
TransferSubgridParticles[3]: Moved 41 particles, 0 stars, 0 active particles.
DetermineSGSize: MaxSubgridSize = 2000, MinSubgridEdge = 4, ncells = 70296
RebuildHierarchy[3]: Flagged 149/476 grids. 7119 flagged cells
LoadBalance: Number of grids moved = 150 out of 152 (5.87441e-05 seconds elapsed)
DetermineSGSize: MaxSubgridSize = 2000, MinSubgridEdge = 4, ncells = 52704
RebuildHierarchy[4]: Flagged 94/152 grids. 5501 flagged cells
LoadBalance: Number of grids moved = 98 out of 98 (0.00302759 seconds elapsed)
DetermineSGSize: MaxSubgridSize = 2000, MinSubgridEdge = 4, ncells = 52704
RebuildHierarchy[5]: Flagged 0/98 grids. 0 flagged cells
Level[3]: dt = 0.00659869  0.00659869 (0.0131818/0.0148473)
Level[4]: dt = 0.00319677  0.00319677 (0.00319677/0.00659869)
Level[5]: dt = 0.00148307  0.00148307 (0.00148307/0.00319677)
RebuildHierarchy: level = 5
TransferSubgridParticles[5]: Moved 1 particles, 0 stars, 0 active particles.
DetermineSGSize: MaxSubgridSize = 2000, MinSubgridEdge = 4, ncells = 52448
RebuildHierarchy[5]: Flagged 0/98 grids. 0 flagged cells
Level[5]: dt = 0.0014815  0.0014815 (0.00296456/0.00319677)
RebuildHierarchy: level = 5
TransferSubgridParticles[5]: Moved 1 particles, 0 stars, 0 active particles.
DetermineSGSize: MaxSubgridSize = 2000, MinSubgridEdge = 4, ncells = 52448
RebuildHierarchy[5]: Flagged 0/98 grids. 0 flagged cells
Level[5]: dt = 0.000232207  0.00148051 (0.00319677/0.00319677)
EvolveLevel[5]: NumberOfSubCycles = 3 (740 total, 3 sub)
RebuildHierarchy: level = 4
TransferSubgridParticles[4]: Moved 2 particles, 0 stars, 0 active particles.
DetermineSGSize: MaxSubgridSize = 2000, MinSubgridEdge = 4, ncells = 52448
RebuildHierarchy[4]: Flagged 94/152 grids. 5528 flagged cells
LoadBalance: Number of grids moved = 98 out of 98 (0.00317072 seconds elapsed)
DetermineSGSize: MaxSubgridSize = 2000, MinSubgridEdge = 4, ncells = 52448
RebuildHierarchy[5]: Flagged 0/98 grids. 0 flagged cells
Level[4]: dt = 0.00320509  0.00320509 (0.00640186/0.00659869)
Level[5]: dt = 0.00148038  0.00148038 (0.00148038/0.00320509)
RebuildHierarchy: level = 5
TransferSubgridParticles[5]: Moved 1 particles, 0 stars, 0 active particles.
DetermineSGSize: MaxSubgridSize = 2000, MinSubgridEdge = 4, ncells = 52632
RebuildHierarchy[5]: Flagged 0/98 grids. 0 flagged cells
Level[5]: dt = 0.00147989  0.00147989 (0.00296027/0.00320509)
RebuildHierarchy: level = 5
TransferSubgridParticles[5]: Moved 3 particles, 0 stars, 0 active particles.
DetermineSGSize: MaxSubgridSize = 2000, MinSubgridEdge = 4, ncells = 52632
RebuildHierarchy[5]: Flagged 0/98 grids. 0 flagged cells
Level[5]: dt = 0.000244817  0.00148 (0.00320509/0.00320509)
EvolveLevel[5]: NumberOfSubCycles = 3 (743 total, 3 sub)
Level[4]: dt = 0.000196828  0.00319986 (0.00659869/0.00659869)
Level[5]: dt = 0.000196828  0.00148002 (0.000196828/0.000196828)
EvolveLevel[5]: NumberOfSubCycles = 1 (744 total, 1 sub)
EvolveLevel[4]: NumberOfSubCycles = 3 (346 total, 3 sub)
Level[3]: dt = 0.00166551  0.00661333 (0.0148473/0.0148473)
Level[4]: dt = 0.00166551  0.00319954 (0.00166551/0.00166551)
Level[5]: dt = 0.00148005  0.00148005 (0.00148005/0.00166551)
RebuildHierarchy: level = 5
TransferSubgridParticles[5]: Moved 1 particles, 0 stars, 0 active particles.
DetermineSGSize: MaxSubgridSize = 2000, MinSubgridEdge = 4, ncells = 52632
RebuildHierarchy[5]: Flagged 0/98 grids. 0 flagged cells
Level[5]: dt = 0.000185455  0.00148069 (0.00166551/0.00166551)
EvolveLevel[5]: NumberOfSubCycles = 2 (746 total, 2 sub)
EvolveLevel[4]: NumberOfSubCycles = 1 (347 total, 1 sub)
EvolveLevel[3]: NumberOfSubCycles = 3 (160 total, 3 sub)
EvolveLevel[2]: NumberOfSubCycles = 2 (72 total, 2 sub)
Level[1]: dt = 0.00561755  0.0293877 (0.0637009/0.0637009)
Level[2]: dt = 0.00561755  0.0142783 (0.00561755/0.00561755)
Level[3]: dt = 0.00561755  0.0066169 (0.00561755/0.00561755)
Level[4]: dt = 0.00319709  0.00319709 (0.00319709/0.00561755)
Level[5]: dt = 0.00148077  0.00148077 (0.00148077/0.00319709)
RebuildHierarchy: level = 5
TransferSubgridParticles[5]: Moved 4 particles, 0 stars, 0 active particles.
DetermineSGSize: MaxSubgridSize = 2000, MinSubgridEdge = 4, ncells = 52632
RebuildHierarchy[5]: Flagged 0/98 grids. 0 flagged cells
Level[5]: dt = 0.00148165  0.00148165 (0.00296242/0.00319709)
RebuildHierarchy: level = 5
TransferSubgridParticles[5]: Moved 1 particles, 0 stars, 0 active particles.
DetermineSGSize: MaxSubgridSize = 2000, MinSubgridEdge = 4, ncells = 52632
RebuildHierarchy[5]: Flagged 0/98 grids. 0 flagged cells
Level[5]: dt = 0.000234664  0.00148298 (0.00319709/0.00319709)
EvolveLevel[5]: NumberOfSubCycles = 3 (749 total, 3 sub)
RebuildHierarchy: level = 4
TransferSubgridParticles[4]: Moved 9 particles, 0 stars, 0 active particles.
DetermineSGSize: MaxSubgridSize = 2000, MinSubgridEdge = 4, ncells = 52632
RebuildHierarchy[4]: Flagged 96/152 grids. 5623 flagged cells
LoadBalance: Number of grids moved = 100 out of 100 (0.00316536 seconds elapsed)
DetermineSGSize: MaxSubgridSize = 2000, MinSubgridEdge = 4, ncells = 52632
RebuildHierarchy[5]: Flagged 0/100 grids. 0 flagged cells
Level[4]: dt = 0.00242046  0.00319375 (0.00561755/0.00561755)
Level[5]: dt = 0.00148318  0.00148318 (0.00148318/0.00242046)
RebuildHierarchy: level = 5
TransferSubgridParticles[5]: Moved 1 particles, 0 stars, 0 active particles.
DetermineSGSize: MaxSubgridSize = 2000, MinSubgridEdge = 4, ncells = 53200
RebuildHierarchy[5]: Flagged 0/100 grids. 0 flagged cells
Level[5]: dt = 0.000937286  0.00148463 (0.00242046/0.00242046)
EvolveLevel[5]: NumberOfSubCycles = 2 (751 total, 2 sub)
EvolveLevel[4]: NumberOfSubCycles = 2 (349 total, 2 sub)
EvolveLevel[3]: NumberOfSubCycles = 1 (161 total, 1 sub)
EvolveLevel[2]: NumberOfSubCycles = 1 (73 total, 1 sub)
EvolveLevel[1]: NumberOfSubCycles = 3 (31 total, 3 sub)
EvolveLevel[0]: NumberOfSubCycles = 1 (11 total, 11 sub)
CPUTime-output: Frac = 0.999993, Current = 169.901 (169.901), Stop = 2592000.000000, Last = 16.8819
Level[0]: dt = 0.0643831  0.0643831 (0.0643831/0.0643831)
Level[1]: dt = 0.0294084  0.0294084 (0.0294084/0.0643831)
Level[2]: dt = 0.0142588  0.0142588 (0.0142588/0.0294084)
Level[3]: dt = 0.00662848  0.00662848 (0.00662848/0.0142588)
Level[4]: dt = 0.00319247  0.00319247 (0.00319247/0.00662848)
Level[5]: dt = 0.0014857  0.0014857 (0.0014857/0.00319247)
RebuildHierarchy: level = 5
TransferSubgridParticles[5]: Moved 0 particles, 0 stars, 0 active particles.
DetermineSGSize: MaxSubgridSize = 2000, MinSubgridEdge = 4, ncells = 53200
RebuildHierarchy[5]: Flagged 0/100 grids. 0 flagged cells
Level[5]: dt = 0.00147989  0.00147989 (0.00296559/0.00319247)
RebuildHierarchy: level = 5
TransferSubgridParticles[5]: Moved 1 particles, 0 stars, 0 active particles.
DetermineSGSize: MaxSubgridSize = 2000, MinSubgridEdge = 4, ncells = 53200
RebuildHierarchy[5]: Flagged 0/100 grids. 0 flagged cells
Level[5]: dt = 0.000226878  0.00147294 (0.00319247/0.00319247)
EvolveLevel[5]: NumberOfSubCycles = 3 (754 total, 3 sub)
RebuildHierarchy: level = 4
TransferSubgridParticles[4]: Moved 8 particles, 0 stars, 0 active particles.
DetermineSGSize: MaxSubgridSize = 2000, MinSubgridEdge = 4, ncells = 53200
RebuildHierarchy[4]: Flagged 95/152 grids. 5588 flagged cells
LoadBalance: Number of grids moved = 99 out of 99 (0.0034092 seconds elapsed)
DetermineSGSize: MaxSubgridSize = 2000, MinSubgridEdge = 4, ncells = 53200
RebuildHierarchy[5]: Flagged 0/99 grids. 0 flagged cells
Level[4]: dt = 0.00319229  0.00319229 (0.00638476/0.00662848)
Level[5]: dt = 0.00147199  0.00147199 (0.00147199/0.00319229)
RebuildHierarchy: level = 5
TransferSubgridParticles[5]: Moved 3 particles, 0 stars, 0 active particles.
DetermineSGSize: MaxSubgridSize = 2000, MinSubgridEdge = 4, ncells = 52896
RebuildHierarchy[5]: Flagged 0/99 grids. 0 flagged cells
Level[5]: dt = 0.00146614  0.00146614 (0.00293813/0.00319229)
RebuildHierarchy: level = 5
TransferSubgridParticles[5]: Moved 0 particles, 0 stars, 0 active particles.
DetermineSGSize: MaxSubgridSize = 2000, MinSubgridEdge = 4, ncells = 52896
RebuildHierarchy[5]: Flagged 0/99 grids. 0 flagged cells
Level[5]: dt = 0.00025416  0.00146091 (0.00319229/0.00319229)
EvolveLevel[5]: NumberOfSubCycles = 3 (757 total, 3 sub)
Level[4]: dt = 0.000243722  0.00319385 (0.00662848/0.00662848)
Level[5]: dt = 0.000243722  0.00146012 (0.000243722/0.000243722)
EvolveLevel[5]: NumberOfSubCycles = 1 (758 total, 1 sub)
EvolveLevel[4]: NumberOfSubCycles = 3 (352 total, 3 sub)
RebuildHierarchy: level = 3
TransferSubgridParticles[3]: Moved 101 particles, 0 stars, 0 active particles.
DetermineSGSize: MaxSubgridSize = 2000, MinSubgridEdge = 4, ncells = 71624
RebuildHierarchy[3]: Flagged 153/476 grids. 7160 flagged cells
LoadBalance: Number of grids moved = 154 out of 156 (6.31101e-05 seconds elapsed)
DetermineSGSize: MaxSubgridSize = 2000, MinSubgridEdge = 4, ncells = 52896
RebuildHierarchy[4]: Flagged 95/156 grids. 5562 flagged cells
LoadBalance: Number of grids moved = 99 out of 99 (0.00338472 seconds elapsed)
DetermineSGSize: MaxSubgridSize = 2000, MinSubgridEdge = 4, ncells = 52896
RebuildHierarchy[5]: Flagged 0/99 grids. 0 flagged cells
Level[3]: dt = 0.00664135  0.00664135 (0.0132698/0.0142588)
Level[4]: dt = 0.00319403  0.00319403 (0.00319403/0.00664135)
Level[5]: dt = 0.00145939  0.00145939 (0.00145939/0.00319403)
RebuildHierarchy: level = 5
TransferSubgridParticles[5]: Moved 1 particles, 0 stars, 0 active particles.
DetermineSGSize: MaxSubgridSize = 2000, MinSubgridEdge = 4, ncells = 52784
RebuildHierarchy[5]: Flagged 0/99 grids. 0 flagged cells
Level[5]: dt = 0.00145528  0.00145528 (0.00291467/0.00319403)
RebuildHierarchy: level = 5
TransferSubgridParticles[5]: Moved 3 particles, 0 stars, 0 active particles.
DetermineSGSize: MaxSubgridSize = 2000, MinSubgridEdge = 4, ncells = 52784
RebuildHierarchy[5]: Flagged 0/99 grids. 0 flagged cells
Level[5]: dt = 0.000279358  0.00145205 (0.00319403/0.00319403)
EvolveLevel[5]: NumberOfSubCycles = 3 (761 total, 3 sub)
RebuildHierarchy: level = 4
TransferSubgridParticles[4]: Moved 6 particles, 0 stars, 0 active particles.
DetermineSGSize: MaxSubgridSize = 2000, MinSubgridEdge = 4, ncells = 52784
RebuildHierarchy[4]: Flagged 95/156 grids. 5551 flagged cells
LoadBalance: Number of grids moved = 99 out of 99 (0.00322367 seconds elapsed)
DetermineSGSize: MaxSubgridSize = 2000, MinSubgridEdge = 4, ncells = 52784
RebuildHierarchy[5]: Flagged 0/99 grids. 0 flagged cells
Level[4]: dt = 0.00319369  0.00319369 (0.00638772/0.00664135)
Level[5]: dt = 0.00145153  0.00145153 (0.00145153/0.00319369)
RebuildHierarchy: level = 5
TransferSubgridParticles[5]: Moved 2 particles, 0 stars, 0 active particles.
DetermineSGSize: MaxSubgridSize = 2000, MinSubgridEdge = 4, ncells = 52784
RebuildHierarchy[5]: Flagged 0/99 grids. 0 flagged cells
Level[5]: dt = 0.00144915  0.00144915 (0.00290068/0.00319369)
RebuildHierarchy: level = 5
TransferSubgridParticles[5]: Moved 0 particles, 0 stars, 0 active particles.
DetermineSGSize: MaxSubgridSize = 2000, MinSubgridEdge = 4, ncells = 52784
RebuildHierarchy[5]: Flagged 0/99 grids. 0 flagged cells
Level[5]: dt = 0.000293007  0.0014476 (0.00319369/0.00319369)
EvolveLevel[5]: NumberOfSubCycles = 3 (764 total, 3 sub)
Level[4]: dt = 0.000253631  0.0031702 (0.00664135/0.00664135)
Level[5]: dt = 0.000253631  0.00144735 (0.000253631/0.000253631)
EvolveLevel[5]: NumberOfSubCycles = 1 (765 total, 1 sub)
EvolveLevel[4]: NumberOfSubCycles = 3 (355 total, 3 sub)
Level[3]: dt = 0.000988981  0.00665314 (0.0142588/0.0142588)
Level[4]: dt = 0.000988981  0.00316884 (0.000988981/0.000988981)
Level[5]: dt = 0.000988981  0.00144715 (0.000988981/0.000988981)
EvolveLevel[5]: NumberOfSubCycles = 1 (766 total, 1 sub)
EvolveLevel[4]: NumberOfSubCycles = 1 (356 total, 1 sub)
EvolveLevel[3]: NumberOfSubCycles = 3 (164 total, 3 sub)
RebuildHierarchy: level = 2
TransferSubgridParticles[2]: Moved 616 particles, 0 stars, 0 active particles.
DetermineSGSize: MaxSubgridSize = 2000, MinSubgridEdge = 4, ncells = 323872
RebuildHierarchy[2]: Flagged 406/1533 grids. 25845 flagged cells
LoadBalance: Number of grids moved = 466 out of 479 (0.000407118 seconds elapsed)
DetermineSGSize: MaxSubgridSize = 2000, MinSubgridEdge = 4, ncells = 71744
RebuildHierarchy[3]: Flagged 156/479 grids. 7252 flagged cells
LoadBalance: Number of grids moved = 157 out of 159 (6.13704e-05 seconds elapsed)
DetermineSGSize: MaxSubgridSize = 2000, MinSubgridEdge = 4, ncells = 52784
RebuildHierarchy[4]: Flagged 95/159 grids. 5551 flagged cells
LoadBalance: Number of grids moved = 99 out of 99 (0.00320404 seconds elapsed)
DetermineSGSize: MaxSubgridSize = 2000, MinSubgridEdge = 4, ncells = 52784
RebuildHierarchy[5]: Flagged 0/99 grids. 0 flagged cells
Level[2]: dt = 0.0142157  0.0142157 (0.0284745/0.0294084)
Level[3]: dt = 0.00665475  0.00665475 (0.00665475/0.0142157)
Level[4]: dt = 0.0031643  0.0031643 (0.0031643/0.00665475)
Level[5]: dt = 0.0014466  0.0014466 (0.0014466/0.0031643)
RebuildHierarchy: level = 5
TransferSubgridParticles[5]: Moved 0 particles, 0 stars, 0 active particles.
DetermineSGSize: MaxSubgridSize = 2000, MinSubgridEdge = 4, ncells = 52576
RebuildHierarchy[5]: Flagged 0/99 grids. 0 flagged cells
Level[5]: dt = 0.00144638  0.00144638 (0.00289298/0.0031643)
RebuildHierarchy: level = 5
TransferSubgridParticles[5]: Moved 1 particles, 0 stars, 0 active particles.
DetermineSGSize: MaxSubgridSize = 2000, MinSubgridEdge = 4, ncells = 52576
RebuildHierarchy[5]: Flagged 0/99 grids. 0 flagged cells
Level[5]: dt = 0.000271317  0.0014467 (0.0031643/0.0031643)
EvolveLevel[5]: NumberOfSubCycles = 3 (769 total, 3 sub)
RebuildHierarchy: level = 4
TransferSubgridParticles[4]: Moved 8 particles, 0 stars, 0 active particles.
DetermineSGSize: MaxSubgridSize = 2000, MinSubgridEdge = 4, ncells = 52576
RebuildHierarchy[4]: Flagged 95/159 grids. 5609 flagged cells
LoadBalance: Number of grids moved = 99 out of 99 (0.0032772 seconds elapsed)
DetermineSGSize: MaxSubgridSize = 2000, MinSubgridEdge = 4, ncells = 52576
RebuildHierarchy[5]: Flagged 0/99 grids. 0 flagged cells
Level[4]: dt = 0.00315838  0.00315838 (0.00632268/0.00665475)
Level[5]: dt = 0.00144682  0.00144682 (0.00144682/0.00315838)
RebuildHierarchy: level = 5
TransferSubgridParticles[5]: Moved 2 particles, 0 stars, 0 active particles.
DetermineSGSize: MaxSubgridSize = 2000, MinSubgridEdge = 4, ncells = 53008
RebuildHierarchy[5]: Flagged 0/99 grids. 0 flagged cells
Level[5]: dt = 0.00144789  0.00144789 (0.0028947/0.00315838)
RebuildHierarchy: level = 5
TransferSubgridParticles[5]: Moved 1 particles, 0 stars, 0 active particles.
DetermineSGSize: MaxSubgridSize = 2000, MinSubgridEdge = 4, ncells = 53008
RebuildHierarchy[5]: Flagged 0/99 grids. 0 flagged cells
Level[5]: dt = 0.000263681  0.00144963 (0.00315838/0.00315838)
EvolveLevel[5]: NumberOfSubCycles = 3 (772 total, 3 sub)
Level[4]: dt = 0.000332062  0.00316171 (0.00665475/0.00665475)
Level[5]: dt = 0.000332062  0.00145 (0.000332062/0.000332062)
EvolveLevel[5]: NumberOfSubCycles = 1 (773 total, 1 sub)
EvolveLevel[4]: NumberOfSubCycles = 3 (359 total, 3 sub)
RebuildHierarchy: level = 3
TransferSubgridParticles[3]: Moved 37 particles, 0 stars, 0 active particles.
DetermineSGSize: MaxSubgridSize = 2000, MinSubgridEdge = 4, ncells = 72664
RebuildHierarchy[3]: Flagged 155/479 grids. 7192 flagged cells
LoadBalance: Number of grids moved = 156 out of 158 (6.06216e-05 seconds elapsed)
DetermineSGSize: MaxSubgridSize = 2000, MinSubgridEdge = 4, ncells = 53008
RebuildHierarchy[4]: Flagged 95/158 grids. 5623 flagged cells
LoadBalance: Number of grids moved = 99 out of 99 (0.00341504 seconds elapsed)
DetermineSGSize: MaxSubgridSize = 2000, MinSubgridEdge = 4, ncells = 53008
RebuildHierarchy[5]: Flagged 0/99 grids. 0 flagged cells
Level[3]: dt = 0.00666449  0.00666449 (0.0133192/0.0142157)
Level[4]: dt = 0.00316232  0.00316232 (0.00316232/0.00666449)
Level[5]: dt = 0.00145048  0.00145048 (0.00145048/0.00316232)
RebuildHierarchy: level = 5
TransferSubgridParticles[5]: Moved 0 particles, 0 stars, 0 active particles.
DetermineSGSize: MaxSubgridSize = 2000, MinSubgridEdge = 4, ncells = 52968
RebuildHierarchy[5]: Flagged 0/99 grids. 0 flagged cells
Level[5]: dt = 0.00144942  0.00144942 (0.0028999/0.00316232)
RebuildHierarchy: level = 5
TransferSubgridParticles[5]: Moved 1 particles, 0 stars, 0 active particles.
DetermineSGSize: MaxSubgridSize = 2000, MinSubgridEdge = 4, ncells = 52968
RebuildHierarchy[5]: Flagged 0/99 grids. 0 flagged cells
Level[5]: dt = 0.000262422  0.00144865 (0.00316232/0.00316232)
EvolveLevel[5]: NumberOfSubCycles = 3 (776 total, 3 sub)
RebuildHierarchy: level = 4
TransferSubgridParticles[4]: Moved 7 particles, 0 stars, 0 active particles.
DetermineSGSize: MaxSubgridSize = 2000, MinSubgridEdge = 4, ncells = 52968
RebuildHierarchy[4]: Flagged 95/158 grids. 5645 flagged cells
LoadBalance: Number of grids moved = 99 out of 99 (0.00321645 seconds elapsed)
DetermineSGSize: MaxSubgridSize = 2000, MinSubgridEdge = 4, ncells = 52968
RebuildHierarchy[5]: Flagged 0/99 grids. 0 flagged cells
Level[4]: dt = 0.00316926  0.00316926 (0.00633158/0.00666449)
Level[5]: dt = 0.00144854  0.00144854 (0.00144854/0.00316926)
RebuildHierarchy: level = 5
TransferSubgridParticles[5]: Moved 2 particles, 0 stars, 0 active particles.
DetermineSGSize: MaxSubgridSize = 2000, MinSubgridEdge = 4, ncells = 53216
RebuildHierarchy[5]: Flagged 0/99 grids. 0 flagged cells
Level[5]: dt = 0.00144817  0.00144817 (0.00289671/0.00316926)
RebuildHierarchy: level = 5
TransferSubgridParticles[5]: Moved 0 particles, 0 stars, 0 active particles.
DetermineSGSize: MaxSubgridSize = 2000, MinSubgridEdge = 4, ncells = 53216
RebuildHierarchy[5]: Flagged 0/99 grids. 0 flagged cells
Level[5]: dt = 0.000272543  0.00144822 (0.00316926/0.00316926)
EvolveLevel[5]: NumberOfSubCycles = 3 (779 total, 3 sub)
Level[4]: dt = 0.000332912  0.00317759 (0.00666449/0.00666449)
Level[5]: dt = 0.000332912  0.00144825 (0.000332912/0.000332912)
EvolveLevel[5]: NumberOfSubCycles = 1 (780 total, 1 sub)
EvolveLevel[4]: NumberOfSubCycles = 3 (362 total, 3 sub)
Level[3]: dt = 0.00089649  0.00667277 (0.0142157/0.0142157)
Level[4]: dt = 0.00089649  0.00317849 (0.00089649/0.00089649)
Level[5]: dt = 0.00089649  0.00144831 (0.00089649/0.00089649)
EvolveLevel[5]: NumberOfSubCycles = 1 (781 total, 1 sub)
EvolveLevel[4]: NumberOfSubCycles = 1 (363 total, 1 sub)
EvolveLevel[3]: NumberOfSubCycles = 3 (167 total, 3 sub)
Level[2]: dt = 0.000933844  0.014179 (0.0294084/0.0294084)
Level[3]: dt = 0.000933844  0.00667378 (0.000933844/0.000933844)
Level[4]: dt = 0.000933844  0.00318087 (0.000933844/0.000933844)
Level[5]: dt = 0.000933844  0.00144861 (0.000933844/0.000933844)
EvolveLevel[5]: NumberOfSubCycles = 1 (782 total, 1 sub)
EvolveLevel[4]: NumberOfSubCycles = 1 (364 total, 1 sub)
EvolveLevel[3]: NumberOfSubCycles = 1 (168 total, 1 sub)
EvolveLevel[2]: NumberOfSubCycles = 3 (76 total, 3 sub)
RebuildHierarchy: level = 1
TransferSubgridParticles[1]: Moved 11028 particles, 0 stars, 0 active particles.
DetermineSGSize: MaxSubgridSize = 2000, MinSubgridEdge = 4, ncells = 1508280
RebuildHierarchy[1]: Flagged 995/9126 grids. 103609 flagged cells
LoadBalance: Number of grids moved = 1526 out of 1550 (0.000527408 seconds elapsed)
DetermineSGSize: MaxSubgridSize = 2000, MinSubgridEdge = 4, ncells = 324400
RebuildHierarchy[2]: Flagged 406/1550 grids. 26007 flagged cells
LoadBalance: Number of grids moved = 476 out of 484 (0.000421248 seconds elapsed)
DetermineSGSize: MaxSubgridSize = 2000, MinSubgridEdge = 4, ncells = 71832
RebuildHierarchy[3]: Flagged 156/484 grids. 7237 flagged cells
LoadBalance: Number of grids moved = 159 out of 161 (6.38701e-05 seconds elapsed)
DetermineSGSize: MaxSubgridSize = 2000, MinSubgridEdge = 4, ncells = 53216
RebuildHierarchy[4]: Flagged 95/161 grids. 5664 flagged cells
LoadBalance: Number of grids moved = 99 out of 99 (0.00134442 seconds elapsed)
DetermineSGSize: MaxSubgridSize = 2000, MinSubgridEdge = 4, ncells = 53216
RebuildHierarchy[5]: Flagged 0/99 grids. 0 flagged cells
Level[1]: dt = 0.0295013  0.0295013 (0.0589097/0.0643831)
Level[2]: dt = 0.0141768  0.0141768 (0.0141768/0.0295013)
Level[3]: dt = 0.00667482  0.00667482 (0.00667482/0.0141768)
Level[4]: dt = 0.00318332  0.00318332 (0.00318332/0.00667482)
Level[5]: dt = 0.00144905  0.00144905 (0.00144905/0.00318332)
RebuildHierarchy: level = 5
TransferSubgridParticles[5]: Moved 2 particles, 0 stars, 0 active particles.
DetermineSGSize: MaxSubgridSize = 2000, MinSubgridEdge = 4, ncells = 53520
RebuildHierarchy[5]: Flagged 0/99 grids. 0 flagged cells
Level[5]: dt = 0.00145016  0.00145016 (0.00289921/0.00318332)
RebuildHierarchy: level = 5
TransferSubgridParticles[5]: Moved 0 particles, 0 stars, 0 active particles.
DetermineSGSize: MaxSubgridSize = 2000, MinSubgridEdge = 4, ncells = 53520
RebuildHierarchy[5]: Flagged 0/99 grids. 0 flagged cells
Level[5]: dt = 0.000284103  0.00145206 (0.00318332/0.00318332)
EvolveLevel[5]: NumberOfSubCycles = 3 (785 total, 3 sub)
RebuildHierarchy: level = 4
TransferSubgridParticles[4]: Moved 4 particles, 0 stars, 0 active particles.
DetermineSGSize: MaxSubgridSize = 2000, MinSubgridEdge = 4, ncells = 53520
RebuildHierarchy[4]: Flagged 95/161 grids. 5688 flagged cells
LoadBalance: Number of grids moved = 99 out of 99 (0.00142275 seconds elapsed)
DetermineSGSize: MaxSubgridSize = 2000, MinSubgridEdge = 4, ncells = 53520
RebuildHierarchy[5]: Flagged 0/99 grids. 0 flagged cells
Level[4]: dt = 0.00319122  0.00319122 (0.00637453/0.00667482)
Level[5]: dt = 0.00145253  0.00145253 (0.00145253/0.00319122)
RebuildHierarchy: level = 5
TransferSubgridParticles[5]: Moved 3 particles, 0 stars, 0 active particles.
DetermineSGSize: MaxSubgridSize = 2000, MinSubgridEdge = 4, ncells = 54112
RebuildHierarchy[5]: Flagged 0/99 grids. 0 flagged cells
Level[5]: dt = 0.0014554  0.0014554 (0.00290794/0.00319122)
RebuildHierarchy: level = 5
TransferSubgridParticles[5]: Moved 5 particles, 0 stars, 0 active particles.
DetermineSGSize: MaxSubgridSize = 2000, MinSubgridEdge = 4, ncells = 54112
RebuildHierarchy[5]: Flagged 0/99 grids. 0 flagged cells
Level[5]: dt = 0.000283282  0.00145881 (0.00319122/0.00319122)
EvolveLevel[5]: NumberOfSubCycles = 3 (788 total, 3 sub)
Level[4]: dt = 0.000300281  0.00319786 (0.00667482/0.00667482)
Level[5]: dt = 0.000300281  0.00145946 (0.000300281/0.000300281)
EvolveLevel[5]: NumberOfSubCycles = 1 (789 total, 1 sub)
EvolveLevel[4]: NumberOfSubCycles = 3 (367 total, 3 sub)
RebuildHierarchy: level = 3
TransferSubgridParticles[3]: Moved 45 particles, 0 stars, 0 active particles.
DetermineSGSize: MaxSubgridSize = 2000, MinSubgridEdge = 4, ncells = 71280
RebuildHierarchy[3]: Flagged 156/484 grids. 7227 flagged cells
LoadBalance: Number of grids moved = 159 out of 161 (6.19181e-05 seconds elapsed)
DetermineSGSize: MaxSubgridSize = 2000, MinSubgridEdge = 4, ncells = 54112
RebuildHierarchy[4]: Flagged 95/161 grids. 5705 flagged cells
LoadBalance: Number of grids moved = 99 out of 99 (0.00157959 seconds elapsed)
DetermineSGSize: MaxSubgridSize = 2000, MinSubgridEdge = 4, ncells = 54112
RebuildHierarchy[5]: Flagged 0/99 grids. 0 flagged cells
Level[3]: dt = 0.00668065  0.00668065 (0.0133555/0.0141768)
Level[4]: dt = 0.00319842  0.00319842 (0.00319842/0.00668065)
Level[5]: dt = 0.00146016  0.00146016 (0.00146016/0.00319842)
RebuildHierarchy: level = 5
TransferSubgridParticles[5]: Moved 2 particles, 0 stars, 0 active particles.
DetermineSGSize: MaxSubgridSize = 2000, MinSubgridEdge = 4, ncells = 54376
RebuildHierarchy[5]: Flagged 0/99 grids. 0 flagged cells
Level[5]: dt = 0.00146397  0.00146397 (0.00292413/0.00319842)
RebuildHierarchy: level = 5
TransferSubgridParticles[5]: Moved 0 particles, 0 stars, 0 active particles.
DetermineSGSize: MaxSubgridSize = 2000, MinSubgridEdge = 4, ncells = 54376
RebuildHierarchy[5]: Flagged 0/99 grids. 0 flagged cells
Level[5]: dt = 0.000274298  0.00146799 (0.00319842/0.00319842)
EvolveLevel[5]: NumberOfSubCycles = 3 (792 total, 3 sub)
RebuildHierarchy: level = 4
TransferSubgridParticles[4]: Moved 4 particles, 0 stars, 0 active particles.
DetermineSGSize: MaxSubgridSize = 2000, MinSubgridEdge = 4, ncells = 54376
RebuildHierarchy[4]: Flagged 95/161 grids. 5709 flagged cells
LoadBalance: Number of grids moved = 99 out of 99 (0.00134724 seconds elapsed)
DetermineSGSize: MaxSubgridSize = 2000, MinSubgridEdge = 4, ncells = 54376
RebuildHierarchy[5]: Flagged 0/99 grids. 0 flagged cells
Level[4]: dt = 0.00320232  0.00320232 (0.00640074/0.00668065)
Level[5]: dt = 0.00146875  0.00146875 (0.00146875/0.00320232)
RebuildHierarchy: level = 5
TransferSubgridParticles[5]: Moved 3 particles, 0 stars, 0 active particles.
DetermineSGSize: MaxSubgridSize = 2000, MinSubgridEdge = 4, ncells = 54384
RebuildHierarchy[5]: Flagged 0/99 grids. 0 flagged cells
Level[5]: dt = 0.00147112  0.00147112 (0.00293987/0.00320232)
RebuildHierarchy: level = 5
TransferSubgridParticles[5]: Moved 4 particles, 0 stars, 0 active particles.
DetermineSGSize: MaxSubgridSize = 2000, MinSubgridEdge = 4, ncells = 54384
RebuildHierarchy[5]: Flagged 0/99 grids. 0 flagged cells
Level[5]: dt = 0.000262447  0.00147025 (0.00320232/0.00320232)
EvolveLevel[5]: NumberOfSubCycles = 3 (795 total, 3 sub)
Level[4]: dt = 0.000279908  0.00318539 (0.00668065/0.00668065)
Level[5]: dt = 0.000279908  0.00147019 (0.000279908/0.000279908)
EvolveLevel[5]: NumberOfSubCycles = 1 (796 total, 1 sub)
EvolveLevel[4]: NumberOfSubCycles = 3 (370 total, 3 sub)
Level[3]: dt = 0.000821287  0.00668493 (0.0141768/0.0141768)
Level[4]: dt = 0.000821287  0.00318334 (0.000821287/0.000821287)
Level[5]: dt = 0.000821287  0.00147016 (0.000821287/0.000821287)
EvolveLevel[5]: NumberOfSubCycles = 1 (797 total, 1 sub)
EvolveLevel[4]: NumberOfSubCycles = 1 (371 total, 1 sub)
EvolveLevel[3]: NumberOfSubCycles = 3 (171 total, 3 sub)
RebuildHierarchy: level = 2
TransferSubgridParticles[2]: Moved 278 particles, 0 stars, 0 active particles.
DetermineSGSize: MaxSubgridSize = 2000, MinSubgridEdge = 4, ncells = 328960
RebuildHierarchy[2]: Flagged 410/1550 grids. 26292 flagged cells
LoadBalance: Number of grids moved = 481 out of 491 (0.000407726 seconds elapsed)
DetermineSGSize: MaxSubgridSize = 2000, MinSubgridEdge = 4, ncells = 71088
RebuildHierarchy[3]: Flagged 156/491 grids. 7303 flagged cells
LoadBalance: Number of grids moved = 158 out of 160 (6.37099e-05 seconds elapsed)
DetermineSGSize: MaxSubgridSize = 2000, MinSubgridEdge = 4, ncells = 54384
RebuildHierarchy[4]: Flagged 95/160 grids. 5701 flagged cells
LoadBalance: Number of grids moved = 99 out of 99 (0.00131708 seconds elapsed)
DetermineSGSize: MaxSubgridSize = 2000, MinSubgridEdge = 4, ncells = 54384
RebuildHierarchy[5]: Flagged 0/99 grids. 0 flagged cells
Level[2]: dt = 0.0141494  0.0141494 (0.0283262/0.0295013)
Level[3]: dt = 0.00668541  0.00668541 (0.00668541/0.0141494)
Level[4]: dt = 0.00317781  0.00317781 (0.00317781/0.00668541)
Level[5]: dt = 0.00147019  0.00147019 (0.00147019/0.00317781)
RebuildHierarchy: level = 5
TransferSubgridParticles[5]: Moved 1 particles, 0 stars, 0 active particles.
DetermineSGSize: MaxSubgridSize = 2000, MinSubgridEdge = 4, ncells = 54112
RebuildHierarchy[5]: Flagged 0/99 grids. 0 flagged cells
Level[5]: dt = 0.00147077  0.00147077 (0.00294095/0.00317781)
RebuildHierarchy: level = 5
TransferSubgridParticles[5]: Moved 4 particles, 0 stars, 0 active particles.
DetermineSGSize: MaxSubgridSize = 2000, MinSubgridEdge = 4, ncells = 54112
RebuildHierarchy[5]: Flagged 0/99 grids. 0 flagged cells
Level[5]: dt = 0.000236859  0.001472 (0.00317781/0.00317781)
EvolveLevel[5]: NumberOfSubCycles = 3 (800 total, 3 sub)
RebuildHierarchy: level = 4
TransferSubgridParticles[4]: Moved 4 particles, 0 stars, 0 active particles.
DetermineSGSize: MaxSubgridSize = 2000, MinSubgridEdge = 4, ncells = 54112
RebuildHierarchy[4]: Flagged 95/160 grids. 5691 flagged cells
LoadBalance: Number of grids moved = 99 out of 99 (0.00135238 seconds elapsed)
DetermineSGSize: MaxSubgridSize = 2000, MinSubgridEdge = 4, ncells = 54112
RebuildHierarchy[5]: Flagged 0/99 grids. 0 flagged cells
Level[4]: dt = 0.00315794  0.00315794 (0.00633575/0.00668541)
Level[5]: dt = 0.00147225  0.00147225 (0.00147225/0.00315794)
RebuildHierarchy: level = 5
TransferSubgridParticles[5]: Moved 0 particles, 0 stars, 0 active particles.
DetermineSGSize: MaxSubgridSize = 2000, MinSubgridEdge = 4, ncells = 53776
RebuildHierarchy[5]: Flagged 0/99 grids. 0 flagged cells
Level[5]: dt = 0.00147411  0.00147411 (0.00294636/0.00315794)
RebuildHierarchy: level = 5
TransferSubgridParticles[5]: Moved 6 particles, 0 stars, 0 active particles.
DetermineSGSize: MaxSubgridSize = 2000, MinSubgridEdge = 4, ncells = 53776
RebuildHierarchy[5]: Flagged 0/99 grids. 0 flagged cells
Level[5]: dt = 0.000211582  0.00147651 (0.00315794/0.00315794)
EvolveLevel[5]: NumberOfSubCycles = 3 (803 total, 3 sub)
Level[4]: dt = 0.000349657  0.00314234 (0.00668541/0.00668541)
Level[5]: dt = 0.000349657  0.00147688 (0.000349657/0.000349657)
EvolveLevel[5]: NumberOfSubCycles = 1 (804 total, 1 sub)
EvolveLevel[4]: NumberOfSubCycles = 3 (374 total, 3 sub)
RebuildHierarchy: level = 3
TransferSubgridParticles[3]: Moved 40 particles, 0 stars, 0 active particles.
DetermineSGSize: MaxSubgridSize = 2000, MinSubgridEdge = 4, ncells = 71512
RebuildHierarchy[3]: Flagged 157/491 grids. 7270 flagged cells
LoadBalance: Number of grids moved = 159 out of 161 (6.51926e-05 seconds elapsed)
DetermineSGSize: MaxSubgridSize = 2000, MinSubgridEdge = 4, ncells = 53776
RebuildHierarchy[4]: Flagged 96/161 grids. 5730 flagged cells
LoadBalance: Number of grids moved = 100 out of 100 (0.00156121 seconds elapsed)
DetermineSGSize: MaxSubgridSize = 2000, MinSubgridEdge = 4, ncells = 53776
RebuildHierarchy[5]: Flagged 0/100 grids. 0 flagged cells
Level[3]: dt = 0.00668954  0.00668954 (0.0133749/0.0141494)
Level[4]: dt = 0.00314088  0.00314088 (0.00314088/0.00668954)
Level[5]: dt = 0.00147752  0.00147752 (0.00147752/0.00314088)
RebuildHierarchy: level = 5
TransferSubgridParticles[5]: Moved 1 particles, 0 stars, 0 active particles.
DetermineSGSize: MaxSubgridSize = 2000, MinSubgridEdge = 4, ncells = 54216
RebuildHierarchy[5]: Flagged 0/100 grids. 0 flagged cells
Level[5]: dt = 0.00148059  0.00148059 (0.0029581/0.00314088)
RebuildHierarchy: level = 5
TransferSubgridParticles[5]: Moved 3 particles, 0 stars, 0 active particles.
DetermineSGSize: MaxSubgridSize = 2000, MinSubgridEdge = 4, ncells = 54216
RebuildHierarchy[5]: Flagged 0/100 grids. 0 flagged cells
Level[5]: dt = 0.000182776  0.00148404 (0.00314088/0.00314088)
EvolveLevel[5]: NumberOfSubCycles = 3 (807 total, 3 sub)
RebuildHierarchy: level = 4
TransferSubgridParticles[4]: Moved 3 particles, 0 stars, 0 active particles.
DetermineSGSize: MaxSubgridSize = 2000, MinSubgridEdge = 4, ncells = 54216
RebuildHierarchy[4]: Flagged 96/161 grids. 5722 flagged cells
LoadBalance: Number of grids moved = 100 out of 100 (0.00138329 seconds elapsed)
DetermineSGSize: MaxSubgridSize = 2000, MinSubgridEdge = 4, ncells = 54216
RebuildHierarchy[5]: Flagged 0/100 grids. 0 flagged cells
Level[4]: dt = 0.00312902  0.00312902 (0.0062699/0.00668954)
Level[5]: dt = 0.00148449  0.00148449 (0.00148449/0.00312902)
RebuildHierarchy: level = 5
TransferSubgridParticles[5]: Moved 5 particles, 0 stars, 0 active particles.
DetermineSGSize: MaxSubgridSize = 2000, MinSubgridEdge = 4, ncells = 54192
RebuildHierarchy[5]: Flagged 0/100 grids. 0 flagged cells
Level[5]: dt = 0.0014885  0.0014885 (0.00297299/0.00312902)
RebuildHierarchy: level = 5
TransferSubgridParticles[5]: Moved 1 particles, 0 stars, 0 active particles.
DetermineSGSize: MaxSubgridSize = 2000, MinSubgridEdge = 4, ncells = 54192
RebuildHierarchy[5]: Flagged 0/100 grids. 0 flagged cells
Level[5]: dt = 0.000156028  0.00149286 (0.00312902/0.00312902)
EvolveLevel[5]: NumberOfSubCycles = 3 (810 total, 3 sub)
Level[4]: dt = 0.000419636  0.00311989 (0.00668954/0.00668954)
Level[5]: dt = 0.000419636  0.00149334 (0.000419636/0.000419636)
EvolveLevel[5]: NumberOfSubCycles = 1 (811 total, 1 sub)
EvolveLevel[4]: NumberOfSubCycles = 3 (377 total, 3 sub)
Level[3]: dt = 0.000774465  0.006694 (0.0141494/0.0141494)
Level[4]: dt = 0.000774465  0.00311888 (0.000774465/0.000774465)
Level[5]: dt = 0.000774465  0.00149465 (0.000774465/0.000774465)
EvolveLevel[5]: NumberOfSubCycles = 1 (812 total, 1 sub)
EvolveLevel[4]: NumberOfSubCycles = 1 (378 total, 1 sub)
EvolveLevel[3]: NumberOfSubCycles = 3 (174 total, 3 sub)
Level[2]: dt = 0.00117517  0.0141227 (0.0295013/0.0295013)
Level[3]: dt = 0.00117517  0.0066945 (0.00117517/0.00117517)
Level[4]: dt = 0.00117517  0.00311715 (0.00117517/0.00117517)
Level[5]: dt = 0.00117517  0.00149714 (0.00117517/0.00117517)
EvolveLevel[5]: NumberOfSubCycles = 1 (813 total, 1 sub)
EvolveLevel[4]: NumberOfSubCycles = 1 (379 total, 1 sub)
EvolveLevel[3]: NumberOfSubCycles = 1 (175 total, 1 sub)
EvolveLevel[2]: NumberOfSubCycles = 3 (79 total, 3 sub)
Level[1]: dt = 0.00547339  0.0295947 (0.0643831/0.0643831)
Level[2]: dt = 0.00547339  0.0141207 (0.00547339/0.00547339)
Level[3]: dt = 0.00547339  0.00669523 (0.00547339/0.00547339)
Level[4]: dt = 0.00311472  0.00311472 (0.00311472/0.00547339)
Level[5]: dt = 0.00150106  0.00150106 (0.00150106/0.00311472)
RebuildHierarchy: level = 5
TransferSubgridParticles[5]: Moved 4 particles, 0 stars, 0 active particles.
DetermineSGSize: MaxSubgridSize = 2000, MinSubgridEdge = 4, ncells = 54192
RebuildHierarchy[5]: Flagged 0/100 grids. 0 flagged cells
Level[5]: dt = 0.00150609  0.00150609 (0.00300716/0.00311472)
RebuildHierarchy: level = 5
TransferSubgridParticles[5]: Moved 1 particles, 0 stars, 0 active particles.
DetermineSGSize: MaxSubgridSize = 2000, MinSubgridEdge = 4, ncells = 54192
RebuildHierarchy[5]: Flagged 0/100 grids. 0 flagged cells
Level[5]: dt = 0.000107559  0.00150518 (0.00311472/0.00311472)
EvolveLevel[5]: NumberOfSubCycles = 3 (816 total, 3 sub)
RebuildHierarchy: level = 4
TransferSubgridParticles[4]: Moved 11 particles, 0 stars, 0 active particles.
DetermineSGSize: MaxSubgridSize = 2000, MinSubgridEdge = 4, ncells = 54192
RebuildHierarchy[4]: Flagged 96/161 grids. 5720 flagged cells
LoadBalance: Number of grids moved = 100 out of 100 (0.0013661 seconds elapsed)
DetermineSGSize: MaxSubgridSize = 2000, MinSubgridEdge = 4, ncells = 54192
RebuildHierarchy[5]: Flagged 0/100 grids. 0 flagged cells
Level[4]: dt = 0.00235868  0.00310966 (0.00547339/0.00547339)
Level[5]: dt = 0.00150511  0.00150511 (0.00150511/0.00235868)
RebuildHierarchy: level = 5
TransferSubgridParticles[5]: Moved 2 particles, 0 stars, 0 active particles.
DetermineSGSize: MaxSubgridSize = 2000, MinSubgridEdge = 4, ncells = 54328
RebuildHierarchy[5]: Flagged 0/100 grids. 0 flagged cells
Level[5]: dt = 0.000853566  0.00150429 (0.00235868/0.00235868)
EvolveLevel[5]: NumberOfSubCycles = 2 (818 total, 2 sub)
EvolveLevel[4]: NumberOfSubCycles = 2 (381 total, 2 sub)
EvolveLevel[3]: NumberOfSubCycles = 1 (176 total, 1 sub)
EvolveLevel[2]: NumberOfSubCycles = 1 (80 total, 1 sub)
EvolveLevel[1]: NumberOfSubCycles = 3 (34 total, 3 sub)
EvolveLevel[0]: NumberOfSubCycles = 1 (12 total, 12 sub)
RebuildHierarchy: level = 0
CommunicationTransferParticles: moved = 337316
CommunicationTransferStars: moved = 0
CommunicationTransferActiveParticles: moved = 0
DetermineSGSize: MaxSubgridSize = 3009, MinSubgridEdge = 4, ncells = 13484528
RebuildHierarchy[0]: Flagged 765/1120 grids. 844701 flagged cells
LoadBalance: Number of grids moved = 9153 out of 9251 (0.342265 seconds elapsed)
DetermineSGSize: MaxSubgridSize = 2000, MinSubgridEdge = 4, ncells = 1524224
RebuildHierarchy[1]: Flagged 1016/9251 grids. 103731 flagged cells
LoadBalance: Number of grids moved = 1546 out of 1568 (0.000706088 seconds elapsed)
DetermineSGSize: MaxSubgridSize = 2000, MinSubgridEdge = 4, ncells = 330080
RebuildHierarchy[2]: Flagged 419/1568 grids. 26362 flagged cells
LoadBalance: Number of grids moved = 479 out of 492 (0.000410777 seconds elapsed)
DetermineSGSize: MaxSubgridSize = 2000, MinSubgridEdge = 4, ncells = 70976
RebuildHierarchy[3]: Flagged 154/492 grids. 7264 flagged cells
LoadBalance: Number of grids moved = 157 out of 158 (6.07856e-05 seconds elapsed)
DetermineSGSize: MaxSubgridSize = 2000, MinSubgridEdge = 4, ncells = 54328
RebuildHierarchy[4]: Flagged 95/158 grids. 5721 flagged cells
LoadBalance: Number of grids moved = 99 out of 99 (0.00324056 seconds elapsed)
DetermineSGSize: MaxSubgridSize = 2000, MinSubgridEdge = 4, ncells = 54328
RebuildHierarchy[5]: Flagged 0/99 grids. 0 flagged cells
CPUTime-output: Frac = 0.999994, Current = 186.341 (184.908), Stop = 2592000.000000, Last = 15.007
Level[0]: dt = 0.064456  0.064456 (0.064456/0.064456)
PrepareGreens: Start = 0 52 0  Dim = 32 50 36
PrepareGreens: Start = 0 0 36  Dim = 32 52 38
PrepareGreens: Start = 0 52 36  Dim = 32 50 38
PrepareGreens: Start = 0 0 0  Dim = 32 52 36
Level[1]: dt = 0.0296129  0.0296129 (0.0296129/0.064456)
Level[2]: dt = 0.014112  0.014112 (0.014112/0.0296129)
Level[3]: dt = 0.00669867  0.00669867 (0.00669867/0.014112)
Level[4]: dt = 0.00310708  0.00310708 (0.00310708/0.00669867)
Level[5]: dt = 0.00150382  0.00150382 (0.00150382/0.00310708)
RebuildHierarchy: level = 5
TransferSubgridParticles[5]: Moved 88 particles, 0 stars, 0 active particles.
DetermineSGSize: MaxSubgridSize = 2000, MinSubgridEdge = 4, ncells = 54576
RebuildHierarchy[5]: Flagged 0/99 grids. 0 flagged cells
Level[5]: dt = 0.00150331  0.00150331 (0.00300713/0.00310708)
RebuildHierarchy: level = 5
TransferSubgridParticles[5]: Moved 0 particles, 0 stars, 0 active particles.
DetermineSGSize: MaxSubgridSize = 2000, MinSubgridEdge = 4, ncells = 54576
RebuildHierarchy[5]: Flagged 0/99 grids. 0 flagged cells
Level[5]: dt = 9.99444e-05  0.00150326 (0.00310708/0.00310708)
EvolveLevel[5]: NumberOfSubCycles = 3 (821 total, 3 sub)
RebuildHierarchy: level = 4
TransferSubgridParticles[4]: Moved 151 particles, 0 stars, 0 active particles.
DetermineSGSize: MaxSubgridSize = 2000, MinSubgridEdge = 4, ncells = 54576
RebuildHierarchy[4]: Flagged 96/158 grids. 5747 flagged cells
LoadBalance: Number of grids moved = 100 out of 100 (0.00372653 seconds elapsed)
DetermineSGSize: MaxSubgridSize = 2000, MinSubgridEdge = 4, ncells = 54576
RebuildHierarchy[5]: Flagged 0/100 grids. 0 flagged cells
Level[4]: dt = 0.00310528  0.00310528 (0.00621236/0.00669867)
Level[5]: dt = 0.00150327  0.00150327 (0.00150327/0.00310528)
RebuildHierarchy: level = 5
TransferSubgridParticles[5]: Moved 3 particles, 0 stars, 0 active particles.
DetermineSGSize: MaxSubgridSize = 2000, MinSubgridEdge = 4, ncells = 54632
RebuildHierarchy[5]: Flagged 0/100 grids. 0 flagged cells
Level[5]: dt = 0.00150355  0.00150355 (0.00300683/0.00310528)
RebuildHierarchy: level = 5
TransferSubgridParticles[5]: Moved 1 particles, 0 stars, 0 active particles.
DetermineSGSize: MaxSubgridSize = 2000, MinSubgridEdge = 4, ncells = 54632
RebuildHierarchy[5]: Flagged 0/100 grids. 0 flagged cells
Level[5]: dt = 9.84594e-05  0.00150382 (0.00310528/0.00310528)
EvolveLevel[5]: NumberOfSubCycles = 3 (824 total, 3 sub)
Level[4]: dt = 0.000486308  0.00310556 (0.00669867/0.00669867)
Level[5]: dt = 0.000486308  0.00150382 (0.000486308/0.000486308)
EvolveLevel[5]: NumberOfSubCycles = 1 (825 total, 1 sub)
EvolveLevel[4]: NumberOfSubCycles = 3 (384 total, 3 sub)
RebuildHierarchy: level = 3
TransferSubgridParticles[3]: Moved 1086 particles, 0 stars, 0 active particles.
DetermineSGSize: MaxSubgridSize = 2000, MinSubgridEdge = 4, ncells = 72096
RebuildHierarchy[3]: Flagged 158/492 grids. 7323 flagged cells
LoadBalance: Number of grids moved = 160 out of 161 (6.00591e-05 seconds elapsed)
DetermineSGSize: MaxSubgridSize = 2000, MinSubgridEdge = 4, ncells = 54632
RebuildHierarchy[4]: Flagged 95/161 grids. 5754 flagged cells
LoadBalance: Number of grids moved = 100 out of 100 (0.00354135 seconds elapsed)
DetermineSGSize: MaxSubgridSize = 2000, MinSubgridEdge = 4, ncells = 54632
RebuildHierarchy[5]: Flagged 0/100 grids. 0 flagged cells
Level[3]: dt = 0.00670305  0.00670305 (0.0134017/0.014112)
Level[4]: dt = 0.00310574  0.00310574 (0.00310574/0.00670305)
Level[5]: dt = 0.00150385  0.00150385 (0.00150385/0.00310574)
RebuildHierarchy: level = 5
TransferSubgridParticles[5]: Moved 1 particles, 0 stars, 0 active particles.
DetermineSGSize: MaxSubgridSize = 2000, MinSubgridEdge = 4, ncells = 54728
RebuildHierarchy[5]: Flagged 0/100 grids. 0 flagged cells
Level[5]: dt = 0.00150394  0.00150394 (0.00300779/0.00310574)
RebuildHierarchy: level = 5
TransferSubgridParticles[5]: Moved 0 particles, 0 stars, 0 active particles.
DetermineSGSize: MaxSubgridSize = 2000, MinSubgridEdge = 4, ncells = 54728
RebuildHierarchy[5]: Flagged 0/100 grids. 0 flagged cells
Level[5]: dt = 9.79463e-05  0.00150392 (0.00310574/0.00310574)
EvolveLevel[5]: NumberOfSubCycles = 3 (828 total, 3 sub)
RebuildHierarchy: level = 4
TransferSubgridParticles[4]: Moved 2 particles, 0 stars, 0 active particles.
DetermineSGSize: MaxSubgridSize = 2000, MinSubgridEdge = 4, ncells = 54728
RebuildHierarchy[4]: Flagged 95/161 grids. 5759 flagged cells
LoadBalance: Number of grids moved = 99 out of 99 (0.00364952 seconds elapsed)
DetermineSGSize: MaxSubgridSize = 2000, MinSubgridEdge = 4, ncells = 54728
RebuildHierarchy[5]: Flagged 0/99 grids. 0 flagged cells
Level[4]: dt = 0.00310769  0.00310769 (0.00621343/0.00670305)
Level[5]: dt = 0.00150391  0.00150391 (0.00150391/0.00310769)
RebuildHierarchy: level = 5
TransferSubgridParticles[5]: Moved 0 particles, 0 stars, 0 active particles.
DetermineSGSize: MaxSubgridSize = 2000, MinSubgridEdge = 4, ncells = 55840
RebuildHierarchy[5]: Flagged 0/99 grids. 0 flagged cells
Level[5]: dt = 0.0015021  0.0015021 (0.00300601/0.00310769)
RebuildHierarchy: level = 5
TransferSubgridParticles[5]: Moved 0 particles, 0 stars, 0 active particles.
DetermineSGSize: MaxSubgridSize = 2000, MinSubgridEdge = 4, ncells = 55840
RebuildHierarchy[5]: Flagged 0/99 grids. 0 flagged cells
Level[5]: dt = 0.000101679  0.00149965 (0.00310769/0.00310769)
EvolveLevel[5]: NumberOfSubCycles = 3 (831 total, 3 sub)
Level[4]: dt = 0.000489619  0.00311121 (0.00670305/0.00670305)
Level[5]: dt = 0.000489619  0.00149952 (0.000489619/0.000489619)
EvolveLevel[5]: NumberOfSubCycles = 1 (832 total, 1 sub)
EvolveLevel[4]: NumberOfSubCycles = 3 (387 total, 3 sub)
Level[3]: dt = 0.000710241  0.00670763 (0.014112/0.014112)
Level[4]: dt = 0.000710241  0.0031119 (0.000710241/0.000710241)
Level[5]: dt = 0.000710241  0.00149885 (0.000710241/0.000710241)
EvolveLevel[5]: NumberOfSubCycles = 1 (833 total, 1 sub)
EvolveLevel[4]: NumberOfSubCycles = 1 (388 total, 1 sub)
EvolveLevel[3]: NumberOfSubCycles = 3 (179 total, 3 sub)
RebuildHierarchy: level = 2
TransferSubgridParticles[2]: Moved 8314 particles, 0 stars, 0 active particles.
DetermineSGSize: MaxSubgridSize = 2000, MinSubgridEdge = 4, ncells = 334440
RebuildHierarchy[2]: Flagged 422/1568 grids. 26658 flagged cells
LoadBalance: Number of grids moved = 486 out of 497 (0.000425819 seconds elapsed)
DetermineSGSize: MaxSubgridSize = 2000, MinSubgridEdge = 4, ncells = 74336
RebuildHierarchy[3]: Flagged 158/497 grids. 7360 flagged cells
LoadBalance: Number of grids moved = 159 out of 160 (6.04354e-05 seconds elapsed)
DetermineSGSize: MaxSubgridSize = 2000, MinSubgridEdge = 4, ncells = 55840
RebuildHierarchy[4]: Flagged 96/160 grids. 5754 flagged cells
LoadBalance: Number of grids moved = 100 out of 100 (0.00339632 seconds elapsed)
DetermineSGSize: MaxSubgridSize = 2000, MinSubgridEdge = 4, ncells = 55840
RebuildHierarchy[5]: Flagged 0/100 grids. 0 flagged cells
Level[2]: dt = 0.0140951  0.0140951 (0.028207/0.0296129)
Level[3]: dt = 0.00670813  0.00670813 (0.00670813/0.0140951)
Level[4]: dt = 0.00311295  0.00311295 (0.00311295/0.00670813)
Level[5]: dt = 0.00149799  0.00149799 (0.00149799/0.00311295)
RebuildHierarchy: level = 5
TransferSubgridParticles[5]: Moved 0 particles, 0 stars, 0 active particles.
DetermineSGSize: MaxSubgridSize = 2000, MinSubgridEdge = 4, ncells = 55504
RebuildHierarchy[5]: Flagged 0/100 grids. 0 flagged cells
Level[5]: dt = 0.00149642  0.00149642 (0.00299441/0.00311295)
RebuildHierarchy: level = 5
TransferSubgridParticles[5]: Moved 0 particles, 0 stars, 0 active particles.
DetermineSGSize: MaxSubgridSize = 2000, MinSubgridEdge = 4, ncells = 55504
RebuildHierarchy[5]: Flagged 0/100 grids. 0 flagged cells
Level[5]: dt = 0.000118539  0.00149423 (0.00311295/0.00311295)
EvolveLevel[5]: NumberOfSubCycles = 3 (836 total, 3 sub)
RebuildHierarchy: level = 4
TransferSubgridParticles[4]: Moved 3 particles, 0 stars, 0 active particles.
DetermineSGSize: MaxSubgridSize = 2000, MinSubgridEdge = 4, ncells = 55504
RebuildHierarchy[4]: Flagged 96/160 grids. 5751 flagged cells
LoadBalance: Number of grids moved = 100 out of 100 (0.00345707 seconds elapsed)
DetermineSGSize: MaxSubgridSize = 2000, MinSubgridEdge = 4, ncells = 55504
RebuildHierarchy[5]: Flagged 0/100 grids. 0 flagged cells
Level[4]: dt = 0.00311813  0.00311813 (0.00623108/0.00670813)
Level[5]: dt = 0.00149394  0.00149394 (0.00149394/0.00311813)
RebuildHierarchy: level = 5
TransferSubgridParticles[5]: Moved 1 particles, 0 stars, 0 active particles.
DetermineSGSize: MaxSubgridSize = 2000, MinSubgridEdge = 4, ncells = 55680
RebuildHierarchy[5]: Flagged 0/100 grids. 0 flagged cells
Level[5]: dt = 0.00149049  0.00149049 (0.00298443/0.00311813)
RebuildHierarchy: level = 5
TransferSubgridParticles[5]: Moved 2 particles, 0 stars, 0 active particles.
DetermineSGSize: MaxSubgridSize = 2000, MinSubgridEdge = 4, ncells = 55680
RebuildHierarchy[5]: Flagged 0/100 grids. 0 flagged cells
Level[5]: dt = 0.000133697  0.00148755 (0.00311813/0.00311813)
EvolveLevel[5]: NumberOfSubCycles = 3 (839 total, 3 sub)
Level[4]: dt = 0.000477046  0.00312399 (0.00670813/0.00670813)
Level[5]: dt = 0.000477046  0.00148731 (0.000477046/0.000477046)
EvolveLevel[5]: NumberOfSubCycles = 1 (840 total, 1 sub)
EvolveLevel[4]: NumberOfSubCycles = 3 (391 total, 3 sub)
RebuildHierarchy: level = 3
TransferSubgridParticles[3]: Moved 45 particles, 0 stars, 0 active particles.
DetermineSGSize: MaxSubgridSize = 2000, MinSubgridEdge = 4, ncells = 75744
RebuildHierarchy[3]: Flagged 157/497 grids. 7392 flagged cells
LoadBalance: Number of grids moved = 159 out of 160 (6.13034e-05 seconds elapsed)
DetermineSGSize: MaxSubgridSize = 2000, MinSubgridEdge = 4, ncells = 55680
RebuildHierarchy[4]: Flagged 96/160 grids. 5762 flagged cells
LoadBalance: Number of grids moved = 100 out of 100 (0.00318348 seconds elapsed)
DetermineSGSize: MaxSubgridSize = 2000, MinSubgridEdge = 4, ncells = 55680
RebuildHierarchy[5]: Flagged 0/100 grids. 0 flagged cells
Level[3]: dt = 0.00671304  0.00671304 (0.0134212/0.0140951)
Level[4]: dt = 0.00312487  0.00312487 (0.00312487/0.00671304)
Level[5]: dt = 0.00148647  0.00148647 (0.00148647/0.00312487)
RebuildHierarchy: level = 5
TransferSubgridParticles[5]: Moved 0 particles, 0 stars, 0 active particles.
DetermineSGSize: MaxSubgridSize = 2000, MinSubgridEdge = 4, ncells = 55776
RebuildHierarchy[5]: Flagged 0/100 grids. 0 flagged cells
Level[5]: dt = 0.00148413  0.00148413 (0.00297061/0.00312487)
RebuildHierarchy: level = 5
TransferSubgridParticles[5]: Moved 0 particles, 0 stars, 0 active particles.
DetermineSGSize: MaxSubgridSize = 2000, MinSubgridEdge = 4, ncells = 55776
RebuildHierarchy[5]: Flagged 0/100 grids. 0 flagged cells
Level[5]: dt = 0.000154264  0.00148242 (0.00312487/0.00312487)
EvolveLevel[5]: NumberOfSubCycles = 3 (843 total, 3 sub)
RebuildHierarchy: level = 4
TransferSubgridParticles[4]: Moved 5 particles, 0 stars, 0 active particles.
DetermineSGSize: MaxSubgridSize = 2000, MinSubgridEdge = 4, ncells = 55776
RebuildHierarchy[4]: Flagged 95/160 grids. 5760 flagged cells
LoadBalance: Number of grids moved = 99 out of 99 (0.00342948 seconds elapsed)
DetermineSGSize: MaxSubgridSize = 2000, MinSubgridEdge = 4, ncells = 55776
RebuildHierarchy[5]: Flagged 0/99 grids. 0 flagged cells
Level[4]: dt = 0.00310046  0.00310046 (0.00622533/0.00671304)
Level[5]: dt = 0.00148226  0.00148226 (0.00148226/0.00310046)
RebuildHierarchy: level = 5
TransferSubgridParticles[5]: Moved 1 particles, 0 stars, 0 active particles.
DetermineSGSize: MaxSubgridSize = 2000, MinSubgridEdge = 4, ncells = 55816
RebuildHierarchy[5]: Flagged 0/99 grids. 0 flagged cells
Level[5]: dt = 0.00148082  0.00148082 (0.00296307/0.00310046)
RebuildHierarchy: level = 5
TransferSubgridParticles[5]: Moved 3 particles, 0 stars, 0 active particles.
DetermineSGSize: MaxSubgridSize = 2000, MinSubgridEdge = 4, ncells = 55816
RebuildHierarchy[5]: Flagged 0/99 grids. 0 flagged cells
Level[5]: dt = 0.000137386  0.00147994 (0.00310046/0.00310046)
EvolveLevel[5]: NumberOfSubCycles = 3 (846 total, 3 sub)
Level[4]: dt = 0.000487715  0.00307122 (0.00671304/0.00671304)
Level[5]: dt = 0.000487715  0.00147988 (0.000487715/0.000487715)
EvolveLevel[5]: NumberOfSubCycles = 1 (847 total, 1 sub)
EvolveLevel[4]: NumberOfSubCycles = 3 (394 total, 3 sub)
Level[3]: dt = 0.000673908  0.00671821 (0.0140951/0.0140951)
Level[4]: dt = 0.000673908  0.00306739 (0.000673908/0.000673908)
Level[5]: dt = 0.000673908  0.00147969 (0.000673908/0.000673908)
EvolveLevel[5]: NumberOfSubCycles = 1 (848 total, 1 sub)
EvolveLevel[4]: NumberOfSubCycles = 1 (395 total, 1 sub)
EvolveLevel[3]: NumberOfSubCycles = 3 (182 total, 3 sub)
Level[2]: dt = 0.00140585  0.0140839 (0.0296129/0.0296129)
Level[3]: dt = 0.00140585  0.00671873 (0.00140585/0.00140585)
Level[4]: dt = 0.00140585  0.0030624 (0.00140585/0.00140585)
Level[5]: dt = 0.00140585  0.00147954 (0.00140585/0.00140585)
EvolveLevel[5]: NumberOfSubCycles = 1 (849 total, 1 sub)
EvolveLevel[4]: NumberOfSubCycles = 1 (396 total, 1 sub)
EvolveLevel[3]: NumberOfSubCycles = 1 (183 total, 1 sub)
EvolveLevel[2]: NumberOfSubCycles = 3 (83 total, 3 sub)
RebuildHierarchy: level = 1
TransferSubgridParticles[1]: Moved 104829 particles, 0 stars, 0 active particles.
DetermineSGSize: MaxSubgridSize = 2000, MinSubgridEdge = 4, ncells = 1530656
RebuildHierarchy[1]: Flagged 1027/9251 grids. 105432 flagged cells
LoadBalance: Number of grids moved = 1554 out of 1579 (0.000750042 seconds elapsed)
DetermineSGSize: MaxSubgridSize = 2000, MinSubgridEdge = 4, ncells = 337040
RebuildHierarchy[2]: Flagged 420/1579 grids. 26858 flagged cells
LoadBalance: Number of grids moved = 485 out of 496 (0.000420291 seconds elapsed)
DetermineSGSize: MaxSubgridSize = 2000, MinSubgridEdge = 4, ncells = 75968
RebuildHierarchy[3]: Flagged 153/496 grids. 7315 flagged cells
LoadBalance: Number of grids moved = 155 out of 156 (6.08675e-05 seconds elapsed)
DetermineSGSize: MaxSubgridSize = 2000, MinSubgridEdge = 4, ncells = 55816
RebuildHierarchy[4]: Flagged 96/156 grids. 5743 flagged cells
LoadBalance: Number of grids moved = 99 out of 99 (0.00235062 seconds elapsed)
DetermineSGSize: MaxSubgridSize = 2000, MinSubgridEdge = 4, ncells = 55816
RebuildHierarchy[5]: Flagged 0/99 grids. 0 flagged cells
Level[1]: dt = 0.0297027  0.0297027 (0.0593155/0.064456)
Level[2]: dt = 0.0140831  0.0140831 (0.0140831/0.0297027)
Level[3]: dt = 0.00671983  0.00671983 (0.00671983/0.0140831)
Level[4]: dt = 0.00305315  0.00305315 (0.00305315/0.00671983)
Level[5]: dt = 0.00147952  0.00147952 (0.00147952/0.00305315)
RebuildHierarchy: level = 5
TransferSubgridParticles[5]: Moved 0 particles, 0 stars, 0 active particles.
DetermineSGSize: MaxSubgridSize = 2000, MinSubgridEdge = 4, ncells = 55888
RebuildHierarchy[5]: Flagged 0/99 grids. 0 flagged cells
Level[5]: dt = 0.00148019  0.00148019 (0.00295971/0.00305315)
RebuildHierarchy: level = 5
TransferSubgridParticles[5]: Moved 0 particles, 0 stars, 0 active particles.
DetermineSGSize: MaxSubgridSize = 2000, MinSubgridEdge = 4, ncells = 55888
RebuildHierarchy[5]: Flagged 0/99 grids. 0 flagged cells
Level[5]: dt = 9.34468e-05  0.00148172 (0.00305315/0.00305315)
EvolveLevel[5]: NumberOfSubCycles = 3 (852 total, 3 sub)
RebuildHierarchy: level = 4
TransferSubgridParticles[4]: Moved 4 particles, 0 stars, 0 active particles.
DetermineSGSize: MaxSubgridSize = 2000, MinSubgridEdge = 4, ncells = 55888
RebuildHierarchy[4]: Flagged 96/156 grids. 5741 flagged cells
LoadBalance: Number of grids moved = 99 out of 99 (0.0035392 seconds elapsed)
DetermineSGSize: MaxSubgridSize = 2000, MinSubgridEdge = 4, ncells = 55888
RebuildHierarchy[5]: Flagged 0/99 grids. 0 flagged cells
Level[4]: dt = 0.00303755  0.00303755 (0.00609071/0.00671983)
Level[5]: dt = 0.00148186  0.00148186 (0.00148186/0.00303755)
RebuildHierarchy: level = 5
TransferSubgridParticles[5]: Moved 0 particles, 0 stars, 0 active particles.
DetermineSGSize: MaxSubgridSize = 2000, MinSubgridEdge = 4, ncells = 55776
RebuildHierarchy[5]: Flagged 0/99 grids. 0 flagged cells
Level[5]: dt = 0.00155569  0.00148271 (0.00303755/0.00303755)
EvolveLevel[5]: NumberOfSubCycles = 2 (854 total, 2 sub)
Level[4]: dt = 0.000629127  0.00302828 (0.00671983/0.00671983)
Level[5]: dt = 0.000629127  0.00147947 (0.000629127/0.000629127)
EvolveLevel[5]: NumberOfSubCycles = 1 (855 total, 1 sub)
EvolveLevel[4]: NumberOfSubCycles = 3 (399 total, 3 sub)
RebuildHierarchy: level = 3
TransferSubgridParticles[3]: Moved 32 particles, 0 stars, 0 active particles.
DetermineSGSize: MaxSubgridSize = 2000, MinSubgridEdge = 4, ncells = 73616
RebuildHierarchy[3]: Flagged 154/496 grids. 7342 flagged cells
LoadBalance: Number of grids moved = 156 out of 157 (6.73234e-05 seconds elapsed)
DetermineSGSize: MaxSubgridSize = 2000, MinSubgridEdge = 4, ncells = 55776
RebuildHierarchy[4]: Flagged 96/157 grids. 5714 flagged cells
LoadBalance: Number of grids moved = 99 out of 99 (0.00430114 seconds elapsed)
DetermineSGSize: MaxSubgridSize = 2000, MinSubgridEdge = 4, ncells = 55776
RebuildHierarchy[5]: Flagged 0/99 grids. 0 flagged cells
Level[3]: dt = 0.00672561  0.00672561 (0.0134454/0.0140831)
Level[4]: dt = 0.00302715  0.00302715 (0.00302715/0.00672561)
Level[5]: dt = 0.00147828  0.00147828 (0.00147828/0.00302715)
RebuildHierarchy: level = 5
TransferSubgridParticles[5]: Moved 0 particles, 0 stars, 0 active particles.
DetermineSGSize: MaxSubgridSize = 2000, MinSubgridEdge = 4, ncells = 55480
RebuildHierarchy[5]: Flagged 0/99 grids. 0 flagged cells
Level[5]: dt = 0.00154887  0.00147569 (0.00302715/0.00302715)
EvolveLevel[5]: NumberOfSubCycles = 2 (857 total, 2 sub)
RebuildHierarchy: level = 4
TransferSubgridParticles[4]: Moved 4 particles, 0 stars, 0 active particles.
DetermineSGSize: MaxSubgridSize = 2000, MinSubgridEdge = 4, ncells = 55480
RebuildHierarchy[4]: Flagged 97/157 grids. 5707 flagged cells
LoadBalance: Number of grids moved = 100 out of 100 (0.00443447 seconds elapsed)
DetermineSGSize: MaxSubgridSize = 2000, MinSubgridEdge = 4, ncells = 55480
RebuildHierarchy[5]: Flagged 0/100 grids. 0 flagged cells
Level[4]: dt = 0.00302464  0.00302464 (0.00605179/0.00672561)
Level[5]: dt = 0.0014735  0.0014735 (0.0014735/0.00302464)
RebuildHierarchy: level = 5
TransferSubgridParticles[5]: Moved 0 particles, 0 stars, 0 active particles.
DetermineSGSize: MaxSubgridSize = 2000, MinSubgridEdge = 4, ncells = 55328
RebuildHierarchy[5]: Flagged 0/100 grids. 0 flagged cells
Level[5]: dt = 0.00147166  0.00147166 (0.00294517/0.00302464)
RebuildHierarchy: level = 5
TransferSubgridParticles[5]: Moved 0 particles, 0 stars, 0 active particles.
DetermineSGSize: MaxSubgridSize = 2000, MinSubgridEdge = 4, ncells = 55328
RebuildHierarchy[5]: Flagged 0/100 grids. 0 flagged cells
Level[5]: dt = 7.94773e-05  0.00147035 (0.00302464/0.00302464)
EvolveLevel[5]: NumberOfSubCycles = 3 (860 total, 3 sub)
Level[4]: dt = 0.000673823  0.00302748 (0.00672561/0.00672561)
Level[5]: dt = 0.000673823  0.00147028 (0.000673823/0.000673823)
EvolveLevel[5]: NumberOfSubCycles = 1 (861 total, 1 sub)
EvolveLevel[4]: NumberOfSubCycles = 3 (402 total, 3 sub)
Level[3]: dt = 0.000637622  0.00673182 (0.0140831/0.0140831)
Level[4]: dt = 0.000637622  0.0030288 (0.000637622/0.000637622)
Level[5]: dt = 0.000637622  0.00146977 (0.000637622/0.000637622)
EvolveLevel[5]: NumberOfSubCycles = 1 (862 total, 1 sub)
EvolveLevel[4]: NumberOfSubCycles = 1 (403 total, 1 sub)
EvolveLevel[3]: NumberOfSubCycles = 3 (186 total, 3 sub)
RebuildHierarchy: level = 2
TransferSubgridParticles[2]: Moved 276 particles, 0 stars, 0 active particles.
DetermineSGSize: MaxSubgridSize = 2000, MinSubgridEdge = 4, ncells = 340288
RebuildHierarchy[2]: Flagged 425/1579 grids. 27046 flagged cells
LoadBalance: Number of grids moved = 449 out of 500 (0.000428509 seconds elapsed)
DetermineSGSize: MaxSubgridSize = 2000, MinSubgridEdge = 4, ncells = 73592
RebuildHierarchy[3]: Flagged 155/500 grids. 7336 flagged cells
LoadBalance: Number of grids moved = 156 out of 157 (6.04019e-05 seconds elapsed)
DetermineSGSize: MaxSubgridSize = 2000, MinSubgridEdge = 4, ncells = 55328
RebuildHierarchy[4]: Flagged 97/157 grids. 5693 flagged cells
LoadBalance: Number of grids moved = 100 out of 100 (0.00410933 seconds elapsed)
DetermineSGSize: MaxSubgridSize = 2000, MinSubgridEdge = 4, ncells = 55328
RebuildHierarchy[5]: Flagged 0/100 grids. 0 flagged cells
Level[2]: dt = 0.0140775  0.0140775 (0.0281606/0.0297027)
Level[3]: dt = 0.00673243  0.00673243 (0.00673243/0.0140775)
Level[4]: dt = 0.00303019  0.00303019 (0.00303019/0.00673243)
Level[5]: dt = 0.00146938  0.00146938 (0.00146938/0.00303019)
RebuildHierarchy: level = 5
TransferSubgridParticles[5]: Moved 0 particles, 0 stars, 0 active particles.
DetermineSGSize: MaxSubgridSize = 2000, MinSubgridEdge = 4, ncells = 55200
RebuildHierarchy[5]: Flagged 0/100 grids. 0 flagged cells
Level[5]: dt = 0.00146882  0.00146882 (0.00293821/0.00303019)
RebuildHierarchy: level = 5
TransferSubgridParticles[5]: Moved 1 particles, 0 stars, 0 active particles.
DetermineSGSize: MaxSubgridSize = 2000, MinSubgridEdge = 4, ncells = 55200
RebuildHierarchy[5]: Flagged 0/100 grids. 0 flagged cells
Level[5]: dt = 9.19788e-05  0.00146853 (0.00303019/0.00303019)
EvolveLevel[5]: NumberOfSubCycles = 3 (865 total, 3 sub)
RebuildHierarchy: level = 4
TransferSubgridParticles[4]: Moved 5 particles, 0 stars, 0 active particles.
DetermineSGSize: MaxSubgridSize = 2000, MinSubgridEdge = 4, ncells = 55200
RebuildHierarchy[4]: Flagged 97/157 grids. 5701 flagged cells
LoadBalance: Number of grids moved = 100 out of 100 (0.00408502 seconds elapsed)
DetermineSGSize: MaxSubgridSize = 2000, MinSubgridEdge = 4, ncells = 55200
RebuildHierarchy[5]: Flagged 0/100 grids. 0 flagged cells
Level[4]: dt = 0.00303879  0.00303879 (0.00606897/0.00673243)
Level[5]: dt = 0.00146852  0.00146852 (0.00146852/0.00303879)
RebuildHierarchy: level = 5
TransferSubgridParticles[5]: Moved 2 particles, 0 stars, 0 active particles.
DetermineSGSize: MaxSubgridSize = 2000, MinSubgridEdge = 4, ncells = 55384
RebuildHierarchy[5]: Flagged 0/100 grids. 0 flagged cells
Level[5]: dt = 0.0014687  0.0014687 (0.00293722/0.00303879)
RebuildHierarchy: level = 5
TransferSubgridParticles[5]: Moved 0 particles, 0 stars, 0 active particles.
DetermineSGSize: MaxSubgridSize = 2000, MinSubgridEdge = 4, ncells = 55384
RebuildHierarchy[5]: Flagged 0/100 grids. 0 flagged cells
Level[5]: dt = 0.000101564  0.00146917 (0.00303879/0.00303879)
EvolveLevel[5]: NumberOfSubCycles = 3 (868 total, 3 sub)
Level[4]: dt = 0.000663461  0.00304969 (0.00673243/0.00673243)
Level[5]: dt = 0.000663461  0.00146922 (0.000663461/0.000663461)
EvolveLevel[5]: NumberOfSubCycles = 1 (869 total, 1 sub)
EvolveLevel[4]: NumberOfSubCycles = 3 (406 total, 3 sub)
RebuildHierarchy: level = 3
TransferSubgridParticles[3]: Moved 38 particles, 0 stars, 0 active particles.
DetermineSGSize: MaxSubgridSize = 2000, MinSubgridEdge = 4, ncells = 73472
RebuildHierarchy[3]: Flagged 157/500 grids. 7440 flagged cells
LoadBalance: Number of grids moved = 159 out of 160 (6.20447e-05 seconds elapsed)
DetermineSGSize: MaxSubgridSize = 2000, MinSubgridEdge = 4, ncells = 55384
RebuildHierarchy[4]: Flagged 97/160 grids. 5739 flagged cells
LoadBalance: Number of grids moved = 100 out of 100 (0.00429651 seconds elapsed)
DetermineSGSize: MaxSubgridSize = 2000, MinSubgridEdge = 4, ncells = 55384
RebuildHierarchy[5]: Flagged 0/100 grids. 0 flagged cells
Level[3]: dt = 0.00673942  0.00673942 (0.0134719/0.0140775)
Level[4]: dt = 0.00305222  0.00305222 (0.00305222/0.00673942)
Level[5]: dt = 0.00146957  0.00146957 (0.00146957/0.00305222)
RebuildHierarchy: level = 5
TransferSubgridParticles[5]: Moved 2 particles, 0 stars, 0 active particles.
DetermineSGSize: MaxSubgridSize = 2000, MinSubgridEdge = 4, ncells = 56072
RebuildHierarchy[5]: Flagged 0/100 grids. 0 flagged cells
Level[5]: dt = 0.00147068  0.00147068 (0.00294025/0.00305222)
RebuildHierarchy: level = 5
TransferSubgridParticles[5]: Moved 0 particles, 0 stars, 0 active particles.
DetermineSGSize: MaxSubgridSize = 2000, MinSubgridEdge = 4, ncells = 56072
RebuildHierarchy[5]: Flagged 0/100 grids. 0 flagged cells
Level[5]: dt = 0.000111975  0.00147249 (0.00305222/0.00305222)
EvolveLevel[5]: NumberOfSubCycles = 3 (872 total, 3 sub)
RebuildHierarchy: level = 4
TransferSubgridParticles[4]: Moved 5 particles, 0 stars, 0 active particles.
DetermineSGSize: MaxSubgridSize = 2000, MinSubgridEdge = 4, ncells = 56072
RebuildHierarchy[4]: Flagged 97/160 grids. 5787 flagged cells
LoadBalance: Number of grids moved = 100 out of 100 (0.0040249 seconds elapsed)
DetermineSGSize: MaxSubgridSize = 2000, MinSubgridEdge = 4, ncells = 56072
RebuildHierarchy[5]: Flagged 0/100 grids. 0 flagged cells
Level[4]: dt = 0.00306456  0.00306456 (0.00611679/0.00673942)
Level[5]: dt = 0.00147267  0.00147267 (0.00147267/0.00306456)
RebuildHierarchy: level = 5
TransferSubgridParticles[5]: Moved 3 particles, 0 stars, 0 active particles.
DetermineSGSize: MaxSubgridSize = 2000, MinSubgridEdge = 4, ncells = 56496
RebuildHierarchy[5]: Flagged 0/100 grids. 0 flagged cells
Level[5]: dt = 0.00147526  0.00147526 (0.00294793/0.00306456)
RebuildHierarchy: level = 5
TransferSubgridParticles[5]: Moved 0 particles, 0 stars, 0 active particles.
DetermineSGSize: MaxSubgridSize = 2000, MinSubgridEdge = 4, ncells = 56496
RebuildHierarchy[5]: Flagged 0/100 grids. 0 flagged cells
Level[5]: dt = 0.000116635  0.00147839 (0.00306456/0.00306456)
EvolveLevel[5]: NumberOfSubCycles = 3 (875 total, 3 sub)
Level[4]: dt = 0.000622631  0.00307807 (0.00673942/0.00673942)
Level[5]: dt = 0.000622631  0.00147866 (0.000622631/0.000622631)
EvolveLevel[5]: NumberOfSubCycles = 1 (876 total, 1 sub)
EvolveLevel[4]: NumberOfSubCycles = 3 (409 total, 3 sub)
Level[3]: dt = 0.000605662  0.00673459 (0.0140775/0.0140775)
Level[4]: dt = 0.000605662  0.00308087 (0.000605662/0.000605662)
Level[5]: dt = 0.000605662  0.0014801 (0.000605662/0.000605662)
EvolveLevel[5]: NumberOfSubCycles = 1 (877 total, 1 sub)
EvolveLevel[4]: NumberOfSubCycles = 1 (410 total, 1 sub)
EvolveLevel[3]: NumberOfSubCycles = 3 (189 total, 3 sub)
Level[2]: dt = 0.00154208  0.0140756 (0.0297027/0.0297027)
Level[3]: dt = 0.00154208  0.00673379 (0.00154208/0.00154208)
Level[4]: dt = 0.00154208  0.00308354 (0.00154208/0.00154208)
Level[5]: dt = 0.00154208  0.00148141 (0.00154208/0.00154208)
EvolveLevel[5]: NumberOfSubCycles = 1 (878 total, 1 sub)
EvolveLevel[4]: NumberOfSubCycles = 1 (411 total, 1 sub)
EvolveLevel[3]: NumberOfSubCycles = 1 (190 total, 1 sub)
EvolveLevel[2]: NumberOfSubCycles = 3 (86 total, 3 sub)
Level[1]: dt = 0.00514047  0.0298051 (0.064456/0.064456)
Level[2]: dt = 0.00514047  0.0140756 (0.00514047/0.00514047)
Level[3]: dt = 0.00514047  0.00673183 (0.00514047/0.00514047)
Level[4]: dt = 0.00309002  0.00309002 (0.00309002/0.00514047)
Level[5]: dt = 0.00148455  0.00148455 (0.00148455/0.00309002)
RebuildHierarchy: level = 5
TransferSubgridParticles[5]: Moved 6 particles, 0 stars, 0 active particles.
DetermineSGSize: MaxSubgridSize = 2000, MinSubgridEdge = 4, ncells = 56496
RebuildHierarchy[5]: Flagged 0/100 grids. 0 flagged cells
Level[5]: dt = 0.00148741  0.00148741 (0.00297197/0.00309002)
RebuildHierarchy: level = 5
TransferSubgridParticles[5]: Moved 0 particles, 0 stars, 0 active particles.
DetermineSGSize: MaxSubgridSize = 2000, MinSubgridEdge = 4, ncells = 56496
RebuildHierarchy[5]: Flagged 0/100 grids. 0 flagged cells
Level[5]: dt = 0.000118052  0.00148986 (0.00309002/0.00309002)
EvolveLevel[5]: NumberOfSubCycles = 3 (881 total, 3 sub)
RebuildHierarchy: level = 4
TransferSubgridParticles[4]: Moved 8 particles, 0 stars, 0 active particles.
DetermineSGSize: MaxSubgridSize = 2000, MinSubgridEdge = 4, ncells = 56496
RebuildHierarchy[4]: Flagged 98/160 grids. 5804 flagged cells
LoadBalance: Number of grids moved = 102 out of 102 (0.00344992 seconds elapsed)
DetermineSGSize: MaxSubgridSize = 2000, MinSubgridEdge = 4, ncells = 56496
RebuildHierarchy[5]: Flagged 0/102 grids. 0 flagged cells
Level[4]: dt = 0.00205045  0.00310027 (0.00514047/0.00514047)
Level[5]: dt = 0.00149004  0.00149004 (0.00149004/0.00205045)
RebuildHierarchy: level = 5
TransferSubgridParticles[5]: Moved 2 particles, 0 stars, 0 active particles.
DetermineSGSize: MaxSubgridSize = 2000, MinSubgridEdge = 4, ncells = 56152
RebuildHierarchy[5]: Flagged 0/102 grids. 0 flagged cells
Level[5]: dt = 0.000560405  0.00149246 (0.00205045/0.00205045)
EvolveLevel[5]: NumberOfSubCycles = 2 (883 total, 2 sub)
EvolveLevel[4]: NumberOfSubCycles = 2 (413 total, 2 sub)
EvolveLevel[3]: NumberOfSubCycles = 1 (191 total, 1 sub)
EvolveLevel[2]: NumberOfSubCycles = 1 (87 total, 1 sub)
EvolveLevel[1]: NumberOfSubCycles = 3 (37 total, 3 sub)
EvolveLevel[0]: NumberOfSubCycles = 1 (13 total, 13 sub)
CPUTime-output: Frac = 0.999993, Current = 202.355 (202.355), Stop = 2592000.000000, Last = 17.4476
Level[0]: dt = 0.0646377  0.0646377 (0.0646377/0.0646377)
Level[1]: dt = 0.0298229  0.0298229 (0.0298229/0.0646377)
Level[2]: dt = 0.014076  0.014076 (0.014076/0.0298229)
Level[3]: dt = 0.00670008  0.00670008 (0.00670008/0.014076)
Level[4]: dt = 0.00310594  0.00310594 (0.00310594/0.00670008)
Level[5]: dt = 0.00149332  0.00149332 (0.00149332/0.00310594)
RebuildHierarchy: level = 5
TransferSubgridParticles[5]: Moved 1 particles, 0 stars, 0 active particles.
DetermineSGSize: MaxSubgridSize = 2000, MinSubgridEdge = 4, ncells = 56152
RebuildHierarchy[5]: Flagged 0/102 grids. 0 flagged cells
Level[5]: dt = 0.0014956  0.0014956 (0.00298892/0.00310594)
RebuildHierarchy: level = 5
TransferSubgridParticles[5]: Moved 1 particles, 0 stars, 0 active particles.
DetermineSGSize: MaxSubgridSize = 2000, MinSubgridEdge = 4, ncells = 56152
RebuildHierarchy[5]: Flagged 0/102 grids. 0 flagged cells
Level[5]: dt = 0.000117025  0.00149791 (0.00310594/0.00310594)
EvolveLevel[5]: NumberOfSubCycles = 3 (886 total, 3 sub)
RebuildHierarchy: level = 4
TransferSubgridParticles[4]: Moved 4 particles, 0 stars, 0 active particles.
DetermineSGSize: MaxSubgridSize = 2000, MinSubgridEdge = 4, ncells = 56152
RebuildHierarchy[4]: Flagged 98/160 grids. 5805 flagged cells
LoadBalance: Number of grids moved = 102 out of 102 (0.00329559 seconds elapsed)
DetermineSGSize: MaxSubgridSize = 2000, MinSubgridEdge = 4, ncells = 56152
RebuildHierarchy[5]: Flagged 0/102 grids. 0 flagged cells
Level[4]: dt = 0.00311353  0.00311353 (0.00621947/0.00670008)
Level[5]: dt = 0.00149809  0.00149809 (0.00149809/0.00311353)
RebuildHierarchy: level = 5
TransferSubgridParticles[5]: Moved 2 particles, 0 stars, 0 active particles.
DetermineSGSize: MaxSubgridSize = 2000, MinSubgridEdge = 4, ncells = 56016
RebuildHierarchy[5]: Flagged 0/102 grids. 0 flagged cells
Level[5]: dt = 0.00150044  0.00150044 (0.00299852/0.00311353)
RebuildHierarchy: level = 5
TransferSubgridParticles[5]: Moved 0 particles, 0 stars, 0 active particles.
DetermineSGSize: MaxSubgridSize = 2000, MinSubgridEdge = 4, ncells = 56016
RebuildHierarchy[5]: Flagged 0/102 grids. 0 flagged cells
Level[5]: dt = 0.000115008  0.00150281 (0.00311353/0.00311353)
EvolveLevel[5]: NumberOfSubCycles = 3 (889 total, 3 sub)
Level[4]: dt = 0.000480605  0.00312041 (0.00670008/0.00670008)
Level[5]: dt = 0.000480605  0.00150299 (0.000480605/0.000480605)
EvolveLevel[5]: NumberOfSubCycles = 1 (890 total, 1 sub)
EvolveLevel[4]: NumberOfSubCycles = 3 (416 total, 3 sub)
RebuildHierarchy: level = 3
TransferSubgridParticles[3]: Moved 133 particles, 0 stars, 0 active particles.
DetermineSGSize: MaxSubgridSize = 2000, MinSubgridEdge = 4, ncells = 74168
RebuildHierarchy[3]: Flagged 160/500 grids. 7467 flagged cells
LoadBalance: Number of grids moved = 161 out of 162 (6.29388e-05 seconds elapsed)
DetermineSGSize: MaxSubgridSize = 2000, MinSubgridEdge = 4, ncells = 56016
RebuildHierarchy[4]: Flagged 98/162 grids. 5775 flagged cells
LoadBalance: Number of grids moved = 102 out of 102 (0.00351808 seconds elapsed)
DetermineSGSize: MaxSubgridSize = 2000, MinSubgridEdge = 4, ncells = 56016
RebuildHierarchy[5]: Flagged 0/102 grids. 0 flagged cells
Level[3]: dt = 0.00658595  0.00658595 (0.013286/0.014076)
Level[4]: dt = 0.00312149  0.00312149 (0.00312149/0.00658595)
Level[5]: dt = 0.00150336  0.00150336 (0.00150336/0.00312149)
RebuildHierarchy: level = 5
TransferSubgridParticles[5]: Moved 0 particles, 0 stars, 0 active particles.
DetermineSGSize: MaxSubgridSize = 2000, MinSubgridEdge = 4, ncells = 55488
RebuildHierarchy[5]: Flagged 0/102 grids. 0 flagged cells
Level[5]: dt = 0.00150226  0.00150226 (0.00300562/0.00312149)
RebuildHierarchy: level = 5
TransferSubgridParticles[5]: Moved 1 particles, 0 stars, 0 active particles.
DetermineSGSize: MaxSubgridSize = 2000, MinSubgridEdge = 4, ncells = 55488
RebuildHierarchy[5]: Flagged 0/102 grids. 0 flagged cells
Level[5]: dt = 0.000115867  0.0015014 (0.00312149/0.00312149)
EvolveLevel[5]: NumberOfSubCycles = 3 (893 total, 3 sub)
RebuildHierarchy: level = 4
TransferSubgridParticles[4]: Moved 2 particles, 0 stars, 0 active particles.
DetermineSGSize: MaxSubgridSize = 2000, MinSubgridEdge = 4, ncells = 55488
RebuildHierarchy[4]: Flagged 97/162 grids. 5779 flagged cells
LoadBalance: Number of grids moved = 102 out of 102 (0.00330355 seconds elapsed)
DetermineSGSize: MaxSubgridSize = 2000, MinSubgridEdge = 4, ncells = 55488
RebuildHierarchy[5]: Flagged 0/102 grids. 0 flagged cells
Level[4]: dt = 0.00312838  0.00312838 (0.00624987/0.00658595)
Level[5]: dt = 0.00150137  0.00150137 (0.00150137/0.00312838)
RebuildHierarchy: level = 5
TransferSubgridParticles[5]: Moved 2 particles, 0 stars, 0 active particles.
DetermineSGSize: MaxSubgridSize = 2000, MinSubgridEdge = 4, ncells = 55400
RebuildHierarchy[5]: Flagged 0/102 grids. 0 flagged cells
Level[5]: dt = 0.00150107  0.00150107 (0.00300244/0.00312838)
RebuildHierarchy: level = 5
TransferSubgridParticles[5]: Moved 0 particles, 0 stars, 0 active particles.
DetermineSGSize: MaxSubgridSize = 2000, MinSubgridEdge = 4, ncells = 55400
RebuildHierarchy[5]: Flagged 0/102 grids. 0 flagged cells
Level[5]: dt = 0.000125941  0.00149936 (0.00312838/0.00312838)
EvolveLevel[5]: NumberOfSubCycles = 3 (896 total, 3 sub)
Level[4]: dt = 0.000336084  0.00313503 (0.00658595/0.00658595)
Level[5]: dt = 0.000336084  0.00149913 (0.000336084/0.000336084)
EvolveLevel[5]: NumberOfSubCycles = 1 (897 total, 1 sub)
EvolveLevel[4]: NumberOfSubCycles = 3 (419 total, 3 sub)
Level[3]: dt = 0.000789962  0.00654552 (0.014076/0.014076)
Level[4]: dt = 0.000789962  0.00313572 (0.000789962/0.000789962)
Level[5]: dt = 0.000789962  0.00149857 (0.000789962/0.000789962)
EvolveLevel[5]: NumberOfSubCycles = 1 (898 total, 1 sub)
EvolveLevel[4]: NumberOfSubCycles = 1 (420 total, 1 sub)
EvolveLevel[3]: NumberOfSubCycles = 3 (194 total, 3 sub)
RebuildHierarchy: level = 2
TransferSubgridParticles[2]: Moved 633 particles, 0 stars, 0 active particles.
DetermineSGSize: MaxSubgridSize = 2000, MinSubgridEdge = 4, ncells = 339512
RebuildHierarchy[2]: Flagged 428/1579 grids. 27275 flagged cells
LoadBalance: Number of grids moved = 450 out of 507 (0.000406906 seconds elapsed)
DetermineSGSize: MaxSubgridSize = 2000, MinSubgridEdge = 4, ncells = 73744
RebuildHierarchy[3]: Flagged 159/507 grids. 7424 flagged cells
LoadBalance: Number of grids moved = 160 out of 161 (6.10948e-05 seconds elapsed)
DetermineSGSize: MaxSubgridSize = 2000, MinSubgridEdge = 4, ncells = 55400
RebuildHierarchy[4]: Flagged 98/161 grids. 5813 flagged cells
LoadBalance: Number of grids moved = 103 out of 103 (0.00333509 seconds elapsed)
DetermineSGSize: MaxSubgridSize = 2000, MinSubgridEdge = 4, ncells = 55400
RebuildHierarchy[5]: Flagged 0/103 grids. 0 flagged cells
Level[2]: dt = 0.0140797  0.0140797 (0.0281557/0.0298229)
Level[3]: dt = 0.00654352  0.00654352 (0.00654352/0.0140797)
Level[4]: dt = 0.00313733  0.00313733 (0.00313733/0.00654352)
Level[5]: dt = 0.00149728  0.00149728 (0.00149728/0.00313733)
RebuildHierarchy: level = 5
TransferSubgridParticles[5]: Moved 0 particles, 0 stars, 0 active particles.
DetermineSGSize: MaxSubgridSize = 2000, MinSubgridEdge = 4, ncells = 55864
RebuildHierarchy[5]: Flagged 0/103 grids. 0 flagged cells
Level[5]: dt = 0.00149628  0.00149628 (0.00299356/0.00313733)
RebuildHierarchy: level = 5
TransferSubgridParticles[5]: Moved 0 particles, 0 stars, 0 active particles.
DetermineSGSize: MaxSubgridSize = 2000, MinSubgridEdge = 4, ncells = 55864
RebuildHierarchy[5]: Flagged 0/103 grids. 0 flagged cells
Level[5]: dt = 0.000143771  0.00149592 (0.00313733/0.00313733)
EvolveLevel[5]: NumberOfSubCycles = 3 (901 total, 3 sub)
RebuildHierarchy: level = 4
TransferSubgridParticles[4]: Moved 3 particles, 0 stars, 0 active particles.
DetermineSGSize: MaxSubgridSize = 2000, MinSubgridEdge = 4, ncells = 55864
RebuildHierarchy[4]: Flagged 97/161 grids. 5856 flagged cells
LoadBalance: Number of grids moved = 102 out of 102 (0.00342574 seconds elapsed)
DetermineSGSize: MaxSubgridSize = 2000, MinSubgridEdge = 4, ncells = 55864
RebuildHierarchy[5]: Flagged 0/102 grids. 0 flagged cells
Level[4]: dt = 0.00314359  0.00314359 (0.00628092/0.00654352)
Level[5]: dt = 0.00149589  0.00149589 (0.00149589/0.00314359)
RebuildHierarchy: level = 5
TransferSubgridParticles[5]: Moved 0 particles, 0 stars, 0 active particles.
DetermineSGSize: MaxSubgridSize = 2000, MinSubgridEdge = 4, ncells = 56224
RebuildHierarchy[5]: Flagged 0/102 grids. 0 flagged cells
Level[5]: dt = 0.0014959  0.0014959 (0.00299179/0.00314359)
RebuildHierarchy: level = 5
TransferSubgridParticles[5]: Moved 0 particles, 0 stars, 0 active particles.
DetermineSGSize: MaxSubgridSize = 2000, MinSubgridEdge = 4, ncells = 56224
RebuildHierarchy[5]: Flagged 0/102 grids. 0 flagged cells
Level[5]: dt = 0.000151805  0.00149361 (0.00314359/0.00314359)
EvolveLevel[5]: NumberOfSubCycles = 3 (904 total, 3 sub)
Level[4]: dt = 0.000262595  0.0031341 (0.00654352/0.00654352)
Level[5]: dt = 0.000262595  0.00149339 (0.000262595/0.000262595)
EvolveLevel[5]: NumberOfSubCycles = 1 (905 total, 1 sub)
EvolveLevel[4]: NumberOfSubCycles = 3 (423 total, 3 sub)
RebuildHierarchy: level = 3
TransferSubgridParticles[3]: Moved 38 particles, 0 stars, 0 active particles.
DetermineSGSize: MaxSubgridSize = 2000, MinSubgridEdge = 4, ncells = 73088
RebuildHierarchy[3]: Flagged 160/507 grids. 7435 flagged cells
LoadBalance: Number of grids moved = 161 out of 162 (6.14189e-05 seconds elapsed)
DetermineSGSize: MaxSubgridSize = 2000, MinSubgridEdge = 4, ncells = 56224
RebuildHierarchy[4]: Flagged 97/162 grids. 5872 flagged cells
LoadBalance: Number of grids moved = 102 out of 102 (0.00362189 seconds elapsed)
DetermineSGSize: MaxSubgridSize = 2000, MinSubgridEdge = 4, ncells = 56224
RebuildHierarchy[5]: Flagged 0/102 grids. 0 flagged cells
Level[3]: dt = 0.0065399  0.0065399 (0.0130834/0.0140797)
Level[4]: dt = 0.00313291  0.00313291 (0.00313291/0.0065399)
Level[5]: dt = 0.00149302  0.00149302 (0.00149302/0.00313291)
RebuildHierarchy: level = 5
TransferSubgridParticles[5]: Moved 1 particles, 0 stars, 0 active particles.
DetermineSGSize: MaxSubgridSize = 2000, MinSubgridEdge = 4, ncells = 56320
RebuildHierarchy[5]: Flagged 0/102 grids. 0 flagged cells
Level[5]: dt = 0.00149111  0.00149111 (0.00298413/0.00313291)
RebuildHierarchy: level = 5
TransferSubgridParticles[5]: Moved 1 particles, 0 stars, 0 active particles.
DetermineSGSize: MaxSubgridSize = 2000, MinSubgridEdge = 4, ncells = 56320
RebuildHierarchy[5]: Flagged 0/102 grids. 0 flagged cells
Level[5]: dt = 0.000148783  0.00148947 (0.00313291/0.00313291)
EvolveLevel[5]: NumberOfSubCycles = 3 (908 total, 3 sub)
RebuildHierarchy: level = 4
TransferSubgridParticles[4]: Moved 4 particles, 0 stars, 0 active particles.
DetermineSGSize: MaxSubgridSize = 2000, MinSubgridEdge = 4, ncells = 56320
RebuildHierarchy[4]: Flagged 97/162 grids. 5901 flagged cells
LoadBalance: Number of grids moved = 102 out of 102 (0.00340327 seconds elapsed)
DetermineSGSize: MaxSubgridSize = 2000, MinSubgridEdge = 4, ncells = 56320
RebuildHierarchy[5]: Flagged 0/102 grids. 0 flagged cells
Level[4]: dt = 0.00312217  0.00312217 (0.00625508/0.0065399)
Level[5]: dt = 0.00148931  0.00148931 (0.00148931/0.00312217)
RebuildHierarchy: level = 5
TransferSubgridParticles[5]: Moved 0 particles, 0 stars, 0 active particles.
DetermineSGSize: MaxSubgridSize = 2000, MinSubgridEdge = 4, ncells = 56568
RebuildHierarchy[5]: Flagged 0/102 grids. 0 flagged cells
Level[5]: dt = 0.00148732  0.00148732 (0.00297663/0.00312217)
RebuildHierarchy: level = 5
TransferSubgridParticles[5]: Moved 0 particles, 0 stars, 0 active particles.
DetermineSGSize: MaxSubgridSize = 2000, MinSubgridEdge = 4, ncells = 56568
RebuildHierarchy[5]: Flagged 0/102 grids. 0 flagged cells
Level[5]: dt = 0.00014554  0.00148215 (0.00312217/0.00312217)
EvolveLevel[5]: NumberOfSubCycles = 3 (911 total, 3 sub)
Level[4]: dt = 0.000284816  0.00311659 (0.0065399/0.0065399)
Level[5]: dt = 0.000284816  0.0014817 (0.000284816/0.000284816)
EvolveLevel[5]: NumberOfSubCycles = 1 (912 total, 1 sub)
EvolveLevel[4]: NumberOfSubCycles = 3 (426 total, 3 sub)
Level[3]: dt = 0.0009963  0.00654894 (0.0140797/0.0140797)
Level[4]: dt = 0.0009963  0.00311632 (0.0009963/0.0009963)
Level[5]: dt = 0.0009963  0.00148083 (0.0009963/0.0009963)
EvolveLevel[5]: NumberOfSubCycles = 1 (913 total, 1 sub)
EvolveLevel[4]: NumberOfSubCycles = 1 (427 total, 1 sub)
EvolveLevel[3]: NumberOfSubCycles = 3 (197 total, 3 sub)
Level[2]: dt = 0.00166718  0.0140862 (0.0298229/0.0298229)
Level[3]: dt = 0.00166718  0.00655093 (0.00166718/0.00166718)
Level[4]: dt = 0.00166718  0.00311574 (0.00166718/0.00166718)
Level[5]: dt = 0.00147797  0.00147797 (0.00147797/0.00166718)
RebuildHierarchy: level = 5
TransferSubgridParticles[5]: Moved 0 particles, 0 stars, 0 active particles.
DetermineSGSize: MaxSubgridSize = 2000, MinSubgridEdge = 4, ncells = 56568
RebuildHierarchy[5]: Flagged 0/102 grids. 0 flagged cells
Level[5]: dt = 0.000189216  0.00147431 (0.00166718/0.00166718)
EvolveLevel[5]: NumberOfSubCycles = 2 (915 total, 2 sub)
EvolveLevel[4]: NumberOfSubCycles = 1 (428 total, 1 sub)
EvolveLevel[3]: NumberOfSubCycles = 1 (198 total, 1 sub)
EvolveLevel[2]: NumberOfSubCycles = 3 (90 total, 3 sub)
RebuildHierarchy: level = 1
TransferSubgridParticles[1]: Moved 11450 particles, 0 stars, 0 active particles.
DetermineSGSize: MaxSubgridSize = 2000, MinSubgridEdge = 4, ncells = 1555696
RebuildHierarchy[1]: Flagged 1040/9251 grids. 107826 flagged cells
LoadBalance: Number of grids moved = 1572 out of 1599 (0.000711303 seconds elapsed)
DetermineSGSize: MaxSubgridSize = 2000, MinSubgridEdge = 4, ncells = 339632
RebuildHierarchy[2]: Flagged 423/1599 grids. 27343 flagged cells
LoadBalance: Number of grids moved = 449 out of 498 (0.00042494 seconds elapsed)
DetermineSGSize: MaxSubgridSize = 2000, MinSubgridEdge = 4, ncells = 73048
RebuildHierarchy[3]: Flagged 161/498 grids. 7451 flagged cells
LoadBalance: Number of grids moved = 162 out of 163 (6.55241e-05 seconds elapsed)
DetermineSGSize: MaxSubgridSize = 2000, MinSubgridEdge = 4, ncells = 56568
RebuildHierarchy[4]: Flagged 101/163 grids. 5910 flagged cells
LoadBalance: Number of grids moved = 106 out of 106 (0.00385012 seconds elapsed)
DetermineSGSize: MaxSubgridSize = 2000, MinSubgridEdge = 4, ncells = 56568
RebuildHierarchy[5]: Flagged 0/106 grids. 0 flagged cells
Level[1]: dt = 0.0299234  0.0299234 (0.0597463/0.0646377)
Level[2]: dt = 0.0140871  0.0140871 (0.0140871/0.0299234)
Level[3]: dt = 0.00655455  0.00655455 (0.00655455/0.0140871)
Level[4]: dt = 0.00311586  0.00311586 (0.00311586/0.00655455)
Level[5]: dt = 0.00147389  0.00147389 (0.00147389/0.00311586)
RebuildHierarchy: level = 5
TransferSubgridParticles[5]: Moved 1 particles, 0 stars, 0 active particles.
DetermineSGSize: MaxSubgridSize = 2000, MinSubgridEdge = 4, ncells = 57024
RebuildHierarchy[5]: Flagged 0/106 grids. 0 flagged cells
Level[5]: dt = 0.00147098  0.00147098 (0.00294488/0.00311586)
RebuildHierarchy: level = 5
TransferSubgridParticles[5]: Moved 2 particles, 0 stars, 0 active particles.
DetermineSGSize: MaxSubgridSize = 2000, MinSubgridEdge = 4, ncells = 57024
RebuildHierarchy[5]: Flagged 0/106 grids. 0 flagged cells
Level[5]: dt = 0.000170982  0.00146878 (0.00311586/0.00311586)
EvolveLevel[5]: NumberOfSubCycles = 3 (918 total, 3 sub)
RebuildHierarchy: level = 4
TransferSubgridParticles[4]: Moved 3 particles, 0 stars, 0 active particles.
DetermineSGSize: MaxSubgridSize = 2000, MinSubgridEdge = 4, ncells = 57024
RebuildHierarchy[4]: Flagged 101/163 grids. 5939 flagged cells
LoadBalance: Number of grids moved = 106 out of 106 (0.00360881 seconds elapsed)
DetermineSGSize: MaxSubgridSize = 2000, MinSubgridEdge = 4, ncells = 57024
RebuildHierarchy[5]: Flagged 0/106 grids. 0 flagged cells
Level[4]: dt = 0.0031145  0.0031145 (0.00623036/0.00655455)
Level[5]: dt = 0.00146857  0.00146857 (0.00146857/0.0031145)
RebuildHierarchy: level = 5
TransferSubgridParticles[5]: Moved 1 particles, 0 stars, 0 active particles.
DetermineSGSize: MaxSubgridSize = 2000, MinSubgridEdge = 4, ncells = 57664
RebuildHierarchy[5]: Flagged 0/106 grids. 0 flagged cells
Level[5]: dt = 0.00146701  0.00146701 (0.00293558/0.0031145)
RebuildHierarchy: level = 5
TransferSubgridParticles[5]: Moved 1 particles, 0 stars, 0 active particles.
DetermineSGSize: MaxSubgridSize = 2000, MinSubgridEdge = 4, ncells = 57664
RebuildHierarchy[5]: Flagged 0/106 grids. 0 flagged cells
Level[5]: dt = 0.00017892  0.00146595 (0.0031145/0.0031145)
EvolveLevel[5]: NumberOfSubCycles = 3 (921 total, 3 sub)
Level[4]: dt = 0.000324185  0.00311132 (0.00655455/0.00655455)
Level[5]: dt = 0.000324185  0.00146586 (0.000324185/0.000324185)
EvolveLevel[5]: NumberOfSubCycles = 1 (922 total, 1 sub)
EvolveLevel[4]: NumberOfSubCycles = 3 (431 total, 3 sub)
RebuildHierarchy: level = 3
TransferSubgridParticles[3]: Moved 31 particles, 0 stars, 0 active particles.
DetermineSGSize: MaxSubgridSize = 2000, MinSubgridEdge = 4, ncells = 73952
RebuildHierarchy[3]: Flagged 162/498 grids. 7488 flagged cells
LoadBalance: Number of grids moved = 163 out of 164 (6.17094e-05 seconds elapsed)
DetermineSGSize: MaxSubgridSize = 2000, MinSubgridEdge = 4, ncells = 57664
RebuildHierarchy[4]: Flagged 100/164 grids. 5922 flagged cells
LoadBalance: Number of grids moved = 103 out of 103 (0.00385854 seconds elapsed)
DetermineSGSize: MaxSubgridSize = 2000, MinSubgridEdge = 4, ncells = 57664
RebuildHierarchy[5]: Flagged 0/103 grids. 0 flagged cells
Level[3]: dt = 0.0065702  0.0065702 (0.0131248/0.0140871)
Level[4]: dt = 0.00311107  0.00311107 (0.00311107/0.0065702)
Level[5]: dt = 0.00146572  0.00146572 (0.00146572/0.00311107)
RebuildHierarchy: level = 5
TransferSubgridParticles[5]: Moved 1 particles, 0 stars, 0 active particles.
DetermineSGSize: MaxSubgridSize = 2000, MinSubgridEdge = 4, ncells = 57992
RebuildHierarchy[5]: Flagged 0/103 grids. 0 flagged cells
Level[5]: dt = 0.00146516  0.00146516 (0.00293087/0.00311107)
RebuildHierarchy: level = 5
TransferSubgridParticles[5]: Moved 1 particles, 0 stars, 0 active particles.
DetermineSGSize: MaxSubgridSize = 2000, MinSubgridEdge = 4, ncells = 57992
RebuildHierarchy[5]: Flagged 0/103 grids. 0 flagged cells
Level[5]: dt = 0.000180201  0.00146508 (0.00311107/0.00311107)
EvolveLevel[5]: NumberOfSubCycles = 3 (925 total, 3 sub)
RebuildHierarchy: level = 4
TransferSubgridParticles[4]: Moved 5 particles, 0 stars, 0 active particles.
DetermineSGSize: MaxSubgridSize = 2000, MinSubgridEdge = 4, ncells = 57992
RebuildHierarchy[4]: Flagged 100/164 grids. 5954 flagged cells
LoadBalance: Number of grids moved = 103 out of 103 (0.00361784 seconds elapsed)
DetermineSGSize: MaxSubgridSize = 2000, MinSubgridEdge = 4, ncells = 57992
RebuildHierarchy[5]: Flagged 0/103 grids. 0 flagged cells
Level[4]: dt = 0.00310919  0.00310919 (0.00622026/0.0065702)
Level[5]: dt = 0.00146508  0.00146508 (0.00146508/0.00310919)
RebuildHierarchy: level = 5
TransferSubgridParticles[5]: Moved 0 particles, 0 stars, 0 active particles.
DetermineSGSize: MaxSubgridSize = 2000, MinSubgridEdge = 4, ncells = 58160
RebuildHierarchy[5]: Flagged 0/103 grids. 0 flagged cells
Level[5]: dt = 0.00146492  0.00146492 (0.00293/0.00310919)
RebuildHierarchy: level = 5
TransferSubgridParticles[5]: Moved 1 particles, 0 stars, 0 active particles.
DetermineSGSize: MaxSubgridSize = 2000, MinSubgridEdge = 4, ncells = 58160
RebuildHierarchy[5]: Flagged 0/103 grids. 0 flagged cells
Level[5]: dt = 0.000179186  0.001465 (0.00310919/0.00310919)
EvolveLevel[5]: NumberOfSubCycles = 3 (928 total, 3 sub)
Level[4]: dt = 0.000349944  0.00310929 (0.0065702/0.0065702)
Level[5]: dt = 0.000349944  0.00146496 (0.000349944/0.000349944)
EvolveLevel[5]: NumberOfSubCycles = 1 (929 total, 1 sub)
EvolveLevel[4]: NumberOfSubCycles = 3 (434 total, 3 sub)
Level[3]: dt = 0.000962328  0.00658516 (0.0140871/0.0140871)
Level[4]: dt = 0.000962328  0.00310943 (0.000962328/0.000962328)
Level[5]: dt = 0.000962328  0.0014649 (0.000962328/0.000962328)
EvolveLevel[5]: NumberOfSubCycles = 1 (930 total, 1 sub)
EvolveLevel[4]: NumberOfSubCycles = 1 (435 total, 1 sub)
EvolveLevel[3]: NumberOfSubCycles = 3 (201 total, 3 sub)
RebuildHierarchy: level = 2
TransferSubgridParticles[2]: Moved 321 particles, 0 stars, 0 active particles.
DetermineSGSize: MaxSubgridSize = 2000, MinSubgridEdge = 4, ncells = 343632
RebuildHierarchy[2]: Flagged 422/1599 grids. 27386 flagged cells
LoadBalance: Number of grids moved = 482 out of 495 (0.000406243 seconds elapsed)
DetermineSGSize: MaxSubgridSize = 2000, MinSubgridEdge = 4, ncells = 74552
RebuildHierarchy[3]: Flagged 165/495 grids. 7601 flagged cells
LoadBalance: Number of grids moved = 166 out of 167 (6.29425e-05 seconds elapsed)
DetermineSGSize: MaxSubgridSize = 2000, MinSubgridEdge = 4, ncells = 58160
RebuildHierarchy[4]: Flagged 100/167 grids. 5946 flagged cells
LoadBalance: Number of grids moved = 103 out of 103 (0.0037418 seconds elapsed)
DetermineSGSize: MaxSubgridSize = 2000, MinSubgridEdge = 4, ncells = 58160
RebuildHierarchy[5]: Flagged 0/103 grids. 0 flagged cells
Level[2]: dt = 0.0140962  0.0140962 (0.0281832/0.0299234)
Level[3]: dt = 0.00658718  0.00658718 (0.00658718/0.0140962)
Level[4]: dt = 0.00310995  0.00310995 (0.00310995/0.00658718)
Level[5]: dt = 0.00146489  0.00146489 (0.00146489/0.00310995)
RebuildHierarchy: level = 5
TransferSubgridParticles[5]: Moved 0 particles, 0 stars, 0 active particles.
DetermineSGSize: MaxSubgridSize = 2000, MinSubgridEdge = 4, ncells = 58144
RebuildHierarchy[5]: Flagged 0/103 grids. 0 flagged cells
Level[5]: dt = 0.00146463  0.00146463 (0.00292953/0.00310995)
RebuildHierarchy: level = 5
TransferSubgridParticles[5]: Moved 0 particles, 0 stars, 0 active particles.
DetermineSGSize: MaxSubgridSize = 2000, MinSubgridEdge = 4, ncells = 58144
RebuildHierarchy[5]: Flagged 0/103 grids. 0 flagged cells
Level[5]: dt = 0.000180425  0.00146456 (0.00310995/0.00310995)
EvolveLevel[5]: NumberOfSubCycles = 3 (933 total, 3 sub)
RebuildHierarchy: level = 4
TransferSubgridParticles[4]: Moved 4 particles, 0 stars, 0 active particles.
DetermineSGSize: MaxSubgridSize = 2000, MinSubgridEdge = 4, ncells = 58144
RebuildHierarchy[4]: Flagged 100/167 grids. 5973 flagged cells
LoadBalance: Number of grids moved = 103 out of 103 (0.00362768 seconds elapsed)
DetermineSGSize: MaxSubgridSize = 2000, MinSubgridEdge = 4, ncells = 58144
RebuildHierarchy[5]: Flagged 0/103 grids. 0 flagged cells
Level[4]: dt = 0.00311315  0.00311315 (0.0062231/0.00658718)
Level[5]: dt = 0.00146457  0.00146457 (0.00146457/0.00311315)
RebuildHierarchy: level = 5
TransferSubgridParticles[5]: Moved 1 particles, 0 stars, 0 active particles.
DetermineSGSize: MaxSubgridSize = 2000, MinSubgridEdge = 4, ncells = 58536
RebuildHierarchy[5]: Flagged 0/103 grids. 0 flagged cells
Level[5]: dt = 0.00146453  0.00146453 (0.00292909/0.00311315)
RebuildHierarchy: level = 5
TransferSubgridParticles[5]: Moved 0 particles, 0 stars, 0 active particles.
DetermineSGSize: MaxSubgridSize = 2000, MinSubgridEdge = 4, ncells = 58536
RebuildHierarchy[5]: Flagged 0/103 grids. 0 flagged cells
Level[5]: dt = 0.00018406  0.00146486 (0.00311315/0.00311315)
EvolveLevel[5]: NumberOfSubCycles = 3 (936 total, 3 sub)
Level[4]: dt = 0.000364071  0.00311858 (0.00658718/0.00658718)
Level[5]: dt = 0.000364071  0.00146492 (0.000364071/0.000364071)
EvolveLevel[5]: NumberOfSubCycles = 1 (937 total, 1 sub)
EvolveLevel[4]: NumberOfSubCycles = 3 (438 total, 3 sub)
RebuildHierarchy: level = 3
TransferSubgridParticles[3]: Moved 29 particles, 0 stars, 0 active particles.
DetermineSGSize: MaxSubgridSize = 2000, MinSubgridEdge = 4, ncells = 75576
RebuildHierarchy[3]: Flagged 165/495 grids. 7617 flagged cells
LoadBalance: Number of grids moved = 167 out of 168 (6.41756e-05 seconds elapsed)
DetermineSGSize: MaxSubgridSize = 2000, MinSubgridEdge = 4, ncells = 58536
RebuildHierarchy[4]: Flagged 100/168 grids. 5963 flagged cells
LoadBalance: Number of grids moved = 103 out of 103 (0.0039109 seconds elapsed)
DetermineSGSize: MaxSubgridSize = 2000, MinSubgridEdge = 4, ncells = 58536
RebuildHierarchy[5]: Flagged 0/103 grids. 0 flagged cells
Level[3]: dt = 0.00660234  0.00660234 (0.0131895/0.0140962)
Level[4]: dt = 0.00311931  0.00311931 (0.00311931/0.00660234)
Level[5]: dt = 0.00146502  0.00146502 (0.00146502/0.00311931)
RebuildHierarchy: level = 5
TransferSubgridParticles[5]: Moved 1 particles, 0 stars, 0 active particles.
DetermineSGSize: MaxSubgridSize = 2000, MinSubgridEdge = 4, ncells = 58440
RebuildHierarchy[5]: Flagged 0/103 grids. 0 flagged cells
Level[5]: dt = 0.00146554  0.00146554 (0.00293056/0.00311931)
RebuildHierarchy: level = 5
TransferSubgridParticles[5]: Moved 0 particles, 0 stars, 0 active particles.
DetermineSGSize: MaxSubgridSize = 2000, MinSubgridEdge = 4, ncells = 58440
RebuildHierarchy[5]: Flagged 0/103 grids. 0 flagged cells
Level[5]: dt = 0.000188757  0.0014625 (0.00311931/0.00311931)
EvolveLevel[5]: NumberOfSubCycles = 3 (940 total, 3 sub)
RebuildHierarchy: level = 4
TransferSubgridParticles[4]: Moved 3 particles, 0 stars, 0 active particles.
DetermineSGSize: MaxSubgridSize = 2000, MinSubgridEdge = 4, ncells = 58440
RebuildHierarchy[4]: Flagged 101/168 grids. 5971 flagged cells
LoadBalance: Number of grids moved = 104 out of 104 (0.00357059 seconds elapsed)
DetermineSGSize: MaxSubgridSize = 2000, MinSubgridEdge = 4, ncells = 58440
RebuildHierarchy[5]: Flagged 0/104 grids. 0 flagged cells
Level[4]: dt = 0.0031263  0.0031263 (0.00624561/0.00660234)
Level[5]: dt = 0.00146208  0.00146208 (0.00146208/0.0031263)
RebuildHierarchy: level = 5
TransferSubgridParticles[5]: Moved 0 particles, 0 stars, 0 active particles.
DetermineSGSize: MaxSubgridSize = 2000, MinSubgridEdge = 4, ncells = 58464
RebuildHierarchy[5]: Flagged 0/104 grids. 0 flagged cells
Level[5]: dt = 0.00145887  0.00145887 (0.00292094/0.0031263)
RebuildHierarchy: level = 5
TransferSubgridParticles[5]: Moved 1 particles, 0 stars, 0 active particles.
DetermineSGSize: MaxSubgridSize = 2000, MinSubgridEdge = 4, ncells = 58464
RebuildHierarchy[5]: Flagged 0/104 grids. 0 flagged cells
Level[5]: dt = 0.000205356  0.00145602 (0.0031263/0.0031263)
EvolveLevel[5]: NumberOfSubCycles = 3 (943 total, 3 sub)
Level[4]: dt = 0.00035673  0.00313461 (0.00660234/0.00660234)
Level[5]: dt = 0.00035673  0.00145563 (0.00035673/0.00035673)
EvolveLevel[5]: NumberOfSubCycles = 1 (944 total, 1 sub)
EvolveLevel[4]: NumberOfSubCycles = 3 (441 total, 3 sub)
Level[3]: dt = 0.000906636  0.00661738 (0.0140962/0.0140962)
Level[4]: dt = 0.000906636  0.00313561 (0.000906636/0.000906636)
Level[5]: dt = 0.000906636  0.00145497 (0.000906636/0.000906636)
EvolveLevel[5]: NumberOfSubCycles = 1 (945 total, 1 sub)
EvolveLevel[4]: NumberOfSubCycles = 1 (442 total, 1 sub)
EvolveLevel[3]: NumberOfSubCycles = 3 (204 total, 3 sub)
Level[2]: dt = 0.0017402  0.0141059 (0.0299234/0.0299234)
Level[3]: dt = 0.0017402  0.00661927 (0.0017402/0.0017402)
Level[4]: dt = 0.0017402  0.00313825 (0.0017402/0.0017402)
Level[5]: dt = 0.00145339  0.00145339 (0.00145339/0.0017402)
RebuildHierarchy: level = 5
TransferSubgridParticles[5]: Moved 3 particles, 0 stars, 0 active particles.
DetermineSGSize: MaxSubgridSize = 2000, MinSubgridEdge = 4, ncells = 58464
RebuildHierarchy[5]: Flagged 0/104 grids. 0 flagged cells
Level[5]: dt = 0.000286805  0.00145113 (0.0017402/0.0017402)
EvolveLevel[5]: NumberOfSubCycles = 2 (947 total, 2 sub)
EvolveLevel[4]: NumberOfSubCycles = 1 (443 total, 1 sub)
EvolveLevel[3]: NumberOfSubCycles = 1 (205 total, 1 sub)
EvolveLevel[2]: NumberOfSubCycles = 3 (93 total, 3 sub)
Level[1]: dt = 0.00489134  0.030023 (0.0646377/0.0646377)
Level[2]: dt = 0.00489134  0.0141071 (0.00489134/0.00489134)
Level[3]: dt = 0.00489134  0.00662278 (0.00489134/0.00489134)
Level[4]: dt = 0.00314356  0.00314356 (0.00314356/0.00489134)
Level[5]: dt = 0.00145069  0.00145069 (0.00145069/0.00314356)
RebuildHierarchy: level = 5
TransferSubgridParticles[5]: Moved 2 particles, 0 stars, 0 active particles.
DetermineSGSize: MaxSubgridSize = 2000, MinSubgridEdge = 4, ncells = 58464
RebuildHierarchy[5]: Flagged 0/104 grids. 0 flagged cells
Level[5]: dt = 0.00144874  0.00144874 (0.00289943/0.00314356)
RebuildHierarchy: level = 5
TransferSubgridParticles[5]: Moved 1 particles, 0 stars, 0 active particles.
DetermineSGSize: MaxSubgridSize = 2000, MinSubgridEdge = 4, ncells = 58464
RebuildHierarchy[5]: Flagged 0/104 grids. 0 flagged cells
Level[5]: dt = 0.000244129  0.00144712 (0.00314356/0.00314356)
EvolveLevel[5]: NumberOfSubCycles = 3 (950 total, 3 sub)
RebuildHierarchy: level = 4
TransferSubgridParticles[4]: Moved 16 particles, 0 stars, 0 active particles.
DetermineSGSize: MaxSubgridSize = 2000, MinSubgridEdge = 4, ncells = 58464
RebuildHierarchy[4]: Flagged 101/168 grids. 5976 flagged cells
LoadBalance: Number of grids moved = 105 out of 105 (0.00359907 seconds elapsed)
DetermineSGSize: MaxSubgridSize = 2000, MinSubgridEdge = 4, ncells = 58464
RebuildHierarchy[5]: Flagged 0/105 grids. 0 flagged cells
Level[4]: dt = 0.00174778  0.00315202 (0.00489134/0.00489134)
Level[5]: dt = 0.00144692  0.00144692 (0.00144692/0.00174778)
RebuildHierarchy: level = 5
TransferSubgridParticles[5]: Moved 1 particles, 0 stars, 0 active particles.
DetermineSGSize: MaxSubgridSize = 2000, MinSubgridEdge = 4, ncells = 57056
RebuildHierarchy[5]: Flagged 0/105 grids. 0 flagged cells
Level[5]: dt = 0.000300863  0.00144608 (0.00174778/0.00174778)
EvolveLevel[5]: NumberOfSubCycles = 2 (952 total, 2 sub)
EvolveLevel[4]: NumberOfSubCycles = 2 (445 total, 2 sub)
EvolveLevel[3]: NumberOfSubCycles = 1 (206 total, 1 sub)
EvolveLevel[2]: NumberOfSubCycles = 1 (94 total, 1 sub)
EvolveLevel[1]: NumberOfSubCycles = 3 (40 total, 3 sub)
EvolveLevel[0]: NumberOfSubCycles = 1 (14 total, 14 sub)
RebuildHierarchy: level = 0
CommunicationTransferParticles: moved = 341360
CommunicationTransferStars: moved = 0
CommunicationTransferActiveParticles: moved = 0
DetermineSGSize: MaxSubgridSize = 3060, MinSubgridEdge = 4, ncells = 13713080
RebuildHierarchy[0]: Flagged 762/1120 grids. 860063 flagged cells
LoadBalance: Number of grids moved = 9211 out of 9303 (0.371001 seconds elapsed)
DetermineSGSize: MaxSubgridSize = 2000, MinSubgridEdge = 4, ncells = 1603904
RebuildHierarchy[1]: Flagged 1046/9303 grids. 108627 flagged cells
LoadBalance: Number of grids moved = 1569 out of 1596 (0.000706505 seconds elapsed)
DetermineSGSize: MaxSubgridSize = 2000, MinSubgridEdge = 4, ncells = 347320
RebuildHierarchy[2]: Flagged 429/1596 grids. 27092 flagged cells
LoadBalance: Number of grids moved = 487 out of 504 (0.000401594 seconds elapsed)
DetermineSGSize: MaxSubgridSize = 2000, MinSubgridEdge = 4, ncells = 74776
RebuildHierarchy[3]: Flagged 173/504 grids. 7625 flagged cells
LoadBalance: Number of grids moved = 174 out of 175 (6.42836e-05 seconds elapsed)
DetermineSGSize: MaxSubgridSize = 2000, MinSubgridEdge = 4, ncells = 57056
RebuildHierarchy[4]: Flagged 102/175 grids. 5986 flagged cells
LoadBalance: Number of grids moved = 106 out of 106 (0.00367879 seconds elapsed)
DetermineSGSize: MaxSubgridSize = 2000, MinSubgridEdge = 4, ncells = 57056
RebuildHierarchy[5]: Flagged 0/106 grids. 0 flagged cells
CPUTime-output: Frac = 0.999994, Current = 218.963 (217.521), Stop = 2592000.000000, Last = 15.1653
Level[0]: dt = 0.064879  0.064879 (0.064879/0.064879)
PrepareGreens: Start = 0 52 0  Dim = 32 50 36
PrepareGreens: Start = 0 0 36  Dim = 32 52 38
PrepareGreens: Start = 0 52 36  Dim = 32 50 38
PrepareGreens: Start = 0 0 0  Dim = 32 52 36
Level[1]: dt = 0.0300404  0.0300404 (0.0300404/0.064879)
Level[2]: dt = 0.0141105  0.0141105 (0.0141105/0.0300404)
Level[3]: dt = 0.00663186  0.00663186 (0.00663186/0.0141105)
Level[4]: dt = 0.00312578  0.00312578 (0.00312578/0.00663186)
Level[5]: dt = 0.00144601  0.00144601 (0.00144601/0.00312578)
RebuildHierarchy: level = 5
TransferSubgridParticles[5]: Moved 1 particles, 0 stars, 0 active particles.
DetermineSGSize: MaxSubgridSize = 2000, MinSubgridEdge = 4, ncells = 57384
RebuildHierarchy[5]: Flagged 0/106 grids. 0 flagged cells
Level[5]: dt = 0.00144628  0.00144628 (0.00289229/0.00312578)
RebuildHierarchy: level = 5
TransferSubgridParticles[5]: Moved 1 particles, 0 stars, 0 active particles.
DetermineSGSize: MaxSubgridSize = 2000, MinSubgridEdge = 4, ncells = 57384
RebuildHierarchy[5]: Flagged 0/106 grids. 0 flagged cells
Level[5]: dt = 0.000233487  0.00144733 (0.00312578/0.00312578)
EvolveLevel[5]: NumberOfSubCycles = 3 (955 total, 3 sub)
RebuildHierarchy: level = 4
TransferSubgridParticles[4]: Moved 277 particles, 0 stars, 0 active particles.
DetermineSGSize: MaxSubgridSize = 2000, MinSubgridEdge = 4, ncells = 57384
RebuildHierarchy[4]: Flagged 102/175 grids. 5977 flagged cells
LoadBalance: Number of grids moved = 105 out of 105 (0.00357729 seconds elapsed)
DetermineSGSize: MaxSubgridSize = 2000, MinSubgridEdge = 4, ncells = 57384
RebuildHierarchy[5]: Flagged 0/105 grids. 0 flagged cells
Level[4]: dt = 0.00308249  0.00308249 (0.00620827/0.00663186)
Level[5]: dt = 0.00144761  0.00144761 (0.00144761/0.00308249)
RebuildHierarchy: level = 5
TransferSubgridParticles[5]: Moved 0 particles, 0 stars, 0 active particles.
DetermineSGSize: MaxSubgridSize = 2000, MinSubgridEdge = 4, ncells = 58472
RebuildHierarchy[5]: Flagged 0/105 grids. 0 flagged cells
Level[5]: dt = 0.00144983  0.00144983 (0.00289744/0.00308249)
RebuildHierarchy: level = 5
TransferSubgridParticles[5]: Moved 3 particles, 0 stars, 0 active particles.
DetermineSGSize: MaxSubgridSize = 2000, MinSubgridEdge = 4, ncells = 58472
RebuildHierarchy[5]: Flagged 0/105 grids. 0 flagged cells
Level[5]: dt = 0.000185051  0.00145252 (0.00308249/0.00308249)
EvolveLevel[5]: NumberOfSubCycles = 3 (958 total, 3 sub)
Level[4]: dt = 0.000423587  0.00304756 (0.00663186/0.00663186)
Level[5]: dt = 0.000423587  0.0014529 (0.000423587/0.000423587)
EvolveLevel[5]: NumberOfSubCycles = 1 (959 total, 1 sub)
EvolveLevel[4]: NumberOfSubCycles = 3 (448 total, 3 sub)
RebuildHierarchy: level = 3
TransferSubgridParticles[3]: Moved 1119 particles, 0 stars, 0 active particles.
DetermineSGSize: MaxSubgridSize = 2000, MinSubgridEdge = 4, ncells = 74928
RebuildHierarchy[3]: Flagged 172/504 grids. 7631 flagged cells
LoadBalance: Number of grids moved = 171 out of 172 (6.42911e-05 seconds elapsed)
DetermineSGSize: MaxSubgridSize = 2000, MinSubgridEdge = 4, ncells = 58472
RebuildHierarchy[4]: Flagged 103/172 grids. 5994 flagged cells
LoadBalance: Number of grids moved = 107 out of 107 (0.00391203 seconds elapsed)
DetermineSGSize: MaxSubgridSize = 2000, MinSubgridEdge = 4, ncells = 58472
RebuildHierarchy[5]: Flagged 0/107 grids. 0 flagged cells
Level[3]: dt = 0.00664265  0.00664265 (0.0132745/0.0141105)
Level[4]: dt = 0.0030437  0.0030437 (0.0030437/0.00664265)
Level[5]: dt = 0.00145378  0.00145378 (0.00145378/0.0030437)
RebuildHierarchy: level = 5
TransferSubgridParticles[5]: Moved 1 particles, 0 stars, 0 active particles.
DetermineSGSize: MaxSubgridSize = 2000, MinSubgridEdge = 4, ncells = 58672
RebuildHierarchy[5]: Flagged 0/107 grids. 0 flagged cells
Level[5]: dt = 0.00145649  0.00145649 (0.00291028/0.0030437)
RebuildHierarchy: level = 5
TransferSubgridParticles[5]: Moved 4 particles, 0 stars, 0 active particles.
DetermineSGSize: MaxSubgridSize = 2000, MinSubgridEdge = 4, ncells = 58672
RebuildHierarchy[5]: Flagged 0/107 grids. 0 flagged cells
Level[5]: dt = 0.000133423  0.00145485 (0.0030437/0.0030437)
EvolveLevel[5]: NumberOfSubCycles = 3 (962 total, 3 sub)
RebuildHierarchy: level = 4
TransferSubgridParticles[4]: Moved 5 particles, 0 stars, 0 active particles.
DetermineSGSize: MaxSubgridSize = 2000, MinSubgridEdge = 4, ncells = 58672
RebuildHierarchy[4]: Flagged 102/172 grids. 5982 flagged cells
LoadBalance: Number of grids moved = 106 out of 106 (0.00384522 seconds elapsed)
DetermineSGSize: MaxSubgridSize = 2000, MinSubgridEdge = 4, ncells = 58672
RebuildHierarchy[5]: Flagged 0/106 grids. 0 flagged cells
Level[4]: dt = 0.00302303  0.00302303 (0.00606673/0.00664265)
Level[5]: dt = 0.00145472  0.00145472 (0.00145472/0.00302303)
RebuildHierarchy: level = 5
TransferSubgridParticles[5]: Moved 5 particles, 0 stars, 0 active particles.
DetermineSGSize: MaxSubgridSize = 2000, MinSubgridEdge = 4, ncells = 58704
RebuildHierarchy[5]: Flagged 0/106 grids. 0 flagged cells
Level[5]: dt = 0.00145356  0.00145356 (0.00290828/0.00302303)
RebuildHierarchy: level = 5
TransferSubgridParticles[5]: Moved 1 particles, 0 stars, 0 active particles.
DetermineSGSize: MaxSubgridSize = 2000, MinSubgridEdge = 4, ncells = 58704
RebuildHierarchy[5]: Flagged 0/106 grids. 0 flagged cells
Level[5]: dt = 0.000114748  0.00145294 (0.00302303/0.00302303)
EvolveLevel[5]: NumberOfSubCycles = 3 (965 total, 3 sub)
Level[4]: dt = 0.000575924  0.00301357 (0.00664265/0.00664265)
Level[5]: dt = 0.000575924  0.00145291 (0.000575924/0.000575924)
EvolveLevel[5]: NumberOfSubCycles = 1 (966 total, 1 sub)
EvolveLevel[4]: NumberOfSubCycles = 3 (451 total, 3 sub)
Level[3]: dt = 0.000835998  0.0065786 (0.0141105/0.0141105)
Level[4]: dt = 0.000835998  0.00301273 (0.000835998/0.000835998)
Level[5]: dt = 0.000835998  0.00145282 (0.000835998/0.000835998)
EvolveLevel[5]: NumberOfSubCycles = 1 (967 total, 1 sub)
EvolveLevel[4]: NumberOfSubCycles = 1 (452 total, 1 sub)
EvolveLevel[3]: NumberOfSubCycles = 3 (209 total, 3 sub)
RebuildHierarchy: level = 2
TransferSubgridParticles[2]: Moved 8636 particles, 0 stars, 0 active particles.
DetermineSGSize: MaxSubgridSize = 2000, MinSubgridEdge = 4, ncells = 339280
RebuildHierarchy[2]: Flagged 438/1596 grids. 27478 flagged cells
LoadBalance: Number of grids moved = 493 out of 515 (0.0004123 seconds elapsed)
DetermineSGSize: MaxSubgridSize = 2000, MinSubgridEdge = 4, ncells = 77288
RebuildHierarchy[3]: Flagged 173/515 grids. 7742 flagged cells
LoadBalance: Number of grids moved = 172 out of 173 (6.46934e-05 seconds elapsed)
DetermineSGSize: MaxSubgridSize = 2000, MinSubgridEdge = 4, ncells = 58704
RebuildHierarchy[4]: Flagged 104/173 grids. 6023 flagged cells
LoadBalance: Number of grids moved = 108 out of 108 (0.00370045 seconds elapsed)
DetermineSGSize: MaxSubgridSize = 2000, MinSubgridEdge = 4, ncells = 58704
RebuildHierarchy[5]: Flagged 0/108 grids. 0 flagged cells
Level[2]: dt = 0.0141206  0.0141206 (0.0282311/0.0300404)
Level[3]: dt = 0.00656866  0.00656866 (0.00656866/0.0141206)
Level[4]: dt = 0.00301189  0.00301189 (0.00301189/0.00656866)
Level[5]: dt = 0.00145283  0.00145283 (0.00145283/0.00301189)
RebuildHierarchy: level = 5
TransferSubgridParticles[5]: Moved 1 particles, 0 stars, 0 active particles.
DetermineSGSize: MaxSubgridSize = 2000, MinSubgridEdge = 4, ncells = 58608
RebuildHierarchy[5]: Flagged 0/108 grids. 0 flagged cells
Level[5]: dt = 0.00145327  0.00145327 (0.0029061/0.00301189)
RebuildHierarchy: level = 5
TransferSubgridParticles[5]: Moved 1 particles, 0 stars, 0 active particles.
DetermineSGSize: MaxSubgridSize = 2000, MinSubgridEdge = 4, ncells = 58608
RebuildHierarchy[5]: Flagged 0/108 grids. 0 flagged cells
Level[5]: dt = 0.000105787  0.00145408 (0.00301189/0.00301189)
EvolveLevel[5]: NumberOfSubCycles = 3 (970 total, 3 sub)
RebuildHierarchy: level = 4
TransferSubgridParticles[4]: Moved 4 particles, 0 stars, 0 active particles.
DetermineSGSize: MaxSubgridSize = 2000, MinSubgridEdge = 4, ncells = 58608
RebuildHierarchy[4]: Flagged 103/173 grids. 5965 flagged cells
LoadBalance: Number of grids moved = 109 out of 109 (0.00387855 seconds elapsed)
DetermineSGSize: MaxSubgridSize = 2000, MinSubgridEdge = 4, ncells = 58608
RebuildHierarchy[5]: Flagged 0/109 grids. 0 flagged cells
Level[4]: dt = 0.00301205  0.00301205 (0.00602394/0.00656866)
Level[5]: dt = 0.00145416  0.00145416 (0.00145416/0.00301205)
RebuildHierarchy: level = 5
TransferSubgridParticles[5]: Moved 1 particles, 0 stars, 0 active particles.
DetermineSGSize: MaxSubgridSize = 2000, MinSubgridEdge = 4, ncells = 56872
RebuildHierarchy[5]: Flagged 0/109 grids. 0 flagged cells
Level[5]: dt = 0.00145543  0.00145543 (0.00290959/0.00301205)
RebuildHierarchy: level = 5
TransferSubgridParticles[5]: Moved 5 particles, 0 stars, 0 active particles.
DetermineSGSize: MaxSubgridSize = 2000, MinSubgridEdge = 4, ncells = 56872
RebuildHierarchy[5]: Flagged 0/109 grids. 0 flagged cells
Level[5]: dt = 0.00010246  0.00145711 (0.00301205/0.00301205)
EvolveLevel[5]: NumberOfSubCycles = 3 (973 total, 3 sub)
Level[4]: dt = 0.000544727  0.00301592 (0.00656866/0.00656866)
Level[5]: dt = 0.000544727  0.00145723 (0.000544727/0.000544727)
EvolveLevel[5]: NumberOfSubCycles = 1 (974 total, 1 sub)
EvolveLevel[4]: NumberOfSubCycles = 3 (455 total, 3 sub)
RebuildHierarchy: level = 3
TransferSubgridParticles[3]: Moved 48 particles, 0 stars, 0 active particles.
DetermineSGSize: MaxSubgridSize = 2000, MinSubgridEdge = 4, ncells = 77808
RebuildHierarchy[3]: Flagged 173/515 grids. 7717 flagged cells
LoadBalance: Number of grids moved = 172 out of 173 (6.45071e-05 seconds elapsed)
DetermineSGSize: MaxSubgridSize = 2000, MinSubgridEdge = 4, ncells = 56872
RebuildHierarchy[4]: Flagged 104/173 grids. 6020 flagged cells
LoadBalance: Number of grids moved = 110 out of 110 (0.00382952 seconds elapsed)
DetermineSGSize: MaxSubgridSize = 2000, MinSubgridEdge = 4, ncells = 56872
RebuildHierarchy[5]: Flagged 0/110 grids. 0 flagged cells
Level[3]: dt = 0.00651075  0.00651075 (0.0130794/0.0141206)
Level[4]: dt = 0.0030168  0.0030168 (0.0030168/0.00651075)
Level[5]: dt = 0.00145792  0.00145792 (0.00145792/0.0030168)
RebuildHierarchy: level = 5
TransferSubgridParticles[5]: Moved 1 particles, 0 stars, 0 active particles.
DetermineSGSize: MaxSubgridSize = 2000, MinSubgridEdge = 4, ncells = 57728
RebuildHierarchy[5]: Flagged 0/110 grids. 0 flagged cells
Level[5]: dt = 0.00145806  0.00145806 (0.00291598/0.0030168)
RebuildHierarchy: level = 5
TransferSubgridParticles[5]: Moved 1 particles, 0 stars, 0 active particles.
DetermineSGSize: MaxSubgridSize = 2000, MinSubgridEdge = 4, ncells = 57728
RebuildHierarchy[5]: Flagged 0/110 grids. 0 flagged cells
Level[5]: dt = 0.00010082  0.00145624 (0.0030168/0.0030168)
EvolveLevel[5]: NumberOfSubCycles = 3 (977 total, 3 sub)
RebuildHierarchy: level = 4
TransferSubgridParticles[4]: Moved 5 particles, 0 stars, 0 active particles.
DetermineSGSize: MaxSubgridSize = 2000, MinSubgridEdge = 4, ncells = 57728
RebuildHierarchy[4]: Flagged 103/173 grids. 6009 flagged cells
LoadBalance: Number of grids moved = 109 out of 109 (0.00374485 seconds elapsed)
DetermineSGSize: MaxSubgridSize = 2000, MinSubgridEdge = 4, ncells = 57728
RebuildHierarchy[5]: Flagged 0/109 grids. 0 flagged cells
Level[4]: dt = 0.00302139  0.00302139 (0.00603818/0.00651075)
Level[5]: dt = 0.00145615  0.00145615 (0.00145615/0.00302139)
RebuildHierarchy: level = 5
TransferSubgridParticles[5]: Moved 1 particles, 0 stars, 0 active particles.
DetermineSGSize: MaxSubgridSize = 2000, MinSubgridEdge = 4, ncells = 57712
RebuildHierarchy[5]: Flagged 0/109 grids. 0 flagged cells
Level[5]: dt = 0.00145519  0.00145519 (0.00291134/0.00302139)
RebuildHierarchy: level = 5
TransferSubgridParticles[5]: Moved 1 particles, 0 stars, 0 active particles.
DetermineSGSize: MaxSubgridSize = 2000, MinSubgridEdge = 4, ncells = 57712
RebuildHierarchy[5]: Flagged 0/109 grids. 0 flagged cells
Level[5]: dt = 0.000110046  0.00145507 (0.00302139/0.00302139)
EvolveLevel[5]: NumberOfSubCycles = 3 (980 total, 3 sub)
Level[4]: dt = 0.000472569  0.00302549 (0.00651075/0.00651075)
Level[5]: dt = 0.000472569  0.00145507 (0.000472569/0.000472569)
EvolveLevel[5]: NumberOfSubCycles = 1 (981 total, 1 sub)
EvolveLevel[4]: NumberOfSubCycles = 3 (458 total, 3 sub)
Level[3]: dt = 0.0010412  0.00644713 (0.0141206/0.0141206)
Level[4]: dt = 0.0010412  0.00302609 (0.0010412/0.0010412)
Level[5]: dt = 0.0010412  0.00145514 (0.0010412/0.0010412)
EvolveLevel[5]: NumberOfSubCycles = 1 (982 total, 1 sub)
EvolveLevel[4]: NumberOfSubCycles = 1 (459 total, 1 sub)
EvolveLevel[3]: NumberOfSubCycles = 3 (212 total, 3 sub)
Level[2]: dt = 0.00180926  0.0141312 (0.0300404/0.0300404)
Level[3]: dt = 0.00180926  0.00642856 (0.00180926/0.00180926)
Level[4]: dt = 0.00180926  0.00302734 (0.00180926/0.00180926)
Level[5]: dt = 0.00145552  0.00145552 (0.00145552/0.00180926)
RebuildHierarchy: level = 5
TransferSubgridParticles[5]: Moved 1 particles, 0 stars, 0 active particles.
DetermineSGSize: MaxSubgridSize = 2000, MinSubgridEdge = 4, ncells = 57712
RebuildHierarchy[5]: Flagged 0/109 grids. 0 flagged cells
Level[5]: dt = 0.000353746  0.00145612 (0.00180926/0.00180926)
EvolveLevel[5]: NumberOfSubCycles = 2 (984 total, 2 sub)
EvolveLevel[4]: NumberOfSubCycles = 1 (460 total, 1 sub)
EvolveLevel[3]: NumberOfSubCycles = 1 (213 total, 1 sub)
EvolveLevel[2]: NumberOfSubCycles = 3 (97 total, 3 sub)
RebuildHierarchy: level = 1
TransferSubgridParticles[1]: Moved 106967 particles, 0 stars, 0 active particles.
DetermineSGSize: MaxSubgridSize = 2000, MinSubgridEdge = 4, ncells = 1628480
RebuildHierarchy[1]: Flagged 1049/9303 grids. 109930 flagged cells
LoadBalance: Number of grids moved = 1560 out of 1599 (0.000720486 seconds elapsed)
DetermineSGSize: MaxSubgridSize = 2000, MinSubgridEdge = 4, ncells = 345496
RebuildHierarchy[2]: Flagged 441/1599 grids. 27585 flagged cells
LoadBalance: Number of grids moved = 499 out of 520 (0.000417709 seconds elapsed)
DetermineSGSize: MaxSubgridSize = 2000, MinSubgridEdge = 4, ncells = 77744
RebuildHierarchy[3]: Flagged 174/520 grids. 7819 flagged cells
LoadBalance: Number of grids moved = 174 out of 175 (6.64257e-05 seconds elapsed)
DetermineSGSize: MaxSubgridSize = 2000, MinSubgridEdge = 4, ncells = 57712
RebuildHierarchy[4]: Flagged 106/175 grids. 6068 flagged cells
LoadBalance: Number of grids moved = 112 out of 112 (0.00385047 seconds elapsed)
DetermineSGSize: MaxSubgridSize = 2000, MinSubgridEdge = 4, ncells = 57712
RebuildHierarchy[5]: Flagged 0/112 grids. 0 flagged cells
Level[1]: dt = 0.0301443  0.0301443 (0.0601847/0.064879)
Level[2]: dt = 0.0141326  0.0141326 (0.0141326/0.0301443)
Level[3]: dt = 0.00639851  0.00639851 (0.00639851/0.0141326)
Level[4]: dt = 0.00302977  0.00302977 (0.00302977/0.00639851)
Level[5]: dt = 0.00145626  0.00145626 (0.00145626/0.00302977)
RebuildHierarchy: level = 5
TransferSubgridParticles[5]: Moved 2 particles, 0 stars, 0 active particles.
DetermineSGSize: MaxSubgridSize = 2000, MinSubgridEdge = 4, ncells = 58112
RebuildHierarchy[5]: Flagged 0/112 grids. 0 flagged cells
Level[5]: dt = 0.0014565  0.0014565 (0.00291275/0.00302977)
RebuildHierarchy: level = 5
TransferSubgridParticles[5]: Moved 0 particles, 0 stars, 0 active particles.
DetermineSGSize: MaxSubgridSize = 2000, MinSubgridEdge = 4, ncells = 58112
RebuildHierarchy[5]: Flagged 0/112 grids. 0 flagged cells
Level[5]: dt = 0.000117016  0.00145285 (0.00302977/0.00302977)
EvolveLevel[5]: NumberOfSubCycles = 3 (987 total, 3 sub)
RebuildHierarchy: level = 4
TransferSubgridParticles[4]: Moved 4 particles, 0 stars, 0 active particles.
DetermineSGSize: MaxSubgridSize = 2000, MinSubgridEdge = 4, ncells = 58112
RebuildHierarchy[4]: Flagged 106/175 grids. 6051 flagged cells
LoadBalance: Number of grids moved = 112 out of 112 (0.00376563 seconds elapsed)
DetermineSGSize: MaxSubgridSize = 2000, MinSubgridEdge = 4, ncells = 58112
RebuildHierarchy[5]: Flagged 0/112 grids. 0 flagged cells
Level[4]: dt = 0.0030344  0.0030344 (0.00606417/0.00639851)
Level[5]: dt = 0.00145257  0.00145257 (0.00145257/0.0030344)
RebuildHierarchy: level = 5
TransferSubgridParticles[5]: Moved 2 particles, 0 stars, 0 active particles.
DetermineSGSize: MaxSubgridSize = 2000, MinSubgridEdge = 4, ncells = 57896
RebuildHierarchy[5]: Flagged 0/112 grids. 0 flagged cells
Level[5]: dt = 0.00144941  0.00144941 (0.00290199/0.0030344)
RebuildHierarchy: level = 5
TransferSubgridParticles[5]: Moved 1 particles, 0 stars, 0 active particles.
DetermineSGSize: MaxSubgridSize = 2000, MinSubgridEdge = 4, ncells = 57896
RebuildHierarchy[5]: Flagged 0/112 grids. 0 flagged cells
Level[5]: dt = 0.000132419  0.00144612 (0.0030344/0.0030344)
EvolveLevel[5]: NumberOfSubCycles = 3 (990 total, 3 sub)
Level[4]: dt = 0.000334338  0.00303958 (0.00639851/0.00639851)
Level[5]: dt = 0.000334338  0.00144583 (0.000334338/0.000334338)
EvolveLevel[5]: NumberOfSubCycles = 1 (991 total, 1 sub)
EvolveLevel[4]: NumberOfSubCycles = 3 (463 total, 3 sub)
RebuildHierarchy: level = 3
TransferSubgridParticles[3]: Moved 42 particles, 0 stars, 0 active particles.
DetermineSGSize: MaxSubgridSize = 2000, MinSubgridEdge = 4, ncells = 79608
RebuildHierarchy[3]: Flagged 176/520 grids. 7882 flagged cells
LoadBalance: Number of grids moved = 176 out of 177 (6.44401e-05 seconds elapsed)
DetermineSGSize: MaxSubgridSize = 2000, MinSubgridEdge = 4, ncells = 57896
RebuildHierarchy[4]: Flagged 105/177 grids. 6074 flagged cells
LoadBalance: Number of grids moved = 111 out of 111 (0.00345096 seconds elapsed)
DetermineSGSize: MaxSubgridSize = 2000, MinSubgridEdge = 4, ncells = 57896
RebuildHierarchy[5]: Flagged 0/111 grids. 0 flagged cells
Level[3]: dt = 0.00632863  0.00632863 (0.0127271/0.0141326)
Level[4]: dt = 0.00304016  0.00304016 (0.00304016/0.00632863)
Level[5]: dt = 0.00144514  0.00144514 (0.00144514/0.00304016)
RebuildHierarchy: level = 5
TransferSubgridParticles[5]: Moved 2 particles, 0 stars, 0 active particles.
DetermineSGSize: MaxSubgridSize = 2000, MinSubgridEdge = 4, ncells = 58216
RebuildHierarchy[5]: Flagged 0/111 grids. 0 flagged cells
Level[5]: dt = 0.00144215  0.00144215 (0.00288729/0.00304016)
RebuildHierarchy: level = 5
TransferSubgridParticles[5]: Moved 0 particles, 0 stars, 0 active particles.
DetermineSGSize: MaxSubgridSize = 2000, MinSubgridEdge = 4, ncells = 58216
RebuildHierarchy[5]: Flagged 0/111 grids. 0 flagged cells
Level[5]: dt = 0.000152871  0.00143952 (0.00304016/0.00304016)
EvolveLevel[5]: NumberOfSubCycles = 3 (994 total, 3 sub)
RebuildHierarchy: level = 4
TransferSubgridParticles[4]: Moved 2 particles, 0 stars, 0 active particles.
DetermineSGSize: MaxSubgridSize = 2000, MinSubgridEdge = 4, ncells = 58216
RebuildHierarchy[4]: Flagged 105/177 grids. 6080 flagged cells
LoadBalance: Number of grids moved = 111 out of 111 (0.00363986 seconds elapsed)
DetermineSGSize: MaxSubgridSize = 2000, MinSubgridEdge = 4, ncells = 58216
RebuildHierarchy[5]: Flagged 0/111 grids. 0 flagged cells
Level[4]: dt = 0.0030456  0.0030456 (0.00608576/0.00632863)
Level[5]: dt = 0.00143926  0.00143926 (0.00143926/0.0030456)
RebuildHierarchy: level = 5
TransferSubgridParticles[5]: Moved 1 particles, 0 stars, 0 active particles.
DetermineSGSize: MaxSubgridSize = 2000, MinSubgridEdge = 4, ncells = 58296
RebuildHierarchy[5]: Flagged 0/111 grids. 0 flagged cells
Level[5]: dt = 0.00143699  0.00143699 (0.00287625/0.0030456)
RebuildHierarchy: level = 5
TransferSubgridParticles[5]: Moved 2 particles, 0 stars, 0 active particles.
DetermineSGSize: MaxSubgridSize = 2000, MinSubgridEdge = 4, ncells = 58296
RebuildHierarchy[5]: Flagged 0/111 grids. 0 flagged cells
Level[5]: dt = 0.00016935  0.00143511 (0.0030456/0.0030456)
EvolveLevel[5]: NumberOfSubCycles = 3 (997 total, 3 sub)
Level[4]: dt = 0.000242867  0.00305096 (0.00632863/0.00632863)
Level[5]: dt = 0.000242867  0.00143492 (0.000242867/0.000242867)
EvolveLevel[5]: NumberOfSubCycles = 1 (998 total, 1 sub)
EvolveLevel[4]: NumberOfSubCycles = 3 (466 total, 3 sub)
Level[3]: dt = 0.00140546  0.00632538 (0.0141326/0.0141326)
Level[4]: dt = 0.00140546  0.00305137 (0.00140546/0.00140546)
Level[5]: dt = 0.00140546  0.00143464 (0.00140546/0.00140546)
EvolveLevel[5]: NumberOfSubCycles = 1 (999 total, 1 sub)
EvolveLevel[4]: NumberOfSubCycles = 1 (467 total, 1 sub)
EvolveLevel[3]: NumberOfSubCycles = 3 (216 total, 3 sub)
RebuildHierarchy: level = 2
TransferSubgridParticles[2]: Moved 293 particles, 0 stars, 0 active particles.
DetermineSGSize: MaxSubgridSize = 2000, MinSubgridEdge = 4, ncells = 349744
RebuildHierarchy[2]: Flagged 443/1599 grids. 27589 flagged cells
LoadBalance: Number of grids moved = 504 out of 523 (0.000417341 seconds elapsed)
DetermineSGSize: MaxSubgridSize = 2000, MinSubgridEdge = 4, ncells = 79904
RebuildHierarchy[3]: Flagged 177/523 grids. 7885 flagged cells
LoadBalance: Number of grids moved = 177 out of 178 (6.33001e-05 seconds elapsed)
DetermineSGSize: MaxSubgridSize = 2000, MinSubgridEdge = 4, ncells = 58296
RebuildHierarchy[4]: Flagged 107/178 grids. 6069 flagged cells
LoadBalance: Number of grids moved = 112 out of 112 (0.0034671 seconds elapsed)
DetermineSGSize: MaxSubgridSize = 2000, MinSubgridEdge = 4, ncells = 58296
RebuildHierarchy[5]: Flagged 0/112 grids. 0 flagged cells
Level[2]: dt = 0.0141434  0.0141434 (0.028276/0.0301443)
Level[3]: dt = 0.00633032  0.00633032 (0.00633032/0.0141434)
Level[4]: dt = 0.00305378  0.00305378 (0.00305378/0.00633032)
Level[5]: dt = 0.00143325  0.00143325 (0.00143325/0.00305378)
RebuildHierarchy: level = 5
TransferSubgridParticles[5]: Moved 0 particles, 0 stars, 0 active particles.
DetermineSGSize: MaxSubgridSize = 2000, MinSubgridEdge = 4, ncells = 58184
RebuildHierarchy[5]: Flagged 0/112 grids. 0 flagged cells
Level[5]: dt = 0.00143221  0.00143221 (0.00286546/0.00305378)
RebuildHierarchy: level = 5
TransferSubgridParticles[5]: Moved 1 particles, 0 stars, 0 active particles.
DetermineSGSize: MaxSubgridSize = 2000, MinSubgridEdge = 4, ncells = 58184
RebuildHierarchy[5]: Flagged 0/112 grids. 0 flagged cells
Level[5]: dt = 0.000188327  0.0014314 (0.00305378/0.00305378)
EvolveLevel[5]: NumberOfSubCycles = 3 (1002 total, 3 sub)
RebuildHierarchy: level = 4
TransferSubgridParticles[4]: Moved 2 particles, 0 stars, 0 active particles.
DetermineSGSize: MaxSubgridSize = 2000, MinSubgridEdge = 4, ncells = 58184
RebuildHierarchy[4]: Flagged 106/178 grids. 6079 flagged cells
LoadBalance: Number of grids moved = 111 out of 111 (0.00345064 seconds elapsed)
DetermineSGSize: MaxSubgridSize = 2000, MinSubgridEdge = 4, ncells = 58184
RebuildHierarchy[5]: Flagged 0/111 grids. 0 flagged cells
Level[4]: dt = 0.00305912  0.00305912 (0.0061129/0.00633032)
Level[5]: dt = 0.0014313  0.0014313 (0.0014313/0.00305912)
RebuildHierarchy: level = 5
TransferSubgridParticles[5]: Moved 1 particles, 0 stars, 0 active particles.
DetermineSGSize: MaxSubgridSize = 2000, MinSubgridEdge = 4, ncells = 58296
RebuildHierarchy[5]: Flagged 0/111 grids. 0 flagged cells
Level[5]: dt = 0.00143083  0.00143083 (0.00286213/0.00305912)
RebuildHierarchy: level = 5
TransferSubgridParticles[5]: Moved 4 particles, 0 stars, 0 active particles.
DetermineSGSize: MaxSubgridSize = 2000, MinSubgridEdge = 4, ncells = 58296
RebuildHierarchy[5]: Flagged 0/111 grids. 0 flagged cells
Level[5]: dt = 0.000196984  0.00143055 (0.00305912/0.00305912)
EvolveLevel[5]: NumberOfSubCycles = 3 (1005 total, 3 sub)
Level[4]: dt = 0.000217415  0.00306452 (0.00633032/0.00633032)
Level[5]: dt = 0.000217415  0.00143052 (0.000217415/0.000217415)
EvolveLevel[5]: NumberOfSubCycles = 1 (1006 total, 1 sub)
EvolveLevel[4]: NumberOfSubCycles = 3 (470 total, 3 sub)
RebuildHierarchy: level = 3
TransferSubgridParticles[3]: Moved 37 particles, 0 stars, 0 active particles.
DetermineSGSize: MaxSubgridSize = 2000, MinSubgridEdge = 4, ncells = 79424
RebuildHierarchy[3]: Flagged 180/523 grids. 7948 flagged cells
LoadBalance: Number of grids moved = 180 out of 181 (6.60159e-05 seconds elapsed)
DetermineSGSize: MaxSubgridSize = 2000, MinSubgridEdge = 4, ncells = 58296
RebuildHierarchy[4]: Flagged 104/181 grids. 6078 flagged cells
LoadBalance: Number of grids moved = 109 out of 109 (0.00339522 seconds elapsed)
DetermineSGSize: MaxSubgridSize = 2000, MinSubgridEdge = 4, ncells = 58296
RebuildHierarchy[5]: Flagged 0/109 grids. 0 flagged cells
Level[3]: dt = 0.0063622  0.0063622 (0.0126925/0.0141434)
Level[4]: dt = 0.0030649  0.0030649 (0.0030649/0.0063622)
Level[5]: dt = 0.00143049  0.00143049 (0.00143049/0.0030649)
RebuildHierarchy: level = 5
TransferSubgridParticles[5]: Moved 0 particles, 0 stars, 0 active particles.
DetermineSGSize: MaxSubgridSize = 2000, MinSubgridEdge = 4, ncells = 58272
RebuildHierarchy[5]: Flagged 0/109 grids. 0 flagged cells
Level[5]: dt = 0.00143078  0.00143078 (0.00286127/0.0030649)
RebuildHierarchy: level = 5
TransferSubgridParticles[5]: Moved 3 particles, 0 stars, 0 active particles.
DetermineSGSize: MaxSubgridSize = 2000, MinSubgridEdge = 4, ncells = 58272
RebuildHierarchy[5]: Flagged 0/109 grids. 0 flagged cells
Level[5]: dt = 0.000203627  0.0014315 (0.0030649/0.0030649)
EvolveLevel[5]: NumberOfSubCycles = 3 (1009 total, 3 sub)
RebuildHierarchy: level = 4
TransferSubgridParticles[4]: Moved 5 particles, 0 stars, 0 active particles.
DetermineSGSize: MaxSubgridSize = 2000, MinSubgridEdge = 4, ncells = 58272
RebuildHierarchy[4]: Flagged 104/181 grids. 6075 flagged cells
LoadBalance: Number of grids moved = 108 out of 108 (0.00332202 seconds elapsed)
DetermineSGSize: MaxSubgridSize = 2000, MinSubgridEdge = 4, ncells = 58272
RebuildHierarchy[5]: Flagged 0/108 grids. 0 flagged cells
Level[4]: dt = 0.00307034  0.00307034 (0.00613524/0.0063622)
Level[5]: dt = 0.00143164  0.00143164 (0.00143164/0.00307034)
RebuildHierarchy: level = 5
TransferSubgridParticles[5]: Moved 2 particles, 0 stars, 0 active particles.
DetermineSGSize: MaxSubgridSize = 2000, MinSubgridEdge = 4, ncells = 58888
RebuildHierarchy[5]: Flagged 0/108 grids. 0 flagged cells
Level[5]: dt = 0.00143307  0.00143307 (0.00286472/0.00307034)
RebuildHierarchy: level = 5
TransferSubgridParticles[5]: Moved 2 particles, 0 stars, 0 active particles.
DetermineSGSize: MaxSubgridSize = 2000, MinSubgridEdge = 4, ncells = 58888
RebuildHierarchy[5]: Flagged 0/108 grids. 0 flagged cells
Level[5]: dt = 0.000205628  0.00143489 (0.00307034/0.00307034)
EvolveLevel[5]: NumberOfSubCycles = 3 (1012 total, 3 sub)
Level[4]: dt = 0.000226958  0.00307577 (0.0063622/0.0063622)
Level[5]: dt = 0.000226958  0.00143519 (0.000226958/0.000226958)
EvolveLevel[5]: NumberOfSubCycles = 1 (1013 total, 1 sub)
EvolveLevel[4]: NumberOfSubCycles = 3 (473 total, 3 sub)
Level[3]: dt = 0.00145085  0.00639724 (0.0141434/0.0141434)
Level[4]: dt = 0.00145085  0.00307616 (0.00145085/0.00145085)
Level[5]: dt = 0.00145085  0.00143552 (0.00145085/0.00145085)
EvolveLevel[5]: NumberOfSubCycles = 1 (1014 total, 1 sub)
EvolveLevel[4]: NumberOfSubCycles = 1 (474 total, 1 sub)
EvolveLevel[3]: NumberOfSubCycles = 3 (219 total, 3 sub)
Level[2]: dt = 0.00186836  0.0141572 (0.0301443/0.0301443)
Level[3]: dt = 0.00186836  0.00640425 (0.00186836/0.00186836)
Level[4]: dt = 0.00186836  0.00307868 (0.00186836/0.00186836)
Level[5]: dt = 0.00143805  0.00143805 (0.00143805/0.00186836)
RebuildHierarchy: level = 5
TransferSubgridParticles[5]: Moved 4 particles, 0 stars, 0 active particles.
DetermineSGSize: MaxSubgridSize = 2000, MinSubgridEdge = 4, ncells = 58888
RebuildHierarchy[5]: Flagged 0/108 grids. 0 flagged cells
Level[5]: dt = 0.000430315  0.00144104 (0.00186836/0.00186836)
EvolveLevel[5]: NumberOfSubCycles = 2 (1016 total, 2 sub)
EvolveLevel[4]: NumberOfSubCycles = 1 (475 total, 1 sub)
EvolveLevel[3]: NumberOfSubCycles = 1 (220 total, 1 sub)
EvolveLevel[2]: NumberOfSubCycles = 3 (100 total, 3 sub)
Level[1]: dt = 0.0046943  0.0302173 (0.064879/0.064879)
Level[2]: dt = 0.0046943  0.0141593 (0.0046943/0.0046943)
Level[3]: dt = 0.0046943  0.00641258 (0.0046943/0.0046943)
Level[4]: dt = 0.00308192  0.00308192 (0.00308192/0.0046943)
Level[5]: dt = 0.00144201  0.00144201 (0.00144201/0.00308192)
RebuildHierarchy: level = 5
TransferSubgridParticles[5]: Moved 1 particles, 0 stars, 0 active particles.
DetermineSGSize: MaxSubgridSize = 2000, MinSubgridEdge = 4, ncells = 58888
RebuildHierarchy[5]: Flagged 0/108 grids. 0 flagged cells
Level[5]: dt = 0.00144342  0.00144342 (0.00288543/0.00308192)
RebuildHierarchy: level = 5
TransferSubgridParticles[5]: Moved 2 particles, 0 stars, 0 active particles.
DetermineSGSize: MaxSubgridSize = 2000, MinSubgridEdge = 4, ncells = 58888
RebuildHierarchy[5]: Flagged 0/108 grids. 0 flagged cells
Level[5]: dt = 0.000196483  0.00143781 (0.00308192/0.00308192)
EvolveLevel[5]: NumberOfSubCycles = 3 (1019 total, 3 sub)
RebuildHierarchy: level = 4
TransferSubgridParticles[4]: Moved 22 particles, 0 stars, 0 active particles.
DetermineSGSize: MaxSubgridSize = 2000, MinSubgridEdge = 4, ncells = 58888
RebuildHierarchy[4]: Flagged 104/181 grids. 6120 flagged cells
LoadBalance: Number of grids moved = 108 out of 108 (0.00351984 seconds elapsed)
DetermineSGSize: MaxSubgridSize = 2000, MinSubgridEdge = 4, ncells = 58888
RebuildHierarchy[5]: Flagged 0/108 grids. 0 flagged cells
Level[4]: dt = 0.00161239  0.00308728 (0.0046943/0.0046943)
Level[5]: dt = 0.00143707  0.00143707 (0.00143707/0.00161239)
RebuildHierarchy: level = 5
TransferSubgridParticles[5]: Moved 1 particles, 0 stars, 0 active particles.
DetermineSGSize: MaxSubgridSize = 2000, MinSubgridEdge = 4, ncells = 59096
RebuildHierarchy[5]: Flagged 0/108 grids. 0 flagged cells
Level[5]: dt = 0.000175313  0.00143182 (0.00161239/0.00161239)
EvolveLevel[5]: NumberOfSubCycles = 2 (1021 total, 2 sub)
EvolveLevel[4]: NumberOfSubCycles = 2 (477 total, 2 sub)
EvolveLevel[3]: NumberOfSubCycles = 1 (221 total, 1 sub)
EvolveLevel[2]: NumberOfSubCycles = 1 (101 total, 1 sub)
EvolveLevel[1]: NumberOfSubCycles = 3 (43 total, 3 sub)
EvolveLevel[0]: NumberOfSubCycles = 1 (15 total, 15 sub)
CPUTime-output: Frac = 0.999993, Current = 235.233 (235.233), Stop = 2592000.000000, Last = 17.712
Level[0]: dt = 0.0650948  0.0650948 (0.0650948/0.0650948)
Level[1]: dt = 0.0302209  0.0302209 (0.0302209/0.0650948)
Level[2]: dt = 0.0141646  0.0141646 (0.0141646/0.0302209)
Level[3]: dt = 0.00642888  0.00642888 (0.00642888/0.0141646)
Level[4]: dt = 0.00309009  0.00309009 (0.00309009/0.00642888)
Level[5]: dt = 0.00143122  0.00143122 (0.00143122/0.00309009)
RebuildHierarchy: level = 5
TransferSubgridParticles[5]: Moved 1 particles, 0 stars, 0 active particles.
DetermineSGSize: MaxSubgridSize = 2000, MinSubgridEdge = 4, ncells = 59096
RebuildHierarchy[5]: Flagged 0/108 grids. 0 flagged cells
Level[5]: dt = 0.00142645  0.00142645 (0.00285767/0.00309009)
RebuildHierarchy: level = 5
TransferSubgridParticles[5]: Moved 3 particles, 0 stars, 0 active particles.
DetermineSGSize: MaxSubgridSize = 2000, MinSubgridEdge = 4, ncells = 59096
RebuildHierarchy[5]: Flagged 0/108 grids. 0 flagged cells
Level[5]: dt = 0.000232427  0.00142224 (0.00309009/0.00309009)
EvolveLevel[5]: NumberOfSubCycles = 3 (1024 total, 3 sub)
RebuildHierarchy: level = 4
TransferSubgridParticles[4]: Moved 8 particles, 0 stars, 0 active particles.
DetermineSGSize: MaxSubgridSize = 2000, MinSubgridEdge = 4, ncells = 59096
RebuildHierarchy[4]: Flagged 105/181 grids. 6147 flagged cells
LoadBalance: Number of grids moved = 109 out of 109 (0.00320866 seconds elapsed)
DetermineSGSize: MaxSubgridSize = 2000, MinSubgridEdge = 4, ncells = 59096
RebuildHierarchy[5]: Flagged 0/109 grids. 0 flagged cells
Level[4]: dt = 0.00309546  0.00309546 (0.00618556/0.00642888)
Level[5]: dt = 0.0014216  0.0014216 (0.0014216/0.00309546)
RebuildHierarchy: level = 5
TransferSubgridParticles[5]: Moved 1 particles, 0 stars, 0 active particles.
DetermineSGSize: MaxSubgridSize = 2000, MinSubgridEdge = 4, ncells = 59208
RebuildHierarchy[5]: Flagged 0/109 grids. 0 flagged cells
Level[5]: dt = 0.00141802  0.00141802 (0.00283962/0.00309546)
RebuildHierarchy: level = 5
TransferSubgridParticles[5]: Moved 1 particles, 0 stars, 0 active particles.
DetermineSGSize: MaxSubgridSize = 2000, MinSubgridEdge = 4, ncells = 59208
RebuildHierarchy[5]: Flagged 0/109 grids. 0 flagged cells
Level[5]: dt = 0.000255841  0.00141524 (0.00309546/0.00309546)
EvolveLevel[5]: NumberOfSubCycles = 3 (1027 total, 3 sub)
Level[4]: dt = 0.000243321  0.00310084 (0.00642888/0.00642888)
Level[5]: dt = 0.000243321  0.0014148 (0.000243321/0.000243321)
EvolveLevel[5]: NumberOfSubCycles = 1 (1028 total, 1 sub)
EvolveLevel[4]: NumberOfSubCycles = 3 (480 total, 3 sub)
RebuildHierarchy: level = 3
TransferSubgridParticles[3]: Moved 139 particles, 0 stars, 0 active particles.
DetermineSGSize: MaxSubgridSize = 2000, MinSubgridEdge = 4, ncells = 79400
RebuildHierarchy[3]: Flagged 176/523 grids. 7924 flagged cells
LoadBalance: Number of grids moved = 178 out of 179 (6.46859e-05 seconds elapsed)
DetermineSGSize: MaxSubgridSize = 2000, MinSubgridEdge = 4, ncells = 59208
RebuildHierarchy[4]: Flagged 106/179 grids. 6185 flagged cells
LoadBalance: Number of grids moved = 109 out of 109 (0.00354989 seconds elapsed)
DetermineSGSize: MaxSubgridSize = 2000, MinSubgridEdge = 4, ncells = 59208
RebuildHierarchy[5]: Flagged 0/109 grids. 0 flagged cells
Level[3]: dt = 0.00644298  0.00644298 (0.0128719/0.0141646)
Level[4]: dt = 0.00310125  0.00310125 (0.00310125/0.00644298)
Level[5]: dt = 0.00141441  0.00141441 (0.00141441/0.00310125)
RebuildHierarchy: level = 5
TransferSubgridParticles[5]: Moved 0 particles, 0 stars, 0 active particles.
DetermineSGSize: MaxSubgridSize = 2000, MinSubgridEdge = 4, ncells = 59544
RebuildHierarchy[5]: Flagged 0/109 grids. 0 flagged cells
Level[5]: dt = 0.00141262  0.00141262 (0.00282704/0.00310125)
RebuildHierarchy: level = 5
TransferSubgridParticles[5]: Moved 0 particles, 0 stars, 0 active particles.
DetermineSGSize: MaxSubgridSize = 2000, MinSubgridEdge = 4, ncells = 59544
RebuildHierarchy[5]: Flagged 0/109 grids. 0 flagged cells
Level[5]: dt = 0.000274217  0.00141177 (0.00310125/0.00310125)
EvolveLevel[5]: NumberOfSubCycles = 3 (1031 total, 3 sub)
RebuildHierarchy: level = 4
TransferSubgridParticles[4]: Moved 8 particles, 0 stars, 0 active particles.
DetermineSGSize: MaxSubgridSize = 2000, MinSubgridEdge = 4, ncells = 59544
RebuildHierarchy[4]: Flagged 107/179 grids. 6194 flagged cells
LoadBalance: Number of grids moved = 110 out of 110 (0.00331097 seconds elapsed)
DetermineSGSize: MaxSubgridSize = 2000, MinSubgridEdge = 4, ncells = 59544
RebuildHierarchy[5]: Flagged 0/110 grids. 0 flagged cells
Level[4]: dt = 0.00310517  0.00310517 (0.00620642/0.00644298)
Level[5]: dt = 0.00141166  0.00141166 (0.00141166/0.00310517)
RebuildHierarchy: level = 5
TransferSubgridParticles[5]: Moved 2 particles, 0 stars, 0 active particles.
DetermineSGSize: MaxSubgridSize = 2000, MinSubgridEdge = 4, ncells = 59696
RebuildHierarchy[5]: Flagged 0/110 grids. 0 flagged cells
Level[5]: dt = 0.00141143  0.00141143 (0.00282309/0.00310517)
RebuildHierarchy: level = 5
TransferSubgridParticles[5]: Moved 0 particles, 0 stars, 0 active particles.
DetermineSGSize: MaxSubgridSize = 2000, MinSubgridEdge = 4, ncells = 59696
RebuildHierarchy[5]: Flagged 0/110 grids. 0 flagged cells
Level[5]: dt = 0.000282075  0.00141206 (0.00310517/0.00310517)
EvolveLevel[5]: NumberOfSubCycles = 3 (1034 total, 3 sub)
Level[4]: dt = 0.000236566  0.00310864 (0.00644298/0.00644298)
Level[5]: dt = 0.000236566  0.00141219 (0.000236566/0.000236566)
EvolveLevel[5]: NumberOfSubCycles = 1 (1035 total, 1 sub)
EvolveLevel[4]: NumberOfSubCycles = 3 (483 total, 3 sub)
Level[3]: dt = 0.00129275  0.0064544 (0.0141646/0.0141646)
Level[4]: dt = 0.00129275  0.00310907 (0.00129275/0.00129275)
Level[5]: dt = 0.00129275  0.00141231 (0.00129275/0.00129275)
EvolveLevel[5]: NumberOfSubCycles = 1 (1036 total, 1 sub)
EvolveLevel[4]: NumberOfSubCycles = 1 (484 total, 1 sub)
EvolveLevel[3]: NumberOfSubCycles = 3 (224 total, 3 sub)
RebuildHierarchy: level = 2
TransferSubgridParticles[2]: Moved 648 particles, 0 stars, 0 active particles.
DetermineSGSize: MaxSubgridSize = 2000, MinSubgridEdge = 4, ncells = 348864
RebuildHierarchy[2]: Flagged 445/1599 grids. 27984 flagged cells
LoadBalance: Number of grids moved = 507 out of 526 (0.000400234 seconds elapsed)
DetermineSGSize: MaxSubgridSize = 2000, MinSubgridEdge = 4, ncells = 77528
RebuildHierarchy[3]: Flagged 178/526 grids. 7995 flagged cells
LoadBalance: Number of grids moved = 180 out of 181 (6.41309e-05 seconds elapsed)
DetermineSGSize: MaxSubgridSize = 2000, MinSubgridEdge = 4, ncells = 59696
RebuildHierarchy[4]: Flagged 108/181 grids. 6208 flagged cells
LoadBalance: Number of grids moved = 111 out of 111 (0.00344087 seconds elapsed)
DetermineSGSize: MaxSubgridSize = 2000, MinSubgridEdge = 4, ncells = 59696
RebuildHierarchy[5]: Flagged 0/111 grids. 0 flagged cells
Level[2]: dt = 0.0141808  0.0141808 (0.0283454/0.0302209)
Level[3]: dt = 0.00645662  0.00645662 (0.00645662/0.0141808)
Level[4]: dt = 0.00311151  0.00311151 (0.00311151/0.00645662)
Level[5]: dt = 0.00141344  0.00141344 (0.00141344/0.00311151)
RebuildHierarchy: level = 5
TransferSubgridParticles[5]: Moved 0 particles, 0 stars, 0 active particles.
DetermineSGSize: MaxSubgridSize = 2000, MinSubgridEdge = 4, ncells = 59728
RebuildHierarchy[5]: Flagged 0/111 grids. 0 flagged cells
Level[5]: dt = 0.0014152  0.0014152 (0.00282864/0.00311151)
RebuildHierarchy: level = 5
TransferSubgridParticles[5]: Moved 3 particles, 0 stars, 0 active particles.
DetermineSGSize: MaxSubgridSize = 2000, MinSubgridEdge = 4, ncells = 59728
RebuildHierarchy[5]: Flagged 0/111 grids. 0 flagged cells
Level[5]: dt = 0.000282868  0.00141726 (0.00311151/0.00311151)
EvolveLevel[5]: NumberOfSubCycles = 3 (1039 total, 3 sub)
RebuildHierarchy: level = 4
TransferSubgridParticles[4]: Moved 5 particles, 0 stars, 0 active particles.
DetermineSGSize: MaxSubgridSize = 2000, MinSubgridEdge = 4, ncells = 59728
RebuildHierarchy[4]: Flagged 108/181 grids. 6201 flagged cells
LoadBalance: Number of grids moved = 111 out of 111 (0.0031013 seconds elapsed)
DetermineSGSize: MaxSubgridSize = 2000, MinSubgridEdge = 4, ncells = 59728
RebuildHierarchy[5]: Flagged 0/111 grids. 0 flagged cells
Level[4]: dt = 0.00307784  0.00307784 (0.00618934/0.00645662)
Level[5]: dt = 0.00141777  0.00141777 (0.00141777/0.00307784)
RebuildHierarchy: level = 5
TransferSubgridParticles[5]: Moved 1 particles, 0 stars, 0 active particles.
DetermineSGSize: MaxSubgridSize = 2000, MinSubgridEdge = 4, ncells = 59472
RebuildHierarchy[5]: Flagged 0/111 grids. 0 flagged cells
Level[5]: dt = 0.00142079  0.00142079 (0.00283856/0.00307784)
RebuildHierarchy: level = 5
TransferSubgridParticles[5]: Moved 0 particles, 0 stars, 0 active particles.
DetermineSGSize: MaxSubgridSize = 2000, MinSubgridEdge = 4, ncells = 59472
RebuildHierarchy[5]: Flagged 0/111 grids. 0 flagged cells
Level[5]: dt = 0.000239274  0.00142428 (0.00307784/0.00307784)
EvolveLevel[5]: NumberOfSubCycles = 3 (1042 total, 3 sub)
Level[4]: dt = 0.000267277  0.00304351 (0.00645662/0.00645662)
Level[5]: dt = 0.000267277  0.00142484 (0.000267277/0.000267277)
EvolveLevel[5]: NumberOfSubCycles = 1 (1043 total, 1 sub)
EvolveLevel[4]: NumberOfSubCycles = 3 (487 total, 3 sub)
RebuildHierarchy: level = 3
TransferSubgridParticles[3]: Moved 39 particles, 0 stars, 0 active particles.
DetermineSGSize: MaxSubgridSize = 2000, MinSubgridEdge = 4, ncells = 77960
RebuildHierarchy[3]: Flagged 178/526 grids. 8054 flagged cells
LoadBalance: Number of grids moved = 180 out of 181 (6.56284e-05 seconds elapsed)
DetermineSGSize: MaxSubgridSize = 2000, MinSubgridEdge = 4, ncells = 59472
RebuildHierarchy[4]: Flagged 108/181 grids. 6138 flagged cells
LoadBalance: Number of grids moved = 111 out of 111 (0.00336597 seconds elapsed)
DetermineSGSize: MaxSubgridSize = 2000, MinSubgridEdge = 4, ncells = 59472
RebuildHierarchy[5]: Flagged 0/111 grids. 0 flagged cells
Level[3]: dt = 0.00646797  0.00646797 (0.0129246/0.0141808)
Level[4]: dt = 0.00304109  0.00304109 (0.00304109/0.00646797)
Level[5]: dt = 0.00142546  0.00142546 (0.00142546/0.00304109)
RebuildHierarchy: level = 5
TransferSubgridParticles[5]: Moved 2 particles, 0 stars, 0 active particles.
DetermineSGSize: MaxSubgridSize = 2000, MinSubgridEdge = 4, ncells = 58928
RebuildHierarchy[5]: Flagged 0/111 grids. 0 flagged cells
Level[5]: dt = 0.00142898  0.00142898 (0.00285444/0.00304109)
RebuildHierarchy: level = 5
TransferSubgridParticles[5]: Moved 3 particles, 0 stars, 0 active particles.
DetermineSGSize: MaxSubgridSize = 2000, MinSubgridEdge = 4, ncells = 58928
RebuildHierarchy[5]: Flagged 0/111 grids. 0 flagged cells
Level[5]: dt = 0.000186648  0.00143209 (0.00304109/0.00304109)
EvolveLevel[5]: NumberOfSubCycles = 3 (1046 total, 3 sub)
RebuildHierarchy: level = 4
TransferSubgridParticles[4]: Moved 4 particles, 0 stars, 0 active particles.
DetermineSGSize: MaxSubgridSize = 2000, MinSubgridEdge = 4, ncells = 58928
RebuildHierarchy[4]: Flagged 108/181 grids. 6165 flagged cells
LoadBalance: Number of grids moved = 111 out of 111 (0.00315822 seconds elapsed)
DetermineSGSize: MaxSubgridSize = 2000, MinSubgridEdge = 4, ncells = 58928
RebuildHierarchy[5]: Flagged 0/111 grids. 0 flagged cells
Level[4]: dt = 0.00302036  0.00302036 (0.00606145/0.00646797)
Level[5]: dt = 0.00143249  0.00143249 (0.00143249/0.00302036)
RebuildHierarchy: level = 5
TransferSubgridParticles[5]: Moved 5 particles, 0 stars, 0 active particles.
DetermineSGSize: MaxSubgridSize = 2000, MinSubgridEdge = 4, ncells = 59504
RebuildHierarchy[5]: Flagged 0/111 grids. 0 flagged cells
Level[5]: dt = 0.0014357  0.0014357 (0.00286819/0.00302036)
RebuildHierarchy: level = 5
TransferSubgridParticles[5]: Moved 1 particles, 0 stars, 0 active particles.
DetermineSGSize: MaxSubgridSize = 2000, MinSubgridEdge = 4, ncells = 59504
RebuildHierarchy[5]: Flagged 0/111 grids. 0 flagged cells
Level[5]: dt = 0.000152179  0.00143861 (0.00302036/0.00302036)
EvolveLevel[5]: NumberOfSubCycles = 3 (1049 total, 3 sub)
Level[4]: dt = 0.000406519  0.00301375 (0.00646797/0.00646797)
Level[5]: dt = 0.000406519  0.00143891 (0.000406519/0.000406519)
EvolveLevel[5]: NumberOfSubCycles = 1 (1050 total, 1 sub)
EvolveLevel[4]: NumberOfSubCycles = 3 (490 total, 3 sub)
Level[3]: dt = 0.00125623  0.00647964 (0.0141808/0.0141808)
Level[4]: dt = 0.00125623  0.00301372 (0.00125623/0.00125623)
Level[5]: dt = 0.00125623  0.00143973 (0.00125623/0.00125623)
EvolveLevel[5]: NumberOfSubCycles = 1 (1051 total, 1 sub)
EvolveLevel[4]: NumberOfSubCycles = 1 (491 total, 1 sub)
EvolveLevel[3]: NumberOfSubCycles = 3 (227 total, 3 sub)
Level[2]: dt = 0.00187545  0.0141971 (0.0302209/0.0302209)
Level[3]: dt = 0.00187545  0.00648197 (0.00187545/0.00187545)
Level[4]: dt = 0.00187545  0.00301458 (0.00187545/0.00187545)
Level[5]: dt = 0.00144221  0.00144221 (0.00144221/0.00187545)
RebuildHierarchy: level = 5
TransferSubgridParticles[5]: Moved 2 particles, 0 stars, 0 active particles.
DetermineSGSize: MaxSubgridSize = 2000, MinSubgridEdge = 4, ncells = 59504
RebuildHierarchy[5]: Flagged 0/111 grids. 0 flagged cells
Level[5]: dt = 0.000433236  0.00144516 (0.00187545/0.00187545)
EvolveLevel[5]: NumberOfSubCycles = 2 (1053 total, 2 sub)
EvolveLevel[4]: NumberOfSubCycles = 1 (492 total, 1 sub)
EvolveLevel[3]: NumberOfSubCycles = 1 (228 total, 1 sub)
EvolveLevel[2]: NumberOfSubCycles = 3 (104 total, 3 sub)
RebuildHierarchy: level = 1
TransferSubgridParticles[1]: Moved 11405 particles, 0 stars, 0 active particles.
DetermineSGSize: MaxSubgridSize = 2000, MinSubgridEdge = 4, ncells = 1647064
RebuildHierarchy[1]: Flagged 1058/9303 grids. 111295 flagged cells
LoadBalance: Number of grids moved = 1598 out of 1623 (0.00083052 seconds elapsed)
DetermineSGSize: MaxSubgridSize = 2000, MinSubgridEdge = 4, ncells = 356080
RebuildHierarchy[2]: Flagged 448/1623 grids. 28117 flagged cells
LoadBalance: Number of grids moved = 520 out of 531 (0.000162862 seconds elapsed)
DetermineSGSize: MaxSubgridSize = 2000, MinSubgridEdge = 4, ncells = 78392
RebuildHierarchy[3]: Flagged 186/531 grids. 8114 flagged cells
LoadBalance: Number of grids moved = 184 out of 188 (7.03149e-05 seconds elapsed)
DetermineSGSize: MaxSubgridSize = 2000, MinSubgridEdge = 4, ncells = 59504
RebuildHierarchy[4]: Flagged 109/188 grids. 6260 flagged cells
LoadBalance: Number of grids moved = 113 out of 113 (0.00331125 seconds elapsed)
DetermineSGSize: MaxSubgridSize = 2000, MinSubgridEdge = 4, ncells = 59504
RebuildHierarchy[5]: Flagged 0/113 grids. 0 flagged cells
Level[1]: dt = 0.0302527  0.0302527 (0.0604736/0.0650948)
Level[2]: dt = 0.0141993  0.0141993 (0.0141993/0.0302527)
Level[3]: dt = 0.00648548  0.00648548 (0.00648548/0.0141993)
Level[4]: dt = 0.0030176  0.0030176 (0.0030176/0.00648548)
Level[5]: dt = 0.00144602  0.00144602 (0.00144602/0.0030176)
RebuildHierarchy: level = 5
TransferSubgridParticles[5]: Moved 2 particles, 0 stars, 0 active particles.
DetermineSGSize: MaxSubgridSize = 2000, MinSubgridEdge = 4, ncells = 60456
RebuildHierarchy[5]: Flagged 0/113 grids. 0 flagged cells
Level[5]: dt = 0.00144333  0.00144333 (0.00288935/0.0030176)
RebuildHierarchy: level = 5
TransferSubgridParticles[5]: Moved 1 particles, 0 stars, 0 active particles.
DetermineSGSize: MaxSubgridSize = 2000, MinSubgridEdge = 4, ncells = 60456
RebuildHierarchy[5]: Flagged 0/113 grids. 0 flagged cells
Level[5]: dt = 0.000128245  0.0014409 (0.0030176/0.0030176)
EvolveLevel[5]: NumberOfSubCycles = 3 (1056 total, 3 sub)
RebuildHierarchy: level = 4
TransferSubgridParticles[4]: Moved 3 particles, 0 stars, 0 active particles.
DetermineSGSize: MaxSubgridSize = 2000, MinSubgridEdge = 4, ncells = 60456
RebuildHierarchy[4]: Flagged 109/188 grids. 6305 flagged cells
LoadBalance: Number of grids moved = 113 out of 113 (0.0032669 seconds elapsed)
DetermineSGSize: MaxSubgridSize = 2000, MinSubgridEdge = 4, ncells = 60456
RebuildHierarchy[5]: Flagged 0/113 grids. 0 flagged cells
Level[4]: dt = 0.00302519  0.00302519 (0.00604278/0.00648548)
Level[5]: dt = 0.0014407  0.0014407 (0.0014407/0.00302519)
RebuildHierarchy: level = 5
TransferSubgridParticles[5]: Moved 3 particles, 0 stars, 0 active particles.
DetermineSGSize: MaxSubgridSize = 2000, MinSubgridEdge = 4, ncells = 61000
RebuildHierarchy[5]: Flagged 0/113 grids. 0 flagged cells
Level[5]: dt = 0.00143886  0.00143886 (0.00287955/0.00302519)
RebuildHierarchy: level = 5
TransferSubgridParticles[5]: Moved 1 particles, 0 stars, 0 active particles.
DetermineSGSize: MaxSubgridSize = 2000, MinSubgridEdge = 4, ncells = 61000
RebuildHierarchy[5]: Flagged 0/113 grids. 0 flagged cells
Level[5]: dt = 0.000145632  0.00143768 (0.00302519/0.00302519)
EvolveLevel[5]: NumberOfSubCycles = 3 (1059 total, 3 sub)
Level[4]: dt = 0.0004427  0.00303414 (0.00648548/0.00648548)
Level[5]: dt = 0.0004427  0.00143757 (0.0004427/0.0004427)
EvolveLevel[5]: NumberOfSubCycles = 1 (1060 total, 1 sub)
EvolveLevel[4]: NumberOfSubCycles = 3 (495 total, 3 sub)
RebuildHierarchy: level = 3
TransferSubgridParticles[3]: Moved 47 particles, 0 stars, 0 active particles.
DetermineSGSize: MaxSubgridSize = 2000, MinSubgridEdge = 4, ncells = 81904
RebuildHierarchy[3]: Flagged 187/531 grids. 8131 flagged cells
LoadBalance: Number of grids moved = 185 out of 189 (7.29077e-05 seconds elapsed)
DetermineSGSize: MaxSubgridSize = 2000, MinSubgridEdge = 4, ncells = 61000
RebuildHierarchy[4]: Flagged 110/189 grids. 6320 flagged cells
LoadBalance: Number of grids moved = 114 out of 114 (0.00332106 seconds elapsed)
DetermineSGSize: MaxSubgridSize = 2000, MinSubgridEdge = 4, ncells = 61000
RebuildHierarchy[5]: Flagged 0/114 grids. 0 flagged cells
Level[3]: dt = 0.00649791  0.00649791 (0.0129834/0.0141993)
Level[4]: dt = 0.00303548  0.00303548 (0.00303548/0.00649791)
Level[5]: dt = 0.00143729  0.00143729 (0.00143729/0.00303548)
RebuildHierarchy: level = 5
TransferSubgridParticles[5]: Moved 0 particles, 0 stars, 0 active particles.
DetermineSGSize: MaxSubgridSize = 2000, MinSubgridEdge = 4, ncells = 61056
RebuildHierarchy[5]: Flagged 0/114 grids. 0 flagged cells
Level[5]: dt = 0.00143689  0.00143689 (0.00287418/0.00303548)
RebuildHierarchy: level = 5
TransferSubgridParticles[5]: Moved 0 particles, 0 stars, 0 active particles.
DetermineSGSize: MaxSubgridSize = 2000, MinSubgridEdge = 4, ncells = 61056
RebuildHierarchy[5]: Flagged 0/114 grids. 0 flagged cells
Level[5]: dt = 0.000161303  0.00143684 (0.00303548/0.00303548)
EvolveLevel[5]: NumberOfSubCycles = 3 (1063 total, 3 sub)
RebuildHierarchy: level = 4
TransferSubgridParticles[4]: Moved 5 particles, 0 stars, 0 active particles.
DetermineSGSize: MaxSubgridSize = 2000, MinSubgridEdge = 4, ncells = 61056
RebuildHierarchy[4]: Flagged 110/189 grids. 6314 flagged cells
LoadBalance: Number of grids moved = 114 out of 114 (0.00335872 seconds elapsed)
DetermineSGSize: MaxSubgridSize = 2000, MinSubgridEdge = 4, ncells = 61056
RebuildHierarchy[5]: Flagged 0/114 grids. 0 flagged cells
Level[4]: dt = 0.00304447  0.00304447 (0.00607995/0.00649791)
Level[5]: dt = 0.00143686  0.00143686 (0.00143686/0.00304447)
RebuildHierarchy: level = 5
TransferSubgridParticles[5]: Moved 1 particles, 0 stars, 0 active particles.
DetermineSGSize: MaxSubgridSize = 2000, MinSubgridEdge = 4, ncells = 61040
RebuildHierarchy[5]: Flagged 0/114 grids. 0 flagged cells
Level[5]: dt = 0.00143747  0.00143747 (0.00287433/0.00304447)
RebuildHierarchy: level = 5
TransferSubgridParticles[5]: Moved 4 particles, 0 stars, 0 active particles.
DetermineSGSize: MaxSubgridSize = 2000, MinSubgridEdge = 4, ncells = 61040
RebuildHierarchy[5]: Flagged 0/114 grids. 0 flagged cells
Level[5]: dt = 0.000170144  0.00143683 (0.00304447/0.00304447)
EvolveLevel[5]: NumberOfSubCycles = 3 (1066 total, 3 sub)
Level[4]: dt = 0.000417959  0.00305257 (0.00649791/0.00649791)
Level[5]: dt = 0.000417959  0.00143646 (0.000417959/0.000417959)
EvolveLevel[5]: NumberOfSubCycles = 1 (1067 total, 1 sub)
EvolveLevel[4]: NumberOfSubCycles = 3 (498 total, 3 sub)
Level[3]: dt = 0.0012159  0.00651051 (0.0141993/0.0141993)
Level[4]: dt = 0.0012159  0.00305362 (0.0012159/0.0012159)
Level[5]: dt = 0.0012159  0.00143555 (0.0012159/0.0012159)
EvolveLevel[5]: NumberOfSubCycles = 1 (1068 total, 1 sub)
EvolveLevel[4]: NumberOfSubCycles = 1 (499 total, 1 sub)
EvolveLevel[3]: NumberOfSubCycles = 3 (231 total, 3 sub)
RebuildHierarchy: level = 2
TransferSubgridParticles[2]: Moved 313 particles, 0 stars, 0 active particles.
DetermineSGSize: MaxSubgridSize = 2000, MinSubgridEdge = 4, ncells = 356736
RebuildHierarchy[2]: Flagged 446/1623 grids. 28168 flagged cells
LoadBalance: Number of grids moved = 519 out of 528 (0.000166852 seconds elapsed)
DetermineSGSize: MaxSubgridSize = 2000, MinSubgridEdge = 4, ncells = 82336
RebuildHierarchy[3]: Flagged 188/528 grids. 8150 flagged cells
LoadBalance: Number of grids moved = 186 out of 190 (7.28518e-05 seconds elapsed)
DetermineSGSize: MaxSubgridSize = 2000, MinSubgridEdge = 4, ncells = 61040
RebuildHierarchy[4]: Flagged 111/190 grids. 6359 flagged cells
LoadBalance: Number of grids moved = 115 out of 115 (0.00324327 seconds elapsed)
DetermineSGSize: MaxSubgridSize = 2000, MinSubgridEdge = 4, ncells = 61040
RebuildHierarchy[5]: Flagged 0/115 grids. 0 flagged cells
Level[2]: dt = 0.0142161  0.0142161 (0.0284154/0.0302527)
Level[3]: dt = 0.0065128  0.0065128 (0.0065128/0.0142161)
Level[4]: dt = 0.00303887  0.00303887 (0.00303887/0.0065128)
Level[5]: dt = 0.00143297  0.00143297 (0.00143297/0.00303887)
RebuildHierarchy: level = 5
TransferSubgridParticles[5]: Moved 3 particles, 0 stars, 0 active particles.
DetermineSGSize: MaxSubgridSize = 2000, MinSubgridEdge = 4, ncells = 61504
RebuildHierarchy[5]: Flagged 0/115 grids. 0 flagged cells
Level[5]: dt = 0.00143007  0.00143007 (0.00286304/0.00303887)
RebuildHierarchy: level = 5
TransferSubgridParticles[5]: Moved 1 particles, 0 stars, 0 active particles.
DetermineSGSize: MaxSubgridSize = 2000, MinSubgridEdge = 4, ncells = 61504
RebuildHierarchy[5]: Flagged 0/115 grids. 0 flagged cells
Level[5]: dt = 0.000175835  0.0014274 (0.00303887/0.00303887)
EvolveLevel[5]: NumberOfSubCycles = 3 (1071 total, 3 sub)
RebuildHierarchy: level = 4
TransferSubgridParticles[4]: Moved 9 particles, 0 stars, 0 active particles.
DetermineSGSize: MaxSubgridSize = 2000, MinSubgridEdge = 4, ncells = 61504
RebuildHierarchy[4]: Flagged 111/190 grids. 6353 flagged cells
LoadBalance: Number of grids moved = 115 out of 115 (0.00324952 seconds elapsed)
DetermineSGSize: MaxSubgridSize = 2000, MinSubgridEdge = 4, ncells = 61504
RebuildHierarchy[5]: Flagged 0/115 grids. 0 flagged cells
Level[4]: dt = 0.00300253  0.00300253 (0.0060414/0.0065128)
Level[5]: dt = 0.00142708  0.00142708 (0.00142708/0.00300253)
RebuildHierarchy: level = 5
TransferSubgridParticles[5]: Moved 1 particles, 0 stars, 0 active particles.
DetermineSGSize: MaxSubgridSize = 2000, MinSubgridEdge = 4, ncells = 61496
RebuildHierarchy[5]: Flagged 0/115 grids. 0 flagged cells
Level[5]: dt = 0.00142464  0.00142464 (0.00285172/0.00300253)
RebuildHierarchy: level = 5
TransferSubgridParticles[5]: Moved 0 particles, 0 stars, 0 active particles.
DetermineSGSize: MaxSubgridSize = 2000, MinSubgridEdge = 4, ncells = 61496
RebuildHierarchy[5]: Flagged 0/115 grids. 0 flagged cells
Level[5]: dt = 0.000150805  0.00142278 (0.00300253/0.00300253)
EvolveLevel[5]: NumberOfSubCycles = 3 (1074 total, 3 sub)
Level[4]: dt = 0.000471402  0.00297602 (0.0065128/0.0065128)
Level[5]: dt = 0.000471402  0.00142261 (0.000471402/0.000471402)
EvolveLevel[5]: NumberOfSubCycles = 1 (1075 total, 1 sub)
EvolveLevel[4]: NumberOfSubCycles = 3 (502 total, 3 sub)
RebuildHierarchy: level = 3
TransferSubgridParticles[3]: Moved 54 particles, 0 stars, 0 active particles.
DetermineSGSize: MaxSubgridSize = 2000, MinSubgridEdge = 4, ncells = 81744
RebuildHierarchy[3]: Flagged 186/528 grids. 8096 flagged cells
LoadBalance: Number of grids moved = 184 out of 188 (6.98529e-05 seconds elapsed)
DetermineSGSize: MaxSubgridSize = 2000, MinSubgridEdge = 4, ncells = 61496
RebuildHierarchy[4]: Flagged 111/188 grids. 6357 flagged cells
LoadBalance: Number of grids moved = 115 out of 115 (0.00363669 seconds elapsed)
DetermineSGSize: MaxSubgridSize = 2000, MinSubgridEdge = 4, ncells = 61496
RebuildHierarchy[5]: Flagged 0/115 grids. 0 flagged cells
Level[3]: dt = 0.0065251  0.0065251 (0.0130379/0.0142161)
Level[4]: dt = 0.00297255  0.00297255 (0.00297255/0.0065251)
Level[5]: dt = 0.00142213  0.00142213 (0.00142213/0.00297255)
RebuildHierarchy: level = 5
TransferSubgridParticles[5]: Moved 2 particles, 0 stars, 0 active particles.
DetermineSGSize: MaxSubgridSize = 2000, MinSubgridEdge = 4, ncells = 61576
RebuildHierarchy[5]: Flagged 0/115 grids. 0 flagged cells
Level[5]: dt = 0.0014212  0.0014212 (0.00284333/0.00297255)
RebuildHierarchy: level = 5
TransferSubgridParticles[5]: Moved 2 particles, 0 stars, 0 active particles.
DetermineSGSize: MaxSubgridSize = 2000, MinSubgridEdge = 4, ncells = 61576
RebuildHierarchy[5]: Flagged 0/115 grids. 0 flagged cells
Level[5]: dt = 0.000129223  0.00142084 (0.00297255/0.00297255)
EvolveLevel[5]: NumberOfSubCycles = 3 (1078 total, 3 sub)
RebuildHierarchy: level = 4
TransferSubgridParticles[4]: Moved 8 particles, 0 stars, 0 active particles.
DetermineSGSize: MaxSubgridSize = 2000, MinSubgridEdge = 4, ncells = 61576
RebuildHierarchy[4]: Flagged 111/188 grids. 6359 flagged cells
LoadBalance: Number of grids moved = 115 out of 115 (0.00354671 seconds elapsed)
DetermineSGSize: MaxSubgridSize = 2000, MinSubgridEdge = 4, ncells = 61576
RebuildHierarchy[5]: Flagged 0/115 grids. 0 flagged cells
Level[4]: dt = 0.00295659  0.00295659 (0.00592915/0.0065251)
Level[5]: dt = 0.00142084  0.00142084 (0.00142084/0.00295659)
RebuildHierarchy: level = 5
TransferSubgridParticles[5]: Moved 2 particles, 0 stars, 0 active particles.
DetermineSGSize: MaxSubgridSize = 2000, MinSubgridEdge = 4, ncells = 61448
RebuildHierarchy[5]: Flagged 0/115 grids. 0 flagged cells
Level[5]: dt = 0.00142104  0.00142104 (0.00284188/0.00295659)
RebuildHierarchy: level = 5
TransferSubgridParticles[5]: Moved 1 particles, 0 stars, 0 active particles.
DetermineSGSize: MaxSubgridSize = 2000, MinSubgridEdge = 4, ncells = 61448
RebuildHierarchy[5]: Flagged 0/115 grids. 0 flagged cells
Level[5]: dt = 0.000114713  0.00142165 (0.00295659/0.00295659)
EvolveLevel[5]: NumberOfSubCycles = 3 (1081 total, 3 sub)
Level[4]: dt = 0.000595952  0.00294687 (0.0065251/0.0065251)
Level[5]: dt = 0.000595952  0.00142171 (0.000595952/0.000595952)
EvolveLevel[5]: NumberOfSubCycles = 1 (1082 total, 1 sub)
EvolveLevel[4]: NumberOfSubCycles = 3 (505 total, 3 sub)
Level[3]: dt = 0.00117817  0.00653659 (0.0142161/0.0142161)
Level[4]: dt = 0.00117817  0.00294534 (0.00117817/0.00117817)
Level[5]: dt = 0.00117817  0.00142205 (0.00117817/0.00117817)
EvolveLevel[5]: NumberOfSubCycles = 1 (1083 total, 1 sub)
EvolveLevel[4]: NumberOfSubCycles = 1 (506 total, 1 sub)
EvolveLevel[3]: NumberOfSubCycles = 3 (234 total, 3 sub)
Level[2]: dt = 0.00183736  0.0142335 (0.0302527/0.0302527)
Level[3]: dt = 0.00183736  0.00653857 (0.00183736/0.00183736)
Level[4]: dt = 0.00183736  0.00294302 (0.00183736/0.00183736)
Level[5]: dt = 0.00142286  0.00142286 (0.00142286/0.00183736)
RebuildHierarchy: level = 5
TransferSubgridParticles[5]: Moved 2 particles, 0 stars, 0 active particles.
DetermineSGSize: MaxSubgridSize = 2000, MinSubgridEdge = 4, ncells = 61448
RebuildHierarchy[5]: Flagged 0/115 grids. 0 flagged cells
Level[5]: dt = 0.000414504  0.00142424 (0.00183736/0.00183736)
EvolveLevel[5]: NumberOfSubCycles = 2 (1085 total, 2 sub)
EvolveLevel[4]: NumberOfSubCycles = 1 (507 total, 1 sub)
EvolveLevel[3]: NumberOfSubCycles = 1 (235 total, 1 sub)
EvolveLevel[2]: NumberOfSubCycles = 3 (107 total, 3 sub)
Level[1]: dt = 0.00462119  0.0302964 (0.0650948/0.0650948)
Level[2]: dt = 0.00462119  0.0142358 (0.00462119/0.00462119)
Level[3]: dt = 0.00462119  0.00654165 (0.00462119/0.00462119)
Level[4]: dt = 0.00293963  0.00293963 (0.00293963/0.00462119)
Level[5]: dt = 0.00142463  0.00142463 (0.00142463/0.00293963)
RebuildHierarchy: level = 5
TransferSubgridParticles[5]: Moved 4 particles, 0 stars, 0 active particles.
DetermineSGSize: MaxSubgridSize = 2000, MinSubgridEdge = 4, ncells = 61448
RebuildHierarchy[5]: Flagged 0/115 grids. 0 flagged cells
Level[5]: dt = 0.00142624  0.00142624 (0.00285087/0.00293963)
RebuildHierarchy: level = 5
TransferSubgridParticles[5]: Moved 3 particles, 0 stars, 0 active particles.
DetermineSGSize: MaxSubgridSize = 2000, MinSubgridEdge = 4, ncells = 61448
RebuildHierarchy[5]: Flagged 0/115 grids. 0 flagged cells
Level[5]: dt = 8.87593e-05  0.00142819 (0.00293963/0.00293963)
EvolveLevel[5]: NumberOfSubCycles = 3 (1088 total, 3 sub)
RebuildHierarchy: level = 4
TransferSubgridParticles[4]: Moved 19 particles, 0 stars, 0 active particles.
DetermineSGSize: MaxSubgridSize = 2000, MinSubgridEdge = 4, ncells = 61448
RebuildHierarchy[4]: Flagged 111/188 grids. 6295 flagged cells
LoadBalance: Number of grids moved = 115 out of 115 (0.00351499 seconds elapsed)
DetermineSGSize: MaxSubgridSize = 2000, MinSubgridEdge = 4, ncells = 61448
RebuildHierarchy[5]: Flagged 0/115 grids. 0 flagged cells
Level[4]: dt = 0.00168156  0.00293884 (0.00462119/0.00462119)
Level[5]: dt = 0.00142833  0.00142833 (0.00142833/0.00168156)
RebuildHierarchy: level = 5
TransferSubgridParticles[5]: Moved 2 particles, 0 stars, 0 active particles.
DetermineSGSize: MaxSubgridSize = 2000, MinSubgridEdge = 4, ncells = 60368
RebuildHierarchy[5]: Flagged 0/115 grids. 0 flagged cells
Level[5]: dt = 0.000253238  0.00143035 (0.00168156/0.00168156)
EvolveLevel[5]: NumberOfSubCycles = 2 (1090 total, 2 sub)
EvolveLevel[4]: NumberOfSubCycles = 2 (509 total, 2 sub)
EvolveLevel[3]: NumberOfSubCycles = 1 (236 total, 1 sub)
EvolveLevel[2]: NumberOfSubCycles = 1 (108 total, 1 sub)
EvolveLevel[1]: NumberOfSubCycles = 3 (46 total, 3 sub)
EvolveLevel[0]: NumberOfSubCycles = 1 (16 total, 16 sub)
RebuildHierarchy: level = 0
CommunicationTransferParticles: moved = 344379
CommunicationTransferStars: moved = 0
CommunicationTransferActiveParticles: moved = 0
DetermineSGSize: MaxSubgridSize = 3122, MinSubgridEdge = 4, ncells = 13989224
RebuildHierarchy[0]: Flagged 762/1120 grids. 876510 flagged cells
LoadBalance: Number of grids moved = 9505 out of 9583 (0.117173 seconds elapsed)
DetermineSGSize: MaxSubgridSize = 2000, MinSubgridEdge = 4, ncells = 1672736
RebuildHierarchy[1]: Flagged 1034/9583 grids. 111547 flagged cells
LoadBalance: Number of grids moved = 1566 out of 1611 (0.000744365 seconds elapsed)
DetermineSGSize: MaxSubgridSize = 2000, MinSubgridEdge = 4, ncells = 359160
RebuildHierarchy[2]: Flagged 438/1611 grids. 28229 flagged cells
LoadBalance: Number of grids moved = 509 out of 521 (0.000156861 seconds elapsed)
DetermineSGSize: MaxSubgridSize = 2000, MinSubgridEdge = 4, ncells = 81000
RebuildHierarchy[3]: Flagged 174/521 grids. 8132 flagged cells
LoadBalance: Number of grids moved = 173 out of 176 (6.39446e-05 seconds elapsed)
DetermineSGSize: MaxSubgridSize = 2000, MinSubgridEdge = 4, ncells = 60368
RebuildHierarchy[4]: Flagged 103/176 grids. 6310 flagged cells
LoadBalance: Number of grids moved = 107 out of 107 (0.00179568 seconds elapsed)
DetermineSGSize: MaxSubgridSize = 2000, MinSubgridEdge = 4, ncells = 60368
RebuildHierarchy[5]: Flagged 0/107 grids. 0 flagged cells
CPUTime-output: Frac = 0.999994, Current = 252.312 (250.844), Stop = 2592000.000000, Last = 15.6113
Level[0]: dt = 0.065178  0.065178 (0.065178/0.065178)
PrepareGreens: Start = 0 52 0  Dim = 32 50 36
PrepareGreens: Start = 0 0 36  Dim = 32 52 38
PrepareGreens: Start = 0 52 36  Dim = 32 50 38
PrepareGreens: Start = 0 0 0  Dim = 32 52 36
Level[1]: dt = 0.0303041  0.0303041 (0.0303041/0.065178)
Level[2]: dt = 0.0142416  0.0142416 (0.0142416/0.0303041)
Level[3]: dt = 0.00654991  0.00654991 (0.00654991/0.0142416)
Level[4]: dt = 0.00294024  0.00294024 (0.00294024/0.00654991)
Level[5]: dt = 0.00143075  0.00143075 (0.00143075/0.00294024)
RebuildHierarchy: level = 5
TransferSubgridParticles[5]: Moved 0 particles, 0 stars, 0 active particles.
DetermineSGSize: MaxSubgridSize = 2000, MinSubgridEdge = 4, ncells = 60952
RebuildHierarchy[5]: Flagged 0/107 grids. 0 flagged cells
Level[5]: dt = 0.00143314  0.00143314 (0.00286389/0.00294024)
RebuildHierarchy: level = 5
TransferSubgridParticles[5]: Moved 0 particles, 0 stars, 0 active particles.
DetermineSGSize: MaxSubgridSize = 2000, MinSubgridEdge = 4, ncells = 60952
RebuildHierarchy[5]: Flagged 0/107 grids. 0 flagged cells
Level[5]: dt = 7.6357e-05  0.00143538 (0.00294024/0.00294024)
EvolveLevel[5]: NumberOfSubCycles = 3 (1093 total, 3 sub)
RebuildHierarchy: level = 4
TransferSubgridParticles[4]: Moved 282 particles, 0 stars, 0 active particles.
DetermineSGSize: MaxSubgridSize = 2000, MinSubgridEdge = 4, ncells = 60952
RebuildHierarchy[4]: Flagged 103/176 grids. 6322 flagged cells
LoadBalance: Number of grids moved = 107 out of 107 (0.00446132 seconds elapsed)
DetermineSGSize: MaxSubgridSize = 2000, MinSubgridEdge = 4, ncells = 60952

===================================================================================
=   BAD TERMINATION OF ONE OF YOUR APPLICATION PROCESSES
=   RANK 217 PID 77352 RUNNING AT c123-114
=   KILLED BY SIGNAL: 6 (Aborted)
===================================================================================

===================================================================================
=   BAD TERMINATION OF ONE OF YOUR APPLICATION PROCESSES
=   RANK 218 PID 77353 RUNNING AT c123-114
=   KILLED BY SIGNAL: 9 (Killed)
===================================================================================

===================================================================================
=   BAD TERMINATION OF ONE OF YOUR APPLICATION PROCESSES
=   RANK 219 PID 77354 RUNNING AT c123-114
=   KILLED BY SIGNAL: 9 (Killed)
===================================================================================

===================================================================================
=   BAD TERMINATION OF ONE OF YOUR APPLICATION PROCESSES
=   RANK 220 PID 77355 RUNNING AT c123-114
=   KILLED BY SIGNAL: 9 (Killed)
===================================================================================

===================================================================================
=   BAD TERMINATION OF ONE OF YOUR APPLICATION PROCESSES
=   RANK 221 PID 77356 RUNNING AT c123-114
=   KILLED BY SIGNAL: 9 (Killed)
===================================================================================

===================================================================================
=   BAD TERMINATION OF ONE OF YOUR APPLICATION PROCESSES
=   RANK 222 PID 77357 RUNNING AT c123-114
=   KILLED BY SIGNAL: 9 (Killed)
===================================================================================

===================================================================================
=   BAD TERMINATION OF ONE OF YOUR APPLICATION PROCESSES
=   RANK 223 PID 77358 RUNNING AT c123-114
=   KILLED BY SIGNAL: 9 (Killed)
===================================================================================
TACC:  MPI job exited with code: 255 
TACC:  Shutdown complete. Exiting. 
=== Done ===
