=== libyt environment ready ===
  python:    /work2/11056/zwu/frontera/miniconda3/envs/libyt/bin/python
  numpy can find libstdc++ with GLIBCXX_3.4.29:
2
  ✓ found GLIBCXX_3.4.29 in conda libstdc++
  LIBYT_HOME: /work2/11056/zwu/frontera/enzo_gh/libyt_dev/libyt/install
================================
=== Running libyt STARNET ===
/work2/11056/zwu/frontera/miniconda3/envs/libyt/bin/python
/opt/intel/compilers_and_libraries_2020.4.304/linux/mpi/intel64/bin/mpirun
Restarting from z_0012/
TACC:  Starting up job 7831986 
TACC:  Starting parallel tasks... 
bash initiated
Environmental variables loaded
Aliases loaded
bash initiated
Environmental variables loaded
Aliases loaded
bash initiated
Environmental variables loaded
Aliases loaded
bash initiated
Environmental variables loaded
Aliases loaded
bash initiated
Environmental variables loaded
Aliases loaded
bash initiated
Environmental variables loaded
Aliases loaded
bash initiated
Environmental variables loaded
Aliases loaded
bash initiated
Environmental variables loaded
Aliases loaded
bash initiated
Environmental variables loaded
Aliases loaded
MPI_Init: NumberOfProcessors = 560
Reading parameter file z_0012/z_0012

The Grackle Version 3.4.2-dev
Git Branch   main
Git Revision ec36984d6d43a0ded2a9174211c11f86e0b61e99

Initializing grackle data.
Initializing UV background.
Reading UV background data from CloudyData_UVB=HM2012_shielded_Incatasciato2023_LWB.h5.
UV background information:
  Haardt & Madau (2012, ApJ, 746, 125) [Galaxies & Quasars]
  z_min =  0.000
  z_max = 30.000
Grackle run-time parameters:
use_grackle                       = 1
with_radiative_cooling            = 1
primordial_chemistry              = 2
dust_chemistry                    = 0
metal_cooling                     = 3
UVbackground                      = 1
grackle_data_file                 = CloudyData_UVB=HM2012_shielded_Incatasciato2023_LWB.h5
cmb_temperature_floor             = 1
Gamma                             = 1.6667
h2_on_dust                        = 0
use_dust_density_field            = 0
dust_recombination_cooling        = -1
photoelectric_heating             = 0
photoelectric_heating_rate        = 8.5e-26
use_isrf_field                    = 0
interstellar_radiation_field      = 1.7
use_volumetric_heating_rate       = 0
use_specific_heating_rate         = 0
use_temperature_floor             = 0
temperature_floor_scalar          = 0
three_body_rate                   = 0
cie_cooling                       = 0
h2_optical_depth_approximation    = 0
ih2co                             = 1
ipiht                             = 1
HydrogenFractionByMass            = 0.73
DeuteriumToHydrogenRatio          = 6.8e-05
SolarMetalFractionByMass          = 0.01295
local_dust_to_gas_ratio           = 0.009387
CaseBRecombination                = 0
NumberOfTemperatureBins           = 600
TemperatureStart                  = 1
TemperatureEnd                    = 1e+09
NumberOfDustTemperatureBins       = 250
DustTemperatureStart              = 1
DustTemperatureEnd                = 1500
Compton_xray_heating              = 0
LWbackground_sawtooth_suppression = 0
LWbackground_intensity            = 0
UVbackground_redshift_on          = 30
UVbackground_redshift_off         = 0
UVbackground_redshift_fullon      = 7
UVbackground_redshift_drop        = 0
cloudy_electron_fraction_factor   = 0.00915396
use_radiative_transfer            = 0
radiative_transfer_coupled_rate_solver = 0
radiative_transfer_intermediate_step = 0
radiative_transfer_hydrogen_only  = 0
self_shielding_method             = 1
H2_self_shielding                 = 0
H2_custom_shielding               = 0
h2_charge_exchange_rate           = 1
h2_dust_rate                      = 1
h2_h_cooling_rate                 = 1
collisional_excitation_rates      = 1
collisional_ionisation_rates      = 1
recombination_cooling_rates       = 1
bremsstrahlung_cooling_rates      = 1
max_iterations                    = 10000
exit_after_iterations_exceeded    = 0
omp_nthreads                      = 0
OpenMP: off
WARNING! PartitionNestedGrids = 1 forces Parallel IO = 1
Initialdt in ReadParameterFile = 0.000000e+00
DetermineNumberOfNodes: 10 nodes, 56 cores per node
OPEN data hierarchy z_0012/z_0012.hierarchy
Initializing libyt interface
[YT_INFO   ] ******libyt version******
[YT_INFO   ]          0.5.0
[YT_INFO   ]   SERIAL_MODE: OFF
[YT_INFO   ]   INTERACTIVE_MODE: ON
[YT_INFO   ]   JUPYTER_KERNEL: OFF
[YT_INFO   ]   SUPPORT_TIMER: OFF
[YT_INFO   ] *************************
[YT_INFO   ] Initializing libyt ...
[YT_INFO   ]    verbose = 1
[YT_INFO   ]     script = inline
[YT_INFO   ]    counter = 0
[YT_INFO   ] check_data = false
[YT_INFO   ] Importing YT inline analysis script "inline" ... done
CPUTime-output: Frac = 1.000000, Current = 0.129271 (0), Stop = 2592000.000000, Last = 0
[YT_INFO   ] Setting YT parameters ...
[YT_INFO   ] Setting YT parameters ... done.
[YT_INFO   ] Getting pointer to particle list information ...
[YT_INFO   ] Getting pointer to particle list information  ... done.
[YT_INFO   ] Getting pointer to field list information ...
[YT_INFO   ] Getting pointer to field list information  ... done.
[YT_INFO   ] Getting pointer to local grids information ...
[YT_INFO   ] Getting pointer to local grids information  ... done.
[YT_INFO   ] Loading full hierarchy and local data to libyt ...
[YT_INFO   ] Loading full hierarchy and local data ... done.
[YT_INFO   ] Performing YT inline analysis yt_inline_func() ...
[YT_INFO   ] Performing YT inline analysis yt_inline_func() ... done.
RebuildHierarchy: level = 0
CommunicationTransferParticles: moved = 137077
CommunicationTransferStars: moved = 0
CommunicationTransferActiveParticles: moved = 0
DetermineSGSize: MaxSubgridSize = 2000, MinSubgridEdge = 4, ncells = 5054128
RebuildHierarchy[0]: Flagged 559/1120 grids. 330541 flagged cells
LoadBalance: Number of grids moved = 4045 out of 4103 (0.0200024 seconds elapsed)
DetermineSGSize: MaxSubgridSize = 2000, MinSubgridEdge = 4, ncells = 249880
RebuildHierarchy[1]: Flagged 261/4103 grids. 18316 flagged cells
LoadBalance: Number of grids moved = 310 out of 312 (0.00131572 seconds elapsed)
DetermineSGSize: MaxSubgridSize = 2000, MinSubgridEdge = 4, ncells = 40664
RebuildHierarchy[2]: Flagged 61/312 grids. 3253 flagged cells
LoadBalance: Number of grids moved = 67 out of 67 (0.00133704 seconds elapsed)
DetermineSGSize: MaxSubgridSize = 2000, MinSubgridEdge = 4, ncells = 6200
RebuildHierarchy[3]: Flagged 20/67 grids. 702 flagged cells
LoadBalance: Number of grids moved = 19 out of 20 (2.18153e-05 seconds elapsed)
DetermineSGSize: MaxSubgridSize = 2000, MinSubgridEdge = 4, ncells = 3920
RebuildHierarchy[4]: Flagged 11/20 grids. 456 flagged cells
LoadBalance: Number of grids moved = 11 out of 11 (0.000472762 seconds elapsed)
DetermineSGSize: MaxSubgridSize = 2000, MinSubgridEdge = 4, ncells = 3920
RebuildHierarchy[5]: Flagged 0/11 grids. 0 flagged cells
grid:SetNumberOfColours: NEQ_HYDRO = 6, NSpecies = 9, NColor = 0
Level[0]: dt = 0.0628872  0.0628872 (0.0628872/0.0628872)
PrepareGreens: Start = 0 0 36  Dim = 32 52 38
PrepareGreens: Start = 0 0 0  Dim = 32 52 36
Level[1]: dt = 0.0320105  0.0320105 (0.0320105/0.0628872)
Level[2]: dt = 0.0165096  0.0165096 (0.0165096/0.0320105)
Level[3]: dt = 0.00807199  0.00807199 (0.00807199/0.0165096)
Level[4]: dt = 0.00392272  0.00392272 (0.00392272/0.00807199)
Level[5]: dt = 0.00177484  0.00177484 (0.00177484/0.00392272)
RebuildHierarchy: level = 5
TransferSubgridParticles[5]: Moved 0 particles, 0 stars, 0 active particles.
DetermineSGSize: MaxSubgridSize = 2000, MinSubgridEdge = 4, ncells = 3920
RebuildHierarchy[5]: Flagged 0/11 grids. 0 flagged cells
Level[5]: dt = 0.00177481  0.00177481 (0.00354965/0.00392272)
RebuildHierarchy: level = 5
TransferSubgridParticles[5]: Moved 0 particles, 0 stars, 0 active particles.
DetermineSGSize: MaxSubgridSize = 2000, MinSubgridEdge = 4, ncells = 3920
RebuildHierarchy[5]: Flagged 0/11 grids. 0 flagged cells
Level[5]: dt = 0.000373077  0.00177486 (0.00392272/0.00392272)
EvolveLevel[5]: NumberOfSubCycles = 3 (3 total, 3 sub)
RebuildHierarchy: level = 4
TransferSubgridParticles[4]: Moved 1 particles, 0 stars, 0 active particles.
DetermineSGSize: MaxSubgridSize = 2000, MinSubgridEdge = 4, ncells = 3920
RebuildHierarchy[4]: Flagged 11/20 grids. 465 flagged cells
LoadBalance: Number of grids moved = 11 out of 11 (0.000689603 seconds elapsed)
DetermineSGSize: MaxSubgridSize = 2000, MinSubgridEdge = 4, ncells = 3920
RebuildHierarchy[5]: Flagged 0/11 grids. 0 flagged cells
Level[4]: dt = 0.00392437  0.00392437 (0.00784709/0.00807199)
Level[5]: dt = 0.00177486  0.00177486 (0.00177486/0.00392437)
RebuildHierarchy: level = 5
TransferSubgridParticles[5]: Moved 0 particles, 0 stars, 0 active particles.
DetermineSGSize: MaxSubgridSize = 2000, MinSubgridEdge = 4, ncells = 4016
RebuildHierarchy[5]: Flagged 0/11 grids. 0 flagged cells
Level[5]: dt = 0.0017753  0.0017753 (0.00355016/0.00392437)
RebuildHierarchy: level = 5
TransferSubgridParticles[5]: Moved 1 particles, 0 stars, 0 active particles.
DetermineSGSize: MaxSubgridSize = 2000, MinSubgridEdge = 4, ncells = 4016
RebuildHierarchy[5]: Flagged 0/11 grids. 0 flagged cells
Level[5]: dt = 0.000374204  0.00177596 (0.00392437/0.00392437)
EvolveLevel[5]: NumberOfSubCycles = 3 (6 total, 3 sub)
Level[4]: dt = 0.000224899  0.0039296 (0.00807199/0.00807199)
Level[5]: dt = 0.000224899  0.00177608 (0.000224899/0.000224899)
EvolveLevel[5]: NumberOfSubCycles = 1 (7 total, 1 sub)
EvolveLevel[4]: NumberOfSubCycles = 3 (3 total, 3 sub)
RebuildHierarchy: level = 3
TransferSubgridParticles[3]: Moved 233 particles, 0 stars, 0 active particles.
DetermineSGSize: MaxSubgridSize = 2000, MinSubgridEdge = 4, ncells = 5984
RebuildHierarchy[3]: Flagged 20/67 grids. 705 flagged cells
LoadBalance: Number of grids moved = 19 out of 20 (2.26386e-05 seconds elapsed)
DetermineSGSize: MaxSubgridSize = 2000, MinSubgridEdge = 4, ncells = 4016
RebuildHierarchy[4]: Flagged 11/20 grids. 465 flagged cells
LoadBalance: Number of grids moved = 11 out of 11 (0.000562061 seconds elapsed)
DetermineSGSize: MaxSubgridSize = 2000, MinSubgridEdge = 4, ncells = 4016
RebuildHierarchy[5]: Flagged 0/11 grids. 0 flagged cells
Level[3]: dt = 0.00843761  0.0080586 (0.0165096/0.0165096)
Level[4]: dt = 0.00392999  0.00392999 (0.00392999/0.00843761)
Level[5]: dt = 0.00177616  0.00177616 (0.00177616/0.00392999)
RebuildHierarchy: level = 5
TransferSubgridParticles[5]: Moved 0 particles, 0 stars, 0 active particles.
DetermineSGSize: MaxSubgridSize = 2000, MinSubgridEdge = 4, ncells = 4016
RebuildHierarchy[5]: Flagged 0/11 grids. 0 flagged cells
Level[5]: dt = 0.00177716  0.00177716 (0.00355333/0.00392999)
RebuildHierarchy: level = 5
TransferSubgridParticles[5]: Moved 0 particles, 0 stars, 0 active particles.
DetermineSGSize: MaxSubgridSize = 2000, MinSubgridEdge = 4, ncells = 4016
RebuildHierarchy[5]: Flagged 0/11 grids. 0 flagged cells
Level[5]: dt = 0.000376663  0.00177831 (0.00392999/0.00392999)
EvolveLevel[5]: NumberOfSubCycles = 3 (10 total, 3 sub)
RebuildHierarchy: level = 4
TransferSubgridParticles[4]: Moved 0 particles, 0 stars, 0 active particles.
DetermineSGSize: MaxSubgridSize = 2000, MinSubgridEdge = 4, ncells = 4016
RebuildHierarchy[4]: Flagged 11/20 grids. 465 flagged cells
LoadBalance: Number of grids moved = 11 out of 11 (0.000457801 seconds elapsed)
DetermineSGSize: MaxSubgridSize = 2000, MinSubgridEdge = 4, ncells = 4016
RebuildHierarchy[5]: Flagged 0/11 grids. 0 flagged cells
Level[4]: dt = 0.00393828  0.00393828 (0.00786827/0.00843761)
Level[5]: dt = 0.00177855  0.00177855 (0.00177855/0.00393828)
RebuildHierarchy: level = 5
TransferSubgridParticles[5]: Moved 0 particles, 0 stars, 0 active particles.
DetermineSGSize: MaxSubgridSize = 2000, MinSubgridEdge = 4, ncells = 4016
RebuildHierarchy[5]: Flagged 0/11 grids. 0 flagged cells
Level[5]: dt = 0.00177999  0.00177999 (0.00355854/0.00393828)
RebuildHierarchy: level = 5
TransferSubgridParticles[5]: Moved 1 particles, 0 stars, 0 active particles.
DetermineSGSize: MaxSubgridSize = 2000, MinSubgridEdge = 4, ncells = 4016
RebuildHierarchy[5]: Flagged 0/11 grids. 0 flagged cells
Level[5]: dt = 0.000379742  0.00178152 (0.00393828/0.00393828)
EvolveLevel[5]: NumberOfSubCycles = 3 (13 total, 3 sub)
Level[4]: dt = 0.000569338  0.00394877 (0.00843761/0.00843761)
Level[5]: dt = 0.000569338  0.00178184 (0.000569338/0.000569338)
EvolveLevel[5]: NumberOfSubCycles = 1 (14 total, 1 sub)
EvolveLevel[4]: NumberOfSubCycles = 3 (6 total, 3 sub)
EvolveLevel[3]: NumberOfSubCycles = 2 (2 total, 2 sub)
RebuildHierarchy: level = 2
TransferSubgridParticles[2]: Moved 1795 particles, 0 stars, 0 active particles.
DetermineSGSize: MaxSubgridSize = 2000, MinSubgridEdge = 4, ncells = 39648
RebuildHierarchy[2]: Flagged 63/312 grids. 3372 flagged cells
LoadBalance: Number of grids moved = 68 out of 68 (0.00038778 seconds elapsed)
DetermineSGSize: MaxSubgridSize = 2000, MinSubgridEdge = 4, ncells = 6080
RebuildHierarchy[3]: Flagged 21/68 grids. 735 flagged cells
LoadBalance: Number of grids moved = 20 out of 21 (2.7135e-05 seconds elapsed)
DetermineSGSize: MaxSubgridSize = 2000, MinSubgridEdge = 4, ncells = 4016
RebuildHierarchy[4]: Flagged 11/21 grids. 465 flagged cells
LoadBalance: Number of grids moved = 11 out of 11 (0.0004697 seconds elapsed)
DetermineSGSize: MaxSubgridSize = 2000, MinSubgridEdge = 4, ncells = 4016
RebuildHierarchy[5]: Flagged 0/11 grids. 0 flagged cells
Level[2]: dt = 0.0155009  0.0165059 (0.0320105/0.0320105)
Level[3]: dt = 0.00805129  0.00805129 (0.00805129/0.0155009)
Level[4]: dt = 0.00395043  0.00395043 (0.00395043/0.00805129)
Level[5]: dt = 0.00178234  0.00178234 (0.00178234/0.00395043)
RebuildHierarchy: level = 5
TransferSubgridParticles[5]: Moved 0 particles, 0 stars, 0 active particles.
DetermineSGSize: MaxSubgridSize = 2000, MinSubgridEdge = 4, ncells = 3968
RebuildHierarchy[5]: Flagged 0/11 grids. 0 flagged cells
Level[5]: dt = 0.00178411  0.00178411 (0.00356645/0.00395043)
RebuildHierarchy: level = 5
TransferSubgridParticles[5]: Moved 0 particles, 0 stars, 0 active particles.
DetermineSGSize: MaxSubgridSize = 2000, MinSubgridEdge = 4, ncells = 3968
RebuildHierarchy[5]: Flagged 0/11 grids. 0 flagged cells
Level[5]: dt = 0.000383989  0.00178615 (0.00395043/0.00395043)
EvolveLevel[5]: NumberOfSubCycles = 3 (17 total, 3 sub)
RebuildHierarchy: level = 4
TransferSubgridParticles[4]: Moved 1 particles, 0 stars, 0 active particles.
DetermineSGSize: MaxSubgridSize = 2000, MinSubgridEdge = 4, ncells = 3968
RebuildHierarchy[4]: Flagged 11/21 grids. 447 flagged cells
LoadBalance: Number of grids moved = 11 out of 11 (0.00051032 seconds elapsed)
DetermineSGSize: MaxSubgridSize = 2000, MinSubgridEdge = 4, ncells = 3968
RebuildHierarchy[5]: Flagged 0/11 grids. 0 flagged cells
Level[4]: dt = 0.00410086  0.00396304 (0.00805129/0.00805129)
Level[5]: dt = 0.00178655  0.00178655 (0.00178655/0.00410086)
RebuildHierarchy: level = 5
TransferSubgridParticles[5]: Moved 0 particles, 0 stars, 0 active particles.
DetermineSGSize: MaxSubgridSize = 2000, MinSubgridEdge = 4, ncells = 3776
RebuildHierarchy[5]: Flagged 0/11 grids. 0 flagged cells
Level[5]: dt = 0.0017866  0.0017866 (0.00357314/0.00410086)
RebuildHierarchy: level = 5
TransferSubgridParticles[5]: Moved 0 particles, 0 stars, 0 active particles.
DetermineSGSize: MaxSubgridSize = 2000, MinSubgridEdge = 4, ncells = 3776
RebuildHierarchy[5]: Flagged 0/11 grids. 0 flagged cells
Level[5]: dt = 0.000527713  0.00178299 (0.00410086/0.00410086)
EvolveLevel[5]: NumberOfSubCycles = 3 (20 total, 3 sub)
EvolveLevel[4]: NumberOfSubCycles = 2 (8 total, 2 sub)
RebuildHierarchy: level = 3
TransferSubgridParticles[3]: Moved 9 particles, 0 stars, 0 active particles.
DetermineSGSize: MaxSubgridSize = 2000, MinSubgridEdge = 4, ncells = 6272
RebuildHierarchy[3]: Flagged 21/68 grids. 741 flagged cells
LoadBalance: Number of grids moved = 20 out of 21 (2.32346e-05 seconds elapsed)
DetermineSGSize: MaxSubgridSize = 2000, MinSubgridEdge = 4, ncells = 3776
RebuildHierarchy[4]: Flagged 11/21 grids. 447 flagged cells
LoadBalance: Number of grids moved = 11 out of 11 (0.000646628 seconds elapsed)
DetermineSGSize: MaxSubgridSize = 2000, MinSubgridEdge = 4, ncells = 3776
RebuildHierarchy[5]: Flagged 0/11 grids. 0 flagged cells
Level[3]: dt = 0.00744965  0.0080497 (0.0155009/0.0155009)
Level[4]: dt = 0.00397236  0.00397236 (0.00397236/0.00744965)
Level[5]: dt = 0.00178194  0.00178194 (0.00178194/0.00397236)
RebuildHierarchy: level = 5
TransferSubgridParticles[5]: Moved 0 particles, 0 stars, 0 active particles.
DetermineSGSize: MaxSubgridSize = 2000, MinSubgridEdge = 4, ncells = 3776
RebuildHierarchy[5]: Flagged 0/11 grids. 0 flagged cells
Level[5]: dt = 0.00177846  0.00177846 (0.0035604/0.00397236)
RebuildHierarchy: level = 5
TransferSubgridParticles[5]: Moved 0 particles, 0 stars, 0 active particles.
DetermineSGSize: MaxSubgridSize = 2000, MinSubgridEdge = 4, ncells = 3776
RebuildHierarchy[5]: Flagged 0/11 grids. 0 flagged cells
Level[5]: dt = 0.000411956  0.00177522 (0.00397236/0.00397236)
EvolveLevel[5]: NumberOfSubCycles = 3 (23 total, 3 sub)
RebuildHierarchy: level = 4
TransferSubgridParticles[4]: Moved 0 particles, 0 stars, 0 active particles.
DetermineSGSize: MaxSubgridSize = 2000, MinSubgridEdge = 4, ncells = 3776
RebuildHierarchy[4]: Flagged 11/21 grids. 450 flagged cells
LoadBalance: Number of grids moved = 11 out of 11 (0.00051583 seconds elapsed)
DetermineSGSize: MaxSubgridSize = 2000, MinSubgridEdge = 4, ncells = 3776
RebuildHierarchy[5]: Flagged 0/11 grids. 0 flagged cells
Level[4]: dt = 0.00347729  0.00396652 (0.00744965/0.00744965)
Level[5]: dt = 0.00177448  0.00177448 (0.00177448/0.00347729)
RebuildHierarchy: level = 5
TransferSubgridParticles[5]: Moved 0 particles, 0 stars, 0 active particles.
DetermineSGSize: MaxSubgridSize = 2000, MinSubgridEdge = 4, ncells = 3776
RebuildHierarchy[5]: Flagged 0/11 grids. 0 flagged cells
Level[5]: dt = 0.00170282  0.00177136 (0.00347729/0.00347729)
EvolveLevel[5]: NumberOfSubCycles = 2 (25 total, 2 sub)
EvolveLevel[4]: NumberOfSubCycles = 2 (10 total, 2 sub)
EvolveLevel[3]: NumberOfSubCycles = 2 (4 total, 2 sub)
EvolveLevel[2]: NumberOfSubCycles = 2 (2 total, 2 sub)
RebuildHierarchy: level = 1
TransferSubgridParticles[1]: Moved 42280 particles, 0 stars, 0 active particles.
DetermineSGSize: MaxSubgridSize = 2000, MinSubgridEdge = 4, ncells = 248664
RebuildHierarchy[1]: Flagged 263/4103 grids. 18722 flagged cells
LoadBalance: Number of grids moved = 313 out of 315 (0.00127988 seconds elapsed)
DetermineSGSize: MaxSubgridSize = 2000, MinSubgridEdge = 4, ncells = 41896
RebuildHierarchy[2]: Flagged 62/315 grids. 3421 flagged cells
LoadBalance: Number of grids moved = 68 out of 68 (0.000322156 seconds elapsed)
DetermineSGSize: MaxSubgridSize = 2000, MinSubgridEdge = 4, ncells = 6400
RebuildHierarchy[3]: Flagged 21/68 grids. 750 flagged cells
LoadBalance: Number of grids moved = 20 out of 21 (2.39164e-05 seconds elapsed)
DetermineSGSize: MaxSubgridSize = 2000, MinSubgridEdge = 4, ncells = 3776
RebuildHierarchy[4]: Flagged 11/21 grids. 450 flagged cells
LoadBalance: Number of grids moved = 11 out of 11 (0.000447333 seconds elapsed)
DetermineSGSize: MaxSubgridSize = 2000, MinSubgridEdge = 4, ncells = 3776
RebuildHierarchy[5]: Flagged 0/11 grids. 0 flagged cells
Level[1]: dt = 0.0308766  0.0320174 (0.0628872/0.0628872)
Level[2]: dt = 0.0165034  0.0165034 (0.0165034/0.0308766)
Level[3]: dt = 0.00805285  0.00805285 (0.00805285/0.0165034)
Level[4]: dt = 0.00396186  0.00396186 (0.00396186/0.00805285)
Level[5]: dt = 0.00176857  0.00176857 (0.00176857/0.00396186)
RebuildHierarchy: level = 5
TransferSubgridParticles[5]: Moved 0 particles, 0 stars, 0 active particles.
DetermineSGSize: MaxSubgridSize = 2000, MinSubgridEdge = 4, ncells = 3776
RebuildHierarchy[5]: Flagged 0/11 grids. 0 flagged cells
Level[5]: dt = 0.00176594  0.00176594 (0.00353451/0.00396186)
RebuildHierarchy: level = 5
TransferSubgridParticles[5]: Moved 0 particles, 0 stars, 0 active particles.
DetermineSGSize: MaxSubgridSize = 2000, MinSubgridEdge = 4, ncells = 3776
RebuildHierarchy[5]: Flagged 0/11 grids. 0 flagged cells
Level[5]: dt = 0.000427345  0.0017634 (0.00396186/0.00396186)
EvolveLevel[5]: NumberOfSubCycles = 3 (28 total, 3 sub)
RebuildHierarchy: level = 4
TransferSubgridParticles[4]: Moved 0 particles, 0 stars, 0 active particles.
DetermineSGSize: MaxSubgridSize = 2000, MinSubgridEdge = 4, ncells = 3776
RebuildHierarchy[4]: Flagged 11/21 grids. 450 flagged cells
LoadBalance: Number of grids moved = 11 out of 11 (0.000363268 seconds elapsed)
DetermineSGSize: MaxSubgridSize = 2000, MinSubgridEdge = 4, ncells = 3776
RebuildHierarchy[5]: Flagged 0/11 grids. 0 flagged cells
Level[4]: dt = 0.004091  0.00395659 (0.00805285/0.00805285)
Level[5]: dt = 0.0017628  0.0017628 (0.0017628/0.004091)
RebuildHierarchy: level = 5
TransferSubgridParticles[5]: Moved 0 particles, 0 stars, 0 active particles.
DetermineSGSize: MaxSubgridSize = 2000, MinSubgridEdge = 4, ncells = 3832
RebuildHierarchy[5]: Flagged 0/11 grids. 0 flagged cells
Level[5]: dt = 0.00176055  0.00176055 (0.00352336/0.004091)
RebuildHierarchy: level = 5
TransferSubgridParticles[5]: Moved 0 particles, 0 stars, 0 active particles.
DetermineSGSize: MaxSubgridSize = 2000, MinSubgridEdge = 4, ncells = 3832
RebuildHierarchy[5]: Flagged 0/11 grids. 0 flagged cells
Level[5]: dt = 0.000567642  0.0017583 (0.004091/0.004091)
EvolveLevel[5]: NumberOfSubCycles = 3 (31 total, 3 sub)
EvolveLevel[4]: NumberOfSubCycles = 2 (12 total, 2 sub)
RebuildHierarchy: level = 3
TransferSubgridParticles[3]: Moved 1 particles, 0 stars, 0 active particles.
DetermineSGSize: MaxSubgridSize = 2000, MinSubgridEdge = 4, ncells = 6496
RebuildHierarchy[3]: Flagged 21/68 grids. 769 flagged cells
LoadBalance: Number of grids moved = 20 out of 21 (2.38009e-05 seconds elapsed)
DetermineSGSize: MaxSubgridSize = 2000, MinSubgridEdge = 4, ncells = 3832
RebuildHierarchy[4]: Flagged 11/21 grids. 450 flagged cells
LoadBalance: Number of grids moved = 11 out of 11 (0.000474084 seconds elapsed)
DetermineSGSize: MaxSubgridSize = 2000, MinSubgridEdge = 4, ncells = 3832
RebuildHierarchy[5]: Flagged 0/11 grids. 0 flagged cells
Level[3]: dt = 0.00845054  0.00804882 (0.0165034/0.0165034)
Level[4]: dt = 0.00393724  0.00393724 (0.00393724/0.00845054)
Level[5]: dt = 0.0017576  0.0017576 (0.0017576/0.00393724)
RebuildHierarchy: level = 5
TransferSubgridParticles[5]: Moved 0 particles, 0 stars, 0 active particles.
DetermineSGSize: MaxSubgridSize = 2000, MinSubgridEdge = 4, ncells = 3832
RebuildHierarchy[5]: Flagged 0/11 grids. 0 flagged cells
Level[5]: dt = 0.00175563  0.00175563 (0.00351324/0.00393724)
RebuildHierarchy: level = 5
TransferSubgridParticles[5]: Moved 0 particles, 0 stars, 0 active particles.
DetermineSGSize: MaxSubgridSize = 2000, MinSubgridEdge = 4, ncells = 3832
RebuildHierarchy[5]: Flagged 0/11 grids. 0 flagged cells
Level[5]: dt = 0.000424004  0.00175369 (0.00393724/0.00393724)
EvolveLevel[5]: NumberOfSubCycles = 3 (34 total, 3 sub)
RebuildHierarchy: level = 4
TransferSubgridParticles[4]: Moved 0 particles, 0 stars, 0 active particles.
DetermineSGSize: MaxSubgridSize = 2000, MinSubgridEdge = 4, ncells = 3832
RebuildHierarchy[4]: Flagged 11/21 grids. 441 flagged cells
LoadBalance: Number of grids moved = 11 out of 11 (0.000444427 seconds elapsed)
DetermineSGSize: MaxSubgridSize = 2000, MinSubgridEdge = 4, ncells = 3832
RebuildHierarchy[5]: Flagged 0/11 grids. 0 flagged cells
Level[4]: dt = 0.00392725  0.00392725 (0.00786449/0.00845054)
Level[5]: dt = 0.00175324  0.00175324 (0.00175324/0.00392725)
RebuildHierarchy: level = 5
TransferSubgridParticles[5]: Moved 0 particles, 0 stars, 0 active particles.
DetermineSGSize: MaxSubgridSize = 2000, MinSubgridEdge = 4, ncells = 3704
RebuildHierarchy[5]: Flagged 0/11 grids. 0 flagged cells
Level[5]: dt = 0.00175155  0.00175155 (0.00350478/0.00392725)
RebuildHierarchy: level = 5
TransferSubgridParticles[5]: Moved 0 particles, 0 stars, 0 active particles.
DetermineSGSize: MaxSubgridSize = 2000, MinSubgridEdge = 4, ncells = 3704
RebuildHierarchy[5]: Flagged 0/11 grids. 0 flagged cells
Level[5]: dt = 0.000422466  0.00174978 (0.00392725/0.00392725)
EvolveLevel[5]: NumberOfSubCycles = 3 (37 total, 3 sub)
Level[4]: dt = 0.00058605  0.00392293 (0.00845054/0.00845054)
Level[5]: dt = 0.00058605  0.00174934 (0.00058605/0.00058605)
EvolveLevel[5]: NumberOfSubCycles = 1 (38 total, 1 sub)
EvolveLevel[4]: NumberOfSubCycles = 3 (15 total, 3 sub)
EvolveLevel[3]: NumberOfSubCycles = 2 (6 total, 2 sub)
RebuildHierarchy: level = 2
TransferSubgridParticles[2]: Moved 49 particles, 0 stars, 0 active particles.
DetermineSGSize: MaxSubgridSize = 2000, MinSubgridEdge = 4, ncells = 41904
RebuildHierarchy[2]: Flagged 62/315 grids. 3425 flagged cells
LoadBalance: Number of grids moved = 68 out of 68 (0.000493702 seconds elapsed)
DetermineSGSize: MaxSubgridSize = 2000, MinSubgridEdge = 4, ncells = 6792
RebuildHierarchy[3]: Flagged 21/68 grids. 766 flagged cells
LoadBalance: Number of grids moved = 20 out of 21 (2.44677e-05 seconds elapsed)
DetermineSGSize: MaxSubgridSize = 2000, MinSubgridEdge = 4, ncells = 3704
RebuildHierarchy[4]: Flagged 11/21 grids. 450 flagged cells
LoadBalance: Number of grids moved = 11 out of 11 (0.000492387 seconds elapsed)
DetermineSGSize: MaxSubgridSize = 2000, MinSubgridEdge = 4, ncells = 3704
RebuildHierarchy[5]: Flagged 0/11 grids. 0 flagged cells
Level[2]: dt = 0.0143732  0.0165017 (0.0308766/0.0308766)
Level[3]: dt = 0.00804254  0.00804254 (0.00804254/0.0143732)
Level[4]: dt = 0.00392263  0.00392263 (0.00392263/0.00804254)
Level[5]: dt = 0.00174875  0.00174875 (0.00174875/0.00392263)
RebuildHierarchy: level = 5
TransferSubgridParticles[5]: Moved 0 particles, 0 stars, 0 active particles.
DetermineSGSize: MaxSubgridSize = 2000, MinSubgridEdge = 4, ncells = 3776
RebuildHierarchy[5]: Flagged 0/11 grids. 0 flagged cells
Level[5]: dt = 0.00174708  0.00174708 (0.00349583/0.00392263)
RebuildHierarchy: level = 5
TransferSubgridParticles[5]: Moved 0 particles, 0 stars, 0 active particles.
DetermineSGSize: MaxSubgridSize = 2000, MinSubgridEdge = 4, ncells = 3776
RebuildHierarchy[5]: Flagged 0/11 grids. 0 flagged cells
Level[5]: dt = 0.000426802  0.00174563 (0.00392263/0.00392263)
EvolveLevel[5]: NumberOfSubCycles = 3 (41 total, 3 sub)
RebuildHierarchy: level = 4
TransferSubgridParticles[4]: Moved 0 particles, 0 stars, 0 active particles.
DetermineSGSize: MaxSubgridSize = 2000, MinSubgridEdge = 4, ncells = 3776
RebuildHierarchy[4]: Flagged 11/21 grids. 459 flagged cells
LoadBalance: Number of grids moved = 11 out of 11 (0.00064468 seconds elapsed)
DetermineSGSize: MaxSubgridSize = 2000, MinSubgridEdge = 4, ncells = 3776
RebuildHierarchy[5]: Flagged 0/11 grids. 0 flagged cells
Level[4]: dt = 0.00392233  0.00392233 (0.00784496/0.00804254)
Level[5]: dt = 0.00174523  0.00174523 (0.00174523/0.00392233)
RebuildHierarchy: level = 5
TransferSubgridParticles[5]: Moved 0 particles, 0 stars, 0 active particles.
DetermineSGSize: MaxSubgridSize = 2000, MinSubgridEdge = 4, ncells = 3936
RebuildHierarchy[5]: Flagged 0/11 grids. 0 flagged cells
Level[5]: dt = 0.00174376  0.00174376 (0.00348898/0.00392233)
RebuildHierarchy: level = 5
TransferSubgridParticles[5]: Moved 0 particles, 0 stars, 0 active particles.
DetermineSGSize: MaxSubgridSize = 2000, MinSubgridEdge = 4, ncells = 3936
RebuildHierarchy[5]: Flagged 0/11 grids. 0 flagged cells
Level[5]: dt = 0.000433349  0.0017425 (0.00392233/0.00392233)
EvolveLevel[5]: NumberOfSubCycles = 3 (44 total, 3 sub)
Level[4]: dt = 0.000197582  0.00392406 (0.00804254/0.00804254)
Level[5]: dt = 0.000197582  0.00174214 (0.000197582/0.000197582)
EvolveLevel[5]: NumberOfSubCycles = 1 (45 total, 1 sub)
EvolveLevel[4]: NumberOfSubCycles = 3 (18 total, 3 sub)
RebuildHierarchy: level = 3
TransferSubgridParticles[3]: Moved 7 particles, 0 stars, 0 active particles.
DetermineSGSize: MaxSubgridSize = 2000, MinSubgridEdge = 4, ncells = 6696
RebuildHierarchy[3]: Flagged 22/68 grids. 772 flagged cells
LoadBalance: Number of grids moved = 21 out of 22 (2.50414e-05 seconds elapsed)
DetermineSGSize: MaxSubgridSize = 2000, MinSubgridEdge = 4, ncells = 3936
RebuildHierarchy[4]: Flagged 11/22 grids. 468 flagged cells
LoadBalance: Number of grids moved = 11 out of 11 (0.000486694 seconds elapsed)
DetermineSGSize: MaxSubgridSize = 2000, MinSubgridEdge = 4, ncells = 3936
RebuildHierarchy[5]: Flagged 0/11 grids. 0 flagged cells
Level[3]: dt = 0.00633069  0.00804163 (0.0143732/0.0143732)
Level[4]: dt = 0.00392418  0.00392418 (0.00392418/0.00633069)
Level[5]: dt = 0.00174197  0.00174197 (0.00174197/0.00392418)
RebuildHierarchy: level = 5
TransferSubgridParticles[5]: Moved 0 particles, 0 stars, 0 active particles.
DetermineSGSize: MaxSubgridSize = 2000, MinSubgridEdge = 4, ncells = 4032
RebuildHierarchy[5]: Flagged 0/11 grids. 0 flagged cells
Level[5]: dt = 0.00174083  0.00174083 (0.0034828/0.00392418)
RebuildHierarchy: level = 5
TransferSubgridParticles[5]: Moved 0 particles, 0 stars, 0 active particles.
DetermineSGSize: MaxSubgridSize = 2000, MinSubgridEdge = 4, ncells = 4032
RebuildHierarchy[5]: Flagged 0/11 grids. 0 flagged cells
Level[5]: dt = 0.000441386  0.00173977 (0.00392418/0.00392418)
EvolveLevel[5]: NumberOfSubCycles = 3 (48 total, 3 sub)
RebuildHierarchy: level = 4
TransferSubgridParticles[4]: Moved 1 particles, 0 stars, 0 active particles.
DetermineSGSize: MaxSubgridSize = 2000, MinSubgridEdge = 4, ncells = 4032
RebuildHierarchy[4]: Flagged 11/22 grids. 480 flagged cells
LoadBalance: Number of grids moved = 11 out of 11 (0.000502434 seconds elapsed)
DetermineSGSize: MaxSubgridSize = 2000, MinSubgridEdge = 4, ncells = 4032
RebuildHierarchy[5]: Flagged 0/11 grids. 0 flagged cells
Level[4]: dt = 0.00240651  0.00392725 (0.00633069/0.00633069)
Level[5]: dt = 0.00173945  0.00173945 (0.00173945/0.00240651)
RebuildHierarchy: level = 5
TransferSubgridParticles[5]: Moved 0 particles, 0 stars, 0 active particles.
DetermineSGSize: MaxSubgridSize = 2000, MinSubgridEdge = 4, ncells = 4160
RebuildHierarchy[5]: Flagged 0/11 grids. 0 flagged cells
Level[5]: dt = 0.00066706  0.00173854 (0.00240651/0.00240651)
EvolveLevel[5]: NumberOfSubCycles = 2 (50 total, 2 sub)
EvolveLevel[4]: NumberOfSubCycles = 2 (20 total, 2 sub)
EvolveLevel[3]: NumberOfSubCycles = 2 (8 total, 2 sub)
EvolveLevel[2]: NumberOfSubCycles = 2 (4 total, 2 sub)
EvolveLevel[1]: NumberOfSubCycles = 2 (2 total, 2 sub)
EvolveLevel[0]: NumberOfSubCycles = 1 (1 total, 1 sub)
CPUTime-output: Frac = 0.999887, Current = 292.536 (292.536), Stop = 2592000.000000, Last = 292.536
[YT_INFO   ] Setting YT parameters ...
[YT_INFO   ] Setting YT parameters ... done.
[YT_INFO   ] Getting pointer to particle list information ...
[YT_INFO   ] Getting pointer to particle list information  ... done.
[YT_INFO   ] Getting pointer to field list information ...
[YT_INFO   ] Getting pointer to field list information  ... done.
[YT_INFO   ] Getting pointer to local grids information ...
[YT_INFO   ] Getting pointer to local grids information  ... done.
[YT_INFO   ] Loading full hierarchy and local data to libyt ...
[YT_INFO   ] Loading full hierarchy and local data ... done.
[YT_INFO   ] Performing YT inline analysis yt_inline_func() ...
[YT_INFO   ] Performing YT inline analysis yt_inline_func() ... done.
Level[0]: dt = 0.0629405  0.0629405 (0.0629405/0.0629405)
PrepareGreens: Start = 0 0 36  Dim = 32 52 38
PrepareGreens: Start = 0 0 0  Dim = 32 52 36
Level[1]: dt = 0.0320241  0.0320241 (0.0320241/0.0629405)
Level[2]: dt = 0.0165011  0.0165011 (0.0165011/0.0320241)
Level[3]: dt = 0.00804285  0.00804285 (0.00804285/0.0165011)
Level[4]: dt = 0.00392955  0.00392955 (0.00392955/0.00804285)
Level[5]: dt = 0.00173813  0.00173813 (0.00173813/0.00392955)
RebuildHierarchy: level = 5
TransferSubgridParticles[5]: Moved 0 particles, 0 stars, 0 active particles.
DetermineSGSize: MaxSubgridSize = 2000, MinSubgridEdge = 4, ncells = 4160
RebuildHierarchy[5]: Flagged 0/11 grids. 0 flagged cells
Level[5]: dt = 0.00173726  0.00173726 (0.00347539/0.00392955)
RebuildHierarchy: level = 5
TransferSubgridParticles[5]: Moved 0 particles, 0 stars, 0 active particles.
DetermineSGSize: MaxSubgridSize = 2000, MinSubgridEdge = 4, ncells = 4160
RebuildHierarchy[5]: Flagged 0/11 grids. 0 flagged cells
Level[5]: dt = 0.000454154  0.00173662 (0.00392955/0.00392955)
EvolveLevel[5]: NumberOfSubCycles = 3 (53 total, 3 sub)
RebuildHierarchy: level = 4
TransferSubgridParticles[4]: Moved 2 particles, 0 stars, 0 active particles.
DetermineSGSize: MaxSubgridSize = 2000, MinSubgridEdge = 4, ncells = 4160
RebuildHierarchy[4]: Flagged 11/22 grids. 486 flagged cells
LoadBalance: Number of grids moved = 11 out of 11 (0.000695895 seconds elapsed)
DetermineSGSize: MaxSubgridSize = 2000, MinSubgridEdge = 4, ncells = 4160
RebuildHierarchy[5]: Flagged 0/11 grids. 0 flagged cells
Level[4]: dt = 0.00411331  0.00393359 (0.00804285/0.00804285)
Level[5]: dt = 0.00173641  0.00173641 (0.00173641/0.00411331)
RebuildHierarchy: level = 5
TransferSubgridParticles[5]: Moved 0 particles, 0 stars, 0 active particles.
DetermineSGSize: MaxSubgridSize = 2000, MinSubgridEdge = 4, ncells = 4256
RebuildHierarchy[5]: Flagged 0/11 grids. 0 flagged cells
Level[5]: dt = 0.00173587  0.00173587 (0.00347228/0.00411331)
RebuildHierarchy: level = 5
TransferSubgridParticles[5]: Moved 0 particles, 0 stars, 0 active particles.
DetermineSGSize: MaxSubgridSize = 2000, MinSubgridEdge = 4, ncells = 4256
RebuildHierarchy[5]: Flagged 0/11 grids. 0 flagged cells
Level[5]: dt = 0.000641024  0.00173553 (0.00411331/0.00411331)
EvolveLevel[5]: NumberOfSubCycles = 3 (56 total, 3 sub)
EvolveLevel[4]: NumberOfSubCycles = 2 (22 total, 2 sub)
RebuildHierarchy: level = 3
TransferSubgridParticles[3]: Moved 9 particles, 0 stars, 0 active particles.
DetermineSGSize: MaxSubgridSize = 2000, MinSubgridEdge = 4, ncells = 6744
RebuildHierarchy[3]: Flagged 21/68 grids. 758 flagged cells
LoadBalance: Number of grids moved = 20 out of 21 (2.40617e-05 seconds elapsed)
DetermineSGSize: MaxSubgridSize = 2000, MinSubgridEdge = 4, ncells = 4256
RebuildHierarchy[4]: Flagged 12/21 grids. 504 flagged cells
LoadBalance: Number of grids moved = 12 out of 12 (0.000791337 seconds elapsed)
DetermineSGSize: MaxSubgridSize = 2000, MinSubgridEdge = 4, ncells = 4256
RebuildHierarchy[5]: Flagged 0/12 grids. 0 flagged cells
Level[3]: dt = 0.00804773  0.00804773 (0.0160906/0.0165011)
Level[4]: dt = 0.00393791  0.00393791 (0.00393791/0.00804773)
Level[5]: dt = 0.00173537  0.00173537 (0.00173537/0.00393791)
RebuildHierarchy: level = 5
TransferSubgridParticles[5]: Moved 0 particles, 0 stars, 0 active particles.
DetermineSGSize: MaxSubgridSize = 2000, MinSubgridEdge = 4, ncells = 4376
RebuildHierarchy[5]: Flagged 0/12 grids. 0 flagged cells
Level[5]: dt = 0.00173517  0.00173517 (0.00347053/0.00393791)
RebuildHierarchy: level = 5
TransferSubgridParticles[5]: Moved 0 particles, 0 stars, 0 active particles.
DetermineSGSize: MaxSubgridSize = 2000, MinSubgridEdge = 4, ncells = 4376
RebuildHierarchy[5]: Flagged 0/12 grids. 0 flagged cells
Level[5]: dt = 0.000467381  0.00173516 (0.00393791/0.00393791)
EvolveLevel[5]: NumberOfSubCycles = 3 (59 total, 3 sub)
RebuildHierarchy: level = 4
TransferSubgridParticles[4]: Moved 0 particles, 0 stars, 0 active particles.
DetermineSGSize: MaxSubgridSize = 2000, MinSubgridEdge = 4, ncells = 4376
RebuildHierarchy[4]: Flagged 12/21 grids. 495 flagged cells
LoadBalance: Number of grids moved = 12 out of 12 (0.000690918 seconds elapsed)
DetermineSGSize: MaxSubgridSize = 2000, MinSubgridEdge = 4, ncells = 4376
RebuildHierarchy[5]: Flagged 0/12 grids. 0 flagged cells
Level[4]: dt = 0.00410982  0.00394207 (0.00804773/0.00804773)
Level[5]: dt = 0.00173513  0.00173513 (0.00173513/0.00410982)
RebuildHierarchy: level = 5
TransferSubgridParticles[5]: Moved 0 particles, 0 stars, 0 active particles.
DetermineSGSize: MaxSubgridSize = 2000, MinSubgridEdge = 4, ncells = 4248
RebuildHierarchy[5]: Flagged 0/12 grids. 0 flagged cells
Level[5]: dt = 0.00173527  0.00173527 (0.0034704/0.00410982)
RebuildHierarchy: level = 5
TransferSubgridParticles[5]: Moved 0 particles, 0 stars, 0 active particles.
DetermineSGSize: MaxSubgridSize = 2000, MinSubgridEdge = 4, ncells = 4248
RebuildHierarchy[5]: Flagged 0/12 grids. 0 flagged cells
Level[5]: dt = 0.000639423  0.00173563 (0.00410982/0.00410982)
EvolveLevel[5]: NumberOfSubCycles = 3 (62 total, 3 sub)
EvolveLevel[4]: NumberOfSubCycles = 2 (24 total, 2 sub)
Level[3]: dt = 0.000410514  0.00805653 (0.0165011/0.0165011)
Level[4]: dt = 0.000410514  0.00394655 (0.000410514/0.000410514)
Level[5]: dt = 0.000410514  0.00173573 (0.000410514/0.000410514)
EvolveLevel[5]: NumberOfSubCycles = 1 (63 total, 1 sub)
EvolveLevel[4]: NumberOfSubCycles = 1 (25 total, 1 sub)
EvolveLevel[3]: NumberOfSubCycles = 3 (11 total, 3 sub)
RebuildHierarchy: level = 2
TransferSubgridParticles[2]: Moved 76 particles, 0 stars, 0 active particles.
DetermineSGSize: MaxSubgridSize = 2000, MinSubgridEdge = 4, ncells = 41968
RebuildHierarchy[2]: Flagged 64/315 grids. 3549 flagged cells
LoadBalance: Number of grids moved = 70 out of 70 (0.000574399 seconds elapsed)
DetermineSGSize: MaxSubgridSize = 2000, MinSubgridEdge = 4, ncells = 6472
RebuildHierarchy[3]: Flagged 21/70 grids. 767 flagged cells
LoadBalance: Number of grids moved = 20 out of 21 (2.37674e-05 seconds elapsed)
DetermineSGSize: MaxSubgridSize = 2000, MinSubgridEdge = 4, ncells = 4248
RebuildHierarchy[4]: Flagged 12/21 grids. 495 flagged cells
LoadBalance: Number of grids moved = 12 out of 12 (0.000840701 seconds elapsed)
DetermineSGSize: MaxSubgridSize = 2000, MinSubgridEdge = 4, ncells = 4248
RebuildHierarchy[5]: Flagged 0/12 grids. 0 flagged cells
Level[2]: dt = 0.015523  0.0165012 (0.0320241/0.0320241)
Level[3]: dt = 0.00805701  0.00805701 (0.00805701/0.015523)
Level[4]: dt = 0.00394699  0.00394699 (0.00394699/0.00805701)
Level[5]: dt = 0.00173579  0.00173579 (0.00173579/0.00394699)
RebuildHierarchy: level = 5
TransferSubgridParticles[5]: Moved 0 particles, 0 stars, 0 active particles.
DetermineSGSize: MaxSubgridSize = 2000, MinSubgridEdge = 4, ncells = 4248
RebuildHierarchy[5]: Flagged 0/12 grids. 0 flagged cells
Level[5]: dt = 0.00173641  0.00173641 (0.0034722/0.00394699)
RebuildHierarchy: level = 5
TransferSubgridParticles[5]: Moved 0 particles, 0 stars, 0 active particles.
DetermineSGSize: MaxSubgridSize = 2000, MinSubgridEdge = 4, ncells = 4248
RebuildHierarchy[5]: Flagged 0/12 grids. 0 flagged cells
Level[5]: dt = 0.000474793  0.00173716 (0.00394699/0.00394699)
EvolveLevel[5]: NumberOfSubCycles = 3 (66 total, 3 sub)
RebuildHierarchy: level = 4
TransferSubgridParticles[4]: Moved 0 particles, 0 stars, 0 active particles.
DetermineSGSize: MaxSubgridSize = 2000, MinSubgridEdge = 4, ncells = 4248
RebuildHierarchy[4]: Flagged 12/21 grids. 495 flagged cells
LoadBalance: Number of grids moved = 12 out of 12 (0.000691179 seconds elapsed)
DetermineSGSize: MaxSubgridSize = 2000, MinSubgridEdge = 4, ncells = 4248
RebuildHierarchy[5]: Flagged 0/12 grids. 0 flagged cells
Level[4]: dt = 0.00411002  0.00395141 (0.00805701/0.00805701)
Level[5]: dt = 0.00173733  0.00173733 (0.00173733/0.00411002)
RebuildHierarchy: level = 5
TransferSubgridParticles[5]: Moved 0 particles, 0 stars, 0 active particles.
DetermineSGSize: MaxSubgridSize = 2000, MinSubgridEdge = 4, ncells = 4248
RebuildHierarchy[5]: Flagged 0/12 grids. 0 flagged cells
Level[5]: dt = 0.00173831  0.00173831 (0.00347564/0.00411002)
RebuildHierarchy: level = 5
TransferSubgridParticles[5]: Moved 0 particles, 0 stars, 0 active particles.
DetermineSGSize: MaxSubgridSize = 2000, MinSubgridEdge = 4, ncells = 4248
RebuildHierarchy[5]: Flagged 0/12 grids. 0 flagged cells
Level[5]: dt = 0.000634378  0.0017394 (0.00411002/0.00411002)
EvolveLevel[5]: NumberOfSubCycles = 3 (69 total, 3 sub)
EvolveLevel[4]: NumberOfSubCycles = 2 (27 total, 2 sub)
RebuildHierarchy: level = 3
TransferSubgridParticles[3]: Moved 4 particles, 0 stars, 0 active particles.
DetermineSGSize: MaxSubgridSize = 2000, MinSubgridEdge = 4, ncells = 6568
RebuildHierarchy[3]: Flagged 22/70 grids. 803 flagged cells
LoadBalance: Number of grids moved = 21 out of 22 (2.42926e-05 seconds elapsed)
DetermineSGSize: MaxSubgridSize = 2000, MinSubgridEdge = 4, ncells = 4248
RebuildHierarchy[4]: Flagged 12/22 grids. 497 flagged cells
LoadBalance: Number of grids moved = 12 out of 12 (0.000709716 seconds elapsed)
DetermineSGSize: MaxSubgridSize = 2000, MinSubgridEdge = 4, ncells = 4248
RebuildHierarchy[5]: Flagged 0/12 grids. 0 flagged cells
Level[3]: dt = 0.00746603  0.00806839 (0.015523/0.015523)
Level[4]: dt = 0.00395606  0.00395606 (0.00395606/0.00746603)
Level[5]: dt = 0.00173977  0.00173977 (0.00173977/0.00395606)
RebuildHierarchy: level = 5
TransferSubgridParticles[5]: Moved 1 particles, 0 stars, 0 active particles.
DetermineSGSize: MaxSubgridSize = 2000, MinSubgridEdge = 4, ncells = 4248
RebuildHierarchy[5]: Flagged 0/12 grids. 0 flagged cells
Level[5]: dt = 0.00174109  0.00174109 (0.00348086/0.00395606)
RebuildHierarchy: level = 5
TransferSubgridParticles[5]: Moved 0 particles, 0 stars, 0 active particles.
DetermineSGSize: MaxSubgridSize = 2000, MinSubgridEdge = 4, ncells = 4248
RebuildHierarchy[5]: Flagged 0/12 grids. 0 flagged cells
Level[5]: dt = 0.000475199  0.00174252 (0.00395606/0.00395606)
EvolveLevel[5]: NumberOfSubCycles = 3 (72 total, 3 sub)
RebuildHierarchy: level = 4
TransferSubgridParticles[4]: Moved 0 particles, 0 stars, 0 active particles.
DetermineSGSize: MaxSubgridSize = 2000, MinSubgridEdge = 4, ncells = 4248
RebuildHierarchy[4]: Flagged 12/22 grids. 497 flagged cells
LoadBalance: Number of grids moved = 12 out of 12 (0.000834629 seconds elapsed)
DetermineSGSize: MaxSubgridSize = 2000, MinSubgridEdge = 4, ncells = 4248
RebuildHierarchy[5]: Flagged 0/12 grids. 0 flagged cells
Level[4]: dt = 0.00350997  0.00396051 (0.00746603/0.00746603)
Level[5]: dt = 0.00174291  0.00174291 (0.00174291/0.00350997)
RebuildHierarchy: level = 5
TransferSubgridParticles[5]: Moved 0 particles, 0 stars, 0 active particles.
DetermineSGSize: MaxSubgridSize = 2000, MinSubgridEdge = 4, ncells = 4248
RebuildHierarchy[5]: Flagged 0/12 grids. 0 flagged cells
Level[5]: dt = 0.00176706  0.00174466 (0.00350997/0.00350997)
EvolveLevel[5]: NumberOfSubCycles = 2 (74 total, 2 sub)
EvolveLevel[4]: NumberOfSubCycles = 2 (29 total, 2 sub)
EvolveLevel[3]: NumberOfSubCycles = 2 (13 total, 2 sub)
EvolveLevel[2]: NumberOfSubCycles = 2 (6 total, 2 sub)
RebuildHierarchy: level = 1
TransferSubgridParticles[1]: Moved 3807 particles, 0 stars, 0 active particles.
DetermineSGSize: MaxSubgridSize = 2000, MinSubgridEdge = 4, ncells = 254272
RebuildHierarchy[1]: Flagged 270/4103 grids. 19218 flagged cells
LoadBalance: Number of grids moved = 323 out of 324 (0.00119847 seconds elapsed)
DetermineSGSize: MaxSubgridSize = 2000, MinSubgridEdge = 4, ncells = 43960
RebuildHierarchy[2]: Flagged 63/324 grids. 3524 flagged cells
LoadBalance: Number of grids moved = 70 out of 70 (0.000723489 seconds elapsed)
DetermineSGSize: MaxSubgridSize = 2000, MinSubgridEdge = 4, ncells = 6944
RebuildHierarchy[3]: Flagged 22/70 grids. 794 flagged cells
LoadBalance: Number of grids moved = 21 out of 22 (2.38754e-05 seconds elapsed)
DetermineSGSize: MaxSubgridSize = 2000, MinSubgridEdge = 4, ncells = 4248
RebuildHierarchy[4]: Flagged 12/22 grids. 488 flagged cells
LoadBalance: Number of grids moved = 12 out of 12 (0.000766847 seconds elapsed)
DetermineSGSize: MaxSubgridSize = 2000, MinSubgridEdge = 4, ncells = 4248
RebuildHierarchy[5]: Flagged 0/12 grids. 0 flagged cells
Level[1]: dt = 0.0309164  0.0320314 (0.0629405/0.0629405)
Level[2]: dt = 0.016502  0.016502 (0.016502/0.0309164)
Level[3]: dt = 0.00807761  0.00807761 (0.00807761/0.016502)
Level[4]: dt = 0.00396436  0.00396436 (0.00396436/0.00807761)
Level[5]: dt = 0.00174656  0.00174656 (0.00174656/0.00396436)
RebuildHierarchy: level = 5
TransferSubgridParticles[5]: Moved 1 particles, 0 stars, 0 active particles.
DetermineSGSize: MaxSubgridSize = 2000, MinSubgridEdge = 4, ncells = 4152
RebuildHierarchy[5]: Flagged 0/12 grids. 0 flagged cells
Level[5]: dt = 0.00174866  0.00174866 (0.00349522/0.00396436)
RebuildHierarchy: level = 5
TransferSubgridParticles[5]: Moved 0 particles, 0 stars, 0 active particles.
DetermineSGSize: MaxSubgridSize = 2000, MinSubgridEdge = 4, ncells = 4152
RebuildHierarchy[5]: Flagged 0/12 grids. 0 flagged cells
Level[5]: dt = 0.000469135  0.00174628 (0.00396436/0.00396436)
EvolveLevel[5]: NumberOfSubCycles = 3 (77 total, 3 sub)
RebuildHierarchy: level = 4
TransferSubgridParticles[4]: Moved 0 particles, 0 stars, 0 active particles.
DetermineSGSize: MaxSubgridSize = 2000, MinSubgridEdge = 4, ncells = 4152
RebuildHierarchy[4]: Flagged 12/22 grids. 488 flagged cells
LoadBalance: Number of grids moved = 12 out of 12 (0.000385441 seconds elapsed)
DetermineSGSize: MaxSubgridSize = 2000, MinSubgridEdge = 4, ncells = 4152
RebuildHierarchy[5]: Flagged 0/12 grids. 0 flagged cells
Level[4]: dt = 0.00411325  0.00396361 (0.00807761/0.00807761)
Level[5]: dt = 0.00174499  0.00174499 (0.00174499/0.00411325)
RebuildHierarchy: level = 5
TransferSubgridParticles[5]: Moved 0 particles, 0 stars, 0 active particles.
DetermineSGSize: MaxSubgridSize = 2000, MinSubgridEdge = 4, ncells = 4152
RebuildHierarchy[5]: Flagged 0/12 grids. 0 flagged cells
Level[5]: dt = 0.00174015  0.00174015 (0.00348514/0.00411325)
RebuildHierarchy: level = 5
TransferSubgridParticles[5]: Moved 0 particles, 0 stars, 0 active particles.
DetermineSGSize: MaxSubgridSize = 2000, MinSubgridEdge = 4, ncells = 4152
RebuildHierarchy[5]: Flagged 0/12 grids. 0 flagged cells
Level[5]: dt = 0.000628105  0.00173583 (0.00411325/0.00411325)
EvolveLevel[5]: NumberOfSubCycles = 3 (80 total, 3 sub)
EvolveLevel[4]: NumberOfSubCycles = 2 (31 total, 2 sub)
RebuildHierarchy: level = 3
TransferSubgridParticles[3]: Moved 12 particles, 0 stars, 0 active particles.
DetermineSGSize: MaxSubgridSize = 2000, MinSubgridEdge = 4, ncells = 6816
RebuildHierarchy[3]: Flagged 22/70 grids. 800 flagged cells
LoadBalance: Number of grids moved = 21 out of 22 (2.4844e-05 seconds elapsed)
DetermineSGSize: MaxSubgridSize = 2000, MinSubgridEdge = 4, ncells = 4152
RebuildHierarchy[4]: Flagged 12/22 grids. 491 flagged cells
LoadBalance: Number of grids moved = 12 out of 12 (0.000599738 seconds elapsed)
DetermineSGSize: MaxSubgridSize = 2000, MinSubgridEdge = 4, ncells = 4152
RebuildHierarchy[5]: Flagged 0/12 grids. 0 flagged cells
Level[3]: dt = 0.0084244  0.00805728 (0.016502/0.016502)
Level[4]: dt = 0.00396255  0.00396255 (0.00396255/0.0084244)
Level[5]: dt = 0.00173432  0.00173432 (0.00173432/0.00396255)
RebuildHierarchy: level = 5
TransferSubgridParticles[5]: Moved 0 particles, 0 stars, 0 active particles.
DetermineSGSize: MaxSubgridSize = 2000, MinSubgridEdge = 4, ncells = 4152
RebuildHierarchy[5]: Flagged 0/12 grids. 0 flagged cells
Level[5]: dt = 0.00173012  0.00173012 (0.00346445/0.00396255)
RebuildHierarchy: level = 5
TransferSubgridParticles[5]: Moved 0 particles, 0 stars, 0 active particles.
DetermineSGSize: MaxSubgridSize = 2000, MinSubgridEdge = 4, ncells = 4152
RebuildHierarchy[5]: Flagged 0/12 grids. 0 flagged cells
Level[5]: dt = 0.000498103  0.00172649 (0.00396255/0.00396255)
EvolveLevel[5]: NumberOfSubCycles = 3 (83 total, 3 sub)
RebuildHierarchy: level = 4
TransferSubgridParticles[4]: Moved 0 particles, 0 stars, 0 active particles.
DetermineSGSize: MaxSubgridSize = 2000, MinSubgridEdge = 4, ncells = 4152
RebuildHierarchy[4]: Flagged 12/22 grids. 482 flagged cells
LoadBalance: Number of grids moved = 12 out of 12 (0.000528052 seconds elapsed)
DetermineSGSize: MaxSubgridSize = 2000, MinSubgridEdge = 4, ncells = 4152
RebuildHierarchy[5]: Flagged 0/12 grids. 0 flagged cells
Level[4]: dt = 0.0039561  0.0039561 (0.00791865/0.0084244)
Level[5]: dt = 0.00172547  0.00172547 (0.00172547/0.0039561)
RebuildHierarchy: level = 5
TransferSubgridParticles[5]: Moved 0 particles, 0 stars, 0 active particles.
DetermineSGSize: MaxSubgridSize = 2000, MinSubgridEdge = 4, ncells = 4056
RebuildHierarchy[5]: Flagged 0/12 grids. 0 flagged cells
Level[5]: dt = 0.00172189  0.00172189 (0.00344736/0.0039561)
RebuildHierarchy: level = 5
TransferSubgridParticles[5]: Moved 0 particles, 0 stars, 0 active particles.
DetermineSGSize: MaxSubgridSize = 2000, MinSubgridEdge = 4, ncells = 4056
RebuildHierarchy[5]: Flagged 0/12 grids. 0 flagged cells
Level[5]: dt = 0.000508739  0.00171887 (0.0039561/0.0039561)
EvolveLevel[5]: NumberOfSubCycles = 3 (86 total, 3 sub)
Level[4]: dt = 0.000505751  0.00394912 (0.0084244/0.0084244)
Level[5]: dt = 0.000505751  0.00171799 (0.000505751/0.000505751)
EvolveLevel[5]: NumberOfSubCycles = 1 (87 total, 1 sub)
EvolveLevel[4]: NumberOfSubCycles = 3 (34 total, 3 sub)
EvolveLevel[3]: NumberOfSubCycles = 2 (15 total, 2 sub)
RebuildHierarchy: level = 2
TransferSubgridParticles[2]: Moved 44 particles, 0 stars, 0 active particles.
DetermineSGSize: MaxSubgridSize = 2000, MinSubgridEdge = 4, ncells = 43688
RebuildHierarchy[2]: Flagged 63/324 grids. 3522 flagged cells
LoadBalance: Number of grids moved = 70 out of 70 (0.000624377 seconds elapsed)
DetermineSGSize: MaxSubgridSize = 2000, MinSubgridEdge = 4, ncells = 6816
RebuildHierarchy[3]: Flagged 22/70 grids. 800 flagged cells
LoadBalance: Number of grids moved = 21 out of 22 (2.44267e-05 seconds elapsed)
DetermineSGSize: MaxSubgridSize = 2000, MinSubgridEdge = 4, ncells = 4056
RebuildHierarchy[4]: Flagged 12/22 grids. 479 flagged cells
LoadBalance: Number of grids moved = 12 out of 12 (0.000778332 seconds elapsed)
DetermineSGSize: MaxSubgridSize = 2000, MinSubgridEdge = 4, ncells = 4056
RebuildHierarchy[5]: Flagged 0/12 grids. 0 flagged cells
Level[2]: dt = 0.0144144  0.0164999 (0.0309164/0.0309164)
Level[3]: dt = 0.00804019  0.00804019 (0.00804019/0.0144144)
Level[4]: dt = 0.00394828  0.00394828 (0.00394828/0.00804019)
Level[5]: dt = 0.0017171  0.0017171 (0.0017171/0.00394828)
RebuildHierarchy: level = 5
TransferSubgridParticles[5]: Moved 0 particles, 0 stars, 0 active particles.
DetermineSGSize: MaxSubgridSize = 2000, MinSubgridEdge = 4, ncells = 4056
RebuildHierarchy[5]: Flagged 0/12 grids. 0 flagged cells
Level[5]: dt = 0.00171445  0.00171445 (0.00343156/0.00394828)
RebuildHierarchy: level = 5
TransferSubgridParticles[5]: Moved 1 particles, 0 stars, 0 active particles.
DetermineSGSize: MaxSubgridSize = 2000, MinSubgridEdge = 4, ncells = 4056
RebuildHierarchy[5]: Flagged 0/12 grids. 0 flagged cells
Level[5]: dt = 0.000516722  0.00171194 (0.00394828/0.00394828)
EvolveLevel[5]: NumberOfSubCycles = 3 (90 total, 3 sub)
RebuildHierarchy: level = 4
TransferSubgridParticles[4]: Moved 0 particles, 0 stars, 0 active particles.
DetermineSGSize: MaxSubgridSize = 2000, MinSubgridEdge = 4, ncells = 4056
RebuildHierarchy[4]: Flagged 12/22 grids. 497 flagged cells
LoadBalance: Number of grids moved = 12 out of 12 (0.000714798 seconds elapsed)
DetermineSGSize: MaxSubgridSize = 2000, MinSubgridEdge = 4, ncells = 4056
RebuildHierarchy[5]: Flagged 0/12 grids. 0 flagged cells
Level[4]: dt = 0.00409192  0.00394201 (0.00804019/0.00804019)
Level[5]: dt = 0.00171117  0.00171117 (0.00171117/0.00409192)
RebuildHierarchy: level = 5
TransferSubgridParticles[5]: Moved 0 particles, 0 stars, 0 active particles.
DetermineSGSize: MaxSubgridSize = 2000, MinSubgridEdge = 4, ncells = 4248
RebuildHierarchy[5]: Flagged 0/12 grids. 0 flagged cells
Level[5]: dt = 0.001709  0.001709 (0.00342016/0.00409192)
RebuildHierarchy: level = 5
TransferSubgridParticles[5]: Moved 0 particles, 0 stars, 0 active particles.
DetermineSGSize: MaxSubgridSize = 2000, MinSubgridEdge = 4, ncells = 4248
RebuildHierarchy[5]: Flagged 0/12 grids. 0 flagged cells
Level[5]: dt = 0.000671751  0.00170692 (0.00409192/0.00409192)
EvolveLevel[5]: NumberOfSubCycles = 3 (93 total, 3 sub)
EvolveLevel[4]: NumberOfSubCycles = 2 (36 total, 2 sub)
RebuildHierarchy: level = 3
TransferSubgridParticles[3]: Moved 5 particles, 0 stars, 0 active particles.
DetermineSGSize: MaxSubgridSize = 2000, MinSubgridEdge = 4, ncells = 6816
RebuildHierarchy[3]: Flagged 23/70 grids. 836 flagged cells
LoadBalance: Number of grids moved = 22 out of 23 (2.52388e-05 seconds elapsed)
DetermineSGSize: MaxSubgridSize = 2000, MinSubgridEdge = 4, ncells = 4248
RebuildHierarchy[4]: Flagged 12/23 grids. 497 flagged cells
LoadBalance: Number of grids moved = 12 out of 12 (0.000478771 seconds elapsed)
DetermineSGSize: MaxSubgridSize = 2000, MinSubgridEdge = 4, ncells = 4248
RebuildHierarchy[5]: Flagged 0/12 grids. 0 flagged cells
Level[3]: dt = 0.00637417  0.00802926 (0.0144144/0.0144144)
Level[4]: dt = 0.00393613  0.00393613 (0.00393613/0.00637417)
Level[5]: dt = 0.00170608  0.00170608 (0.00170608/0.00393613)
RebuildHierarchy: level = 5
TransferSubgridParticles[5]: Moved 0 particles, 0 stars, 0 active particles.
DetermineSGSize: MaxSubgridSize = 2000, MinSubgridEdge = 4, ncells = 4248
RebuildHierarchy[5]: Flagged 0/12 grids. 0 flagged cells
Level[5]: dt = 0.00170438  0.00170438 (0.00341046/0.00393613)
RebuildHierarchy: level = 5
TransferSubgridParticles[5]: Moved 0 particles, 0 stars, 0 active particles.
DetermineSGSize: MaxSubgridSize = 2000, MinSubgridEdge = 4, ncells = 4248
RebuildHierarchy[5]: Flagged 0/12 grids. 0 flagged cells
Level[5]: dt = 0.000525677  0.00170273 (0.00393613/0.00393613)
EvolveLevel[5]: NumberOfSubCycles = 3 (96 total, 3 sub)
RebuildHierarchy: level = 4
TransferSubgridParticles[4]: Moved 0 particles, 0 stars, 0 active particles.
DetermineSGSize: MaxSubgridSize = 2000, MinSubgridEdge = 4, ncells = 4248
RebuildHierarchy[4]: Flagged 12/23 grids. 506 flagged cells
LoadBalance: Number of grids moved = 12 out of 12 (0.000608321 seconds elapsed)
DetermineSGSize: MaxSubgridSize = 2000, MinSubgridEdge = 4, ncells = 4248
RebuildHierarchy[5]: Flagged 0/12 grids. 0 flagged cells
Level[4]: dt = 0.00243804  0.00393113 (0.00637417/0.00637417)
Level[5]: dt = 0.0017022  0.0017022 (0.0017022/0.00243804)
RebuildHierarchy: level = 5
TransferSubgridParticles[5]: Moved 0 particles, 0 stars, 0 active particles.
DetermineSGSize: MaxSubgridSize = 2000, MinSubgridEdge = 4, ncells = 4344
RebuildHierarchy[5]: Flagged 0/12 grids. 0 flagged cells
Level[5]: dt = 0.000735831  0.00170094 (0.00243804/0.00243804)
EvolveLevel[5]: NumberOfSubCycles = 2 (98 total, 2 sub)
EvolveLevel[4]: NumberOfSubCycles = 2 (38 total, 2 sub)
EvolveLevel[3]: NumberOfSubCycles = 2 (17 total, 2 sub)
EvolveLevel[2]: NumberOfSubCycles = 2 (8 total, 2 sub)
EvolveLevel[1]: NumberOfSubCycles = 2 (4 total, 2 sub)
EvolveLevel[0]: NumberOfSubCycles = 1 (2 total, 2 sub)
RebuildHierarchy: level = 0
CommunicationTransferParticles: moved = 288699
CommunicationTransferStars: moved = 0
CommunicationTransferActiveParticles: moved = 0
DetermineSGSize: MaxSubgridSize = 2000, MinSubgridEdge = 4, ncells = 5105432
RebuildHierarchy[0]: Flagged 567/1120 grids. 340423 flagged cells
LoadBalance: Number of grids moved = 4122 out of 4181 (0.0545218 seconds elapsed)
DetermineSGSize: MaxSubgridSize = 2000, MinSubgridEdge = 4, ncells = 261896
RebuildHierarchy[1]: Flagged 290/4181 grids. 19397 flagged cells
LoadBalance: Number of grids moved = 339 out of 344 (0.00123106 seconds elapsed)
DetermineSGSize: MaxSubgridSize = 2000, MinSubgridEdge = 4, ncells = 43120
RebuildHierarchy[2]: Flagged 64/344 grids. 3461 flagged cells
LoadBalance: Number of grids moved = 68 out of 68 (0.00139241 seconds elapsed)
DetermineSGSize: MaxSubgridSize = 2000, MinSubgridEdge = 4, ncells = 7128
RebuildHierarchy[3]: Flagged 20/68 grids. 801 flagged cells
LoadBalance: Number of grids moved = 18 out of 21 (3.33413e-05 seconds elapsed)
DetermineSGSize: MaxSubgridSize = 2000, MinSubgridEdge = 4, ncells = 4344
RebuildHierarchy[4]: Flagged 11/21 grids. 485 flagged cells
LoadBalance: Number of grids moved = 11 out of 11 (0.000488956 seconds elapsed)
DetermineSGSize: MaxSubgridSize = 2000, MinSubgridEdge = 4, ncells = 4344
RebuildHierarchy[5]: Flagged 0/11 grids. 0 flagged cells
CPUTime-output: Frac = 0.999991, Current = 317.66 (316.979), Stop = 2592000.000000, Last = 24.4435
[YT_INFO   ] Setting YT parameters ...
[YT_INFO   ] Setting YT parameters ... done.
[YT_INFO   ] Getting pointer to particle list information ...
[YT_INFO   ] Getting pointer to particle list information  ... done.
[YT_INFO   ] Getting pointer to field list information ...
[YT_INFO   ] Getting pointer to field list information  ... done.
[YT_INFO   ] Getting pointer to local grids information ...
[YT_INFO   ] Getting pointer to local grids information  ... done.
[YT_INFO   ] Loading full hierarchy and local data to libyt ...
[YT_INFO   ] Loading full hierarchy and local data ... done.
[YT_INFO   ] Performing YT inline analysis yt_inline_func() ...
[YT_INFO   ] Performing YT inline analysis yt_inline_func() ... done.
Level[0]: dt = 0.0629956  0.0629956 (0.0629956/0.0629956)
Level[1]: dt = 0.0320386  0.0320386 (0.0320386/0.0629956)
Level[2]: dt = 0.0164984  0.0164984 (0.0164984/0.0320386)
Level[3]: dt = 0.00802305  0.00802305 (0.00802305/0.0164984)
Level[4]: dt = 0.00392833  0.00392833 (0.00392833/0.00802305)
Level[5]: dt = 0.00170033  0.00170033 (0.00170033/0.00392833)
RebuildHierarchy: level = 5
TransferSubgridParticles[5]: Moved 0 particles, 0 stars, 0 active particles.
DetermineSGSize: MaxSubgridSize = 2000, MinSubgridEdge = 4, ncells = 4152
RebuildHierarchy[5]: Flagged 0/11 grids. 0 flagged cells
Level[5]: dt = 0.00169893  0.00169893 (0.00339927/0.00392833)
RebuildHierarchy: level = 5
TransferSubgridParticles[5]: Moved 0 particles, 0 stars, 0 active particles.
DetermineSGSize: MaxSubgridSize = 2000, MinSubgridEdge = 4, ncells = 4152
RebuildHierarchy[5]: Flagged 0/11 grids. 0 flagged cells
Level[5]: dt = 0.000529062  0.00169813 (0.00392833/0.00392833)
EvolveLevel[5]: NumberOfSubCycles = 3 (101 total, 3 sub)
RebuildHierarchy: level = 4
TransferSubgridParticles[4]: Moved 0 particles, 0 stars, 0 active particles.
DetermineSGSize: MaxSubgridSize = 2000, MinSubgridEdge = 4, ncells = 4152
RebuildHierarchy[4]: Flagged 11/21 grids. 471 flagged cells
LoadBalance: Number of grids moved = 11 out of 11 (0.000538137 seconds elapsed)
DetermineSGSize: MaxSubgridSize = 2000, MinSubgridEdge = 4, ncells = 4152
RebuildHierarchy[5]: Flagged 0/11 grids. 0 flagged cells
Level[4]: dt = 0.00409473  0.00392408 (0.00802305/0.00802305)
Level[5]: dt = 0.00169782  0.00169782 (0.00169782/0.00409473)
RebuildHierarchy: level = 5
TransferSubgridParticles[5]: Moved 0 particles, 0 stars, 0 active particles.
DetermineSGSize: MaxSubgridSize = 2000, MinSubgridEdge = 4, ncells = 4048
RebuildHierarchy[5]: Flagged 0/11 grids. 0 flagged cells
Level[5]: dt = 0.00169685  0.00169685 (0.00339467/0.00409473)
RebuildHierarchy: level = 5
TransferSubgridParticles[5]: Moved 0 particles, 0 stars, 0 active particles.
DetermineSGSize: MaxSubgridSize = 2000, MinSubgridEdge = 4, ncells = 4048
RebuildHierarchy[5]: Flagged 0/11 grids. 0 flagged cells
Level[5]: dt = 0.000700054  0.00169648 (0.00409473/0.00409473)
EvolveLevel[5]: NumberOfSubCycles = 3 (104 total, 3 sub)
EvolveLevel[4]: NumberOfSubCycles = 2 (40 total, 2 sub)
RebuildHierarchy: level = 3
TransferSubgridParticles[3]: Moved 248 particles, 0 stars, 0 active particles.
DetermineSGSize: MaxSubgridSize = 2000, MinSubgridEdge = 4, ncells = 6840
RebuildHierarchy[3]: Flagged 20/68 grids. 813 flagged cells
LoadBalance: Number of grids moved = 18 out of 21 (2.60919e-05 seconds elapsed)
DetermineSGSize: MaxSubgridSize = 2000, MinSubgridEdge = 4, ncells = 4048
RebuildHierarchy[4]: Flagged 11/21 grids. 474 flagged cells
LoadBalance: Number of grids moved = 11 out of 11 (0.000486191 seconds elapsed)
DetermineSGSize: MaxSubgridSize = 2000, MinSubgridEdge = 4, ncells = 4048
RebuildHierarchy[5]: Flagged 0/11 grids. 0 flagged cells
Level[3]: dt = 0.00801922  0.00801922 (0.0160423/0.0164984)
Level[4]: dt = 0.00392024  0.00392024 (0.00392024/0.00801922)
Level[5]: dt = 0.00169624  0.00169624 (0.00169624/0.00392024)
RebuildHierarchy: level = 5
TransferSubgridParticles[5]: Moved 0 particles, 0 stars, 0 active particles.
DetermineSGSize: MaxSubgridSize = 2000, MinSubgridEdge = 4, ncells = 4048
RebuildHierarchy[5]: Flagged 0/11 grids. 0 flagged cells
Level[5]: dt = 0.00169568  0.00169568 (0.00339192/0.00392024)
RebuildHierarchy: level = 5
TransferSubgridParticles[5]: Moved 0 particles, 0 stars, 0 active particles.
DetermineSGSize: MaxSubgridSize = 2000, MinSubgridEdge = 4, ncells = 4048
RebuildHierarchy[5]: Flagged 0/11 grids. 0 flagged cells
Level[5]: dt = 0.00052832  0.00169568 (0.00392024/0.00392024)
EvolveLevel[5]: NumberOfSubCycles = 3 (107 total, 3 sub)
RebuildHierarchy: level = 4
TransferSubgridParticles[4]: Moved 0 particles, 0 stars, 0 active particles.
DetermineSGSize: MaxSubgridSize = 2000, MinSubgridEdge = 4, ncells = 4048
RebuildHierarchy[4]: Flagged 11/21 grids. 465 flagged cells
LoadBalance: Number of grids moved = 11 out of 11 (0.000584979 seconds elapsed)
DetermineSGSize: MaxSubgridSize = 2000, MinSubgridEdge = 4, ncells = 4048
RebuildHierarchy[5]: Flagged 0/11 grids. 0 flagged cells
Level[4]: dt = 0.00409899  0.003917 (0.00801922/0.00801922)
Level[5]: dt = 0.0016956  0.0016956 (0.0016956/0.00409899)
RebuildHierarchy: level = 5
TransferSubgridParticles[5]: Moved 0 particles, 0 stars, 0 active particles.
DetermineSGSize: MaxSubgridSize = 2000, MinSubgridEdge = 4, ncells = 3952
RebuildHierarchy[5]: Flagged 0/11 grids. 0 flagged cells
Level[5]: dt = 0.00169538  0.00169538 (0.00339098/0.00409899)
RebuildHierarchy: level = 5
TransferSubgridParticles[5]: Moved 0 particles, 0 stars, 0 active particles.
DetermineSGSize: MaxSubgridSize = 2000, MinSubgridEdge = 4, ncells = 3952
RebuildHierarchy[5]: Flagged 0/11 grids. 0 flagged cells
Level[5]: dt = 0.000708008  0.00169569 (0.00409899/0.00409899)
EvolveLevel[5]: NumberOfSubCycles = 3 (110 total, 3 sub)
EvolveLevel[4]: NumberOfSubCycles = 2 (42 total, 2 sub)
Level[3]: dt = 0.000456118  0.00802015 (0.0164984/0.0164984)
Level[4]: dt = 0.000456118  0.00391419 (0.000456118/0.000456118)
Level[5]: dt = 0.000456118  0.00169571 (0.000456118/0.000456118)
EvolveLevel[5]: NumberOfSubCycles = 1 (111 total, 1 sub)
EvolveLevel[4]: NumberOfSubCycles = 1 (43 total, 1 sub)
EvolveLevel[3]: NumberOfSubCycles = 3 (20 total, 3 sub)
RebuildHierarchy: level = 2
TransferSubgridParticles[2]: Moved 1756 particles, 0 stars, 0 active particles.
DetermineSGSize: MaxSubgridSize = 2000, MinSubgridEdge = 4, ncells = 44288
RebuildHierarchy[2]: Flagged 67/344 grids. 3539 flagged cells
LoadBalance: Number of grids moved = 71 out of 71 (0.00158602 seconds elapsed)
DetermineSGSize: MaxSubgridSize = 2000, MinSubgridEdge = 4, ncells = 6936
RebuildHierarchy[3]: Flagged 21/71 grids. 839 flagged cells
LoadBalance: Number of grids moved = 19 out of 22 (2.64868e-05 seconds elapsed)
DetermineSGSize: MaxSubgridSize = 2000, MinSubgridEdge = 4, ncells = 3952
RebuildHierarchy[4]: Flagged 11/22 grids. 468 flagged cells
LoadBalance: Number of grids moved = 11 out of 11 (0.000568651 seconds elapsed)
DetermineSGSize: MaxSubgridSize = 2000, MinSubgridEdge = 4, ncells = 3952
RebuildHierarchy[5]: Flagged 0/11 grids. 0 flagged cells
Level[2]: dt = 0.0155402  0.0164977 (0.0320386/0.0320386)
Level[3]: dt = 0.00802025  0.00802025 (0.00802025/0.0155402)
Level[4]: dt = 0.00391391  0.00391391 (0.00391391/0.00802025)
Level[5]: dt = 0.00169571  0.00169571 (0.00169571/0.00391391)
RebuildHierarchy: level = 5
TransferSubgridParticles[5]: Moved 0 particles, 0 stars, 0 active particles.
DetermineSGSize: MaxSubgridSize = 2000, MinSubgridEdge = 4, ncells = 3952
RebuildHierarchy[5]: Flagged 0/11 grids. 0 flagged cells
Level[5]: dt = 0.00169624  0.00169624 (0.00339195/0.00391391)
RebuildHierarchy: level = 5
TransferSubgridParticles[5]: Moved 0 particles, 0 stars, 0 active particles.
DetermineSGSize: MaxSubgridSize = 2000, MinSubgridEdge = 4, ncells = 3952
RebuildHierarchy[5]: Flagged 0/11 grids. 0 flagged cells
Level[5]: dt = 0.000521959  0.00169669 (0.00391391/0.00391391)
EvolveLevel[5]: NumberOfSubCycles = 3 (114 total, 3 sub)
RebuildHierarchy: level = 4
TransferSubgridParticles[4]: Moved 0 particles, 0 stars, 0 active particles.
DetermineSGSize: MaxSubgridSize = 2000, MinSubgridEdge = 4, ncells = 3952
RebuildHierarchy[4]: Flagged 11/22 grids. 462 flagged cells
LoadBalance: Number of grids moved = 11 out of 11 (0.00054149 seconds elapsed)
DetermineSGSize: MaxSubgridSize = 2000, MinSubgridEdge = 4, ncells = 3952
RebuildHierarchy[5]: Flagged 0/11 grids. 0 flagged cells
Level[4]: dt = 0.00410634  0.00391193 (0.00802025/0.00802025)
Level[5]: dt = 0.00169684  0.00169684 (0.00169684/0.00410634)
RebuildHierarchy: level = 5
TransferSubgridParticles[5]: Moved 0 particles, 0 stars, 0 active particles.
DetermineSGSize: MaxSubgridSize = 2000, MinSubgridEdge = 4, ncells = 3800
RebuildHierarchy[5]: Flagged 0/11 grids. 0 flagged cells
Level[5]: dt = 0.00169782  0.00169782 (0.00339465/0.00410634)
RebuildHierarchy: level = 5
TransferSubgridParticles[5]: Moved 0 particles, 0 stars, 0 active particles.
DetermineSGSize: MaxSubgridSize = 2000, MinSubgridEdge = 4, ncells = 3800
RebuildHierarchy[5]: Flagged 0/11 grids. 0 flagged cells
Level[5]: dt = 0.000711683  0.00169919 (0.00410634/0.00410634)
EvolveLevel[5]: NumberOfSubCycles = 3 (117 total, 3 sub)
EvolveLevel[4]: NumberOfSubCycles = 2 (45 total, 2 sub)
RebuildHierarchy: level = 3
TransferSubgridParticles[3]: Moved 3 particles, 0 stars, 0 active particles.
DetermineSGSize: MaxSubgridSize = 2000, MinSubgridEdge = 4, ncells = 7152
RebuildHierarchy[3]: Flagged 21/71 grids. 821 flagged cells
LoadBalance: Number of grids moved = 19 out of 22 (2.3406e-05 seconds elapsed)
DetermineSGSize: MaxSubgridSize = 2000, MinSubgridEdge = 4, ncells = 3800
RebuildHierarchy[4]: Flagged 11/22 grids. 465 flagged cells
LoadBalance: Number of grids moved = 11 out of 11 (0.000651699 seconds elapsed)
DetermineSGSize: MaxSubgridSize = 2000, MinSubgridEdge = 4, ncells = 3800
RebuildHierarchy[5]: Flagged 0/11 grids. 0 flagged cells
Level[3]: dt = 0.00751992  0.00802507 (0.0155402/0.0155402)
Level[4]: dt = 0.00391043  0.00391043 (0.00391043/0.00751992)
Level[5]: dt = 0.00169977  0.00169977 (0.00169977/0.00391043)
RebuildHierarchy: level = 5
TransferSubgridParticles[5]: Moved 0 particles, 0 stars, 0 active particles.
DetermineSGSize: MaxSubgridSize = 2000, MinSubgridEdge = 4, ncells = 3856
RebuildHierarchy[5]: Flagged 0/11 grids. 0 flagged cells
Level[5]: dt = 0.00170164  0.00170164 (0.00340141/0.00391043)
RebuildHierarchy: level = 5
TransferSubgridParticles[5]: Moved 0 particles, 0 stars, 0 active particles.
DetermineSGSize: MaxSubgridSize = 2000, MinSubgridEdge = 4, ncells = 3856
RebuildHierarchy[5]: Flagged 0/11 grids. 0 flagged cells
Level[5]: dt = 0.000509022  0.00170383 (0.00391043/0.00391043)
EvolveLevel[5]: NumberOfSubCycles = 3 (120 total, 3 sub)
RebuildHierarchy: level = 4
TransferSubgridParticles[4]: Moved 0 particles, 0 stars, 0 active particles.
DetermineSGSize: MaxSubgridSize = 2000, MinSubgridEdge = 4, ncells = 3856
RebuildHierarchy[4]: Flagged 11/22 grids. 465 flagged cells
LoadBalance: Number of grids moved = 11 out of 11 (0.000468098 seconds elapsed)
DetermineSGSize: MaxSubgridSize = 2000, MinSubgridEdge = 4, ncells = 3856
RebuildHierarchy[5]: Flagged 0/11 grids. 0 flagged cells
Level[4]: dt = 0.00360949  0.00390966 (0.00751992/0.00751992)
Level[5]: dt = 0.00170449  0.00170449 (0.00170449/0.00360949)
RebuildHierarchy: level = 5
TransferSubgridParticles[5]: Moved 0 particles, 0 stars, 0 active particles.
DetermineSGSize: MaxSubgridSize = 2000, MinSubgridEdge = 4, ncells = 3856
RebuildHierarchy[5]: Flagged 0/11 grids. 0 flagged cells
Level[5]: dt = 0.00170713  0.00170713 (0.00341162/0.00360949)
RebuildHierarchy: level = 5
TransferSubgridParticles[5]: Moved 0 particles, 0 stars, 0 active particles.
DetermineSGSize: MaxSubgridSize = 2000, MinSubgridEdge = 4, ncells = 3856
RebuildHierarchy[5]: Flagged 0/11 grids. 0 flagged cells
Level[5]: dt = 0.000197877  0.00171008 (0.00360949/0.00360949)
EvolveLevel[5]: NumberOfSubCycles = 3 (123 total, 3 sub)
EvolveLevel[4]: NumberOfSubCycles = 2 (47 total, 2 sub)
EvolveLevel[3]: NumberOfSubCycles = 2 (22 total, 2 sub)
EvolveLevel[2]: NumberOfSubCycles = 2 (10 total, 2 sub)
RebuildHierarchy: level = 1
TransferSubgridParticles[1]: Moved 44132 particles, 0 stars, 0 active particles.
DetermineSGSize: MaxSubgridSize = 2000, MinSubgridEdge = 4, ncells = 260168
RebuildHierarchy[1]: Flagged 294/4181 grids. 19906 flagged cells
LoadBalance: Number of grids moved = 349 out of 352 (0.001193 seconds elapsed)
DetermineSGSize: MaxSubgridSize = 2000, MinSubgridEdge = 4, ncells = 44704
RebuildHierarchy[2]: Flagged 68/352 grids. 3570 flagged cells
LoadBalance: Number of grids moved = 72 out of 72 (0.00142451 seconds elapsed)
DetermineSGSize: MaxSubgridSize = 2000, MinSubgridEdge = 4, ncells = 6896
RebuildHierarchy[3]: Flagged 21/72 grids. 797 flagged cells
LoadBalance: Number of grids moved = 18 out of 21 (2.36332e-05 seconds elapsed)
DetermineSGSize: MaxSubgridSize = 2000, MinSubgridEdge = 4, ncells = 3856
RebuildHierarchy[4]: Flagged 11/21 grids. 480 flagged cells
LoadBalance: Number of grids moved = 11 out of 11 (0.000562821 seconds elapsed)
DetermineSGSize: MaxSubgridSize = 2000, MinSubgridEdge = 4, ncells = 3856
RebuildHierarchy[5]: Flagged 0/11 grids. 0 flagged cells
Level[1]: dt = 0.0309571  0.0320462 (0.0629956/0.0629956)
Level[2]: dt = 0.0164975  0.0164975 (0.0164975/0.0309571)
Level[3]: dt = 0.0080334  0.0080334 (0.0080334/0.0164975)
Level[4]: dt = 0.00390945  0.00390945 (0.00390945/0.0080334)
Level[5]: dt = 0.00171043  0.00171043 (0.00171043/0.00390945)
RebuildHierarchy: level = 5
TransferSubgridParticles[5]: Moved 0 particles, 0 stars, 0 active particles.
DetermineSGSize: MaxSubgridSize = 2000, MinSubgridEdge = 4, ncells = 3928
RebuildHierarchy[5]: Flagged 0/11 grids. 0 flagged cells
Level[5]: dt = 0.00170923  0.00170923 (0.00341966/0.00390945)
RebuildHierarchy: level = 5
TransferSubgridParticles[5]: Moved 0 particles, 0 stars, 0 active particles.
DetermineSGSize: MaxSubgridSize = 2000, MinSubgridEdge = 4, ncells = 3928
RebuildHierarchy[5]: Flagged 0/11 grids. 0 flagged cells
Level[5]: dt = 0.000489788  0.00170791 (0.00390945/0.00390945)
EvolveLevel[5]: NumberOfSubCycles = 3 (126 total, 3 sub)
RebuildHierarchy: level = 4
TransferSubgridParticles[4]: Moved 0 particles, 0 stars, 0 active particles.
DetermineSGSize: MaxSubgridSize = 2000, MinSubgridEdge = 4, ncells = 3928
RebuildHierarchy[4]: Flagged 11/21 grids. 512 flagged cells
LoadBalance: Number of grids moved = 11 out of 11 (0.000486609 seconds elapsed)
DetermineSGSize: MaxSubgridSize = 2000, MinSubgridEdge = 4, ncells = 3928
RebuildHierarchy[5]: Flagged 0/11 grids. 0 flagged cells
Level[4]: dt = 0.00390966  0.00390966 (0.00781912/0.0080334)
Level[5]: dt = 0.00170755  0.00170755 (0.00170755/0.00390966)
RebuildHierarchy: level = 5
TransferSubgridParticles[5]: Moved 0 particles, 0 stars, 0 active particles.
DetermineSGSize: MaxSubgridSize = 2000, MinSubgridEdge = 4, ncells = 4376
RebuildHierarchy[5]: Flagged 0/11 grids. 0 flagged cells
Level[5]: dt = 0.00170649  0.00170649 (0.00341404/0.00390966)
RebuildHierarchy: level = 5
TransferSubgridParticles[5]: Moved 0 particles, 0 stars, 0 active particles.
DetermineSGSize: MaxSubgridSize = 2000, MinSubgridEdge = 4, ncells = 4376
RebuildHierarchy[5]: Flagged 0/11 grids. 0 flagged cells
Level[5]: dt = 0.000495625  0.00170544 (0.00390966/0.00390966)
EvolveLevel[5]: NumberOfSubCycles = 3 (129 total, 3 sub)
Level[4]: dt = 0.000214288  0.00391035 (0.0080334/0.0080334)
Level[5]: dt = 0.000214288  0.00170515 (0.000214288/0.000214288)
EvolveLevel[5]: NumberOfSubCycles = 1 (130 total, 1 sub)
EvolveLevel[4]: NumberOfSubCycles = 3 (50 total, 3 sub)
RebuildHierarchy: level = 3
TransferSubgridParticles[3]: Moved 4 particles, 0 stars, 0 active particles.
DetermineSGSize: MaxSubgridSize = 2000, MinSubgridEdge = 4, ncells = 6656
RebuildHierarchy[3]: Flagged 21/72 grids. 816 flagged cells
LoadBalance: Number of grids moved = 18 out of 21 (2.46949e-05 seconds elapsed)
DetermineSGSize: MaxSubgridSize = 2000, MinSubgridEdge = 4, ncells = 4376
RebuildHierarchy[4]: Flagged 11/21 grids. 521 flagged cells
LoadBalance: Number of grids moved = 11 out of 11 (0.000589028 seconds elapsed)
DetermineSGSize: MaxSubgridSize = 2000, MinSubgridEdge = 4, ncells = 4376
RebuildHierarchy[5]: Flagged 0/11 grids. 0 flagged cells
Level[3]: dt = 0.00804683  0.00804683 (0.0160802/0.0164975)
Level[4]: dt = 0.00391041  0.00391041 (0.00391041/0.00804683)
Level[5]: dt = 0.00170503  0.00170503 (0.00170503/0.00391041)
RebuildHierarchy: level = 5
TransferSubgridParticles[5]: Moved 0 particles, 0 stars, 0 active particles.
DetermineSGSize: MaxSubgridSize = 2000, MinSubgridEdge = 4, ncells = 4472
RebuildHierarchy[5]: Flagged 0/11 grids. 0 flagged cells
Level[5]: dt = 0.00170415  0.00170415 (0.00340918/0.00391041)
RebuildHierarchy: level = 5
TransferSubgridParticles[5]: Moved 0 particles, 0 stars, 0 active particles.
DetermineSGSize: MaxSubgridSize = 2000, MinSubgridEdge = 4, ncells = 4472
RebuildHierarchy[5]: Flagged 0/11 grids. 0 flagged cells
Level[5]: dt = 0.000501229  0.00170344 (0.00391041/0.00391041)
EvolveLevel[5]: NumberOfSubCycles = 3 (133 total, 3 sub)
RebuildHierarchy: level = 4
TransferSubgridParticles[4]: Moved 0 particles, 0 stars, 0 active particles.
DetermineSGSize: MaxSubgridSize = 2000, MinSubgridEdge = 4, ncells = 4472
RebuildHierarchy[4]: Flagged 11/21 grids. 524 flagged cells
LoadBalance: Number of grids moved = 11 out of 11 (0.000465654 seconds elapsed)
DetermineSGSize: MaxSubgridSize = 2000, MinSubgridEdge = 4, ncells = 4472
RebuildHierarchy[5]: Flagged 0/11 grids. 0 flagged cells
Level[4]: dt = 0.00391158  0.00391158 (0.00782199/0.00804683)
Level[5]: dt = 0.00170324  0.00170324 (0.00170324/0.00391158)
RebuildHierarchy: level = 5
TransferSubgridParticles[5]: Moved 0 particles, 0 stars, 0 active particles.
DetermineSGSize: MaxSubgridSize = 2000, MinSubgridEdge = 4, ncells = 4472
RebuildHierarchy[5]: Flagged 0/11 grids. 0 flagged cells
Level[5]: dt = 0.00170263  0.00170263 (0.00340586/0.00391158)
RebuildHierarchy: level = 5
TransferSubgridParticles[5]: Moved 0 particles, 0 stars, 0 active particles.
DetermineSGSize: MaxSubgridSize = 2000, MinSubgridEdge = 4, ncells = 4472
RebuildHierarchy[5]: Flagged 0/11 grids. 0 flagged cells
Level[5]: dt = 0.00050572  0.00170217 (0.00391158/0.00391158)
EvolveLevel[5]: NumberOfSubCycles = 3 (136 total, 3 sub)
Level[4]: dt = 0.00022484  0.00391318 (0.00804683/0.00804683)
Level[5]: dt = 0.00022484  0.00170204 (0.00022484/0.00022484)
EvolveLevel[5]: NumberOfSubCycles = 1 (137 total, 1 sub)
EvolveLevel[4]: NumberOfSubCycles = 3 (53 total, 3 sub)
Level[3]: dt = 0.00041723  0.00806578 (0.0164975/0.0164975)
Level[4]: dt = 0.00041723  0.00391329 (0.00041723/0.00041723)
Level[5]: dt = 0.00041723  0.00170198 (0.00041723/0.00041723)
EvolveLevel[5]: NumberOfSubCycles = 1 (138 total, 1 sub)
EvolveLevel[4]: NumberOfSubCycles = 1 (54 total, 1 sub)
EvolveLevel[3]: NumberOfSubCycles = 3 (25 total, 3 sub)
RebuildHierarchy: level = 2
TransferSubgridParticles[2]: Moved 76 particles, 0 stars, 0 active particles.
DetermineSGSize: MaxSubgridSize = 2000, MinSubgridEdge = 4, ncells = 44832
RebuildHierarchy[2]: Flagged 67/352 grids. 3616 flagged cells
LoadBalance: Number of grids moved = 70 out of 70 (0.00162216 seconds elapsed)
DetermineSGSize: MaxSubgridSize = 2000, MinSubgridEdge = 4, ncells = 6952
RebuildHierarchy[3]: Flagged 21/70 grids. 811 flagged cells
LoadBalance: Number of grids moved = 18 out of 21 (2.4464e-05 seconds elapsed)
DetermineSGSize: MaxSubgridSize = 2000, MinSubgridEdge = 4, ncells = 4472
RebuildHierarchy[4]: Flagged 12/21 grids. 563 flagged cells
LoadBalance: Number of grids moved = 12 out of 12 (0.000627201 seconds elapsed)
DetermineSGSize: MaxSubgridSize = 2000, MinSubgridEdge = 4, ncells = 4472
RebuildHierarchy[5]: Flagged 0/12 grids. 0 flagged cells
Level[2]: dt = 0.0144596  0.0164983 (0.0309571/0.0309571)
Level[3]: dt = 0.00806685  0.00806685 (0.00806685/0.0144596)
Level[4]: dt = 0.00391349  0.00391349 (0.00391349/0.00806685)
Level[5]: dt = 0.00170187  0.00170187 (0.00170187/0.00391349)
RebuildHierarchy: level = 5
TransferSubgridParticles[5]: Moved 0 particles, 0 stars, 0 active particles.
DetermineSGSize: MaxSubgridSize = 2000, MinSubgridEdge = 4, ncells = 4784
RebuildHierarchy[5]: Flagged 0/12 grids. 0 flagged cells
Level[5]: dt = 0.00170167  0.00170167 (0.00340353/0.00391349)
RebuildHierarchy: level = 5
TransferSubgridParticles[5]: Moved 0 particles, 0 stars, 0 active particles.
DetermineSGSize: MaxSubgridSize = 2000, MinSubgridEdge = 4, ncells = 4784
RebuildHierarchy[5]: Flagged 0/12 grids. 0 flagged cells
Level[5]: dt = 0.000509954  0.00170142 (0.00391349/0.00391349)
EvolveLevel[5]: NumberOfSubCycles = 3 (141 total, 3 sub)
RebuildHierarchy: level = 4
TransferSubgridParticles[4]: Moved 0 particles, 0 stars, 0 active particles.
DetermineSGSize: MaxSubgridSize = 2000, MinSubgridEdge = 4, ncells = 4784
RebuildHierarchy[4]: Flagged 12/21 grids. 562 flagged cells
LoadBalance: Number of grids moved = 12 out of 12 (0.000613723 seconds elapsed)
DetermineSGSize: MaxSubgridSize = 2000, MinSubgridEdge = 4, ncells = 4784
RebuildHierarchy[5]: Flagged 0/12 grids. 0 flagged cells
Level[4]: dt = 0.00391561  0.00391561 (0.0078291/0.00806685)
Level[5]: dt = 0.00170136  0.00170136 (0.00170136/0.00391561)
RebuildHierarchy: level = 5
TransferSubgridParticles[5]: Moved 0 particles, 0 stars, 0 active particles.
DetermineSGSize: MaxSubgridSize = 2000, MinSubgridEdge = 4, ncells = 4784
RebuildHierarchy[5]: Flagged 0/12 grids. 0 flagged cells
Level[5]: dt = 0.00170139  0.00170139 (0.00340275/0.00391561)
RebuildHierarchy: level = 5
TransferSubgridParticles[5]: Moved 0 particles, 0 stars, 0 active particles.
DetermineSGSize: MaxSubgridSize = 2000, MinSubgridEdge = 4, ncells = 4784
RebuildHierarchy[5]: Flagged 0/12 grids. 0 flagged cells
Level[5]: dt = 0.000512866  0.00170137 (0.00391561/0.00391561)
EvolveLevel[5]: NumberOfSubCycles = 3 (144 total, 3 sub)
Level[4]: dt = 0.000237752  0.00391827 (0.00806685/0.00806685)
Level[5]: dt = 0.000237752  0.00170135 (0.000237752/0.000237752)
EvolveLevel[5]: NumberOfSubCycles = 1 (145 total, 1 sub)
EvolveLevel[4]: NumberOfSubCycles = 3 (57 total, 3 sub)
RebuildHierarchy: level = 3
TransferSubgridParticles[3]: Moved 4 particles, 0 stars, 0 active particles.
DetermineSGSize: MaxSubgridSize = 2000, MinSubgridEdge = 4, ncells = 6952
RebuildHierarchy[3]: Flagged 21/70 grids. 810 flagged cells
LoadBalance: Number of grids moved = 18 out of 21 (2.45534e-05 seconds elapsed)
DetermineSGSize: MaxSubgridSize = 2000, MinSubgridEdge = 4, ncells = 4784
RebuildHierarchy[4]: Flagged 12/21 grids. 562 flagged cells
LoadBalance: Number of grids moved = 12 out of 12 (0.000577819 seconds elapsed)
DetermineSGSize: MaxSubgridSize = 2000, MinSubgridEdge = 4, ncells = 4784
RebuildHierarchy[5]: Flagged 0/12 grids. 0 flagged cells
Level[3]: dt = 0.00639276  0.00809074 (0.0144596/0.0144596)
Level[4]: dt = 0.00391845  0.00391845 (0.00391845/0.00639276)
Level[5]: dt = 0.00170134  0.00170134 (0.00170134/0.00391845)
RebuildHierarchy: level = 5
TransferSubgridParticles[5]: Moved 0 particles, 0 stars, 0 active particles.
DetermineSGSize: MaxSubgridSize = 2000, MinSubgridEdge = 4, ncells = 4784
RebuildHierarchy[5]: Flagged 0/12 grids. 0 flagged cells
Level[5]: dt = 0.00170137  0.00170137 (0.00340271/0.00391845)
RebuildHierarchy: level = 5
TransferSubgridParticles[5]: Moved 0 particles, 0 stars, 0 active particles.
DetermineSGSize: MaxSubgridSize = 2000, MinSubgridEdge = 4, ncells = 4784
RebuildHierarchy[5]: Flagged 0/12 grids. 0 flagged cells
Level[5]: dt = 0.000515736  0.00170152 (0.00391845/0.00391845)
EvolveLevel[5]: NumberOfSubCycles = 3 (148 total, 3 sub)
RebuildHierarchy: level = 4
TransferSubgridParticles[4]: Moved 0 particles, 0 stars, 0 active particles.
DetermineSGSize: MaxSubgridSize = 2000, MinSubgridEdge = 4, ncells = 4784
RebuildHierarchy[4]: Flagged 11/21 grids. 535 flagged cells
LoadBalance: Number of grids moved = 11 out of 11 (0.000597239 seconds elapsed)
DetermineSGSize: MaxSubgridSize = 2000, MinSubgridEdge = 4, ncells = 4784
RebuildHierarchy[5]: Flagged 0/11 grids. 0 flagged cells
Level[4]: dt = 0.00247432  0.00392158 (0.00639276/0.00639276)
Level[5]: dt = 0.00170153  0.00170153 (0.00170153/0.00247432)
RebuildHierarchy: level = 5
TransferSubgridParticles[5]: Moved 0 particles, 0 stars, 0 active particles.
DetermineSGSize: MaxSubgridSize = 2000, MinSubgridEdge = 4, ncells = 4568
RebuildHierarchy[5]: Flagged 0/11 grids. 0 flagged cells
Level[5]: dt = 0.000772783  0.00170168 (0.00247432/0.00247432)
EvolveLevel[5]: NumberOfSubCycles = 2 (150 total, 2 sub)
EvolveLevel[4]: NumberOfSubCycles = 2 (59 total, 2 sub)
EvolveLevel[3]: NumberOfSubCycles = 2 (27 total, 2 sub)
EvolveLevel[2]: NumberOfSubCycles = 2 (12 total, 2 sub)
EvolveLevel[1]: NumberOfSubCycles = 2 (6 total, 2 sub)
EvolveLevel[0]: NumberOfSubCycles = 1 (3 total, 3 sub)
CPUTime-output: Frac = 0.999990, Current = 342.528 (342.528), Stop = 2592000.000000, Last = 25.5483
[YT_INFO   ] Setting YT parameters ...
[YT_INFO   ] Setting YT parameters ... done.
[YT_INFO   ] Getting pointer to particle list information ...
[YT_INFO   ] Getting pointer to particle list information  ... done.
[YT_INFO   ] Getting pointer to field list information ...
[YT_INFO   ] Getting pointer to field list information  ... done.
[YT_INFO   ] Getting pointer to local grids information ...
[YT_INFO   ] Getting pointer to local grids information  ... done.
[YT_INFO   ] Loading full hierarchy and local data to libyt ...
[YT_INFO   ] Loading full hierarchy and local data ... done.
[YT_INFO   ] Performing YT inline analysis yt_inline_func() ...
[YT_INFO   ] Performing YT inline analysis yt_inline_func() ... done.
Level[0]: dt = 0.0630518  0.0630518 (0.0630518/0.0630518)
PrepareGreens: Start = 0 0 36  Dim = 32 52 38
PrepareGreens: Start = 0 0 0  Dim = 32 52 36
Level[1]: dt = 0.0320536  0.0320536 (0.0320536/0.0630518)
Level[2]: dt = 0.0164992  0.0164992 (0.0164992/0.0320536)
Level[3]: dt = 0.00811346  0.00811346 (0.00811346/0.0164992)
Level[4]: dt = 0.00392382  0.00392382 (0.00392382/0.00811346)
Level[5]: dt = 0.00170173  0.00170173 (0.00170173/0.00392382)
RebuildHierarchy: level = 5
TransferSubgridParticles[5]: Moved 0 particles, 0 stars, 0 active particles.
DetermineSGSize: MaxSubgridSize = 2000, MinSubgridEdge = 4, ncells = 4568
RebuildHierarchy[5]: Flagged 0/11 grids. 0 flagged cells
Level[5]: dt = 0.00170204  0.00170204 (0.00340377/0.00392382)
RebuildHierarchy: level = 5
TransferSubgridParticles[5]: Moved 0 particles, 0 stars, 0 active particles.
DetermineSGSize: MaxSubgridSize = 2000, MinSubgridEdge = 4, ncells = 4568
RebuildHierarchy[5]: Flagged 0/11 grids. 0 flagged cells
Level[5]: dt = 0.00052005  0.00170237 (0.00392382/0.00392382)
EvolveLevel[5]: NumberOfSubCycles = 3 (153 total, 3 sub)
RebuildHierarchy: level = 4
TransferSubgridParticles[4]: Moved 1 particles, 0 stars, 0 active particles.
DetermineSGSize: MaxSubgridSize = 2000, MinSubgridEdge = 4, ncells = 4568
RebuildHierarchy[4]: Flagged 12/21 grids. 559 flagged cells
LoadBalance: Number of grids moved = 12 out of 12 (0.000758741 seconds elapsed)
DetermineSGSize: MaxSubgridSize = 2000, MinSubgridEdge = 4, ncells = 4568
RebuildHierarchy[5]: Flagged 0/12 grids. 0 flagged cells
Level[4]: dt = 0.00392778  0.00392778 (0.0078516/0.00811346)
Level[5]: dt = 0.00170249  0.00170249 (0.00170249/0.00392778)
RebuildHierarchy: level = 5
TransferSubgridParticles[5]: Moved 0 particles, 0 stars, 0 active particles.
DetermineSGSize: MaxSubgridSize = 2000, MinSubgridEdge = 4, ncells = 4784
RebuildHierarchy[5]: Flagged 0/12 grids. 0 flagged cells
Level[5]: dt = 0.00170313  0.00170313 (0.00340562/0.00392778)
RebuildHierarchy: level = 5
TransferSubgridParticles[5]: Moved 0 particles, 0 stars, 0 active particles.
DetermineSGSize: MaxSubgridSize = 2000, MinSubgridEdge = 4, ncells = 4784
RebuildHierarchy[5]: Flagged 0/12 grids. 0 flagged cells
Level[5]: dt = 0.000522156  0.00170422 (0.00392778/0.00392778)
EvolveLevel[5]: NumberOfSubCycles = 3 (156 total, 3 sub)
Level[4]: dt = 0.000261857  0.00393232 (0.00811346/0.00811346)
Level[5]: dt = 0.000261857  0.00170454 (0.000261857/0.000261857)
EvolveLevel[5]: NumberOfSubCycles = 1 (157 total, 1 sub)
EvolveLevel[4]: NumberOfSubCycles = 3 (62 total, 3 sub)
RebuildHierarchy: level = 3
TransferSubgridParticles[3]: Moved 10 particles, 0 stars, 0 active particles.
DetermineSGSize: MaxSubgridSize = 2000, MinSubgridEdge = 4, ncells = 6952
RebuildHierarchy[3]: Flagged 22/70 grids. 850 flagged cells
LoadBalance: Number of grids moved = 19 out of 22 (2.47061e-05 seconds elapsed)
DetermineSGSize: MaxSubgridSize = 2000, MinSubgridEdge = 4, ncells = 4784
RebuildHierarchy[4]: Flagged 12/22 grids. 568 flagged cells
LoadBalance: Number of grids moved = 12 out of 12 (0.000611607 seconds elapsed)
DetermineSGSize: MaxSubgridSize = 2000, MinSubgridEdge = 4, ncells = 4784
RebuildHierarchy[5]: Flagged 0/12 grids. 0 flagged cells
Level[3]: dt = 0.00838579  0.00814558 (0.0164992/0.0164992)
Level[4]: dt = 0.00393264  0.00393264 (0.00393264/0.00838579)
Level[5]: dt = 0.0017047  0.0017047 (0.0017047/0.00393264)
RebuildHierarchy: level = 5
TransferSubgridParticles[5]: Moved 0 particles, 0 stars, 0 active particles.
DetermineSGSize: MaxSubgridSize = 2000, MinSubgridEdge = 4, ncells = 4912
RebuildHierarchy[5]: Flagged 0/12 grids. 0 flagged cells
Level[5]: dt = 0.00170616  0.00170616 (0.00341085/0.00393264)
RebuildHierarchy: level = 5
TransferSubgridParticles[5]: Moved 0 particles, 0 stars, 0 active particles.
DetermineSGSize: MaxSubgridSize = 2000, MinSubgridEdge = 4, ncells = 4912
RebuildHierarchy[5]: Flagged 0/12 grids. 0 flagged cells
Level[5]: dt = 0.000521782  0.00170782 (0.00393264/0.00393264)
EvolveLevel[5]: NumberOfSubCycles = 3 (160 total, 3 sub)
RebuildHierarchy: level = 4
TransferSubgridParticles[4]: Moved 0 particles, 0 stars, 0 active particles.
DetermineSGSize: MaxSubgridSize = 2000, MinSubgridEdge = 4, ncells = 4912
RebuildHierarchy[4]: Flagged 11/22 grids. 541 flagged cells
LoadBalance: Number of grids moved = 11 out of 11 (0.000498291 seconds elapsed)
DetermineSGSize: MaxSubgridSize = 2000, MinSubgridEdge = 4, ncells = 4912
RebuildHierarchy[5]: Flagged 0/11 grids. 0 flagged cells
Level[4]: dt = 0.0039378  0.0039378 (0.00787044/0.00838579)
Level[5]: dt = 0.00170829  0.00170829 (0.00170829/0.0039378)
RebuildHierarchy: level = 5
TransferSubgridParticles[5]: Moved 0 particles, 0 stars, 0 active particles.
DetermineSGSize: MaxSubgridSize = 2000, MinSubgridEdge = 4, ncells = 4696
RebuildHierarchy[5]: Flagged 0/11 grids. 0 flagged cells
Level[5]: dt = 0.00171012  0.00171012 (0.00341841/0.0039378)
RebuildHierarchy: level = 5
TransferSubgridParticles[5]: Moved 0 particles, 0 stars, 0 active particles.
DetermineSGSize: MaxSubgridSize = 2000, MinSubgridEdge = 4, ncells = 4696
RebuildHierarchy[5]: Flagged 0/11 grids. 0 flagged cells
Level[5]: dt = 0.000519391  0.00171209 (0.0039378/0.0039378)
EvolveLevel[5]: NumberOfSubCycles = 3 (163 total, 3 sub)
Level[4]: dt = 0.000515352  0.00394002 (0.00838579/0.00838579)
Level[5]: dt = 0.000515352  0.00171263 (0.000515352/0.000515352)
EvolveLevel[5]: NumberOfSubCycles = 1 (164 total, 1 sub)
EvolveLevel[4]: NumberOfSubCycles = 3 (65 total, 3 sub)
EvolveLevel[3]: NumberOfSubCycles = 2 (29 total, 2 sub)
RebuildHierarchy: level = 2
TransferSubgridParticles[2]: Moved 100 particles, 0 stars, 0 active particles.
DetermineSGSize: MaxSubgridSize = 2000, MinSubgridEdge = 4, ncells = 45784
RebuildHierarchy[2]: Flagged 67/352 grids. 3626 flagged cells
LoadBalance: Number of grids moved = 70 out of 70 (0.00161003 seconds elapsed)
DetermineSGSize: MaxSubgridSize = 2000, MinSubgridEdge = 4, ncells = 7312
RebuildHierarchy[3]: Flagged 22/70 grids. 868 flagged cells
LoadBalance: Number of grids moved = 20 out of 23 (3.39262e-05 seconds elapsed)
DetermineSGSize: MaxSubgridSize = 2000, MinSubgridEdge = 4, ncells = 4696
RebuildHierarchy[4]: Flagged 11/23 grids. 544 flagged cells
LoadBalance: Number of grids moved = 11 out of 11 (0.00090855 seconds elapsed)
DetermineSGSize: MaxSubgridSize = 2000, MinSubgridEdge = 4, ncells = 4696
RebuildHierarchy[5]: Flagged 0/11 grids. 0 flagged cells
Level[2]: dt = 0.0155544  0.0165008 (0.0320536/0.0320536)
Level[3]: dt = 0.00815148  0.00815148 (0.00815148/0.0155544)
Level[4]: dt = 0.00393916  0.00393916 (0.00393916/0.00815148)
Level[5]: dt = 0.00171318  0.00171318 (0.00171318/0.00393916)
RebuildHierarchy: level = 5
TransferSubgridParticles[5]: Moved 0 particles, 0 stars, 0 active particles.
DetermineSGSize: MaxSubgridSize = 2000, MinSubgridEdge = 4, ncells = 4696
RebuildHierarchy[5]: Flagged 0/11 grids. 0 flagged cells
Level[5]: dt = 0.00171523  0.00171523 (0.00342841/0.00393916)
RebuildHierarchy: level = 5
TransferSubgridParticles[5]: Moved 0 particles, 0 stars, 0 active particles.
DetermineSGSize: MaxSubgridSize = 2000, MinSubgridEdge = 4, ncells = 4696
RebuildHierarchy[5]: Flagged 0/11 grids. 0 flagged cells
Level[5]: dt = 0.000510745  0.00171725 (0.00393916/0.00393916)
EvolveLevel[5]: NumberOfSubCycles = 3 (167 total, 3 sub)
RebuildHierarchy: level = 4
TransferSubgridParticles[4]: Moved 0 particles, 0 stars, 0 active particles.
DetermineSGSize: MaxSubgridSize = 2000, MinSubgridEdge = 4, ncells = 4696
RebuildHierarchy[4]: Flagged 11/23 grids. 531 flagged cells
LoadBalance: Number of grids moved = 11 out of 11 (0.000765242 seconds elapsed)
DetermineSGSize: MaxSubgridSize = 2000, MinSubgridEdge = 4, ncells = 4696
RebuildHierarchy[5]: Flagged 0/11 grids. 0 flagged cells
Level[4]: dt = 0.00393305  0.00393305 (0.00787221/0.00815148)
Level[5]: dt = 0.00171784  0.00171784 (0.00171784/0.00393305)
RebuildHierarchy: level = 5
TransferSubgridParticles[5]: Moved 0 particles, 0 stars, 0 active particles.
DetermineSGSize: MaxSubgridSize = 2000, MinSubgridEdge = 4, ncells = 4600
RebuildHierarchy[5]: Flagged 0/11 grids. 0 flagged cells
Level[5]: dt = 0.00172002  0.00172002 (0.00343786/0.00393305)
RebuildHierarchy: level = 5
TransferSubgridParticles[5]: Moved 0 particles, 0 stars, 0 active particles.
DetermineSGSize: MaxSubgridSize = 2000, MinSubgridEdge = 4, ncells = 4600
RebuildHierarchy[5]: Flagged 0/11 grids. 0 flagged cells
Level[5]: dt = 0.000495191  0.00172228 (0.00393305/0.00393305)
EvolveLevel[5]: NumberOfSubCycles = 3 (170 total, 3 sub)
Level[4]: dt = 0.000279272  0.00392765 (0.00815148/0.00815148)
Level[5]: dt = 0.000279272  0.00172292 (0.000279272/0.000279272)
EvolveLevel[5]: NumberOfSubCycles = 1 (171 total, 1 sub)
EvolveLevel[4]: NumberOfSubCycles = 3 (68 total, 3 sub)
RebuildHierarchy: level = 3
TransferSubgridParticles[3]: Moved 3 particles, 0 stars, 0 active particles.
DetermineSGSize: MaxSubgridSize = 2000, MinSubgridEdge = 4, ncells = 7400
RebuildHierarchy[3]: Flagged 22/70 grids. 829 flagged cells
LoadBalance: Number of grids moved = 19 out of 22 (2.4803e-05 seconds elapsed)
DetermineSGSize: MaxSubgridSize = 2000, MinSubgridEdge = 4, ncells = 4600
RebuildHierarchy[4]: Flagged 11/22 grids. 531 flagged cells
LoadBalance: Number of grids moved = 11 out of 11 (0.000886254 seconds elapsed)
DetermineSGSize: MaxSubgridSize = 2000, MinSubgridEdge = 4, ncells = 4600
RebuildHierarchy[5]: Flagged 0/11 grids. 0 flagged cells
Level[3]: dt = 0.00740289  0.00815483 (0.0155544/0.0155544)
Level[4]: dt = 0.00392728  0.00392728 (0.00392728/0.00740289)
Level[5]: dt = 0.00172328  0.00172328 (0.00172328/0.00392728)
RebuildHierarchy: level = 5
TransferSubgridParticles[5]: Moved 0 particles, 0 stars, 0 active particles.
DetermineSGSize: MaxSubgridSize = 2000, MinSubgridEdge = 4, ncells = 4600
RebuildHierarchy[5]: Flagged 0/11 grids. 0 flagged cells
Level[5]: dt = 0.0017257  0.0017257 (0.00344898/0.00392728)
RebuildHierarchy: level = 5
TransferSubgridParticles[5]: Moved 0 particles, 0 stars, 0 active particles.
DetermineSGSize: MaxSubgridSize = 2000, MinSubgridEdge = 4, ncells = 4600
RebuildHierarchy[5]: Flagged 0/11 grids. 0 flagged cells
Level[5]: dt = 0.000478294  0.0017283 (0.00392728/0.00392728)
EvolveLevel[5]: NumberOfSubCycles = 3 (174 total, 3 sub)
RebuildHierarchy: level = 4
TransferSubgridParticles[4]: Moved 0 particles, 0 stars, 0 active particles.
DetermineSGSize: MaxSubgridSize = 2000, MinSubgridEdge = 4, ncells = 4600
RebuildHierarchy[4]: Flagged 11/22 grids. 531 flagged cells
LoadBalance: Number of grids moved = 11 out of 11 (0.000826851 seconds elapsed)
DetermineSGSize: MaxSubgridSize = 2000, MinSubgridEdge = 4, ncells = 4600
RebuildHierarchy[5]: Flagged 0/11 grids. 0 flagged cells
Level[4]: dt = 0.00347561  0.00392247 (0.00740289/0.00740289)
Level[5]: dt = 0.00172903  0.00172903 (0.00172903/0.00347561)
RebuildHierarchy: level = 5
TransferSubgridParticles[5]: Moved 0 particles, 0 stars, 0 active particles.
DetermineSGSize: MaxSubgridSize = 2000, MinSubgridEdge = 4, ncells = 4600
RebuildHierarchy[5]: Flagged 0/11 grids. 0 flagged cells
Level[5]: dt = 0.00174659  0.00173185 (0.00347561/0.00347561)
EvolveLevel[5]: NumberOfSubCycles = 2 (176 total, 2 sub)
EvolveLevel[4]: NumberOfSubCycles = 2 (70 total, 2 sub)
EvolveLevel[3]: NumberOfSubCycles = 2 (31 total, 2 sub)
EvolveLevel[2]: NumberOfSubCycles = 2 (14 total, 2 sub)
RebuildHierarchy: level = 1
TransferSubgridParticles[1]: Moved 3817 particles, 0 stars, 0 active particles.
DetermineSGSize: MaxSubgridSize = 2000, MinSubgridEdge = 4, ncells = 266224
RebuildHierarchy[1]: Flagged 300/4181 grids. 20377 flagged cells
LoadBalance: Number of grids moved = 360 out of 361 (0.00120094 seconds elapsed)
DetermineSGSize: MaxSubgridSize = 2000, MinSubgridEdge = 4, ncells = 45456
RebuildHierarchy[2]: Flagged 66/361 grids. 3687 flagged cells
LoadBalance: Number of grids moved = 70 out of 70 (0.00134222 seconds elapsed)
DetermineSGSize: MaxSubgridSize = 2000, MinSubgridEdge = 4, ncells = 7088
RebuildHierarchy[3]: Flagged 23/70 grids. 870 flagged cells
LoadBalance: Number of grids moved = 22 out of 23 (2.61143e-05 seconds elapsed)
DetermineSGSize: MaxSubgridSize = 2000, MinSubgridEdge = 4, ncells = 4600
RebuildHierarchy[4]: Flagged 11/23 grids. 534 flagged cells
LoadBalance: Number of grids moved = 11 out of 11 (0.000965841 seconds elapsed)
DetermineSGSize: MaxSubgridSize = 2000, MinSubgridEdge = 4, ncells = 4600
RebuildHierarchy[5]: Flagged 0/11 grids. 0 flagged cells
Level[1]: dt = 0.0309982  0.0320615 (0.0630518/0.0630518)
Level[2]: dt = 0.0165801  0.0165801 (0.0165801/0.0309982)
Level[3]: dt = 0.00816008  0.00816008 (0.00816008/0.0165801)
Level[4]: dt = 0.00391869  0.00391869 (0.00391869/0.00816008)
Level[5]: dt = 0.0017348  0.0017348 (0.0017348/0.00391869)
RebuildHierarchy: level = 5
TransferSubgridParticles[5]: Moved 0 particles, 0 stars, 0 active particles.
DetermineSGSize: MaxSubgridSize = 2000, MinSubgridEdge = 4, ncells = 4600
RebuildHierarchy[5]: Flagged 0/11 grids. 0 flagged cells
Level[5]: dt = 0.00173247  0.00173247 (0.00346728/0.00391869)
RebuildHierarchy: level = 5
TransferSubgridParticles[5]: Moved 0 particles, 0 stars, 0 active particles.
DetermineSGSize: MaxSubgridSize = 2000, MinSubgridEdge = 4, ncells = 4600
RebuildHierarchy[5]: Flagged 0/11 grids. 0 flagged cells
Level[5]: dt = 0.000451415  0.00172956 (0.00391869/0.00391869)
EvolveLevel[5]: NumberOfSubCycles = 3 (179 total, 3 sub)
RebuildHierarchy: level = 4
TransferSubgridParticles[4]: Moved 0 particles, 0 stars, 0 active particles.
DetermineSGSize: MaxSubgridSize = 2000, MinSubgridEdge = 4, ncells = 4600
RebuildHierarchy[4]: Flagged 11/23 grids. 519 flagged cells
LoadBalance: Number of grids moved = 11 out of 11 (0.000757638 seconds elapsed)
DetermineSGSize: MaxSubgridSize = 2000, MinSubgridEdge = 4, ncells = 4600
RebuildHierarchy[5]: Flagged 0/11 grids. 0 flagged cells
Level[4]: dt = 0.00391491  0.00391491 (0.0078336/0.00816008)
Level[5]: dt = 0.0017288  0.0017288 (0.0017288/0.00391491)
RebuildHierarchy: level = 5
TransferSubgridParticles[5]: Moved 0 particles, 0 stars, 0 active particles.
DetermineSGSize: MaxSubgridSize = 2000, MinSubgridEdge = 4, ncells = 4376
RebuildHierarchy[5]: Flagged 0/11 grids. 0 flagged cells
Level[5]: dt = 0.00172604  0.00172604 (0.00345483/0.00391491)
RebuildHierarchy: level = 5
TransferSubgridParticles[5]: Moved 0 particles, 0 stars, 0 active particles.
DetermineSGSize: MaxSubgridSize = 2000, MinSubgridEdge = 4, ncells = 4376
RebuildHierarchy[5]: Flagged 0/11 grids. 0 flagged cells
Level[5]: dt = 0.000460079  0.0017235 (0.00391491/0.00391491)
EvolveLevel[5]: NumberOfSubCycles = 3 (182 total, 3 sub)
Level[4]: dt = 0.000326479  0.00391163 (0.00816008/0.00816008)
Level[5]: dt = 0.000326479  0.00172283 (0.000326479/0.000326479)
EvolveLevel[5]: NumberOfSubCycles = 1 (183 total, 1 sub)
EvolveLevel[4]: NumberOfSubCycles = 3 (73 total, 3 sub)
RebuildHierarchy: level = 3
TransferSubgridParticles[3]: Moved 6 particles, 0 stars, 0 active particles.
DetermineSGSize: MaxSubgridSize = 2000, MinSubgridEdge = 4, ncells = 7376
RebuildHierarchy[3]: Flagged 23/70 grids. 889 flagged cells
LoadBalance: Number of grids moved = 22 out of 23 (2.42367e-05 seconds elapsed)
DetermineSGSize: MaxSubgridSize = 2000, MinSubgridEdge = 4, ncells = 4376
RebuildHierarchy[4]: Flagged 11/23 grids. 510 flagged cells
LoadBalance: Number of grids moved = 11 out of 11 (0.00080087 seconds elapsed)
DetermineSGSize: MaxSubgridSize = 2000, MinSubgridEdge = 4, ncells = 4376
RebuildHierarchy[5]: Flagged 0/11 grids. 0 flagged cells
Level[3]: dt = 0.00841998  0.00816819 (0.0165801/0.0165801)
Level[4]: dt = 0.00391136  0.00391136 (0.00391136/0.00841998)
Level[5]: dt = 0.00172236  0.00172236 (0.00172236/0.00391136)
RebuildHierarchy: level = 5
TransferSubgridParticles[5]: Moved 0 particles, 0 stars, 0 active particles.
DetermineSGSize: MaxSubgridSize = 2000, MinSubgridEdge = 4, ncells = 4376
RebuildHierarchy[5]: Flagged 0/11 grids. 0 flagged cells
Level[5]: dt = 0.00172013  0.00172013 (0.00344249/0.00391136)
RebuildHierarchy: level = 5
TransferSubgridParticles[5]: Moved 0 particles, 0 stars, 0 active particles.
DetermineSGSize: MaxSubgridSize = 2000, MinSubgridEdge = 4, ncells = 4376
RebuildHierarchy[5]: Flagged 0/11 grids. 0 flagged cells
Level[5]: dt = 0.000468867  0.00171814 (0.00391136/0.00391136)
EvolveLevel[5]: NumberOfSubCycles = 3 (186 total, 3 sub)
RebuildHierarchy: level = 4
TransferSubgridParticles[4]: Moved 0 particles, 0 stars, 0 active particles.
DetermineSGSize: MaxSubgridSize = 2000, MinSubgridEdge = 4, ncells = 4376
RebuildHierarchy[4]: Flagged 11/23 grids. 510 flagged cells
LoadBalance: Number of grids moved = 11 out of 11 (0.00073437 seconds elapsed)
DetermineSGSize: MaxSubgridSize = 2000, MinSubgridEdge = 4, ncells = 4376
RebuildHierarchy[5]: Flagged 0/11 grids. 0 flagged cells
Level[4]: dt = 0.00390847  0.00390847 (0.00781983/0.00841998)
Level[5]: dt = 0.00171759  0.00171759 (0.00171759/0.00390847)
RebuildHierarchy: level = 5
TransferSubgridParticles[5]: Moved 0 particles, 0 stars, 0 active particles.
DetermineSGSize: MaxSubgridSize = 2000, MinSubgridEdge = 4, ncells = 4376
RebuildHierarchy[5]: Flagged 0/11 grids. 0 flagged cells
Level[5]: dt = 0.00171585  0.00171585 (0.00343344/0.00390847)
RebuildHierarchy: level = 5
TransferSubgridParticles[5]: Moved 0 particles, 0 stars, 0 active particles.
DetermineSGSize: MaxSubgridSize = 2000, MinSubgridEdge = 4, ncells = 4376
RebuildHierarchy[5]: Flagged 0/11 grids. 0 flagged cells
Level[5]: dt = 0.000475032  0.00171436 (0.00390847/0.00390847)
EvolveLevel[5]: NumberOfSubCycles = 3 (189 total, 3 sub)
Level[4]: dt = 0.000600147  0.00390127 (0.00841998/0.00841998)
Level[5]: dt = 0.000600147  0.00171394 (0.000600147/0.000600147)
EvolveLevel[5]: NumberOfSubCycles = 1 (190 total, 1 sub)
EvolveLevel[4]: NumberOfSubCycles = 3 (76 total, 3 sub)
EvolveLevel[3]: NumberOfSubCycles = 2 (33 total, 2 sub)
RebuildHierarchy: level = 2
TransferSubgridParticles[2]: Moved 54 particles, 0 stars, 0 active particles.
DetermineSGSize: MaxSubgridSize = 2000, MinSubgridEdge = 4, ncells = 46632
RebuildHierarchy[2]: Flagged 67/361 grids. 3738 flagged cells
LoadBalance: Number of grids moved = 72 out of 72 (0.00140638 seconds elapsed)
DetermineSGSize: MaxSubgridSize = 2000, MinSubgridEdge = 4, ncells = 7640
RebuildHierarchy[3]: Flagged 23/72 grids. 866 flagged cells
LoadBalance: Number of grids moved = 22 out of 23 (2.46018e-05 seconds elapsed)
DetermineSGSize: MaxSubgridSize = 2000, MinSubgridEdge = 4, ncells = 4376
RebuildHierarchy[4]: Flagged 11/23 grids. 513 flagged cells
LoadBalance: Number of grids moved = 11 out of 11 (0.000887208 seconds elapsed)
DetermineSGSize: MaxSubgridSize = 2000, MinSubgridEdge = 4, ncells = 4376
RebuildHierarchy[5]: Flagged 0/11 grids. 0 flagged cells
Level[2]: dt = 0.0144182  0.0165789 (0.0309982/0.0309982)
Level[3]: dt = 0.00817675  0.00817675 (0.00817675/0.0144182)
Level[4]: dt = 0.00389897  0.00389897 (0.00389897/0.00817675)
Level[5]: dt = 0.00171344  0.00171344 (0.00171344/0.00389897)
RebuildHierarchy: level = 5
TransferSubgridParticles[5]: Moved 0 particles, 0 stars, 0 active particles.
DetermineSGSize: MaxSubgridSize = 2000, MinSubgridEdge = 4, ncells = 4376
RebuildHierarchy[5]: Flagged 0/11 grids. 0 flagged cells
Level[5]: dt = 0.00171232  0.00171232 (0.00342576/0.00389897)
RebuildHierarchy: level = 5
TransferSubgridParticles[5]: Moved 0 particles, 0 stars, 0 active particles.
DetermineSGSize: MaxSubgridSize = 2000, MinSubgridEdge = 4, ncells = 4376
RebuildHierarchy[5]: Flagged 0/11 grids. 0 flagged cells
Level[5]: dt = 0.000473206  0.00171143 (0.00389897/0.00389897)
EvolveLevel[5]: NumberOfSubCycles = 3 (193 total, 3 sub)
RebuildHierarchy: level = 4
TransferSubgridParticles[4]: Moved 0 particles, 0 stars, 0 active particles.
DetermineSGSize: MaxSubgridSize = 2000, MinSubgridEdge = 4, ncells = 4376
RebuildHierarchy[4]: Flagged 11/23 grids. 504 flagged cells
LoadBalance: Number of grids moved = 11 out of 11 (0.000738338 seconds elapsed)
DetermineSGSize: MaxSubgridSize = 2000, MinSubgridEdge = 4, ncells = 4376
RebuildHierarchy[5]: Flagged 0/11 grids. 0 flagged cells
Level[4]: dt = 0.00388492  0.00388492 (0.00778389/0.00817675)
Level[5]: dt = 0.00171119  0.00171119 (0.00171119/0.00388492)
RebuildHierarchy: level = 5
TransferSubgridParticles[5]: Moved 0 particles, 0 stars, 0 active particles.
DetermineSGSize: MaxSubgridSize = 2000, MinSubgridEdge = 4, ncells = 4304
RebuildHierarchy[5]: Flagged 0/11 grids. 0 flagged cells
Level[5]: dt = 0.00171064  0.00171064 (0.00342183/0.00388492)
RebuildHierarchy: level = 5
TransferSubgridParticles[5]: Moved 0 particles, 0 stars, 0 active particles.
DetermineSGSize: MaxSubgridSize = 2000, MinSubgridEdge = 4, ncells = 4304
RebuildHierarchy[5]: Flagged 0/11 grids. 0 flagged cells
Level[5]: dt = 0.000463089  0.0017103 (0.00388492/0.00388492)
EvolveLevel[5]: NumberOfSubCycles = 3 (196 total, 3 sub)
Level[4]: dt = 0.000392859  0.00387253 (0.00817675/0.00817675)
Level[5]: dt = 0.000392859  0.00171022 (0.000392859/0.000392859)
EvolveLevel[5]: NumberOfSubCycles = 1 (197 total, 1 sub)
EvolveLevel[4]: NumberOfSubCycles = 3 (79 total, 3 sub)
RebuildHierarchy: level = 3
TransferSubgridParticles[3]: Moved 7 particles, 0 stars, 0 active particles.
DetermineSGSize: MaxSubgridSize = 2000, MinSubgridEdge = 4, ncells = 7392
RebuildHierarchy[3]: Flagged 23/72 grids. 875 flagged cells
LoadBalance: Number of grids moved = 22 out of 23 (2.41809e-05 seconds elapsed)
DetermineSGSize: MaxSubgridSize = 2000, MinSubgridEdge = 4, ncells = 4304
RebuildHierarchy[4]: Flagged 11/23 grids. 511 flagged cells
LoadBalance: Number of grids moved = 11 out of 11 (0.00073937 seconds elapsed)
DetermineSGSize: MaxSubgridSize = 2000, MinSubgridEdge = 4, ncells = 4304
RebuildHierarchy[5]: Flagged 0/11 grids. 0 flagged cells
Level[3]: dt = 0.00624141  0.00817273 (0.0144182/0.0144182)
Level[4]: dt = 0.00387149  0.00387149 (0.00387149/0.00624141)
Level[5]: dt = 0.00171016  0.00171016 (0.00171016/0.00387149)
RebuildHierarchy: level = 5
TransferSubgridParticles[5]: Moved 0 particles, 0 stars, 0 active particles.
DetermineSGSize: MaxSubgridSize = 2000, MinSubgridEdge = 4, ncells = 4304
RebuildHierarchy[5]: Flagged 0/11 grids. 0 flagged cells
Level[5]: dt = 0.00171015  0.00171015 (0.00342031/0.00387149)
RebuildHierarchy: level = 5
TransferSubgridParticles[5]: Moved 0 particles, 0 stars, 0 active particles.
DetermineSGSize: MaxSubgridSize = 2000, MinSubgridEdge = 4, ncells = 4304
RebuildHierarchy[5]: Flagged 0/11 grids. 0 flagged cells
Level[5]: dt = 0.000451173  0.00171037 (0.00387149/0.00387149)
EvolveLevel[5]: NumberOfSubCycles = 3 (200 total, 3 sub)
RebuildHierarchy: level = 4
TransferSubgridParticles[4]: Moved 0 particles, 0 stars, 0 active particles.
DetermineSGSize: MaxSubgridSize = 2000, MinSubgridEdge = 4, ncells = 4304
RebuildHierarchy[4]: Flagged 11/23 grids. 511 flagged cells
LoadBalance: Number of grids moved = 11 out of 11 (0.000736374 seconds elapsed)
DetermineSGSize: MaxSubgridSize = 2000, MinSubgridEdge = 4, ncells = 4304
RebuildHierarchy[5]: Flagged 0/11 grids. 0 flagged cells
Level[4]: dt = 0.00236992  0.00386197 (0.00624141/0.00624141)
Level[5]: dt = 0.00171044  0.00171044 (0.00171044/0.00236992)
RebuildHierarchy: level = 5
TransferSubgridParticles[5]: Moved 0 particles, 0 stars, 0 active particles.
DetermineSGSize: MaxSubgridSize = 2000, MinSubgridEdge = 4, ncells = 4304
RebuildHierarchy[5]: Flagged 0/11 grids. 0 flagged cells
Level[5]: dt = 0.000659483  0.00171091 (0.00236992/0.00236992)
EvolveLevel[5]: NumberOfSubCycles = 2 (202 total, 2 sub)
EvolveLevel[4]: NumberOfSubCycles = 2 (81 total, 2 sub)
EvolveLevel[3]: NumberOfSubCycles = 2 (35 total, 2 sub)
EvolveLevel[2]: NumberOfSubCycles = 2 (16 total, 2 sub)
EvolveLevel[1]: NumberOfSubCycles = 2 (8 total, 2 sub)
EvolveLevel[0]: NumberOfSubCycles = 1 (4 total, 4 sub)
RebuildHierarchy: level = 0
CommunicationTransferParticles: moved = 290048
CommunicationTransferStars: moved = 0
CommunicationTransferActiveParticles: moved = 0
DetermineSGSize: MaxSubgridSize = 2000, MinSubgridEdge = 4, ncells = 5266504
RebuildHierarchy[0]: Flagged 574/1120 grids. 350341 flagged cells
LoadBalance: Number of grids moved = 4293 out of 4341 (0.0172159 seconds elapsed)
DetermineSGSize: MaxSubgridSize = 2000, MinSubgridEdge = 4, ncells = 272224
RebuildHierarchy[1]: Flagged 292/4341 grids. 20290 flagged cells
LoadBalance: Number of grids moved = 354 out of 355 (0.00209683 seconds elapsed)
DetermineSGSize: MaxSubgridSize = 2000, MinSubgridEdge = 4, ncells = 47912
RebuildHierarchy[2]: Flagged 68/355 grids. 3703 flagged cells
LoadBalance: Number of grids moved = 73 out of 73 (0.00068609 seconds elapsed)
DetermineSGSize: MaxSubgridSize = 2000, MinSubgridEdge = 4, ncells = 7464
RebuildHierarchy[3]: Flagged 24/73 grids. 845 flagged cells
LoadBalance: Number of grids moved = 23 out of 24 (2.35923e-05 seconds elapsed)
DetermineSGSize: MaxSubgridSize = 2000, MinSubgridEdge = 4, ncells = 4304
RebuildHierarchy[4]: Flagged 11/24 grids. 511 flagged cells
LoadBalance: Number of grids moved = 11 out of 11 (0.000690304 seconds elapsed)
DetermineSGSize: MaxSubgridSize = 2000, MinSubgridEdge = 4, ncells = 4304
RebuildHierarchy[5]: Flagged 0/11 grids. 0 flagged cells
CPUTime-output: Frac = 0.999990, Current = 368.107 (367.395), Stop = 2592000.000000, Last = 24.8671
[YT_INFO   ] Setting YT parameters ...
[YT_INFO   ] Setting YT parameters ... done.
[YT_INFO   ] Getting pointer to particle list information ...
[YT_INFO   ] Getting pointer to particle list information  ... done.
[YT_INFO   ] Getting pointer to field list information ...
[YT_INFO   ] Getting pointer to field list information  ... done.
[YT_INFO   ] Getting pointer to local grids information ...
[YT_INFO   ] Getting pointer to local grids information  ... done.
[YT_INFO   ] Loading full hierarchy and local data to libyt ...
[YT_INFO   ] Loading full hierarchy and local data ... done.
[YT_INFO   ] Performing YT inline analysis yt_inline_func() ...
[YT_INFO   ] Performing YT inline analysis yt_inline_func() ... done.
Level[0]: dt = 0.0631093  0.0631093 (0.0631093/0.0631093)
Level[1]: dt = 0.0320693  0.0320693 (0.0320693/0.0631093)
Level[2]: dt = 0.0165662  0.0165662 (0.0165662/0.0320693)
Level[3]: dt = 0.00817298  0.00817298 (0.00817298/0.0165662)
Level[4]: dt = 0.00385691  0.00385691 (0.00385691/0.00817298)
Level[5]: dt = 0.00171111  0.00171111 (0.00171111/0.00385691)
RebuildHierarchy: level = 5
TransferSubgridParticles[5]: Moved 0 particles, 0 stars, 0 active particles.
DetermineSGSize: MaxSubgridSize = 2000, MinSubgridEdge = 4, ncells = 4304
RebuildHierarchy[5]: Flagged 0/11 grids. 0 flagged cells
Level[5]: dt = 0.00171187  0.00171187 (0.00342299/0.00385691)
RebuildHierarchy: level = 5
TransferSubgridParticles[5]: Moved 0 particles, 0 stars, 0 active particles.
DetermineSGSize: MaxSubgridSize = 2000, MinSubgridEdge = 4, ncells = 4304
RebuildHierarchy[5]: Flagged 0/11 grids. 0 flagged cells
Level[5]: dt = 0.000433927  0.00171277 (0.00385691/0.00385691)
EvolveLevel[5]: NumberOfSubCycles = 3 (205 total, 3 sub)
RebuildHierarchy: level = 4
TransferSubgridParticles[4]: Moved 0 particles, 0 stars, 0 active particles.
DetermineSGSize: MaxSubgridSize = 2000, MinSubgridEdge = 4, ncells = 4304
RebuildHierarchy[4]: Flagged 11/24 grids. 508 flagged cells
LoadBalance: Number of grids moved = 11 out of 11 (0.000641733 seconds elapsed)
DetermineSGSize: MaxSubgridSize = 2000, MinSubgridEdge = 4, ncells = 4304
RebuildHierarchy[5]: Flagged 0/11 grids. 0 flagged cells
Level[4]: dt = 0.00385005  0.00385005 (0.00770696/0.00817298)
Level[5]: dt = 0.00171301  0.00171301 (0.00171301/0.00385005)
RebuildHierarchy: level = 5
TransferSubgridParticles[5]: Moved 0 particles, 0 stars, 0 active particles.
DetermineSGSize: MaxSubgridSize = 2000, MinSubgridEdge = 4, ncells = 4304
RebuildHierarchy[5]: Flagged 0/11 grids. 0 flagged cells
Level[5]: dt = 0.00171415  0.00171415 (0.00342716/0.00385005)
RebuildHierarchy: level = 5
TransferSubgridParticles[5]: Moved 0 particles, 0 stars, 0 active particles.
DetermineSGSize: MaxSubgridSize = 2000, MinSubgridEdge = 4, ncells = 4304
RebuildHierarchy[5]: Flagged 0/11 grids. 0 flagged cells
Level[5]: dt = 0.000422892  0.00171538 (0.00385005/0.00385005)
EvolveLevel[5]: NumberOfSubCycles = 3 (208 total, 3 sub)
Level[4]: dt = 0.000466012  0.00384574 (0.00817298/0.00817298)
Level[5]: dt = 0.000466012  0.00171569 (0.000466012/0.000466012)
EvolveLevel[5]: NumberOfSubCycles = 1 (209 total, 1 sub)
EvolveLevel[4]: NumberOfSubCycles = 3 (84 total, 3 sub)
RebuildHierarchy: level = 3
TransferSubgridParticles[3]: Moved 250 particles, 0 stars, 0 active particles.
DetermineSGSize: MaxSubgridSize = 2000, MinSubgridEdge = 4, ncells = 7272
RebuildHierarchy[3]: Flagged 26/73 grids. 872 flagged cells
LoadBalance: Number of grids moved = 25 out of 26 (2.45459e-05 seconds elapsed)
DetermineSGSize: MaxSubgridSize = 2000, MinSubgridEdge = 4, ncells = 4304
RebuildHierarchy[4]: Flagged 11/26 grids. 514 flagged cells
LoadBalance: Number of grids moved = 11 out of 11 (0.000633027 seconds elapsed)
DetermineSGSize: MaxSubgridSize = 2000, MinSubgridEdge = 4, ncells = 4304
RebuildHierarchy[5]: Flagged 0/11 grids. 0 flagged cells
Level[3]: dt = 0.00839325  0.00817605 (0.0165662/0.0165662)
Level[4]: dt = 0.00384536  0.00384536 (0.00384536/0.00839325)
Level[5]: dt = 0.00171604  0.00171604 (0.00171604/0.00384536)
RebuildHierarchy: level = 5
TransferSubgridParticles[5]: Moved 0 particles, 0 stars, 0 active particles.
DetermineSGSize: MaxSubgridSize = 2000, MinSubgridEdge = 4, ncells = 4432
RebuildHierarchy[5]: Flagged 0/11 grids. 0 flagged cells
Level[5]: dt = 0.00171744  0.00171744 (0.00343347/0.00384536)
RebuildHierarchy: level = 5
TransferSubgridParticles[5]: Moved 0 particles, 0 stars, 0 active particles.
DetermineSGSize: MaxSubgridSize = 2000, MinSubgridEdge = 4, ncells = 4432
RebuildHierarchy[5]: Flagged 0/11 grids. 0 flagged cells
Level[5]: dt = 0.000411893  0.00171897 (0.00384536/0.00384536)
EvolveLevel[5]: NumberOfSubCycles = 3 (212 total, 3 sub)
RebuildHierarchy: level = 4
TransferSubgridParticles[4]: Moved 0 particles, 0 stars, 0 active particles.
DetermineSGSize: MaxSubgridSize = 2000, MinSubgridEdge = 4, ncells = 4432
RebuildHierarchy[4]: Flagged 11/26 grids. 496 flagged cells
LoadBalance: Number of grids moved = 11 out of 11 (0.000495397 seconds elapsed)
DetermineSGSize: MaxSubgridSize = 2000, MinSubgridEdge = 4, ncells = 4432
RebuildHierarchy[5]: Flagged 0/11 grids. 0 flagged cells
Level[4]: dt = 0.0038427  0.0038427 (0.00768806/0.00839325)
Level[5]: dt = 0.0017193  0.0017193 (0.0017193/0.0038427)
RebuildHierarchy: level = 5
TransferSubgridParticles[5]: Moved 0 particles, 0 stars, 0 active particles.
DetermineSGSize: MaxSubgridSize = 2000, MinSubgridEdge = 4, ncells = 4232
RebuildHierarchy[5]: Flagged 0/11 grids. 0 flagged cells
Level[5]: dt = 0.00172065  0.00172065 (0.00343995/0.0038427)
RebuildHierarchy: level = 5
TransferSubgridParticles[5]: Moved 0 particles, 0 stars, 0 active particles.
DetermineSGSize: MaxSubgridSize = 2000, MinSubgridEdge = 4, ncells = 4232
RebuildHierarchy[5]: Flagged 0/11 grids. 0 flagged cells
Level[5]: dt = 0.000402747  0.00172213 (0.0038427/0.0038427)
EvolveLevel[5]: NumberOfSubCycles = 3 (215 total, 3 sub)
Level[4]: dt = 0.000705191  0.00384232 (0.00839325/0.00839325)
Level[5]: dt = 0.000705191  0.00172243 (0.000705191/0.000705191)
EvolveLevel[5]: NumberOfSubCycles = 1 (216 total, 1 sub)
EvolveLevel[4]: NumberOfSubCycles = 3 (87 total, 3 sub)
EvolveLevel[3]: NumberOfSubCycles = 2 (37 total, 2 sub)
RebuildHierarchy: level = 2
TransferSubgridParticles[2]: Moved 1785 particles, 0 stars, 0 active particles.
DetermineSGSize: MaxSubgridSize = 2000, MinSubgridEdge = 4, ncells = 46960
RebuildHierarchy[2]: Flagged 69/355 grids. 3723 flagged cells
LoadBalance: Number of grids moved = 75 out of 75 (0.000863243 seconds elapsed)
DetermineSGSize: MaxSubgridSize = 2000, MinSubgridEdge = 4, ncells = 7464
RebuildHierarchy[3]: Flagged 25/75 grids. 878 flagged cells
LoadBalance: Number of grids moved = 24 out of 25 (2.49892e-05 seconds elapsed)
DetermineSGSize: MaxSubgridSize = 2000, MinSubgridEdge = 4, ncells = 4232
RebuildHierarchy[4]: Flagged 11/25 grids. 505 flagged cells
LoadBalance: Number of grids moved = 11 out of 11 (0.000385784 seconds elapsed)
DetermineSGSize: MaxSubgridSize = 2000, MinSubgridEdge = 4, ncells = 4232
RebuildHierarchy[5]: Flagged 0/11 grids. 0 flagged cells
Level[2]: dt = 0.015503  0.0165536 (0.0320693/0.0320693)
Level[3]: dt = 0.00818326  0.00818326 (0.00818326/0.015503)
Level[4]: dt = 0.00384133  0.00384133 (0.00384133/0.00818326)
Level[5]: dt = 0.0017229  0.0017229 (0.0017229/0.00384133)
RebuildHierarchy: level = 5
TransferSubgridParticles[5]: Moved 0 particles, 0 stars, 0 active particles.
DetermineSGSize: MaxSubgridSize = 2000, MinSubgridEdge = 4, ncells = 4304
RebuildHierarchy[5]: Flagged 0/11 grids. 0 flagged cells
Level[5]: dt = 0.00172417  0.00172417 (0.00344708/0.00384133)
RebuildHierarchy: level = 5
TransferSubgridParticles[5]: Moved 0 particles, 0 stars, 0 active particles.
DetermineSGSize: MaxSubgridSize = 2000, MinSubgridEdge = 4, ncells = 4304
RebuildHierarchy[5]: Flagged 0/11 grids. 0 flagged cells
Level[5]: dt = 0.000394253  0.00172538 (0.00384133/0.00384133)
EvolveLevel[5]: NumberOfSubCycles = 3 (219 total, 3 sub)
RebuildHierarchy: level = 4
TransferSubgridParticles[4]: Moved 1 particles, 0 stars, 0 active particles.
DetermineSGSize: MaxSubgridSize = 2000, MinSubgridEdge = 4, ncells = 4304
RebuildHierarchy[4]: Flagged 11/25 grids. 500 flagged cells
LoadBalance: Number of grids moved = 11 out of 11 (0.000406027 seconds elapsed)
DetermineSGSize: MaxSubgridSize = 2000, MinSubgridEdge = 4, ncells = 4304
RebuildHierarchy[5]: Flagged 0/11 grids. 0 flagged cells
Level[4]: dt = 0.00383674  0.00383674 (0.00767807/0.00818326)
Level[5]: dt = 0.0017256  0.0017256 (0.0017256/0.00383674)
RebuildHierarchy: level = 5
TransferSubgridParticles[5]: Moved 0 particles, 0 stars, 0 active particles.
DetermineSGSize: MaxSubgridSize = 2000, MinSubgridEdge = 4, ncells = 4304
RebuildHierarchy[5]: Flagged 0/11 grids. 0 flagged cells
Level[5]: dt = 0.0017267  0.0017267 (0.00345231/0.00383674)
RebuildHierarchy: level = 5
TransferSubgridParticles[5]: Moved 0 particles, 0 stars, 0 active particles.
DetermineSGSize: MaxSubgridSize = 2000, MinSubgridEdge = 4, ncells = 4304
RebuildHierarchy[5]: Flagged 0/11 grids. 0 flagged cells
Level[5]: dt = 0.000384433  0.00172782 (0.00383674/0.00383674)
EvolveLevel[5]: NumberOfSubCycles = 3 (222 total, 3 sub)
Level[4]: dt = 0.000505191  0.00383261 (0.00818326/0.00818326)
Level[5]: dt = 0.000505191  0.00172802 (0.000505191/0.000505191)
EvolveLevel[5]: NumberOfSubCycles = 1 (223 total, 1 sub)
EvolveLevel[4]: NumberOfSubCycles = 3 (90 total, 3 sub)
RebuildHierarchy: level = 3
TransferSubgridParticles[3]: Moved 4 particles, 0 stars, 0 active particles.
DetermineSGSize: MaxSubgridSize = 2000, MinSubgridEdge = 4, ncells = 7560
RebuildHierarchy[3]: Flagged 25/75 grids. 883 flagged cells
LoadBalance: Number of grids moved = 24 out of 25 (2.55853e-05 seconds elapsed)
DetermineSGSize: MaxSubgridSize = 2000, MinSubgridEdge = 4, ncells = 4304
RebuildHierarchy[4]: Flagged 11/25 grids. 497 flagged cells
LoadBalance: Number of grids moved = 11 out of 11 (0.000468045 seconds elapsed)
DetermineSGSize: MaxSubgridSize = 2000, MinSubgridEdge = 4, ncells = 4304
RebuildHierarchy[5]: Flagged 0/11 grids. 0 flagged cells
Level[3]: dt = 0.00731979  0.00819514 (0.015503/0.015503)
Level[4]: dt = 0.00383209  0.00383209 (0.00383209/0.00731979)
Level[5]: dt = 0.00172831  0.00172831 (0.00172831/0.00383209)
RebuildHierarchy: level = 5
TransferSubgridParticles[5]: Moved 0 particles, 0 stars, 0 active particles.
DetermineSGSize: MaxSubgridSize = 2000, MinSubgridEdge = 4, ncells = 4304
RebuildHierarchy[5]: Flagged 0/11 grids. 0 flagged cells
Level[5]: dt = 0.00172938  0.00172938 (0.00345769/0.00383209)
RebuildHierarchy: level = 5
TransferSubgridParticles[5]: Moved 0 particles, 0 stars, 0 active particles.
DetermineSGSize: MaxSubgridSize = 2000, MinSubgridEdge = 4, ncells = 4304
RebuildHierarchy[5]: Flagged 0/11 grids. 0 flagged cells
Level[5]: dt = 0.000374405  0.00173019 (0.00383209/0.00383209)
EvolveLevel[5]: NumberOfSubCycles = 3 (226 total, 3 sub)
RebuildHierarchy: level = 4
TransferSubgridParticles[4]: Moved 0 particles, 0 stars, 0 active particles.
DetermineSGSize: MaxSubgridSize = 2000, MinSubgridEdge = 4, ncells = 4304
RebuildHierarchy[4]: Flagged 11/25 grids. 497 flagged cells
LoadBalance: Number of grids moved = 11 out of 11 (0.000559378 seconds elapsed)
DetermineSGSize: MaxSubgridSize = 2000, MinSubgridEdge = 4, ncells = 4304
RebuildHierarchy[5]: Flagged 0/11 grids. 0 flagged cells
Level[4]: dt = 0.0034877  0.00382888 (0.00731979/0.00731979)
Level[5]: dt = 0.00173039  0.00173039 (0.00173039/0.0034877)
RebuildHierarchy: level = 5
TransferSubgridParticles[5]: Moved 0 particles, 0 stars, 0 active particles.
DetermineSGSize: MaxSubgridSize = 2000, MinSubgridEdge = 4, ncells = 4304
RebuildHierarchy[5]: Flagged 0/11 grids. 0 flagged cells
Level[5]: dt = 0.00175731  0.00173139 (0.0034877/0.0034877)
EvolveLevel[5]: NumberOfSubCycles = 2 (228 total, 2 sub)
EvolveLevel[4]: NumberOfSubCycles = 2 (92 total, 2 sub)
EvolveLevel[3]: NumberOfSubCycles = 2 (39 total, 2 sub)
EvolveLevel[2]: NumberOfSubCycles = 2 (18 total, 2 sub)
RebuildHierarchy: level = 1
TransferSubgridParticles[1]: Moved 45580 particles, 0 stars, 0 active particles.
DetermineSGSize: MaxSubgridSize = 2000, MinSubgridEdge = 4, ncells = 270704
RebuildHierarchy[1]: Flagged 297/4341 grids. 20915 flagged cells
LoadBalance: Number of grids moved = 357 out of 360 (0.000156574 seconds elapsed)
DetermineSGSize: MaxSubgridSize = 2000, MinSubgridEdge = 4, ncells = 45408
RebuildHierarchy[2]: Flagged 68/360 grids. 3740 flagged cells
LoadBalance: Number of grids moved = 73 out of 73 (0.000610031 seconds elapsed)
DetermineSGSize: MaxSubgridSize = 2000, MinSubgridEdge = 4, ncells = 7560
RebuildHierarchy[3]: Flagged 25/73 grids. 907 flagged cells
LoadBalance: Number of grids moved = 24 out of 25 (2.51383e-05 seconds elapsed)
DetermineSGSize: MaxSubgridSize = 2000, MinSubgridEdge = 4, ncells = 4304
RebuildHierarchy[4]: Flagged 11/25 grids. 500 flagged cells
LoadBalance: Number of grids moved = 11 out of 11 (0.000395529 seconds elapsed)
DetermineSGSize: MaxSubgridSize = 2000, MinSubgridEdge = 4, ncells = 4304
RebuildHierarchy[5]: Flagged 0/11 grids. 0 flagged cells
Level[1]: dt = 0.03104  0.0320765 (0.0631093/0.0631093)
Level[2]: dt = 0.0165436  0.0165436 (0.0165436/0.03104)
Level[3]: dt = 0.00820808  0.00820808 (0.00820808/0.0165436)
Level[4]: dt = 0.0038263  0.0038263 (0.0038263/0.00820808)
Level[5]: dt = 0.00173225  0.00173225 (0.00173225/0.0038263)
RebuildHierarchy: level = 5
TransferSubgridParticles[5]: Moved 0 particles, 0 stars, 0 active particles.
DetermineSGSize: MaxSubgridSize = 2000, MinSubgridEdge = 4, ncells = 4304
RebuildHierarchy[5]: Flagged 0/11 grids. 0 flagged cells
Level[5]: dt = 0.00173333  0.00173333 (0.00346558/0.0038263)
RebuildHierarchy: level = 5
TransferSubgridParticles[5]: Moved 0 particles, 0 stars, 0 active particles.
DetermineSGSize: MaxSubgridSize = 2000, MinSubgridEdge = 4, ncells = 4304
RebuildHierarchy[5]: Flagged 0/11 grids. 0 flagged cells
Level[5]: dt = 0.000360717  0.00173459 (0.0038263/0.0038263)
EvolveLevel[5]: NumberOfSubCycles = 3 (231 total, 3 sub)
RebuildHierarchy: level = 4
TransferSubgridParticles[4]: Moved 0 particles, 0 stars, 0 active particles.
DetermineSGSize: MaxSubgridSize = 2000, MinSubgridEdge = 4, ncells = 4304
RebuildHierarchy[4]: Flagged 11/25 grids. 500 flagged cells
LoadBalance: Number of grids moved = 11 out of 11 (0.000495795 seconds elapsed)
DetermineSGSize: MaxSubgridSize = 2000, MinSubgridEdge = 4, ncells = 4304
RebuildHierarchy[5]: Flagged 0/11 grids. 0 flagged cells
Level[4]: dt = 0.00382401  0.00382401 (0.00765031/0.00820808)
Level[5]: dt = 0.00173482  0.00173482 (0.00173482/0.00382401)
RebuildHierarchy: level = 5
TransferSubgridParticles[5]: Moved 0 particles, 0 stars, 0 active particles.
DetermineSGSize: MaxSubgridSize = 2000, MinSubgridEdge = 4, ncells = 4304
RebuildHierarchy[5]: Flagged 0/11 grids. 0 flagged cells
Level[5]: dt = 0.00173618  0.00173618 (0.00347101/0.00382401)
RebuildHierarchy: level = 5
TransferSubgridParticles[5]: Moved 0 particles, 0 stars, 0 active particles.
DetermineSGSize: MaxSubgridSize = 2000, MinSubgridEdge = 4, ncells = 4304
RebuildHierarchy[5]: Flagged 0/11 grids. 0 flagged cells
Level[5]: dt = 0.000353004  0.00173777 (0.00382401/0.00382401)
EvolveLevel[5]: NumberOfSubCycles = 3 (234 total, 3 sub)
Level[4]: dt = 0.000557772  0.00382259 (0.00820808/0.00820808)
Level[5]: dt = 0.000557772  0.00173807 (0.000557772/0.000557772)
EvolveLevel[5]: NumberOfSubCycles = 1 (235 total, 1 sub)
EvolveLevel[4]: NumberOfSubCycles = 3 (95 total, 3 sub)
RebuildHierarchy: level = 3
TransferSubgridParticles[3]: Moved 3 particles, 0 stars, 0 active particles.
DetermineSGSize: MaxSubgridSize = 2000, MinSubgridEdge = 4, ncells = 7944
RebuildHierarchy[3]: Flagged 24/73 grids. 865 flagged cells
LoadBalance: Number of grids moved = 23 out of 24 (2.50489e-05 seconds elapsed)
DetermineSGSize: MaxSubgridSize = 2000, MinSubgridEdge = 4, ncells = 4304
RebuildHierarchy[4]: Flagged 11/24 grids. 491 flagged cells
LoadBalance: Number of grids moved = 11 out of 11 (0.000533223 seconds elapsed)
DetermineSGSize: MaxSubgridSize = 2000, MinSubgridEdge = 4, ncells = 4304
RebuildHierarchy[5]: Flagged 0/11 grids. 0 flagged cells
Level[3]: dt = 0.00833556  0.00819598 (0.0165436/0.0165436)
Level[4]: dt = 0.0038224  0.0038224 (0.0038224/0.00833556)
Level[5]: dt = 0.00173858  0.00173858 (0.00173858/0.0038224)
RebuildHierarchy: level = 5
TransferSubgridParticles[5]: Moved 0 particles, 0 stars, 0 active particles.
DetermineSGSize: MaxSubgridSize = 2000, MinSubgridEdge = 4, ncells = 4176
RebuildHierarchy[5]: Flagged 0/11 grids. 0 flagged cells
Level[5]: dt = 0.00174045  0.00174045 (0.00347903/0.0038224)
RebuildHierarchy: level = 5
TransferSubgridParticles[5]: Moved 0 particles, 0 stars, 0 active particles.
DetermineSGSize: MaxSubgridSize = 2000, MinSubgridEdge = 4, ncells = 4176
RebuildHierarchy[5]: Flagged 0/11 grids. 0 flagged cells
Level[5]: dt = 0.000343377  0.00174236 (0.0038224/0.0038224)
EvolveLevel[5]: NumberOfSubCycles = 3 (238 total, 3 sub)
RebuildHierarchy: level = 4
TransferSubgridParticles[4]: Moved 0 particles, 0 stars, 0 active particles.
DetermineSGSize: MaxSubgridSize = 2000, MinSubgridEdge = 4, ncells = 4176
RebuildHierarchy[4]: Flagged 11/24 grids. 491 flagged cells
LoadBalance: Number of grids moved = 11 out of 11 (0.000585083 seconds elapsed)
DetermineSGSize: MaxSubgridSize = 2000, MinSubgridEdge = 4, ncells = 4176
RebuildHierarchy[5]: Flagged 0/11 grids. 0 flagged cells
Level[4]: dt = 0.00382164  0.00382164 (0.00764404/0.00833556)
Level[5]: dt = 0.00174275  0.00174275 (0.00174275/0.00382164)
RebuildHierarchy: level = 5
TransferSubgridParticles[5]: Moved 0 particles, 0 stars, 0 active particles.
DetermineSGSize: MaxSubgridSize = 2000, MinSubgridEdge = 4, ncells = 4176
RebuildHierarchy[5]: Flagged 0/11 grids. 0 flagged cells
Level[5]: dt = 0.00174504  0.00174504 (0.00348779/0.00382164)
RebuildHierarchy: level = 5
TransferSubgridParticles[5]: Moved 0 particles, 0 stars, 0 active particles.
DetermineSGSize: MaxSubgridSize = 2000, MinSubgridEdge = 4, ncells = 4176
RebuildHierarchy[5]: Flagged 0/11 grids. 0 flagged cells
Level[5]: dt = 0.000333847  0.00174503 (0.00382164/0.00382164)
EvolveLevel[5]: NumberOfSubCycles = 3 (241 total, 3 sub)
Level[4]: dt = 0.000691522  0.00382156 (0.00833556/0.00833556)
Level[5]: dt = 0.000691522  0.00174465 (0.000691522/0.000691522)
EvolveLevel[5]: NumberOfSubCycles = 1 (242 total, 1 sub)
EvolveLevel[4]: NumberOfSubCycles = 3 (98 total, 3 sub)
EvolveLevel[3]: NumberOfSubCycles = 2 (41 total, 2 sub)
RebuildHierarchy: level = 2
TransferSubgridParticles[2]: Moved 50 particles, 0 stars, 0 active particles.
DetermineSGSize: MaxSubgridSize = 2000, MinSubgridEdge = 4, ncells = 46176
RebuildHierarchy[2]: Flagged 69/360 grids. 3778 flagged cells
LoadBalance: Number of grids moved = 73 out of 73 (0.000527315 seconds elapsed)
DetermineSGSize: MaxSubgridSize = 2000, MinSubgridEdge = 4, ncells = 7584
RebuildHierarchy[3]: Flagged 24/73 grids. 859 flagged cells
LoadBalance: Number of grids moved = 23 out of 24 (2.31564e-05 seconds elapsed)
DetermineSGSize: MaxSubgridSize = 2000, MinSubgridEdge = 4, ncells = 4176
RebuildHierarchy[4]: Flagged 11/24 grids. 503 flagged cells
LoadBalance: Number of grids moved = 11 out of 11 (0.000635073 seconds elapsed)
DetermineSGSize: MaxSubgridSize = 2000, MinSubgridEdge = 4, ncells = 4176
RebuildHierarchy[5]: Flagged 0/11 grids. 0 flagged cells
Level[2]: dt = 0.0144964  0.0165347 (0.03104/0.03104)
Level[3]: dt = 0.00818129  0.00818129 (0.00818129/0.0144964)
Level[4]: dt = 0.00382157  0.00382157 (0.00382157/0.00818129)
Level[5]: dt = 0.00174388  0.00174388 (0.00174388/0.00382157)
RebuildHierarchy: level = 5
TransferSubgridParticles[5]: Moved 0 particles, 0 stars, 0 active particles.
DetermineSGSize: MaxSubgridSize = 2000, MinSubgridEdge = 4, ncells = 4400
RebuildHierarchy[5]: Flagged 0/11 grids. 0 flagged cells
Level[5]: dt = 0.00174176  0.00174176 (0.00348564/0.00382157)
RebuildHierarchy: level = 5
TransferSubgridParticles[5]: Moved 0 particles, 0 stars, 0 active particles.
DetermineSGSize: MaxSubgridSize = 2000, MinSubgridEdge = 4, ncells = 4400
RebuildHierarchy[5]: Flagged 0/11 grids. 0 flagged cells
Level[5]: dt = 0.000335927  0.00173983 (0.00382157/0.00382157)
EvolveLevel[5]: NumberOfSubCycles = 3 (245 total, 3 sub)
RebuildHierarchy: level = 4
TransferSubgridParticles[4]: Moved 0 particles, 0 stars, 0 active particles.
DetermineSGSize: MaxSubgridSize = 2000, MinSubgridEdge = 4, ncells = 4400
RebuildHierarchy[4]: Flagged 11/24 grids. 494 flagged cells
LoadBalance: Number of grids moved = 11 out of 11 (0.000543095 seconds elapsed)
DetermineSGSize: MaxSubgridSize = 2000, MinSubgridEdge = 4, ncells = 4400
RebuildHierarchy[5]: Flagged 0/11 grids. 0 flagged cells
Level[4]: dt = 0.00382215  0.00382215 (0.00764372/0.00818129)
Level[5]: dt = 0.00173945  0.00173945 (0.00173945/0.00382215)
RebuildHierarchy: level = 5
TransferSubgridParticles[5]: Moved 0 particles, 0 stars, 0 active particles.
DetermineSGSize: MaxSubgridSize = 2000, MinSubgridEdge = 4, ncells = 4272
RebuildHierarchy[5]: Flagged 0/11 grids. 0 flagged cells
Level[5]: dt = 0.00173734  0.00173734 (0.00347679/0.00382215)
RebuildHierarchy: level = 5
TransferSubgridParticles[5]: Moved 0 particles, 0 stars, 0 active particles.
DetermineSGSize: MaxSubgridSize = 2000, MinSubgridEdge = 4, ncells = 4272
RebuildHierarchy[5]: Flagged 0/11 grids. 0 flagged cells
Level[5]: dt = 0.000345352  0.00173546 (0.00382215/0.00382215)
EvolveLevel[5]: NumberOfSubCycles = 3 (248 total, 3 sub)
Level[4]: dt = 0.00053757  0.00382324 (0.00818129/0.00818129)
Level[5]: dt = 0.00053757  0.00173507 (0.00053757/0.00053757)
EvolveLevel[5]: NumberOfSubCycles = 1 (249 total, 1 sub)
EvolveLevel[4]: NumberOfSubCycles = 3 (101 total, 3 sub)
RebuildHierarchy: level = 3
TransferSubgridParticles[3]: Moved 8 particles, 0 stars, 0 active particles.
DetermineSGSize: MaxSubgridSize = 2000, MinSubgridEdge = 4, ncells = 7432
RebuildHierarchy[3]: Flagged 24/73 grids. 862 flagged cells
LoadBalance: Number of grids moved = 23 out of 24 (2.50228e-05 seconds elapsed)
DetermineSGSize: MaxSubgridSize = 2000, MinSubgridEdge = 4, ncells = 4272
RebuildHierarchy[4]: Flagged 12/24 grids. 522 flagged cells
LoadBalance: Number of grids moved = 12 out of 12 (0.000554901 seconds elapsed)
DetermineSGSize: MaxSubgridSize = 2000, MinSubgridEdge = 4, ncells = 4272
RebuildHierarchy[5]: Flagged 0/12 grids. 0 flagged cells
Level[3]: dt = 0.00631509  0.00816853 (0.0144964/0.0144964)
Level[4]: dt = 0.0038234  0.0038234 (0.0038234/0.00631509)
Level[5]: dt = 0.00173444  0.00173444 (0.00173444/0.0038234)
RebuildHierarchy: level = 5
TransferSubgridParticles[5]: Moved 0 particles, 0 stars, 0 active particles.
DetermineSGSize: MaxSubgridSize = 2000, MinSubgridEdge = 4, ncells = 4520
RebuildHierarchy[5]: Flagged 0/12 grids. 0 flagged cells
Level[5]: dt = 0.00173253  0.00173253 (0.00346696/0.0038234)
RebuildHierarchy: level = 5
TransferSubgridParticles[5]: Moved 0 particles, 0 stars, 0 active particles.
DetermineSGSize: MaxSubgridSize = 2000, MinSubgridEdge = 4, ncells = 4520
RebuildHierarchy[5]: Flagged 0/12 grids. 0 flagged cells
Level[5]: dt = 0.000356437  0.00173066 (0.0038234/0.0038234)
EvolveLevel[5]: NumberOfSubCycles = 3 (252 total, 3 sub)
RebuildHierarchy: level = 4
TransferSubgridParticles[4]: Moved 1 particles, 0 stars, 0 active particles.
DetermineSGSize: MaxSubgridSize = 2000, MinSubgridEdge = 4, ncells = 4520
RebuildHierarchy[4]: Flagged 12/24 grids. 522 flagged cells
LoadBalance: Number of grids moved = 12 out of 12 (0.000504576 seconds elapsed)
DetermineSGSize: MaxSubgridSize = 2000, MinSubgridEdge = 4, ncells = 4520
RebuildHierarchy[5]: Flagged 0/12 grids. 0 flagged cells
Level[4]: dt = 0.00249169  0.00382504 (0.00631509/0.00631509)
Level[5]: dt = 0.00173024  0.00173024 (0.00173024/0.00249169)
RebuildHierarchy: level = 5
TransferSubgridParticles[5]: Moved 0 particles, 0 stars, 0 active particles.
DetermineSGSize: MaxSubgridSize = 2000, MinSubgridEdge = 4, ncells = 4520
RebuildHierarchy[5]: Flagged 0/12 grids. 0 flagged cells
Level[5]: dt = 0.000761445  0.00172843 (0.00249169/0.00249169)
EvolveLevel[5]: NumberOfSubCycles = 2 (254 total, 2 sub)
EvolveLevel[4]: NumberOfSubCycles = 2 (103 total, 2 sub)
EvolveLevel[3]: NumberOfSubCycles = 2 (43 total, 2 sub)
EvolveLevel[2]: NumberOfSubCycles = 2 (20 total, 2 sub)
EvolveLevel[1]: NumberOfSubCycles = 2 (10 total, 2 sub)
EvolveLevel[0]: NumberOfSubCycles = 1 (5 total, 5 sub)
CPUTime-output: Frac = 0.999990, Current = 393.044 (393.044), Stop = 2592000.000000, Last = 25.6497
[YT_INFO   ] Setting YT parameters ...
[YT_INFO   ] Setting YT parameters ... done.
[YT_INFO   ] Getting pointer to particle list information ...
[YT_INFO   ] Getting pointer to particle list information  ... done.
[YT_INFO   ] Getting pointer to field list information ...
[YT_INFO   ] Getting pointer to field list information  ... done.
[YT_INFO   ] Getting pointer to local grids information ...
[YT_INFO   ] Getting pointer to local grids information  ... done.
[YT_INFO   ] Loading full hierarchy and local data to libyt ...
[YT_INFO   ] Loading full hierarchy and local data ... done.
[YT_INFO   ] Performing YT inline analysis yt_inline_func() ...
[YT_INFO   ] Performing YT inline analysis yt_inline_func() ... done.
Level[0]: dt = 0.0631685  0.0631685 (0.0631685/0.0631685)
PrepareGreens: Start = 0 0 36  Dim = 32 52 38
PrepareGreens: Start = 0 0 0  Dim = 32 52 36
Level[1]: dt = 0.0320836  0.0320836 (0.0320836/0.0631685)
Level[2]: dt = 0.0165285  0.0165285 (0.0165285/0.0320836)
Level[3]: dt = 0.00816121  0.00816121 (0.00816121/0.0165285)
Level[4]: dt = 0.00382634  0.00382634 (0.00382634/0.00816121)
Level[5]: dt = 0.00172764  0.00172764 (0.00172764/0.00382634)
RebuildHierarchy: level = 5
TransferSubgridParticles[5]: Moved 0 particles, 0 stars, 0 active particles.
DetermineSGSize: MaxSubgridSize = 2000, MinSubgridEdge = 4, ncells = 4520
RebuildHierarchy[5]: Flagged 0/12 grids. 0 flagged cells
Level[5]: dt = 0.00172572  0.00172572 (0.00345337/0.00382634)
RebuildHierarchy: level = 5
TransferSubgridParticles[5]: Moved 0 particles, 0 stars, 0 active particles.
DetermineSGSize: MaxSubgridSize = 2000, MinSubgridEdge = 4, ncells = 4520
RebuildHierarchy[5]: Flagged 0/12 grids. 0 flagged cells
Level[5]: dt = 0.000372969  0.00172416 (0.00382634/0.00382634)
EvolveLevel[5]: NumberOfSubCycles = 3 (257 total, 3 sub)
RebuildHierarchy: level = 4
TransferSubgridParticles[4]: Moved 1 particles, 0 stars, 0 active particles.
DetermineSGSize: MaxSubgridSize = 2000, MinSubgridEdge = 4, ncells = 4520
RebuildHierarchy[4]: Flagged 12/24 grids. 540 flagged cells
LoadBalance: Number of grids moved = 12 out of 12 (0.000735644 seconds elapsed)
DetermineSGSize: MaxSubgridSize = 2000, MinSubgridEdge = 4, ncells = 4520
RebuildHierarchy[5]: Flagged 0/12 grids. 0 flagged cells
Level[4]: dt = 0.00382895  0.00382895 (0.00765529/0.00816121)
Level[5]: dt = 0.00172383  0.00172383 (0.00172383/0.00382895)
RebuildHierarchy: level = 5
TransferSubgridParticles[5]: Moved 0 particles, 0 stars, 0 active particles.
DetermineSGSize: MaxSubgridSize = 2000, MinSubgridEdge = 4, ncells = 4664
RebuildHierarchy[5]: Flagged 0/12 grids. 0 flagged cells
Level[5]: dt = 0.00172221  0.00172221 (0.00344603/0.00382895)
RebuildHierarchy: level = 5
TransferSubgridParticles[5]: Moved 0 particles, 0 stars, 0 active particles.
DetermineSGSize: MaxSubgridSize = 2000, MinSubgridEdge = 4, ncells = 4664
RebuildHierarchy[5]: Flagged 0/12 grids. 0 flagged cells
Level[5]: dt = 0.000382917  0.00172096 (0.00382895/0.00382895)
EvolveLevel[5]: NumberOfSubCycles = 3 (260 total, 3 sub)
Level[4]: dt = 0.000505927  0.00383192 (0.00816121/0.00816121)
Level[5]: dt = 0.000505927  0.00172068 (0.000505927/0.000505927)
EvolveLevel[5]: NumberOfSubCycles = 1 (261 total, 1 sub)
EvolveLevel[4]: NumberOfSubCycles = 3 (106 total, 3 sub)
RebuildHierarchy: level = 3
TransferSubgridParticles[3]: Moved 9 particles, 0 stars, 0 active particles.
DetermineSGSize: MaxSubgridSize = 2000, MinSubgridEdge = 4, ncells = 7400
RebuildHierarchy[3]: Flagged 23/73 grids. 865 flagged cells
LoadBalance: Number of grids moved = 22 out of 23 (2.44118e-05 seconds elapsed)
DetermineSGSize: MaxSubgridSize = 2000, MinSubgridEdge = 4, ncells = 4664
RebuildHierarchy[4]: Flagged 12/23 grids. 549 flagged cells
LoadBalance: Number of grids moved = 12 out of 12 (0.000709496 seconds elapsed)
DetermineSGSize: MaxSubgridSize = 2000, MinSubgridEdge = 4, ncells = 4664
RebuildHierarchy[5]: Flagged 0/12 grids. 0 flagged cells
Level[3]: dt = 0.0083673  0.00815444 (0.0165285/0.0165285)
Level[4]: dt = 0.00383231  0.00383231 (0.00383231/0.0083673)
Level[5]: dt = 0.0017203  0.0017203 (0.0017203/0.00383231)
RebuildHierarchy: level = 5
TransferSubgridParticles[5]: Moved 0 particles, 0 stars, 0 active particles.
DetermineSGSize: MaxSubgridSize = 2000, MinSubgridEdge = 4, ncells = 4760
RebuildHierarchy[5]: Flagged 0/12 grids. 0 flagged cells
Level[5]: dt = 0.00171926  0.00171926 (0.00343956/0.00383231)
RebuildHierarchy: level = 5
TransferSubgridParticles[5]: Moved 0 particles, 0 stars, 0 active particles.
DetermineSGSize: MaxSubgridSize = 2000, MinSubgridEdge = 4, ncells = 4760
RebuildHierarchy[5]: Flagged 0/12 grids. 0 flagged cells
Level[5]: dt = 0.000392747  0.00171832 (0.00383231/0.00383231)
EvolveLevel[5]: NumberOfSubCycles = 3 (264 total, 3 sub)
RebuildHierarchy: level = 4
TransferSubgridParticles[4]: Moved 0 particles, 0 stars, 0 active particles.
DetermineSGSize: MaxSubgridSize = 2000, MinSubgridEdge = 4, ncells = 4760
RebuildHierarchy[4]: Flagged 12/23 grids. 549 flagged cells
LoadBalance: Number of grids moved = 12 out of 12 (0.000627518 seconds elapsed)
DetermineSGSize: MaxSubgridSize = 2000, MinSubgridEdge = 4, ncells = 4760
RebuildHierarchy[5]: Flagged 0/12 grids. 0 flagged cells
Level[4]: dt = 0.00384243  0.00384243 (0.00767474/0.0083673)
Level[5]: dt = 0.0017181  0.0017181 (0.0017181/0.00384243)
RebuildHierarchy: level = 5
TransferSubgridParticles[5]: Moved 0 particles, 0 stars, 0 active particles.
DetermineSGSize: MaxSubgridSize = 2000, MinSubgridEdge = 4, ncells = 4760
RebuildHierarchy[5]: Flagged 0/12 grids. 0 flagged cells
Level[5]: dt = 0.00171737  0.00171737 (0.00343547/0.00384243)
RebuildHierarchy: level = 5
TransferSubgridParticles[5]: Moved 0 particles, 0 stars, 0 active particles.
DetermineSGSize: MaxSubgridSize = 2000, MinSubgridEdge = 4, ncells = 4760
RebuildHierarchy[5]: Flagged 0/12 grids. 0 flagged cells
Level[5]: dt = 0.000406962  0.00171675 (0.00384243/0.00384243)
EvolveLevel[5]: NumberOfSubCycles = 3 (267 total, 3 sub)
Level[4]: dt = 0.000692557  0.0038524 (0.0083673/0.0083673)
Level[5]: dt = 0.000692557  0.00171659 (0.000692557/0.000692557)
EvolveLevel[5]: NumberOfSubCycles = 1 (268 total, 1 sub)
EvolveLevel[4]: NumberOfSubCycles = 3 (109 total, 3 sub)
EvolveLevel[3]: NumberOfSubCycles = 2 (45 total, 2 sub)
RebuildHierarchy: level = 2
TransferSubgridParticles[2]: Moved 113 particles, 0 stars, 0 active particles.
DetermineSGSize: MaxSubgridSize = 2000, MinSubgridEdge = 4, ncells = 47608
RebuildHierarchy[2]: Flagged 70/360 grids. 3899 flagged cells
LoadBalance: Number of grids moved = 74 out of 74 (0.000663813 seconds elapsed)
DetermineSGSize: MaxSubgridSize = 2000, MinSubgridEdge = 4, ncells = 7392
RebuildHierarchy[3]: Flagged 23/74 grids. 895 flagged cells
LoadBalance: Number of grids moved = 22 out of 23 (2.38158e-05 seconds elapsed)
DetermineSGSize: MaxSubgridSize = 2000, MinSubgridEdge = 4, ncells = 4760
RebuildHierarchy[4]: Flagged 12/23 grids. 552 flagged cells
LoadBalance: Number of grids moved = 12 out of 12 (0.000825096 seconds elapsed)
DetermineSGSize: MaxSubgridSize = 2000, MinSubgridEdge = 4, ncells = 4760
RebuildHierarchy[5]: Flagged 0/12 grids. 0 flagged cells
Level[2]: dt = 0.0155551  0.0165231 (0.0320836/0.0320836)
Level[3]: dt = 0.00814995  0.00814995 (0.00814995/0.0155551)
Level[4]: dt = 0.00385415  0.00385415 (0.00385415/0.00814995)
Level[5]: dt = 0.00171637  0.00171637 (0.00171637/0.00385415)
RebuildHierarchy: level = 5
TransferSubgridParticles[5]: Moved 0 particles, 0 stars, 0 active particles.
DetermineSGSize: MaxSubgridSize = 2000, MinSubgridEdge = 4, ncells = 4792
RebuildHierarchy[5]: Flagged 0/12 grids. 0 flagged cells
Level[5]: dt = 0.00171597  0.00171597 (0.00343234/0.00385415)
RebuildHierarchy: level = 5
TransferSubgridParticles[5]: Moved 0 particles, 0 stars, 0 active particles.
DetermineSGSize: MaxSubgridSize = 2000, MinSubgridEdge = 4, ncells = 4792
RebuildHierarchy[5]: Flagged 0/12 grids. 0 flagged cells
Level[5]: dt = 0.000421811  0.00171557 (0.00385415/0.00385415)
EvolveLevel[5]: NumberOfSubCycles = 3 (271 total, 3 sub)
RebuildHierarchy: level = 4
TransferSubgridParticles[4]: Moved 2 particles, 0 stars, 0 active particles.
DetermineSGSize: MaxSubgridSize = 2000, MinSubgridEdge = 4, ncells = 4792
RebuildHierarchy[4]: Flagged 12/23 grids. 549 flagged cells
LoadBalance: Number of grids moved = 12 out of 12 (0.000780877 seconds elapsed)
DetermineSGSize: MaxSubgridSize = 2000, MinSubgridEdge = 4, ncells = 4792
RebuildHierarchy[5]: Flagged 0/12 grids. 0 flagged cells
Level[4]: dt = 0.00386429  0.00386429 (0.00771845/0.00814995)
Level[5]: dt = 0.00171551  0.00171551 (0.00171551/0.00386429)
RebuildHierarchy: level = 5
TransferSubgridParticles[5]: Moved 0 particles, 0 stars, 0 active particles.
DetermineSGSize: MaxSubgridSize = 2000, MinSubgridEdge = 4, ncells = 4792
RebuildHierarchy[5]: Flagged 0/12 grids. 0 flagged cells
Level[5]: dt = 0.00171543  0.00171543 (0.00343093/0.00386429)
RebuildHierarchy: level = 5
TransferSubgridParticles[5]: Moved 0 particles, 0 stars, 0 active particles.
DetermineSGSize: MaxSubgridSize = 2000, MinSubgridEdge = 4, ncells = 4792
RebuildHierarchy[5]: Flagged 0/12 grids. 0 flagged cells
Level[5]: dt = 0.00043336  0.00171532 (0.00386429/0.00386429)
EvolveLevel[5]: NumberOfSubCycles = 3 (274 total, 3 sub)
Level[4]: dt = 0.000431499  0.0038746 (0.00814995/0.00814995)
Level[5]: dt = 0.000431499  0.00171533 (0.000431499/0.000431499)
EvolveLevel[5]: NumberOfSubCycles = 1 (275 total, 1 sub)
EvolveLevel[4]: NumberOfSubCycles = 3 (112 total, 3 sub)
RebuildHierarchy: level = 3
TransferSubgridParticles[3]: Moved 5 particles, 0 stars, 0 active particles.
DetermineSGSize: MaxSubgridSize = 2000, MinSubgridEdge = 4, ncells = 7736
RebuildHierarchy[3]: Flagged 23/74 grids. 926 flagged cells
LoadBalance: Number of grids moved = 22 out of 23 (2.44789e-05 seconds elapsed)
DetermineSGSize: MaxSubgridSize = 2000, MinSubgridEdge = 4, ncells = 4792
RebuildHierarchy[4]: Flagged 12/23 grids. 549 flagged cells
LoadBalance: Number of grids moved = 12 out of 12 (0.000761326 seconds elapsed)
DetermineSGSize: MaxSubgridSize = 2000, MinSubgridEdge = 4, ncells = 4792
RebuildHierarchy[5]: Flagged 0/12 grids. 0 flagged cells
Level[3]: dt = 0.00740512  0.00811773 (0.0155551/0.0155551)
Level[4]: dt = 0.00387573  0.00387573 (0.00387573/0.00740512)
Level[5]: dt = 0.00171534  0.00171534 (0.00171534/0.00387573)
RebuildHierarchy: level = 5
TransferSubgridParticles[5]: Moved 0 particles, 0 stars, 0 active particles.
DetermineSGSize: MaxSubgridSize = 2000, MinSubgridEdge = 4, ncells = 4792
RebuildHierarchy[5]: Flagged 0/12 grids. 0 flagged cells
Level[5]: dt = 0.00171541  0.00171541 (0.00343074/0.00387573)
RebuildHierarchy: level = 5
TransferSubgridParticles[5]: Moved 0 particles, 0 stars, 0 active particles.
DetermineSGSize: MaxSubgridSize = 2000, MinSubgridEdge = 4, ncells = 4792
RebuildHierarchy[5]: Flagged 0/12 grids. 0 flagged cells
Level[5]: dt = 0.000444985  0.00171581 (0.00387573/0.00387573)
EvolveLevel[5]: NumberOfSubCycles = 3 (278 total, 3 sub)
RebuildHierarchy: level = 4
TransferSubgridParticles[4]: Moved 0 particles, 0 stars, 0 active particles.
DetermineSGSize: MaxSubgridSize = 2000, MinSubgridEdge = 4, ncells = 4792
RebuildHierarchy[4]: Flagged 12/23 grids. 537 flagged cells
LoadBalance: Number of grids moved = 12 out of 12 (0.000756405 seconds elapsed)
DetermineSGSize: MaxSubgridSize = 2000, MinSubgridEdge = 4, ncells = 4792
RebuildHierarchy[5]: Flagged 0/12 grids. 0 flagged cells
Level[4]: dt = 0.00352939  0.00388627 (0.00740512/0.00740512)
Level[5]: dt = 0.00171587  0.00171587 (0.00171587/0.00352939)
RebuildHierarchy: level = 5
TransferSubgridParticles[5]: Moved 0 particles, 0 stars, 0 active particles.
DetermineSGSize: MaxSubgridSize = 2000, MinSubgridEdge = 4, ncells = 4664
RebuildHierarchy[5]: Flagged 0/12 grids. 0 flagged cells
Level[5]: dt = 0.00171614  0.00171614 (0.00343201/0.00352939)
RebuildHierarchy: level = 5
TransferSubgridParticles[5]: Moved 0 particles, 0 stars, 0 active particles.
DetermineSGSize: MaxSubgridSize = 2000, MinSubgridEdge = 4, ncells = 4664
RebuildHierarchy[5]: Flagged 0/12 grids. 0 flagged cells
Level[5]: dt = 9.73823e-05  0.00171673 (0.00352939/0.00352939)
EvolveLevel[5]: NumberOfSubCycles = 3 (281 total, 3 sub)
EvolveLevel[4]: NumberOfSubCycles = 2 (114 total, 2 sub)
EvolveLevel[3]: NumberOfSubCycles = 2 (47 total, 2 sub)
EvolveLevel[2]: NumberOfSubCycles = 2 (22 total, 2 sub)
RebuildHierarchy: level = 1
TransferSubgridParticles[1]: Moved 4035 particles, 0 stars, 0 active particles.
DetermineSGSize: MaxSubgridSize = 2000, MinSubgridEdge = 4, ncells = 281992
RebuildHierarchy[1]: Flagged 303/4341 grids. 21576 flagged cells
LoadBalance: Number of grids moved = 365 out of 369 (0.000166673 seconds elapsed)
DetermineSGSize: MaxSubgridSize = 2000, MinSubgridEdge = 4, ncells = 49096
RebuildHierarchy[2]: Flagged 70/369 grids. 3932 flagged cells
LoadBalance: Number of grids moved = 74 out of 74 (0.000856943 seconds elapsed)
DetermineSGSize: MaxSubgridSize = 2000, MinSubgridEdge = 4, ncells = 8088
RebuildHierarchy[3]: Flagged 24/74 grids. 923 flagged cells
LoadBalance: Number of grids moved = 23 out of 24 (2.38121e-05 seconds elapsed)
DetermineSGSize: MaxSubgridSize = 2000, MinSubgridEdge = 4, ncells = 4664
RebuildHierarchy[4]: Flagged 12/24 grids. 528 flagged cells
LoadBalance: Number of grids moved = 12 out of 12 (0.000690859 seconds elapsed)
DetermineSGSize: MaxSubgridSize = 2000, MinSubgridEdge = 4, ncells = 4664
RebuildHierarchy[5]: Flagged 0/12 grids. 0 flagged cells
Level[1]: dt = 0.0310849  0.0320911 (0.0631685/0.0631685)
Level[2]: dt = 0.0164588  0.0164588 (0.0164588/0.0310849)
Level[3]: dt = 0.00808607  0.00808607 (0.00808607/0.0164588)
Level[4]: dt = 0.00389633  0.00389633 (0.00389633/0.00808607)
Level[5]: dt = 0.00171675  0.00171675 (0.00171675/0.00389633)
RebuildHierarchy: level = 5
TransferSubgridParticles[5]: Moved 0 particles, 0 stars, 0 active particles.
DetermineSGSize: MaxSubgridSize = 2000, MinSubgridEdge = 4, ncells = 4536
RebuildHierarchy[5]: Flagged 0/12 grids. 0 flagged cells
Level[5]: dt = 0.00171715  0.00171715 (0.0034339/0.00389633)
RebuildHierarchy: level = 5
TransferSubgridParticles[5]: Moved 0 particles, 0 stars, 0 active particles.
DetermineSGSize: MaxSubgridSize = 2000, MinSubgridEdge = 4, ncells = 4536
RebuildHierarchy[5]: Flagged 0/12 grids. 0 flagged cells
Level[5]: dt = 0.000462433  0.00171786 (0.00389633/0.00389633)
EvolveLevel[5]: NumberOfSubCycles = 3 (284 total, 3 sub)
RebuildHierarchy: level = 4
TransferSubgridParticles[4]: Moved 2 particles, 0 stars, 0 active particles.
DetermineSGSize: MaxSubgridSize = 2000, MinSubgridEdge = 4, ncells = 4536
RebuildHierarchy[4]: Flagged 12/24 grids. 525 flagged cells
LoadBalance: Number of grids moved = 12 out of 12 (0.000840701 seconds elapsed)
DetermineSGSize: MaxSubgridSize = 2000, MinSubgridEdge = 4, ncells = 4536
RebuildHierarchy[5]: Flagged 0/12 grids. 0 flagged cells
Level[4]: dt = 0.0038743  0.0038743 (0.00777063/0.00808607)
Level[5]: dt = 0.00171799  0.00171799 (0.00171799/0.0038743)
RebuildHierarchy: level = 5
TransferSubgridParticles[5]: Moved 0 particles, 0 stars, 0 active particles.
DetermineSGSize: MaxSubgridSize = 2000, MinSubgridEdge = 4, ncells = 4536
RebuildHierarchy[5]: Flagged 0/12 grids. 0 flagged cells
Level[5]: dt = 0.00171854  0.00171854 (0.00343653/0.0038743)
RebuildHierarchy: level = 5
TransferSubgridParticles[5]: Moved 0 particles, 0 stars, 0 active particles.
DetermineSGSize: MaxSubgridSize = 2000, MinSubgridEdge = 4, ncells = 4536
RebuildHierarchy[5]: Flagged 0/12 grids. 0 flagged cells
Level[5]: dt = 0.000437764  0.00171938 (0.0038743/0.0038743)
EvolveLevel[5]: NumberOfSubCycles = 3 (287 total, 3 sub)
Level[4]: dt = 0.000315444  0.00385075 (0.00808607/0.00808607)
Level[5]: dt = 0.000315444  0.00171955 (0.000315444/0.000315444)
EvolveLevel[5]: NumberOfSubCycles = 1 (288 total, 1 sub)
EvolveLevel[4]: NumberOfSubCycles = 3 (117 total, 3 sub)
RebuildHierarchy: level = 3
TransferSubgridParticles[3]: Moved 8 particles, 0 stars, 0 active particles.
DetermineSGSize: MaxSubgridSize = 2000, MinSubgridEdge = 4, ncells = 7984
RebuildHierarchy[3]: Flagged 24/74 grids. 935 flagged cells
LoadBalance: Number of grids moved = 23 out of 24 (2.48365e-05 seconds elapsed)
DetermineSGSize: MaxSubgridSize = 2000, MinSubgridEdge = 4, ncells = 4536
RebuildHierarchy[4]: Flagged 12/24 grids. 525 flagged cells
LoadBalance: Number of grids moved = 12 out of 12 (0.000954352 seconds elapsed)
DetermineSGSize: MaxSubgridSize = 2000, MinSubgridEdge = 4, ncells = 4536
RebuildHierarchy[5]: Flagged 0/12 grids. 0 flagged cells
Level[3]: dt = 0.00837277  0.00805909 (0.0164588/0.0164588)
Level[4]: dt = 0.00384907  0.00384907 (0.00384907/0.00837277)
Level[5]: dt = 0.00171967  0.00171967 (0.00171967/0.00384907)
RebuildHierarchy: level = 5
TransferSubgridParticles[5]: Moved 0 particles, 0 stars, 0 active particles.
DetermineSGSize: MaxSubgridSize = 2000, MinSubgridEdge = 4, ncells = 4536
RebuildHierarchy[5]: Flagged 0/12 grids. 0 flagged cells
Level[5]: dt = 0.00172061  0.00172061 (0.00344028/0.00384907)
RebuildHierarchy: level = 5
TransferSubgridParticles[5]: Moved 0 particles, 0 stars, 0 active particles.
DetermineSGSize: MaxSubgridSize = 2000, MinSubgridEdge = 4, ncells = 4536
RebuildHierarchy[5]: Flagged 0/12 grids. 0 flagged cells
Level[5]: dt = 0.000408785  0.0017216 (0.00384907/0.00384907)
EvolveLevel[5]: NumberOfSubCycles = 3 (291 total, 3 sub)
RebuildHierarchy: level = 4
TransferSubgridParticles[4]: Moved 0 particles, 0 stars, 0 active particles.
DetermineSGSize: MaxSubgridSize = 2000, MinSubgridEdge = 4, ncells = 4536
RebuildHierarchy[4]: Flagged 13/24 grids. 552 flagged cells
LoadBalance: Number of grids moved = 13 out of 13 (0.00062637 seconds elapsed)
DetermineSGSize: MaxSubgridSize = 2000, MinSubgridEdge = 4, ncells = 4536
RebuildHierarchy[5]: Flagged 0/13 grids. 0 flagged cells
Level[4]: dt = 0.00383135  0.00383135 (0.00768041/0.00837277)
Level[5]: dt = 0.0017218  0.0017218 (0.0017218/0.00383135)
RebuildHierarchy: level = 5
TransferSubgridParticles[5]: Moved 0 particles, 0 stars, 0 active particles.
DetermineSGSize: MaxSubgridSize = 2000, MinSubgridEdge = 4, ncells = 4752
RebuildHierarchy[5]: Flagged 0/13 grids. 0 flagged cells
Level[5]: dt = 0.00172293  0.00172293 (0.00344473/0.00383135)
RebuildHierarchy: level = 5
TransferSubgridParticles[5]: Moved 0 particles, 0 stars, 0 active particles.
DetermineSGSize: MaxSubgridSize = 2000, MinSubgridEdge = 4, ncells = 4752
RebuildHierarchy[5]: Flagged 0/13 grids. 0 flagged cells
Level[5]: dt = 0.000386618  0.0017241 (0.00383135/0.00383135)
EvolveLevel[5]: NumberOfSubCycles = 3 (294 total, 3 sub)
Level[4]: dt = 0.00069235  0.00381503 (0.00837277/0.00837277)
Level[5]: dt = 0.00069235  0.00172433 (0.00069235/0.00069235)
EvolveLevel[5]: NumberOfSubCycles = 1 (295 total, 1 sub)
EvolveLevel[4]: NumberOfSubCycles = 3 (120 total, 3 sub)
EvolveLevel[3]: NumberOfSubCycles = 2 (49 total, 2 sub)
RebuildHierarchy: level = 2
TransferSubgridParticles[2]: Moved 67 particles, 0 stars, 0 active particles.
DetermineSGSize: MaxSubgridSize = 2000, MinSubgridEdge = 4, ncells = 50352
RebuildHierarchy[2]: Flagged 70/369 grids. 3921 flagged cells
LoadBalance: Number of grids moved = 74 out of 74 (0.000844244 seconds elapsed)
DetermineSGSize: MaxSubgridSize = 2000, MinSubgridEdge = 4, ncells = 8112
RebuildHierarchy[3]: Flagged 24/74 grids. 935 flagged cells
LoadBalance: Number of grids moved = 23 out of 24 (2.54214e-05 seconds elapsed)
DetermineSGSize: MaxSubgridSize = 2000, MinSubgridEdge = 4, ncells = 4752
RebuildHierarchy[4]: Flagged 12/24 grids. 534 flagged cells
LoadBalance: Number of grids moved = 12 out of 12 (0.000874169 seconds elapsed)
DetermineSGSize: MaxSubgridSize = 2000, MinSubgridEdge = 4, ncells = 4752
RebuildHierarchy[5]: Flagged 0/12 grids. 0 flagged cells
Level[2]: dt = 0.0146261  0.0164656 (0.0310849/0.0310849)
Level[3]: dt = 0.00803881  0.00803881 (0.00803881/0.0146261)
Level[4]: dt = 0.00381236  0.00381236 (0.00381236/0.00803881)
Level[5]: dt = 0.00172479  0.00172479 (0.00172479/0.00381236)
RebuildHierarchy: level = 5
TransferSubgridParticles[5]: Moved 0 particles, 0 stars, 0 active particles.
DetermineSGSize: MaxSubgridSize = 2000, MinSubgridEdge = 4, ncells = 4632
RebuildHierarchy[5]: Flagged 0/12 grids. 0 flagged cells
Level[5]: dt = 0.00172612  0.00172612 (0.00345091/0.00381236)
RebuildHierarchy: level = 5
TransferSubgridParticles[5]: Moved 0 particles, 0 stars, 0 active particles.
DetermineSGSize: MaxSubgridSize = 2000, MinSubgridEdge = 4, ncells = 4632
RebuildHierarchy[5]: Flagged 0/12 grids. 0 flagged cells
Level[5]: dt = 0.000361449  0.00172743 (0.00381236/0.00381236)
EvolveLevel[5]: NumberOfSubCycles = 3 (298 total, 3 sub)
RebuildHierarchy: level = 4
TransferSubgridParticles[4]: Moved 1 particles, 0 stars, 0 active particles.
DetermineSGSize: MaxSubgridSize = 2000, MinSubgridEdge = 4, ncells = 4632
RebuildHierarchy[4]: Flagged 12/24 grids. 534 flagged cells
LoadBalance: Number of grids moved = 12 out of 12 (0.000711311 seconds elapsed)
DetermineSGSize: MaxSubgridSize = 2000, MinSubgridEdge = 4, ncells = 4632
RebuildHierarchy[5]: Flagged 0/12 grids. 0 flagged cells
Level[4]: dt = 0.00379966  0.00379966 (0.00761201/0.00803881)
Level[5]: dt = 0.00172771  0.00172771 (0.00172771/0.00379966)
RebuildHierarchy: level = 5
TransferSubgridParticles[5]: Moved 0 particles, 0 stars, 0 active particles.
DetermineSGSize: MaxSubgridSize = 2000, MinSubgridEdge = 4, ncells = 4632
RebuildHierarchy[5]: Flagged 0/12 grids. 0 flagged cells
Level[5]: dt = 0.0017293  0.0017293 (0.00345701/0.00379966)
RebuildHierarchy: level = 5
TransferSubgridParticles[5]: Moved 0 particles, 0 stars, 0 active particles.
DetermineSGSize: MaxSubgridSize = 2000, MinSubgridEdge = 4, ncells = 4632
RebuildHierarchy[5]: Flagged 0/12 grids. 0 flagged cells
Level[5]: dt = 0.00034265  0.0017309 (0.00379966/0.00379966)
EvolveLevel[5]: NumberOfSubCycles = 3 (301 total, 3 sub)
Level[4]: dt = 0.000426793  0.00378807 (0.00803881/0.00803881)
Level[5]: dt = 0.000426793  0.00173121 (0.000426793/0.000426793)
EvolveLevel[5]: NumberOfSubCycles = 1 (302 total, 1 sub)
EvolveLevel[4]: NumberOfSubCycles = 3 (123 total, 3 sub)
RebuildHierarchy: level = 3
TransferSubgridParticles[3]: Moved 8 particles, 0 stars, 0 active particles.
DetermineSGSize: MaxSubgridSize = 2000, MinSubgridEdge = 4, ncells = 8112
RebuildHierarchy[3]: Flagged 25/74 grids. 989 flagged cells
LoadBalance: Number of grids moved = 24 out of 25 (2.62856e-05 seconds elapsed)
DetermineSGSize: MaxSubgridSize = 2000, MinSubgridEdge = 4, ncells = 4632
RebuildHierarchy[4]: Flagged 12/25 grids. 543 flagged cells
LoadBalance: Number of grids moved = 12 out of 12 (0.000599198 seconds elapsed)
DetermineSGSize: MaxSubgridSize = 2000, MinSubgridEdge = 4, ncells = 4632
RebuildHierarchy[5]: Flagged 0/12 grids. 0 flagged cells
Level[3]: dt = 0.00658725  0.00802851 (0.0146261/0.0146261)
Level[4]: dt = 0.00378689  0.00378689 (0.00378689/0.00658725)
Level[5]: dt = 0.00173161  0.00173161 (0.00173161/0.00378689)
RebuildHierarchy: level = 5
TransferSubgridParticles[5]: Moved 0 particles, 0 stars, 0 active particles.
DetermineSGSize: MaxSubgridSize = 2000, MinSubgridEdge = 4, ncells = 4760
RebuildHierarchy[5]: Flagged 0/12 grids. 0 flagged cells
Level[5]: dt = 0.0017334  0.0017334 (0.00346501/0.00378689)
RebuildHierarchy: level = 5
TransferSubgridParticles[5]: Moved 0 particles, 0 stars, 0 active particles.
DetermineSGSize: MaxSubgridSize = 2000, MinSubgridEdge = 4, ncells = 4760
RebuildHierarchy[5]: Flagged 0/12 grids. 0 flagged cells
Level[5]: dt = 0.000321881  0.00173544 (0.00378689/0.00378689)
EvolveLevel[5]: NumberOfSubCycles = 3 (305 total, 3 sub)
RebuildHierarchy: level = 4
TransferSubgridParticles[4]: Moved 0 particles, 0 stars, 0 active particles.
DetermineSGSize: MaxSubgridSize = 2000, MinSubgridEdge = 4, ncells = 4760
RebuildHierarchy[4]: Flagged 12/25 grids. 543 flagged cells
LoadBalance: Number of grids moved = 12 out of 12 (0.000777714 seconds elapsed)
DetermineSGSize: MaxSubgridSize = 2000, MinSubgridEdge = 4, ncells = 4760
RebuildHierarchy[5]: Flagged 0/12 grids. 0 flagged cells
Level[4]: dt = 0.00280036  0.0037784 (0.00658725/0.00658725)
Level[5]: dt = 0.00173578  0.00173578 (0.00173578/0.00280036)
RebuildHierarchy: level = 5
TransferSubgridParticles[5]: Moved 0 particles, 0 stars, 0 active particles.
DetermineSGSize: MaxSubgridSize = 2000, MinSubgridEdge = 4, ncells = 4760
RebuildHierarchy[5]: Flagged 0/12 grids. 0 flagged cells
Level[5]: dt = 0.00106458  0.0017378 (0.00280036/0.00280036)
EvolveLevel[5]: NumberOfSubCycles = 2 (307 total, 2 sub)
EvolveLevel[4]: NumberOfSubCycles = 2 (125 total, 2 sub)
EvolveLevel[3]: NumberOfSubCycles = 2 (51 total, 2 sub)
EvolveLevel[2]: NumberOfSubCycles = 2 (24 total, 2 sub)
EvolveLevel[1]: NumberOfSubCycles = 2 (12 total, 2 sub)
EvolveLevel[0]: NumberOfSubCycles = 1 (6 total, 6 sub)
RebuildHierarchy: level = 0
CommunicationTransferParticles: moved = 290440
CommunicationTransferStars: moved = 0
CommunicationTransferActiveParticles: moved = 0
DetermineSGSize: MaxSubgridSize = 2000, MinSubgridEdge = 4, ncells = 5437904
RebuildHierarchy[0]: Flagged 578/1120 grids. 360721 flagged cells
LoadBalance: Number of grids moved = 4404 out of 4454 (0.0510093 seconds elapsed)
DetermineSGSize: MaxSubgridSize = 2000, MinSubgridEdge = 4, ncells = 289176
RebuildHierarchy[1]: Flagged 297/4454 grids. 21543 flagged cells
LoadBalance: Number of grids moved = 356 out of 359 (0.0001611 seconds elapsed)
DetermineSGSize: MaxSubgridSize = 2000, MinSubgridEdge = 4, ncells = 50520
RebuildHierarchy[2]: Flagged 65/359 grids. 3820 flagged cells
LoadBalance: Number of grids moved = 68 out of 68 (0.000840243 seconds elapsed)
DetermineSGSize: MaxSubgridSize = 2000, MinSubgridEdge = 4, ncells = 8648
RebuildHierarchy[3]: Flagged 25/68 grids. 1010 flagged cells
LoadBalance: Number of grids moved = 24 out of 25 (2.35438e-05 seconds elapsed)
DetermineSGSize: MaxSubgridSize = 2000, MinSubgridEdge = 4, ncells = 4760
RebuildHierarchy[4]: Flagged 13/25 grids. 579 flagged cells
LoadBalance: Number of grids moved = 13 out of 13 (0.000788718 seconds elapsed)
DetermineSGSize: MaxSubgridSize = 2000, MinSubgridEdge = 4, ncells = 4760
RebuildHierarchy[5]: Flagged 0/13 grids. 0 flagged cells
CPUTime-output: Frac = 0.999990, Current = 418.839 (418.122), Stop = 2592000.000000, Last = 25.0773
[YT_INFO   ] Setting YT parameters ...
[YT_INFO   ] Setting YT parameters ... done.
[YT_INFO   ] Getting pointer to particle list information ...
[YT_INFO   ] Getting pointer to particle list information  ... done.
[YT_INFO   ] Getting pointer to field list information ...
[YT_INFO   ] Getting pointer to field list information  ... done.
[YT_INFO   ] Getting pointer to local grids information ...
[YT_INFO   ] Getting pointer to local grids information  ... done.
[YT_INFO   ] Loading full hierarchy and local data to libyt ...
[YT_INFO   ] Loading full hierarchy and local data ... done.
[YT_INFO   ] Performing YT inline analysis yt_inline_func() ...
[YT_INFO   ] Performing YT inline analysis yt_inline_func() ... done.
Level[0]: dt = 0.0632158  0.0632158 (0.0632158/0.0632158)
Level[1]: dt = 0.0320984  0.0320984 (0.0320984/0.0632158)
Level[2]: dt = 0.0164714  0.0164714 (0.0164714/0.0320984)
Level[3]: dt = 0.00802409  0.00802409 (0.00802409/0.0164714)
Level[4]: dt = 0.00377272  0.00377272 (0.00377272/0.00802409)
Level[5]: dt = 0.00173907  0.00173907 (0.00173907/0.00377272)
RebuildHierarchy: level = 5
TransferSubgridParticles[5]: Moved 0 particles, 0 stars, 0 active particles.
DetermineSGSize: MaxSubgridSize = 2000, MinSubgridEdge = 4, ncells = 5104
RebuildHierarchy[5]: Flagged 0/13 grids. 0 flagged cells
Level[5]: dt = 0.00174129  0.00174129 (0.00348036/0.00377272)
RebuildHierarchy: level = 5
TransferSubgridParticles[5]: Moved 0 particles, 0 stars, 0 active particles.
DetermineSGSize: MaxSubgridSize = 2000, MinSubgridEdge = 4, ncells = 5104
RebuildHierarchy[5]: Flagged 0/13 grids. 0 flagged cells
Level[5]: dt = 0.000292354  0.00174355 (0.00377272/0.00377272)
EvolveLevel[5]: NumberOfSubCycles = 3 (310 total, 3 sub)
RebuildHierarchy: level = 4
TransferSubgridParticles[4]: Moved 0 particles, 0 stars, 0 active particles.
DetermineSGSize: MaxSubgridSize = 2000, MinSubgridEdge = 4, ncells = 5104
RebuildHierarchy[4]: Flagged 12/25 grids. 552 flagged cells
LoadBalance: Number of grids moved = 12 out of 12 (0.000703029 seconds elapsed)
DetermineSGSize: MaxSubgridSize = 2000, MinSubgridEdge = 4, ncells = 5104
RebuildHierarchy[5]: Flagged 0/12 grids. 0 flagged cells
Level[4]: dt = 0.00376735  0.00376735 (0.00754007/0.00802409)
Level[5]: dt = 0.00174391  0.00174391 (0.00174391/0.00376735)
RebuildHierarchy: level = 5
TransferSubgridParticles[5]: Moved 0 particles, 0 stars, 0 active particles.
DetermineSGSize: MaxSubgridSize = 2000, MinSubgridEdge = 4, ncells = 4920
RebuildHierarchy[5]: Flagged 0/12 grids. 0 flagged cells
Level[5]: dt = 0.00174634  0.00174634 (0.00349026/0.00376735)
RebuildHierarchy: level = 5
TransferSubgridParticles[5]: Moved 0 particles, 0 stars, 0 active particles.
DetermineSGSize: MaxSubgridSize = 2000, MinSubgridEdge = 4, ncells = 4920
RebuildHierarchy[5]: Flagged 0/12 grids. 0 flagged cells
Level[5]: dt = 0.000277096  0.00174883 (0.00376735/0.00376735)
EvolveLevel[5]: NumberOfSubCycles = 3 (313 total, 3 sub)
Level[4]: dt = 0.000484019  0.00376392 (0.00802409/0.00802409)
Level[5]: dt = 0.000484019  0.0017492 (0.000484019/0.000484019)
EvolveLevel[5]: NumberOfSubCycles = 1 (314 total, 1 sub)
EvolveLevel[4]: NumberOfSubCycles = 3 (128 total, 3 sub)
RebuildHierarchy: level = 3
TransferSubgridParticles[3]: Moved 323 particles, 0 stars, 0 active particles.
DetermineSGSize: MaxSubgridSize = 2000, MinSubgridEdge = 4, ncells = 8848
RebuildHierarchy[3]: Flagged 26/68 grids. 1058 flagged cells
LoadBalance: Number of grids moved = 25 out of 26 (2.97837e-05 seconds elapsed)
DetermineSGSize: MaxSubgridSize = 2000, MinSubgridEdge = 4, ncells = 4920
RebuildHierarchy[4]: Flagged 12/26 grids. 549 flagged cells
LoadBalance: Number of grids moved = 12 out of 12 (0.000769231 seconds elapsed)
DetermineSGSize: MaxSubgridSize = 2000, MinSubgridEdge = 4, ncells = 4920
RebuildHierarchy[5]: Flagged 0/12 grids. 0 flagged cells
Level[3]: dt = 0.008023  0.008023 (0.0160471/0.0164714)
Level[4]: dt = 0.00376349  0.00376349 (0.00376349/0.008023)
Level[5]: dt = 0.00174919  0.00174919 (0.00174919/0.00376349)
RebuildHierarchy: level = 5
TransferSubgridParticles[5]: Moved 0 particles, 0 stars, 0 active particles.
DetermineSGSize: MaxSubgridSize = 2000, MinSubgridEdge = 4, ncells = 4920
RebuildHierarchy[5]: Flagged 0/12 grids. 0 flagged cells
Level[5]: dt = 0.00174797  0.00174797 (0.00349716/0.00376349)
RebuildHierarchy: level = 5
TransferSubgridParticles[5]: Moved 0 particles, 0 stars, 0 active particles.
DetermineSGSize: MaxSubgridSize = 2000, MinSubgridEdge = 4, ncells = 4920
RebuildHierarchy[5]: Flagged 0/12 grids. 0 flagged cells
Level[5]: dt = 0.000266334  0.00174708 (0.00376349/0.00376349)
EvolveLevel[5]: NumberOfSubCycles = 3 (317 total, 3 sub)
RebuildHierarchy: level = 4
TransferSubgridParticles[4]: Moved 1 particles, 0 stars, 0 active particles.
DetermineSGSize: MaxSubgridSize = 2000, MinSubgridEdge = 4, ncells = 4920
RebuildHierarchy[4]: Flagged 12/26 grids. 561 flagged cells
LoadBalance: Number of grids moved = 12 out of 12 (0.000841938 seconds elapsed)
DetermineSGSize: MaxSubgridSize = 2000, MinSubgridEdge = 4, ncells = 4920
RebuildHierarchy[5]: Flagged 0/12 grids. 0 flagged cells
Level[4]: dt = 0.00376169  0.00376169 (0.00752518/0.008023)
Level[5]: dt = 0.00174695  0.00174695 (0.00174695/0.00376169)
RebuildHierarchy: level = 5
TransferSubgridParticles[5]: Moved 0 particles, 0 stars, 0 active particles.
DetermineSGSize: MaxSubgridSize = 2000, MinSubgridEdge = 4, ncells = 5016
RebuildHierarchy[5]: Flagged 0/12 grids. 0 flagged cells
Level[5]: dt = 0.00174593  0.00174593 (0.00349288/0.00376169)
RebuildHierarchy: level = 5
TransferSubgridParticles[5]: Moved 0 particles, 0 stars, 0 active particles.
DetermineSGSize: MaxSubgridSize = 2000, MinSubgridEdge = 4, ncells = 5016
RebuildHierarchy[5]: Flagged 0/12 grids. 0 flagged cells
Level[5]: dt = 0.000268807  0.00174523 (0.00376169/0.00376169)
EvolveLevel[5]: NumberOfSubCycles = 3 (320 total, 3 sub)
Level[4]: dt = 0.000497815  0.00376136 (0.008023/0.008023)
Level[5]: dt = 0.000497815  0.00174512 (0.000497815/0.000497815)
EvolveLevel[5]: NumberOfSubCycles = 1 (321 total, 1 sub)
EvolveLevel[4]: NumberOfSubCycles = 3 (131 total, 3 sub)
Level[3]: dt = 0.000424277  0.00802883 (0.0164714/0.0164714)
Level[4]: dt = 0.000424277  0.00376133 (0.000424277/0.000424277)
Level[5]: dt = 0.000424277  0.00174492 (0.000424277/0.000424277)
EvolveLevel[5]: NumberOfSubCycles = 1 (322 total, 1 sub)
EvolveLevel[4]: NumberOfSubCycles = 1 (132 total, 1 sub)
EvolveLevel[3]: NumberOfSubCycles = 3 (54 total, 3 sub)
RebuildHierarchy: level = 2
TransferSubgridParticles[2]: Moved 1889 particles, 0 stars, 0 active particles.
DetermineSGSize: MaxSubgridSize = 2000, MinSubgridEdge = 4, ncells = 49024
RebuildHierarchy[2]: Flagged 66/359 grids. 3837 flagged cells
LoadBalance: Number of grids moved = 69 out of 69 (0.000927463 seconds elapsed)
DetermineSGSize: MaxSubgridSize = 2000, MinSubgridEdge = 4, ncells = 9176
RebuildHierarchy[3]: Flagged 26/69 grids. 1064 flagged cells
LoadBalance: Number of grids moved = 25 out of 26 (2.61702e-05 seconds elapsed)
DetermineSGSize: MaxSubgridSize = 2000, MinSubgridEdge = 4, ncells = 5016
RebuildHierarchy[4]: Flagged 12/26 grids. 561 flagged cells
LoadBalance: Number of grids moved = 12 out of 12 (0.0010272 seconds elapsed)
DetermineSGSize: MaxSubgridSize = 2000, MinSubgridEdge = 4, ncells = 5016
RebuildHierarchy[5]: Flagged 0/12 grids. 0 flagged cells
Level[2]: dt = 0.0156271  0.0164778 (0.0320984/0.0320984)
Level[3]: dt = 0.00802922  0.00802922 (0.00802922/0.0156271)
Level[4]: dt = 0.00376133  0.00376133 (0.00376133/0.00802922)
Level[5]: dt = 0.00174477  0.00174477 (0.00174477/0.00376133)
RebuildHierarchy: level = 5
TransferSubgridParticles[5]: Moved 0 particles, 0 stars, 0 active particles.
DetermineSGSize: MaxSubgridSize = 2000, MinSubgridEdge = 4, ncells = 5048
RebuildHierarchy[5]: Flagged 0/12 grids. 0 flagged cells
Level[5]: dt = 0.00174408  0.00174408 (0.00348885/0.00376133)
RebuildHierarchy: level = 5
TransferSubgridParticles[5]: Moved 0 particles, 0 stars, 0 active particles.
DetermineSGSize: MaxSubgridSize = 2000, MinSubgridEdge = 4, ncells = 5048
RebuildHierarchy[5]: Flagged 0/12 grids. 0 flagged cells
Level[5]: dt = 0.000272481  0.00174339 (0.00376133/0.00376133)
EvolveLevel[5]: NumberOfSubCycles = 3 (325 total, 3 sub)
RebuildHierarchy: level = 4
TransferSubgridParticles[4]: Moved 1 particles, 0 stars, 0 active particles.
DetermineSGSize: MaxSubgridSize = 2000, MinSubgridEdge = 4, ncells = 5048
RebuildHierarchy[4]: Flagged 13/26 grids. 582 flagged cells
LoadBalance: Number of grids moved = 13 out of 13 (0.000672899 seconds elapsed)
DetermineSGSize: MaxSubgridSize = 2000, MinSubgridEdge = 4, ncells = 5048
RebuildHierarchy[5]: Flagged 0/13 grids. 0 flagged cells
Level[4]: dt = 0.00376271  0.00376271 (0.00752405/0.00802922)
Level[5]: dt = 0.00174332  0.00174332 (0.00174332/0.00376271)
RebuildHierarchy: level = 5
TransferSubgridParticles[5]: Moved 0 particles, 0 stars, 0 active particles.
DetermineSGSize: MaxSubgridSize = 2000, MinSubgridEdge = 4, ncells = 5280
RebuildHierarchy[5]: Flagged 0/13 grids. 0 flagged cells
Level[5]: dt = 0.00174282  0.00174282 (0.00348614/0.00376271)
RebuildHierarchy: level = 5
TransferSubgridParticles[5]: Moved 0 particles, 0 stars, 0 active particles.
DetermineSGSize: MaxSubgridSize = 2000, MinSubgridEdge = 4, ncells = 5280
RebuildHierarchy[5]: Flagged 0/13 grids. 0 flagged cells
Level[5]: dt = 0.000276571  0.00174232 (0.00376271/0.00376271)
EvolveLevel[5]: NumberOfSubCycles = 3 (328 total, 3 sub)
Level[4]: dt = 0.000505169  0.00376532 (0.00802922/0.00802922)
Level[5]: dt = 0.000505169  0.00174228 (0.000505169/0.000505169)
EvolveLevel[5]: NumberOfSubCycles = 1 (329 total, 1 sub)
EvolveLevel[4]: NumberOfSubCycles = 3 (135 total, 3 sub)
RebuildHierarchy: level = 3
TransferSubgridParticles[3]: Moved 6 particles, 0 stars, 0 active particles.
DetermineSGSize: MaxSubgridSize = 2000, MinSubgridEdge = 4, ncells = 9232
RebuildHierarchy[3]: Flagged 26/69 grids. 1101 flagged cells
LoadBalance: Number of grids moved = 26 out of 27 (2.47881e-05 seconds elapsed)
DetermineSGSize: MaxSubgridSize = 2000, MinSubgridEdge = 4, ncells = 5280
RebuildHierarchy[4]: Flagged 13/27 grids. 570 flagged cells
LoadBalance: Number of grids moved = 13 out of 13 (0.000535883 seconds elapsed)
DetermineSGSize: MaxSubgridSize = 2000, MinSubgridEdge = 4, ncells = 5280
RebuildHierarchy[5]: Flagged 0/13 grids. 0 flagged cells
Level[3]: dt = 0.00759783  0.00803927 (0.0156271/0.0156271)
Level[4]: dt = 0.0037658  0.0037658 (0.0037658/0.00759783)
Level[5]: dt = 0.00174221  0.00174221 (0.00174221/0.0037658)
RebuildHierarchy: level = 5
TransferSubgridParticles[5]: Moved 0 particles, 0 stars, 0 active particles.
DetermineSGSize: MaxSubgridSize = 2000, MinSubgridEdge = 4, ncells = 5048
RebuildHierarchy[5]: Flagged 0/13 grids. 0 flagged cells
Level[5]: dt = 0.00174185  0.00174185 (0.00348406/0.0037658)
RebuildHierarchy: level = 5
TransferSubgridParticles[5]: Moved 0 particles, 0 stars, 0 active particles.
DetermineSGSize: MaxSubgridSize = 2000, MinSubgridEdge = 4, ncells = 5048
RebuildHierarchy[5]: Flagged 0/13 grids. 0 flagged cells
Level[5]: dt = 0.000281745  0.00174181 (0.0037658/0.0037658)
EvolveLevel[5]: NumberOfSubCycles = 3 (332 total, 3 sub)
RebuildHierarchy: level = 4
TransferSubgridParticles[4]: Moved 0 particles, 0 stars, 0 active particles.
DetermineSGSize: MaxSubgridSize = 2000, MinSubgridEdge = 4, ncells = 5048
RebuildHierarchy[4]: Flagged 13/27 grids. 561 flagged cells
LoadBalance: Number of grids moved = 13 out of 13 (0.000690822 seconds elapsed)
DetermineSGSize: MaxSubgridSize = 2000, MinSubgridEdge = 4, ncells = 5048
RebuildHierarchy[5]: Flagged 0/13 grids. 0 flagged cells
Level[4]: dt = 0.00383203  0.00377095 (0.00759783/0.00759783)
Level[5]: dt = 0.00174181  0.00174181 (0.00174181/0.00383203)
RebuildHierarchy: level = 5
TransferSubgridParticles[5]: Moved 0 particles, 0 stars, 0 active particles.
DetermineSGSize: MaxSubgridSize = 2000, MinSubgridEdge = 4, ncells = 4920
RebuildHierarchy[5]: Flagged 0/13 grids. 0 flagged cells
Level[5]: dt = 0.0017417  0.0017417 (0.00348351/0.00383203)
RebuildHierarchy: level = 5
TransferSubgridParticles[5]: Moved 0 particles, 0 stars, 0 active particles.
DetermineSGSize: MaxSubgridSize = 2000, MinSubgridEdge = 4, ncells = 4920
RebuildHierarchy[5]: Flagged 0/13 grids. 0 flagged cells
Level[5]: dt = 0.000348521  0.00174185 (0.00383203/0.00383203)
EvolveLevel[5]: NumberOfSubCycles = 3 (335 total, 3 sub)
EvolveLevel[4]: NumberOfSubCycles = 2 (137 total, 2 sub)
EvolveLevel[3]: NumberOfSubCycles = 2 (56 total, 2 sub)
EvolveLevel[2]: NumberOfSubCycles = 2 (26 total, 2 sub)
RebuildHierarchy: level = 1
TransferSubgridParticles[1]: Moved 46734 particles, 0 stars, 0 active particles.
DetermineSGSize: MaxSubgridSize = 2000, MinSubgridEdge = 4, ncells = 290392
RebuildHierarchy[1]: Flagged 298/4454 grids. 22025 flagged cells
LoadBalance: Number of grids moved = 363 out of 365 (0.000159901 seconds elapsed)
DetermineSGSize: MaxSubgridSize = 2000, MinSubgridEdge = 4, ncells = 48128
RebuildHierarchy[2]: Flagged 68/365 grids. 3875 flagged cells
LoadBalance: Number of grids moved = 72 out of 72 (0.000927497 seconds elapsed)
DetermineSGSize: MaxSubgridSize = 2000, MinSubgridEdge = 4, ncells = 9688
RebuildHierarchy[3]: Flagged 26/72 grids. 1116 flagged cells
LoadBalance: Number of grids moved = 26 out of 27 (2.62186e-05 seconds elapsed)
DetermineSGSize: MaxSubgridSize = 2000, MinSubgridEdge = 4, ncells = 4920
RebuildHierarchy[4]: Flagged 13/27 grids. 570 flagged cells
LoadBalance: Number of grids moved = 13 out of 13 (0.000909671 seconds elapsed)
DetermineSGSize: MaxSubgridSize = 2000, MinSubgridEdge = 4, ncells = 4920
RebuildHierarchy[5]: Flagged 0/13 grids. 0 flagged cells
Level[1]: dt = 0.0311173  0.0321063 (0.0632158/0.0632158)
Level[2]: dt = 0.0164839  0.0164839 (0.0164839/0.0311173)
Level[3]: dt = 0.00805511  0.00805511 (0.00805511/0.0164839)
Level[4]: dt = 0.00377769  0.00377769 (0.00377769/0.00805511)
Level[5]: dt = 0.00174187  0.00174187 (0.00174187/0.00377769)
RebuildHierarchy: level = 5
TransferSubgridParticles[5]: Moved 1 particles, 0 stars, 0 active particles.
DetermineSGSize: MaxSubgridSize = 2000, MinSubgridEdge = 4, ncells = 5048
RebuildHierarchy[5]: Flagged 0/13 grids. 0 flagged cells
Level[5]: dt = 0.00174191  0.00174191 (0.00348378/0.00377769)
RebuildHierarchy: level = 5
TransferSubgridParticles[5]: Moved 0 particles, 0 stars, 0 active particles.
DetermineSGSize: MaxSubgridSize = 2000, MinSubgridEdge = 4, ncells = 5048
RebuildHierarchy[5]: Flagged 0/13 grids. 0 flagged cells
Level[5]: dt = 0.000293911  0.00174221 (0.00377769/0.00377769)
EvolveLevel[5]: NumberOfSubCycles = 3 (338 total, 3 sub)
RebuildHierarchy: level = 4
TransferSubgridParticles[4]: Moved 0 particles, 0 stars, 0 active particles.
DetermineSGSize: MaxSubgridSize = 2000, MinSubgridEdge = 4, ncells = 5048
RebuildHierarchy[4]: Flagged 13/27 grids. 576 flagged cells
LoadBalance: Number of grids moved = 13 out of 13 (0.000806067 seconds elapsed)
DetermineSGSize: MaxSubgridSize = 2000, MinSubgridEdge = 4, ncells = 5048
RebuildHierarchy[5]: Flagged 0/13 grids. 0 flagged cells
Level[4]: dt = 0.00378636  0.00378636 (0.00756405/0.00805511)
Level[5]: dt = 0.00174225  0.00174225 (0.00174225/0.00378636)
RebuildHierarchy: level = 5
TransferSubgridParticles[5]: Moved 0 particles, 0 stars, 0 active particles.
DetermineSGSize: MaxSubgridSize = 2000, MinSubgridEdge = 4, ncells = 5048
RebuildHierarchy[5]: Flagged 0/13 grids. 0 flagged cells
Level[5]: dt = 0.00174243  0.00174243 (0.00348468/0.00378636)
RebuildHierarchy: level = 5
TransferSubgridParticles[5]: Moved 0 particles, 0 stars, 0 active particles.
DetermineSGSize: MaxSubgridSize = 2000, MinSubgridEdge = 4, ncells = 5048
RebuildHierarchy[5]: Flagged 0/13 grids. 0 flagged cells
Level[5]: dt = 0.000301683  0.00174287 (0.00378636/0.00378636)
EvolveLevel[5]: NumberOfSubCycles = 3 (341 total, 3 sub)
Level[4]: dt = 0.000491062  0.00379691 (0.00805511/0.00805511)
Level[5]: dt = 0.000491062  0.00174294 (0.000491062/0.000491062)
EvolveLevel[5]: NumberOfSubCycles = 1 (342 total, 1 sub)
EvolveLevel[4]: NumberOfSubCycles = 3 (140 total, 3 sub)
RebuildHierarchy: level = 3
TransferSubgridParticles[3]: Moved 8 particles, 0 stars, 0 active particles.
DetermineSGSize: MaxSubgridSize = 2000, MinSubgridEdge = 4, ncells = 9856
RebuildHierarchy[3]: Flagged 26/72 grids. 1125 flagged cells
LoadBalance: Number of grids moved = 26 out of 27 (2.55406e-05 seconds elapsed)
DetermineSGSize: MaxSubgridSize = 2000, MinSubgridEdge = 4, ncells = 5048
RebuildHierarchy[4]: Flagged 14/27 grids. 603 flagged cells
LoadBalance: Number of grids moved = 14 out of 14 (0.00070278 seconds elapsed)
DetermineSGSize: MaxSubgridSize = 2000, MinSubgridEdge = 4, ncells = 5048
RebuildHierarchy[5]: Flagged 0/14 grids. 0 flagged cells
Level[3]: dt = 0.00842875  0.00804255 (0.0164839/0.0164839)
Level[4]: dt = 0.00379834  0.00379834 (0.00379834/0.00842875)
Level[5]: dt = 0.00174304  0.00174304 (0.00174304/0.00379834)
RebuildHierarchy: level = 5
TransferSubgridParticles[5]: Moved 0 particles, 0 stars, 0 active particles.
DetermineSGSize: MaxSubgridSize = 2000, MinSubgridEdge = 4, ncells = 5264
RebuildHierarchy[5]: Flagged 0/14 grids. 0 flagged cells
Level[5]: dt = 0.00174354  0.00174354 (0.00348658/0.00379834)
RebuildHierarchy: level = 5
TransferSubgridParticles[5]: Moved 0 particles, 0 stars, 0 active particles.
DetermineSGSize: MaxSubgridSize = 2000, MinSubgridEdge = 4, ncells = 5264
RebuildHierarchy[5]: Flagged 0/14 grids. 0 flagged cells
Level[5]: dt = 0.000311755  0.00174398 (0.00379834/0.00379834)
EvolveLevel[5]: NumberOfSubCycles = 3 (345 total, 3 sub)
RebuildHierarchy: level = 4
TransferSubgridParticles[4]: Moved 0 particles, 0 stars, 0 active particles.
DetermineSGSize: MaxSubgridSize = 2000, MinSubgridEdge = 4, ncells = 5264
RebuildHierarchy[4]: Flagged 15/27 grids. 639 flagged cells
LoadBalance: Number of grids moved = 14 out of 15 (2.19904e-05 seconds elapsed)
DetermineSGSize: MaxSubgridSize = 2000, MinSubgridEdge = 4, ncells = 5264
RebuildHierarchy[5]: Flagged 0/15 grids. 0 flagged cells
Level[4]: dt = 0.00381043  0.00381043 (0.00760877/0.00842875)
Level[5]: dt = 0.00174406  0.00174406 (0.00174406/0.00381043)
RebuildHierarchy: level = 5
TransferSubgridParticles[5]: Moved 0 particles, 0 stars, 0 active particles.
DetermineSGSize: MaxSubgridSize = 2000, MinSubgridEdge = 4, ncells = 5552
RebuildHierarchy[5]: Flagged 0/15 grids. 0 flagged cells
Level[5]: dt = 0.00174467  0.00174467 (0.00348873/0.00381043)
RebuildHierarchy: level = 5
TransferSubgridParticles[5]: Moved 0 particles, 0 stars, 0 active particles.
DetermineSGSize: MaxSubgridSize = 2000, MinSubgridEdge = 4, ncells = 5552
RebuildHierarchy[5]: Flagged 0/15 grids. 0 flagged cells
Level[5]: dt = 0.000321706  0.00174525 (0.00381043/0.00381043)
EvolveLevel[5]: NumberOfSubCycles = 3 (348 total, 3 sub)
Level[4]: dt = 0.00081998  0.00382423 (0.00842875/0.00842875)
Level[5]: dt = 0.00081998  0.00174537 (0.00081998/0.00081998)
EvolveLevel[5]: NumberOfSubCycles = 1 (349 total, 1 sub)
EvolveLevel[4]: NumberOfSubCycles = 3 (143 total, 3 sub)
EvolveLevel[3]: NumberOfSubCycles = 2 (58 total, 2 sub)
RebuildHierarchy: level = 2
TransferSubgridParticles[2]: Moved 65 particles, 0 stars, 0 active particles.
DetermineSGSize: MaxSubgridSize = 2000, MinSubgridEdge = 4, ncells = 47992
RebuildHierarchy[2]: Flagged 68/365 grids. 3933 flagged cells
LoadBalance: Number of grids moved = 72 out of 72 (0.000564687 seconds elapsed)
DetermineSGSize: MaxSubgridSize = 2000, MinSubgridEdge = 4, ncells = 9976
RebuildHierarchy[3]: Flagged 26/72 grids. 1087 flagged cells
LoadBalance: Number of grids moved = 26 out of 27 (2.56523e-05 seconds elapsed)
DetermineSGSize: MaxSubgridSize = 2000, MinSubgridEdge = 4, ncells = 5552
RebuildHierarchy[4]: Flagged 15/27 grids. 630 flagged cells
LoadBalance: Number of grids moved = 14 out of 15 (2.08355e-05 seconds elapsed)
DetermineSGSize: MaxSubgridSize = 2000, MinSubgridEdge = 4, ncells = 5552
RebuildHierarchy[5]: Flagged 0/15 grids. 0 flagged cells
Level[2]: dt = 0.0146335  0.0164901 (0.0311173/0.0311173)
Level[3]: dt = 0.00802455  0.00802455 (0.00802455/0.0146335)
Level[4]: dt = 0.00382735  0.00382735 (0.00382735/0.00802455)
Level[5]: dt = 0.00174491  0.00174491 (0.00174491/0.00382735)
RebuildHierarchy: level = 5
TransferSubgridParticles[5]: Moved 0 particles, 0 stars, 0 active particles.
DetermineSGSize: MaxSubgridSize = 2000, MinSubgridEdge = 4, ncells = 5480
RebuildHierarchy[5]: Flagged 0/15 grids. 0 flagged cells
Level[5]: dt = 0.0017445  0.0017445 (0.0034894/0.00382735)
RebuildHierarchy: level = 5
TransferSubgridParticles[5]: Moved 0 particles, 0 stars, 0 active particles.
DetermineSGSize: MaxSubgridSize = 2000, MinSubgridEdge = 4, ncells = 5480
RebuildHierarchy[5]: Flagged 0/15 grids. 0 flagged cells
Level[5]: dt = 0.00033795  0.00174482 (0.00382735/0.00382735)
EvolveLevel[5]: NumberOfSubCycles = 3 (352 total, 3 sub)
RebuildHierarchy: level = 4
TransferSubgridParticles[4]: Moved 1 particles, 0 stars, 0 active particles.
DetermineSGSize: MaxSubgridSize = 2000, MinSubgridEdge = 4, ncells = 5480
RebuildHierarchy[4]: Flagged 15/27 grids. 621 flagged cells
LoadBalance: Number of grids moved = 14 out of 15 (2.167e-05 seconds elapsed)
DetermineSGSize: MaxSubgridSize = 2000, MinSubgridEdge = 4, ncells = 5480
RebuildHierarchy[5]: Flagged 0/15 grids. 0 flagged cells
Level[4]: dt = 0.00383036  0.00383036 (0.00765771/0.00802455)
Level[5]: dt = 0.00174492  0.00174492 (0.00174492/0.00383036)
RebuildHierarchy: level = 5
TransferSubgridParticles[5]: Moved 0 particles, 0 stars, 0 active particles.
DetermineSGSize: MaxSubgridSize = 2000, MinSubgridEdge = 4, ncells = 5408
RebuildHierarchy[5]: Flagged 0/15 grids. 0 flagged cells
Level[5]: dt = 0.00174584  0.00174584 (0.00349076/0.00383036)
RebuildHierarchy: level = 5
TransferSubgridParticles[5]: Moved 0 particles, 0 stars, 0 active particles.
DetermineSGSize: MaxSubgridSize = 2000, MinSubgridEdge = 4, ncells = 5408
RebuildHierarchy[5]: Flagged 0/15 grids. 0 flagged cells
Level[5]: dt = 0.000339594  0.00174724 (0.00383036/0.00383036)
EvolveLevel[5]: NumberOfSubCycles = 3 (355 total, 3 sub)
Level[4]: dt = 0.00036684  0.0038206 (0.00802455/0.00802455)
Level[5]: dt = 0.00036684  0.00174752 (0.00036684/0.00036684)
EvolveLevel[5]: NumberOfSubCycles = 1 (356 total, 1 sub)
EvolveLevel[4]: NumberOfSubCycles = 3 (146 total, 3 sub)
RebuildHierarchy: level = 3
TransferSubgridParticles[3]: Moved 3 particles, 0 stars, 0 active particles.
DetermineSGSize: MaxSubgridSize = 2000, MinSubgridEdge = 4, ncells = 9552
RebuildHierarchy[3]: Flagged 26/72 grids. 1066 flagged cells
LoadBalance: Number of grids moved = 26 out of 27 (2.63602e-05 seconds elapsed)
DetermineSGSize: MaxSubgridSize = 2000, MinSubgridEdge = 4, ncells = 5408
RebuildHierarchy[4]: Flagged 15/27 grids. 630 flagged cells
LoadBalance: Number of grids moved = 14 out of 15 (2.14279e-05 seconds elapsed)
DetermineSGSize: MaxSubgridSize = 2000, MinSubgridEdge = 4, ncells = 5408
RebuildHierarchy[5]: Flagged 0/15 grids. 0 flagged cells
Level[3]: dt = 0.00660894  0.00801072 (0.0146335/0.0146335)
Level[4]: dt = 0.00381969  0.00381969 (0.00381969/0.00660894)
Level[5]: dt = 0.00174785  0.00174785 (0.00174785/0.00381969)
RebuildHierarchy: level = 5
TransferSubgridParticles[5]: Moved 0 particles, 0 stars, 0 active particles.
DetermineSGSize: MaxSubgridSize = 2000, MinSubgridEdge = 4, ncells = 5480
RebuildHierarchy[5]: Flagged 0/15 grids. 0 flagged cells
Level[5]: dt = 0.00174986  0.00174986 (0.00349771/0.00381969)
RebuildHierarchy: level = 5
TransferSubgridParticles[5]: Moved 0 particles, 0 stars, 0 active particles.
DetermineSGSize: MaxSubgridSize = 2000, MinSubgridEdge = 4, ncells = 5480
RebuildHierarchy[5]: Flagged 0/15 grids. 0 flagged cells
Level[5]: dt = 0.000321979  0.00175188 (0.00381969/0.00381969)
EvolveLevel[5]: NumberOfSubCycles = 3 (359 total, 3 sub)
RebuildHierarchy: level = 4
TransferSubgridParticles[4]: Moved 0 particles, 0 stars, 0 active particles.
DetermineSGSize: MaxSubgridSize = 2000, MinSubgridEdge = 4, ncells = 5480
RebuildHierarchy[4]: Flagged 15/27 grids. 633 flagged cells
LoadBalance: Number of grids moved = 14 out of 15 (2.11895e-05 seconds elapsed)
DetermineSGSize: MaxSubgridSize = 2000, MinSubgridEdge = 4, ncells = 5480
RebuildHierarchy[5]: Flagged 0/15 grids. 0 flagged cells
Level[4]: dt = 0.00278925  0.00381112 (0.00660894/0.00660894)
Level[5]: dt = 0.00175211  0.00175211 (0.00175211/0.00278925)
RebuildHierarchy: level = 5
TransferSubgridParticles[5]: Moved 0 particles, 0 stars, 0 active particles.
DetermineSGSize: MaxSubgridSize = 2000, MinSubgridEdge = 4, ncells = 5480
RebuildHierarchy[5]: Flagged 0/15 grids. 0 flagged cells
Level[5]: dt = 0.00103714  0.00175338 (0.00278925/0.00278925)
EvolveLevel[5]: NumberOfSubCycles = 2 (361 total, 2 sub)
EvolveLevel[4]: NumberOfSubCycles = 2 (148 total, 2 sub)
EvolveLevel[3]: NumberOfSubCycles = 2 (60 total, 2 sub)
EvolveLevel[2]: NumberOfSubCycles = 2 (28 total, 2 sub)
EvolveLevel[1]: NumberOfSubCycles = 2 (14 total, 2 sub)
EvolveLevel[0]: NumberOfSubCycles = 1 (7 total, 7 sub)
CPUTime-output: Frac = 0.999990, Current = 444.142 (444.142), Stop = 2592000.000000, Last = 26.02
[YT_INFO   ] Setting YT parameters ...
[YT_INFO   ] Setting YT parameters ... done.
[YT_INFO   ] Getting pointer to particle list information ...
[YT_INFO   ] Getting pointer to particle list information  ... done.
[YT_INFO   ] Getting pointer to field list information ...
[YT_INFO   ] Getting pointer to field list information  ... done.
[YT_INFO   ] Getting pointer to local grids information ...
[YT_INFO   ] Getting pointer to local grids information  ... done.
[YT_INFO   ] Loading full hierarchy and local data to libyt ...
[YT_INFO   ] Loading full hierarchy and local data ... done.
[YT_INFO   ] Performing YT inline analysis yt_inline_func() ...
=== Done ===
