=== libyt environment ready ===
  python:    /work2/11056/zwu/frontera/miniconda3/envs/libyt/bin/python
  numpy can find libstdc++ with GLIBCXX_3.4.29:
2
  ✓ found GLIBCXX_3.4.29 in conda libstdc++
  LIBYT_HOME: /work2/11056/zwu/frontera/enzo_gh/libyt_dev/libyt/install
================================
=== Running libyt STARNET ===
/work2/11056/zwu/frontera/miniconda3/envs/libyt/bin/python
/opt/intel/compilers_and_libraries_2020.4.304/linux/mpi/intel64/bin/mpirun
Restarting from z_0012/
TACC:  Starting up job 7834876 
TACC:  Starting parallel tasks... 
bash initiated
Environmental variables loaded
Aliases loaded
bash initiated
Environmental variables loaded
Aliases loaded
bash initiated
Environmental variables loaded
Aliases loaded
bash initiated
Environmental variables loaded
Aliases loaded
bash initiated
Environmental variables loaded
Aliases loaded
bash initiated
Environmental variables loaded
Aliases loaded
bash initiated
Environmental variables loaded
Aliases loaded
bash initiated
Environmental variables loaded
Aliases loaded
bash initiated
Environmental variables loaded
Aliases loaded
MPI_Init: NumberOfProcessors = 560
Reading parameter file z_0012/z_0012

The Grackle Version 3.4.2-dev
Git Branch   main
Git Revision ec36984d6d43a0ded2a9174211c11f86e0b61e99

Initializing grackle data.
Initializing UV background.
Reading UV background data from CloudyData_UVB=HM2012_shielded_Incatasciato2023_LWB.h5.
UV background information:
  Haardt & Madau (2012, ApJ, 746, 125) [Galaxies & Quasars]
  z_min =  0.000
  z_max = 30.000
Grackle run-time parameters:
use_grackle                       = 1
with_radiative_cooling            = 1
primordial_chemistry              = 2
dust_chemistry                    = 0
metal_cooling                     = 3
UVbackground                      = 1
grackle_data_file                 = CloudyData_UVB=HM2012_shielded_Incatasciato2023_LWB.h5
cmb_temperature_floor             = 1
Gamma                             = 1.6667
h2_on_dust                        = 0
use_dust_density_field            = 0
dust_recombination_cooling        = -1
photoelectric_heating             = 0
photoelectric_heating_rate        = 8.5e-26
use_isrf_field                    = 0
interstellar_radiation_field      = 1.7
use_volumetric_heating_rate       = 0
use_specific_heating_rate         = 0
use_temperature_floor             = 0
temperature_floor_scalar          = 0
three_body_rate                   = 0
cie_cooling                       = 0
h2_optical_depth_approximation    = 0
ih2co                             = 1
ipiht                             = 1
HydrogenFractionByMass            = 0.73
DeuteriumToHydrogenRatio          = 6.8e-05
SolarMetalFractionByMass          = 0.01295
local_dust_to_gas_ratio           = 0.009387
CaseBRecombination                = 0
NumberOfTemperatureBins           = 600
TemperatureStart                  = 1
TemperatureEnd                    = 1e+09
NumberOfDustTemperatureBins       = 250
DustTemperatureStart              = 1
DustTemperatureEnd                = 1500
Compton_xray_heating              = 0
LWbackground_sawtooth_suppression = 0
LWbackground_intensity            = 0
UVbackground_redshift_on          = 30
UVbackground_redshift_off         = 0
UVbackground_redshift_fullon      = 7
UVbackground_redshift_drop        = 0
cloudy_electron_fraction_factor   = 0.00915396
use_radiative_transfer            = 0
radiative_transfer_coupled_rate_solver = 0
radiative_transfer_intermediate_step = 0
radiative_transfer_hydrogen_only  = 0
self_shielding_method             = 1
H2_self_shielding                 = 0
H2_custom_shielding               = 0
h2_charge_exchange_rate           = 1
h2_dust_rate                      = 1
h2_h_cooling_rate                 = 1
collisional_excitation_rates      = 1
collisional_ionisation_rates      = 1
recombination_cooling_rates       = 1
bremsstrahlung_cooling_rates      = 1
max_iterations                    = 10000
exit_after_iterations_exceeded    = 0
omp_nthreads                      = 0
OpenMP: off
WARNING! PartitionNestedGrids = 1 forces Parallel IO = 1
Initialdt in ReadParameterFile = 0.000000e+00
DetermineNumberOfNodes: 10 nodes, 56 cores per node
OPEN data hierarchy z_0012/z_0012.hierarchy
Initializing libyt interface
[YT_INFO   ] ******libyt version******
[YT_INFO   ]          0.5.0
[YT_INFO   ]   SERIAL_MODE: OFF
[YT_INFO   ]   INTERACTIVE_MODE: ON
[YT_INFO   ]   JUPYTER_KERNEL: OFF
[YT_INFO   ]   SUPPORT_TIMER: OFF
[YT_INFO   ] *************************
[YT_INFO   ] Initializing libyt ...
[YT_INFO   ]    verbose = 1
[YT_INFO   ]     script = inline
[YT_INFO   ]    counter = 0
[YT_INFO   ] check_data = false
[YT_INFO   ] Importing YT inline analysis script "inline" ... done
CPUTime-output: Frac = 1.000000, Current = 0.277653 (0), Stop = 2592000.000000, Last = 0
[YT_INFO   ] Setting YT parameters ...
[YT_INFO   ] Setting YT parameters ... done.
[YT_INFO   ] Getting pointer to particle list information ...
[YT_INFO   ] Getting pointer to particle list information  ... done.
[YT_INFO   ] Getting pointer to field list information ...
[YT_INFO   ] Getting pointer to field list information  ... done.
[YT_INFO   ] Getting pointer to local grids information ...
[YT_INFO   ] Getting pointer to local grids information  ... done.
[YT_INFO   ] Loading full hierarchy and local data to libyt ...
[YT_INFO   ] Loading full hierarchy and local data ... done.
[YT_INFO   ] Performing YT inline analysis yt_inline_func() ...
[YT_INFO   ] Performing YT inline analysis yt_inline_func() ... done.
RebuildHierarchy: level = 0
CommunicationTransferParticles: moved = 137077
CommunicationTransferStars: moved = 0
CommunicationTransferActiveParticles: moved = 0
DetermineSGSize: MaxSubgridSize = 2000, MinSubgridEdge = 4, ncells = 5054128
RebuildHierarchy[0]: Flagged 559/1120 grids. 330541 flagged cells
LoadBalance: Number of grids moved = 4045 out of 4103 (0.0189778 seconds elapsed)
DetermineSGSize: MaxSubgridSize = 2000, MinSubgridEdge = 4, ncells = 249880
RebuildHierarchy[1]: Flagged 261/4103 grids. 18316 flagged cells
LoadBalance: Number of grids moved = 310 out of 312 (0.00136432 seconds elapsed)
DetermineSGSize: MaxSubgridSize = 2000, MinSubgridEdge = 4, ncells = 40664
RebuildHierarchy[2]: Flagged 61/312 grids. 3253 flagged cells
LoadBalance: Number of grids moved = 67 out of 67 (0.00162778 seconds elapsed)
DetermineSGSize: MaxSubgridSize = 2000, MinSubgridEdge = 4, ncells = 6200
RebuildHierarchy[3]: Flagged 20/67 grids. 702 flagged cells
LoadBalance: Number of grids moved = 19 out of 20 (2.36742e-05 seconds elapsed)
DetermineSGSize: MaxSubgridSize = 2000, MinSubgridEdge = 4, ncells = 3920
RebuildHierarchy[4]: Flagged 11/20 grids. 456 flagged cells
LoadBalance: Number of grids moved = 11 out of 11 (0.000756927 seconds elapsed)
DetermineSGSize: MaxSubgridSize = 2000, MinSubgridEdge = 4, ncells = 3920
RebuildHierarchy[5]: Flagged 0/11 grids. 0 flagged cells
grid:SetNumberOfColours: NEQ_HYDRO = 6, NSpecies = 9, NColor = 0
Level[0]: dt = 0.0628872  0.0628872 (0.0628872/0.0628872)
PrepareGreens: Start = 0 0 36  Dim = 32 52 38
PrepareGreens: Start = 0 0 0  Dim = 32 52 36
Level[1]: dt = 0.0315911  0.0315911 (0.0315911/0.0628872)
Level[2]: dt = 0.015474  0.015474 (0.015474/0.0315911)
Level[3]: dt = 0.00757613  0.00757613 (0.00757613/0.015474)
Level[4]: dt = 0.00356824  0.00356824 (0.00356824/0.00757613)
Level[5]: dt = 0.00174487  0.00174487 (0.00174487/0.00356824)
RebuildHierarchy: level = 5
TransferSubgridParticles[5]: Moved 0 particles, 0 stars, 0 active particles.
DetermineSGSize: MaxSubgridSize = 2000, MinSubgridEdge = 4, ncells = 3920
RebuildHierarchy[5]: Flagged 0/11 grids. 0 flagged cells
Level[5]: dt = 0.00182337  0.00174708 (0.00356824/0.00356824)
EvolveLevel[5]: NumberOfSubCycles = 2 (2 total, 2 sub)
RebuildHierarchy: level = 4
TransferSubgridParticles[4]: Moved 1 particles, 0 stars, 0 active particles.
DetermineSGSize: MaxSubgridSize = 2000, MinSubgridEdge = 4, ncells = 3920
RebuildHierarchy[4]: Flagged 11/20 grids. 465 flagged cells
LoadBalance: Number of grids moved = 11 out of 11 (0.000614464 seconds elapsed)
DetermineSGSize: MaxSubgridSize = 2000, MinSubgridEdge = 4, ncells = 3920
RebuildHierarchy[5]: Flagged 0/11 grids. 0 flagged cells
Level[4]: dt = 0.00356652  0.00356652 (0.00713477/0.00757613)
Level[5]: dt = 0.00174777  0.00174777 (0.00174777/0.00356652)
RebuildHierarchy: level = 5
TransferSubgridParticles[5]: Moved 0 particles, 0 stars, 0 active particles.
DetermineSGSize: MaxSubgridSize = 2000, MinSubgridEdge = 4, ncells = 4016
RebuildHierarchy[5]: Flagged 0/11 grids. 0 flagged cells
Level[5]: dt = 0.00181876  0.00174838 (0.00356652/0.00356652)
EvolveLevel[5]: NumberOfSubCycles = 2 (4 total, 2 sub)
Level[4]: dt = 0.000441365  0.00356577 (0.00757613/0.00757613)
Level[5]: dt = 0.000441365  0.0017486 (0.000441365/0.000441365)
EvolveLevel[5]: NumberOfSubCycles = 1 (5 total, 1 sub)
EvolveLevel[4]: NumberOfSubCycles = 3 (3 total, 3 sub)
RebuildHierarchy: level = 3
TransferSubgridParticles[3]: Moved 234 particles, 0 stars, 0 active particles.
DetermineSGSize: MaxSubgridSize = 2000, MinSubgridEdge = 4, ncells = 5984
RebuildHierarchy[3]: Flagged 20/67 grids. 705 flagged cells
LoadBalance: Number of grids moved = 19 out of 20 (2.22586e-05 seconds elapsed)
DetermineSGSize: MaxSubgridSize = 2000, MinSubgridEdge = 4, ncells = 4016
RebuildHierarchy[4]: Flagged 11/20 grids. 465 flagged cells
LoadBalance: Number of grids moved = 11 out of 11 (0.000599772 seconds elapsed)
DetermineSGSize: MaxSubgridSize = 2000, MinSubgridEdge = 4, ncells = 4016
RebuildHierarchy[5]: Flagged 0/11 grids. 0 flagged cells
Level[3]: dt = 0.00789783  0.00758388 (0.015474/0.015474)
Level[4]: dt = 0.00356573  0.00356573 (0.00356573/0.00789783)
Level[5]: dt = 0.00174869  0.00174869 (0.00174869/0.00356573)
RebuildHierarchy: level = 5
TransferSubgridParticles[5]: Moved 0 particles, 0 stars, 0 active particles.
DetermineSGSize: MaxSubgridSize = 2000, MinSubgridEdge = 4, ncells = 4016
RebuildHierarchy[5]: Flagged 0/11 grids. 0 flagged cells
Level[5]: dt = 0.00181704  0.00174914 (0.00356573/0.00356573)
EvolveLevel[5]: NumberOfSubCycles = 2 (7 total, 2 sub)
RebuildHierarchy: level = 4
TransferSubgridParticles[4]: Moved 0 particles, 0 stars, 0 active particles.
DetermineSGSize: MaxSubgridSize = 2000, MinSubgridEdge = 4, ncells = 4016
RebuildHierarchy[4]: Flagged 11/20 grids. 465 flagged cells
LoadBalance: Number of grids moved = 11 out of 11 (0.000668716 seconds elapsed)
DetermineSGSize: MaxSubgridSize = 2000, MinSubgridEdge = 4, ncells = 4016
RebuildHierarchy[5]: Flagged 0/11 grids. 0 flagged cells
Level[4]: dt = 0.00356628  0.00356628 (0.00713201/0.00789783)
Level[5]: dt = 0.00174918  0.00174918 (0.00174918/0.00356628)
RebuildHierarchy: level = 5
TransferSubgridParticles[5]: Moved 0 particles, 0 stars, 0 active particles.
DetermineSGSize: MaxSubgridSize = 2000, MinSubgridEdge = 4, ncells = 4016
RebuildHierarchy[5]: Flagged 0/11 grids. 0 flagged cells
Level[5]: dt = 0.00181711  0.00174937 (0.00356628/0.00356628)
EvolveLevel[5]: NumberOfSubCycles = 2 (9 total, 2 sub)
Level[4]: dt = 0.000765818  0.0035676 (0.00789783/0.00789783)
Level[5]: dt = 0.000765818  0.00174964 (0.000765818/0.000765818)
EvolveLevel[5]: NumberOfSubCycles = 1 (10 total, 1 sub)
EvolveLevel[4]: NumberOfSubCycles = 3 (6 total, 3 sub)
EvolveLevel[3]: NumberOfSubCycles = 2 (2 total, 2 sub)
RebuildHierarchy: level = 2
TransferSubgridParticles[2]: Moved 1790 particles, 0 stars, 0 active particles.
DetermineSGSize: MaxSubgridSize = 2000, MinSubgridEdge = 4, ncells = 39648
RebuildHierarchy[2]: Flagged 63/312 grids. 3348 flagged cells
LoadBalance: Number of grids moved = 68 out of 68 (0.000612408 seconds elapsed)
DetermineSGSize: MaxSubgridSize = 2000, MinSubgridEdge = 4, ncells = 6080
RebuildHierarchy[3]: Flagged 21/68 grids. 735 flagged cells
LoadBalance: Number of grids moved = 20 out of 21 (2.29701e-05 seconds elapsed)
DetermineSGSize: MaxSubgridSize = 2000, MinSubgridEdge = 4, ncells = 4016
RebuildHierarchy[4]: Flagged 11/21 grids. 465 flagged cells
LoadBalance: Number of grids moved = 11 out of 11 (0.000720855 seconds elapsed)
DetermineSGSize: MaxSubgridSize = 2000, MinSubgridEdge = 4, ncells = 4016
RebuildHierarchy[5]: Flagged 0/11 grids. 0 flagged cells
Level[2]: dt = 0.0161171  0.0154998 (0.0315911/0.0315911)
Level[3]: dt = 0.00759109  0.00759109 (0.00759109/0.0161171)
Level[4]: dt = 0.00356796  0.00356796 (0.00356796/0.00759109)
Level[5]: dt = 0.00174967  0.00174967 (0.00174967/0.00356796)
RebuildHierarchy: level = 5
TransferSubgridParticles[5]: Moved 0 particles, 0 stars, 0 active particles.
DetermineSGSize: MaxSubgridSize = 2000, MinSubgridEdge = 4, ncells = 3968
RebuildHierarchy[5]: Flagged 0/11 grids. 0 flagged cells
Level[5]: dt = 0.00181829  0.00174976 (0.00356796/0.00356796)
EvolveLevel[5]: NumberOfSubCycles = 2 (12 total, 2 sub)
RebuildHierarchy: level = 4
TransferSubgridParticles[4]: Moved 1 particles, 0 stars, 0 active particles.
DetermineSGSize: MaxSubgridSize = 2000, MinSubgridEdge = 4, ncells = 3968
RebuildHierarchy[4]: Flagged 11/21 grids. 456 flagged cells
LoadBalance: Number of grids moved = 11 out of 11 (0.000691243 seconds elapsed)
DetermineSGSize: MaxSubgridSize = 2000, MinSubgridEdge = 4, ncells = 3968
RebuildHierarchy[5]: Flagged 0/11 grids. 0 flagged cells
Level[4]: dt = 0.0035699  0.0035699 (0.00713786/0.00759109)
Level[5]: dt = 0.00174992  0.00174992 (0.00174992/0.0035699)
RebuildHierarchy: level = 5
TransferSubgridParticles[5]: Moved 0 particles, 0 stars, 0 active particles.
DetermineSGSize: MaxSubgridSize = 2000, MinSubgridEdge = 4, ncells = 3872
RebuildHierarchy[5]: Flagged 0/11 grids. 0 flagged cells
Level[5]: dt = 0.00181999  0.00174984 (0.0035699/0.0035699)
EvolveLevel[5]: NumberOfSubCycles = 2 (14 total, 2 sub)
Level[4]: dt = 0.000453223  0.00357242 (0.00759109/0.00759109)
Level[5]: dt = 0.000453223  0.00174987 (0.000453223/0.000453223)
EvolveLevel[5]: NumberOfSubCycles = 1 (15 total, 1 sub)
EvolveLevel[4]: NumberOfSubCycles = 3 (9 total, 3 sub)
RebuildHierarchy: level = 3
TransferSubgridParticles[3]: Moved 6 particles, 0 stars, 0 active particles.
DetermineSGSize: MaxSubgridSize = 2000, MinSubgridEdge = 4, ncells = 6272
RebuildHierarchy[3]: Flagged 21/68 grids. 741 flagged cells
LoadBalance: Number of grids moved = 20 out of 21 (2.31452e-05 seconds elapsed)
DetermineSGSize: MaxSubgridSize = 2000, MinSubgridEdge = 4, ncells = 3872
RebuildHierarchy[4]: Flagged 11/21 grids. 447 flagged cells
LoadBalance: Number of grids moved = 11 out of 11 (0.00080663 seconds elapsed)
DetermineSGSize: MaxSubgridSize = 2000, MinSubgridEdge = 4, ncells = 3872
RebuildHierarchy[5]: Flagged 0/11 grids. 0 flagged cells
Level[3]: dt = 0.00759471  0.00759471 (0.0151858/0.0161171)
Level[4]: dt = 0.00357274  0.00357274 (0.00357274/0.00759471)
Level[5]: dt = 0.0017499  0.0017499 (0.0017499/0.00357274)
RebuildHierarchy: level = 5
TransferSubgridParticles[5]: Moved 0 particles, 0 stars, 0 active particles.
DetermineSGSize: MaxSubgridSize = 2000, MinSubgridEdge = 4, ncells = 3776
RebuildHierarchy[5]: Flagged 0/11 grids. 0 flagged cells
Level[5]: dt = 0.00182284  0.00174351 (0.00357274/0.00357274)
EvolveLevel[5]: NumberOfSubCycles = 2 (17 total, 2 sub)
RebuildHierarchy: level = 4
TransferSubgridParticles[4]: Moved 0 particles, 0 stars, 0 active particles.
DetermineSGSize: MaxSubgridSize = 2000, MinSubgridEdge = 4, ncells = 3776
RebuildHierarchy[4]: Flagged 11/21 grids. 447 flagged cells
LoadBalance: Number of grids moved = 11 out of 11 (0.000492424 seconds elapsed)
DetermineSGSize: MaxSubgridSize = 2000, MinSubgridEdge = 4, ncells = 3776
RebuildHierarchy[5]: Flagged 0/11 grids. 0 flagged cells
Level[4]: dt = 0.00357546  0.00357546 (0.0071482/0.00759471)
Level[5]: dt = 0.00173512  0.00173512 (0.00173512/0.00357546)
RebuildHierarchy: level = 5
TransferSubgridParticles[5]: Moved 0 particles, 0 stars, 0 active particles.
DetermineSGSize: MaxSubgridSize = 2000, MinSubgridEdge = 4, ncells = 3776
RebuildHierarchy[5]: Flagged 0/11 grids. 0 flagged cells
Level[5]: dt = 0.0017327  0.0017327 (0.00346782/0.00357546)
RebuildHierarchy: level = 5
TransferSubgridParticles[5]: Moved 0 particles, 0 stars, 0 active particles.
DetermineSGSize: MaxSubgridSize = 2000, MinSubgridEdge = 4, ncells = 3776
RebuildHierarchy[5]: Flagged 0/11 grids. 0 flagged cells
Level[5]: dt = 0.000107641  0.00172445 (0.00357546/0.00357546)
EvolveLevel[5]: NumberOfSubCycles = 3 (20 total, 3 sub)
Level[4]: dt = 0.000446503  0.00357833 (0.00759471/0.00759471)
Level[5]: dt = 0.000446503  0.00172404 (0.000446503/0.000446503)
EvolveLevel[5]: NumberOfSubCycles = 1 (21 total, 1 sub)
EvolveLevel[4]: NumberOfSubCycles = 3 (12 total, 3 sub)
Level[3]: dt = 0.00093131  0.00759621 (0.0161171/0.0161171)
Level[4]: dt = 0.00093131  0.0035787 (0.00093131/0.00093131)
Level[5]: dt = 0.00093131  0.00172347 (0.00093131/0.00093131)
EvolveLevel[5]: NumberOfSubCycles = 1 (22 total, 1 sub)
EvolveLevel[4]: NumberOfSubCycles = 1 (13 total, 1 sub)
EvolveLevel[3]: NumberOfSubCycles = 3 (5 total, 3 sub)
EvolveLevel[2]: NumberOfSubCycles = 2 (2 total, 2 sub)
RebuildHierarchy: level = 1
TransferSubgridParticles[1]: Moved 42259 particles, 0 stars, 0 active particles.
DetermineSGSize: MaxSubgridSize = 2000, MinSubgridEdge = 4, ncells = 248664
RebuildHierarchy[1]: Flagged 263/4103 grids. 18723 flagged cells
LoadBalance: Number of grids moved = 313 out of 315 (0.00135866 seconds elapsed)
DetermineSGSize: MaxSubgridSize = 2000, MinSubgridEdge = 4, ncells = 41360
RebuildHierarchy[2]: Flagged 62/315 grids. 3421 flagged cells
LoadBalance: Number of grids moved = 68 out of 68 (0.000754006 seconds elapsed)
DetermineSGSize: MaxSubgridSize = 2000, MinSubgridEdge = 4, ncells = 6400
RebuildHierarchy[3]: Flagged 21/68 grids. 750 flagged cells
LoadBalance: Number of grids moved = 20 out of 21 (2.29999e-05 seconds elapsed)
DetermineSGSize: MaxSubgridSize = 2000, MinSubgridEdge = 4, ncells = 3776
RebuildHierarchy[4]: Flagged 11/21 grids. 450 flagged cells
LoadBalance: Number of grids moved = 11 out of 11 (0.00052635 seconds elapsed)
DetermineSGSize: MaxSubgridSize = 2000, MinSubgridEdge = 4, ncells = 3776
RebuildHierarchy[5]: Flagged 0/11 grids. 0 flagged cells
Level[1]: dt = 0.0312961  0.0316182 (0.0628872/0.0628872)
Level[2]: dt = 0.0155205  0.0155205 (0.0155205/0.0312961)
Level[3]: dt = 0.00759645  0.00759645 (0.00759645/0.0155205)
Level[4]: dt = 0.00357947  0.00357947 (0.00357947/0.00759645)
Level[5]: dt = 0.00171944  0.00171944 (0.00171944/0.00357947)
RebuildHierarchy: level = 5
TransferSubgridParticles[5]: Moved 0 particles, 0 stars, 0 active particles.
DetermineSGSize: MaxSubgridSize = 2000, MinSubgridEdge = 4, ncells = 3776
RebuildHierarchy[5]: Flagged 0/11 grids. 0 flagged cells
Level[5]: dt = 0.00171325  0.00171325 (0.00343269/0.00357947)
RebuildHierarchy: level = 5
TransferSubgridParticles[5]: Moved 0 particles, 0 stars, 0 active particles.
DetermineSGSize: MaxSubgridSize = 2000, MinSubgridEdge = 4, ncells = 3776
RebuildHierarchy[5]: Flagged 0/11 grids. 0 flagged cells
Level[5]: dt = 0.000146774  0.00171148 (0.00357947/0.00357947)
EvolveLevel[5]: NumberOfSubCycles = 3 (25 total, 3 sub)
RebuildHierarchy: level = 4
TransferSubgridParticles[4]: Moved 0 particles, 0 stars, 0 active particles.
DetermineSGSize: MaxSubgridSize = 2000, MinSubgridEdge = 4, ncells = 3776
RebuildHierarchy[4]: Flagged 11/21 grids. 450 flagged cells
LoadBalance: Number of grids moved = 11 out of 11 (0.00050303 seconds elapsed)
DetermineSGSize: MaxSubgridSize = 2000, MinSubgridEdge = 4, ncells = 3776
RebuildHierarchy[5]: Flagged 0/11 grids. 0 flagged cells
Level[4]: dt = 0.00358279  0.00358279 (0.00716226/0.00759645)
Level[5]: dt = 0.00171091  0.00171091 (0.00171091/0.00358279)
RebuildHierarchy: level = 5
TransferSubgridParticles[5]: Moved 0 particles, 0 stars, 0 active particles.
DetermineSGSize: MaxSubgridSize = 2000, MinSubgridEdge = 4, ncells = 3832
RebuildHierarchy[5]: Flagged 0/11 grids. 0 flagged cells
Level[5]: dt = 0.00170513  0.00170513 (0.00341604/0.00358279)
RebuildHierarchy: level = 5
TransferSubgridParticles[5]: Moved 0 particles, 0 stars, 0 active particles.
DetermineSGSize: MaxSubgridSize = 2000, MinSubgridEdge = 4, ncells = 3832
RebuildHierarchy[5]: Flagged 0/11 grids. 0 flagged cells
Level[5]: dt = 0.000166747  0.00170328 (0.00358279/0.00358279)
EvolveLevel[5]: NumberOfSubCycles = 3 (28 total, 3 sub)
Level[4]: dt = 0.000434196  0.00358666 (0.00759645/0.00759645)
Level[5]: dt = 0.000434196  0.00170267 (0.000434196/0.000434196)
EvolveLevel[5]: NumberOfSubCycles = 1 (29 total, 1 sub)
EvolveLevel[4]: NumberOfSubCycles = 3 (16 total, 3 sub)
RebuildHierarchy: level = 3
TransferSubgridParticles[3]: Moved 1 particles, 0 stars, 0 active particles.
DetermineSGSize: MaxSubgridSize = 2000, MinSubgridEdge = 4, ncells = 6496
RebuildHierarchy[3]: Flagged 21/68 grids. 769 flagged cells
LoadBalance: Number of grids moved = 20 out of 21 (2.43261e-05 seconds elapsed)
DetermineSGSize: MaxSubgridSize = 2000, MinSubgridEdge = 4, ncells = 3832
RebuildHierarchy[4]: Flagged 11/21 grids. 450 flagged cells
LoadBalance: Number of grids moved = 11 out of 11 (0.00069911 seconds elapsed)
DetermineSGSize: MaxSubgridSize = 2000, MinSubgridEdge = 4, ncells = 3832
RebuildHierarchy[5]: Flagged 0/11 grids. 0 flagged cells
Level[3]: dt = 0.00792402  0.00759848 (0.0155205/0.0155205)
Level[4]: dt = 0.00358713  0.00358713 (0.00358713/0.00792402)
Level[5]: dt = 0.00170128  0.00170128 (0.00170128/0.00358713)
RebuildHierarchy: level = 5
TransferSubgridParticles[5]: Moved 0 particles, 0 stars, 0 active particles.
DetermineSGSize: MaxSubgridSize = 2000, MinSubgridEdge = 4, ncells = 3832
RebuildHierarchy[5]: Flagged 0/11 grids. 0 flagged cells
Level[5]: dt = 0.00169925  0.00169925 (0.00340053/0.00358713)
RebuildHierarchy: level = 5
TransferSubgridParticles[5]: Moved 0 particles, 0 stars, 0 active particles.
DetermineSGSize: MaxSubgridSize = 2000, MinSubgridEdge = 4, ncells = 3832
RebuildHierarchy[5]: Flagged 0/11 grids. 0 flagged cells
Level[5]: dt = 0.000186597  0.00169309 (0.00358713/0.00358713)
EvolveLevel[5]: NumberOfSubCycles = 3 (32 total, 3 sub)
RebuildHierarchy: level = 4
TransferSubgridParticles[4]: Moved 0 particles, 0 stars, 0 active particles.
DetermineSGSize: MaxSubgridSize = 2000, MinSubgridEdge = 4, ncells = 3832
RebuildHierarchy[4]: Flagged 11/21 grids. 441 flagged cells
LoadBalance: Number of grids moved = 11 out of 11 (0.000525121 seconds elapsed)
DetermineSGSize: MaxSubgridSize = 2000, MinSubgridEdge = 4, ncells = 3832
RebuildHierarchy[5]: Flagged 0/11 grids. 0 flagged cells
Level[4]: dt = 0.0035913  0.0035913 (0.00717843/0.00792402)
Level[5]: dt = 0.00169255  0.00169255 (0.00169255/0.0035913)
RebuildHierarchy: level = 5
TransferSubgridParticles[5]: Moved 0 particles, 0 stars, 0 active particles.
DetermineSGSize: MaxSubgridSize = 2000, MinSubgridEdge = 4, ncells = 3704
RebuildHierarchy[5]: Flagged 0/11 grids. 0 flagged cells
Level[5]: dt = 0.00169068  0.00169068 (0.00338323/0.0035913)
RebuildHierarchy: level = 5
TransferSubgridParticles[5]: Moved 0 particles, 0 stars, 0 active particles.
DetermineSGSize: MaxSubgridSize = 2000, MinSubgridEdge = 4, ncells = 3704
RebuildHierarchy[5]: Flagged 0/11 grids. 0 flagged cells
Level[5]: dt = 0.000208066  0.00168499 (0.0035913/0.0035913)
EvolveLevel[5]: NumberOfSubCycles = 3 (35 total, 3 sub)
Level[4]: dt = 0.000745592  0.003596 (0.00792402/0.00792402)
Level[5]: dt = 0.000745592  0.00168432 (0.000745592/0.000745592)
EvolveLevel[5]: NumberOfSubCycles = 1 (36 total, 1 sub)
EvolveLevel[4]: NumberOfSubCycles = 3 (19 total, 3 sub)
EvolveLevel[3]: NumberOfSubCycles = 2 (7 total, 2 sub)
RebuildHierarchy: level = 2
TransferSubgridParticles[2]: Moved 43 particles, 0 stars, 0 active particles.
DetermineSGSize: MaxSubgridSize = 2000, MinSubgridEdge = 4, ncells = 41904
RebuildHierarchy[2]: Flagged 62/315 grids. 3428 flagged cells
LoadBalance: Number of grids moved = 68 out of 68 (0.000604291 seconds elapsed)
DetermineSGSize: MaxSubgridSize = 2000, MinSubgridEdge = 4, ncells = 6792
RebuildHierarchy[3]: Flagged 21/68 grids. 763 flagged cells
LoadBalance: Number of grids moved = 20 out of 21 (2.32719e-05 seconds elapsed)
DetermineSGSize: MaxSubgridSize = 2000, MinSubgridEdge = 4, ncells = 3704
RebuildHierarchy[4]: Flagged 11/21 grids. 441 flagged cells
LoadBalance: Number of grids moved = 11 out of 11 (0.000560142 seconds elapsed)
DetermineSGSize: MaxSubgridSize = 2000, MinSubgridEdge = 4, ncells = 3704
RebuildHierarchy[5]: Flagged 0/11 grids. 0 flagged cells
Level[2]: dt = 0.0157756  0.0155397 (0.0312961/0.0312961)
Level[3]: dt = 0.00759925  0.00759925 (0.00759925/0.0157756)
Level[4]: dt = 0.00359696  0.00359696 (0.00359696/0.00759925)
Level[5]: dt = 0.00168297  0.00168297 (0.00168297/0.00359696)
RebuildHierarchy: level = 5
TransferSubgridParticles[5]: Moved 0 particles, 0 stars, 0 active particles.
DetermineSGSize: MaxSubgridSize = 2000, MinSubgridEdge = 4, ncells = 3704
RebuildHierarchy[5]: Flagged 0/11 grids. 0 flagged cells
Level[5]: dt = 0.00167782  0.00167782 (0.00336078/0.00359696)
RebuildHierarchy: level = 5
TransferSubgridParticles[5]: Moved 0 particles, 0 stars, 0 active particles.
DetermineSGSize: MaxSubgridSize = 2000, MinSubgridEdge = 4, ncells = 3704
RebuildHierarchy[5]: Flagged 0/11 grids. 0 flagged cells
Level[5]: dt = 0.000236181  0.00167325 (0.00359696/0.00359696)
EvolveLevel[5]: NumberOfSubCycles = 3 (39 total, 3 sub)
RebuildHierarchy: level = 4
TransferSubgridParticles[4]: Moved 0 particles, 0 stars, 0 active particles.
DetermineSGSize: MaxSubgridSize = 2000, MinSubgridEdge = 4, ncells = 3704
RebuildHierarchy[4]: Flagged 11/21 grids. 459 flagged cells
LoadBalance: Number of grids moved = 11 out of 11 (0.00055765 seconds elapsed)
DetermineSGSize: MaxSubgridSize = 2000, MinSubgridEdge = 4, ncells = 3704
RebuildHierarchy[5]: Flagged 0/11 grids. 0 flagged cells
Level[4]: dt = 0.00360195  0.00360195 (0.00719891/0.00759925)
Level[5]: dt = 0.00167286  0.00167286 (0.00167286/0.00360195)
RebuildHierarchy: level = 5
TransferSubgridParticles[5]: Moved 0 particles, 0 stars, 0 active particles.
DetermineSGSize: MaxSubgridSize = 2000, MinSubgridEdge = 4, ncells = 3936
RebuildHierarchy[5]: Flagged 0/11 grids. 0 flagged cells
Level[5]: dt = 0.00166857  0.00166857 (0.00334143/0.00360195)
RebuildHierarchy: level = 5
TransferSubgridParticles[5]: Moved 0 particles, 0 stars, 0 active particles.
DetermineSGSize: MaxSubgridSize = 2000, MinSubgridEdge = 4, ncells = 3936
RebuildHierarchy[5]: Flagged 0/11 grids. 0 flagged cells
Level[5]: dt = 0.000260523  0.00166507 (0.00360195/0.00360195)
EvolveLevel[5]: NumberOfSubCycles = 3 (42 total, 3 sub)
Level[4]: dt = 0.000400333  0.0036073 (0.00759925/0.00759925)
Level[5]: dt = 0.000400333  0.0016648 (0.000400333/0.000400333)
EvolveLevel[5]: NumberOfSubCycles = 1 (43 total, 1 sub)
EvolveLevel[4]: NumberOfSubCycles = 3 (22 total, 3 sub)
RebuildHierarchy: level = 3
TransferSubgridParticles[3]: Moved 5 particles, 0 stars, 0 active particles.
DetermineSGSize: MaxSubgridSize = 2000, MinSubgridEdge = 4, ncells = 6696
RebuildHierarchy[3]: Flagged 21/68 grids. 763 flagged cells
LoadBalance: Number of grids moved = 20 out of 21 (2.45795e-05 seconds elapsed)
DetermineSGSize: MaxSubgridSize = 2000, MinSubgridEdge = 4, ncells = 3936
RebuildHierarchy[4]: Flagged 11/21 grids. 459 flagged cells
LoadBalance: Number of grids moved = 11 out of 11 (0.000637401 seconds elapsed)
DetermineSGSize: MaxSubgridSize = 2000, MinSubgridEdge = 4, ncells = 3936
RebuildHierarchy[5]: Flagged 0/11 grids. 0 flagged cells
Level[3]: dt = 0.00759944  0.00759944 (0.0151987/0.0157756)
Level[4]: dt = 0.00360788  0.00360788 (0.00360788/0.00759944)
Level[5]: dt = 0.00166405  0.00166405 (0.00166405/0.00360788)
RebuildHierarchy: level = 5
TransferSubgridParticles[5]: Moved 0 particles, 0 stars, 0 active particles.
DetermineSGSize: MaxSubgridSize = 2000, MinSubgridEdge = 4, ncells = 3936
RebuildHierarchy[5]: Flagged 0/11 grids. 0 flagged cells
Level[5]: dt = 0.00166149  0.00166149 (0.00332554/0.00360788)
RebuildHierarchy: level = 5
TransferSubgridParticles[5]: Moved 0 particles, 0 stars, 0 active particles.
DetermineSGSize: MaxSubgridSize = 2000, MinSubgridEdge = 4, ncells = 3936
RebuildHierarchy[5]: Flagged 0/11 grids. 0 flagged cells
Level[5]: dt = 0.000282336  0.00166109 (0.00360788/0.00360788)
EvolveLevel[5]: NumberOfSubCycles = 3 (46 total, 3 sub)
RebuildHierarchy: level = 4
TransferSubgridParticles[4]: Moved 2 particles, 0 stars, 0 active particles.
DetermineSGSize: MaxSubgridSize = 2000, MinSubgridEdge = 4, ncells = 3936
RebuildHierarchy[4]: Flagged 11/21 grids. 480 flagged cells
LoadBalance: Number of grids moved = 11 out of 11 (0.000560969 seconds elapsed)
DetermineSGSize: MaxSubgridSize = 2000, MinSubgridEdge = 4, ncells = 3936
RebuildHierarchy[5]: Flagged 0/11 grids. 0 flagged cells
Level[4]: dt = 0.00361331  0.00361331 (0.00722119/0.00759944)
Level[5]: dt = 0.00166112  0.00166112 (0.00166112/0.00361331)
RebuildHierarchy: level = 5
TransferSubgridParticles[5]: Moved 0 particles, 0 stars, 0 active particles.
DetermineSGSize: MaxSubgridSize = 2000, MinSubgridEdge = 4, ncells = 4160
RebuildHierarchy[5]: Flagged 0/11 grids. 0 flagged cells
Level[5]: dt = 0.00165956  0.00165956 (0.00332068/0.00361331)
RebuildHierarchy: level = 5
TransferSubgridParticles[5]: Moved 0 particles, 0 stars, 0 active particles.
DetermineSGSize: MaxSubgridSize = 2000, MinSubgridEdge = 4, ncells = 4160
RebuildHierarchy[5]: Flagged 0/11 grids. 0 flagged cells
Level[5]: dt = 0.000292624  0.00166002 (0.00361331/0.00361331)
EvolveLevel[5]: NumberOfSubCycles = 3 (49 total, 3 sub)
Level[4]: dt = 0.000378247  0.00361897 (0.00759944/0.00759944)
Level[5]: dt = 0.000378247  0.00166028 (0.000378247/0.000378247)
EvolveLevel[5]: NumberOfSubCycles = 1 (50 total, 1 sub)
EvolveLevel[4]: NumberOfSubCycles = 3 (25 total, 3 sub)
Level[3]: dt = 0.000576947  0.00759961 (0.0157756/0.0157756)
Level[4]: dt = 0.000576947  0.00361955 (0.000576947/0.000576947)
Level[5]: dt = 0.000576947  0.00166015 (0.000576947/0.000576947)
EvolveLevel[5]: NumberOfSubCycles = 1 (51 total, 1 sub)
EvolveLevel[4]: NumberOfSubCycles = 1 (26 total, 1 sub)
EvolveLevel[3]: NumberOfSubCycles = 3 (10 total, 3 sub)
EvolveLevel[2]: NumberOfSubCycles = 2 (4 total, 2 sub)
EvolveLevel[1]: NumberOfSubCycles = 2 (2 total, 2 sub)
EvolveLevel[0]: NumberOfSubCycles = 1 (1 total, 1 sub)
CPUTime-output: Frac = 0.999887, Current = 293.017 (293.017), Stop = 2592000.000000, Last = 293.017
[YT_INFO   ] Setting YT parameters ...
[YT_INFO   ] Setting YT parameters ... done.
[YT_INFO   ] Getting pointer to particle list information ...
[YT_INFO   ] Getting pointer to particle list information  ... done.
[YT_INFO   ] Getting pointer to field list information ...
[YT_INFO   ] Getting pointer to field list information  ... done.
[YT_INFO   ] Getting pointer to local grids information ...
[YT_INFO   ] Getting pointer to local grids information  ... done.
[YT_INFO   ] Loading full hierarchy and local data to libyt ...
[YT_INFO   ] Loading full hierarchy and local data ... done.
[YT_INFO   ] Performing YT inline analysis yt_inline_func() ...
[YT_INFO   ] Performing YT inline analysis yt_inline_func() ... done.
Level[0]: dt = 0.0629405  0.0629405 (0.0629405/0.0629405)
PrepareGreens: Start = 0 0 36  Dim = 32 52 38
PrepareGreens: Start = 0 0 0  Dim = 32 52 36
Level[1]: dt = 0.031649  0.031649 (0.031649/0.0629405)
Level[2]: dt = 0.0155604  0.0155604 (0.0155604/0.031649)
Level[3]: dt = 0.00759965  0.00759965 (0.00759965/0.0155604)
Level[4]: dt = 0.00362045  0.00362045 (0.00362045/0.00759965)
Level[5]: dt = 0.00166049  0.00166049 (0.00166049/0.00362045)
RebuildHierarchy: level = 5
TransferSubgridParticles[5]: Moved 0 particles, 0 stars, 0 active particles.
DetermineSGSize: MaxSubgridSize = 2000, MinSubgridEdge = 4, ncells = 4160
RebuildHierarchy[5]: Flagged 0/11 grids. 0 flagged cells
Level[5]: dt = 0.00166233  0.00166233 (0.00332281/0.00362045)
RebuildHierarchy: level = 5
TransferSubgridParticles[5]: Moved 0 particles, 0 stars, 0 active particles.
DetermineSGSize: MaxSubgridSize = 2000, MinSubgridEdge = 4, ncells = 4160
RebuildHierarchy[5]: Flagged 0/11 grids. 0 flagged cells
Level[5]: dt = 0.000297634  0.00166298 (0.00362045/0.00362045)
EvolveLevel[5]: NumberOfSubCycles = 3 (54 total, 3 sub)
RebuildHierarchy: level = 4
TransferSubgridParticles[4]: Moved 2 particles, 0 stars, 0 active particles.
DetermineSGSize: MaxSubgridSize = 2000, MinSubgridEdge = 4, ncells = 4160
RebuildHierarchy[4]: Flagged 11/21 grids. 486 flagged cells
LoadBalance: Number of grids moved = 11 out of 11 (0.000714831 seconds elapsed)
DetermineSGSize: MaxSubgridSize = 2000, MinSubgridEdge = 4, ncells = 4160
RebuildHierarchy[5]: Flagged 0/11 grids. 0 flagged cells
Level[4]: dt = 0.00362619  0.00362619 (0.00724664/0.00759965)
Level[5]: dt = 0.0016634  0.0016634 (0.0016634/0.00362619)
RebuildHierarchy: level = 5
TransferSubgridParticles[5]: Moved 0 particles, 0 stars, 0 active particles.
DetermineSGSize: MaxSubgridSize = 2000, MinSubgridEdge = 4, ncells = 4256
RebuildHierarchy[5]: Flagged 0/11 grids. 0 flagged cells
Level[5]: dt = 0.00166575  0.00166575 (0.00332915/0.00362619)
RebuildHierarchy: level = 5
TransferSubgridParticles[5]: Moved 0 particles, 0 stars, 0 active particles.
DetermineSGSize: MaxSubgridSize = 2000, MinSubgridEdge = 4, ncells = 4256
RebuildHierarchy[5]: Flagged 0/11 grids. 0 flagged cells
Level[5]: dt = 0.000297041  0.00166735 (0.00362619/0.00362619)
EvolveLevel[5]: NumberOfSubCycles = 3 (57 total, 3 sub)
Level[4]: dt = 0.000353014  0.00363181 (0.00759965/0.00759965)
Level[5]: dt = 0.000353014  0.0016679 (0.000353014/0.000353014)
EvolveLevel[5]: NumberOfSubCycles = 1 (58 total, 1 sub)
EvolveLevel[4]: NumberOfSubCycles = 3 (29 total, 3 sub)
RebuildHierarchy: level = 3
TransferSubgridParticles[3]: Moved 10 particles, 0 stars, 0 active particles.
DetermineSGSize: MaxSubgridSize = 2000, MinSubgridEdge = 4, ncells = 6672
RebuildHierarchy[3]: Flagged 20/68 grids. 731 flagged cells
LoadBalance: Number of grids moved = 19 out of 20 (2.24337e-05 seconds elapsed)
DetermineSGSize: MaxSubgridSize = 2000, MinSubgridEdge = 4, ncells = 4256
RebuildHierarchy[4]: Flagged 12/20 grids. 504 flagged cells
LoadBalance: Number of grids moved = 12 out of 12 (0.00058132 seconds elapsed)
DetermineSGSize: MaxSubgridSize = 2000, MinSubgridEdge = 4, ncells = 4256
RebuildHierarchy[5]: Flagged 0/12 grids. 0 flagged cells
Level[3]: dt = 0.00796075  0.00760206 (0.0155604/0.0155604)
Level[4]: dt = 0.00363237  0.00363237 (0.00363237/0.00796075)
Level[5]: dt = 0.00166841  0.00166841 (0.00166841/0.00363237)
RebuildHierarchy: level = 5
TransferSubgridParticles[5]: Moved 0 particles, 0 stars, 0 active particles.
DetermineSGSize: MaxSubgridSize = 2000, MinSubgridEdge = 4, ncells = 4376
RebuildHierarchy[5]: Flagged 0/12 grids. 0 flagged cells
Level[5]: dt = 0.00167034  0.00167034 (0.00333875/0.00363237)
RebuildHierarchy: level = 5
TransferSubgridParticles[5]: Moved 0 particles, 0 stars, 0 active particles.
DetermineSGSize: MaxSubgridSize = 2000, MinSubgridEdge = 4, ncells = 4376
RebuildHierarchy[5]: Flagged 0/12 grids. 0 flagged cells
Level[5]: dt = 0.000293619  0.00167392 (0.00363237/0.00363237)
EvolveLevel[5]: NumberOfSubCycles = 3 (61 total, 3 sub)
RebuildHierarchy: level = 4
TransferSubgridParticles[4]: Moved 0 particles, 0 stars, 0 active particles.
DetermineSGSize: MaxSubgridSize = 2000, MinSubgridEdge = 4, ncells = 4376
RebuildHierarchy[4]: Flagged 12/20 grids. 495 flagged cells
LoadBalance: Number of grids moved = 12 out of 12 (0.00068156 seconds elapsed)
DetermineSGSize: MaxSubgridSize = 2000, MinSubgridEdge = 4, ncells = 4376
RebuildHierarchy[5]: Flagged 0/12 grids. 0 flagged cells
Level[4]: dt = 0.00363812  0.00363812 (0.00727049/0.00796075)
Level[5]: dt = 0.00167431  0.00167431 (0.00167431/0.00363812)
RebuildHierarchy: level = 5
TransferSubgridParticles[5]: Moved 0 particles, 0 stars, 0 active particles.
DetermineSGSize: MaxSubgridSize = 2000, MinSubgridEdge = 4, ncells = 4248
RebuildHierarchy[5]: Flagged 0/12 grids. 0 flagged cells
Level[5]: dt = 0.00167633  0.00167633 (0.00335064/0.00363812)
RebuildHierarchy: level = 5
TransferSubgridParticles[5]: Moved 0 particles, 0 stars, 0 active particles.
DetermineSGSize: MaxSubgridSize = 2000, MinSubgridEdge = 4, ncells = 4248
RebuildHierarchy[5]: Flagged 0/12 grids. 0 flagged cells
Level[5]: dt = 0.000287479  0.00168001 (0.00363812/0.00363812)
EvolveLevel[5]: NumberOfSubCycles = 3 (64 total, 3 sub)
Level[4]: dt = 0.000690265  0.00364364 (0.00796075/0.00796075)
Level[5]: dt = 0.000690265  0.00168036 (0.000690265/0.000690265)
EvolveLevel[5]: NumberOfSubCycles = 1 (65 total, 1 sub)
EvolveLevel[4]: NumberOfSubCycles = 3 (32 total, 3 sub)
EvolveLevel[3]: NumberOfSubCycles = 2 (12 total, 2 sub)
RebuildHierarchy: level = 2
TransferSubgridParticles[2]: Moved 78 particles, 0 stars, 0 active particles.
DetermineSGSize: MaxSubgridSize = 2000, MinSubgridEdge = 4, ncells = 41968
RebuildHierarchy[2]: Flagged 63/315 grids. 3532 flagged cells
LoadBalance: Number of grids moved = 69 out of 69 (0.000654504 seconds elapsed)
DetermineSGSize: MaxSubgridSize = 2000, MinSubgridEdge = 4, ncells = 6256
RebuildHierarchy[3]: Flagged 21/69 grids. 767 flagged cells
LoadBalance: Number of grids moved = 20 out of 21 (2.26721e-05 seconds elapsed)
DetermineSGSize: MaxSubgridSize = 2000, MinSubgridEdge = 4, ncells = 4248
RebuildHierarchy[4]: Flagged 12/21 grids. 495 flagged cells
LoadBalance: Number of grids moved = 12 out of 12 (0.000753637 seconds elapsed)
DetermineSGSize: MaxSubgridSize = 2000, MinSubgridEdge = 4, ncells = 4248
RebuildHierarchy[5]: Flagged 0/12 grids. 0 flagged cells
Level[2]: dt = 0.0160886  0.0155785 (0.031649/0.031649)
Level[3]: dt = 0.00760597  0.00760597 (0.00760597/0.0160886)
Level[4]: dt = 0.00364472  0.00364472 (0.00364472/0.00760597)
Level[5]: dt = 0.00168126  0.00168126 (0.00168126/0.00364472)
RebuildHierarchy: level = 5
TransferSubgridParticles[5]: Moved 0 particles, 0 stars, 0 active particles.
DetermineSGSize: MaxSubgridSize = 2000, MinSubgridEdge = 4, ncells = 4248
RebuildHierarchy[5]: Flagged 0/12 grids. 0 flagged cells
Level[5]: dt = 0.00168493  0.00168493 (0.00336619/0.00364472)
RebuildHierarchy: level = 5
TransferSubgridParticles[5]: Moved 0 particles, 0 stars, 0 active particles.
DetermineSGSize: MaxSubgridSize = 2000, MinSubgridEdge = 4, ncells = 4248
RebuildHierarchy[5]: Flagged 0/12 grids. 0 flagged cells
Level[5]: dt = 0.000278539  0.00168688 (0.00364472/0.00364472)
EvolveLevel[5]: NumberOfSubCycles = 3 (68 total, 3 sub)
RebuildHierarchy: level = 4
TransferSubgridParticles[4]: Moved 0 particles, 0 stars, 0 active particles.
DetermineSGSize: MaxSubgridSize = 2000, MinSubgridEdge = 4, ncells = 4248
RebuildHierarchy[4]: Flagged 12/21 grids. 495 flagged cells
LoadBalance: Number of grids moved = 12 out of 12 (0.000805981 seconds elapsed)
DetermineSGSize: MaxSubgridSize = 2000, MinSubgridEdge = 4, ncells = 4248
RebuildHierarchy[5]: Flagged 0/12 grids. 0 flagged cells
Level[4]: dt = 0.0036504  0.0036504 (0.00729512/0.00760597)
Level[5]: dt = 0.00168732  0.00168732 (0.00168732/0.0036504)
RebuildHierarchy: level = 5
TransferSubgridParticles[5]: Moved 0 particles, 0 stars, 0 active particles.
DetermineSGSize: MaxSubgridSize = 2000, MinSubgridEdge = 4, ncells = 4248
RebuildHierarchy[5]: Flagged 0/12 grids. 0 flagged cells
Level[5]: dt = 0.00169009  0.00169009 (0.00337742/0.0036504)
RebuildHierarchy: level = 5
TransferSubgridParticles[5]: Moved 0 particles, 0 stars, 0 active particles.
DetermineSGSize: MaxSubgridSize = 2000, MinSubgridEdge = 4, ncells = 4248
RebuildHierarchy[5]: Flagged 0/12 grids. 0 flagged cells
Level[5]: dt = 0.000272978  0.00169268 (0.0036504/0.0036504)
EvolveLevel[5]: NumberOfSubCycles = 3 (71 total, 3 sub)
Level[4]: dt = 0.000310848  0.00365582 (0.00760597/0.00760597)
Level[5]: dt = 0.000310848  0.00169307 (0.000310848/0.000310848)
EvolveLevel[5]: NumberOfSubCycles = 1 (72 total, 1 sub)
EvolveLevel[4]: NumberOfSubCycles = 3 (35 total, 3 sub)
RebuildHierarchy: level = 3
TransferSubgridParticles[3]: Moved 4 particles, 0 stars, 0 active particles.
DetermineSGSize: MaxSubgridSize = 2000, MinSubgridEdge = 4, ncells = 6568
RebuildHierarchy[3]: Flagged 21/69 grids. 776 flagged cells
LoadBalance: Number of grids moved = 20 out of 21 (2.33725e-05 seconds elapsed)
DetermineSGSize: MaxSubgridSize = 2000, MinSubgridEdge = 4, ncells = 4248
RebuildHierarchy[4]: Flagged 12/21 grids. 497 flagged cells
LoadBalance: Number of grids moved = 12 out of 12 (0.000791647 seconds elapsed)
DetermineSGSize: MaxSubgridSize = 2000, MinSubgridEdge = 4, ncells = 4248
RebuildHierarchy[5]: Flagged 0/12 grids. 0 flagged cells
Level[3]: dt = 0.00760833  0.00760833 (0.0152143/0.0160886)
Level[4]: dt = 0.00365631  0.00365631 (0.00365631/0.00760833)
Level[5]: dt = 0.00169352  0.00169352 (0.00169352/0.00365631)
RebuildHierarchy: level = 5
TransferSubgridParticles[5]: Moved 0 particles, 0 stars, 0 active particles.
DetermineSGSize: MaxSubgridSize = 2000, MinSubgridEdge = 4, ncells = 4248
RebuildHierarchy[5]: Flagged 0/12 grids. 0 flagged cells
Level[5]: dt = 0.00169596  0.00169596 (0.00338947/0.00365631)
RebuildHierarchy: level = 5
TransferSubgridParticles[5]: Moved 1 particles, 0 stars, 0 active particles.
DetermineSGSize: MaxSubgridSize = 2000, MinSubgridEdge = 4, ncells = 4248
RebuildHierarchy[5]: Flagged 0/12 grids. 0 flagged cells
Level[5]: dt = 0.000266837  0.00169832 (0.00365631/0.00365631)
EvolveLevel[5]: NumberOfSubCycles = 3 (75 total, 3 sub)
RebuildHierarchy: level = 4
TransferSubgridParticles[4]: Moved 0 particles, 0 stars, 0 active particles.
DetermineSGSize: MaxSubgridSize = 2000, MinSubgridEdge = 4, ncells = 4248
RebuildHierarchy[4]: Flagged 12/21 grids. 497 flagged cells
LoadBalance: Number of grids moved = 12 out of 12 (0.000629954 seconds elapsed)
DetermineSGSize: MaxSubgridSize = 2000, MinSubgridEdge = 4, ncells = 4248
RebuildHierarchy[5]: Flagged 0/12 grids. 0 flagged cells
Level[4]: dt = 0.00366197  0.00366197 (0.00731828/0.00760833)
Level[5]: dt = 0.00169868  0.00169868 (0.00169868/0.00366197)
RebuildHierarchy: level = 5
TransferSubgridParticles[5]: Moved 0 particles, 0 stars, 0 active particles.
DetermineSGSize: MaxSubgridSize = 2000, MinSubgridEdge = 4, ncells = 4248
RebuildHierarchy[5]: Flagged 0/12 grids. 0 flagged cells
Level[5]: dt = 0.00170102  0.00170102 (0.00339971/0.00366197)
RebuildHierarchy: level = 5
TransferSubgridParticles[5]: Moved 0 particles, 0 stars, 0 active particles.
DetermineSGSize: MaxSubgridSize = 2000, MinSubgridEdge = 4, ncells = 4248
RebuildHierarchy[5]: Flagged 0/12 grids. 0 flagged cells
Level[5]: dt = 0.000262263  0.00170327 (0.00366197/0.00366197)
EvolveLevel[5]: NumberOfSubCycles = 3 (78 total, 3 sub)
Level[4]: dt = 0.000290057  0.00366748 (0.00760833/0.00760833)
Level[5]: dt = 0.000290057  0.00170361 (0.000290057/0.000290057)
EvolveLevel[5]: NumberOfSubCycles = 1 (79 total, 1 sub)
EvolveLevel[4]: NumberOfSubCycles = 3 (38 total, 3 sub)
Level[3]: dt = 0.00087429  0.00761064 (0.0160886/0.0160886)
Level[4]: dt = 0.00087429  0.0036679 (0.00087429/0.00087429)
Level[5]: dt = 0.00087429  0.00170399 (0.00087429/0.00087429)
EvolveLevel[5]: NumberOfSubCycles = 1 (80 total, 1 sub)
EvolveLevel[4]: NumberOfSubCycles = 1 (39 total, 1 sub)
EvolveLevel[3]: NumberOfSubCycles = 3 (15 total, 3 sub)
EvolveLevel[2]: NumberOfSubCycles = 2 (6 total, 2 sub)
RebuildHierarchy: level = 1
TransferSubgridParticles[1]: Moved 3820 particles, 0 stars, 0 active particles.
DetermineSGSize: MaxSubgridSize = 2000, MinSubgridEdge = 4, ncells = 254272
RebuildHierarchy[1]: Flagged 269/4103 grids. 19196 flagged cells
LoadBalance: Number of grids moved = 322 out of 323 (0.00144321 seconds elapsed)
DetermineSGSize: MaxSubgridSize = 2000, MinSubgridEdge = 4, ncells = 43688
RebuildHierarchy[2]: Flagged 62/323 grids. 3509 flagged cells
LoadBalance: Number of grids moved = 69 out of 69 (0.000790592 seconds elapsed)
DetermineSGSize: MaxSubgridSize = 2000, MinSubgridEdge = 4, ncells = 6728
RebuildHierarchy[3]: Flagged 21/69 grids. 767 flagged cells
LoadBalance: Number of grids moved = 20 out of 21 (2.50041e-05 seconds elapsed)
DetermineSGSize: MaxSubgridSize = 2000, MinSubgridEdge = 4, ncells = 4248
RebuildHierarchy[4]: Flagged 12/21 grids. 488 flagged cells
LoadBalance: Number of grids moved = 12 out of 12 (0.000641197 seconds elapsed)
DetermineSGSize: MaxSubgridSize = 2000, MinSubgridEdge = 4, ncells = 4248
RebuildHierarchy[5]: Flagged 0/12 grids. 0 flagged cells
Level[1]: dt = 0.0312915  0.0316805 (0.0629405/0.0629405)
Level[2]: dt = 0.0155964  0.0155964 (0.0155964/0.0312915)
Level[3]: dt = 0.00761094  0.00761094 (0.00761094/0.0155964)
Level[4]: dt = 0.00366917  0.00366917 (0.00366917/0.00761094)
Level[5]: dt = 0.00170512  0.00170512 (0.00170512/0.00366917)
RebuildHierarchy: level = 5
TransferSubgridParticles[5]: Moved 1 particles, 0 stars, 0 active particles.
DetermineSGSize: MaxSubgridSize = 2000, MinSubgridEdge = 4, ncells = 4152
RebuildHierarchy[5]: Flagged 0/12 grids. 0 flagged cells
Level[5]: dt = 0.00170736  0.00170736 (0.00341248/0.00366917)
RebuildHierarchy: level = 5
TransferSubgridParticles[5]: Moved 0 particles, 0 stars, 0 active particles.
DetermineSGSize: MaxSubgridSize = 2000, MinSubgridEdge = 4, ncells = 4152
RebuildHierarchy[5]: Flagged 0/12 grids. 0 flagged cells
Level[5]: dt = 0.000256692  0.00170961 (0.00366917/0.00366917)
EvolveLevel[5]: NumberOfSubCycles = 3 (83 total, 3 sub)
RebuildHierarchy: level = 4
TransferSubgridParticles[4]: Moved 0 particles, 0 stars, 0 active particles.
DetermineSGSize: MaxSubgridSize = 2000, MinSubgridEdge = 4, ncells = 4152
RebuildHierarchy[4]: Flagged 12/21 grids. 488 flagged cells
LoadBalance: Number of grids moved = 12 out of 12 (0.000632867 seconds elapsed)
DetermineSGSize: MaxSubgridSize = 2000, MinSubgridEdge = 4, ncells = 4152
RebuildHierarchy[5]: Flagged 0/12 grids. 0 flagged cells
Level[4]: dt = 0.00365761  0.00365761 (0.00732678/0.00761094)
Level[5]: dt = 0.00170993  0.00170993 (0.00170993/0.00365761)
RebuildHierarchy: level = 5
TransferSubgridParticles[5]: Moved 0 particles, 0 stars, 0 active particles.
DetermineSGSize: MaxSubgridSize = 2000, MinSubgridEdge = 4, ncells = 4152
RebuildHierarchy[5]: Flagged 0/12 grids. 0 flagged cells
Level[5]: dt = 0.00171207  0.00171207 (0.003422/0.00365761)
RebuildHierarchy: level = 5
TransferSubgridParticles[5]: Moved 0 particles, 0 stars, 0 active particles.
DetermineSGSize: MaxSubgridSize = 2000, MinSubgridEdge = 4, ncells = 4152
RebuildHierarchy[5]: Flagged 0/12 grids. 0 flagged cells
Level[5]: dt = 0.000235604  0.00171422 (0.00365761/0.00365761)
EvolveLevel[5]: NumberOfSubCycles = 3 (86 total, 3 sub)
Level[4]: dt = 0.000284161  0.00362837 (0.00761094/0.00761094)
Level[5]: dt = 0.000284161  0.0017145 (0.000284161/0.000284161)
EvolveLevel[5]: NumberOfSubCycles = 1 (87 total, 1 sub)
EvolveLevel[4]: NumberOfSubCycles = 3 (42 total, 3 sub)
RebuildHierarchy: level = 3
TransferSubgridParticles[3]: Moved 13 particles, 0 stars, 0 active particles.
DetermineSGSize: MaxSubgridSize = 2000, MinSubgridEdge = 4, ncells = 6600
RebuildHierarchy[3]: Flagged 21/69 grids. 773 flagged cells
LoadBalance: Number of grids moved = 20 out of 21 (2.3175e-05 seconds elapsed)
DetermineSGSize: MaxSubgridSize = 2000, MinSubgridEdge = 4, ncells = 4152
RebuildHierarchy[4]: Flagged 12/21 grids. 488 flagged cells
LoadBalance: Number of grids moved = 12 out of 12 (0.000695724 seconds elapsed)
DetermineSGSize: MaxSubgridSize = 2000, MinSubgridEdge = 4, ncells = 4152
RebuildHierarchy[5]: Flagged 0/12 grids. 0 flagged cells
Level[3]: dt = 0.00798547  0.00761344 (0.0155964/0.0155964)
Level[4]: dt = 0.00362648  0.00362648 (0.00362648/0.00798547)
Level[5]: dt = 0.00171484  0.00171484 (0.00171484/0.00362648)
RebuildHierarchy: level = 5
TransferSubgridParticles[5]: Moved 0 particles, 0 stars, 0 active particles.
DetermineSGSize: MaxSubgridSize = 2000, MinSubgridEdge = 4, ncells = 4152
RebuildHierarchy[5]: Flagged 0/12 grids. 0 flagged cells
Level[5]: dt = 0.00171696  0.00171696 (0.0034318/0.00362648)
RebuildHierarchy: level = 5
TransferSubgridParticles[5]: Moved 0 particles, 0 stars, 0 active particles.
DetermineSGSize: MaxSubgridSize = 2000, MinSubgridEdge = 4, ncells = 4152
RebuildHierarchy[5]: Flagged 0/12 grids. 0 flagged cells
Level[5]: dt = 0.000194674  0.00171901 (0.00362648/0.00362648)
EvolveLevel[5]: NumberOfSubCycles = 3 (90 total, 3 sub)
RebuildHierarchy: level = 4
TransferSubgridParticles[4]: Moved 0 particles, 0 stars, 0 active particles.
DetermineSGSize: MaxSubgridSize = 2000, MinSubgridEdge = 4, ncells = 4152
RebuildHierarchy[4]: Flagged 12/21 grids. 482 flagged cells
LoadBalance: Number of grids moved = 12 out of 12 (0.00063796 seconds elapsed)
DetermineSGSize: MaxSubgridSize = 2000, MinSubgridEdge = 4, ncells = 4152
RebuildHierarchy[5]: Flagged 0/12 grids. 0 flagged cells
Level[4]: dt = 0.00360249  0.00360249 (0.00722897/0.00798547)
Level[5]: dt = 0.00171924  0.00171924 (0.00171924/0.00360249)
RebuildHierarchy: level = 5
TransferSubgridParticles[5]: Moved 0 particles, 0 stars, 0 active particles.
DetermineSGSize: MaxSubgridSize = 2000, MinSubgridEdge = 4, ncells = 4056
RebuildHierarchy[5]: Flagged 0/12 grids. 0 flagged cells
Level[5]: dt = 0.00172244  0.00172244 (0.00344167/0.00360249)
RebuildHierarchy: level = 5
TransferSubgridParticles[5]: Moved 0 particles, 0 stars, 0 active particles.
DetermineSGSize: MaxSubgridSize = 2000, MinSubgridEdge = 4, ncells = 4056
RebuildHierarchy[5]: Flagged 0/12 grids. 0 flagged cells
Level[5]: dt = 0.000160819  0.00172153 (0.00360249/0.00360249)
EvolveLevel[5]: NumberOfSubCycles = 3 (93 total, 3 sub)
Level[4]: dt = 0.000756497  0.0035835 (0.00798547/0.00798547)
Level[5]: dt = 0.000756497  0.00172123 (0.000756497/0.000756497)
EvolveLevel[5]: NumberOfSubCycles = 1 (94 total, 1 sub)
EvolveLevel[4]: NumberOfSubCycles = 3 (45 total, 3 sub)
EvolveLevel[3]: NumberOfSubCycles = 2 (17 total, 2 sub)
RebuildHierarchy: level = 2
TransferSubgridParticles[2]: Moved 44 particles, 0 stars, 0 active particles.
DetermineSGSize: MaxSubgridSize = 2000, MinSubgridEdge = 4, ncells = 43416
RebuildHierarchy[2]: Flagged 62/323 grids. 3510 flagged cells
LoadBalance: Number of grids moved = 69 out of 69 (0.000573371 seconds elapsed)
DetermineSGSize: MaxSubgridSize = 2000, MinSubgridEdge = 4, ncells = 6600
RebuildHierarchy[3]: Flagged 21/69 grids. 773 flagged cells
LoadBalance: Number of grids moved = 20 out of 21 (2.29999e-05 seconds elapsed)
DetermineSGSize: MaxSubgridSize = 2000, MinSubgridEdge = 4, ncells = 4056
RebuildHierarchy[4]: Flagged 12/21 grids. 482 flagged cells
LoadBalance: Number of grids moved = 12 out of 12 (0.000591177 seconds elapsed)
DetermineSGSize: MaxSubgridSize = 2000, MinSubgridEdge = 4, ncells = 4056
RebuildHierarchy[5]: Flagged 0/12 grids. 0 flagged cells
Level[2]: dt = 0.0156951  0.015615 (0.0312915/0.0312915)
Level[3]: dt = 0.00761623  0.00761623 (0.00761623/0.0156951)
Level[4]: dt = 0.0035799  0.0035799 (0.0035799/0.00761623)
Level[5]: dt = 0.00171986  0.00171986 (0.00171986/0.0035799)
RebuildHierarchy: level = 5
TransferSubgridParticles[5]: Moved 0 particles, 0 stars, 0 active particles.
DetermineSGSize: MaxSubgridSize = 2000, MinSubgridEdge = 4, ncells = 4056
RebuildHierarchy[5]: Flagged 0/12 grids. 0 flagged cells
Level[5]: dt = 0.00171697  0.00171697 (0.00343683/0.0035799)
RebuildHierarchy: level = 5
TransferSubgridParticles[5]: Moved 0 particles, 0 stars, 0 active particles.
DetermineSGSize: MaxSubgridSize = 2000, MinSubgridEdge = 4, ncells = 4056
RebuildHierarchy[5]: Flagged 0/12 grids. 0 flagged cells
Level[5]: dt = 0.000143062  0.00171402 (0.0035799/0.0035799)
EvolveLevel[5]: NumberOfSubCycles = 3 (97 total, 3 sub)
RebuildHierarchy: level = 4
TransferSubgridParticles[4]: Moved 0 particles, 0 stars, 0 active particles.
DetermineSGSize: MaxSubgridSize = 2000, MinSubgridEdge = 4, ncells = 4056
RebuildHierarchy[4]: Flagged 12/21 grids. 470 flagged cells
LoadBalance: Number of grids moved = 12 out of 12 (0.000632122 seconds elapsed)
DetermineSGSize: MaxSubgridSize = 2000, MinSubgridEdge = 4, ncells = 4056
RebuildHierarchy[5]: Flagged 0/12 grids. 0 flagged cells
Level[4]: dt = 0.00356518  0.00356518 (0.00714508/0.00761623)
Level[5]: dt = 0.0017138  0.0017138 (0.0017138/0.00356518)
RebuildHierarchy: level = 5
TransferSubgridParticles[5]: Moved 1 particles, 0 stars, 0 active particles.
DetermineSGSize: MaxSubgridSize = 2000, MinSubgridEdge = 4, ncells = 3984
RebuildHierarchy[5]: Flagged 0/12 grids. 0 flagged cells
Level[5]: dt = 0.00171137  0.00171137 (0.00342517/0.00356518)
RebuildHierarchy: level = 5
TransferSubgridParticles[5]: Moved 0 particles, 0 stars, 0 active particles.
DetermineSGSize: MaxSubgridSize = 2000, MinSubgridEdge = 4, ncells = 3984
RebuildHierarchy[5]: Flagged 0/12 grids. 0 flagged cells
Level[5]: dt = 0.00014001  0.00170887 (0.00356518/0.00356518)
EvolveLevel[5]: NumberOfSubCycles = 3 (100 total, 3 sub)
Level[4]: dt = 0.000471154  0.00355401 (0.00761623/0.00761623)
Level[5]: dt = 0.000471154  0.00170869 (0.000471154/0.000471154)
EvolveLevel[5]: NumberOfSubCycles = 1 (101 total, 1 sub)
EvolveLevel[4]: NumberOfSubCycles = 3 (48 total, 3 sub)
RebuildHierarchy: level = 3
TransferSubgridParticles[3]: Moved 4 particles, 0 stars, 0 active particles.
DetermineSGSize: MaxSubgridSize = 2000, MinSubgridEdge = 4, ncells = 6600
RebuildHierarchy[3]: Flagged 21/69 grids. 782 flagged cells
LoadBalance: Number of grids moved = 20 out of 21 (2.33948e-05 seconds elapsed)
DetermineSGSize: MaxSubgridSize = 2000, MinSubgridEdge = 4, ncells = 3984
RebuildHierarchy[4]: Flagged 12/21 grids. 488 flagged cells
LoadBalance: Number of grids moved = 12 out of 12 (0.000496738 seconds elapsed)
DetermineSGSize: MaxSubgridSize = 2000, MinSubgridEdge = 4, ncells = 3984
RebuildHierarchy[5]: Flagged 0/12 grids. 0 flagged cells
Level[3]: dt = 0.00761935  0.00761935 (0.0152356/0.0156951)
Level[4]: dt = 0.00355271  0.00355271 (0.00355271/0.00761935)
Level[5]: dt = 0.00170809  0.00170809 (0.00170809/0.00355271)
RebuildHierarchy: level = 5
TransferSubgridParticles[5]: Moved 0 particles, 0 stars, 0 active particles.
DetermineSGSize: MaxSubgridSize = 2000, MinSubgridEdge = 4, ncells = 4176
RebuildHierarchy[5]: Flagged 0/12 grids. 0 flagged cells
Level[5]: dt = 0.00170588  0.00170588 (0.00341397/0.00355271)
RebuildHierarchy: level = 5
TransferSubgridParticles[5]: Moved 0 particles, 0 stars, 0 active particles.
DetermineSGSize: MaxSubgridSize = 2000, MinSubgridEdge = 4, ncells = 4176
RebuildHierarchy[5]: Flagged 0/12 grids. 0 flagged cells
Level[5]: dt = 0.000138733  0.00170424 (0.00355271/0.00355271)
EvolveLevel[5]: NumberOfSubCycles = 3 (104 total, 3 sub)
RebuildHierarchy: level = 4
TransferSubgridParticles[4]: Moved 0 particles, 0 stars, 0 active particles.
DetermineSGSize: MaxSubgridSize = 2000, MinSubgridEdge = 4, ncells = 4176
RebuildHierarchy[4]: Flagged 12/21 grids. 497 flagged cells
LoadBalance: Number of grids moved = 12 out of 12 (0.000523146 seconds elapsed)
DetermineSGSize: MaxSubgridSize = 2000, MinSubgridEdge = 4, ncells = 4176
RebuildHierarchy[5]: Flagged 0/12 grids. 0 flagged cells
Level[4]: dt = 0.00354587  0.00354587 (0.00709858/0.00761935)
Level[5]: dt = 0.00170409  0.00170409 (0.00170409/0.00354587)
RebuildHierarchy: level = 5
TransferSubgridParticles[5]: Moved 0 particles, 0 stars, 0 active particles.
DetermineSGSize: MaxSubgridSize = 2000, MinSubgridEdge = 4, ncells = 4272
RebuildHierarchy[5]: Flagged 0/12 grids. 0 flagged cells
Level[5]: dt = 0.00170228  0.00170228 (0.00340637/0.00354587)
RebuildHierarchy: level = 5
TransferSubgridParticles[5]: Moved 0 particles, 0 stars, 0 active particles.
DetermineSGSize: MaxSubgridSize = 2000, MinSubgridEdge = 4, ncells = 4272
RebuildHierarchy[5]: Flagged 0/12 grids. 0 flagged cells
Level[5]: dt = 0.000139501  0.00170105 (0.00354587/0.00354587)
EvolveLevel[5]: NumberOfSubCycles = 3 (107 total, 3 sub)
Level[4]: dt = 0.000520772  0.00354298 (0.00761935/0.00761935)
Level[5]: dt = 0.000520772  0.00170093 (0.000520772/0.000520772)
EvolveLevel[5]: NumberOfSubCycles = 1 (108 total, 1 sub)
EvolveLevel[4]: NumberOfSubCycles = 3 (51 total, 3 sub)
Level[3]: dt = 0.000459526  0.00759845 (0.0156951/0.0156951)
Level[4]: dt = 0.000459526  0.00354266 (0.000459526/0.000459526)
Level[5]: dt = 0.000459526  0.00170049 (0.000459526/0.000459526)
EvolveLevel[5]: NumberOfSubCycles = 1 (109 total, 1 sub)
EvolveLevel[4]: NumberOfSubCycles = 1 (52 total, 1 sub)
EvolveLevel[3]: NumberOfSubCycles = 3 (20 total, 3 sub)
EvolveLevel[2]: NumberOfSubCycles = 2 (8 total, 2 sub)
EvolveLevel[1]: NumberOfSubCycles = 2 (4 total, 2 sub)
EvolveLevel[0]: NumberOfSubCycles = 1 (2 total, 2 sub)
RebuildHierarchy: level = 0
CommunicationTransferParticles: moved = 288703
CommunicationTransferStars: moved = 0
CommunicationTransferActiveParticles: moved = 0
DetermineSGSize: MaxSubgridSize = 2000, MinSubgridEdge = 4, ncells = 5105432
RebuildHierarchy[0]: Flagged 567/1120 grids. 340423 flagged cells
LoadBalance: Number of grids moved = 4122 out of 4181 (0.0550744 seconds elapsed)
DetermineSGSize: MaxSubgridSize = 2000, MinSubgridEdge = 4, ncells = 261752
RebuildHierarchy[1]: Flagged 290/4181 grids. 19394 flagged cells
LoadBalance: Number of grids moved = 339 out of 344 (0.0013451 seconds elapsed)
DetermineSGSize: MaxSubgridSize = 2000, MinSubgridEdge = 4, ncells = 42848
RebuildHierarchy[2]: Flagged 63/344 grids. 3415 flagged cells
LoadBalance: Number of grids moved = 67 out of 67 (0.00135375 seconds elapsed)
DetermineSGSize: MaxSubgridSize = 2000, MinSubgridEdge = 4, ncells = 6696
RebuildHierarchy[3]: Flagged 17/67 grids. 705 flagged cells
LoadBalance: Number of grids moved = 16 out of 17 (2.30223e-05 seconds elapsed)
DetermineSGSize: MaxSubgridSize = 2000, MinSubgridEdge = 4, ncells = 4272
RebuildHierarchy[4]: Flagged 11/17 grids. 476 flagged cells
LoadBalance: Number of grids moved = 11 out of 11 (0.000435323 seconds elapsed)
DetermineSGSize: MaxSubgridSize = 2000, MinSubgridEdge = 4, ncells = 4272
RebuildHierarchy[5]: Flagged 0/11 grids. 0 flagged cells
CPUTime-output: Frac = 0.999992, Current = 314.044 (313.364), Stop = 2592000.000000, Last = 20.3476
[YT_INFO   ] Setting YT parameters ...
[YT_INFO   ] Setting YT parameters ... done.
[YT_INFO   ] Getting pointer to particle list information ...
[YT_INFO   ] Getting pointer to particle list information  ... done.
[YT_INFO   ] Getting pointer to field list information ...
[YT_INFO   ] Getting pointer to field list information  ... done.
[YT_INFO   ] Getting pointer to local grids information ...
[YT_INFO   ] Getting pointer to local grids information  ... done.
[YT_INFO   ] Loading full hierarchy and local data to libyt ...
[YT_INFO   ] Loading full hierarchy and local data ... done.
[YT_INFO   ] Performing YT inline analysis yt_inline_func() ...
[YT_INFO   ] Performing YT inline analysis yt_inline_func() ... done.
Level[0]: dt = 0.0629956  0.0629956 (0.0629956/0.0629956)
Level[1]: dt = 0.0317083  0.0317083 (0.0317083/0.0629956)
Level[2]: dt = 0.0156282  0.0156282 (0.0156282/0.0317083)
Level[3]: dt = 0.00759512  0.00759512 (0.00759512/0.0156282)
Level[4]: dt = 0.00354267  0.00354267 (0.00354267/0.00759512)
Level[5]: dt = 0.00170014  0.00170014 (0.00170014/0.00354267)
RebuildHierarchy: level = 5
TransferSubgridParticles[5]: Moved 0 particles, 0 stars, 0 active particles.
DetermineSGSize: MaxSubgridSize = 2000, MinSubgridEdge = 4, ncells = 4080
RebuildHierarchy[5]: Flagged 0/11 grids. 0 flagged cells
Level[5]: dt = 0.00169903  0.00169903 (0.00339917/0.00354267)
RebuildHierarchy: level = 5
TransferSubgridParticles[5]: Moved 0 particles, 0 stars, 0 active particles.
DetermineSGSize: MaxSubgridSize = 2000, MinSubgridEdge = 4, ncells = 4080
RebuildHierarchy[5]: Flagged 0/11 grids. 0 flagged cells
Level[5]: dt = 0.000143492  0.00169788 (0.00354267/0.00354267)
EvolveLevel[5]: NumberOfSubCycles = 3 (112 total, 3 sub)
RebuildHierarchy: level = 4
TransferSubgridParticles[4]: Moved 0 particles, 0 stars, 0 active particles.
DetermineSGSize: MaxSubgridSize = 2000, MinSubgridEdge = 4, ncells = 4080
RebuildHierarchy[4]: Flagged 11/17 grids. 471 flagged cells
LoadBalance: Number of grids moved = 11 out of 11 (0.000621554 seconds elapsed)
DetermineSGSize: MaxSubgridSize = 2000, MinSubgridEdge = 4, ncells = 4080
RebuildHierarchy[5]: Flagged 0/11 grids. 0 flagged cells
Level[4]: dt = 0.00354288  0.00354288 (0.00708555/0.00759512)
Level[5]: dt = 0.0016978  0.0016978 (0.0016978/0.00354288)
RebuildHierarchy: level = 5
TransferSubgridParticles[5]: Moved 0 particles, 0 stars, 0 active particles.
DetermineSGSize: MaxSubgridSize = 2000, MinSubgridEdge = 4, ncells = 4048
RebuildHierarchy[5]: Flagged 0/11 grids. 0 flagged cells
Level[5]: dt = 0.00169707  0.00169707 (0.00339486/0.00354288)
RebuildHierarchy: level = 5
TransferSubgridParticles[5]: Moved 0 particles, 0 stars, 0 active particles.
DetermineSGSize: MaxSubgridSize = 2000, MinSubgridEdge = 4, ncells = 4048
RebuildHierarchy[5]: Flagged 0/11 grids. 0 flagged cells
Level[5]: dt = 0.000148017  0.0016963 (0.00354288/0.00354288)
EvolveLevel[5]: NumberOfSubCycles = 3 (115 total, 3 sub)
Level[4]: dt = 0.000509576  0.00354486 (0.00759512/0.00759512)
Level[5]: dt = 0.000509576  0.00169624 (0.000509576/0.000509576)
EvolveLevel[5]: NumberOfSubCycles = 1 (116 total, 1 sub)
EvolveLevel[4]: NumberOfSubCycles = 3 (55 total, 3 sub)
RebuildHierarchy: level = 3
TransferSubgridParticles[3]: Moved 248 particles, 0 stars, 0 active particles.
DetermineSGSize: MaxSubgridSize = 2000, MinSubgridEdge = 4, ncells = 5936
RebuildHierarchy[3]: Flagged 20/67 grids. 768 flagged cells
LoadBalance: Number of grids moved = 17 out of 20 (2.26758e-05 seconds elapsed)
DetermineSGSize: MaxSubgridSize = 2000, MinSubgridEdge = 4, ncells = 4048
RebuildHierarchy[4]: Flagged 11/20 grids. 483 flagged cells
LoadBalance: Number of grids moved = 11 out of 11 (0.00067677 seconds elapsed)
DetermineSGSize: MaxSubgridSize = 2000, MinSubgridEdge = 4, ncells = 4048
RebuildHierarchy[5]: Flagged 0/11 grids. 0 flagged cells
Level[3]: dt = 0.00762601  0.00762601 (0.0152211/0.0156282)
Level[4]: dt = 0.00354508  0.00354508 (0.00354508/0.00762601)
Level[5]: dt = 0.00169607  0.00169607 (0.00169607/0.00354508)
RebuildHierarchy: level = 5
TransferSubgridParticles[5]: Moved 0 particles, 0 stars, 0 active particles.
DetermineSGSize: MaxSubgridSize = 2000, MinSubgridEdge = 4, ncells = 4120
RebuildHierarchy[5]: Flagged 0/11 grids. 0 flagged cells
Level[5]: dt = 0.00169555  0.00169555 (0.00339162/0.00354508)
RebuildHierarchy: level = 5
TransferSubgridParticles[5]: Moved 0 particles, 0 stars, 0 active particles.
DetermineSGSize: MaxSubgridSize = 2000, MinSubgridEdge = 4, ncells = 4120
RebuildHierarchy[5]: Flagged 0/11 grids. 0 flagged cells
Level[5]: dt = 0.000153454  0.00169557 (0.00354508/0.00354508)
EvolveLevel[5]: NumberOfSubCycles = 3 (119 total, 3 sub)
RebuildHierarchy: level = 4
TransferSubgridParticles[4]: Moved 0 particles, 0 stars, 0 active particles.
DetermineSGSize: MaxSubgridSize = 2000, MinSubgridEdge = 4, ncells = 4120
RebuildHierarchy[4]: Flagged 11/20 grids. 483 flagged cells
LoadBalance: Number of grids moved = 11 out of 11 (0.000760391 seconds elapsed)
DetermineSGSize: MaxSubgridSize = 2000, MinSubgridEdge = 4, ncells = 4120
RebuildHierarchy[5]: Flagged 0/11 grids. 0 flagged cells
Level[4]: dt = 0.00354824  0.00354824 (0.00709331/0.00762601)
Level[5]: dt = 0.00169555  0.00169555 (0.00169555/0.00354824)
RebuildHierarchy: level = 5
TransferSubgridParticles[5]: Moved 0 particles, 0 stars, 0 active particles.
DetermineSGSize: MaxSubgridSize = 2000, MinSubgridEdge = 4, ncells = 4120
RebuildHierarchy[5]: Flagged 0/11 grids. 0 flagged cells
Level[5]: dt = 0.00169531  0.00169531 (0.00339086/0.00354824)
RebuildHierarchy: level = 5
TransferSubgridParticles[5]: Moved 0 particles, 0 stars, 0 active particles.
DetermineSGSize: MaxSubgridSize = 2000, MinSubgridEdge = 4, ncells = 4120
RebuildHierarchy[5]: Flagged 0/11 grids. 0 flagged cells
Level[5]: dt = 0.000157382  0.00169561 (0.00354824/0.00354824)
EvolveLevel[5]: NumberOfSubCycles = 3 (122 total, 3 sub)
Level[4]: dt = 0.000532699  0.00355155 (0.00762601/0.00762601)
Level[5]: dt = 0.000532699  0.0016956 (0.000532699/0.000532699)
EvolveLevel[5]: NumberOfSubCycles = 1 (123 total, 1 sub)
EvolveLevel[4]: NumberOfSubCycles = 3 (58 total, 3 sub)
Level[3]: dt = 0.000407035  0.00758305 (0.0156282/0.0156282)
Level[4]: dt = 0.000407035  0.00355206 (0.000407035/0.000407035)
Level[5]: dt = 0.000407035  0.00169559 (0.000407035/0.000407035)
EvolveLevel[5]: NumberOfSubCycles = 1 (124 total, 1 sub)
EvolveLevel[4]: NumberOfSubCycles = 1 (59 total, 1 sub)
EvolveLevel[3]: NumberOfSubCycles = 3 (23 total, 3 sub)
RebuildHierarchy: level = 2
TransferSubgridParticles[2]: Moved 1756 particles, 0 stars, 0 active particles.
DetermineSGSize: MaxSubgridSize = 2000, MinSubgridEdge = 4, ncells = 43088
RebuildHierarchy[2]: Flagged 66/344 grids. 3490 flagged cells
LoadBalance: Number of grids moved = 70 out of 70 (0.00157089 seconds elapsed)
DetermineSGSize: MaxSubgridSize = 2000, MinSubgridEdge = 4, ncells = 6464
RebuildHierarchy[3]: Flagged 18/70 grids. 743 flagged cells
LoadBalance: Number of grids moved = 17 out of 18 (2.19792e-05 seconds elapsed)
DetermineSGSize: MaxSubgridSize = 2000, MinSubgridEdge = 4, ncells = 4120
RebuildHierarchy[4]: Flagged 11/18 grids. 477 flagged cells
LoadBalance: Number of grids moved = 11 out of 11 (0.000584468 seconds elapsed)
DetermineSGSize: MaxSubgridSize = 2000, MinSubgridEdge = 4, ncells = 4120
RebuildHierarchy[5]: Flagged 0/11 grids. 0 flagged cells
Level[2]: dt = 0.0160801  0.015615 (0.0317083/0.0317083)
Level[3]: dt = 0.00758078  0.00758078 (0.00758078/0.0160801)
Level[4]: dt = 0.00355235  0.00355235 (0.00355235/0.00758078)
Level[5]: dt = 0.00169561  0.00169561 (0.00169561/0.00355235)
RebuildHierarchy: level = 5
TransferSubgridParticles[5]: Moved 0 particles, 0 stars, 0 active particles.
DetermineSGSize: MaxSubgridSize = 2000, MinSubgridEdge = 4, ncells = 4024
RebuildHierarchy[5]: Flagged 0/11 grids. 0 flagged cells
Level[5]: dt = 0.00169592  0.00169592 (0.00339153/0.00355235)
RebuildHierarchy: level = 5
TransferSubgridParticles[5]: Moved 0 particles, 0 stars, 0 active particles.
DetermineSGSize: MaxSubgridSize = 2000, MinSubgridEdge = 4, ncells = 4024
RebuildHierarchy[5]: Flagged 0/11 grids. 0 flagged cells
Level[5]: dt = 0.000160815  0.00169619 (0.00355235/0.00355235)
EvolveLevel[5]: NumberOfSubCycles = 3 (127 total, 3 sub)
RebuildHierarchy: level = 4
TransferSubgridParticles[4]: Moved 0 particles, 0 stars, 0 active particles.
DetermineSGSize: MaxSubgridSize = 2000, MinSubgridEdge = 4, ncells = 4024
RebuildHierarchy[4]: Flagged 11/18 grids. 462 flagged cells
LoadBalance: Number of grids moved = 11 out of 11 (0.000553835 seconds elapsed)
DetermineSGSize: MaxSubgridSize = 2000, MinSubgridEdge = 4, ncells = 4024
RebuildHierarchy[5]: Flagged 0/11 grids. 0 flagged cells
Level[4]: dt = 0.00355568  0.00355568 (0.00710803/0.00758078)
Level[5]: dt = 0.00169622  0.00169622 (0.00169622/0.00355568)
RebuildHierarchy: level = 5
TransferSubgridParticles[5]: Moved 0 particles, 0 stars, 0 active particles.
DetermineSGSize: MaxSubgridSize = 2000, MinSubgridEdge = 4, ncells = 3800
RebuildHierarchy[5]: Flagged 0/11 grids. 0 flagged cells
Level[5]: dt = 0.001697  0.001697 (0.00339322/0.00355568)
RebuildHierarchy: level = 5
TransferSubgridParticles[5]: Moved 0 particles, 0 stars, 0 active particles.
DetermineSGSize: MaxSubgridSize = 2000, MinSubgridEdge = 4, ncells = 3800
RebuildHierarchy[5]: Flagged 0/11 grids. 0 flagged cells
Level[5]: dt = 0.00016246  0.00169805 (0.00355568/0.00355568)
EvolveLevel[5]: NumberOfSubCycles = 3 (130 total, 3 sub)
Level[4]: dt = 0.00047275  0.00355905 (0.00758078/0.00758078)
Level[5]: dt = 0.00047275  0.00169815 (0.00047275/0.00047275)
EvolveLevel[5]: NumberOfSubCycles = 1 (131 total, 1 sub)
EvolveLevel[4]: NumberOfSubCycles = 3 (62 total, 3 sub)
RebuildHierarchy: level = 3
TransferSubgridParticles[3]: Moved 2 particles, 0 stars, 0 active particles.
DetermineSGSize: MaxSubgridSize = 2000, MinSubgridEdge = 4, ncells = 6248
RebuildHierarchy[3]: Flagged 19/70 grids. 758 flagged cells
LoadBalance: Number of grids moved = 18 out of 19 (2.27503e-05 seconds elapsed)
DetermineSGSize: MaxSubgridSize = 2000, MinSubgridEdge = 4, ncells = 3800
RebuildHierarchy[4]: Flagged 11/19 grids. 462 flagged cells
LoadBalance: Number of grids moved = 11 out of 11 (0.000812136 seconds elapsed)
DetermineSGSize: MaxSubgridSize = 2000, MinSubgridEdge = 4, ncells = 3800
RebuildHierarchy[5]: Flagged 0/11 grids. 0 flagged cells
Level[3]: dt = 0.00762837  0.00762837 (0.0152091/0.0160801)
Level[4]: dt = 0.00355934  0.00355934 (0.00355934/0.00762837)
Level[5]: dt = 0.0016985  0.0016985 (0.0016985/0.00355934)
RebuildHierarchy: level = 5
TransferSubgridParticles[5]: Moved 0 particles, 0 stars, 0 active particles.
DetermineSGSize: MaxSubgridSize = 2000, MinSubgridEdge = 4, ncells = 3856
RebuildHierarchy[5]: Flagged 0/11 grids. 0 flagged cells
Level[5]: dt = 0.00170004  0.00170004 (0.00339854/0.00355934)
RebuildHierarchy: level = 5
TransferSubgridParticles[5]: Moved 0 particles, 0 stars, 0 active particles.
DetermineSGSize: MaxSubgridSize = 2000, MinSubgridEdge = 4, ncells = 3856
RebuildHierarchy[5]: Flagged 0/11 grids. 0 flagged cells
Level[5]: dt = 0.000160805  0.00170206 (0.00355934/0.00355934)
EvolveLevel[5]: NumberOfSubCycles = 3 (134 total, 3 sub)
RebuildHierarchy: level = 4
TransferSubgridParticles[4]: Moved 0 particles, 0 stars, 0 active particles.
DetermineSGSize: MaxSubgridSize = 2000, MinSubgridEdge = 4, ncells = 3856
RebuildHierarchy[4]: Flagged 11/19 grids. 465 flagged cells
LoadBalance: Number of grids moved = 11 out of 11 (0.000585929 seconds elapsed)
DetermineSGSize: MaxSubgridSize = 2000, MinSubgridEdge = 4, ncells = 3856
RebuildHierarchy[5]: Flagged 0/11 grids. 0 flagged cells
Level[4]: dt = 0.00356267  0.00356267 (0.00712202/0.00762837)
Level[5]: dt = 0.00170224  0.00170224 (0.00170224/0.00356267)
RebuildHierarchy: level = 5
TransferSubgridParticles[5]: Moved 0 particles, 0 stars, 0 active particles.
DetermineSGSize: MaxSubgridSize = 2000, MinSubgridEdge = 4, ncells = 3856
RebuildHierarchy[5]: Flagged 0/11 grids. 0 flagged cells
Level[5]: dt = 0.00170447  0.00170447 (0.00340671/0.00356267)
RebuildHierarchy: level = 5
TransferSubgridParticles[5]: Moved 0 particles, 0 stars, 0 active particles.
DetermineSGSize: MaxSubgridSize = 2000, MinSubgridEdge = 4, ncells = 3856
RebuildHierarchy[5]: Flagged 0/11 grids. 0 flagged cells
Level[5]: dt = 0.000155962  0.00170718 (0.00356267/0.00356267)
EvolveLevel[5]: NumberOfSubCycles = 3 (137 total, 3 sub)
Level[4]: dt = 0.00050635  0.00356607 (0.00762837/0.00762837)
Level[5]: dt = 0.00050635  0.00170743 (0.00050635/0.00050635)
EvolveLevel[5]: NumberOfSubCycles = 1 (138 total, 1 sub)
EvolveLevel[4]: NumberOfSubCycles = 3 (65 total, 3 sub)
Level[3]: dt = 0.00087097  0.00759595 (0.0160801/0.0160801)
Level[4]: dt = 0.00087097  0.00356661 (0.00087097/0.00087097)
Level[5]: dt = 0.00087097  0.00170824 (0.00087097/0.00087097)
EvolveLevel[5]: NumberOfSubCycles = 1 (139 total, 1 sub)
EvolveLevel[4]: NumberOfSubCycles = 1 (66 total, 1 sub)
EvolveLevel[3]: NumberOfSubCycles = 3 (26 total, 3 sub)
EvolveLevel[2]: NumberOfSubCycles = 2 (10 total, 2 sub)
RebuildHierarchy: level = 1
TransferSubgridParticles[1]: Moved 44123 particles, 0 stars, 0 active particles.
DetermineSGSize: MaxSubgridSize = 2000, MinSubgridEdge = 4, ncells = 260168
RebuildHierarchy[1]: Flagged 294/4181 grids. 19905 flagged cells
LoadBalance: Number of grids moved = 349 out of 352 (0.000968207 seconds elapsed)
DetermineSGSize: MaxSubgridSize = 2000, MinSubgridEdge = 4, ncells = 43376
RebuildHierarchy[2]: Flagged 67/352 grids. 3555 flagged cells
LoadBalance: Number of grids moved = 71 out of 71 (0.00168754 seconds elapsed)
DetermineSGSize: MaxSubgridSize = 2000, MinSubgridEdge = 4, ncells = 6368
RebuildHierarchy[3]: Flagged 19/71 grids. 761 flagged cells
LoadBalance: Number of grids moved = 18 out of 19 (2.35587e-05 seconds elapsed)
DetermineSGSize: MaxSubgridSize = 2000, MinSubgridEdge = 4, ncells = 3856
RebuildHierarchy[4]: Flagged 11/19 grids. 480 flagged cells
LoadBalance: Number of grids moved = 11 out of 11 (0.000645019 seconds elapsed)
DetermineSGSize: MaxSubgridSize = 2000, MinSubgridEdge = 4, ncells = 3856
RebuildHierarchy[5]: Flagged 0/11 grids. 0 flagged cells
Level[1]: dt = 0.0312874  0.0317365 (0.0629956/0.0629956)
Level[2]: dt = 0.0155761  0.0155761 (0.0155761/0.0312874)
Level[3]: dt = 0.00759324  0.00759324 (0.00759324/0.0155761)
Level[4]: dt = 0.00356723  0.00356723 (0.00356723/0.00759324)
Level[5]: dt = 0.00170974  0.00170974 (0.00170974/0.00356723)
RebuildHierarchy: level = 5
TransferSubgridParticles[5]: Moved 0 particles, 0 stars, 0 active particles.
DetermineSGSize: MaxSubgridSize = 2000, MinSubgridEdge = 4, ncells = 3928
RebuildHierarchy[5]: Flagged 0/11 grids. 0 flagged cells
Level[5]: dt = 0.00170962  0.00170962 (0.00341936/0.00356723)
RebuildHierarchy: level = 5
TransferSubgridParticles[5]: Moved 0 particles, 0 stars, 0 active particles.
DetermineSGSize: MaxSubgridSize = 2000, MinSubgridEdge = 4, ncells = 3928
RebuildHierarchy[5]: Flagged 0/11 grids. 0 flagged cells
Level[5]: dt = 0.000147872  0.0017083 (0.00356723/0.00356723)
EvolveLevel[5]: NumberOfSubCycles = 3 (142 total, 3 sub)
RebuildHierarchy: level = 4
TransferSubgridParticles[4]: Moved 0 particles, 0 stars, 0 active particles.
DetermineSGSize: MaxSubgridSize = 2000, MinSubgridEdge = 4, ncells = 3928
RebuildHierarchy[4]: Flagged 11/19 grids. 504 flagged cells
LoadBalance: Number of grids moved = 11 out of 11 (0.000773519 seconds elapsed)
DetermineSGSize: MaxSubgridSize = 2000, MinSubgridEdge = 4, ncells = 3928
RebuildHierarchy[5]: Flagged 0/11 grids. 0 flagged cells
Level[4]: dt = 0.00356866  0.00356866 (0.00713589/0.00759324)
Level[5]: dt = 0.00170819  0.00170819 (0.00170819/0.00356866)
RebuildHierarchy: level = 5
TransferSubgridParticles[5]: Moved 0 particles, 0 stars, 0 active particles.
DetermineSGSize: MaxSubgridSize = 2000, MinSubgridEdge = 4, ncells = 4280
RebuildHierarchy[5]: Flagged 0/11 grids. 0 flagged cells
Level[5]: dt = 0.00170699  0.00170699 (0.00341518/0.00356866)
RebuildHierarchy: level = 5
TransferSubgridParticles[5]: Moved 0 particles, 0 stars, 0 active particles.
DetermineSGSize: MaxSubgridSize = 2000, MinSubgridEdge = 4, ncells = 4280
RebuildHierarchy[5]: Flagged 0/11 grids. 0 flagged cells
Level[5]: dt = 0.000153474  0.00170594 (0.00356866/0.00356866)
EvolveLevel[5]: NumberOfSubCycles = 3 (145 total, 3 sub)
Level[4]: dt = 0.000457349  0.00356495 (0.00759324/0.00759324)
Level[5]: dt = 0.000457349  0.00170584 (0.000457349/0.000457349)
EvolveLevel[5]: NumberOfSubCycles = 1 (146 total, 1 sub)
EvolveLevel[4]: NumberOfSubCycles = 3 (69 total, 3 sub)
RebuildHierarchy: level = 3
TransferSubgridParticles[3]: Moved 3 particles, 0 stars, 0 active particles.
DetermineSGSize: MaxSubgridSize = 2000, MinSubgridEdge = 4, ncells = 6344
RebuildHierarchy[3]: Flagged 18/71 grids. 753 flagged cells
LoadBalance: Number of grids moved = 17 out of 18 (2.2497e-05 seconds elapsed)
DetermineSGSize: MaxSubgridSize = 2000, MinSubgridEdge = 4, ncells = 4280
RebuildHierarchy[4]: Flagged 11/18 grids. 503 flagged cells
LoadBalance: Number of grids moved = 11 out of 11 (0.00218023 seconds elapsed)
DetermineSGSize: MaxSubgridSize = 2000, MinSubgridEdge = 4, ncells = 4280
RebuildHierarchy[5]: Flagged 0/11 grids. 0 flagged cells
Level[3]: dt = 0.00798283  0.0076398 (0.0155761/0.0155761)
Level[4]: dt = 0.00356491  0.00356491 (0.00356491/0.00798283)
Level[5]: dt = 0.00170556  0.00170556 (0.00170556/0.00356491)
RebuildHierarchy: level = 5
TransferSubgridParticles[5]: Moved 0 particles, 0 stars, 0 active particles.
DetermineSGSize: MaxSubgridSize = 2000, MinSubgridEdge = 4, ncells = 4280
RebuildHierarchy[5]: Flagged 0/11 grids. 0 flagged cells
Level[5]: dt = 0.00170468  0.00170468 (0.00341024/0.00356491)
RebuildHierarchy: level = 5
TransferSubgridParticles[5]: Moved 0 particles, 0 stars, 0 active particles.
DetermineSGSize: MaxSubgridSize = 2000, MinSubgridEdge = 4, ncells = 4280
RebuildHierarchy[5]: Flagged 0/11 grids. 0 flagged cells
Level[5]: dt = 0.000154675  0.001704 (0.00356491/0.00356491)
EvolveLevel[5]: NumberOfSubCycles = 3 (149 total, 3 sub)
RebuildHierarchy: level = 4
TransferSubgridParticles[4]: Moved 0 particles, 0 stars, 0 active particles.
DetermineSGSize: MaxSubgridSize = 2000, MinSubgridEdge = 4, ncells = 4280
RebuildHierarchy[4]: Flagged 11/18 grids. 521 flagged cells
LoadBalance: Number of grids moved = 11 out of 11 (0.000898059 seconds elapsed)
DetermineSGSize: MaxSubgridSize = 2000, MinSubgridEdge = 4, ncells = 4280
RebuildHierarchy[5]: Flagged 0/11 grids. 0 flagged cells
Level[4]: dt = 0.00355942  0.00355942 (0.00712434/0.00798283)
Level[5]: dt = 0.00170393  0.00170393 (0.00170393/0.00355942)
RebuildHierarchy: level = 5
TransferSubgridParticles[5]: Moved 0 particles, 0 stars, 0 active particles.
DetermineSGSize: MaxSubgridSize = 2000, MinSubgridEdge = 4, ncells = 4472
RebuildHierarchy[5]: Flagged 0/11 grids. 0 flagged cells
Level[5]: dt = 0.00170329  0.00170329 (0.00340722/0.00355942)
RebuildHierarchy: level = 5
TransferSubgridParticles[5]: Moved 0 particles, 0 stars, 0 active particles.
DetermineSGSize: MaxSubgridSize = 2000, MinSubgridEdge = 4, ncells = 4472
RebuildHierarchy[5]: Flagged 0/11 grids. 0 flagged cells
Level[5]: dt = 0.000152203  0.00170285 (0.00355942/0.00355942)
EvolveLevel[5]: NumberOfSubCycles = 3 (152 total, 3 sub)
Level[4]: dt = 0.000858498  0.00355813 (0.00798283/0.00798283)
Level[5]: dt = 0.000858498  0.0017028 (0.000858498/0.000858498)
EvolveLevel[5]: NumberOfSubCycles = 1 (153 total, 1 sub)
EvolveLevel[4]: NumberOfSubCycles = 3 (72 total, 3 sub)
EvolveLevel[3]: NumberOfSubCycles = 2 (28 total, 2 sub)
RebuildHierarchy: level = 2
TransferSubgridParticles[2]: Moved 74 particles, 0 stars, 0 active particles.
DetermineSGSize: MaxSubgridSize = 2000, MinSubgridEdge = 4, ncells = 44560
RebuildHierarchy[2]: Flagged 68/352 grids. 3598 flagged cells
LoadBalance: Number of grids moved = 71 out of 71 (0.00165286 seconds elapsed)
DetermineSGSize: MaxSubgridSize = 2000, MinSubgridEdge = 4, ncells = 6424
RebuildHierarchy[3]: Flagged 19/71 grids. 775 flagged cells
LoadBalance: Number of grids moved = 18 out of 19 (2.25008e-05 seconds elapsed)
DetermineSGSize: MaxSubgridSize = 2000, MinSubgridEdge = 4, ncells = 4472
RebuildHierarchy[4]: Flagged 12/19 grids. 557 flagged cells
LoadBalance: Number of grids moved = 12 out of 12 (0.00098519 seconds elapsed)
DetermineSGSize: MaxSubgridSize = 2000, MinSubgridEdge = 4, ncells = 4472
RebuildHierarchy[5]: Flagged 0/12 grids. 0 flagged cells
Level[2]: dt = 0.0157113  0.0155384 (0.0312874/0.0312874)
Level[3]: dt = 0.00764342  0.00764342 (0.00764342/0.0157113)
Level[4]: dt = 0.00355838  0.00355838 (0.00355838/0.00764342)
Level[5]: dt = 0.00170255  0.00170255 (0.00170255/0.00355838)
RebuildHierarchy: level = 5
TransferSubgridParticles[5]: Moved 0 particles, 0 stars, 0 active particles.
DetermineSGSize: MaxSubgridSize = 2000, MinSubgridEdge = 4, ncells = 4784
RebuildHierarchy[5]: Flagged 0/12 grids. 0 flagged cells
Level[5]: dt = 0.00170226  0.00170226 (0.00340481/0.00355838)
RebuildHierarchy: level = 5
TransferSubgridParticles[5]: Moved 0 particles, 0 stars, 0 active particles.
DetermineSGSize: MaxSubgridSize = 2000, MinSubgridEdge = 4, ncells = 4784
RebuildHierarchy[5]: Flagged 0/12 grids. 0 flagged cells
Level[5]: dt = 0.000153571  0.00170193 (0.00355838/0.00355838)
EvolveLevel[5]: NumberOfSubCycles = 3 (156 total, 3 sub)
RebuildHierarchy: level = 4
TransferSubgridParticles[4]: Moved 0 particles, 0 stars, 0 active particles.
DetermineSGSize: MaxSubgridSize = 2000, MinSubgridEdge = 4, ncells = 4784
RebuildHierarchy[4]: Flagged 11/19 grids. 532 flagged cells
LoadBalance: Number of grids moved = 11 out of 11 (0.000845507 seconds elapsed)
DetermineSGSize: MaxSubgridSize = 2000, MinSubgridEdge = 4, ncells = 4784
RebuildHierarchy[5]: Flagged 0/11 grids. 0 flagged cells
Level[4]: dt = 0.00355422  0.00355422 (0.0071126/0.00764342)
Level[5]: dt = 0.0017019  0.0017019 (0.0017019/0.00355422)
RebuildHierarchy: level = 5
TransferSubgridParticles[5]: Moved 0 particles, 0 stars, 0 active particles.
DetermineSGSize: MaxSubgridSize = 2000, MinSubgridEdge = 4, ncells = 4568
RebuildHierarchy[5]: Flagged 0/11 grids. 0 flagged cells
Level[5]: dt = 0.00170183  0.00170183 (0.00340373/0.00355422)
RebuildHierarchy: level = 5
TransferSubgridParticles[5]: Moved 0 particles, 0 stars, 0 active particles.
DetermineSGSize: MaxSubgridSize = 2000, MinSubgridEdge = 4, ncells = 4568
RebuildHierarchy[5]: Flagged 0/11 grids. 0 flagged cells
Level[5]: dt = 0.000150482  0.00170171 (0.00355422/0.00355422)
EvolveLevel[5]: NumberOfSubCycles = 3 (159 total, 3 sub)
Level[4]: dt = 0.000530821  0.003554 (0.00764342/0.00764342)
Level[5]: dt = 0.000530821  0.0017017 (0.000530821/0.000530821)
EvolveLevel[5]: NumberOfSubCycles = 1 (160 total, 1 sub)
EvolveLevel[4]: NumberOfSubCycles = 3 (75 total, 3 sub)
RebuildHierarchy: level = 3
TransferSubgridParticles[3]: Moved 3 particles, 0 stars, 0 active particles.
DetermineSGSize: MaxSubgridSize = 2000, MinSubgridEdge = 4, ncells = 6640
RebuildHierarchy[3]: Flagged 19/71 grids. 774 flagged cells
LoadBalance: Number of grids moved = 18 out of 19 (2.26088e-05 seconds elapsed)
DetermineSGSize: MaxSubgridSize = 2000, MinSubgridEdge = 4, ncells = 4568
RebuildHierarchy[4]: Flagged 12/19 grids. 559 flagged cells
LoadBalance: Number of grids moved = 12 out of 12 (0.000957977 seconds elapsed)
DetermineSGSize: MaxSubgridSize = 2000, MinSubgridEdge = 4, ncells = 4568
RebuildHierarchy[5]: Flagged 0/12 grids. 0 flagged cells
Level[3]: dt = 0.00763209  0.00763209 (0.0152755/0.0157113)
Level[4]: dt = 0.00355431  0.00355431 (0.00355431/0.00763209)
Level[5]: dt = 0.00170166  0.00170166 (0.00170166/0.00355431)
RebuildHierarchy: level = 5
TransferSubgridParticles[5]: Moved 0 particles, 0 stars, 0 active particles.
DetermineSGSize: MaxSubgridSize = 2000, MinSubgridEdge = 4, ncells = 4784
RebuildHierarchy[5]: Flagged 0/12 grids. 0 flagged cells
Level[5]: dt = 0.00170162  0.00170162 (0.00340329/0.00355431)
RebuildHierarchy: level = 5
TransferSubgridParticles[5]: Moved 0 particles, 0 stars, 0 active particles.
DetermineSGSize: MaxSubgridSize = 2000, MinSubgridEdge = 4, ncells = 4784
RebuildHierarchy[5]: Flagged 0/12 grids. 0 flagged cells
Level[5]: dt = 0.000151022  0.00170169 (0.00355431/0.00355431)
EvolveLevel[5]: NumberOfSubCycles = 3 (163 total, 3 sub)
RebuildHierarchy: level = 4
TransferSubgridParticles[4]: Moved 0 particles, 0 stars, 0 active particles.
DetermineSGSize: MaxSubgridSize = 2000, MinSubgridEdge = 4, ncells = 4784
RebuildHierarchy[4]: Flagged 12/19 grids. 559 flagged cells
LoadBalance: Number of grids moved = 12 out of 12 (0.000891592 seconds elapsed)
DetermineSGSize: MaxSubgridSize = 2000, MinSubgridEdge = 4, ncells = 4784
RebuildHierarchy[5]: Flagged 0/12 grids. 0 flagged cells
Level[4]: dt = 0.00355106  0.00355106 (0.00710537/0.00763209)
Level[5]: dt = 0.00170168  0.00170168 (0.00170168/0.00355106)
RebuildHierarchy: level = 5
TransferSubgridParticles[5]: Moved 0 particles, 0 stars, 0 active particles.
DetermineSGSize: MaxSubgridSize = 2000, MinSubgridEdge = 4, ncells = 4784
RebuildHierarchy[5]: Flagged 0/12 grids. 0 flagged cells
Level[5]: dt = 0.00170175  0.00170175 (0.00340343/0.00355106)
RebuildHierarchy: level = 5
TransferSubgridParticles[5]: Moved 0 particles, 0 stars, 0 active particles.
DetermineSGSize: MaxSubgridSize = 2000, MinSubgridEdge = 4, ncells = 4784
RebuildHierarchy[5]: Flagged 0/12 grids. 0 flagged cells
Level[5]: dt = 0.000147631  0.0017019 (0.00355106/0.00355106)
EvolveLevel[5]: NumberOfSubCycles = 3 (166 total, 3 sub)
Level[4]: dt = 0.000526716  0.0035521 (0.00763209/0.00763209)
Level[5]: dt = 0.000526716  0.0017019 (0.000526716/0.000526716)
EvolveLevel[5]: NumberOfSubCycles = 1 (167 total, 1 sub)
EvolveLevel[4]: NumberOfSubCycles = 3 (78 total, 3 sub)
Level[3]: dt = 0.00043578  0.00759858 (0.0157113/0.0157113)
Level[4]: dt = 0.00043578  0.00355263 (0.00043578/0.00043578)
Level[5]: dt = 0.00043578  0.00170191 (0.00043578/0.00043578)
EvolveLevel[5]: NumberOfSubCycles = 1 (168 total, 1 sub)
EvolveLevel[4]: NumberOfSubCycles = 1 (79 total, 1 sub)
EvolveLevel[3]: NumberOfSubCycles = 3 (31 total, 3 sub)
EvolveLevel[2]: NumberOfSubCycles = 2 (12 total, 2 sub)
EvolveLevel[1]: NumberOfSubCycles = 2 (6 total, 2 sub)
EvolveLevel[0]: NumberOfSubCycles = 1 (3 total, 3 sub)
CPUTime-output: Frac = 0.999992, Current = 334.953 (334.953), Stop = 2592000.000000, Last = 21.5888
[YT_INFO   ] Setting YT parameters ...
[YT_INFO   ] Setting YT parameters ... done.
[YT_INFO   ] Getting pointer to particle list information ...
[YT_INFO   ] Getting pointer to particle list information  ... done.
[YT_INFO   ] Getting pointer to field list information ...
[YT_INFO   ] Getting pointer to field list information  ... done.
[YT_INFO   ] Getting pointer to local grids information ...
[YT_INFO   ] Getting pointer to local grids information  ... done.
[YT_INFO   ] Loading full hierarchy and local data to libyt ...
[YT_INFO   ] Loading full hierarchy and local data ... done.
[YT_INFO   ] Performing YT inline analysis yt_inline_func() ...
[YT_INFO   ] Performing YT inline analysis yt_inline_func() ... done.
Level[0]: dt = 0.0630518  0.0630518 (0.0630518/0.0630518)
PrepareGreens: Start = 0 0 36  Dim = 32 52 38
PrepareGreens: Start = 0 0 0  Dim = 32 52 36
Level[1]: dt = 0.0317591  0.0317591 (0.0317591/0.0630518)
Level[2]: dt = 0.0155183  0.0155183 (0.0155183/0.0317591)
Level[3]: dt = 0.00759628  0.00759628 (0.00759628/0.0155183)
Level[4]: dt = 0.00355238  0.00355238 (0.00355238/0.00759628)
Level[5]: dt = 0.00170192  0.00170192 (0.00170192/0.00355238)
RebuildHierarchy: level = 5
TransferSubgridParticles[5]: Moved 0 particles, 0 stars, 0 active particles.
DetermineSGSize: MaxSubgridSize = 2000, MinSubgridEdge = 4, ncells = 4784
RebuildHierarchy[5]: Flagged 0/12 grids. 0 flagged cells
Level[5]: dt = 0.0017022  0.0017022 (0.00340412/0.00355238)
RebuildHierarchy: level = 5
TransferSubgridParticles[5]: Moved 0 particles, 0 stars, 0 active particles.
DetermineSGSize: MaxSubgridSize = 2000, MinSubgridEdge = 4, ncells = 4784
RebuildHierarchy[5]: Flagged 0/12 grids. 0 flagged cells
Level[5]: dt = 0.000148255  0.00170248 (0.00355238/0.00355238)
EvolveLevel[5]: NumberOfSubCycles = 3 (171 total, 3 sub)
RebuildHierarchy: level = 4
TransferSubgridParticles[4]: Moved 0 particles, 0 stars, 0 active particles.
DetermineSGSize: MaxSubgridSize = 2000, MinSubgridEdge = 4, ncells = 4784
RebuildHierarchy[4]: Flagged 11/19 grids. 532 flagged cells
LoadBalance: Number of grids moved = 11 out of 11 (0.000594191 seconds elapsed)
DetermineSGSize: MaxSubgridSize = 2000, MinSubgridEdge = 4, ncells = 4784
RebuildHierarchy[5]: Flagged 0/11 grids. 0 flagged cells
Level[4]: dt = 0.00355398  0.00355398 (0.00710636/0.00759628)
Level[5]: dt = 0.0017025  0.0017025 (0.0017025/0.00355398)
RebuildHierarchy: level = 5
TransferSubgridParticles[5]: Moved 0 particles, 0 stars, 0 active particles.
DetermineSGSize: MaxSubgridSize = 2000, MinSubgridEdge = 4, ncells = 4568
RebuildHierarchy[5]: Flagged 0/11 grids. 0 flagged cells
Level[5]: dt = 0.00170301  0.00170301 (0.00340551/0.00355398)
RebuildHierarchy: level = 5
TransferSubgridParticles[5]: Moved 0 particles, 0 stars, 0 active particles.
DetermineSGSize: MaxSubgridSize = 2000, MinSubgridEdge = 4, ncells = 4568
RebuildHierarchy[5]: Flagged 0/11 grids. 0 flagged cells
Level[5]: dt = 0.000148472  0.00170399 (0.00355398/0.00355398)
EvolveLevel[5]: NumberOfSubCycles = 3 (174 total, 3 sub)
Level[4]: dt = 0.000489918  0.00355785 (0.00759628/0.00759628)
Level[5]: dt = 0.000489918  0.00170406 (0.000489918/0.000489918)
EvolveLevel[5]: NumberOfSubCycles = 1 (175 total, 1 sub)
EvolveLevel[4]: NumberOfSubCycles = 3 (82 total, 3 sub)
RebuildHierarchy: level = 3
TransferSubgridParticles[3]: Moved 12 particles, 0 stars, 0 active particles.
DetermineSGSize: MaxSubgridSize = 2000, MinSubgridEdge = 4, ncells = 6640
RebuildHierarchy[3]: Flagged 19/71 grids. 778 flagged cells
LoadBalance: Number of grids moved = 18 out of 19 (2.42256e-05 seconds elapsed)
DetermineSGSize: MaxSubgridSize = 2000, MinSubgridEdge = 4, ncells = 4568
RebuildHierarchy[4]: Flagged 12/19 grids. 568 flagged cells
LoadBalance: Number of grids moved = 12 out of 12 (0.000659212 seconds elapsed)
DetermineSGSize: MaxSubgridSize = 2000, MinSubgridEdge = 4, ncells = 4568
RebuildHierarchy[5]: Flagged 0/12 grids. 0 flagged cells
Level[3]: dt = 0.007922  0.00756203 (0.0155183/0.0155183)
Level[4]: dt = 0.00355762  0.00355762 (0.00355762/0.007922)
Level[5]: dt = 0.00170432  0.00170432 (0.00170432/0.00355762)
RebuildHierarchy: level = 5
TransferSubgridParticles[5]: Moved 0 particles, 0 stars, 0 active particles.
DetermineSGSize: MaxSubgridSize = 2000, MinSubgridEdge = 4, ncells = 4912
RebuildHierarchy[5]: Flagged 0/12 grids. 0 flagged cells
Level[5]: dt = 0.00170568  0.00170568 (0.00341/0.00355762)
RebuildHierarchy: level = 5
TransferSubgridParticles[5]: Moved 0 particles, 0 stars, 0 active particles.
DetermineSGSize: MaxSubgridSize = 2000, MinSubgridEdge = 4, ncells = 4912
RebuildHierarchy[5]: Flagged 0/12 grids. 0 flagged cells
Level[5]: dt = 0.000147612  0.00170725 (0.00355762/0.00355762)
EvolveLevel[5]: NumberOfSubCycles = 3 (178 total, 3 sub)
RebuildHierarchy: level = 4
TransferSubgridParticles[4]: Moved 0 particles, 0 stars, 0 active particles.
DetermineSGSize: MaxSubgridSize = 2000, MinSubgridEdge = 4, ncells = 4912
RebuildHierarchy[4]: Flagged 11/19 grids. 541 flagged cells
LoadBalance: Number of grids moved = 11 out of 11 (0.000530869 seconds elapsed)
DetermineSGSize: MaxSubgridSize = 2000, MinSubgridEdge = 4, ncells = 4912
RebuildHierarchy[5]: Flagged 0/11 grids. 0 flagged cells
Level[4]: dt = 0.00355978  0.00355978 (0.0071174/0.007922)
Level[5]: dt = 0.00170737  0.00170737 (0.00170737/0.00355978)
RebuildHierarchy: level = 5
TransferSubgridParticles[5]: Moved 0 particles, 0 stars, 0 active particles.
DetermineSGSize: MaxSubgridSize = 2000, MinSubgridEdge = 4, ncells = 4696
RebuildHierarchy[5]: Flagged 0/11 grids. 0 flagged cells
Level[5]: dt = 0.0017091  0.0017091 (0.00341647/0.00355978)
RebuildHierarchy: level = 5
TransferSubgridParticles[5]: Moved 0 particles, 0 stars, 0 active particles.
DetermineSGSize: MaxSubgridSize = 2000, MinSubgridEdge = 4, ncells = 4696
RebuildHierarchy[5]: Flagged 0/11 grids. 0 flagged cells
Level[5]: dt = 0.000143316  0.00171096 (0.00355978/0.00355978)
EvolveLevel[5]: NumberOfSubCycles = 3 (181 total, 3 sub)
Level[4]: dt = 0.000804603  0.00356422 (0.007922/0.007922)
Level[5]: dt = 0.000804603  0.0017111 (0.000804603/0.000804603)
EvolveLevel[5]: NumberOfSubCycles = 1 (182 total, 1 sub)
EvolveLevel[4]: NumberOfSubCycles = 3 (85 total, 3 sub)
EvolveLevel[3]: NumberOfSubCycles = 2 (33 total, 2 sub)
RebuildHierarchy: level = 2
TransferSubgridParticles[2]: Moved 101 particles, 0 stars, 0 active particles.
DetermineSGSize: MaxSubgridSize = 2000, MinSubgridEdge = 4, ncells = 45280
RebuildHierarchy[2]: Flagged 67/352 grids. 3643 flagged cells
LoadBalance: Number of grids moved = 70 out of 70 (0.00128284 seconds elapsed)
DetermineSGSize: MaxSubgridSize = 2000, MinSubgridEdge = 4, ncells = 6712
RebuildHierarchy[3]: Flagged 19/70 grids. 769 flagged cells
LoadBalance: Number of grids moved = 18 out of 19 (2.30335e-05 seconds elapsed)
DetermineSGSize: MaxSubgridSize = 2000, MinSubgridEdge = 4, ncells = 4696
RebuildHierarchy[4]: Flagged 11/19 grids. 532 flagged cells
LoadBalance: Number of grids moved = 11 out of 11 (0.000568099 seconds elapsed)
DetermineSGSize: MaxSubgridSize = 2000, MinSubgridEdge = 4, ncells = 4696
RebuildHierarchy[5]: Flagged 0/11 grids. 0 flagged cells
Level[2]: dt = 0.0162408  0.0155019 (0.0317591/0.0317591)
Level[3]: dt = 0.00753531  0.00753531 (0.00753531/0.0162408)
Level[4]: dt = 0.00356392  0.00356392 (0.00356392/0.00753531)
Level[5]: dt = 0.00171197  0.00171197 (0.00171197/0.00356392)
RebuildHierarchy: level = 5
TransferSubgridParticles[5]: Moved 0 particles, 0 stars, 0 active particles.
DetermineSGSize: MaxSubgridSize = 2000, MinSubgridEdge = 4, ncells = 4600
RebuildHierarchy[5]: Flagged 0/11 grids. 0 flagged cells
Level[5]: dt = 0.00171401  0.00171401 (0.00342597/0.00356392)
RebuildHierarchy: level = 5
TransferSubgridParticles[5]: Moved 0 particles, 0 stars, 0 active particles.
DetermineSGSize: MaxSubgridSize = 2000, MinSubgridEdge = 4, ncells = 4600
RebuildHierarchy[5]: Flagged 0/11 grids. 0 flagged cells
Level[5]: dt = 0.000137945  0.00171598 (0.00356392/0.00356392)
EvolveLevel[5]: NumberOfSubCycles = 3 (185 total, 3 sub)
RebuildHierarchy: level = 4
TransferSubgridParticles[4]: Moved 0 particles, 0 stars, 0 active particles.
DetermineSGSize: MaxSubgridSize = 2000, MinSubgridEdge = 4, ncells = 4600
RebuildHierarchy[4]: Flagged 11/19 grids. 535 flagged cells
LoadBalance: Number of grids moved = 11 out of 11 (0.000678327 seconds elapsed)
DetermineSGSize: MaxSubgridSize = 2000, MinSubgridEdge = 4, ncells = 4600
RebuildHierarchy[5]: Flagged 0/11 grids. 0 flagged cells
Level[4]: dt = 0.00356677  0.00356677 (0.00713069/0.00753531)
Level[5]: dt = 0.00171613  0.00171613 (0.00171613/0.00356677)
RebuildHierarchy: level = 5
TransferSubgridParticles[5]: Moved 0 particles, 0 stars, 0 active particles.
DetermineSGSize: MaxSubgridSize = 2000, MinSubgridEdge = 4, ncells = 4600
RebuildHierarchy[5]: Flagged 0/11 grids. 0 flagged cells
Level[5]: dt = 0.00171827  0.00171827 (0.0034344/0.00356677)
RebuildHierarchy: level = 5
TransferSubgridParticles[5]: Moved 0 particles, 0 stars, 0 active particles.
DetermineSGSize: MaxSubgridSize = 2000, MinSubgridEdge = 4, ncells = 4600
RebuildHierarchy[5]: Flagged 0/11 grids. 0 flagged cells
Level[5]: dt = 0.000132376  0.00172045 (0.00356677/0.00356677)
EvolveLevel[5]: NumberOfSubCycles = 3 (188 total, 3 sub)
Level[4]: dt = 0.000404626  0.0035718 (0.00753531/0.00753531)
Level[5]: dt = 0.000404626  0.00172061 (0.000404626/0.000404626)
EvolveLevel[5]: NumberOfSubCycles = 1 (189 total, 1 sub)
EvolveLevel[4]: NumberOfSubCycles = 3 (88 total, 3 sub)
RebuildHierarchy: level = 3
TransferSubgridParticles[3]: Moved 2 particles, 0 stars, 0 active particles.
DetermineSGSize: MaxSubgridSize = 2000, MinSubgridEdge = 4, ncells = 6584
RebuildHierarchy[3]: Flagged 20/70 grids. 784 flagged cells
LoadBalance: Number of grids moved = 19 out of 20 (2.36779e-05 seconds elapsed)
DetermineSGSize: MaxSubgridSize = 2000, MinSubgridEdge = 4, ncells = 4600
RebuildHierarchy[4]: Flagged 11/20 grids. 531 flagged cells
LoadBalance: Number of grids moved = 11 out of 11 (0.00048212 seconds elapsed)
DetermineSGSize: MaxSubgridSize = 2000, MinSubgridEdge = 4, ncells = 4600
RebuildHierarchy[5]: Flagged 0/11 grids. 0 flagged cells
Level[3]: dt = 0.00751703  0.00751703 (0.0150523/0.0162408)
Level[4]: dt = 0.00357165  0.00357165 (0.00357165/0.00751703)
Level[5]: dt = 0.0017211  0.0017211 (0.0017211/0.00357165)
RebuildHierarchy: level = 5
TransferSubgridParticles[5]: Moved 0 particles, 0 stars, 0 active particles.
DetermineSGSize: MaxSubgridSize = 2000, MinSubgridEdge = 4, ncells = 4600
RebuildHierarchy[5]: Flagged 0/11 grids. 0 flagged cells
Level[5]: dt = 0.0017234  0.0017234 (0.00344451/0.00357165)
RebuildHierarchy: level = 5
TransferSubgridParticles[5]: Moved 0 particles, 0 stars, 0 active particles.
DetermineSGSize: MaxSubgridSize = 2000, MinSubgridEdge = 4, ncells = 4600
RebuildHierarchy[5]: Flagged 0/11 grids. 0 flagged cells
Level[5]: dt = 0.000127136  0.00172587 (0.00357165/0.00357165)
EvolveLevel[5]: NumberOfSubCycles = 3 (192 total, 3 sub)
RebuildHierarchy: level = 4
TransferSubgridParticles[4]: Moved 0 particles, 0 stars, 0 active particles.
DetermineSGSize: MaxSubgridSize = 2000, MinSubgridEdge = 4, ncells = 4600
RebuildHierarchy[4]: Flagged 11/20 grids. 531 flagged cells
LoadBalance: Number of grids moved = 11 out of 11 (0.000471614 seconds elapsed)
DetermineSGSize: MaxSubgridSize = 2000, MinSubgridEdge = 4, ncells = 4600
RebuildHierarchy[5]: Flagged 0/11 grids. 0 flagged cells
Level[4]: dt = 0.00357439  0.00357439 (0.00714603/0.00751703)
Level[5]: dt = 0.00172605  0.00172605 (0.00172605/0.00357439)
RebuildHierarchy: level = 5
TransferSubgridParticles[5]: Moved 0 particles, 0 stars, 0 active particles.
DetermineSGSize: MaxSubgridSize = 2000, MinSubgridEdge = 4, ncells = 4600
RebuildHierarchy[5]: Flagged 0/11 grids. 0 flagged cells
Level[5]: dt = 0.00172868  0.00172868 (0.00345473/0.00357439)
RebuildHierarchy: level = 5
TransferSubgridParticles[5]: Moved 0 particles, 0 stars, 0 active particles.
DetermineSGSize: MaxSubgridSize = 2000, MinSubgridEdge = 4, ncells = 4600
RebuildHierarchy[5]: Flagged 0/11 grids. 0 flagged cells
Level[5]: dt = 0.000119656  0.00173148 (0.00357439/0.00357439)
EvolveLevel[5]: NumberOfSubCycles = 3 (195 total, 3 sub)
Level[4]: dt = 0.000370999  0.00357828 (0.00751703/0.00751703)
Level[5]: dt = 0.000370999  0.00173168 (0.000370999/0.000370999)
EvolveLevel[5]: NumberOfSubCycles = 1 (196 total, 1 sub)
EvolveLevel[4]: NumberOfSubCycles = 3 (91 total, 3 sub)
Level[3]: dt = 0.00118845  0.00750394 (0.0162408/0.0162408)
Level[4]: dt = 0.00118845  0.00357804 (0.00118845/0.00118845)
Level[5]: dt = 0.00118845  0.00173229 (0.00118845/0.00118845)
EvolveLevel[5]: NumberOfSubCycles = 1 (197 total, 1 sub)
EvolveLevel[4]: NumberOfSubCycles = 1 (92 total, 1 sub)
EvolveLevel[3]: NumberOfSubCycles = 3 (36 total, 3 sub)
EvolveLevel[2]: NumberOfSubCycles = 2 (14 total, 2 sub)
RebuildHierarchy: level = 1
TransferSubgridParticles[1]: Moved 3819 particles, 0 stars, 0 active particles.
DetermineSGSize: MaxSubgridSize = 2000, MinSubgridEdge = 4, ncells = 266224
RebuildHierarchy[1]: Flagged 300/4181 grids. 20363 flagged cells
LoadBalance: Number of grids moved = 360 out of 361 (0.0012646 seconds elapsed)
DetermineSGSize: MaxSubgridSize = 2000, MinSubgridEdge = 4, ncells = 46256
RebuildHierarchy[2]: Flagged 66/361 grids. 3655 flagged cells
LoadBalance: Number of grids moved = 70 out of 70 (0.00114566 seconds elapsed)
DetermineSGSize: MaxSubgridSize = 2000, MinSubgridEdge = 4, ncells = 6704
RebuildHierarchy[3]: Flagged 19/70 grids. 771 flagged cells
LoadBalance: Number of grids moved = 18 out of 19 (2.40989e-05 seconds elapsed)
DetermineSGSize: MaxSubgridSize = 2000, MinSubgridEdge = 4, ncells = 4600
RebuildHierarchy[4]: Flagged 11/19 grids. 534 flagged cells
LoadBalance: Number of grids moved = 11 out of 11 (0.000749387 seconds elapsed)
DetermineSGSize: MaxSubgridSize = 2000, MinSubgridEdge = 4, ncells = 4600
RebuildHierarchy[5]: Flagged 0/11 grids. 0 flagged cells
Level[1]: dt = 0.0312928  0.0317741 (0.0630518/0.0630518)
Level[2]: dt = 0.0154845  0.0154845 (0.0154845/0.0312928)
Level[3]: dt = 0.00750223  0.00750223 (0.00750223/0.0154845)
Level[4]: dt = 0.00357881  0.00357881 (0.00357881/0.00750223)
Level[5]: dt = 0.0017343  0.0017343 (0.0017343/0.00357881)
RebuildHierarchy: level = 5
TransferSubgridParticles[5]: Moved 0 particles, 0 stars, 0 active particles.
DetermineSGSize: MaxSubgridSize = 2000, MinSubgridEdge = 4, ncells = 4600
RebuildHierarchy[5]: Flagged 0/11 grids. 0 flagged cells
Level[5]: dt = 0.00173269  0.00173269 (0.00346699/0.00357881)
RebuildHierarchy: level = 5
TransferSubgridParticles[5]: Moved 0 particles, 0 stars, 0 active particles.
DetermineSGSize: MaxSubgridSize = 2000, MinSubgridEdge = 4, ncells = 4600
RebuildHierarchy[5]: Flagged 0/11 grids. 0 flagged cells
Level[5]: dt = 0.000111819  0.00172975 (0.00357881/0.00357881)
EvolveLevel[5]: NumberOfSubCycles = 3 (200 total, 3 sub)
RebuildHierarchy: level = 4
TransferSubgridParticles[4]: Moved 0 particles, 0 stars, 0 active particles.
DetermineSGSize: MaxSubgridSize = 2000, MinSubgridEdge = 4, ncells = 4600
RebuildHierarchy[4]: Flagged 11/19 grids. 519 flagged cells
LoadBalance: Number of grids moved = 11 out of 11 (0.000490297 seconds elapsed)
DetermineSGSize: MaxSubgridSize = 2000, MinSubgridEdge = 4, ncells = 4600
RebuildHierarchy[5]: Flagged 0/11 grids. 0 flagged cells
Level[4]: dt = 0.00358192  0.00358192 (0.00716073/0.00750223)
Level[5]: dt = 0.00172955  0.00172955 (0.00172955/0.00358192)
RebuildHierarchy: level = 5
TransferSubgridParticles[5]: Moved 0 particles, 0 stars, 0 active particles.
DetermineSGSize: MaxSubgridSize = 2000, MinSubgridEdge = 4, ncells = 4376
RebuildHierarchy[5]: Flagged 0/11 grids. 0 flagged cells
Level[5]: dt = 0.00172673  0.00172673 (0.00345628/0.00358192)
RebuildHierarchy: level = 5
TransferSubgridParticles[5]: Moved 0 particles, 0 stars, 0 active particles.
DetermineSGSize: MaxSubgridSize = 2000, MinSubgridEdge = 4, ncells = 4376
RebuildHierarchy[5]: Flagged 0/11 grids. 0 flagged cells
Level[5]: dt = 0.000125638  0.00172412 (0.00358192/0.00358192)
EvolveLevel[5]: NumberOfSubCycles = 3 (203 total, 3 sub)
Level[4]: dt = 0.000341495  0.00357985 (0.00750223/0.00750223)
Level[5]: dt = 0.000341495  0.00172393 (0.000341495/0.000341495)
EvolveLevel[5]: NumberOfSubCycles = 1 (204 total, 1 sub)
EvolveLevel[4]: NumberOfSubCycles = 3 (95 total, 3 sub)
RebuildHierarchy: level = 3
TransferSubgridParticles[3]: Moved 5 particles, 0 stars, 0 active particles.
DetermineSGSize: MaxSubgridSize = 2000, MinSubgridEdge = 4, ncells = 6560
RebuildHierarchy[3]: Flagged 19/70 grids. 775 flagged cells
LoadBalance: Number of grids moved = 18 out of 19 (2.47173e-05 seconds elapsed)
DetermineSGSize: MaxSubgridSize = 2000, MinSubgridEdge = 4, ncells = 4376
RebuildHierarchy[4]: Flagged 11/19 grids. 516 flagged cells
LoadBalance: Number of grids moved = 11 out of 11 (0.00048352 seconds elapsed)
DetermineSGSize: MaxSubgridSize = 2000, MinSubgridEdge = 4, ncells = 4376
RebuildHierarchy[5]: Flagged 0/11 grids. 0 flagged cells
Level[3]: dt = 0.00749371  0.00749371 (0.0149959/0.0154845)
Level[4]: dt = 0.00358006  0.00358006 (0.00358006/0.00749371)
Level[5]: dt = 0.00172341  0.00172341 (0.00172341/0.00358006)
RebuildHierarchy: level = 5
TransferSubgridParticles[5]: Moved 0 particles, 0 stars, 0 active particles.
DetermineSGSize: MaxSubgridSize = 2000, MinSubgridEdge = 4, ncells = 4376
RebuildHierarchy[5]: Flagged 0/11 grids. 0 flagged cells
Level[5]: dt = 0.00172104  0.00172104 (0.00344445/0.00358006)
RebuildHierarchy: level = 5
TransferSubgridParticles[5]: Moved 0 particles, 0 stars, 0 active particles.
DetermineSGSize: MaxSubgridSize = 2000, MinSubgridEdge = 4, ncells = 4376
RebuildHierarchy[5]: Flagged 0/11 grids. 0 flagged cells
Level[5]: dt = 0.000135611  0.00171888 (0.00358006/0.00358006)
EvolveLevel[5]: NumberOfSubCycles = 3 (207 total, 3 sub)
RebuildHierarchy: level = 4
TransferSubgridParticles[4]: Moved 0 particles, 0 stars, 0 active particles.
DetermineSGSize: MaxSubgridSize = 2000, MinSubgridEdge = 4, ncells = 4376
RebuildHierarchy[4]: Flagged 11/19 grids. 510 flagged cells
LoadBalance: Number of grids moved = 11 out of 11 (0.000527106 seconds elapsed)
DetermineSGSize: MaxSubgridSize = 2000, MinSubgridEdge = 4, ncells = 4376
RebuildHierarchy[5]: Flagged 0/11 grids. 0 flagged cells
Level[4]: dt = 0.00358284  0.00358284 (0.0071629/0.00749371)
Level[5]: dt = 0.00171871  0.00171871 (0.00171871/0.00358284)
RebuildHierarchy: level = 5
TransferSubgridParticles[5]: Moved 0 particles, 0 stars, 0 active particles.
DetermineSGSize: MaxSubgridSize = 2000, MinSubgridEdge = 4, ncells = 4376
RebuildHierarchy[5]: Flagged 0/11 grids. 0 flagged cells
Level[5]: dt = 0.0017168  0.0017168 (0.00343551/0.00358284)
RebuildHierarchy: level = 5
TransferSubgridParticles[5]: Moved 0 particles, 0 stars, 0 active particles.
DetermineSGSize: MaxSubgridSize = 2000, MinSubgridEdge = 4, ncells = 4376
RebuildHierarchy[5]: Flagged 0/11 grids. 0 flagged cells
Level[5]: dt = 0.00014733  0.00171514 (0.00358284/0.00358284)
EvolveLevel[5]: NumberOfSubCycles = 3 (210 total, 3 sub)
Level[4]: dt = 0.000330814  0.00358102 (0.00749371/0.00749371)
Level[5]: dt = 0.000330814  0.00171499 (0.000330814/0.000330814)
EvolveLevel[5]: NumberOfSubCycles = 1 (211 total, 1 sub)
EvolveLevel[4]: NumberOfSubCycles = 3 (98 total, 3 sub)
Level[3]: dt = 0.000488598  0.00748754 (0.0154845/0.0154845)
Level[4]: dt = 0.000488598  0.00358125 (0.000488598/0.000488598)
Level[5]: dt = 0.000488598  0.00171466 (0.000488598/0.000488598)
EvolveLevel[5]: NumberOfSubCycles = 1 (212 total, 1 sub)
EvolveLevel[4]: NumberOfSubCycles = 1 (99 total, 1 sub)
EvolveLevel[3]: NumberOfSubCycles = 3 (39 total, 3 sub)
RebuildHierarchy: level = 2
TransferSubgridParticles[2]: Moved 48 particles, 0 stars, 0 active particles.
DetermineSGSize: MaxSubgridSize = 2000, MinSubgridEdge = 4, ncells = 45576
RebuildHierarchy[2]: Flagged 67/361 grids. 3675 flagged cells
LoadBalance: Number of grids moved = 72 out of 72 (0.00140841 seconds elapsed)
DetermineSGSize: MaxSubgridSize = 2000, MinSubgridEdge = 4, ncells = 6632
RebuildHierarchy[3]: Flagged 19/72 grids. 766 flagged cells
LoadBalance: Number of grids moved = 18 out of 19 (2.44267e-05 seconds elapsed)
DetermineSGSize: MaxSubgridSize = 2000, MinSubgridEdge = 4, ncells = 4376
RebuildHierarchy[4]: Flagged 11/19 grids. 513 flagged cells
LoadBalance: Number of grids moved = 11 out of 11 (0.000763997 seconds elapsed)
DetermineSGSize: MaxSubgridSize = 2000, MinSubgridEdge = 4, ncells = 4376
RebuildHierarchy[5]: Flagged 0/11 grids. 0 flagged cells
Level[2]: dt = 0.0158082  0.0154707 (0.0312928/0.0312928)
Level[3]: dt = 0.00748715  0.00748715 (0.00748715/0.0158082)
Level[4]: dt = 0.00358172  0.00358172 (0.00358172/0.00748715)
Level[5]: dt = 0.0017142  0.0017142 (0.0017142/0.00358172)
RebuildHierarchy: level = 5
TransferSubgridParticles[5]: Moved 0 particles, 0 stars, 0 active particles.
DetermineSGSize: MaxSubgridSize = 2000, MinSubgridEdge = 4, ncells = 4376
RebuildHierarchy[5]: Flagged 0/11 grids. 0 flagged cells
Level[5]: dt = 0.00171287  0.00171287 (0.00342707/0.00358172)
RebuildHierarchy: level = 5
TransferSubgridParticles[5]: Moved 0 particles, 0 stars, 0 active particles.
DetermineSGSize: MaxSubgridSize = 2000, MinSubgridEdge = 4, ncells = 4376
RebuildHierarchy[5]: Flagged 0/11 grids. 0 flagged cells
Level[5]: dt = 0.000154641  0.00171175 (0.00358172/0.00358172)
EvolveLevel[5]: NumberOfSubCycles = 3 (215 total, 3 sub)
RebuildHierarchy: level = 4
TransferSubgridParticles[4]: Moved 0 particles, 0 stars, 0 active particles.
DetermineSGSize: MaxSubgridSize = 2000, MinSubgridEdge = 4, ncells = 4376
RebuildHierarchy[4]: Flagged 11/19 grids. 504 flagged cells
LoadBalance: Number of grids moved = 11 out of 11 (0.000706203 seconds elapsed)
DetermineSGSize: MaxSubgridSize = 2000, MinSubgridEdge = 4, ncells = 4376
RebuildHierarchy[5]: Flagged 0/11 grids. 0 flagged cells
Level[4]: dt = 0.00358047  0.00358047 (0.00716219/0.00748715)
Level[5]: dt = 0.00171164  0.00171164 (0.00171164/0.00358047)
RebuildHierarchy: level = 5
TransferSubgridParticles[5]: Moved 0 particles, 0 stars, 0 active particles.
DetermineSGSize: MaxSubgridSize = 2000, MinSubgridEdge = 4, ncells = 4304
RebuildHierarchy[5]: Flagged 0/11 grids. 0 flagged cells
Level[5]: dt = 0.00171083  0.00171083 (0.00342247/0.00358047)
RebuildHierarchy: level = 5
TransferSubgridParticles[5]: Moved 0 particles, 0 stars, 0 active particles.
DetermineSGSize: MaxSubgridSize = 2000, MinSubgridEdge = 4, ncells = 4304
RebuildHierarchy[5]: Flagged 0/11 grids. 0 flagged cells
Level[5]: dt = 0.000158001  0.00171026 (0.00358047/0.00358047)
EvolveLevel[5]: NumberOfSubCycles = 3 (218 total, 3 sub)
Level[4]: dt = 0.000324957  0.00358252 (0.00748715/0.00748715)
Level[5]: dt = 0.000324957  0.0017102 (0.000324957/0.000324957)
EvolveLevel[5]: NumberOfSubCycles = 1 (219 total, 1 sub)
EvolveLevel[4]: NumberOfSubCycles = 3 (102 total, 3 sub)
RebuildHierarchy: level = 3
TransferSubgridParticles[3]: Moved 3 particles, 0 stars, 0 active particles.
DetermineSGSize: MaxSubgridSize = 2000, MinSubgridEdge = 4, ncells = 6504
RebuildHierarchy[3]: Flagged 20/72 grids. 784 flagged cells
LoadBalance: Number of grids moved = 19 out of 20 (2.48291e-05 seconds elapsed)
DetermineSGSize: MaxSubgridSize = 2000, MinSubgridEdge = 4, ncells = 4304
RebuildHierarchy[4]: Flagged 11/20 grids. 505 flagged cells
LoadBalance: Number of grids moved = 11 out of 11 (0.000510734 seconds elapsed)
DetermineSGSize: MaxSubgridSize = 2000, MinSubgridEdge = 4, ncells = 4304
RebuildHierarchy[5]: Flagged 0/11 grids. 0 flagged cells
Level[3]: dt = 0.00748344  0.00748344 (0.0149706/0.0158082)
Level[4]: dt = 0.00358254  0.00358254 (0.00358254/0.00748344)
Level[5]: dt = 0.0017101  0.0017101 (0.0017101/0.00358254)
RebuildHierarchy: level = 5
TransferSubgridParticles[5]: Moved 0 particles, 0 stars, 0 active particles.
DetermineSGSize: MaxSubgridSize = 2000, MinSubgridEdge = 4, ncells = 4304
RebuildHierarchy[5]: Flagged 0/11 grids. 0 flagged cells
Level[5]: dt = 0.00170983  0.00170983 (0.00341993/0.00358254)
RebuildHierarchy: level = 5
TransferSubgridParticles[5]: Moved 0 particles, 0 stars, 0 active particles.
DetermineSGSize: MaxSubgridSize = 2000, MinSubgridEdge = 4, ncells = 4304
RebuildHierarchy[5]: Flagged 0/11 grids. 0 flagged cells
Level[5]: dt = 0.000162608  0.00170979 (0.00358254/0.00358254)
EvolveLevel[5]: NumberOfSubCycles = 3 (222 total, 3 sub)
RebuildHierarchy: level = 4
TransferSubgridParticles[4]: Moved 0 particles, 0 stars, 0 active particles.
DetermineSGSize: MaxSubgridSize = 2000, MinSubgridEdge = 4, ncells = 4304
RebuildHierarchy[4]: Flagged 11/20 grids. 511 flagged cells
LoadBalance: Number of grids moved = 11 out of 11 (0.000487179 seconds elapsed)
DetermineSGSize: MaxSubgridSize = 2000, MinSubgridEdge = 4, ncells = 4304
RebuildHierarchy[5]: Flagged 0/11 grids. 0 flagged cells
Level[4]: dt = 0.00358185  0.00358185 (0.00716439/0.00748344)
Level[5]: dt = 0.00170978  0.00170978 (0.00170978/0.00358185)
RebuildHierarchy: level = 5
TransferSubgridParticles[5]: Moved 0 particles, 0 stars, 0 active particles.
DetermineSGSize: MaxSubgridSize = 2000, MinSubgridEdge = 4, ncells = 4304
RebuildHierarchy[5]: Flagged 0/11 grids. 0 flagged cells
Level[5]: dt = 0.00170996  0.00170996 (0.00341974/0.00358185)
RebuildHierarchy: level = 5
TransferSubgridParticles[5]: Moved 0 particles, 0 stars, 0 active particles.
DetermineSGSize: MaxSubgridSize = 2000, MinSubgridEdge = 4, ncells = 4304
RebuildHierarchy[5]: Flagged 0/11 grids. 0 flagged cells
Level[5]: dt = 0.000162101  0.00171038 (0.00358185/0.00358185)
EvolveLevel[5]: NumberOfSubCycles = 3 (225 total, 3 sub)
Level[4]: dt = 0.000319055  0.00358264 (0.00748344/0.00748344)
Level[5]: dt = 0.000319055  0.00171041 (0.000319055/0.000319055)
EvolveLevel[5]: NumberOfSubCycles = 1 (226 total, 1 sub)
EvolveLevel[4]: NumberOfSubCycles = 3 (105 total, 3 sub)
Level[3]: dt = 0.000837639  0.00748128 (0.0158082/0.0158082)
Level[4]: dt = 0.000837639  0.00358275 (0.000837639/0.000837639)
Level[5]: dt = 0.000837639  0.00171049 (0.000837639/0.000837639)
EvolveLevel[5]: NumberOfSubCycles = 1 (227 total, 1 sub)
EvolveLevel[4]: NumberOfSubCycles = 1 (106 total, 1 sub)
EvolveLevel[3]: NumberOfSubCycles = 3 (42 total, 3 sub)
EvolveLevel[2]: NumberOfSubCycles = 2 (16 total, 2 sub)
EvolveLevel[1]: NumberOfSubCycles = 2 (8 total, 2 sub)
EvolveLevel[0]: NumberOfSubCycles = 1 (4 total, 4 sub)
RebuildHierarchy: level = 0
CommunicationTransferParticles: moved = 290055
CommunicationTransferStars: moved = 0
CommunicationTransferActiveParticles: moved = 0
DetermineSGSize: MaxSubgridSize = 2000, MinSubgridEdge = 4, ncells = 5266504
RebuildHierarchy[0]: Flagged 574/1120 grids. 350341 flagged cells
LoadBalance: Number of grids moved = 4293 out of 4341 (0.0175879 seconds elapsed)
DetermineSGSize: MaxSubgridSize = 2000, MinSubgridEdge = 4, ncells = 272128
RebuildHierarchy[1]: Flagged 292/4341 grids. 20271 flagged cells
LoadBalance: Number of grids moved = 354 out of 355 (0.00196253 seconds elapsed)
DetermineSGSize: MaxSubgridSize = 2000, MinSubgridEdge = 4, ncells = 45848
RebuildHierarchy[2]: Flagged 67/355 grids. 3640 flagged cells
LoadBalance: Number of grids moved = 72 out of 72 (0.000686448 seconds elapsed)
DetermineSGSize: MaxSubgridSize = 2000, MinSubgridEdge = 4, ncells = 6624
RebuildHierarchy[3]: Flagged 21/72 grids. 736 flagged cells
LoadBalance: Number of grids moved = 20 out of 21 (2.3853e-05 seconds elapsed)
DetermineSGSize: MaxSubgridSize = 2000, MinSubgridEdge = 4, ncells = 4304
RebuildHierarchy[4]: Flagged 11/21 grids. 511 flagged cells
LoadBalance: Number of grids moved = 11 out of 11 (0.000610709 seconds elapsed)
DetermineSGSize: MaxSubgridSize = 2000, MinSubgridEdge = 4, ncells = 4304
RebuildHierarchy[5]: Flagged 0/11 grids. 0 flagged cells
CPUTime-output: Frac = 0.999992, Current = 356.332 (355.631), Stop = 2592000.000000, Last = 20.6778
[YT_INFO   ] Setting YT parameters ...
[YT_INFO   ] Setting YT parameters ... done.
[YT_INFO   ] Getting pointer to particle list information ...
[YT_INFO   ] Getting pointer to particle list information  ... done.
[YT_INFO   ] Getting pointer to field list information ...
[YT_INFO   ] Getting pointer to field list information  ... done.
[YT_INFO   ] Getting pointer to local grids information ...
[YT_INFO   ] Getting pointer to local grids information  ... done.
[YT_INFO   ] Loading full hierarchy and local data to libyt ...
[YT_INFO   ] Loading full hierarchy and local data ... done.
[YT_INFO   ] Performing YT inline analysis yt_inline_func() ...
[YT_INFO   ] Performing YT inline analysis yt_inline_func() ... done.
Level[0]: dt = 0.0631093  0.0631093 (0.0631093/0.0631093)
Level[1]: dt = 0.0317889  0.0317889 (0.0317889/0.0631093)
Level[2]: dt = 0.0154591  0.0154591 (0.0154591/0.0317889)
Level[3]: dt = 0.00748111  0.00748111 (0.00748111/0.0154591)
Level[4]: dt = 0.00358305  0.00358305 (0.00358305/0.00748111)
Level[5]: dt = 0.00171075  0.00171075 (0.00171075/0.00358305)
RebuildHierarchy: level = 5
TransferSubgridParticles[5]: Moved 0 particles, 0 stars, 0 active particles.
DetermineSGSize: MaxSubgridSize = 2000, MinSubgridEdge = 4, ncells = 4304
RebuildHierarchy[5]: Flagged 0/11 grids. 0 flagged cells
Level[5]: dt = 0.00171147  0.00171147 (0.00342222/0.00358305)
RebuildHierarchy: level = 5
TransferSubgridParticles[5]: Moved 0 particles, 0 stars, 0 active particles.
DetermineSGSize: MaxSubgridSize = 2000, MinSubgridEdge = 4, ncells = 4304
RebuildHierarchy[5]: Flagged 0/11 grids. 0 flagged cells
Level[5]: dt = 0.000160835  0.00171238 (0.00358305/0.00358305)
EvolveLevel[5]: NumberOfSubCycles = 3 (230 total, 3 sub)
RebuildHierarchy: level = 4
TransferSubgridParticles[4]: Moved 0 particles, 0 stars, 0 active particles.
DetermineSGSize: MaxSubgridSize = 2000, MinSubgridEdge = 4, ncells = 4304
RebuildHierarchy[4]: Flagged 11/21 grids. 508 flagged cells
LoadBalance: Number of grids moved = 11 out of 11 (0.000584908 seconds elapsed)
DetermineSGSize: MaxSubgridSize = 2000, MinSubgridEdge = 4, ncells = 4304
RebuildHierarchy[5]: Flagged 0/11 grids. 0 flagged cells
Level[4]: dt = 0.00358436  0.00358436 (0.00716741/0.00748111)
Level[5]: dt = 0.00171246  0.00171246 (0.00171246/0.00358436)
RebuildHierarchy: level = 5
TransferSubgridParticles[5]: Moved 0 particles, 0 stars, 0 active particles.
DetermineSGSize: MaxSubgridSize = 2000, MinSubgridEdge = 4, ncells = 4304
RebuildHierarchy[5]: Flagged 0/11 grids. 0 flagged cells
Level[5]: dt = 0.00171352  0.00171352 (0.00342598/0.00358436)
RebuildHierarchy: level = 5
TransferSubgridParticles[5]: Moved 0 particles, 0 stars, 0 active particles.
DetermineSGSize: MaxSubgridSize = 2000, MinSubgridEdge = 4, ncells = 4304
RebuildHierarchy[5]: Flagged 0/11 grids. 0 flagged cells
Level[5]: dt = 0.000158378  0.00171474 (0.00358436/0.00358436)
EvolveLevel[5]: NumberOfSubCycles = 3 (233 total, 3 sub)
Level[4]: dt = 0.000313704  0.00358629 (0.00748111/0.00748111)
Level[5]: dt = 0.000313704  0.00171485 (0.000313704/0.000313704)
EvolveLevel[5]: NumberOfSubCycles = 1 (234 total, 1 sub)
EvolveLevel[4]: NumberOfSubCycles = 3 (109 total, 3 sub)
RebuildHierarchy: level = 3
TransferSubgridParticles[3]: Moved 249 particles, 0 stars, 0 active particles.
DetermineSGSize: MaxSubgridSize = 2000, MinSubgridEdge = 4, ncells = 6232
RebuildHierarchy[3]: Flagged 22/72 grids. 745 flagged cells
LoadBalance: Number of grids moved = 21 out of 22 (2.281e-05 seconds elapsed)
DetermineSGSize: MaxSubgridSize = 2000, MinSubgridEdge = 4, ncells = 4304
RebuildHierarchy[4]: Flagged 11/22 grids. 514 flagged cells
LoadBalance: Number of grids moved = 11 out of 11 (0.00064601 seconds elapsed)
DetermineSGSize: MaxSubgridSize = 2000, MinSubgridEdge = 4, ncells = 4304
RebuildHierarchy[5]: Flagged 0/11 grids. 0 flagged cells
Level[3]: dt = 0.00748015  0.00748015 (0.0149613/0.0154591)
Level[4]: dt = 0.00358647  0.00358647 (0.00358647/0.00748015)
Level[5]: dt = 0.00171506  0.00171506 (0.00171506/0.00358647)
RebuildHierarchy: level = 5
TransferSubgridParticles[5]: Moved 0 particles, 0 stars, 0 active particles.
DetermineSGSize: MaxSubgridSize = 2000, MinSubgridEdge = 4, ncells = 4432
RebuildHierarchy[5]: Flagged 0/11 grids. 0 flagged cells
Level[5]: dt = 0.00171643  0.00171643 (0.00343149/0.00358647)
RebuildHierarchy: level = 5
TransferSubgridParticles[5]: Moved 0 particles, 0 stars, 0 active particles.
DetermineSGSize: MaxSubgridSize = 2000, MinSubgridEdge = 4, ncells = 4432
RebuildHierarchy[5]: Flagged 0/11 grids. 0 flagged cells
Level[5]: dt = 0.000154977  0.00171792 (0.00358647/0.00358647)
EvolveLevel[5]: NumberOfSubCycles = 3 (237 total, 3 sub)
RebuildHierarchy: level = 4
TransferSubgridParticles[4]: Moved 0 particles, 0 stars, 0 active particles.
DetermineSGSize: MaxSubgridSize = 2000, MinSubgridEdge = 4, ncells = 4432
RebuildHierarchy[4]: Flagged 11/22 grids. 487 flagged cells
LoadBalance: Number of grids moved = 11 out of 11 (0.000739373 seconds elapsed)
DetermineSGSize: MaxSubgridSize = 2000, MinSubgridEdge = 4, ncells = 4432
RebuildHierarchy[5]: Flagged 0/11 grids. 0 flagged cells
Level[4]: dt = 0.00358848  0.00358848 (0.00717495/0.00748015)
Level[5]: dt = 0.00171804  0.00171804 (0.00171804/0.00358848)
RebuildHierarchy: level = 5
TransferSubgridParticles[5]: Moved 0 particles, 0 stars, 0 active particles.
DetermineSGSize: MaxSubgridSize = 2000, MinSubgridEdge = 4, ncells = 4136
RebuildHierarchy[5]: Flagged 0/11 grids. 0 flagged cells
Level[5]: dt = 0.00171956  0.00171956 (0.00343759/0.00358848)
RebuildHierarchy: level = 5
TransferSubgridParticles[5]: Moved 0 particles, 0 stars, 0 active particles.
DetermineSGSize: MaxSubgridSize = 2000, MinSubgridEdge = 4, ncells = 4136
RebuildHierarchy[5]: Flagged 0/11 grids. 0 flagged cells
Level[5]: dt = 0.000150889  0.001721 (0.00358848/0.00358848)
EvolveLevel[5]: NumberOfSubCycles = 3 (240 total, 3 sub)
Level[4]: dt = 0.0003052  0.00359115 (0.00748015/0.00748015)
Level[5]: dt = 0.0003052  0.00172112 (0.0003052/0.0003052)
EvolveLevel[5]: NumberOfSubCycles = 1 (241 total, 1 sub)
EvolveLevel[4]: NumberOfSubCycles = 3 (112 total, 3 sub)
Level[3]: dt = 0.000497871  0.00748029 (0.0154591/0.0154591)
Level[4]: dt = 0.000497871  0.00359137 (0.000497871/0.000497871)
Level[5]: dt = 0.000497871  0.00172135 (0.000497871/0.000497871)
EvolveLevel[5]: NumberOfSubCycles = 1 (242 total, 1 sub)
EvolveLevel[4]: NumberOfSubCycles = 1 (113 total, 1 sub)
EvolveLevel[3]: NumberOfSubCycles = 3 (45 total, 3 sub)
RebuildHierarchy: level = 2
TransferSubgridParticles[2]: Moved 1786 particles, 0 stars, 0 active particles.
DetermineSGSize: MaxSubgridSize = 2000, MinSubgridEdge = 4, ncells = 44984
RebuildHierarchy[2]: Flagged 68/355 grids. 3655 flagged cells
LoadBalance: Number of grids moved = 74 out of 74 (0.000957318 seconds elapsed)
DetermineSGSize: MaxSubgridSize = 2000, MinSubgridEdge = 4, ncells = 6304
RebuildHierarchy[3]: Flagged 21/74 grids. 742 flagged cells
LoadBalance: Number of grids moved = 20 out of 21 (2.23853e-05 seconds elapsed)
DetermineSGSize: MaxSubgridSize = 2000, MinSubgridEdge = 4, ncells = 4136
RebuildHierarchy[4]: Flagged 11/21 grids. 496 flagged cells
LoadBalance: Number of grids moved = 11 out of 11 (0.000641171 seconds elapsed)
DetermineSGSize: MaxSubgridSize = 2000, MinSubgridEdge = 4, ncells = 4136
RebuildHierarchy[5]: Flagged 0/11 grids. 0 flagged cells
Level[2]: dt = 0.0154498  0.0154498 (0.0309089/0.0317889)
Level[3]: dt = 0.0074803  0.0074803 (0.0074803/0.0154498)
Level[4]: dt = 0.00359175  0.00359175 (0.00359175/0.0074803)
Level[5]: dt = 0.00172174  0.00172174 (0.00172174/0.00359175)
RebuildHierarchy: level = 5
TransferSubgridParticles[5]: Moved 0 particles, 0 stars, 0 active particles.
DetermineSGSize: MaxSubgridSize = 2000, MinSubgridEdge = 4, ncells = 4232
RebuildHierarchy[5]: Flagged 0/11 grids. 0 flagged cells
Level[5]: dt = 0.00172284  0.00172284 (0.00344458/0.00359175)
RebuildHierarchy: level = 5
TransferSubgridParticles[5]: Moved 0 particles, 0 stars, 0 active particles.
DetermineSGSize: MaxSubgridSize = 2000, MinSubgridEdge = 4, ncells = 4232
RebuildHierarchy[5]: Flagged 0/11 grids. 0 flagged cells
Level[5]: dt = 0.00014717  0.00172411 (0.00359175/0.00359175)
EvolveLevel[5]: NumberOfSubCycles = 3 (245 total, 3 sub)
RebuildHierarchy: level = 4
TransferSubgridParticles[4]: Moved 0 particles, 0 stars, 0 active particles.
DetermineSGSize: MaxSubgridSize = 2000, MinSubgridEdge = 4, ncells = 4232
RebuildHierarchy[4]: Flagged 11/21 grids. 500 flagged cells
LoadBalance: Number of grids moved = 11 out of 11 (0.000606272 seconds elapsed)
DetermineSGSize: MaxSubgridSize = 2000, MinSubgridEdge = 4, ncells = 4232
RebuildHierarchy[5]: Flagged 0/11 grids. 0 flagged cells
Level[4]: dt = 0.00359526  0.00359526 (0.007187/0.0074803)
Level[5]: dt = 0.0017242  0.0017242 (0.0017242/0.00359526)
RebuildHierarchy: level = 5
TransferSubgridParticles[5]: Moved 0 particles, 0 stars, 0 active particles.
DetermineSGSize: MaxSubgridSize = 2000, MinSubgridEdge = 4, ncells = 4304
RebuildHierarchy[5]: Flagged 0/11 grids. 0 flagged cells
Level[5]: dt = 0.00172514  0.00172514 (0.00344934/0.00359526)
RebuildHierarchy: level = 5
TransferSubgridParticles[5]: Moved 0 particles, 0 stars, 0 active particles.
DetermineSGSize: MaxSubgridSize = 2000, MinSubgridEdge = 4, ncells = 4304
RebuildHierarchy[5]: Flagged 0/11 grids. 0 flagged cells
Level[5]: dt = 0.000145916  0.00172628 (0.00359526/0.00359526)
EvolveLevel[5]: NumberOfSubCycles = 3 (248 total, 3 sub)
Level[4]: dt = 0.000293299  0.00359857 (0.0074803/0.0074803)
Level[5]: dt = 0.000293299  0.00172637 (0.000293299/0.000293299)
EvolveLevel[5]: NumberOfSubCycles = 1 (249 total, 1 sub)
EvolveLevel[4]: NumberOfSubCycles = 3 (116 total, 3 sub)
RebuildHierarchy: level = 3
TransferSubgridParticles[3]: Moved 6 particles, 0 stars, 0 active particles.
DetermineSGSize: MaxSubgridSize = 2000, MinSubgridEdge = 4, ncells = 6304
RebuildHierarchy[3]: Flagged 21/74 grids. 756 flagged cells
LoadBalance: Number of grids moved = 20 out of 21 (2.24002e-05 seconds elapsed)
DetermineSGSize: MaxSubgridSize = 2000, MinSubgridEdge = 4, ncells = 4304
RebuildHierarchy[4]: Flagged 11/21 grids. 497 flagged cells
LoadBalance: Number of grids moved = 11 out of 11 (0.000658847 seconds elapsed)
DetermineSGSize: MaxSubgridSize = 2000, MinSubgridEdge = 4, ncells = 4304
RebuildHierarchy[5]: Flagged 0/11 grids. 0 flagged cells
Level[3]: dt = 0.00748183  0.00748183 (0.0149621/0.0154498)
Level[4]: dt = 0.00359883  0.00359883 (0.00359883/0.00748183)
Level[5]: dt = 0.00172654  0.00172654 (0.00172654/0.00359883)
RebuildHierarchy: level = 5
TransferSubgridParticles[5]: Moved 0 particles, 0 stars, 0 active particles.
DetermineSGSize: MaxSubgridSize = 2000, MinSubgridEdge = 4, ncells = 4304
RebuildHierarchy[5]: Flagged 0/11 grids. 0 flagged cells
Level[5]: dt = 0.00172761  0.00172761 (0.00345415/0.00359883)
RebuildHierarchy: level = 5
TransferSubgridParticles[5]: Moved 0 particles, 0 stars, 0 active particles.
DetermineSGSize: MaxSubgridSize = 2000, MinSubgridEdge = 4, ncells = 4304
RebuildHierarchy[5]: Flagged 0/11 grids. 0 flagged cells
Level[5]: dt = 0.000144681  0.00172874 (0.00359883/0.00359883)
EvolveLevel[5]: NumberOfSubCycles = 3 (252 total, 3 sub)
RebuildHierarchy: level = 4
TransferSubgridParticles[4]: Moved 0 particles, 0 stars, 0 active particles.
DetermineSGSize: MaxSubgridSize = 2000, MinSubgridEdge = 4, ncells = 4304
RebuildHierarchy[4]: Flagged 11/21 grids. 500 flagged cells
LoadBalance: Number of grids moved = 11 out of 11 (0.000668369 seconds elapsed)
DetermineSGSize: MaxSubgridSize = 2000, MinSubgridEdge = 4, ncells = 4304
RebuildHierarchy[5]: Flagged 0/11 grids. 0 flagged cells
Level[4]: dt = 0.00360281  0.00360281 (0.00720164/0.00748183)
Level[5]: dt = 0.00172881  0.00172881 (0.00172881/0.00360281)
RebuildHierarchy: level = 5
TransferSubgridParticles[5]: Moved 0 particles, 0 stars, 0 active particles.
DetermineSGSize: MaxSubgridSize = 2000, MinSubgridEdge = 4, ncells = 4304
RebuildHierarchy[5]: Flagged 0/11 grids. 0 flagged cells
Level[5]: dt = 0.00172986  0.00172986 (0.00345867/0.00360281)
RebuildHierarchy: level = 5
TransferSubgridParticles[5]: Moved 0 particles, 0 stars, 0 active particles.
DetermineSGSize: MaxSubgridSize = 2000, MinSubgridEdge = 4, ncells = 4304
RebuildHierarchy[5]: Flagged 0/11 grids. 0 flagged cells
Level[5]: dt = 0.000144146  0.00173086 (0.00360281/0.00360281)
EvolveLevel[5]: NumberOfSubCycles = 3 (255 total, 3 sub)
Level[4]: dt = 0.000280188  0.00360658 (0.00748183/0.00748183)
Level[5]: dt = 0.000280188  0.00173093 (0.000280188/0.000280188)
EvolveLevel[5]: NumberOfSubCycles = 1 (256 total, 1 sub)
EvolveLevel[4]: NumberOfSubCycles = 3 (119 total, 3 sub)
Level[3]: dt = 0.000487621  0.00748438 (0.0154498/0.0154498)
Level[4]: dt = 0.000487621  0.00360686 (0.000487621/0.000487621)
Level[5]: dt = 0.000487621  0.00173107 (0.000487621/0.000487621)
EvolveLevel[5]: NumberOfSubCycles = 1 (257 total, 1 sub)
EvolveLevel[4]: NumberOfSubCycles = 1 (120 total, 1 sub)
EvolveLevel[3]: NumberOfSubCycles = 3 (48 total, 3 sub)
Level[2]: dt = 0.000879977  0.0154418 (0.0317889/0.0317889)
Level[3]: dt = 0.000879977  0.00748452 (0.000879977/0.000879977)
Level[4]: dt = 0.000879977  0.00360735 (0.000879977/0.000879977)
Level[5]: dt = 0.000879977  0.00173132 (0.000879977/0.000879977)
EvolveLevel[5]: NumberOfSubCycles = 1 (258 total, 1 sub)
EvolveLevel[4]: NumberOfSubCycles = 1 (121 total, 1 sub)
EvolveLevel[3]: NumberOfSubCycles = 1 (49 total, 1 sub)
EvolveLevel[2]: NumberOfSubCycles = 3 (19 total, 3 sub)
RebuildHierarchy: level = 1
TransferSubgridParticles[1]: Moved 45564 particles, 0 stars, 0 active particles.
DetermineSGSize: MaxSubgridSize = 2000, MinSubgridEdge = 4, ncells = 270288
RebuildHierarchy[1]: Flagged 297/4341 grids. 20890 flagged cells
LoadBalance: Number of grids moved = 360 out of 362 (0.000157177 seconds elapsed)
DetermineSGSize: MaxSubgridSize = 2000, MinSubgridEdge = 4, ncells = 43432
RebuildHierarchy[2]: Flagged 69/362 grids. 3704 flagged cells
LoadBalance: Number of grids moved = 73 out of 73 (0.00111886 seconds elapsed)
DetermineSGSize: MaxSubgridSize = 2000, MinSubgridEdge = 4, ncells = 6400
RebuildHierarchy[3]: Flagged 21/73 grids. 765 flagged cells
LoadBalance: Number of grids moved = 20 out of 21 (2.27764e-05 seconds elapsed)
DetermineSGSize: MaxSubgridSize = 2000, MinSubgridEdge = 4, ncells = 4304
RebuildHierarchy[4]: Flagged 11/21 grids. 509 flagged cells
LoadBalance: Number of grids moved = 11 out of 11 (0.000433493 seconds elapsed)
DetermineSGSize: MaxSubgridSize = 2000, MinSubgridEdge = 4, ncells = 4304
RebuildHierarchy[5]: Flagged 0/11 grids. 0 flagged cells
Level[1]: dt = 0.0313204  0.0317988 (0.0631093/0.0631093)
Level[2]: dt = 0.0154413  0.0154413 (0.0154413/0.0313204)
Level[3]: dt = 0.00748486  0.00748486 (0.00748486/0.0154413)
Level[4]: dt = 0.00360827  0.00360827 (0.00360827/0.00748486)
Level[5]: dt = 0.00173176  0.00173176 (0.00173176/0.00360827)
RebuildHierarchy: level = 5
TransferSubgridParticles[5]: Moved 0 particles, 0 stars, 0 active particles.
DetermineSGSize: MaxSubgridSize = 2000, MinSubgridEdge = 4, ncells = 4400
RebuildHierarchy[5]: Flagged 0/11 grids. 0 flagged cells
Level[5]: dt = 0.00173284  0.00173284 (0.00346461/0.00360827)
RebuildHierarchy: level = 5
TransferSubgridParticles[5]: Moved 0 particles, 0 stars, 0 active particles.
DetermineSGSize: MaxSubgridSize = 2000, MinSubgridEdge = 4, ncells = 4400
RebuildHierarchy[5]: Flagged 0/11 grids. 0 flagged cells
Level[5]: dt = 0.000143658  0.00173404 (0.00360827/0.00360827)
EvolveLevel[5]: NumberOfSubCycles = 3 (261 total, 3 sub)
RebuildHierarchy: level = 4
TransferSubgridParticles[4]: Moved 0 particles, 0 stars, 0 active particles.
DetermineSGSize: MaxSubgridSize = 2000, MinSubgridEdge = 4, ncells = 4400
RebuildHierarchy[4]: Flagged 11/21 grids. 500 flagged cells
LoadBalance: Number of grids moved = 11 out of 11 (0.000520136 seconds elapsed)
DetermineSGSize: MaxSubgridSize = 2000, MinSubgridEdge = 4, ncells = 4400
RebuildHierarchy[5]: Flagged 0/11 grids. 0 flagged cells
Level[4]: dt = 0.00361258  0.00361258 (0.00722085/0.00748486)
Level[5]: dt = 0.00173413  0.00173413 (0.00173413/0.00361258)
RebuildHierarchy: level = 5
TransferSubgridParticles[5]: Moved 0 particles, 0 stars, 0 active particles.
DetermineSGSize: MaxSubgridSize = 2000, MinSubgridEdge = 4, ncells = 4304
RebuildHierarchy[5]: Flagged 0/11 grids. 0 flagged cells
Level[5]: dt = 0.00173536  0.00173536 (0.00346949/0.00361258)
RebuildHierarchy: level = 5
TransferSubgridParticles[5]: Moved 0 particles, 0 stars, 0 active particles.
DetermineSGSize: MaxSubgridSize = 2000, MinSubgridEdge = 4, ncells = 4304
RebuildHierarchy[5]: Flagged 0/11 grids. 0 flagged cells
Level[5]: dt = 0.000143095  0.00173682 (0.00361258/0.00361258)
EvolveLevel[5]: NumberOfSubCycles = 3 (264 total, 3 sub)
Level[4]: dt = 0.000264015  0.00361744 (0.00748486/0.00748486)
Level[5]: dt = 0.000264015  0.00173693 (0.000264015/0.000264015)
EvolveLevel[5]: NumberOfSubCycles = 1 (265 total, 1 sub)
EvolveLevel[4]: NumberOfSubCycles = 3 (124 total, 3 sub)
RebuildHierarchy: level = 3
TransferSubgridParticles[3]: Moved 2 particles, 0 stars, 0 active particles.
DetermineSGSize: MaxSubgridSize = 2000, MinSubgridEdge = 4, ncells = 6528
RebuildHierarchy[3]: Flagged 21/73 grids. 756 flagged cells
LoadBalance: Number of grids moved = 20 out of 21 (2.3894e-05 seconds elapsed)
DetermineSGSize: MaxSubgridSize = 2000, MinSubgridEdge = 4, ncells = 4304
RebuildHierarchy[4]: Flagged 11/21 grids. 491 flagged cells
LoadBalance: Number of grids moved = 11 out of 11 (0.00059697 seconds elapsed)
DetermineSGSize: MaxSubgridSize = 2000, MinSubgridEdge = 4, ncells = 4304
RebuildHierarchy[5]: Flagged 0/11 grids. 0 flagged cells
Level[3]: dt = 0.00748797  0.00748797 (0.0149728/0.0154413)
Level[4]: dt = 0.0036178  0.0036178 (0.0036178/0.00748797)
Level[5]: dt = 0.00173714  0.00173714 (0.00173714/0.0036178)
RebuildHierarchy: level = 5
TransferSubgridParticles[5]: Moved 0 particles, 0 stars, 0 active particles.
DetermineSGSize: MaxSubgridSize = 2000, MinSubgridEdge = 4, ncells = 4176
RebuildHierarchy[5]: Flagged 0/11 grids. 0 flagged cells
Level[5]: dt = 0.00173882  0.00173882 (0.00347596/0.0036178)
RebuildHierarchy: level = 5
TransferSubgridParticles[5]: Moved 0 particles, 0 stars, 0 active particles.
DetermineSGSize: MaxSubgridSize = 2000, MinSubgridEdge = 4, ncells = 4176
RebuildHierarchy[5]: Flagged 0/11 grids. 0 flagged cells
Level[5]: dt = 0.000141839  0.00174055 (0.0036178/0.0036178)
EvolveLevel[5]: NumberOfSubCycles = 3 (268 total, 3 sub)
RebuildHierarchy: level = 4
TransferSubgridParticles[4]: Moved 0 particles, 0 stars, 0 active particles.
DetermineSGSize: MaxSubgridSize = 2000, MinSubgridEdge = 4, ncells = 4176
RebuildHierarchy[4]: Flagged 11/21 grids. 491 flagged cells
LoadBalance: Number of grids moved = 11 out of 11 (0.000505093 seconds elapsed)
DetermineSGSize: MaxSubgridSize = 2000, MinSubgridEdge = 4, ncells = 4176
RebuildHierarchy[5]: Flagged 0/11 grids. 0 flagged cells
Level[4]: dt = 0.00362277  0.00362277 (0.00724056/0.00748797)
Level[5]: dt = 0.00174069  0.00174069 (0.00174069/0.00362277)
RebuildHierarchy: level = 5
TransferSubgridParticles[5]: Moved 0 particles, 0 stars, 0 active particles.
DetermineSGSize: MaxSubgridSize = 2000, MinSubgridEdge = 4, ncells = 4176
RebuildHierarchy[5]: Flagged 0/11 grids. 0 flagged cells
Level[5]: dt = 0.00174117  0.00174117 (0.00348186/0.00362277)
RebuildHierarchy: level = 5
TransferSubgridParticles[5]: Moved 0 particles, 0 stars, 0 active particles.
DetermineSGSize: MaxSubgridSize = 2000, MinSubgridEdge = 4, ncells = 4176
RebuildHierarchy[5]: Flagged 0/11 grids. 0 flagged cells
Level[5]: dt = 0.000140903  0.00173961 (0.00362277/0.00362277)
EvolveLevel[5]: NumberOfSubCycles = 3 (271 total, 3 sub)
Level[4]: dt = 0.00024741  0.00362461 (0.00748797/0.00748797)
Level[5]: dt = 0.00024741  0.00173944 (0.00024741/0.00024741)
EvolveLevel[5]: NumberOfSubCycles = 1 (272 total, 1 sub)
EvolveLevel[4]: NumberOfSubCycles = 3 (127 total, 3 sub)
Level[3]: dt = 0.000468421  0.00749158 (0.0154413/0.0154413)
Level[4]: dt = 0.000468421  0.00362468 (0.000468421/0.000468421)
Level[5]: dt = 0.000468421  0.00173917 (0.000468421/0.000468421)
EvolveLevel[5]: NumberOfSubCycles = 1 (273 total, 1 sub)
EvolveLevel[4]: NumberOfSubCycles = 1 (128 total, 1 sub)
EvolveLevel[3]: NumberOfSubCycles = 3 (52 total, 3 sub)
RebuildHierarchy: level = 2
TransferSubgridParticles[2]: Moved 48 particles, 0 stars, 0 active particles.
DetermineSGSize: MaxSubgridSize = 2000, MinSubgridEdge = 4, ncells = 45040
RebuildHierarchy[2]: Flagged 69/362 grids. 3731 flagged cells
LoadBalance: Number of grids moved = 72 out of 72 (0.000764299 seconds elapsed)
DetermineSGSize: MaxSubgridSize = 2000, MinSubgridEdge = 4, ncells = 6456
RebuildHierarchy[3]: Flagged 21/72 grids. 744 flagged cells
LoadBalance: Number of grids moved = 20 out of 21 (2.27652e-05 seconds elapsed)
DetermineSGSize: MaxSubgridSize = 2000, MinSubgridEdge = 4, ncells = 4176
RebuildHierarchy[4]: Flagged 11/21 grids. 494 flagged cells
LoadBalance: Number of grids moved = 11 out of 11 (0.000686686 seconds elapsed)
DetermineSGSize: MaxSubgridSize = 2000, MinSubgridEdge = 4, ncells = 4176
RebuildHierarchy[5]: Flagged 0/11 grids. 0 flagged cells
Level[2]: dt = 0.0158792  0.015439 (0.0313204/0.0313204)
Level[3]: dt = 0.00749181  0.00749181 (0.00749181/0.0158792)
Level[4]: dt = 0.00362487  0.00362487 (0.00362487/0.00749181)
Level[5]: dt = 0.00173867  0.00173867 (0.00173867/0.00362487)
RebuildHierarchy: level = 5
TransferSubgridParticles[5]: Moved 0 particles, 0 stars, 0 active particles.
DetermineSGSize: MaxSubgridSize = 2000, MinSubgridEdge = 4, ncells = 4304
RebuildHierarchy[5]: Flagged 0/11 grids. 0 flagged cells
Level[5]: dt = 0.00173735  0.00173735 (0.00347602/0.00362487)
RebuildHierarchy: level = 5
TransferSubgridParticles[5]: Moved 0 particles, 0 stars, 0 active particles.
DetermineSGSize: MaxSubgridSize = 2000, MinSubgridEdge = 4, ncells = 4304
RebuildHierarchy[5]: Flagged 0/11 grids. 0 flagged cells
Level[5]: dt = 0.000148848  0.00173616 (0.00362487/0.00362487)
EvolveLevel[5]: NumberOfSubCycles = 3 (276 total, 3 sub)
RebuildHierarchy: level = 4
TransferSubgridParticles[4]: Moved 0 particles, 0 stars, 0 active particles.
DetermineSGSize: MaxSubgridSize = 2000, MinSubgridEdge = 4, ncells = 4304
RebuildHierarchy[4]: Flagged 11/21 grids. 503 flagged cells
LoadBalance: Number of grids moved = 11 out of 11 (0.000796791 seconds elapsed)
DetermineSGSize: MaxSubgridSize = 2000, MinSubgridEdge = 4, ncells = 4304
RebuildHierarchy[5]: Flagged 0/11 grids. 0 flagged cells
Level[4]: dt = 0.00362643  0.00362643 (0.00725129/0.00749181)
Level[5]: dt = 0.00173603  0.00173603 (0.00173603/0.00362643)
RebuildHierarchy: level = 5
TransferSubgridParticles[5]: Moved 0 particles, 0 stars, 0 active particles.
DetermineSGSize: MaxSubgridSize = 2000, MinSubgridEdge = 4, ncells = 4344
RebuildHierarchy[5]: Flagged 0/11 grids. 0 flagged cells
Level[5]: dt = 0.00173519  0.00173519 (0.00347123/0.00362643)
RebuildHierarchy: level = 5
TransferSubgridParticles[5]: Moved 0 particles, 0 stars, 0 active particles.
DetermineSGSize: MaxSubgridSize = 2000, MinSubgridEdge = 4, ncells = 4344
RebuildHierarchy[5]: Flagged 0/11 grids. 0 flagged cells
Level[5]: dt = 0.000155198  0.00173452 (0.00362643/0.00362643)
EvolveLevel[5]: NumberOfSubCycles = 3 (279 total, 3 sub)
Level[4]: dt = 0.000240522  0.00362811 (0.00749181/0.00749181)
Level[5]: dt = 0.000240522  0.00173444 (0.000240522/0.000240522)
EvolveLevel[5]: NumberOfSubCycles = 1 (280 total, 1 sub)
EvolveLevel[4]: NumberOfSubCycles = 3 (131 total, 3 sub)
RebuildHierarchy: level = 3
TransferSubgridParticles[3]: Moved 7 particles, 0 stars, 0 active particles.
DetermineSGSize: MaxSubgridSize = 2000, MinSubgridEdge = 4, ncells = 6232
RebuildHierarchy[3]: Flagged 21/72 grids. 744 flagged cells
LoadBalance: Number of grids moved = 20 out of 21 (2.2497e-05 seconds elapsed)
DetermineSGSize: MaxSubgridSize = 2000, MinSubgridEdge = 4, ncells = 4344
RebuildHierarchy[4]: Flagged 11/21 grids. 504 flagged cells
LoadBalance: Number of grids moved = 11 out of 11 (0.000710603 seconds elapsed)
DetermineSGSize: MaxSubgridSize = 2000, MinSubgridEdge = 4, ncells = 4344
RebuildHierarchy[5]: Flagged 0/11 grids. 0 flagged cells
Level[3]: dt = 0.00749621  0.00749621 (0.014988/0.0158792)
Level[4]: dt = 0.00362824  0.00362824 (0.00362824/0.00749621)
Level[5]: dt = 0.00173433  0.00173433 (0.00173433/0.00362824)
RebuildHierarchy: level = 5
TransferSubgridParticles[5]: Moved 0 particles, 0 stars, 0 active particles.
DetermineSGSize: MaxSubgridSize = 2000, MinSubgridEdge = 4, ncells = 4376
RebuildHierarchy[5]: Flagged 0/11 grids. 0 flagged cells
Level[5]: dt = 0.00173394  0.00173394 (0.00346827/0.00362824)
RebuildHierarchy: level = 5
TransferSubgridParticles[5]: Moved 0 particles, 0 stars, 0 active particles.
DetermineSGSize: MaxSubgridSize = 2000, MinSubgridEdge = 4, ncells = 4376
RebuildHierarchy[5]: Flagged 0/11 grids. 0 flagged cells
Level[5]: dt = 0.000159967  0.00173247 (0.00362824/0.00362824)
EvolveLevel[5]: NumberOfSubCycles = 3 (283 total, 3 sub)
RebuildHierarchy: level = 4
TransferSubgridParticles[4]: Moved 1 particles, 0 stars, 0 active particles.
DetermineSGSize: MaxSubgridSize = 2000, MinSubgridEdge = 4, ncells = 4376
RebuildHierarchy[4]: Flagged 12/21 grids. 528 flagged cells
LoadBalance: Number of grids moved = 12 out of 12 (0.000725474 seconds elapsed)
DetermineSGSize: MaxSubgridSize = 2000, MinSubgridEdge = 4, ncells = 4376
RebuildHierarchy[5]: Flagged 0/12 grids. 0 flagged cells
Level[4]: dt = 0.00362979  0.00362979 (0.00725802/0.00749621)
Level[5]: dt = 0.00173229  0.00173229 (0.00173229/0.00362979)
RebuildHierarchy: level = 5
TransferSubgridParticles[5]: Moved 0 particles, 0 stars, 0 active particles.
DetermineSGSize: MaxSubgridSize = 2000, MinSubgridEdge = 4, ncells = 4592
RebuildHierarchy[5]: Flagged 0/12 grids. 0 flagged cells
Level[5]: dt = 0.00173043  0.00173043 (0.00346272/0.00362979)
RebuildHierarchy: level = 5
TransferSubgridParticles[5]: Moved 0 particles, 0 stars, 0 active particles.
DetermineSGSize: MaxSubgridSize = 2000, MinSubgridEdge = 4, ncells = 4592
RebuildHierarchy[5]: Flagged 0/12 grids. 0 flagged cells
Level[5]: dt = 0.000167067  0.00172834 (0.00362979/0.00362979)
EvolveLevel[5]: NumberOfSubCycles = 3 (286 total, 3 sub)
Level[4]: dt = 0.000238186  0.00363147 (0.00749621/0.00749621)
Level[5]: dt = 0.000238186  0.00172816 (0.000238186/0.000238186)
EvolveLevel[5]: NumberOfSubCycles = 1 (287 total, 1 sub)
EvolveLevel[4]: NumberOfSubCycles = 3 (134 total, 3 sub)
Level[3]: dt = 0.000891154  0.00750094 (0.0158792/0.0158792)
Level[4]: dt = 0.000891154  0.00363157 (0.000891154/0.000891154)
Level[5]: dt = 0.000891154  0.00172791 (0.000891154/0.000891154)
EvolveLevel[5]: NumberOfSubCycles = 1 (288 total, 1 sub)
EvolveLevel[4]: NumberOfSubCycles = 1 (135 total, 1 sub)
EvolveLevel[3]: NumberOfSubCycles = 3 (55 total, 3 sub)
EvolveLevel[2]: NumberOfSubCycles = 2 (21 total, 2 sub)
EvolveLevel[1]: NumberOfSubCycles = 2 (10 total, 2 sub)
EvolveLevel[0]: NumberOfSubCycles = 1 (5 total, 5 sub)
CPUTime-output: Frac = 0.999992, Current = 377.419 (377.419), Stop = 2592000.000000, Last = 21.788
[YT_INFO   ] Setting YT parameters ...
[YT_INFO   ] Setting YT parameters ... done.
[YT_INFO   ] Getting pointer to particle list information ...
[YT_INFO   ] Getting pointer to particle list information  ... done.
[YT_INFO   ] Getting pointer to field list information ...
[YT_INFO   ] Getting pointer to field list information  ... done.
[YT_INFO   ] Getting pointer to local grids information ...
[YT_INFO   ] Getting pointer to local grids information  ... done.
[YT_INFO   ] Loading full hierarchy and local data to libyt ...
[YT_INFO   ] Loading full hierarchy and local data ... done.
[YT_INFO   ] Performing YT inline analysis yt_inline_func() ...
[YT_INFO   ] Performing YT inline analysis yt_inline_func() ... done.
Level[0]: dt = 0.0631685  0.0631685 (0.0631685/0.0631685)
PrepareGreens: Start = 0 0 36  Dim = 32 52 38
PrepareGreens: Start = 0 0 0  Dim = 32 52 36
Level[1]: dt = 0.0317952  0.0317952 (0.0317952/0.0631685)
Level[2]: dt = 0.015438  0.015438 (0.015438/0.0317952)
Level[3]: dt = 0.00750151  0.00750151 (0.00750151/0.015438)
Level[4]: dt = 0.00363198  0.00363198 (0.00363198/0.00750151)
Level[5]: dt = 0.00172692  0.00172692 (0.00172692/0.00363198)
RebuildHierarchy: level = 5
TransferSubgridParticles[5]: Moved 0 particles, 0 stars, 0 active particles.
DetermineSGSize: MaxSubgridSize = 2000, MinSubgridEdge = 4, ncells = 4592
RebuildHierarchy[5]: Flagged 0/12 grids. 0 flagged cells
Level[5]: dt = 0.00172523  0.00172523 (0.00345215/0.00363198)
RebuildHierarchy: level = 5
TransferSubgridParticles[5]: Moved 0 particles, 0 stars, 0 active particles.
DetermineSGSize: MaxSubgridSize = 2000, MinSubgridEdge = 4, ncells = 4592
RebuildHierarchy[5]: Flagged 0/12 grids. 0 flagged cells
Level[5]: dt = 0.000179832  0.00172366 (0.00363198/0.00363198)
EvolveLevel[5]: NumberOfSubCycles = 3 (291 total, 3 sub)
RebuildHierarchy: level = 4
TransferSubgridParticles[4]: Moved 1 particles, 0 stars, 0 active particles.
DetermineSGSize: MaxSubgridSize = 2000, MinSubgridEdge = 4, ncells = 4592
RebuildHierarchy[4]: Flagged 12/21 grids. 531 flagged cells
LoadBalance: Number of grids moved = 12 out of 12 (0.000639699 seconds elapsed)
DetermineSGSize: MaxSubgridSize = 2000, MinSubgridEdge = 4, ncells = 4592
RebuildHierarchy[5]: Flagged 0/12 grids. 0 flagged cells
Level[4]: dt = 0.00363401  0.00363401 (0.007266/0.00750151)
Level[5]: dt = 0.0017235  0.0017235 (0.0017235/0.00363401)
RebuildHierarchy: level = 5
TransferSubgridParticles[5]: Moved 0 particles, 0 stars, 0 active particles.
DetermineSGSize: MaxSubgridSize = 2000, MinSubgridEdge = 4, ncells = 4592
RebuildHierarchy[5]: Flagged 0/12 grids. 0 flagged cells
Level[5]: dt = 0.00172207  0.00172207 (0.00344557/0.00363401)
RebuildHierarchy: level = 5
TransferSubgridParticles[5]: Moved 0 particles, 0 stars, 0 active particles.
DetermineSGSize: MaxSubgridSize = 2000, MinSubgridEdge = 4, ncells = 4592
RebuildHierarchy[5]: Flagged 0/12 grids. 0 flagged cells
Level[5]: dt = 0.00018844  0.00172077 (0.00363401/0.00363401)
EvolveLevel[5]: NumberOfSubCycles = 3 (294 total, 3 sub)
Level[4]: dt = 0.000235514  0.00363611 (0.00750151/0.00750151)
Level[5]: dt = 0.000235514  0.00172063 (0.000235514/0.000235514)
EvolveLevel[5]: NumberOfSubCycles = 1 (295 total, 1 sub)
EvolveLevel[4]: NumberOfSubCycles = 3 (138 total, 3 sub)
RebuildHierarchy: level = 3
TransferSubgridParticles[3]: Moved 11 particles, 0 stars, 0 active particles.
DetermineSGSize: MaxSubgridSize = 2000, MinSubgridEdge = 4, ncells = 6232
RebuildHierarchy[3]: Flagged 20/72 grids. 750 flagged cells
LoadBalance: Number of grids moved = 19 out of 20 (2.22549e-05 seconds elapsed)
DetermineSGSize: MaxSubgridSize = 2000, MinSubgridEdge = 4, ncells = 4592
RebuildHierarchy[4]: Flagged 12/20 grids. 549 flagged cells
LoadBalance: Number of grids moved = 12 out of 12 (0.000815913 seconds elapsed)
DetermineSGSize: MaxSubgridSize = 2000, MinSubgridEdge = 4, ncells = 4592
RebuildHierarchy[5]: Flagged 0/12 grids. 0 flagged cells
Level[3]: dt = 0.00749738  0.00749738 (0.0149989/0.015438)
Level[4]: dt = 0.00363626  0.00363626 (0.00363626/0.00749738)
Level[5]: dt = 0.00172045  0.00172045 (0.00172045/0.00363626)
RebuildHierarchy: level = 5
TransferSubgridParticles[5]: Moved 0 particles, 0 stars, 0 active particles.
DetermineSGSize: MaxSubgridSize = 2000, MinSubgridEdge = 4, ncells = 4760
RebuildHierarchy[5]: Flagged 0/12 grids. 0 flagged cells
Level[5]: dt = 0.00171932  0.00171932 (0.00343978/0.00363626)
RebuildHierarchy: level = 5
TransferSubgridParticles[5]: Moved 0 particles, 0 stars, 0 active particles.
DetermineSGSize: MaxSubgridSize = 2000, MinSubgridEdge = 4, ncells = 4760
RebuildHierarchy[5]: Flagged 0/12 grids. 0 flagged cells
Level[5]: dt = 0.00019649  0.00171815 (0.00363626/0.00363626)
EvolveLevel[5]: NumberOfSubCycles = 3 (298 total, 3 sub)
RebuildHierarchy: level = 4
TransferSubgridParticles[4]: Moved 0 particles, 0 stars, 0 active particles.
DetermineSGSize: MaxSubgridSize = 2000, MinSubgridEdge = 4, ncells = 4760
RebuildHierarchy[4]: Flagged 12/20 grids. 549 flagged cells
LoadBalance: Number of grids moved = 12 out of 12 (0.000761602 seconds elapsed)
DetermineSGSize: MaxSubgridSize = 2000, MinSubgridEdge = 4, ncells = 4760
RebuildHierarchy[5]: Flagged 0/12 grids. 0 flagged cells
Level[4]: dt = 0.00363811  0.00363811 (0.00727438/0.00749738)
Level[5]: dt = 0.00171804  0.00171804 (0.00171804/0.00363811)
RebuildHierarchy: level = 5
TransferSubgridParticles[5]: Moved 0 particles, 0 stars, 0 active particles.
DetermineSGSize: MaxSubgridSize = 2000, MinSubgridEdge = 4, ncells = 4760
RebuildHierarchy[5]: Flagged 0/12 grids. 0 flagged cells
Level[5]: dt = 0.00171722  0.00171722 (0.00343526/0.00363811)
RebuildHierarchy: level = 5
TransferSubgridParticles[5]: Moved 0 particles, 0 stars, 0 active particles.
DetermineSGSize: MaxSubgridSize = 2000, MinSubgridEdge = 4, ncells = 4760
RebuildHierarchy[5]: Flagged 0/12 grids. 0 flagged cells
Level[5]: dt = 0.000202856  0.00171638 (0.00363811/0.00363811)
EvolveLevel[5]: NumberOfSubCycles = 3 (301 total, 3 sub)
Level[4]: dt = 0.000223  0.00364021 (0.00749738/0.00749738)
Level[5]: dt = 0.000223  0.0017163 (0.000223/0.000223)
EvolveLevel[5]: NumberOfSubCycles = 1 (302 total, 1 sub)
EvolveLevel[4]: NumberOfSubCycles = 3 (141 total, 3 sub)
Level[3]: dt = 0.000439112  0.0074991 (0.015438/0.015438)
Level[4]: dt = 0.000439112  0.00364033 (0.000439112/0.000439112)
Level[5]: dt = 0.000439112  0.00171621 (0.000439112/0.000439112)
EvolveLevel[5]: NumberOfSubCycles = 1 (303 total, 1 sub)
EvolveLevel[4]: NumberOfSubCycles = 1 (142 total, 1 sub)
EvolveLevel[3]: NumberOfSubCycles = 3 (58 total, 3 sub)
RebuildHierarchy: level = 2
TransferSubgridParticles[2]: Moved 109 particles, 0 stars, 0 active particles.
DetermineSGSize: MaxSubgridSize = 2000, MinSubgridEdge = 4, ncells = 46288
RebuildHierarchy[2]: Flagged 70/362 grids. 3843 flagged cells
LoadBalance: Number of grids moved = 73 out of 73 (0.00095145 seconds elapsed)
DetermineSGSize: MaxSubgridSize = 2000, MinSubgridEdge = 4, ncells = 6256
RebuildHierarchy[3]: Flagged 20/73 grids. 771 flagged cells
LoadBalance: Number of grids moved = 19 out of 20 (2.24821e-05 seconds elapsed)
DetermineSGSize: MaxSubgridSize = 2000, MinSubgridEdge = 4, ncells = 4760
RebuildHierarchy[4]: Flagged 12/20 grids. 561 flagged cells
LoadBalance: Number of grids moved = 12 out of 12 (0.000787392 seconds elapsed)
DetermineSGSize: MaxSubgridSize = 2000, MinSubgridEdge = 4, ncells = 4760
RebuildHierarchy[5]: Flagged 0/12 grids. 0 flagged cells
Level[2]: dt = 0.0154383  0.0154383 (0.0308763/0.0317952)
Level[3]: dt = 0.00749876  0.00749876 (0.00749876/0.0154383)
Level[4]: dt = 0.00364062  0.00364062 (0.00364062/0.00749876)
Level[5]: dt = 0.00171604  0.00171604 (0.00171604/0.00364062)
RebuildHierarchy: level = 5
TransferSubgridParticles[5]: Moved 0 particles, 0 stars, 0 active particles.
DetermineSGSize: MaxSubgridSize = 2000, MinSubgridEdge = 4, ncells = 4888
RebuildHierarchy[5]: Flagged 0/12 grids. 0 flagged cells
Level[5]: dt = 0.00171562  0.00171562 (0.00343165/0.00364062)
RebuildHierarchy: level = 5
TransferSubgridParticles[5]: Moved 0 particles, 0 stars, 0 active particles.
DetermineSGSize: MaxSubgridSize = 2000, MinSubgridEdge = 4, ncells = 4888
RebuildHierarchy[5]: Flagged 0/12 grids. 0 flagged cells
Level[5]: dt = 0.000208968  0.00171529 (0.00364062/0.00364062)
EvolveLevel[5]: NumberOfSubCycles = 3 (306 total, 3 sub)
RebuildHierarchy: level = 4
TransferSubgridParticles[4]: Moved 2 particles, 0 stars, 0 active particles.
DetermineSGSize: MaxSubgridSize = 2000, MinSubgridEdge = 4, ncells = 4888
RebuildHierarchy[4]: Flagged 12/20 grids. 549 flagged cells
LoadBalance: Number of grids moved = 12 out of 12 (0.000797812 seconds elapsed)
DetermineSGSize: MaxSubgridSize = 2000, MinSubgridEdge = 4, ncells = 4888
RebuildHierarchy[5]: Flagged 0/12 grids. 0 flagged cells
Level[4]: dt = 0.00364314  0.00364314 (0.00728376/0.00749876)
Level[5]: dt = 0.00171524  0.00171524 (0.00171524/0.00364314)
RebuildHierarchy: level = 5
TransferSubgridParticles[5]: Moved 0 particles, 0 stars, 0 active particles.
DetermineSGSize: MaxSubgridSize = 2000, MinSubgridEdge = 4, ncells = 4792
RebuildHierarchy[5]: Flagged 0/12 grids. 0 flagged cells
Level[5]: dt = 0.0017151  0.0017151 (0.00343034/0.00364314)
RebuildHierarchy: level = 5
TransferSubgridParticles[5]: Moved 0 particles, 0 stars, 0 active particles.
DetermineSGSize: MaxSubgridSize = 2000, MinSubgridEdge = 4, ncells = 4792
RebuildHierarchy[5]: Flagged 0/12 grids. 0 flagged cells
Level[5]: dt = 0.0002128  0.00171504 (0.00364314/0.00364314)
EvolveLevel[5]: NumberOfSubCycles = 3 (309 total, 3 sub)
Level[4]: dt = 0.000214998  0.00364583 (0.00749876/0.00749876)
Level[5]: dt = 0.000214998  0.00171502 (0.000214998/0.000214998)
EvolveLevel[5]: NumberOfSubCycles = 1 (310 total, 1 sub)
EvolveLevel[4]: NumberOfSubCycles = 3 (145 total, 3 sub)
RebuildHierarchy: level = 3
TransferSubgridParticles[3]: Moved 5 particles, 0 stars, 0 active particles.
DetermineSGSize: MaxSubgridSize = 2000, MinSubgridEdge = 4, ncells = 6472
RebuildHierarchy[3]: Flagged 20/73 grids. 802 flagged cells
LoadBalance: Number of grids moved = 19 out of 20 (2.28472e-05 seconds elapsed)
DetermineSGSize: MaxSubgridSize = 2000, MinSubgridEdge = 4, ncells = 4792
RebuildHierarchy[4]: Flagged 12/20 grids. 549 flagged cells
LoadBalance: Number of grids moved = 12 out of 12 (0.000836153 seconds elapsed)
DetermineSGSize: MaxSubgridSize = 2000, MinSubgridEdge = 4, ncells = 4792
RebuildHierarchy[5]: Flagged 0/12 grids. 0 flagged cells
Level[3]: dt = 0.00749481  0.00749481 (0.0149936/0.0154383)
Level[4]: dt = 0.003646  0.003646 (0.003646/0.00749481)
Level[5]: dt = 0.00171501  0.00171501 (0.00171501/0.003646)
RebuildHierarchy: level = 5
TransferSubgridParticles[5]: Moved 0 particles, 0 stars, 0 active particles.
DetermineSGSize: MaxSubgridSize = 2000, MinSubgridEdge = 4, ncells = 4792
RebuildHierarchy[5]: Flagged 0/12 grids. 0 flagged cells
Level[5]: dt = 0.00171508  0.00171508 (0.00343009/0.003646)
RebuildHierarchy: level = 5
TransferSubgridParticles[5]: Moved 0 particles, 0 stars, 0 active particles.
DetermineSGSize: MaxSubgridSize = 2000, MinSubgridEdge = 4, ncells = 4792
RebuildHierarchy[5]: Flagged 0/12 grids. 0 flagged cells
Level[5]: dt = 0.000215911  0.00171512 (0.003646/0.003646)
EvolveLevel[5]: NumberOfSubCycles = 3 (313 total, 3 sub)
RebuildHierarchy: level = 4
TransferSubgridParticles[4]: Moved 0 particles, 0 stars, 0 active particles.
DetermineSGSize: MaxSubgridSize = 2000, MinSubgridEdge = 4, ncells = 4792
RebuildHierarchy[4]: Flagged 12/20 grids. 549 flagged cells
LoadBalance: Number of grids moved = 12 out of 12 (0.000706352 seconds elapsed)
DetermineSGSize: MaxSubgridSize = 2000, MinSubgridEdge = 4, ncells = 4792
RebuildHierarchy[5]: Flagged 0/12 grids. 0 flagged cells
Level[4]: dt = 0.00364867  0.00364867 (0.00729467/0.00749481)
Level[5]: dt = 0.00171514  0.00171514 (0.00171514/0.00364867)
RebuildHierarchy: level = 5
TransferSubgridParticles[5]: Moved 0 particles, 0 stars, 0 active particles.
DetermineSGSize: MaxSubgridSize = 2000, MinSubgridEdge = 4, ncells = 4792
RebuildHierarchy[5]: Flagged 0/12 grids. 0 flagged cells
Level[5]: dt = 0.00171545  0.00171545 (0.00343059/0.00364867)
RebuildHierarchy: level = 5
TransferSubgridParticles[5]: Moved 0 particles, 0 stars, 0 active particles.
DetermineSGSize: MaxSubgridSize = 2000, MinSubgridEdge = 4, ncells = 4792
RebuildHierarchy[5]: Flagged 0/12 grids. 0 flagged cells
Level[5]: dt = 0.000218079  0.0017157 (0.00364867/0.00364867)
EvolveLevel[5]: NumberOfSubCycles = 3 (316 total, 3 sub)
Level[4]: dt = 0.000200143  0.00365149 (0.00749481/0.00749481)
Level[5]: dt = 0.000200143  0.00171574 (0.000200143/0.000200143)
EvolveLevel[5]: NumberOfSubCycles = 1 (317 total, 1 sub)
EvolveLevel[4]: NumberOfSubCycles = 3 (148 total, 3 sub)
P(0) -- CFRFl warn: -3.283441e-12 1.330721e-14 4.457773e-12 -4.444466e-12 7 4 5 1 [10]
Level[3]: dt = 0.000444697  0.00749672 (0.0154383/0.0154383)
Level[4]: dt = 0.000444697  0.00365164 (0.000444697/0.000444697)
Level[5]: dt = 0.000444697  0.00171578 (0.000444697/0.000444697)
EvolveLevel[5]: NumberOfSubCycles = 1 (318 total, 1 sub)
EvolveLevel[4]: NumberOfSubCycles = 1 (149 total, 1 sub)
EvolveLevel[3]: NumberOfSubCycles = 3 (61 total, 3 sub)
Level[2]: dt = 0.000918916  0.0154395 (0.0317952/0.0317952)
Level[3]: dt = 0.000918916  0.00749637 (0.000918916/0.000918916)
Level[4]: dt = 0.000918916  0.00365201 (0.000918916/0.000918916)
Level[5]: dt = 0.000918916  0.00171585 (0.000918916/0.000918916)
EvolveLevel[5]: NumberOfSubCycles = 1 (319 total, 1 sub)
EvolveLevel[4]: NumberOfSubCycles = 1 (150 total, 1 sub)
EvolveLevel[3]: NumberOfSubCycles = 1 (62 total, 1 sub)
EvolveLevel[2]: NumberOfSubCycles = 3 (24 total, 3 sub)
RebuildHierarchy: level = 1
TransferSubgridParticles[1]: Moved 4054 particles, 0 stars, 0 active particles.
DetermineSGSize: MaxSubgridSize = 2000, MinSubgridEdge = 4, ncells = 278776
RebuildHierarchy[1]: Flagged 303/4341 grids. 21567 flagged cells
LoadBalance: Number of grids moved = 365 out of 369 (0.000174958 seconds elapsed)
DetermineSGSize: MaxSubgridSize = 2000, MinSubgridEdge = 4, ncells = 47536
RebuildHierarchy[2]: Flagged 70/369 grids. 3889 flagged cells
LoadBalance: Number of grids moved = 74 out of 74 (0.00109814 seconds elapsed)
DetermineSGSize: MaxSubgridSize = 2000, MinSubgridEdge = 4, ncells = 6792
RebuildHierarchy[3]: Flagged 21/74 grids. 799 flagged cells
LoadBalance: Number of grids moved = 20 out of 21 (2.35625e-05 seconds elapsed)
DetermineSGSize: MaxSubgridSize = 2000, MinSubgridEdge = 4, ncells = 4792
RebuildHierarchy[4]: Flagged 12/21 grids. 531 flagged cells
LoadBalance: Number of grids moved = 12 out of 12 (0.000657178 seconds elapsed)
DetermineSGSize: MaxSubgridSize = 2000, MinSubgridEdge = 4, ncells = 4792
RebuildHierarchy[5]: Flagged 0/12 grids. 0 flagged cells
Level[1]: dt = 0.0313733  0.0317947 (0.0631685/0.0631685)
Level[2]: dt = 0.0154396  0.0154396 (0.0154396/0.0313733)
Level[3]: dt = 0.00749606  0.00749606 (0.00749606/0.0154396)
Level[4]: dt = 0.0036528  0.0036528 (0.0036528/0.00749606)
Level[5]: dt = 0.0017161  0.0017161 (0.0017161/0.0036528)
RebuildHierarchy: level = 5
TransferSubgridParticles[5]: Moved 0 particles, 0 stars, 0 active particles.
DetermineSGSize: MaxSubgridSize = 2000, MinSubgridEdge = 4, ncells = 4536
RebuildHierarchy[5]: Flagged 0/12 grids. 0 flagged cells
Level[5]: dt = 0.00171666  0.00171666 (0.00343277/0.0036528)
RebuildHierarchy: level = 5
TransferSubgridParticles[5]: Moved 0 particles, 0 stars, 0 active particles.
DetermineSGSize: MaxSubgridSize = 2000, MinSubgridEdge = 4, ncells = 4536
RebuildHierarchy[5]: Flagged 0/12 grids. 0 flagged cells
Level[5]: dt = 0.000220036  0.00171714 (0.0036528/0.0036528)
EvolveLevel[5]: NumberOfSubCycles = 3 (322 total, 3 sub)
RebuildHierarchy: level = 4
TransferSubgridParticles[4]: Moved 2 particles, 0 stars, 0 active particles.
DetermineSGSize: MaxSubgridSize = 2000, MinSubgridEdge = 4, ncells = 4536
RebuildHierarchy[4]: Flagged 12/21 grids. 525 flagged cells
LoadBalance: Number of grids moved = 12 out of 12 (0.00072404 seconds elapsed)
DetermineSGSize: MaxSubgridSize = 2000, MinSubgridEdge = 4, ncells = 4536
RebuildHierarchy[5]: Flagged 0/12 grids. 0 flagged cells
Level[4]: dt = 0.00365586  0.00365586 (0.00730866/0.00749606)
Level[5]: dt = 0.0017172  0.0017172 (0.0017172/0.00365586)
RebuildHierarchy: level = 5
TransferSubgridParticles[5]: Moved 0 particles, 0 stars, 0 active particles.
DetermineSGSize: MaxSubgridSize = 2000, MinSubgridEdge = 4, ncells = 4536
RebuildHierarchy[5]: Flagged 0/12 grids. 0 flagged cells
Level[5]: dt = 0.00171789  0.00171789 (0.00343509/0.00365586)
RebuildHierarchy: level = 5
TransferSubgridParticles[5]: Moved 0 particles, 0 stars, 0 active particles.
DetermineSGSize: MaxSubgridSize = 2000, MinSubgridEdge = 4, ncells = 4536
RebuildHierarchy[5]: Flagged 0/12 grids. 0 flagged cells
Level[5]: dt = 0.000220769  0.00171852 (0.00365586/0.00365586)
EvolveLevel[5]: NumberOfSubCycles = 3 (325 total, 3 sub)
Level[4]: dt = 0.000187397  0.00365911 (0.00749606/0.00749606)
Level[5]: dt = 0.000187397  0.0017186 (0.000187397/0.000187397)
EvolveLevel[5]: NumberOfSubCycles = 1 (326 total, 1 sub)
EvolveLevel[4]: NumberOfSubCycles = 3 (153 total, 3 sub)
RebuildHierarchy: level = 3
TransferSubgridParticles[3]: Moved 7 particles, 0 stars, 0 active particles.
DetermineSGSize: MaxSubgridSize = 2000, MinSubgridEdge = 4, ncells = 6712
RebuildHierarchy[3]: Flagged 21/74 grids. 811 flagged cells
LoadBalance: Number of grids moved = 20 out of 21 (2.21878e-05 seconds elapsed)
DetermineSGSize: MaxSubgridSize = 2000, MinSubgridEdge = 4, ncells = 4536
RebuildHierarchy[4]: Flagged 12/21 grids. 525 flagged cells
LoadBalance: Number of grids moved = 12 out of 12 (0.00016598 seconds elapsed)
DetermineSGSize: MaxSubgridSize = 2000, MinSubgridEdge = 4, ncells = 4536
RebuildHierarchy[5]: Flagged 0/12 grids. 0 flagged cells
Level[3]: dt = 0.00749748  0.00749748 (0.0149935/0.0154396)
Level[4]: dt = 0.00365928  0.00365928 (0.00365928/0.00749748)
Level[5]: dt = 0.00171867  0.00171867 (0.00171867/0.00365928)
RebuildHierarchy: level = 5
TransferSubgridParticles[5]: Moved 0 particles, 0 stars, 0 active particles.
DetermineSGSize: MaxSubgridSize = 2000, MinSubgridEdge = 4, ncells = 4536
RebuildHierarchy[5]: Flagged 0/12 grids. 0 flagged cells
Level[5]: dt = 0.00171941  0.00171941 (0.00343808/0.00365928)
RebuildHierarchy: level = 5
TransferSubgridParticles[5]: Moved 0 particles, 0 stars, 0 active particles.
DetermineSGSize: MaxSubgridSize = 2000, MinSubgridEdge = 4, ncells = 4536
RebuildHierarchy[5]: Flagged 0/12 grids. 0 flagged cells
Level[5]: dt = 0.000221197  0.00172044 (0.00365928/0.00365928)
EvolveLevel[5]: NumberOfSubCycles = 3 (329 total, 3 sub)
RebuildHierarchy: level = 4
TransferSubgridParticles[4]: Moved 0 particles, 0 stars, 0 active particles.
DetermineSGSize: MaxSubgridSize = 2000, MinSubgridEdge = 4, ncells = 4536
RebuildHierarchy[4]: Flagged 13/21 grids. 552 flagged cells
LoadBalance: Number of grids moved = 13 out of 13 (0.000778668 seconds elapsed)
DetermineSGSize: MaxSubgridSize = 2000, MinSubgridEdge = 4, ncells = 4536
RebuildHierarchy[5]: Flagged 0/13 grids. 0 flagged cells
Level[4]: dt = 0.00383821  0.0036628 (0.00749748/0.00749748)
Level[5]: dt = 0.00172055  0.00172055 (0.00172055/0.00383821)
RebuildHierarchy: level = 5
TransferSubgridParticles[5]: Moved 0 particles, 0 stars, 0 active particles.
DetermineSGSize: MaxSubgridSize = 2000, MinSubgridEdge = 4, ncells = 4752
RebuildHierarchy[5]: Flagged 0/13 grids. 0 flagged cells
Level[5]: dt = 0.00172147  0.00172147 (0.00344202/0.00383821)
RebuildHierarchy: level = 5
TransferSubgridParticles[5]: Moved 0 particles, 0 stars, 0 active particles.
DetermineSGSize: MaxSubgridSize = 2000, MinSubgridEdge = 4, ncells = 4752
RebuildHierarchy[5]: Flagged 0/13 grids. 0 flagged cells
Level[5]: dt = 0.000396194  0.00172269 (0.00383821/0.00383821)
EvolveLevel[5]: NumberOfSubCycles = 3 (332 total, 3 sub)
EvolveLevel[4]: NumberOfSubCycles = 2 (155 total, 2 sub)
Level[3]: dt = 0.000446043  0.00749165 (0.0154396/0.0154396)
Level[4]: dt = 0.000446043  0.00366656 (0.000446043/0.000446043)
Level[5]: dt = 0.000446043  0.00172293 (0.000446043/0.000446043)
EvolveLevel[5]: NumberOfSubCycles = 1 (333 total, 1 sub)
EvolveLevel[4]: NumberOfSubCycles = 1 (156 total, 1 sub)
EvolveLevel[3]: NumberOfSubCycles = 3 (65 total, 3 sub)
RebuildHierarchy: level = 2
TransferSubgridParticles[2]: Moved 63 particles, 0 stars, 0 active particles.
DetermineSGSize: MaxSubgridSize = 2000, MinSubgridEdge = 4, ncells = 49264
RebuildHierarchy[2]: Flagged 70/369 grids. 3871 flagged cells
LoadBalance: Number of grids moved = 74 out of 74 (0.00082989 seconds elapsed)
DetermineSGSize: MaxSubgridSize = 2000, MinSubgridEdge = 4, ncells = 6840
RebuildHierarchy[3]: Flagged 21/74 grids. 811 flagged cells
LoadBalance: Number of grids moved = 20 out of 21 (2.32458e-05 seconds elapsed)
DetermineSGSize: MaxSubgridSize = 2000, MinSubgridEdge = 4, ncells = 4752
RebuildHierarchy[4]: Flagged 12/21 grids. 534 flagged cells
LoadBalance: Number of grids moved = 12 out of 12 (0.00082678 seconds elapsed)
DetermineSGSize: MaxSubgridSize = 2000, MinSubgridEdge = 4, ncells = 4752
RebuildHierarchy[5]: Flagged 0/12 grids. 0 flagged cells
Level[2]: dt = 0.0159337  0.0154383 (0.0313733/0.0313733)
Level[3]: dt = 0.00749168  0.00749168 (0.00749168/0.0159337)
Level[4]: dt = 0.003667  0.003667 (0.003667/0.00749168)
Level[5]: dt = 0.00172319  0.00172319 (0.00172319/0.003667)
RebuildHierarchy: level = 5
TransferSubgridParticles[5]: Moved 0 particles, 0 stars, 0 active particles.
DetermineSGSize: MaxSubgridSize = 2000, MinSubgridEdge = 4, ncells = 4632
RebuildHierarchy[5]: Flagged 0/12 grids. 0 flagged cells
Level[5]: dt = 0.00172454  0.00172454 (0.00344773/0.003667)
RebuildHierarchy: level = 5
TransferSubgridParticles[5]: Moved 0 particles, 0 stars, 0 active particles.
DetermineSGSize: MaxSubgridSize = 2000, MinSubgridEdge = 4, ncells = 4632
RebuildHierarchy[5]: Flagged 0/12 grids. 0 flagged cells
Level[5]: dt = 0.00021927  0.00172592 (0.003667/0.003667)
EvolveLevel[5]: NumberOfSubCycles = 3 (336 total, 3 sub)
RebuildHierarchy: level = 4
TransferSubgridParticles[4]: Moved 0 particles, 0 stars, 0 active particles.
DetermineSGSize: MaxSubgridSize = 2000, MinSubgridEdge = 4, ncells = 4632
RebuildHierarchy[4]: Flagged 12/21 grids. 534 flagged cells
LoadBalance: Number of grids moved = 12 out of 12 (0.000680093 seconds elapsed)
DetermineSGSize: MaxSubgridSize = 2000, MinSubgridEdge = 4, ncells = 4632
RebuildHierarchy[5]: Flagged 0/12 grids. 0 flagged cells
Level[4]: dt = 0.00382468  0.00367049 (0.00749168/0.00749168)
Level[5]: dt = 0.00172607  0.00172607 (0.00172607/0.00382468)
RebuildHierarchy: level = 5
TransferSubgridParticles[5]: Moved 0 particles, 0 stars, 0 active particles.
DetermineSGSize: MaxSubgridSize = 2000, MinSubgridEdge = 4, ncells = 4632
RebuildHierarchy[5]: Flagged 0/12 grids. 0 flagged cells
Level[5]: dt = 0.00172759  0.00172759 (0.00345366/0.00382468)
RebuildHierarchy: level = 5
TransferSubgridParticles[5]: Moved 0 particles, 0 stars, 0 active particles.
DetermineSGSize: MaxSubgridSize = 2000, MinSubgridEdge = 4, ncells = 4632
RebuildHierarchy[5]: Flagged 0/12 grids. 0 flagged cells
Level[5]: dt = 0.000371021  0.00172918 (0.00382468/0.00382468)
EvolveLevel[5]: NumberOfSubCycles = 3 (339 total, 3 sub)
EvolveLevel[4]: NumberOfSubCycles = 2 (158 total, 2 sub)
RebuildHierarchy: level = 3
TransferSubgridParticles[3]: Moved 10 particles, 0 stars, 0 active particles.
DetermineSGSize: MaxSubgridSize = 2000, MinSubgridEdge = 4, ncells = 6840
RebuildHierarchy[3]: Flagged 22/74 grids. 841 flagged cells
LoadBalance: Number of grids moved = 21 out of 22 (2.40691e-05 seconds elapsed)
DetermineSGSize: MaxSubgridSize = 2000, MinSubgridEdge = 4, ncells = 4632
RebuildHierarchy[4]: Flagged 12/22 grids. 543 flagged cells
LoadBalance: Number of grids moved = 12 out of 12 (0.000714213 seconds elapsed)
DetermineSGSize: MaxSubgridSize = 2000, MinSubgridEdge = 4, ncells = 4632
RebuildHierarchy[5]: Flagged 0/12 grids. 0 flagged cells
Level[3]: dt = 0.00749253  0.00749253 (0.0149842/0.0159337)
Level[4]: dt = 0.00367417  0.00367417 (0.00367417/0.00749253)
Level[5]: dt = 0.00172949  0.00172949 (0.00172949/0.00367417)
RebuildHierarchy: level = 5
TransferSubgridParticles[5]: Moved 0 particles, 0 stars, 0 active particles.
DetermineSGSize: MaxSubgridSize = 2000, MinSubgridEdge = 4, ncells = 4760
RebuildHierarchy[5]: Flagged 0/12 grids. 0 flagged cells
Level[5]: dt = 0.00173124  0.00173124 (0.00346073/0.00367417)
RebuildHierarchy: level = 5
TransferSubgridParticles[5]: Moved 0 particles, 0 stars, 0 active particles.
DetermineSGSize: MaxSubgridSize = 2000, MinSubgridEdge = 4, ncells = 4760
RebuildHierarchy[5]: Flagged 0/12 grids. 0 flagged cells
Level[5]: dt = 0.000213438  0.00173307 (0.00367417/0.00367417)
EvolveLevel[5]: NumberOfSubCycles = 3 (342 total, 3 sub)
RebuildHierarchy: level = 4
TransferSubgridParticles[4]: Moved 0 particles, 0 stars, 0 active particles.
DetermineSGSize: MaxSubgridSize = 2000, MinSubgridEdge = 4, ncells = 4760
RebuildHierarchy[4]: Flagged 13/22 grids. 570 flagged cells
LoadBalance: Number of grids moved = 13 out of 13 (0.000792768 seconds elapsed)
DetermineSGSize: MaxSubgridSize = 2000, MinSubgridEdge = 4, ncells = 4760
RebuildHierarchy[5]: Flagged 0/13 grids. 0 flagged cells
Level[4]: dt = 0.00381836  0.00367773 (0.00749253/0.00749253)
Level[5]: dt = 0.00173327  0.00173327 (0.00173327/0.00381836)
RebuildHierarchy: level = 5
TransferSubgridParticles[5]: Moved 0 particles, 0 stars, 0 active particles.
DetermineSGSize: MaxSubgridSize = 2000, MinSubgridEdge = 4, ncells = 4976
RebuildHierarchy[5]: Flagged 0/13 grids. 0 flagged cells
Level[5]: dt = 0.00173526  0.00173526 (0.00346853/0.00381836)
RebuildHierarchy: level = 5
TransferSubgridParticles[5]: Moved 0 particles, 0 stars, 0 active particles.
DetermineSGSize: MaxSubgridSize = 2000, MinSubgridEdge = 4, ncells = 4976
RebuildHierarchy[5]: Flagged 0/13 grids. 0 flagged cells
Level[5]: dt = 0.000349831  0.00173728 (0.00381836/0.00381836)
EvolveLevel[5]: NumberOfSubCycles = 3 (345 total, 3 sub)
EvolveLevel[4]: NumberOfSubCycles = 2 (160 total, 2 sub)
P(0) -- CFRFl warn: -1.706943e-11 3.393516e-14 2.113025e-11 -2.109632e-11 7 4 5 1 [10]
Level[3]: dt = 0.000949487  0.00748628 (0.0159337/0.0159337)
Level[4]: dt = 0.000949487  0.0036814 (0.000949487/0.000949487)
Level[5]: dt = 0.000949487  0.00173766 (0.000949487/0.000949487)
EvolveLevel[5]: NumberOfSubCycles = 1 (346 total, 1 sub)
EvolveLevel[4]: NumberOfSubCycles = 1 (161 total, 1 sub)
EvolveLevel[3]: NumberOfSubCycles = 3 (68 total, 3 sub)
EvolveLevel[2]: NumberOfSubCycles = 2 (26 total, 2 sub)
EvolveLevel[1]: NumberOfSubCycles = 2 (12 total, 2 sub)
EvolveLevel[0]: NumberOfSubCycles = 1 (6 total, 6 sub)
RebuildHierarchy: level = 0
CommunicationTransferParticles: moved = 290444
CommunicationTransferStars: moved = 0
CommunicationTransferActiveParticles: moved = 0
DetermineSGSize: MaxSubgridSize = 2000, MinSubgridEdge = 4, ncells = 5437904
RebuildHierarchy[0]: Flagged 578/1120 grids. 360718 flagged cells
LoadBalance: Number of grids moved = 4404 out of 4454 (0.0481796 seconds elapsed)
DetermineSGSize: MaxSubgridSize = 2000, MinSubgridEdge = 4, ncells = 288936
RebuildHierarchy[1]: Flagged 297/4454 grids. 21509 flagged cells
LoadBalance: Number of grids moved = 356 out of 359 (0.000177428 seconds elapsed)
DetermineSGSize: MaxSubgridSize = 2000, MinSubgridEdge = 4, ncells = 49192
RebuildHierarchy[2]: Flagged 64/359 grids. 3748 flagged cells
LoadBalance: Number of grids moved = 68 out of 68 (0.000856891 seconds elapsed)
DetermineSGSize: MaxSubgridSize = 2000, MinSubgridEdge = 4, ncells = 7056
RebuildHierarchy[3]: Flagged 22/68 grids. 862 flagged cells
LoadBalance: Number of grids moved = 21 out of 22 (2.48477e-05 seconds elapsed)
DetermineSGSize: MaxSubgridSize = 2000, MinSubgridEdge = 4, ncells = 4976
RebuildHierarchy[4]: Flagged 12/22 grids. 552 flagged cells
LoadBalance: Number of grids moved = 12 out of 12 (0.000761129 seconds elapsed)
DetermineSGSize: MaxSubgridSize = 2000, MinSubgridEdge = 4, ncells = 4976
RebuildHierarchy[5]: Flagged 0/12 grids. 0 flagged cells
CPUTime-output: Frac = 0.999992, Current = 399.186 (398.475), Stop = 2592000.000000, Last = 21.0554
[YT_INFO   ] Setting YT parameters ...
[YT_INFO   ] Setting YT parameters ... done.
[YT_INFO   ] Getting pointer to particle list information ...
[YT_INFO   ] Getting pointer to particle list information  ... done.
[YT_INFO   ] Getting pointer to field list information ...
[YT_INFO   ] Getting pointer to field list information  ... done.
[YT_INFO   ] Getting pointer to local grids information ...
[YT_INFO   ] Getting pointer to local grids information  ... done.
[YT_INFO   ] Loading full hierarchy and local data to libyt ...
[YT_INFO   ] Loading full hierarchy and local data ... done.
[YT_INFO   ] Performing YT inline analysis yt_inline_func() ...
[YT_INFO   ] Performing YT inline analysis yt_inline_func() ... done.
Level[0]: dt = 0.0632158  0.0632158 (0.0632158/0.0632158)
Level[1]: dt = 0.0318053  0.0318053 (0.0318053/0.0632158)
Level[2]: dt = 0.015438  0.015438 (0.015438/0.0318053)
Level[3]: dt = 0.0074867  0.0074867 (0.0074867/0.015438)
Level[4]: dt = 0.00368169  0.00368169 (0.00368169/0.0074867)
Level[5]: dt = 0.00173876  0.00173876 (0.00173876/0.00368169)
RebuildHierarchy: level = 5
TransferSubgridParticles[5]: Moved 0 particles, 0 stars, 0 active particles.
DetermineSGSize: MaxSubgridSize = 2000, MinSubgridEdge = 4, ncells = 4888
RebuildHierarchy[5]: Flagged 0/12 grids. 0 flagged cells
Level[5]: dt = 0.00174094  0.00174094 (0.0034797/0.00368169)
RebuildHierarchy: level = 5
TransferSubgridParticles[5]: Moved 0 particles, 0 stars, 0 active particles.
DetermineSGSize: MaxSubgridSize = 2000, MinSubgridEdge = 4, ncells = 4888
RebuildHierarchy[5]: Flagged 0/12 grids. 0 flagged cells
Level[5]: dt = 0.000201987  0.00174317 (0.00368169/0.00368169)
EvolveLevel[5]: NumberOfSubCycles = 3 (349 total, 3 sub)
RebuildHierarchy: level = 4
TransferSubgridParticles[4]: Moved 0 particles, 0 stars, 0 active particles.
DetermineSGSize: MaxSubgridSize = 2000, MinSubgridEdge = 4, ncells = 4888
RebuildHierarchy[4]: Flagged 12/22 grids. 552 flagged cells
LoadBalance: Number of grids moved = 12 out of 12 (0.000847921 seconds elapsed)
DetermineSGSize: MaxSubgridSize = 2000, MinSubgridEdge = 4, ncells = 4888
RebuildHierarchy[5]: Flagged 0/12 grids. 0 flagged cells
Level[4]: dt = 0.00380501  0.00368148 (0.0074867/0.0074867)
Level[5]: dt = 0.00174341  0.00174341 (0.00174341/0.00380501)
RebuildHierarchy: level = 5
TransferSubgridParticles[5]: Moved 0 particles, 0 stars, 0 active particles.
DetermineSGSize: MaxSubgridSize = 2000, MinSubgridEdge = 4, ncells = 4920
RebuildHierarchy[5]: Flagged 0/12 grids. 0 flagged cells
Level[5]: dt = 0.00174579  0.00174579 (0.0034892/0.00380501)
RebuildHierarchy: level = 5
TransferSubgridParticles[5]: Moved 0 particles, 0 stars, 0 active particles.
DetermineSGSize: MaxSubgridSize = 2000, MinSubgridEdge = 4, ncells = 4920
RebuildHierarchy[5]: Flagged 0/12 grids. 0 flagged cells
Level[5]: dt = 0.000315811  0.00174824 (0.00380501/0.00380501)
EvolveLevel[5]: NumberOfSubCycles = 3 (352 total, 3 sub)
EvolveLevel[4]: NumberOfSubCycles = 2 (163 total, 2 sub)
P(0) -- CFRFl warn: -1.505083e-11 7.213908e-14 2.223487e-11 -2.216273e-11 7 4 5 1 [10]
RebuildHierarchy: level = 3
TransferSubgridParticles[3]: Moved 223 particles, 0 stars, 0 active particles.
DetermineSGSize: MaxSubgridSize = 2000, MinSubgridEdge = 4, ncells = 7312
RebuildHierarchy[3]: Flagged 22/68 grids. 865 flagged cells
LoadBalance: Number of grids moved = 21 out of 22 (2.35587e-05 seconds elapsed)
DetermineSGSize: MaxSubgridSize = 2000, MinSubgridEdge = 4, ncells = 4920
RebuildHierarchy[4]: Flagged 12/22 grids. 549 flagged cells
LoadBalance: Number of grids moved = 12 out of 12 (0.000697233 seconds elapsed)
DetermineSGSize: MaxSubgridSize = 2000, MinSubgridEdge = 4, ncells = 4920
RebuildHierarchy[5]: Flagged 0/12 grids. 0 flagged cells
Level[3]: dt = 0.0074874  0.0074874 (0.0149741/0.015438)
Level[4]: dt = 0.0036692  0.0036692 (0.0036692/0.0074874)
Level[5]: dt = 0.00174866  0.00174866 (0.00174866/0.0036692)
RebuildHierarchy: level = 5
TransferSubgridParticles[5]: Moved 0 particles, 0 stars, 0 active particles.
DetermineSGSize: MaxSubgridSize = 2000, MinSubgridEdge = 4, ncells = 4920
RebuildHierarchy[5]: Flagged 0/12 grids. 0 flagged cells
Level[5]: dt = 0.00174805  0.00174805 (0.00349671/0.0036692)
RebuildHierarchy: level = 5
TransferSubgridParticles[5]: Moved 0 particles, 0 stars, 0 active particles.
DetermineSGSize: MaxSubgridSize = 2000, MinSubgridEdge = 4, ncells = 4920
RebuildHierarchy[5]: Flagged 0/12 grids. 0 flagged cells
Level[5]: dt = 0.000172487  0.00174683 (0.0036692/0.0036692)
EvolveLevel[5]: NumberOfSubCycles = 3 (355 total, 3 sub)
RebuildHierarchy: level = 4
TransferSubgridParticles[4]: Moved 0 particles, 0 stars, 0 active particles.
DetermineSGSize: MaxSubgridSize = 2000, MinSubgridEdge = 4, ncells = 4920
RebuildHierarchy[4]: Flagged 12/22 grids. 558 flagged cells
LoadBalance: Number of grids moved = 12 out of 12 (0.000837449 seconds elapsed)
DetermineSGSize: MaxSubgridSize = 2000, MinSubgridEdge = 4, ncells = 4920
RebuildHierarchy[5]: Flagged 0/12 grids. 0 flagged cells
Level[4]: dt = 0.0038182  0.00367571 (0.0074874/0.0074874)
Level[5]: dt = 0.00174674  0.00174674 (0.00174674/0.0038182)
RebuildHierarchy: level = 5
TransferSubgridParticles[5]: Moved 0 particles, 0 stars, 0 active particles.
DetermineSGSize: MaxSubgridSize = 2000, MinSubgridEdge = 4, ncells = 5016
RebuildHierarchy[5]: Flagged 0/12 grids. 0 flagged cells
Level[5]: dt = 0.00174574  0.00174574 (0.00349248/0.0038182)
RebuildHierarchy: level = 5
TransferSubgridParticles[5]: Moved 0 particles, 0 stars, 0 active particles.
DetermineSGSize: MaxSubgridSize = 2000, MinSubgridEdge = 4, ncells = 5016
RebuildHierarchy[5]: Flagged 0/12 grids. 0 flagged cells
Level[5]: dt = 0.000325724  0.00174473 (0.0038182/0.0038182)
EvolveLevel[5]: NumberOfSubCycles = 3 (358 total, 3 sub)
EvolveLevel[4]: NumberOfSubCycles = 2 (165 total, 2 sub)
P(0) -- CFRFl warn: -8.507169e-12 1.145886e-13 2.218990e-11 -2.207531e-11 7 4 5 1 [10]
Level[3]: dt = 0.000463935  0.00748144 (0.015438/0.015438)
Level[4]: dt = 0.000463935  0.00367819 (0.000463935/0.000463935)
Level[5]: dt = 0.000463935  0.00174459 (0.000463935/0.000463935)
EvolveLevel[5]: NumberOfSubCycles = 1 (359 total, 1 sub)
EvolveLevel[4]: NumberOfSubCycles = 1 (166 total, 1 sub)
EvolveLevel[3]: NumberOfSubCycles = 3 (71 total, 3 sub)
RebuildHierarchy: level = 2
TransferSubgridParticles[2]: Moved 1983 particles, 0 stars, 0 active particles.
DetermineSGSize: MaxSubgridSize = 2000, MinSubgridEdge = 4, ncells = 46728
RebuildHierarchy[2]: Flagged 66/359 grids. 3775 flagged cells
LoadBalance: Number of grids moved = 69 out of 69 (0.000920251 seconds elapsed)
DetermineSGSize: MaxSubgridSize = 2000, MinSubgridEdge = 4, ncells = 7280
RebuildHierarchy[3]: Flagged 22/69 grids. 884 flagged cells
LoadBalance: Number of grids moved = 21 out of 22 (2.32048e-05 seconds elapsed)
DetermineSGSize: MaxSubgridSize = 2000, MinSubgridEdge = 4, ncells = 5016
RebuildHierarchy[4]: Flagged 12/22 grids. 570 flagged cells
LoadBalance: Number of grids moved = 12 out of 12 (0.000756517 seconds elapsed)
DetermineSGSize: MaxSubgridSize = 2000, MinSubgridEdge = 4, ncells = 5016
RebuildHierarchy[5]: Flagged 0/12 grids. 0 flagged cells
Level[2]: dt = 0.0154382  0.0154382 (0.0308762/0.0318053)
Level[3]: dt = 0.00748169  0.00748169 (0.00748169/0.0154382)
Level[4]: dt = 0.00367795  0.00367795 (0.00367795/0.00748169)
Level[5]: dt = 0.00174439  0.00174439 (0.00174439/0.00367795)
RebuildHierarchy: level = 5
TransferSubgridParticles[5]: Moved 0 particles, 0 stars, 0 active particles.
DetermineSGSize: MaxSubgridSize = 2000, MinSubgridEdge = 4, ncells = 5144
RebuildHierarchy[5]: Flagged 0/12 grids. 0 flagged cells
Level[5]: dt = 0.00174353  0.00174353 (0.00348793/0.00367795)
RebuildHierarchy: level = 5
TransferSubgridParticles[5]: Moved 0 particles, 0 stars, 0 active particles.
DetermineSGSize: MaxSubgridSize = 2000, MinSubgridEdge = 4, ncells = 5144
RebuildHierarchy[5]: Flagged 0/12 grids. 0 flagged cells
Level[5]: dt = 0.000190022  0.00174297 (0.00367795/0.00367795)
EvolveLevel[5]: NumberOfSubCycles = 3 (362 total, 3 sub)
RebuildHierarchy: level = 4
TransferSubgridParticles[4]: Moved 1 particles, 0 stars, 0 active particles.
DetermineSGSize: MaxSubgridSize = 2000, MinSubgridEdge = 4, ncells = 5144
RebuildHierarchy[4]: Flagged 13/22 grids. 582 flagged cells
LoadBalance: Number of grids moved = 13 out of 13 (0.000626866 seconds elapsed)
DetermineSGSize: MaxSubgridSize = 2000, MinSubgridEdge = 4, ncells = 5144
RebuildHierarchy[5]: Flagged 0/13 grids. 0 flagged cells
Level[4]: dt = 0.00380374  0.00367642 (0.00748169/0.00748169)
Level[5]: dt = 0.00174291  0.00174291 (0.00174291/0.00380374)
RebuildHierarchy: level = 5
TransferSubgridParticles[5]: Moved 0 particles, 0 stars, 0 active particles.
DetermineSGSize: MaxSubgridSize = 2000, MinSubgridEdge = 4, ncells = 5280
RebuildHierarchy[5]: Flagged 0/13 grids. 0 flagged cells
Level[5]: dt = 0.00174223  0.00174223 (0.00348514/0.00380374)
RebuildHierarchy: level = 5
TransferSubgridParticles[5]: Moved 0 particles, 0 stars, 0 active particles.
DetermineSGSize: MaxSubgridSize = 2000, MinSubgridEdge = 4, ncells = 5280
RebuildHierarchy[5]: Flagged 0/13 grids. 0 flagged cells
Level[5]: dt = 0.000318605  0.00174186 (0.00380374/0.00380374)
EvolveLevel[5]: NumberOfSubCycles = 3 (365 total, 3 sub)
EvolveLevel[4]: NumberOfSubCycles = 2 (168 total, 2 sub)
RebuildHierarchy: level = 3
TransferSubgridParticles[3]: Moved 4 particles, 0 stars, 0 active particles.
DetermineSGSize: MaxSubgridSize = 2000, MinSubgridEdge = 4, ncells = 7424
RebuildHierarchy[3]: Flagged 24/69 grids. 944 flagged cells
LoadBalance: Number of grids moved = 23 out of 24 (3.54759e-05 seconds elapsed)
DetermineSGSize: MaxSubgridSize = 2000, MinSubgridEdge = 4, ncells = 5280
RebuildHierarchy[4]: Flagged 13/24 grids. 582 flagged cells
LoadBalance: Number of grids moved = 13 out of 13 (0.00068 seconds elapsed)
DetermineSGSize: MaxSubgridSize = 2000, MinSubgridEdge = 4, ncells = 5280
RebuildHierarchy[5]: Flagged 0/13 grids. 0 flagged cells
Level[3]: dt = 0.00748296  0.00748296 (0.0149647/0.0154382)
Level[4]: dt = 0.003677  0.003677 (0.003677/0.00748296)
Level[5]: dt = 0.00174179  0.00174179 (0.00174179/0.003677)
RebuildHierarchy: level = 5
TransferSubgridParticles[5]: Moved 0 particles, 0 stars, 0 active particles.
DetermineSGSize: MaxSubgridSize = 2000, MinSubgridEdge = 4, ncells = 5280
RebuildHierarchy[5]: Flagged 0/13 grids. 0 flagged cells
Level[5]: dt = 0.00174132  0.00174132 (0.00348311/0.003677)
RebuildHierarchy: level = 5
TransferSubgridParticles[5]: Moved 0 particles, 0 stars, 0 active particles.
DetermineSGSize: MaxSubgridSize = 2000, MinSubgridEdge = 4, ncells = 5280
RebuildHierarchy[5]: Flagged 0/13 grids. 0 flagged cells
Level[5]: dt = 0.000193888  0.00174117 (0.003677/0.003677)
EvolveLevel[5]: NumberOfSubCycles = 3 (368 total, 3 sub)
RebuildHierarchy: level = 4
TransferSubgridParticles[4]: Moved 0 particles, 0 stars, 0 active particles.
DetermineSGSize: MaxSubgridSize = 2000, MinSubgridEdge = 4, ncells = 5280
RebuildHierarchy[4]: Flagged 13/24 grids. 570 flagged cells
LoadBalance: Number of grids moved = 13 out of 13 (0.000732694 seconds elapsed)
DetermineSGSize: MaxSubgridSize = 2000, MinSubgridEdge = 4, ncells = 5280
RebuildHierarchy[5]: Flagged 0/13 grids. 0 flagged cells
Level[4]: dt = 0.00380596  0.00367566 (0.00748296/0.00748296)
Level[5]: dt = 0.00174116  0.00174116 (0.00174116/0.00380596)
RebuildHierarchy: level = 5
TransferSubgridParticles[5]: Moved 0 particles, 0 stars, 0 active particles.
DetermineSGSize: MaxSubgridSize = 2000, MinSubgridEdge = 4, ncells = 5016
RebuildHierarchy[5]: Flagged 0/13 grids. 0 flagged cells
Level[5]: dt = 0.00174093  0.00174093 (0.00348209/0.00380596)
RebuildHierarchy: level = 5
TransferSubgridParticles[5]: Moved 0 particles, 0 stars, 0 active particles.
DetermineSGSize: MaxSubgridSize = 2000, MinSubgridEdge = 4, ncells = 5016
RebuildHierarchy[5]: Flagged 0/13 grids. 0 flagged cells
Level[5]: dt = 0.000323868  0.00174096 (0.00380596/0.00380596)
EvolveLevel[5]: NumberOfSubCycles = 3 (371 total, 3 sub)
EvolveLevel[4]: NumberOfSubCycles = 2 (170 total, 2 sub)
Level[3]: dt = 0.000473566  0.00747749 (0.0154382/0.0154382)
Level[4]: dt = 0.000473566  0.00367438 (0.000473566/0.000473566)
Level[5]: dt = 0.000473566  0.00174096 (0.000473566/0.000473566)
EvolveLevel[5]: NumberOfSubCycles = 1 (372 total, 1 sub)
EvolveLevel[4]: NumberOfSubCycles = 1 (171 total, 1 sub)
EvolveLevel[3]: NumberOfSubCycles = 3 (74 total, 3 sub)
Level[2]: dt = 0.000929023  0.0154392 (0.0318053/0.0318053)
Level[3]: dt = 0.000929023  0.0074778 (0.000929023/0.000929023)
Level[4]: dt = 0.000929023  0.0036745 (0.000929023/0.000929023)
Level[5]: dt = 0.000929023  0.00174095 (0.000929023/0.000929023)
EvolveLevel[5]: NumberOfSubCycles = 1 (373 total, 1 sub)
EvolveLevel[4]: NumberOfSubCycles = 1 (172 total, 1 sub)
EvolveLevel[3]: NumberOfSubCycles = 1 (75 total, 1 sub)
EvolveLevel[2]: NumberOfSubCycles = 3 (29 total, 3 sub)
RebuildHierarchy: level = 1
TransferSubgridParticles[1]: Moved 46731 particles, 0 stars, 0 active particles.
DetermineSGSize: MaxSubgridSize = 2000, MinSubgridEdge = 4, ncells = 289904
RebuildHierarchy[1]: Flagged 298/4454 grids. 21989 flagged cells
LoadBalance: Number of grids moved = 363 out of 365 (0.000161298 seconds elapsed)
DetermineSGSize: MaxSubgridSize = 2000, MinSubgridEdge = 4, ncells = 46752
RebuildHierarchy[2]: Flagged 68/365 grids. 3810 flagged cells
LoadBalance: Number of grids moved = 71 out of 71 (0.00113574 seconds elapsed)
DetermineSGSize: MaxSubgridSize = 2000, MinSubgridEdge = 4, ncells = 7928
RebuildHierarchy[3]: Flagged 23/71 grids. 941 flagged cells
LoadBalance: Number of grids moved = 22 out of 23 (2.43783e-05 seconds elapsed)
DetermineSGSize: MaxSubgridSize = 2000, MinSubgridEdge = 4, ncells = 5016
RebuildHierarchy[4]: Flagged 13/23 grids. 561 flagged cells
LoadBalance: Number of grids moved = 13 out of 13 (0.000627931 seconds elapsed)
DetermineSGSize: MaxSubgridSize = 2000, MinSubgridEdge = 4, ncells = 5016
RebuildHierarchy[5]: Flagged 0/13 grids. 0 flagged cells
Level[1]: dt = 0.0314105  0.0318185 (0.0632158/0.0632158)
Level[2]: dt = 0.0154397  0.0154397 (0.0154397/0.0314105)
Level[3]: dt = 0.00747797  0.00747797 (0.00747797/0.0154397)
Level[4]: dt = 0.00367418  0.00367418 (0.00367418/0.00747797)
Level[5]: dt = 0.00174099  0.00174099 (0.00174099/0.00367418)
RebuildHierarchy: level = 5
TransferSubgridParticles[5]: Moved 1 particles, 0 stars, 0 active particles.
DetermineSGSize: MaxSubgridSize = 2000, MinSubgridEdge = 4, ncells = 4976
RebuildHierarchy[5]: Flagged 0/13 grids. 0 flagged cells
Level[5]: dt = 0.00174104  0.00174104 (0.00348203/0.00367418)
RebuildHierarchy: level = 5
TransferSubgridParticles[5]: Moved 0 particles, 0 stars, 0 active particles.
DetermineSGSize: MaxSubgridSize = 2000, MinSubgridEdge = 4, ncells = 4976
RebuildHierarchy[5]: Flagged 0/13 grids. 0 flagged cells
Level[5]: dt = 0.000192153  0.00174108 (0.00367418/0.00367418)
EvolveLevel[5]: NumberOfSubCycles = 3 (376 total, 3 sub)
RebuildHierarchy: level = 4
TransferSubgridParticles[4]: Moved 0 particles, 0 stars, 0 active particles.
DetermineSGSize: MaxSubgridSize = 2000, MinSubgridEdge = 4, ncells = 4976
RebuildHierarchy[4]: Flagged 13/23 grids. 573 flagged cells
LoadBalance: Number of grids moved = 13 out of 13 (0.00077752 seconds elapsed)
DetermineSGSize: MaxSubgridSize = 2000, MinSubgridEdge = 4, ncells = 4976
RebuildHierarchy[5]: Flagged 0/13 grids. 0 flagged cells
Level[4]: dt = 0.00380379  0.00367317 (0.00747797/0.00747797)
Level[5]: dt = 0.0017411  0.0017411 (0.0017411/0.00380379)
RebuildHierarchy: level = 5
TransferSubgridParticles[5]: Moved 0 particles, 0 stars, 0 active particles.
DetermineSGSize: MaxSubgridSize = 2000, MinSubgridEdge = 4, ncells = 5048
RebuildHierarchy[5]: Flagged 0/13 grids. 0 flagged cells
Level[5]: dt = 0.00174131  0.00174131 (0.00348241/0.00380379)
RebuildHierarchy: level = 5
TransferSubgridParticles[5]: Moved 0 particles, 0 stars, 0 active particles.
DetermineSGSize: MaxSubgridSize = 2000, MinSubgridEdge = 4, ncells = 5048
RebuildHierarchy[5]: Flagged 0/13 grids. 0 flagged cells
Level[5]: dt = 0.000321375  0.0017415 (0.00380379/0.00380379)
EvolveLevel[5]: NumberOfSubCycles = 3 (379 total, 3 sub)
EvolveLevel[4]: NumberOfSubCycles = 2 (174 total, 2 sub)
RebuildHierarchy: level = 3
TransferSubgridParticles[3]: Moved 7 particles, 0 stars, 0 active particles.
DetermineSGSize: MaxSubgridSize = 2000, MinSubgridEdge = 4, ncells = 8104
RebuildHierarchy[3]: Flagged 24/71 grids. 977 flagged cells
LoadBalance: Number of grids moved = 23 out of 24 (2.69227e-05 seconds elapsed)
DetermineSGSize: MaxSubgridSize = 2000, MinSubgridEdge = 4, ncells = 5048
RebuildHierarchy[4]: Flagged 14/24 grids. 594 flagged cells
LoadBalance: Number of grids moved = 14 out of 14 (0.000612281 seconds elapsed)
DetermineSGSize: MaxSubgridSize = 2000, MinSubgridEdge = 4, ncells = 5048
RebuildHierarchy[5]: Flagged 0/14 grids. 0 flagged cells
Level[3]: dt = 0.00747285  0.00747285 (0.0149508/0.0154397)
Level[4]: dt = 0.00367033  0.00367033 (0.00367033/0.00747285)
Level[5]: dt = 0.00174157  0.00174157 (0.00174157/0.00367033)
RebuildHierarchy: level = 5
TransferSubgridParticles[5]: Moved 0 particles, 0 stars, 0 active particles.
DetermineSGSize: MaxSubgridSize = 2000, MinSubgridEdge = 4, ncells = 5192
RebuildHierarchy[5]: Flagged 0/14 grids. 0 flagged cells
Level[5]: dt = 0.00174192  0.00174192 (0.00348349/0.00367033)
RebuildHierarchy: level = 5
TransferSubgridParticles[5]: Moved 0 particles, 0 stars, 0 active particles.
DetermineSGSize: MaxSubgridSize = 2000, MinSubgridEdge = 4, ncells = 5192
RebuildHierarchy[5]: Flagged 0/14 grids. 0 flagged cells
Level[5]: dt = 0.000186841  0.00174226 (0.00367033/0.00367033)
EvolveLevel[5]: NumberOfSubCycles = 3 (382 total, 3 sub)
RebuildHierarchy: level = 4
TransferSubgridParticles[4]: Moved 0 particles, 0 stars, 0 active particles.
DetermineSGSize: MaxSubgridSize = 2000, MinSubgridEdge = 4, ncells = 5192
RebuildHierarchy[4]: Flagged 14/24 grids. 594 flagged cells
LoadBalance: Number of grids moved = 14 out of 14 (0.000784051 seconds elapsed)
DetermineSGSize: MaxSubgridSize = 2000, MinSubgridEdge = 4, ncells = 5192
RebuildHierarchy[5]: Flagged 0/14 grids. 0 flagged cells
Level[4]: dt = 0.00380252  0.00366776 (0.00747285/0.00747285)
Level[5]: dt = 0.00174231  0.00174231 (0.00174231/0.00380252)
RebuildHierarchy: level = 5
TransferSubgridParticles[5]: Moved 0 particles, 0 stars, 0 active particles.
DetermineSGSize: MaxSubgridSize = 2000, MinSubgridEdge = 4, ncells = 5192
RebuildHierarchy[5]: Flagged 0/14 grids. 0 flagged cells
Level[5]: dt = 0.00174281  0.00174281 (0.00348512/0.00380252)
RebuildHierarchy: level = 5
TransferSubgridParticles[5]: Moved 0 particles, 0 stars, 0 active particles.
DetermineSGSize: MaxSubgridSize = 2000, MinSubgridEdge = 4, ncells = 5192
RebuildHierarchy[5]: Flagged 0/14 grids. 0 flagged cells
Level[5]: dt = 0.0003174  0.00174331 (0.00380252/0.00380252)
EvolveLevel[5]: NumberOfSubCycles = 3 (385 total, 3 sub)
EvolveLevel[4]: NumberOfSubCycles = 2 (176 total, 2 sub)
Level[3]: dt = 0.000488844  0.0074781 (0.0154397/0.0154397)
Level[4]: dt = 0.000488844  0.0036655 (0.000488844/0.000488844)
Level[5]: dt = 0.000488844  0.00174343 (0.000488844/0.000488844)
EvolveLevel[5]: NumberOfSubCycles = 1 (386 total, 1 sub)
EvolveLevel[4]: NumberOfSubCycles = 1 (177 total, 1 sub)
EvolveLevel[3]: NumberOfSubCycles = 3 (78 total, 3 sub)
RebuildHierarchy: level = 2
TransferSubgridParticles[2]: Moved 60 particles, 0 stars, 0 active particles.
DetermineSGSize: MaxSubgridSize = 2000, MinSubgridEdge = 4, ncells = 46384
RebuildHierarchy[2]: Flagged 68/365 grids. 3881 flagged cells
LoadBalance: Number of grids moved = 71 out of 71 (0.000994265 seconds elapsed)
DetermineSGSize: MaxSubgridSize = 2000, MinSubgridEdge = 4, ncells = 8440
RebuildHierarchy[3]: Flagged 23/71 grids. 918 flagged cells
LoadBalance: Number of grids moved = 22 out of 23 (2.53506e-05 seconds elapsed)
DetermineSGSize: MaxSubgridSize = 2000, MinSubgridEdge = 4, ncells = 5192
RebuildHierarchy[4]: Flagged 14/23 grids. 594 flagged cells
LoadBalance: Number of grids moved = 14 out of 14 (0.000560984 seconds elapsed)
DetermineSGSize: MaxSubgridSize = 2000, MinSubgridEdge = 4, ncells = 5192
RebuildHierarchy[5]: Flagged 0/14 grids. 0 flagged cells
Level[2]: dt = 0.0159708  0.0154449 (0.0314105/0.0314105)
Level[3]: dt = 0.0074782  0.0074782 (0.0074782/0.0159708)
Level[4]: dt = 0.00366524  0.00366524 (0.00366524/0.0074782)
Level[5]: dt = 0.00174361  0.00174361 (0.00174361/0.00366524)
RebuildHierarchy: level = 5
TransferSubgridParticles[5]: Moved 0 particles, 0 stars, 0 active particles.
DetermineSGSize: MaxSubgridSize = 2000, MinSubgridEdge = 4, ncells = 5192
RebuildHierarchy[5]: Flagged 0/14 grids. 0 flagged cells
Level[5]: dt = 0.00174423  0.00174423 (0.00348783/0.00366524)
RebuildHierarchy: level = 5
TransferSubgridParticles[5]: Moved 0 particles, 0 stars, 0 active particles.
DetermineSGSize: MaxSubgridSize = 2000, MinSubgridEdge = 4, ncells = 5192
RebuildHierarchy[5]: Flagged 0/14 grids. 0 flagged cells
Level[5]: dt = 0.000177411  0.00174508 (0.00366524/0.00366524)
EvolveLevel[5]: NumberOfSubCycles = 3 (389 total, 3 sub)
RebuildHierarchy: level = 4
TransferSubgridParticles[4]: Moved 1 particles, 0 stars, 0 active particles.
DetermineSGSize: MaxSubgridSize = 2000, MinSubgridEdge = 4, ncells = 5192
RebuildHierarchy[4]: Flagged 15/23 grids. 621 flagged cells
LoadBalance: Number of grids moved = 14 out of 15 (2.20463e-05 seconds elapsed)
DetermineSGSize: MaxSubgridSize = 2000, MinSubgridEdge = 4, ncells = 5192
RebuildHierarchy[5]: Flagged 0/15 grids. 0 flagged cells
Level[4]: dt = 0.00381296  0.00366507 (0.0074782/0.0074782)
Level[5]: dt = 0.00174516  0.00174516 (0.00174516/0.00381296)
RebuildHierarchy: level = 5
TransferSubgridParticles[5]: Moved 0 particles, 0 stars, 0 active particles.
DetermineSGSize: MaxSubgridSize = 2000, MinSubgridEdge = 4, ncells = 5408
RebuildHierarchy[5]: Flagged 0/15 grids. 0 flagged cells
Level[5]: dt = 0.00174562  0.00174562 (0.00349078/0.00381296)
RebuildHierarchy: level = 5
TransferSubgridParticles[5]: Moved 0 particles, 0 stars, 0 active particles.
DetermineSGSize: MaxSubgridSize = 2000, MinSubgridEdge = 4, ncells = 5408
RebuildHierarchy[5]: Flagged 0/15 grids. 0 flagged cells
Level[5]: dt = 0.000322176  0.0017464 (0.00381296/0.00381296)
EvolveLevel[5]: NumberOfSubCycles = 3 (392 total, 3 sub)
EvolveLevel[4]: NumberOfSubCycles = 2 (179 total, 2 sub)
RebuildHierarchy: level = 3
TransferSubgridParticles[3]: Moved 1 particles, 0 stars, 0 active particles.
DetermineSGSize: MaxSubgridSize = 2000, MinSubgridEdge = 4, ncells = 7960
RebuildHierarchy[3]: Flagged 24/71 grids. 936 flagged cells
LoadBalance: Number of grids moved = 23 out of 24 (2.46689e-05 seconds elapsed)
DetermineSGSize: MaxSubgridSize = 2000, MinSubgridEdge = 4, ncells = 5408
RebuildHierarchy[4]: Flagged 15/24 grids. 621 flagged cells
LoadBalance: Number of grids moved = 14 out of 15 (2.10032e-05 seconds elapsed)
DetermineSGSize: MaxSubgridSize = 2000, MinSubgridEdge = 4, ncells = 5408
RebuildHierarchy[5]: Flagged 0/15 grids. 0 flagged cells
Level[3]: dt = 0.0074733  0.0074733 (0.0149515/0.0159708)
Level[4]: dt = 0.00366547  0.00366547 (0.00366547/0.0074733)
Level[5]: dt = 0.00174657  0.00174657 (0.00174657/0.00366547)
RebuildHierarchy: level = 5
TransferSubgridParticles[5]: Moved 0 particles, 0 stars, 0 active particles.
DetermineSGSize: MaxSubgridSize = 2000, MinSubgridEdge = 4, ncells = 5408
RebuildHierarchy[5]: Flagged 0/15 grids. 0 flagged cells
Level[5]: dt = 0.00174793  0.00174793 (0.0034945/0.00366547)
RebuildHierarchy: level = 5
TransferSubgridParticles[5]: Moved 0 particles, 0 stars, 0 active particles.
DetermineSGSize: MaxSubgridSize = 2000, MinSubgridEdge = 4, ncells = 5408
RebuildHierarchy[5]: Flagged 0/15 grids. 0 flagged cells
Level[5]: dt = 0.000170971  0.00174937 (0.00366547/0.00366547)
EvolveLevel[5]: NumberOfSubCycles = 3 (395 total, 3 sub)
RebuildHierarchy: level = 4
TransferSubgridParticles[4]: Moved 0 particles, 0 stars, 0 active particles.
DetermineSGSize: MaxSubgridSize = 2000, MinSubgridEdge = 4, ncells = 5408
RebuildHierarchy[4]: Flagged 15/24 grids. 621 flagged cells
LoadBalance: Number of grids moved = 14 out of 15 (2.16402e-05 seconds elapsed)
DetermineSGSize: MaxSubgridSize = 2000, MinSubgridEdge = 4, ncells = 5408
RebuildHierarchy[5]: Flagged 0/15 grids. 0 flagged cells
Level[4]: dt = 0.00380783  0.00366633 (0.0074733/0.0074733)
Level[5]: dt = 0.00174948  0.00174948 (0.00174948/0.00380783)
RebuildHierarchy: level = 5
TransferSubgridParticles[5]: Moved 0 particles, 0 stars, 0 active particles.
DetermineSGSize: MaxSubgridSize = 2000, MinSubgridEdge = 4, ncells = 5408
RebuildHierarchy[5]: Flagged 0/15 grids. 0 flagged cells
Level[5]: dt = 0.00175067  0.00175067 (0.00350015/0.00380783)
RebuildHierarchy: level = 5
TransferSubgridParticles[5]: Moved 0 particles, 0 stars, 0 active particles.
DetermineSGSize: MaxSubgridSize = 2000, MinSubgridEdge = 4, ncells = 5408
RebuildHierarchy[5]: Flagged 0/15 grids. 0 flagged cells
Level[5]: dt = 0.000307674  0.00175211 (0.00380783/0.00380783)
EvolveLevel[5]: NumberOfSubCycles = 3 (398 total, 3 sub)
EvolveLevel[4]: NumberOfSubCycles = 2 (181 total, 2 sub)
Level[3]: dt = 0.00101932  0.00747893 (0.0159708/0.0159708)
Level[4]: dt = 0.00101932  0.00366751 (0.00101932/0.00101932)
Level[5]: dt = 0.00101932  0.00175235 (0.00101932/0.00101932)
EvolveLevel[5]: NumberOfSubCycles = 1 (399 total, 1 sub)
EvolveLevel[4]: NumberOfSubCycles = 1 (182 total, 1 sub)
EvolveLevel[3]: NumberOfSubCycles = 3 (81 total, 3 sub)
EvolveLevel[2]: NumberOfSubCycles = 2 (31 total, 2 sub)
EvolveLevel[1]: NumberOfSubCycles = 2 (14 total, 2 sub)
EvolveLevel[0]: NumberOfSubCycles = 1 (7 total, 7 sub)
CPUTime-output: Frac = 0.999992, Current = 420.153 (420.153), Stop = 2592000.000000, Last = 21.6786
[YT_INFO   ] Setting YT parameters ...
[YT_INFO   ] Setting YT parameters ... done.
[YT_INFO   ] Getting pointer to particle list information ...
[YT_INFO   ] Getting pointer to particle list information  ... done.
[YT_INFO   ] Getting pointer to field list information ...
[YT_INFO   ] Getting pointer to field list information  ... done.
[YT_INFO   ] Getting pointer to local grids information ...
[YT_INFO   ] Getting pointer to local grids information  ... done.
[YT_INFO   ] Loading full hierarchy and local data to libyt ...
[YT_INFO   ] Loading full hierarchy and local data ... done.
[YT_INFO   ] Performing YT inline analysis yt_inline_func() ...
[YT_INFO   ] Performing YT inline analysis yt_inline_func() ... done.
Level[0]: dt = 0.063262  0.063262 (0.063262/0.063262)
PrepareGreens: Start = 0 0 36  Dim = 32 52 38
PrepareGreens: Start = 0 0 0  Dim = 32 52 36
Level[1]: dt = 0.0318254  0.0318254 (0.0318254/0.063262)
Level[2]: dt = 0.015451  0.015451 (0.015451/0.0318254)
Level[3]: dt = 0.00747916  0.00747916 (0.00747916/0.015451)
Level[4]: dt = 0.00366791  0.00366791 (0.00366791/0.00747916)
Level[5]: dt = 0.00175316  0.00175316 (0.00175316/0.00366791)
RebuildHierarchy: level = 5
TransferSubgridParticles[5]: Moved 0 particles, 0 stars, 0 active particles.
DetermineSGSize: MaxSubgridSize = 2000, MinSubgridEdge = 4, ncells = 5408
RebuildHierarchy[5]: Flagged 0/15 grids. 0 flagged cells
Level[5]: dt = 0.00175476  0.00175476 (0.00350792/0.00366791)
RebuildHierarchy: level = 5
TransferSubgridParticles[5]: Moved 0 particles, 0 stars, 0 active particles.
DetermineSGSize: MaxSubgridSize = 2000, MinSubgridEdge = 4, ncells = 5408
RebuildHierarchy[5]: Flagged 0/15 grids. 0 flagged cells
Level[5]: dt = 0.000159983  0.00175638 (0.00366791/0.00366791)
EvolveLevel[5]: NumberOfSubCycles = 3 (402 total, 3 sub)
RebuildHierarchy: level = 4
TransferSubgridParticles[4]: Moved 2 particles, 0 stars, 0 active particles.
DetermineSGSize: MaxSubgridSize = 2000, MinSubgridEdge = 4, ncells = 5408
RebuildHierarchy[4]: Flagged 15/24 grids. 615 flagged cells
LoadBalance: Number of grids moved = 14 out of 15 (2.06009e-05 seconds elapsed)
DetermineSGSize: MaxSubgridSize = 2000, MinSubgridEdge = 4, ncells = 5408
RebuildHierarchy[5]: Flagged 0/15 grids. 0 flagged cells
Level[4]: dt = 0.00381126  0.00366904 (0.00747916/0.00747916)
Level[5]: dt = 0.00175652  0.00175652 (0.00175652/0.00381126)
RebuildHierarchy: level = 5
TransferSubgridParticles[5]: Moved 0 particles, 0 stars, 0 active particles.
DetermineSGSize: MaxSubgridSize = 2000, MinSubgridEdge = 4, ncells = 5280
RebuildHierarchy[5]: Flagged 0/15 grids. 0 flagged cells
Level[5]: dt = 0.0017583  0.0017583 (0.00351482/0.00381126)
RebuildHierarchy: level = 5
TransferSubgridParticles[5]: Moved 0 particles, 0 stars, 0 active particles.
DetermineSGSize: MaxSubgridSize = 2000, MinSubgridEdge = 4, ncells = 5280
RebuildHierarchy[5]: Flagged 0/15 grids. 0 flagged cells
Level[5]: dt = 0.000296441  0.0017601 (0.00381126/0.00381126)
EvolveLevel[5]: NumberOfSubCycles = 3 (405 total, 3 sub)
EvolveLevel[4]: NumberOfSubCycles = 2 (184 total, 2 sub)
RebuildHierarchy: level = 3
TransferSubgridParticles[3]: Moved 8 particles, 0 stars, 0 active particles.
DetermineSGSize: MaxSubgridSize = 2000, MinSubgridEdge = 4, ncells = 8080
RebuildHierarchy[3]: Flagged 23/71 grids. 915 flagged cells
LoadBalance: Number of grids moved = 22 out of 23 (2.82638e-05 seconds elapsed)
DetermineSGSize: MaxSubgridSize = 2000, MinSubgridEdge = 4, ncells = 5280
RebuildHierarchy[4]: Flagged 15/23 grids. 617 flagged cells
LoadBalance: Number of grids moved = 14 out of 15 (2.02395e-05 seconds elapsed)
DetermineSGSize: MaxSubgridSize = 2000, MinSubgridEdge = 4, ncells = 5280
RebuildHierarchy[5]: Flagged 0/15 grids. 0 flagged cells
Level[3]: dt = 0.00747445  0.00747445 (0.0149536/0.015451)
Level[4]: dt = 0.00367032  0.00367032 (0.00367032/0.00747445)
Level[5]: dt = 0.00176039  0.00176039 (0.00176039/0.00367032)
RebuildHierarchy: level = 5
TransferSubgridParticles[5]: Moved 0 particles, 0 stars, 0 active particles.
DetermineSGSize: MaxSubgridSize = 2000, MinSubgridEdge = 4, ncells = 5280
RebuildHierarchy[5]: Flagged 0/15 grids. 0 flagged cells
Level[5]: dt = 0.00176236  0.00176236 (0.00352276/0.00367032)
RebuildHierarchy: level = 5
TransferSubgridParticles[5]: Moved 0 particles, 0 stars, 0 active particles.
DetermineSGSize: MaxSubgridSize = 2000, MinSubgridEdge = 4, ncells = 5280
RebuildHierarchy[5]: Flagged 0/15 grids. 0 flagged cells
Level[5]: dt = 0.000147568  0.00176437 (0.00367032/0.00367032)
EvolveLevel[5]: NumberOfSubCycles = 3 (408 total, 3 sub)
RebuildHierarchy: level = 4
TransferSubgridParticles[4]: Moved 0 particles, 0 stars, 0 active particles.
DetermineSGSize: MaxSubgridSize = 2000, MinSubgridEdge = 4, ncells = 5280
RebuildHierarchy[4]: Flagged 15/23 grids. 617 flagged cells
LoadBalance: Number of grids moved = 14 out of 15 (2.11187e-05 seconds elapsed)
DetermineSGSize: MaxSubgridSize = 2000, MinSubgridEdge = 4, ncells = 5280
RebuildHierarchy[5]: Flagged 0/15 grids. 0 flagged cells
Level[4]: dt = 0.00380413  0.00367161 (0.00747445/0.00747445)
Level[5]: dt = 0.00176453  0.00176453 (0.00176453/0.00380413)
RebuildHierarchy: level = 5
TransferSubgridParticles[5]: Moved 0 particles, 0 stars, 0 active particles.
DetermineSGSize: MaxSubgridSize = 2000, MinSubgridEdge = 4, ncells = 5280
RebuildHierarchy[5]: Flagged 0/15 grids. 0 flagged cells
Level[5]: dt = 0.00176669  0.00176669 (0.00353123/0.00380413)
RebuildHierarchy: level = 5
TransferSubgridParticles[5]: Moved 0 particles, 0 stars, 0 active particles.
DetermineSGSize: MaxSubgridSize = 2000, MinSubgridEdge = 4, ncells = 5280
RebuildHierarchy[5]: Flagged 0/15 grids. 0 flagged cells
Level[5]: dt = 0.000272901  0.00176894 (0.00380413/0.00380413)
EvolveLevel[5]: NumberOfSubCycles = 3 (411 total, 3 sub)
EvolveLevel[4]: NumberOfSubCycles = 2 (186 total, 2 sub)
Level[3]: dt = 0.000497378  0.00748042 (0.015451/0.015451)
Level[4]: dt = 0.000497378  0.00367296 (0.000497378/0.000497378)
Level[5]: dt = 0.000497378  0.00176927 (0.000497378/0.000497378)
EvolveLevel[5]: NumberOfSubCycles = 1 (412 total, 1 sub)
EvolveLevel[4]: NumberOfSubCycles = 1 (187 total, 1 sub)
EvolveLevel[3]: NumberOfSubCycles = 3 (84 total, 3 sub)
RebuildHierarchy: level = 2
TransferSubgridParticles[2]: Moved 114 particles, 0 stars, 0 active particles.
DetermineSGSize: MaxSubgridSize = 2000, MinSubgridEdge = 4, ncells = 47824
RebuildHierarchy[2]: Flagged 72/365 grids. 4036 flagged cells
LoadBalance: Number of grids moved = 76 out of 76 (0.000944916 seconds elapsed)
DetermineSGSize: MaxSubgridSize = 2000, MinSubgridEdge = 4, ncells = 8824
RebuildHierarchy[3]: Flagged 24/76 grids. 939 flagged cells
LoadBalance: Number of grids moved = 23 out of 24 (2.4911e-05 seconds elapsed)
DetermineSGSize: MaxSubgridSize = 2000, MinSubgridEdge = 4, ncells = 5280
RebuildHierarchy[4]: Flagged 15/24 grids. 617 flagged cells
LoadBalance: Number of grids moved = 14 out of 15 (2.07052e-05 seconds elapsed)
DetermineSGSize: MaxSubgridSize = 2000, MinSubgridEdge = 4, ncells = 5280
RebuildHierarchy[5]: Flagged 0/15 grids. 0 flagged cells
Level[2]: dt = 0.0154573  0.0154573 (0.0309082/0.0318254)
Level[3]: dt = 0.00748054  0.00748054 (0.00748054/0.0154573)
Level[4]: dt = 0.00367314  0.00367314 (0.00367314/0.00748054)
Level[5]: dt = 0.00176991  0.00176991 (0.00176991/0.00367314)
RebuildHierarchy: level = 5
TransferSubgridParticles[5]: Moved 0 particles, 0 stars, 0 active particles.
DetermineSGSize: MaxSubgridSize = 2000, MinSubgridEdge = 4, ncells = 5280
RebuildHierarchy[5]: Flagged 0/15 grids. 0 flagged cells
Level[5]: dt = 0.00177233  0.00177233 (0.00354224/0.00367314)
RebuildHierarchy: level = 5
TransferSubgridParticles[5]: Moved 0 particles, 0 stars, 0 active particles.
DetermineSGSize: MaxSubgridSize = 2000, MinSubgridEdge = 4, ncells = 5280
RebuildHierarchy[5]: Flagged 0/15 grids. 0 flagged cells
Level[5]: dt = 0.000130906  0.00177482 (0.00367314/0.00367314)
EvolveLevel[5]: NumberOfSubCycles = 3 (415 total, 3 sub)
RebuildHierarchy: level = 4
TransferSubgridParticles[4]: Moved 1 particles, 0 stars, 0 active particles.
DetermineSGSize: MaxSubgridSize = 2000, MinSubgridEdge = 4, ncells = 5280
RebuildHierarchy[4]: Flagged 16/24 grids. 644 flagged cells
LoadBalance: Number of grids moved = 15 out of 16 (2.24002e-05 seconds elapsed)
DetermineSGSize: MaxSubgridSize = 2000, MinSubgridEdge = 4, ncells = 5280
RebuildHierarchy[5]: Flagged 0/16 grids. 0 flagged cells
Level[4]: dt = 0.00380739  0.00367461 (0.00748054/0.00748054)
Level[5]: dt = 0.001775  0.001775 (0.001775/0.00380739)
RebuildHierarchy: level = 5
TransferSubgridParticles[5]: Moved 0 particles, 0 stars, 0 active particles.
DetermineSGSize: MaxSubgridSize = 2000, MinSubgridEdge = 4, ncells = 5496
RebuildHierarchy[5]: Flagged 0/16 grids. 0 flagged cells
Level[5]: dt = 0.0017777  0.0017777 (0.0035527/0.00380739)
RebuildHierarchy: level = 5
TransferSubgridParticles[5]: Moved 0 particles, 0 stars, 0 active particles.
DetermineSGSize: MaxSubgridSize = 2000, MinSubgridEdge = 4, ncells = 5496
RebuildHierarchy[5]: Flagged 0/16 grids. 0 flagged cells
Level[5]: dt = 0.000254695  0.00178046 (0.00380739/0.00380739)
EvolveLevel[5]: NumberOfSubCycles = 3 (418 total, 3 sub)
EvolveLevel[4]: NumberOfSubCycles = 2 (189 total, 2 sub)
RebuildHierarchy: level = 3
TransferSubgridParticles[3]: Moved 2 particles, 0 stars, 0 active particles.
DetermineSGSize: MaxSubgridSize = 2000, MinSubgridEdge = 4, ncells = 8976
RebuildHierarchy[3]: Flagged 24/76 grids. 939 flagged cells
LoadBalance: Number of grids moved = 23 out of 24 (2.56673e-05 seconds elapsed)
DetermineSGSize: MaxSubgridSize = 2000, MinSubgridEdge = 4, ncells = 5496
RebuildHierarchy[4]: Flagged 16/24 grids. 635 flagged cells
LoadBalance: Number of grids moved = 15 out of 16 (2.21729e-05 seconds elapsed)
DetermineSGSize: MaxSubgridSize = 2000, MinSubgridEdge = 4, ncells = 5496
RebuildHierarchy[5]: Flagged 0/16 grids. 0 flagged cells
Level[3]: dt = 0.00747599  0.00747599 (0.0149565/0.0154573)
Level[4]: dt = 0.00366514  0.00366514 (0.00366514/0.00747599)
Level[5]: dt = 0.00178086  0.00178086 (0.00178086/0.00366514)
RebuildHierarchy: level = 5
TransferSubgridParticles[5]: Moved 0 particles, 0 stars, 0 active particles.
DetermineSGSize: MaxSubgridSize = 2000, MinSubgridEdge = 4, ncells = 5424
RebuildHierarchy[5]: Flagged 0/16 grids. 0 flagged cells
Level[5]: dt = 0.00178354  0.00178354 (0.0035644/0.00366514)
RebuildHierarchy: level = 5
TransferSubgridParticles[5]: Moved 1 particles, 0 stars, 0 active particles.
DetermineSGSize: MaxSubgridSize = 2000, MinSubgridEdge = 4, ncells = 5424
RebuildHierarchy[5]: Flagged 0/16 grids. 0 flagged cells
Level[5]: dt = 0.000100749  0.00178403 (0.00366514/0.00366514)
EvolveLevel[5]: NumberOfSubCycles = 3 (421 total, 3 sub)
RebuildHierarchy: level = 4
TransferSubgridParticles[4]: Moved 0 particles, 0 stars, 0 active particles.
DetermineSGSize: MaxSubgridSize = 2000, MinSubgridEdge = 4, ncells = 5424
RebuildHierarchy[4]: Flagged 16/24 grids. 635 flagged cells
LoadBalance: Number of grids moved = 15 out of 16 (2.13161e-05 seconds elapsed)
DetermineSGSize: MaxSubgridSize = 2000, MinSubgridEdge = 4, ncells = 5424
RebuildHierarchy[5]: Flagged 0/16 grids. 0 flagged cells
Level[4]: dt = 0.00381085  0.0036533 (0.00747599/0.00747599)
Level[5]: dt = 0.00178406  0.00178406 (0.00178406/0.00381085)
RebuildHierarchy: level = 5
TransferSubgridParticles[5]: Moved 0 particles, 0 stars, 0 active particles.
DetermineSGSize: MaxSubgridSize = 2000, MinSubgridEdge = 4, ncells = 5424
RebuildHierarchy[5]: Flagged 0/16 grids. 0 flagged cells
Level[5]: dt = 0.00178181  0.00178181 (0.00356587/0.00381085)
RebuildHierarchy: level = 5
TransferSubgridParticles[5]: Moved 0 particles, 0 stars, 0 active particles.
DetermineSGSize: MaxSubgridSize = 2000, MinSubgridEdge = 4, ncells = 5424
RebuildHierarchy[5]: Flagged 0/16 grids. 0 flagged cells
Level[5]: dt = 0.000244981  0.00177934 (0.00381085/0.00381085)
EvolveLevel[5]: NumberOfSubCycles = 3 (424 total, 3 sub)
EvolveLevel[4]: NumberOfSubCycles = 2 (191 total, 2 sub)
Level[3]: dt = 0.000500727  0.00748223 (0.0154573/0.0154573)
Level[4]: dt = 0.000500727  0.00364282 (0.000500727/0.000500727)
Level[5]: dt = 0.000500727  0.001779 (0.000500727/0.000500727)
EvolveLevel[5]: NumberOfSubCycles = 1 (425 total, 1 sub)
EvolveLevel[4]: NumberOfSubCycles = 1 (192 total, 1 sub)
EvolveLevel[3]: NumberOfSubCycles = 3 (87 total, 3 sub)
Level[2]: dt = 0.000917201  0.0154641 (0.0318254/0.0318254)
Level[3]: dt = 0.000917201  0.00748235 (0.000917201/0.000917201)
Level[4]: dt = 0.000917201  0.00364179 (0.000917201/0.000917201)
Level[5]: dt = 0.000917201  0.00177831 (0.000917201/0.000917201)
EvolveLevel[5]: NumberOfSubCycles = 1 (426 total, 1 sub)
EvolveLevel[4]: NumberOfSubCycles = 1 (193 total, 1 sub)
EvolveLevel[3]: NumberOfSubCycles = 1 (88 total, 1 sub)
EvolveLevel[2]: NumberOfSubCycles = 3 (34 total, 3 sub)
RebuildHierarchy: level = 1
TransferSubgridParticles[1]: Moved 4224 particles, 0 stars, 0 active particles.
DetermineSGSize: MaxSubgridSize = 2000, MinSubgridEdge = 4, ncells = 295640
RebuildHierarchy[1]: Flagged 304/4454 grids. 22597 flagged cells
LoadBalance: Number of grids moved = 374 out of 377 (0.000170667 seconds elapsed)
DetermineSGSize: MaxSubgridSize = 2000, MinSubgridEdge = 4, ncells = 49752
RebuildHierarchy[2]: Flagged 72/377 grids. 4124 flagged cells
LoadBalance: Number of grids moved = 76 out of 76 (0.000993509 seconds elapsed)
DetermineSGSize: MaxSubgridSize = 2000, MinSubgridEdge = 4, ncells = 8976
RebuildHierarchy[3]: Flagged 25/76 grids. 993 flagged cells
LoadBalance: Number of grids moved = 24 out of 25 (2.62819e-05 seconds elapsed)
DetermineSGSize: MaxSubgridSize = 2000, MinSubgridEdge = 4, ncells = 5424
RebuildHierarchy[4]: Flagged 16/25 grids. 632 flagged cells
LoadBalance: Number of grids moved = 15 out of 16 (2.15136e-05 seconds elapsed)
DetermineSGSize: MaxSubgridSize = 2000, MinSubgridEdge = 4, ncells = 5424
RebuildHierarchy[5]: Flagged 0/16 grids. 0 flagged cells
Level[1]: dt = 0.0314365  0.0318384 (0.063262/0.063262)
Level[2]: dt = 0.0154639  0.0154639 (0.0154639/0.0314365)
Level[3]: dt = 0.00748177  0.00748177 (0.00748177/0.0154639)
Level[4]: dt = 0.00364  0.00364 (0.00364/0.00748177)
Level[5]: dt = 0.0017771  0.0017771 (0.0017771/0.00364)
RebuildHierarchy: level = 5
TransferSubgridParticles[5]: Moved 0 particles, 0 stars, 0 active particles.
DetermineSGSize: MaxSubgridSize = 2000, MinSubgridEdge = 4, ncells = 5424
RebuildHierarchy[5]: Flagged 0/16 grids. 0 flagged cells
Level[5]: dt = 0.0018629  0.00177488 (0.00364/0.00364)
EvolveLevel[5]: NumberOfSubCycles = 2 (428 total, 2 sub)
RebuildHierarchy: level = 4
TransferSubgridParticles[4]: Moved 1 particles, 0 stars, 0 active particles.
DetermineSGSize: MaxSubgridSize = 2000, MinSubgridEdge = 4, ncells = 5424
RebuildHierarchy[4]: Flagged 16/25 grids. 621 flagged cells
LoadBalance: Number of grids moved = 15 out of 16 (2.15806e-05 seconds elapsed)
DetermineSGSize: MaxSubgridSize = 2000, MinSubgridEdge = 4, ncells = 5424
RebuildHierarchy[5]: Flagged 0/16 grids. 0 flagged cells
Level[4]: dt = 0.00363365  0.00363365 (0.00727365/0.00748177)
Level[5]: dt = 0.00177269  0.00177269 (0.00177269/0.00363365)
RebuildHierarchy: level = 5
TransferSubgridParticles[5]: Moved 0 particles, 0 stars, 0 active particles.
DetermineSGSize: MaxSubgridSize = 2000, MinSubgridEdge = 4, ncells = 5296
RebuildHierarchy[5]: Flagged 0/16 grids. 0 flagged cells
Level[5]: dt = 0.00177073  0.00177073 (0.00354343/0.00363365)
RebuildHierarchy: level = 5
TransferSubgridParticles[5]: Moved 0 particles, 0 stars, 0 active particles.
DetermineSGSize: MaxSubgridSize = 2000, MinSubgridEdge = 4, ncells = 5296
RebuildHierarchy[5]: Flagged 0/16 grids. 0 flagged cells
Level[5]: dt = 9.02277e-05  0.00176887 (0.00363365/0.00363365)
EvolveLevel[5]: NumberOfSubCycles = 3 (431 total, 3 sub)
Level[4]: dt = 0.00020812  0.00362964 (0.00748177/0.00748177)
Level[5]: dt = 0.00020812  0.00176877 (0.00020812/0.00020812)
EvolveLevel[5]: NumberOfSubCycles = 1 (432 total, 1 sub)
EvolveLevel[4]: NumberOfSubCycles = 3 (196 total, 3 sub)
RebuildHierarchy: level = 3
TransferSubgridParticles[3]: Moved 4 particles, 0 stars, 0 active particles.
DetermineSGSize: MaxSubgridSize = 2000, MinSubgridEdge = 4, ncells = 9640
RebuildHierarchy[3]: Flagged 24/76 grids. 975 flagged cells
LoadBalance: Number of grids moved = 23 out of 24 (2.61441e-05 seconds elapsed)
DetermineSGSize: MaxSubgridSize = 2000, MinSubgridEdge = 4, ncells = 5296
RebuildHierarchy[4]: Flagged 16/24 grids. 618 flagged cells
LoadBalance: Number of grids moved = 15 out of 16 (2.24486e-05 seconds elapsed)
DetermineSGSize: MaxSubgridSize = 2000, MinSubgridEdge = 4, ncells = 5296
RebuildHierarchy[5]: Flagged 0/16 grids. 0 flagged cells
Level[3]: dt = 0.00748785  0.00748785 (0.0149696/0.0154639)
Level[4]: dt = 0.00362943  0.00362943 (0.00362943/0.00748785)
Level[5]: dt = 0.00176855  0.00176855 (0.00176855/0.00362943)
RebuildHierarchy: level = 5
TransferSubgridParticles[5]: Moved 0 particles, 0 stars, 0 active particles.
DetermineSGSize: MaxSubgridSize = 2000, MinSubgridEdge = 4, ncells = 5296
RebuildHierarchy[5]: Flagged 0/16 grids. 0 flagged cells
Level[5]: dt = 0.00176682  0.00176682 (0.00353537/0.00362943)
RebuildHierarchy: level = 5
TransferSubgridParticles[5]: Moved 0 particles, 0 stars, 0 active particles.
DetermineSGSize: MaxSubgridSize = 2000, MinSubgridEdge = 4, ncells = 5296
RebuildHierarchy[5]: Flagged 0/16 grids. 0 flagged cells
Level[5]: dt = 9.40647e-05  0.00176524 (0.00362943/0.00362943)
EvolveLevel[5]: NumberOfSubCycles = 3 (435 total, 3 sub)
RebuildHierarchy: level = 4
TransferSubgridParticles[4]: Moved 1 particles, 0 stars, 0 active particles.
DetermineSGSize: MaxSubgridSize = 2000, MinSubgridEdge = 4, ncells = 5296
RebuildHierarchy[4]: Flagged 16/24 grids. 618 flagged cells
LoadBalance: Number of grids moved = 15 out of 16 (2.25939e-05 seconds elapsed)
DetermineSGSize: MaxSubgridSize = 2000, MinSubgridEdge = 4, ncells = 5296
RebuildHierarchy[5]: Flagged 0/16 grids. 0 flagged cells
Level[4]: dt = 0.00362669  0.00362669 (0.00725612/0.00748785)
Level[5]: dt = 0.00176515  0.00176515 (0.00176515/0.00362669)
RebuildHierarchy: level = 5
TransferSubgridParticles[5]: Moved 1 particles, 0 stars, 0 active particles.
DetermineSGSize: MaxSubgridSize = 2000, MinSubgridEdge = 4, ncells = 5296
RebuildHierarchy[5]: Flagged 0/16 grids. 0 flagged cells
Level[5]: dt = 0.00176369  0.00176369 (0.00352884/0.00362669)
RebuildHierarchy: level = 5
TransferSubgridParticles[5]: Moved 0 particles, 0 stars, 0 active particles.
DetermineSGSize: MaxSubgridSize = 2000, MinSubgridEdge = 4, ncells = 5296
RebuildHierarchy[5]: Flagged 0/16 grids. 0 flagged cells
Level[5]: dt = 9.78458e-05  0.00176242 (0.00362669/0.00362669)
EvolveLevel[5]: NumberOfSubCycles = 3 (438 total, 3 sub)
Level[4]: dt = 0.000231729  0.0036259 (0.00748785/0.00748785)
Level[5]: dt = 0.000231729  0.00176234 (0.000231729/0.000231729)
EvolveLevel[5]: NumberOfSubCycles = 1 (439 total, 1 sub)
EvolveLevel[4]: NumberOfSubCycles = 3 (199 total, 3 sub)
Level[3]: dt = 0.000494294  0.00748981 (0.0154639/0.0154639)
Level[4]: dt = 0.000494294  0.00362587 (0.000494294/0.000494294)
Level[5]: dt = 0.000494294  0.00176217 (0.000494294/0.000494294)
EvolveLevel[5]: NumberOfSubCycles = 1 (440 total, 1 sub)
EvolveLevel[4]: NumberOfSubCycles = 1 (200 total, 1 sub)
EvolveLevel[3]: NumberOfSubCycles = 3 (91 total, 3 sub)
RebuildHierarchy: level = 2
TransferSubgridParticles[2]: Moved 56 particles, 0 stars, 0 active particles.
DetermineSGSize: MaxSubgridSize = 2000, MinSubgridEdge = 4, ncells = 51432
RebuildHierarchy[2]: Flagged 74/377 grids. 4199 flagged cells
LoadBalance: Number of grids moved = 78 out of 78 (0.000787005 seconds elapsed)
DetermineSGSize: MaxSubgridSize = 2000, MinSubgridEdge = 4, ncells = 9520
RebuildHierarchy[3]: Flagged 25/78 grids. 1038 flagged cells
LoadBalance: Number of grids moved = 25 out of 26 (2.64607e-05 seconds elapsed)
DetermineSGSize: MaxSubgridSize = 2000, MinSubgridEdge = 4, ncells = 5296
RebuildHierarchy[4]: Flagged 15/26 grids. 594 flagged cells
LoadBalance: Number of grids moved = 14 out of 15 (2.07201e-05 seconds elapsed)
DetermineSGSize: MaxSubgridSize = 2000, MinSubgridEdge = 4, ncells = 5296
RebuildHierarchy[5]: Flagged 0/15 grids. 0 flagged cells
Level[2]: dt = 0.0159726  0.0154758 (0.0314365/0.0314365)
Level[3]: dt = 0.00748949  0.00748949 (0.00748949/0.0159726)
Level[4]: dt = 0.00362584  0.00362584 (0.00362584/0.00748949)
Level[5]: dt = 0.00176182  0.00176182 (0.00176182/0.00362584)
RebuildHierarchy: level = 5
TransferSubgridParticles[5]: Moved 0 particles, 0 stars, 0 active particles.
DetermineSGSize: MaxSubgridSize = 2000, MinSubgridEdge = 4, ncells = 5080
RebuildHierarchy[5]: Flagged 0/15 grids. 0 flagged cells
Level[5]: dt = 0.00176077  0.00176077 (0.00352259/0.00362584)
RebuildHierarchy: level = 5
TransferSubgridParticles[5]: Moved 0 particles, 0 stars, 0 active particles.
DetermineSGSize: MaxSubgridSize = 2000, MinSubgridEdge = 4, ncells = 5080
RebuildHierarchy[5]: Flagged 0/15 grids. 0 flagged cells
Level[5]: dt = 0.000103252  0.00175977 (0.00362584/0.00362584)
EvolveLevel[5]: NumberOfSubCycles = 3 (443 total, 3 sub)
RebuildHierarchy: level = 4
TransferSubgridParticles[4]: Moved 0 particles, 0 stars, 0 active particles.
DetermineSGSize: MaxSubgridSize = 2000, MinSubgridEdge = 4, ncells = 5080
RebuildHierarchy[4]: Flagged 15/26 grids. 603 flagged cells
LoadBalance: Number of grids moved = 14 out of 15 (2.11485e-05 seconds elapsed)
DetermineSGSize: MaxSubgridSize = 2000, MinSubgridEdge = 4, ncells = 5080
RebuildHierarchy[5]: Flagged 0/15 grids. 0 flagged cells
Level[4]: dt = 0.00362671  0.00362671 (0.00725255/0.00748949)
Level[5]: dt = 0.00175971  0.00175971 (0.00175971/0.00362671)
RebuildHierarchy: level = 5
TransferSubgridParticles[5]: Moved 0 particles, 0 stars, 0 active particles.
DetermineSGSize: MaxSubgridSize = 2000, MinSubgridEdge = 4, ncells = 5152
RebuildHierarchy[5]: Flagged 0/15 grids. 0 flagged cells
Level[5]: dt = 0.00175894  0.00175894 (0.00351865/0.00362671)
RebuildHierarchy: level = 5
TransferSubgridParticles[5]: Moved 0 particles, 0 stars, 0 active particles.
DetermineSGSize: MaxSubgridSize = 2000, MinSubgridEdge = 4, ncells = 5152
RebuildHierarchy[5]: Flagged 0/15 grids. 0 flagged cells
Level[5]: dt = 0.000108062  0.00175818 (0.00362671/0.00362671)
EvolveLevel[5]: NumberOfSubCycles = 3 (446 total, 3 sub)
Level[4]: dt = 0.000236938  0.00362897 (0.00748949/0.00748949)
Level[5]: dt = 0.000236938  0.00175814 (0.000236938/0.000236938)
EvolveLevel[5]: NumberOfSubCycles = 1 (447 total, 1 sub)
EvolveLevel[4]: NumberOfSubCycles = 3 (203 total, 3 sub)
RebuildHierarchy: level = 3
TransferSubgridParticles[3]: Moved 3 particles, 0 stars, 0 active particles.
DetermineSGSize: MaxSubgridSize = 2000, MinSubgridEdge = 4, ncells = 10024
RebuildHierarchy[3]: Flagged 25/78 grids. 1022 flagged cells
LoadBalance: Number of grids moved = 24 out of 25 (2.65539e-05 seconds elapsed)
DetermineSGSize: MaxSubgridSize = 2000, MinSubgridEdge = 4, ncells = 5152
RebuildHierarchy[4]: Flagged 15/25 grids. 603 flagged cells
LoadBalance: Number of grids moved = 14 out of 15 (2.07201e-05 seconds elapsed)
DetermineSGSize: MaxSubgridSize = 2000, MinSubgridEdge = 4, ncells = 5152
RebuildHierarchy[5]: Flagged 0/15 grids. 0 flagged cells
Level[3]: dt = 0.00749169  0.00749169 (0.0149812/0.0159726)
Level[4]: dt = 0.00362913  0.00362913 (0.00362913/0.00749169)
Level[5]: dt = 0.00175805  0.00175805 (0.00175805/0.00362913)
RebuildHierarchy: level = 5
TransferSubgridParticles[5]: Moved 1 particles, 0 stars, 0 active particles.
DetermineSGSize: MaxSubgridSize = 2000, MinSubgridEdge = 4, ncells = 5152
RebuildHierarchy[5]: Flagged 0/15 grids. 0 flagged cells
Level[5]: dt = 0.00175744  0.00175744 (0.00351549/0.00362913)
RebuildHierarchy: level = 5
TransferSubgridParticles[5]: Moved 0 particles, 0 stars, 0 active particles.
DetermineSGSize: MaxSubgridSize = 2000, MinSubgridEdge = 4, ncells = 5152
RebuildHierarchy[5]: Flagged 0/15 grids. 0 flagged cells
Level[5]: dt = 0.000113639  0.00175706 (0.00362913/0.00362913)
EvolveLevel[5]: NumberOfSubCycles = 3 (450 total, 3 sub)
RebuildHierarchy: level = 4
TransferSubgridParticles[4]: Moved 0 particles, 0 stars, 0 active particles.
DetermineSGSize: MaxSubgridSize = 2000, MinSubgridEdge = 4, ncells = 5152
RebuildHierarchy[4]: Flagged 15/25 grids. 600 flagged cells
LoadBalance: Number of grids moved = 14 out of 15 (2.05711e-05 seconds elapsed)
DetermineSGSize: MaxSubgridSize = 2000, MinSubgridEdge = 4, ncells = 5152
RebuildHierarchy[5]: Flagged 0/15 grids. 0 flagged cells
Level[4]: dt = 0.00363255  0.00363255 (0.00726168/0.00749169)
Level[5]: dt = 0.00175703  0.00175703 (0.00175703/0.00363255)
RebuildHierarchy: level = 5
TransferSubgridParticles[5]: Moved 0 particles, 0 stars, 0 active particles.
DetermineSGSize: MaxSubgridSize = 2000, MinSubgridEdge = 4, ncells = 5152
RebuildHierarchy[5]: Flagged 0/15 grids. 0 flagged cells
Level[5]: dt = 0.001756  0.001756 (0.00351303/0.00363255)
RebuildHierarchy: level = 5
TransferSubgridParticles[5]: Moved 0 particles, 0 stars, 0 active particles.
DetermineSGSize: MaxSubgridSize = 2000, MinSubgridEdge = 4, ncells = 5152
RebuildHierarchy[5]: Flagged 0/15 grids. 0 flagged cells
Level[5]: dt = 0.000119515  0.00175493 (0.00363255/0.00363255)
EvolveLevel[5]: NumberOfSubCycles = 3 (453 total, 3 sub)
Level[4]: dt = 0.000230016  0.00363717 (0.00749169/0.00749169)
Level[5]: dt = 0.000230016  0.00175486 (0.000230016/0.000230016)
EvolveLevel[5]: NumberOfSubCycles = 1 (454 total, 1 sub)
EvolveLevel[4]: NumberOfSubCycles = 3 (206 total, 3 sub)
Level[3]: dt = 0.000991408  0.00749057 (0.0159726/0.0159726)
Level[4]: dt = 0.000991408  0.00363749 (0.000991408/0.000991408)
Level[5]: dt = 0.000991408  0.00175473 (0.000991408/0.000991408)
EvolveLevel[5]: NumberOfSubCycles = 1 (455 total, 1 sub)
EvolveLevel[4]: NumberOfSubCycles = 1 (207 total, 1 sub)
P(0) -- CFRFr warn: 1.531636e-06 -5.848040e-16 -4.212793e-13 -4.206945e-13 8 4 7 1 [10]
EvolveLevel[3]: NumberOfSubCycles = 3 (94 total, 3 sub)
EvolveLevel[2]: NumberOfSubCycles = 2 (36 total, 2 sub)
EvolveLevel[1]: NumberOfSubCycles = 2 (16 total, 2 sub)
EvolveLevel[0]: NumberOfSubCycles = 1 (8 total, 8 sub)
RebuildHierarchy: level = 0
CommunicationTransferParticles: moved = 292653
CommunicationTransferStars: moved = 0
CommunicationTransferActiveParticles: moved = 0
DetermineSGSize: MaxSubgridSize = 2000, MinSubgridEdge = 4, ncells = 5598424
RebuildHierarchy[0]: Flagged 586/1120 grids. 371652 flagged cells
LoadBalance: Number of grids moved = 4540 out of 4570 (0.0492927 seconds elapsed)
DetermineSGSize: MaxSubgridSize = 2000, MinSubgridEdge = 4, ncells = 303600
RebuildHierarchy[1]: Flagged 305/4570 grids. 22811 flagged cells
LoadBalance: Number of grids moved = 362 out of 365 (0.0014708 seconds elapsed)
DetermineSGSize: MaxSubgridSize = 2000, MinSubgridEdge = 4, ncells = 51512
RebuildHierarchy[2]: Flagged 71/365 grids. 4250 flagged cells
LoadBalance: Number of grids moved = 76 out of 76 (0.00160938 seconds elapsed)
DetermineSGSize: MaxSubgridSize = 2000, MinSubgridEdge = 4, ncells = 9880
RebuildHierarchy[3]: Flagged 25/76 grids. 1019 flagged cells
LoadBalance: Number of grids moved = 24 out of 25 (2.6457e-05 seconds elapsed)
DetermineSGSize: MaxSubgridSize = 2000, MinSubgridEdge = 4, ncells = 5152
RebuildHierarchy[4]: Flagged 15/25 grids. 605 flagged cells
LoadBalance: Number of grids moved = 14 out of 15 (2.2009e-05 seconds elapsed)
DetermineSGSize: MaxSubgridSize = 2000, MinSubgridEdge = 4, ncells = 5152
RebuildHierarchy[5]: Flagged 0/15 grids. 0 flagged cells
CPUTime-output: Frac = 0.999992, Current = 442.172 (441.423), Stop = 2592000.000000, Last = 21.2695
[YT_INFO   ] Setting YT parameters ...
[YT_INFO   ] Setting YT parameters ... done.
[YT_INFO   ] Getting pointer to particle list information ...
[YT_INFO   ] Getting pointer to particle list information  ... done.
[YT_INFO   ] Getting pointer to field list information ...
[YT_INFO   ] Getting pointer to field list information  ... done.
[YT_INFO   ] Getting pointer to local grids information ...
[YT_INFO   ] Getting pointer to local grids information  ... done.
[YT_INFO   ] Loading full hierarchy and local data to libyt ...
[YT_INFO   ] Loading full hierarchy and local data ... done.
[YT_INFO   ] Performing YT inline analysis yt_inline_func() ...
[YT_INFO   ] Performing YT inline analysis yt_inline_func() ... done.
Level[0]: dt = 0.0633096  0.0633096 (0.0633096/0.0633096)
Level[1]: dt = 0.0318549  0.0318549 (0.0318549/0.0633096)
Level[2]: dt = 0.0154869  0.0154869 (0.0154869/0.0318549)
Level[3]: dt = 0.00748979  0.00748979 (0.00748979/0.0154869)
Level[4]: dt = 0.0036389  0.0036389 (0.0036389/0.00748979)
Level[5]: dt = 0.00175437  0.00175437 (0.00175437/0.0036389)
RebuildHierarchy: level = 5
TransferSubgridParticles[5]: Moved 0 particles, 0 stars, 0 active particles.
DetermineSGSize: MaxSubgridSize = 2000, MinSubgridEdge = 4, ncells = 5152
RebuildHierarchy[5]: Flagged 0/15 grids. 0 flagged cells
Level[5]: dt = 0.00175409  0.00175409 (0.00350845/0.0036389)
RebuildHierarchy: level = 5
TransferSubgridParticles[5]: Moved 0 particles, 0 stars, 0 active particles.
DetermineSGSize: MaxSubgridSize = 2000, MinSubgridEdge = 4, ncells = 5152
RebuildHierarchy[5]: Flagged 0/15 grids. 0 flagged cells
Level[5]: dt = 0.000130444  0.00175425 (0.0036389/0.0036389)
EvolveLevel[5]: NumberOfSubCycles = 3 (458 total, 3 sub)
RebuildHierarchy: level = 4
TransferSubgridParticles[4]: Moved 0 particles, 0 stars, 0 active particles.
DetermineSGSize: MaxSubgridSize = 2000, MinSubgridEdge = 4, ncells = 5152
RebuildHierarchy[4]: Flagged 15/25 grids. 606 flagged cells
LoadBalance: Number of grids moved = 14 out of 15 (2.11634e-05 seconds elapsed)
DetermineSGSize: MaxSubgridSize = 2000, MinSubgridEdge = 4, ncells = 5152
RebuildHierarchy[5]: Flagged 0/15 grids. 0 flagged cells
Level[4]: dt = 0.0036452  0.0036452 (0.0072841/0.00748979)
Level[5]: dt = 0.00175428  0.00175428 (0.00175428/0.0036452)
RebuildHierarchy: level = 5
TransferSubgridParticles[5]: Moved 0 particles, 0 stars, 0 active particles.
DetermineSGSize: MaxSubgridSize = 2000, MinSubgridEdge = 4, ncells = 5152
RebuildHierarchy[5]: Flagged 0/15 grids. 0 flagged cells
Level[5]: dt = 0.00175504  0.00175504 (0.00350933/0.0036452)
RebuildHierarchy: level = 5
TransferSubgridParticles[5]: Moved 1 particles, 0 stars, 0 active particles.
DetermineSGSize: MaxSubgridSize = 2000, MinSubgridEdge = 4, ncells = 5152
RebuildHierarchy[5]: Flagged 0/15 grids. 0 flagged cells
Level[5]: dt = 0.000135874  0.00175607 (0.0036452/0.0036452)
EvolveLevel[5]: NumberOfSubCycles = 3 (461 total, 3 sub)
Level[4]: dt = 0.000205695  0.0036529 (0.00748979/0.00748979)
Level[5]: dt = 0.000205695  0.00175617 (0.000205695/0.000205695)
EvolveLevel[5]: NumberOfSubCycles = 1 (462 total, 1 sub)
EvolveLevel[4]: NumberOfSubCycles = 3 (210 total, 3 sub)
RebuildHierarchy: level = 3
TransferSubgridParticles[3]: Moved 186 particles, 0 stars, 0 active particles.
DetermineSGSize: MaxSubgridSize = 2000, MinSubgridEdge = 4, ncells = 9912
RebuildHierarchy[3]: Flagged 26/76 grids. 1031 flagged cells
LoadBalance: Number of grids moved = 25 out of 26 (2.63341e-05 seconds elapsed)
DetermineSGSize: MaxSubgridSize = 2000, MinSubgridEdge = 4, ncells = 5152
RebuildHierarchy[4]: Flagged 15/26 grids. 599 flagged cells
LoadBalance: Number of grids moved = 14 out of 15 (2.00532e-05 seconds elapsed)
DetermineSGSize: MaxSubgridSize = 2000, MinSubgridEdge = 4, ncells = 5152
RebuildHierarchy[5]: Flagged 0/15 grids. 0 flagged cells
Level[3]: dt = 0.00749041  0.00749041 (0.0149802/0.0154869)
Level[4]: dt = 0.00365338  0.00365338 (0.00365338/0.00749041)
Level[5]: dt = 0.00175632  0.00175632 (0.00175632/0.00365338)
RebuildHierarchy: level = 5
TransferSubgridParticles[5]: Moved 0 particles, 0 stars, 0 active particles.
DetermineSGSize: MaxSubgridSize = 2000, MinSubgridEdge = 4, ncells = 4992
RebuildHierarchy[5]: Flagged 0/15 grids. 0 flagged cells
Level[5]: dt = 0.00175694  0.00175694 (0.00351327/0.00365338)
RebuildHierarchy: level = 5
TransferSubgridParticles[5]: Moved 0 particles, 0 stars, 0 active particles.
DetermineSGSize: MaxSubgridSize = 2000, MinSubgridEdge = 4, ncells = 4992
RebuildHierarchy[5]: Flagged 0/15 grids. 0 flagged cells
Level[5]: dt = 0.00014011  0.00175722 (0.00365338/0.00365338)
EvolveLevel[5]: NumberOfSubCycles = 3 (465 total, 3 sub)
RebuildHierarchy: level = 4
TransferSubgridParticles[4]: Moved 0 particles, 0 stars, 0 active particles.
DetermineSGSize: MaxSubgridSize = 2000, MinSubgridEdge = 4, ncells = 4992
RebuildHierarchy[4]: Flagged 14/26 grids. 569 flagged cells
LoadBalance: Number of grids moved = 13 out of 14 (2.11447e-05 seconds elapsed)
DetermineSGSize: MaxSubgridSize = 2000, MinSubgridEdge = 4, ncells = 4992
RebuildHierarchy[5]: Flagged 0/14 grids. 0 flagged cells
Level[4]: dt = 0.00383703  0.00366263 (0.00749041/0.00749041)
Level[5]: dt = 0.00175723  0.00175723 (0.00175723/0.00383703)
RebuildHierarchy: level = 5
TransferSubgridParticles[5]: Moved 0 particles, 0 stars, 0 active particles.
DetermineSGSize: MaxSubgridSize = 2000, MinSubgridEdge = 4, ncells = 4776
RebuildHierarchy[5]: Flagged 0/14 grids. 0 flagged cells
Level[5]: dt = 0.00175755  0.00175755 (0.00351478/0.00383703)
RebuildHierarchy: level = 5
TransferSubgridParticles[5]: Moved 1 particles, 0 stars, 0 active particles.
DetermineSGSize: MaxSubgridSize = 2000, MinSubgridEdge = 4, ncells = 4776
RebuildHierarchy[5]: Flagged 0/14 grids. 0 flagged cells
Level[5]: dt = 0.00032225  0.00175789 (0.00383703/0.00383703)
EvolveLevel[5]: NumberOfSubCycles = 3 (468 total, 3 sub)
EvolveLevel[4]: NumberOfSubCycles = 2 (212 total, 2 sub)
Level[3]: dt = 0.000506677  0.00748947 (0.0154869/0.0154869)
Level[4]: dt = 0.000506677  0.00367364 (0.000506677/0.000506677)
Level[5]: dt = 0.000506677  0.00175795 (0.000506677/0.000506677)
EvolveLevel[5]: NumberOfSubCycles = 1 (469 total, 1 sub)
EvolveLevel[4]: NumberOfSubCycles = 1 (213 total, 1 sub)
EvolveLevel[3]: NumberOfSubCycles = 3 (97 total, 3 sub)
RebuildHierarchy: level = 2
TransferSubgridParticles[2]: Moved 2248 particles, 0 stars, 0 active particles.
DetermineSGSize: MaxSubgridSize = 2000, MinSubgridEdge = 4, ncells = 54208
RebuildHierarchy[2]: Flagged 75/365 grids. 4376 flagged cells
LoadBalance: Number of grids moved = 80 out of 80 (0.00176534 seconds elapsed)
DetermineSGSize: MaxSubgridSize = 2000, MinSubgridEdge = 4, ncells = 9984
RebuildHierarchy[3]: Flagged 26/80 grids. 1071 flagged cells
LoadBalance: Number of grids moved = 26 out of 27 (2.81259e-05 seconds elapsed)
DetermineSGSize: MaxSubgridSize = 2000, MinSubgridEdge = 4, ncells = 4776
RebuildHierarchy[4]: Flagged 15/27 grids. 593 flagged cells
LoadBalance: Number of grids moved = 14 out of 15 (2.12416e-05 seconds elapsed)
DetermineSGSize: MaxSubgridSize = 2000, MinSubgridEdge = 4, ncells = 4776
RebuildHierarchy[5]: Flagged 0/15 grids. 0 flagged cells
Level[2]: dt = 0.015496  0.015496 (0.0309828/0.0318549)
Level[3]: dt = 0.00748918  0.00748918 (0.00748918/0.015496)
Level[4]: dt = 0.00367515  0.00367515 (0.00367515/0.00748918)
Level[5]: dt = 0.00175804  0.00175804 (0.00175804/0.00367515)
RebuildHierarchy: level = 5
TransferSubgridParticles[5]: Moved 1 particles, 0 stars, 0 active particles.
DetermineSGSize: MaxSubgridSize = 2000, MinSubgridEdge = 4, ncells = 4992
RebuildHierarchy[5]: Flagged 0/15 grids. 0 flagged cells
Level[5]: dt = 0.00175842  0.00175842 (0.00351646/0.00367515)
RebuildHierarchy: level = 5
TransferSubgridParticles[5]: Moved 0 particles, 0 stars, 0 active particles.
DetermineSGSize: MaxSubgridSize = 2000, MinSubgridEdge = 4, ncells = 4992
RebuildHierarchy[5]: Flagged 0/15 grids. 0 flagged cells
Level[5]: dt = 0.000158686  0.00175885 (0.00367515/0.00367515)
EvolveLevel[5]: NumberOfSubCycles = 3 (472 total, 3 sub)
RebuildHierarchy: level = 4
TransferSubgridParticles[4]: Moved 0 particles, 0 stars, 0 active particles.
DetermineSGSize: MaxSubgridSize = 2000, MinSubgridEdge = 4, ncells = 4992
RebuildHierarchy[4]: Flagged 15/27 grids. 593 flagged cells
LoadBalance: Number of grids moved = 14 out of 15 (2.1521e-05 seconds elapsed)
DetermineSGSize: MaxSubgridSize = 2000, MinSubgridEdge = 4, ncells = 4992
RebuildHierarchy[5]: Flagged 0/15 grids. 0 flagged cells
Level[4]: dt = 0.00381404  0.00368533 (0.00748918/0.00748918)
Level[5]: dt = 0.00175889  0.00175889 (0.00175889/0.00381404)
RebuildHierarchy: level = 5
TransferSubgridParticles[5]: Moved 1 particles, 0 stars, 0 active particles.
DetermineSGSize: MaxSubgridSize = 2000, MinSubgridEdge = 4, ncells = 4992
RebuildHierarchy[5]: Flagged 0/15 grids. 0 flagged cells
Level[5]: dt = 0.00175938  0.00175938 (0.00351827/0.00381404)
RebuildHierarchy: level = 5
TransferSubgridParticles[5]: Moved 0 particles, 0 stars, 0 active particles.
DetermineSGSize: MaxSubgridSize = 2000, MinSubgridEdge = 4, ncells = 4992
RebuildHierarchy[5]: Flagged 0/15 grids. 0 flagged cells
Level[5]: dt = 0.000295773  0.0017599 (0.00381404/0.00381404)
EvolveLevel[5]: NumberOfSubCycles = 3 (475 total, 3 sub)
EvolveLevel[4]: NumberOfSubCycles = 2 (215 total, 2 sub)
RebuildHierarchy: level = 3
TransferSubgridParticles[3]: Moved 6 particles, 0 stars, 0 active particles.
DetermineSGSize: MaxSubgridSize = 2000, MinSubgridEdge = 4, ncells = 10360
RebuildHierarchy[3]: Flagged 26/80 grids. 1067 flagged cells
LoadBalance: Number of grids moved = 25 out of 26 (2.63378e-05 seconds elapsed)
DetermineSGSize: MaxSubgridSize = 2000, MinSubgridEdge = 4, ncells = 4992
RebuildHierarchy[4]: Flagged 15/26 grids. 584 flagged cells
LoadBalance: Number of grids moved = 14 out of 15 (2.11261e-05 seconds elapsed)
DetermineSGSize: MaxSubgridSize = 2000, MinSubgridEdge = 4, ncells = 4992
RebuildHierarchy[5]: Flagged 0/15 grids. 0 flagged cells
Level[3]: dt = 0.00748877  0.00748877 (0.014978/0.015496)
Level[4]: dt = 0.00368506  0.00368506 (0.00368506/0.00748877)
Level[5]: dt = 0.00175946  0.00175946 (0.00175946/0.00368506)
RebuildHierarchy: level = 5
TransferSubgridParticles[5]: Moved 0 particles, 0 stars, 0 active particles.
DetermineSGSize: MaxSubgridSize = 2000, MinSubgridEdge = 4, ncells = 4896
RebuildHierarchy[5]: Flagged 0/15 grids. 0 flagged cells
Level[5]: dt = 0.001757  0.001757 (0.00351645/0.00368506)
RebuildHierarchy: level = 5
TransferSubgridParticles[5]: Moved 0 particles, 0 stars, 0 active particles.
DetermineSGSize: MaxSubgridSize = 2000, MinSubgridEdge = 4, ncells = 4896
RebuildHierarchy[5]: Flagged 0/15 grids. 0 flagged cells
Level[5]: dt = 0.000168611  0.00175454 (0.00368506/0.00368506)
EvolveLevel[5]: NumberOfSubCycles = 3 (478 total, 3 sub)
RebuildHierarchy: level = 4
TransferSubgridParticles[4]: Moved 0 particles, 0 stars, 0 active particles.
DetermineSGSize: MaxSubgridSize = 2000, MinSubgridEdge = 4, ncells = 4896
RebuildHierarchy[4]: Flagged 15/26 grids. 602 flagged cells
LoadBalance: Number of grids moved = 14 out of 15 (2.10181e-05 seconds elapsed)
DetermineSGSize: MaxSubgridSize = 2000, MinSubgridEdge = 4, ncells = 4896
RebuildHierarchy[5]: Flagged 0/15 grids. 0 flagged cells
Level[4]: dt = 0.0038037  0.00368538 (0.00748877/0.00748877)
Level[5]: dt = 0.00175429  0.00175429 (0.00175429/0.0038037)
RebuildHierarchy: level = 5
TransferSubgridParticles[5]: Moved 0 particles, 0 stars, 0 active particles.
DetermineSGSize: MaxSubgridSize = 2000, MinSubgridEdge = 4, ncells = 5064
RebuildHierarchy[5]: Flagged 0/15 grids. 0 flagged cells
Level[5]: dt = 0.00175198  0.00175198 (0.00350627/0.0038037)
RebuildHierarchy: level = 5
TransferSubgridParticles[5]: Moved 0 particles, 0 stars, 0 active particles.
DetermineSGSize: MaxSubgridSize = 2000, MinSubgridEdge = 4, ncells = 5064
RebuildHierarchy[5]: Flagged 0/15 grids. 0 flagged cells
Level[5]: dt = 0.000297433  0.00174966 (0.0038037/0.0038037)
EvolveLevel[5]: NumberOfSubCycles = 3 (481 total, 3 sub)
EvolveLevel[4]: NumberOfSubCycles = 2 (217 total, 2 sub)
P(0) -- CFRFr warn: 1.448458e-06 -5.261867e-14 -1.323741e-11 -1.318480e-11 8 4 7 1 [10]
Level[3]: dt = 0.000518018  0.0074884 (0.015496/0.015496)
Level[4]: dt = 0.000518018  0.00368519 (0.000518018/0.000518018)
Level[5]: dt = 0.000518018  0.00174925 (0.000518018/0.000518018)
EvolveLevel[5]: NumberOfSubCycles = 1 (482 total, 1 sub)
EvolveLevel[4]: NumberOfSubCycles = 1 (218 total, 1 sub)
EvolveLevel[3]: NumberOfSubCycles = 3 (100 total, 3 sub)
Level[2]: dt = 0.000872028  0.0155046 (0.0318549/0.0318549)
Level[3]: dt = 0.000872028  0.0074882 (0.000872028/0.000872028)
Level[4]: dt = 0.000872028  0.00368512 (0.000872028/0.000872028)
Level[5]: dt = 0.000872028  0.00174855 (0.000872028/0.000872028)
EvolveLevel[5]: NumberOfSubCycles = 1 (483 total, 1 sub)
EvolveLevel[4]: NumberOfSubCycles = 1 (219 total, 1 sub)
EvolveLevel[3]: NumberOfSubCycles = 1 (101 total, 1 sub)
EvolveLevel[2]: NumberOfSubCycles = 3 (39 total, 3 sub)
RebuildHierarchy: level = 1
TransferSubgridParticles[1]: Moved 47447 particles, 0 stars, 0 active particles.
DetermineSGSize: MaxSubgridSize = 2000, MinSubgridEdge = 4, ncells = 316664
RebuildHierarchy[1]: Flagged 309/4570 grids. 23412 flagged cells
LoadBalance: Number of grids moved = 373 out of 376 (0.00148688 seconds elapsed)
DetermineSGSize: MaxSubgridSize = 2000, MinSubgridEdge = 4, ncells = 55952
RebuildHierarchy[2]: Flagged 76/376 grids. 4394 flagged cells
LoadBalance: Number of grids moved = 82 out of 82 (0.00162967 seconds elapsed)
DetermineSGSize: MaxSubgridSize = 2000, MinSubgridEdge = 4, ncells = 10368
RebuildHierarchy[3]: Flagged 26/82 grids. 1061 flagged cells
LoadBalance: Number of grids moved = 25 out of 26 (2.62633e-05 seconds elapsed)
DetermineSGSize: MaxSubgridSize = 2000, MinSubgridEdge = 4, ncells = 5064
RebuildHierarchy[4]: Flagged 16/26 grids. 629 flagged cells
LoadBalance: Number of grids moved = 15 out of 16 (2.15136e-05 seconds elapsed)
DetermineSGSize: MaxSubgridSize = 2000, MinSubgridEdge = 4, ncells = 5064
RebuildHierarchy[5]: Flagged 0/16 grids. 0 flagged cells
Level[1]: dt = 0.0314547  0.031868 (0.0633096/0.0633096)
Level[2]: dt = 0.0155052  0.0155052 (0.0155052/0.0314547)
Level[3]: dt = 0.00748812  0.00748812 (0.00748812/0.0155052)
Level[4]: dt = 0.00368522  0.00368522 (0.00368522/0.00748812)
Level[5]: dt = 0.00174739  0.00174739 (0.00174739/0.00368522)
RebuildHierarchy: level = 5
TransferSubgridParticles[5]: Moved 0 particles, 0 stars, 0 active particles.
DetermineSGSize: MaxSubgridSize = 2000, MinSubgridEdge = 4, ncells = 5256
RebuildHierarchy[5]: Flagged 0/16 grids. 0 flagged cells
Level[5]: dt = 0.0017452  0.0017452 (0.00349259/0.00368522)
RebuildHierarchy: level = 5
TransferSubgridParticles[5]: Moved 0 particles, 0 stars, 0 active particles.
DetermineSGSize: MaxSubgridSize = 2000, MinSubgridEdge = 4, ncells = 5256
RebuildHierarchy[5]: Flagged 0/16 grids. 0 flagged cells
Level[5]: dt = 0.000192636  0.0017431 (0.00368522/0.00368522)
EvolveLevel[5]: NumberOfSubCycles = 3 (486 total, 3 sub)
RebuildHierarchy: level = 4
TransferSubgridParticles[4]: Moved 0 particles, 0 stars, 0 active particles.
DetermineSGSize: MaxSubgridSize = 2000, MinSubgridEdge = 4, ncells = 5256
RebuildHierarchy[4]: Flagged 17/26 grids. 665 flagged cells
LoadBalance: Number of grids moved = 16 out of 17 (2.15024e-05 seconds elapsed)
DetermineSGSize: MaxSubgridSize = 2000, MinSubgridEdge = 4, ncells = 5256
RebuildHierarchy[5]: Flagged 0/17 grids. 0 flagged cells
Level[4]: dt = 0.0038029  0.00368529 (0.00748812/0.00748812)
Level[5]: dt = 0.00174285  0.00174285 (0.00174285/0.0038029)
RebuildHierarchy: level = 5
TransferSubgridParticles[5]: Moved 0 particles, 0 stars, 0 active particles.
DetermineSGSize: MaxSubgridSize = 2000, MinSubgridEdge = 4, ncells = 5600
RebuildHierarchy[5]: Flagged 0/17 grids. 0 flagged cells
Level[5]: dt = 0.00174074  0.00174074 (0.00348359/0.0038029)
RebuildHierarchy: level = 5
TransferSubgridParticles[5]: Moved 2 particles, 0 stars, 0 active particles.
DetermineSGSize: MaxSubgridSize = 2000, MinSubgridEdge = 4, ncells = 5600
RebuildHierarchy[5]: Flagged 0/17 grids. 0 flagged cells
Level[5]: dt = 0.000319311  0.00173872 (0.0038029/0.0038029)
EvolveLevel[5]: NumberOfSubCycles = 3 (489 total, 3 sub)
EvolveLevel[4]: NumberOfSubCycles = 2 (221 total, 2 sub)
RebuildHierarchy: level = 3
TransferSubgridParticles[3]: Moved 5 particles, 0 stars, 0 active particles.
DetermineSGSize: MaxSubgridSize = 2000, MinSubgridEdge = 4, ncells = 10240
RebuildHierarchy[3]: Flagged 25/82 grids. 1031 flagged cells
LoadBalance: Number of grids moved = 24 out of 25 (2.5291e-05 seconds elapsed)
DetermineSGSize: MaxSubgridSize = 2000, MinSubgridEdge = 4, ncells = 5600
RebuildHierarchy[4]: Flagged 17/25 grids. 671 flagged cells
LoadBalance: Number of grids moved = 16 out of 17 (2.18898e-05 seconds elapsed)
DetermineSGSize: MaxSubgridSize = 2000, MinSubgridEdge = 4, ncells = 5600
RebuildHierarchy[5]: Flagged 0/17 grids. 0 flagged cells
Level[3]: dt = 0.00748817  0.00748817 (0.0149763/0.0155052)
Level[4]: dt = 0.00368586  0.00368586 (0.00368586/0.00748817)
Level[5]: dt = 0.00173833  0.00173833 (0.00173833/0.00368586)
RebuildHierarchy: level = 5
TransferSubgridParticles[5]: Moved 0 particles, 0 stars, 0 active particles.
DetermineSGSize: MaxSubgridSize = 2000, MinSubgridEdge = 4, ncells = 5696
RebuildHierarchy[5]: Flagged 0/17 grids. 0 flagged cells
Level[5]: dt = 0.00173634  0.00173634 (0.00347466/0.00368586)
RebuildHierarchy: level = 5
TransferSubgridParticles[5]: Moved 0 particles, 0 stars, 0 active particles.
DetermineSGSize: MaxSubgridSize = 2000, MinSubgridEdge = 4, ncells = 5696
RebuildHierarchy[5]: Flagged 0/17 grids. 0 flagged cells
Level[5]: dt = 0.000211195  0.00173447 (0.00368586/0.00368586)
EvolveLevel[5]: NumberOfSubCycles = 3 (492 total, 3 sub)
RebuildHierarchy: level = 4
TransferSubgridParticles[4]: Moved 0 particles, 0 stars, 0 active particles.
DetermineSGSize: MaxSubgridSize = 2000, MinSubgridEdge = 4, ncells = 5696
RebuildHierarchy[4]: Flagged 17/25 grids. 677 flagged cells
LoadBalance: Number of grids moved = 16 out of 17 (2.11969e-05 seconds elapsed)
DetermineSGSize: MaxSubgridSize = 2000, MinSubgridEdge = 4, ncells = 5696
RebuildHierarchy[5]: Flagged 0/17 grids. 0 flagged cells
Level[4]: dt = 0.00380231  0.00368675 (0.00748817/0.00748817)
Level[5]: dt = 0.00173422  0.00173422 (0.00173422/0.00380231)
RebuildHierarchy: level = 5
TransferSubgridParticles[5]: Moved 1 particles, 0 stars, 0 active particles.
DetermineSGSize: MaxSubgridSize = 2000, MinSubgridEdge = 4, ncells = 5696
RebuildHierarchy[5]: Flagged 0/17 grids. 0 flagged cells
Level[5]: dt = 0.00173239  0.00173239 (0.00346661/0.00380231)
RebuildHierarchy: level = 5
TransferSubgridParticles[5]: Moved 0 particles, 0 stars, 0 active particles.
DetermineSGSize: MaxSubgridSize = 2000, MinSubgridEdge = 4, ncells = 5696
RebuildHierarchy[5]: Flagged 0/17 grids. 0 flagged cells
Level[5]: dt = 0.000335703  0.00173065 (0.00380231/0.00380231)
EvolveLevel[5]: NumberOfSubCycles = 3 (495 total, 3 sub)
EvolveLevel[4]: NumberOfSubCycles = 2 (223 total, 2 sub)
P(0) -- CFRFr warn: 1.399955e-06 -1.002439e-13 -1.944451e-11 -1.934426e-11 8 4 7 1 [10]
Level[3]: dt = 0.000528863  0.00748636 (0.0155052/0.0155052)
Level[4]: dt = 0.000528863  0.00368756 (0.000528863/0.000528863)
Level[5]: dt = 0.000528863  0.00173029 (0.000528863/0.000528863)
EvolveLevel[5]: NumberOfSubCycles = 1 (496 total, 1 sub)
EvolveLevel[4]: NumberOfSubCycles = 1 (224 total, 1 sub)
EvolveLevel[3]: NumberOfSubCycles = 3 (104 total, 3 sub)
RebuildHierarchy: level = 2
TransferSubgridParticles[2]: Moved 70 particles, 0 stars, 0 active particles.
DetermineSGSize: MaxSubgridSize = 2000, MinSubgridEdge = 4, ncells = 55264
RebuildHierarchy[2]: Flagged 75/376 grids. 4419 flagged cells
LoadBalance: Number of grids moved = 81 out of 81 (0.00171874 seconds elapsed)
DetermineSGSize: MaxSubgridSize = 2000, MinSubgridEdge = 4, ncells = 9968
RebuildHierarchy[3]: Flagged 25/81 grids. 1062 flagged cells
LoadBalance: Number of grids moved = 25 out of 26 (2.57045e-05 seconds elapsed)
DetermineSGSize: MaxSubgridSize = 2000, MinSubgridEdge = 4, ncells = 5696
RebuildHierarchy[4]: Flagged 17/26 grids. 686 flagged cells
LoadBalance: Number of grids moved = 16 out of 17 (2.30335e-05 seconds elapsed)
DetermineSGSize: MaxSubgridSize = 2000, MinSubgridEdge = 4, ncells = 5696
RebuildHierarchy[5]: Flagged 0/17 grids. 0 flagged cells
Level[2]: dt = 0.0159496  0.0155084 (0.0314547/0.0314547)
Level[3]: dt = 0.00748625  0.00748625 (0.00748625/0.0159496)
Level[4]: dt = 0.00368762  0.00368762 (0.00368762/0.00748625)
Level[5]: dt = 0.00172974  0.00172974 (0.00172974/0.00368762)
RebuildHierarchy: level = 5
TransferSubgridParticles[5]: Moved 1 particles, 0 stars, 0 active particles.
DetermineSGSize: MaxSubgridSize = 2000, MinSubgridEdge = 4, ncells = 5856
RebuildHierarchy[5]: Flagged 0/17 grids. 0 flagged cells
Level[5]: dt = 0.00172813  0.00172813 (0.00345787/0.00368762)
RebuildHierarchy: level = 5
TransferSubgridParticles[5]: Moved 0 particles, 0 stars, 0 active particles.
DetermineSGSize: MaxSubgridSize = 2000, MinSubgridEdge = 4, ncells = 5856
RebuildHierarchy[5]: Flagged 0/17 grids. 0 flagged cells
Level[5]: dt = 0.000229753  0.0017266 (0.00368762/0.00368762)
EvolveLevel[5]: NumberOfSubCycles = 3 (499 total, 3 sub)
RebuildHierarchy: level = 4
TransferSubgridParticles[4]: Moved 1 particles, 0 stars, 0 active particles.
DetermineSGSize: MaxSubgridSize = 2000, MinSubgridEdge = 4, ncells = 5856
RebuildHierarchy[4]: Flagged 17/26 grids. 686 flagged cells
LoadBalance: Number of grids moved = 16 out of 17 (2.23406e-05 seconds elapsed)
DetermineSGSize: MaxSubgridSize = 2000, MinSubgridEdge = 4, ncells = 5856
RebuildHierarchy[5]: Flagged 0/17 grids. 0 flagged cells
Level[4]: dt = 0.00379862  0.00368877 (0.00748625/0.00748625)
Level[5]: dt = 0.00172639  0.00172639 (0.00172639/0.00379862)
RebuildHierarchy: level = 5
TransferSubgridParticles[5]: Moved 0 particles, 0 stars, 0 active particles.
DetermineSGSize: MaxSubgridSize = 2000, MinSubgridEdge = 4, ncells = 5856
RebuildHierarchy[5]: Flagged 0/17 grids. 0 flagged cells
Level[5]: dt = 0.00172499  0.00172499 (0.00345138/0.00379862)
RebuildHierarchy: level = 5
TransferSubgridParticles[5]: Moved 0 particles, 0 stars, 0 active particles.
DetermineSGSize: MaxSubgridSize = 2000, MinSubgridEdge = 4, ncells = 5856
RebuildHierarchy[5]: Flagged 0/17 grids. 0 flagged cells
Level[5]: dt = 0.000347243  0.00172369 (0.00379862/0.00379862)
EvolveLevel[5]: NumberOfSubCycles = 3 (502 total, 3 sub)
EvolveLevel[4]: NumberOfSubCycles = 2 (226 total, 2 sub)
P(0) -- CFRFr warn: 1.375266e-06 -1.606150e-13 -2.293804e-11 -2.277743e-11 8 4 7 1 [10]
RebuildHierarchy: level = 3
TransferSubgridParticles[3]: Moved 1 particles, 0 stars, 0 active particles.
DetermineSGSize: MaxSubgridSize = 2000, MinSubgridEdge = 4, ncells = 10240
RebuildHierarchy[3]: Flagged 25/81 grids. 1066 flagged cells
LoadBalance: Number of grids moved = 25 out of 26 (2.75671e-05 seconds elapsed)
DetermineSGSize: MaxSubgridSize = 2000, MinSubgridEdge = 4, ncells = 5856
RebuildHierarchy[4]: Flagged 17/26 grids. 690 flagged cells
LoadBalance: Number of grids moved = 16 out of 17 (2.20016e-05 seconds elapsed)
DetermineSGSize: MaxSubgridSize = 2000, MinSubgridEdge = 4, ncells = 5856
RebuildHierarchy[5]: Flagged 0/17 grids. 0 flagged cells
Level[3]: dt = 0.00748631  0.00748631 (0.0149726/0.0159496)
Level[4]: dt = 0.00369008  0.00369008 (0.00369008/0.00748631)
Level[5]: dt = 0.00172343  0.00172343 (0.00172343/0.00369008)
RebuildHierarchy: level = 5
TransferSubgridParticles[5]: Moved 1 particles, 0 stars, 0 active particles.
DetermineSGSize: MaxSubgridSize = 2000, MinSubgridEdge = 4, ncells = 5952
RebuildHierarchy[5]: Flagged 0/17 grids. 0 flagged cells
Level[5]: dt = 0.00172228  0.00172228 (0.0034457/0.00369008)
RebuildHierarchy: level = 5
TransferSubgridParticles[5]: Moved 0 particles, 0 stars, 0 active particles.
DetermineSGSize: MaxSubgridSize = 2000, MinSubgridEdge = 4, ncells = 5952
RebuildHierarchy[5]: Flagged 0/17 grids. 0 flagged cells
Level[5]: dt = 0.000244375  0.00172125 (0.00369008/0.00369008)
EvolveLevel[5]: NumberOfSubCycles = 3 (505 total, 3 sub)
RebuildHierarchy: level = 4
TransferSubgridParticles[4]: Moved 0 particles, 0 stars, 0 active particles.
DetermineSGSize: MaxSubgridSize = 2000, MinSubgridEdge = 4, ncells = 5952
RebuildHierarchy[4]: Flagged 17/26 grids. 681 flagged cells
LoadBalance: Number of grids moved = 16 out of 17 (2.15173e-05 seconds elapsed)
DetermineSGSize: MaxSubgridSize = 2000, MinSubgridEdge = 4, ncells = 5952
RebuildHierarchy[5]: Flagged 0/17 grids. 0 flagged cells
Level[4]: dt = 0.00379623  0.00369176 (0.00748631/0.00748631)
Level[5]: dt = 0.0017211  0.0017211 (0.0017211/0.00379623)
RebuildHierarchy: level = 5
TransferSubgridParticles[5]: Moved 0 particles, 0 stars, 0 active particles.
DetermineSGSize: MaxSubgridSize = 2000, MinSubgridEdge = 4, ncells = 5800
RebuildHierarchy[5]: Flagged 0/17 grids. 0 flagged cells
Level[5]: dt = 0.00172021  0.00172021 (0.00344131/0.00379623)
RebuildHierarchy: level = 5
TransferSubgridParticles[5]: Moved 3 particles, 0 stars, 0 active particles.
DetermineSGSize: MaxSubgridSize = 2000, MinSubgridEdge = 4, ncells = 5800
RebuildHierarchy[5]: Flagged 0/17 grids. 0 flagged cells
Level[5]: dt = 0.000354915  0.00171946 (0.00379623/0.00379623)
EvolveLevel[5]: NumberOfSubCycles = 3 (508 total, 3 sub)
EvolveLevel[4]: NumberOfSubCycles = 2 (228 total, 2 sub)
P(0) -- CFRFr warn: 1.351692e-06 -2.240545e-13 -2.944248e-11 -2.921842e-11 8 4 7 1 [10]
Level[3]: dt = 0.000977006  0.00748503 (0.0159496/0.0159496)
Level[4]: dt = 0.000977006  0.00369322 (0.000977006/0.000977006)
Level[5]: dt = 0.000977006  0.0017193 (0.000977006/0.000977006)
EvolveLevel[5]: NumberOfSubCycles = 1 (509 total, 1 sub)
EvolveLevel[4]: NumberOfSubCycles = 1 (229 total, 1 sub)
EvolveLevel[3]: NumberOfSubCycles = 3 (107 total, 3 sub)
EvolveLevel[2]: NumberOfSubCycles = 2 (41 total, 2 sub)
EvolveLevel[1]: NumberOfSubCycles = 2 (18 total, 2 sub)
EvolveLevel[0]: NumberOfSubCycles = 1 (9 total, 9 sub)
CPUTime-output: Frac = 0.999992, Current = 463.39 (463.39), Stop = 2592000.000000, Last = 21.9676
[YT_INFO   ] Setting YT parameters ...
[YT_INFO   ] Setting YT parameters ... done.
[YT_INFO   ] Getting pointer to particle list information ...
[YT_INFO   ] Getting pointer to particle list information  ... done.
[YT_INFO   ] Getting pointer to field list information ...
[YT_INFO   ] Getting pointer to field list information  ... done.
[YT_INFO   ] Getting pointer to local grids information ...
[YT_INFO   ] Getting pointer to local grids information  ... done.
[YT_INFO   ] Loading full hierarchy and local data to libyt ...
[YT_INFO   ] Loading full hierarchy and local data ... done.
[YT_INFO   ] Performing YT inline analysis yt_inline_func() ...
[YT_INFO   ] Performing YT inline analysis yt_inline_func() ... done.
Level[0]: dt = 0.0633576  0.0633576 (0.0633576/0.0633576)
PrepareGreens: Start = 0 0 36  Dim = 32 52 38
PrepareGreens: Start = 0 0 0  Dim = 32 52 36
Level[1]: dt = 0.0318786  0.0318786 (0.0318786/0.0633576)
Level[2]: dt = 0.0155002  0.0155002 (0.0155002/0.0318786)
Level[3]: dt = 0.00748475  0.00748475 (0.00748475/0.0155002)
Level[4]: dt = 0.00369361  0.00369361 (0.00369361/0.00748475)
Level[5]: dt = 0.00171891  0.00171891 (0.00171891/0.00369361)
RebuildHierarchy: level = 5
TransferSubgridParticles[5]: Moved 0 particles, 0 stars, 0 active particles.
DetermineSGSize: MaxSubgridSize = 2000, MinSubgridEdge = 4, ncells = 5800
RebuildHierarchy[5]: Flagged 0/17 grids. 0 flagged cells
Level[5]: dt = 0.00171837  0.00171837 (0.00343728/0.00369361)
RebuildHierarchy: level = 5
TransferSubgridParticles[5]: Moved 1 particles, 0 stars, 0 active particles.
DetermineSGSize: MaxSubgridSize = 2000, MinSubgridEdge = 4, ncells = 5800
RebuildHierarchy[5]: Flagged 0/17 grids. 0 flagged cells
Level[5]: dt = 0.000256325  0.00171793 (0.00369361/0.00369361)
EvolveLevel[5]: NumberOfSubCycles = 3 (512 total, 3 sub)
RebuildHierarchy: level = 4
TransferSubgridParticles[4]: Moved 0 particles, 0 stars, 0 active particles.
DetermineSGSize: MaxSubgridSize = 2000, MinSubgridEdge = 4, ncells = 5800
RebuildHierarchy[4]: Flagged 16/26 grids. 654 flagged cells
LoadBalance: Number of grids moved = 15 out of 16 (2.10628e-05 seconds elapsed)
DetermineSGSize: MaxSubgridSize = 2000, MinSubgridEdge = 4, ncells = 5800
RebuildHierarchy[5]: Flagged 0/16 grids. 0 flagged cells
Level[4]: dt = 0.00379114  0.00369576 (0.00748475/0.00748475)
Level[5]: dt = 0.00171787  0.00171787 (0.00171787/0.00379114)
RebuildHierarchy: level = 5
TransferSubgridParticles[5]: Moved 0 particles, 0 stars, 0 active particles.
DetermineSGSize: MaxSubgridSize = 2000, MinSubgridEdge = 4, ncells = 5608
RebuildHierarchy[5]: Flagged 0/16 grids. 0 flagged cells
Level[5]: dt = 0.00171759  0.00171759 (0.00343546/0.00379114)
RebuildHierarchy: level = 5
TransferSubgridParticles[5]: Moved 0 particles, 0 stars, 0 active particles.
DetermineSGSize: MaxSubgridSize = 2000, MinSubgridEdge = 4, ncells = 5608
RebuildHierarchy[5]: Flagged 0/16 grids. 0 flagged cells
Level[5]: dt = 0.000355684  0.00171741 (0.00379114/0.00379114)
EvolveLevel[5]: NumberOfSubCycles = 3 (515 total, 3 sub)
EvolveLevel[4]: NumberOfSubCycles = 2 (231 total, 2 sub)
P(0) -- CFRFr warn: 1.324523e-06 -3.037985e-13 -3.310783e-11 -3.280403e-11 8 4 7 1 [10]
RebuildHierarchy: level = 3
TransferSubgridParticles[3]: Moved 9 particles, 0 stars, 0 active particles.
DetermineSGSize: MaxSubgridSize = 2000, MinSubgridEdge = 4, ncells = 10384
RebuildHierarchy[3]: Flagged 25/81 grids. 1081 flagged cells
LoadBalance: Number of grids moved = 25 out of 26 (2.78838e-05 seconds elapsed)
DetermineSGSize: MaxSubgridSize = 2000, MinSubgridEdge = 4, ncells = 5608
RebuildHierarchy[4]: Flagged 16/26 grids. 645 flagged cells
LoadBalance: Number of grids moved = 15 out of 16 (2.04518e-05 seconds elapsed)
DetermineSGSize: MaxSubgridSize = 2000, MinSubgridEdge = 4, ncells = 5608
RebuildHierarchy[5]: Flagged 0/16 grids. 0 flagged cells
Level[3]: dt = 0.00748461  0.00748461 (0.0149694/0.0155002)
Level[4]: dt = 0.00369745  0.00369745 (0.00369745/0.00748461)
Level[5]: dt = 0.00171738  0.00171738 (0.00171738/0.00369745)
RebuildHierarchy: level = 5
TransferSubgridParticles[5]: Moved 0 particles, 0 stars, 0 active particles.
DetermineSGSize: MaxSubgridSize = 2000, MinSubgridEdge = 4, ncells = 5536
RebuildHierarchy[5]: Flagged 0/16 grids. 0 flagged cells
Level[5]: dt = 0.00171736  0.00171736 (0.00343473/0.00369745)
RebuildHierarchy: level = 5
TransferSubgridParticles[5]: Moved 2 particles, 0 stars, 0 active particles.
DetermineSGSize: MaxSubgridSize = 2000, MinSubgridEdge = 4, ncells = 5536
RebuildHierarchy[5]: Flagged 0/16 grids. 0 flagged cells
Level[5]: dt = 0.00026272  0.00171744 (0.00369745/0.00369745)
EvolveLevel[5]: NumberOfSubCycles = 3 (518 total, 3 sub)
RebuildHierarchy: level = 4
TransferSubgridParticles[4]: Moved 2 particles, 0 stars, 0 active particles.
DetermineSGSize: MaxSubgridSize = 2000, MinSubgridEdge = 4, ncells = 5536
RebuildHierarchy[4]: Flagged 16/26 grids. 645 flagged cells
LoadBalance: Number of grids moved = 15 out of 16 (2.15322e-05 seconds elapsed)
DetermineSGSize: MaxSubgridSize = 2000, MinSubgridEdge = 4, ncells = 5536
RebuildHierarchy[5]: Flagged 0/16 grids. 0 flagged cells
Level[4]: dt = 0.00378715  0.00369955 (0.00748461/0.00748461)
Level[5]: dt = 0.00171746  0.00171746 (0.00171746/0.00378715)
RebuildHierarchy: level = 5
TransferSubgridParticles[5]: Moved 0 particles, 0 stars, 0 active particles.
DetermineSGSize: MaxSubgridSize = 2000, MinSubgridEdge = 4, ncells = 5536
RebuildHierarchy[5]: Flagged 0/16 grids. 0 flagged cells
Level[5]: dt = 0.00171771  0.00171771 (0.00343516/0.00378715)
RebuildHierarchy: level = 5
TransferSubgridParticles[5]: Moved 1 particles, 0 stars, 0 active particles.
DetermineSGSize: MaxSubgridSize = 2000, MinSubgridEdge = 4, ncells = 5536
RebuildHierarchy[5]: Flagged 0/16 grids. 0 flagged cells
Level[5]: dt = 0.00035199  0.00171805 (0.00378715/0.00378715)
EvolveLevel[5]: NumberOfSubCycles = 3 (521 total, 3 sub)
EvolveLevel[4]: NumberOfSubCycles = 2 (233 total, 2 sub)
Level[3]: dt = 0.000530823  0.00748363 (0.0155002/0.0155002)
Level[4]: dt = 0.000530823  0.00369832 (0.000530823/0.000530823)
Level[5]: dt = 0.000530823  0.00171812 (0.000530823/0.000530823)
EvolveLevel[5]: NumberOfSubCycles = 1 (522 total, 1 sub)
EvolveLevel[4]: NumberOfSubCycles = 1 (234 total, 1 sub)
EvolveLevel[3]: NumberOfSubCycles = 3 (110 total, 3 sub)
RebuildHierarchy: level = 2
TransferSubgridParticles[2]: Moved 131 particles, 0 stars, 0 active particles.
DetermineSGSize: MaxSubgridSize = 2000, MinSubgridEdge = 4, ncells = 55952
RebuildHierarchy[2]: Flagged 76/376 grids. 4473 flagged cells
LoadBalance: Number of grids moved = 82 out of 82 (0.00176056 seconds elapsed)
DetermineSGSize: MaxSubgridSize = 2000, MinSubgridEdge = 4, ncells = 10432
RebuildHierarchy[3]: Flagged 26/82 grids. 1108 flagged cells
LoadBalance: Number of grids moved = 26 out of 27 (2.67513e-05 seconds elapsed)
DetermineSGSize: MaxSubgridSize = 2000, MinSubgridEdge = 4, ncells = 5536
RebuildHierarchy[4]: Flagged 16/27 grids. 654 flagged cells
LoadBalance: Number of grids moved = 15 out of 16 (2.0925e-05 seconds elapsed)
DetermineSGSize: MaxSubgridSize = 2000, MinSubgridEdge = 4, ncells = 5536
RebuildHierarchy[5]: Flagged 0/16 grids. 0 flagged cells
Level[2]: dt = 0.0154597  0.0154597 (0.0309599/0.0318786)
Level[3]: dt = 0.00748348  0.00748348 (0.00748348/0.0154597)
Level[4]: dt = 0.00369768  0.00369768 (0.00369768/0.00748348)
Level[5]: dt = 0.00171824  0.00171824 (0.00171824/0.00369768)
RebuildHierarchy: level = 5
TransferSubgridParticles[5]: Moved 1 particles, 0 stars, 0 active particles.
DetermineSGSize: MaxSubgridSize = 2000, MinSubgridEdge = 4, ncells = 5632
RebuildHierarchy[5]: Flagged 0/16 grids. 0 flagged cells
Level[5]: dt = 0.00171878  0.00171878 (0.00343703/0.00369768)
RebuildHierarchy: level = 5
TransferSubgridParticles[5]: Moved 0 particles, 0 stars, 0 active particles.
DetermineSGSize: MaxSubgridSize = 2000, MinSubgridEdge = 4, ncells = 5632
RebuildHierarchy[5]: Flagged 0/16 grids. 0 flagged cells
Level[5]: dt = 0.00026066  0.0017194 (0.00369768/0.00369768)
EvolveLevel[5]: NumberOfSubCycles = 3 (525 total, 3 sub)
RebuildHierarchy: level = 4
TransferSubgridParticles[4]: Moved 0 particles, 0 stars, 0 active particles.
DetermineSGSize: MaxSubgridSize = 2000, MinSubgridEdge = 4, ncells = 5632
RebuildHierarchy[4]: Flagged 16/27 grids. 663 flagged cells
LoadBalance: Number of grids moved = 15 out of 16 (2.13273e-05 seconds elapsed)
DetermineSGSize: MaxSubgridSize = 2000, MinSubgridEdge = 4, ncells = 5632
RebuildHierarchy[5]: Flagged 0/16 grids. 0 flagged cells
Level[4]: dt = 0.0037858  0.00369348 (0.00748348/0.00748348)
Level[5]: dt = 0.00171949  0.00171949 (0.00171949/0.0037858)
RebuildHierarchy: level = 5
TransferSubgridParticles[5]: Moved 2 particles, 0 stars, 0 active particles.
DetermineSGSize: MaxSubgridSize = 2000, MinSubgridEdge = 4, ncells = 5704
RebuildHierarchy[5]: Flagged 0/16 grids. 0 flagged cells
Level[5]: dt = 0.00172023  0.00172023 (0.00343972/0.0037858)
RebuildHierarchy: level = 5
TransferSubgridParticles[5]: Moved 0 particles, 0 stars, 0 active particles.
DetermineSGSize: MaxSubgridSize = 2000, MinSubgridEdge = 4, ncells = 5704
RebuildHierarchy[5]: Flagged 0/16 grids. 0 flagged cells
Level[5]: dt = 0.000346081  0.00172109 (0.0037858/0.0037858)
EvolveLevel[5]: NumberOfSubCycles = 3 (528 total, 3 sub)
EvolveLevel[4]: NumberOfSubCycles = 2 (236 total, 2 sub)
RebuildHierarchy: level = 3
TransferSubgridParticles[3]: Moved 5 particles, 0 stars, 0 active particles.
DetermineSGSize: MaxSubgridSize = 2000, MinSubgridEdge = 4, ncells = 10648
RebuildHierarchy[3]: Flagged 26/82 grids. 1087 flagged cells
LoadBalance: Number of grids moved = 26 out of 27 (2.70158e-05 seconds elapsed)
DetermineSGSize: MaxSubgridSize = 2000, MinSubgridEdge = 4, ncells = 5704
RebuildHierarchy[4]: Flagged 16/27 grids. 681 flagged cells
LoadBalance: Number of grids moved = 15 out of 16 (2.12863e-05 seconds elapsed)
DetermineSGSize: MaxSubgridSize = 2000, MinSubgridEdge = 4, ncells = 5704
RebuildHierarchy[5]: Flagged 0/16 grids. 0 flagged cells
Level[3]: dt = 0.00748369  0.00748369 (0.0149672/0.0154597)
Level[4]: dt = 0.00369002  0.00369002 (0.00369002/0.00748369)
Level[5]: dt = 0.00172126  0.00172126 (0.00172126/0.00369002)
RebuildHierarchy: level = 5
TransferSubgridParticles[5]: Moved 0 particles, 0 stars, 0 active particles.
DetermineSGSize: MaxSubgridSize = 2000, MinSubgridEdge = 4, ncells = 5928
RebuildHierarchy[5]: Flagged 0/16 grids. 0 flagged cells
Level[5]: dt = 0.00172228  0.00172228 (0.00344354/0.00369002)
RebuildHierarchy: level = 5
TransferSubgridParticles[5]: Moved 0 particles, 0 stars, 0 active particles.
DetermineSGSize: MaxSubgridSize = 2000, MinSubgridEdge = 4, ncells = 5928
RebuildHierarchy[5]: Flagged 0/16 grids. 0 flagged cells
Level[5]: dt = 0.000246481  0.00172343 (0.00369002/0.00369002)
EvolveLevel[5]: NumberOfSubCycles = 3 (531 total, 3 sub)
RebuildHierarchy: level = 4
TransferSubgridParticles[4]: Moved 0 particles, 0 stars, 0 active particles.
DetermineSGSize: MaxSubgridSize = 2000, MinSubgridEdge = 4, ncells = 5928
RebuildHierarchy[4]: Flagged 16/27 grids. 681 flagged cells
LoadBalance: Number of grids moved = 15 out of 16 (2.07499e-05 seconds elapsed)
DetermineSGSize: MaxSubgridSize = 2000, MinSubgridEdge = 4, ncells = 5928
RebuildHierarchy[5]: Flagged 0/16 grids. 0 flagged cells
Level[4]: dt = 0.00379366  0.00368752 (0.00748369/0.00748369)
Level[5]: dt = 0.00172359  0.00172359 (0.00172359/0.00379366)
RebuildHierarchy: level = 5
TransferSubgridParticles[5]: Moved 0 particles, 0 stars, 0 active particles.
DetermineSGSize: MaxSubgridSize = 2000, MinSubgridEdge = 4, ncells = 5928
RebuildHierarchy[5]: Flagged 0/16 grids. 0 flagged cells
Level[5]: dt = 0.00172491  0.00172491 (0.0034485/0.00379366)
RebuildHierarchy: level = 5
TransferSubgridParticles[5]: Moved 1 particles, 0 stars, 0 active particles.
DetermineSGSize: MaxSubgridSize = 2000, MinSubgridEdge = 4, ncells = 5928
RebuildHierarchy[5]: Flagged 0/16 grids. 0 flagged cells
Level[5]: dt = 0.000345168  0.00172633 (0.00379366/0.00379366)
EvolveLevel[5]: NumberOfSubCycles = 3 (534 total, 3 sub)
EvolveLevel[4]: NumberOfSubCycles = 2 (238 total, 2 sub)
P(0) -- CFRFr warn: 1.247669e-06 -5.818815e-13 -3.676086e-11 -3.617898e-11 8 4 7 1 [10]
Level[3]: dt = 0.000492505  0.00748289 (0.0154597/0.0154597)
Level[4]: dt = 0.000492505  0.00368538 (0.000492505/0.000492505)
Level[5]: dt = 0.000492505  0.00172662 (0.000492505/0.000492505)
EvolveLevel[5]: NumberOfSubCycles = 1 (535 total, 1 sub)
EvolveLevel[4]: NumberOfSubCycles = 1 (239 total, 1 sub)
EvolveLevel[3]: NumberOfSubCycles = 3 (113 total, 3 sub)
Level[2]: dt = 0.000918755  0.0154303 (0.0318786/0.0318786)
Level[3]: dt = 0.000918755  0.00748277 (0.000918755/0.000918755)
Level[4]: dt = 0.000918755  0.00368516 (0.000918755/0.000918755)
Level[5]: dt = 0.000918755  0.00172704 (0.000918755/0.000918755)
EvolveLevel[5]: NumberOfSubCycles = 1 (536 total, 1 sub)
EvolveLevel[4]: NumberOfSubCycles = 1 (240 total, 1 sub)
EvolveLevel[3]: NumberOfSubCycles = 1 (114 total, 1 sub)
EvolveLevel[2]: NumberOfSubCycles = 3 (44 total, 3 sub)
RebuildHierarchy: level = 1
TransferSubgridParticles[1]: Moved 4331 particles, 0 stars, 0 active particles.
DetermineSGSize: MaxSubgridSize = 2000, MinSubgridEdge = 4, ncells = 324608
RebuildHierarchy[1]: Flagged 316/4570 grids. 23856 flagged cells
LoadBalance: Number of grids moved = 387 out of 389 (0.00169993 seconds elapsed)
DetermineSGSize: MaxSubgridSize = 2000, MinSubgridEdge = 4, ncells = 56208
RebuildHierarchy[2]: Flagged 80/389 grids. 4502 flagged cells
LoadBalance: Number of grids moved = 85 out of 85 (0.00176866 seconds elapsed)
DetermineSGSize: MaxSubgridSize = 2000, MinSubgridEdge = 4, ncells = 10456
RebuildHierarchy[3]: Flagged 26/85 grids. 1069 flagged cells
LoadBalance: Number of grids moved = 26 out of 27 (2.7027e-05 seconds elapsed)
DetermineSGSize: MaxSubgridSize = 2000, MinSubgridEdge = 4, ncells = 5928
RebuildHierarchy[4]: Flagged 16/27 grids. 684 flagged cells
LoadBalance: Number of grids moved = 15 out of 16 (2.11932e-05 seconds elapsed)
DetermineSGSize: MaxSubgridSize = 2000, MinSubgridEdge = 4, ncells = 5928
RebuildHierarchy[5]: Flagged 0/16 grids. 0 flagged cells
Level[1]: dt = 0.031479  0.0318843 (0.0633576/0.0633576)
Level[2]: dt = 0.0154284  0.0154284 (0.0154284/0.031479)
Level[3]: dt = 0.00748274  0.00748274 (0.00748274/0.0154284)
Level[4]: dt = 0.00368477  0.00368477 (0.00368477/0.00748274)
Level[5]: dt = 0.00172787  0.00172787 (0.00172787/0.00368477)
RebuildHierarchy: level = 5
TransferSubgridParticles[5]: Moved 1 particles, 0 stars, 0 active particles.
DetermineSGSize: MaxSubgridSize = 2000, MinSubgridEdge = 4, ncells = 5928
RebuildHierarchy[5]: Flagged 0/16 grids. 0 flagged cells
Level[5]: dt = 0.00172938  0.00172938 (0.00345725/0.00368477)
RebuildHierarchy: level = 5
TransferSubgridParticles[5]: Moved 1 particles, 0 stars, 0 active particles.
DetermineSGSize: MaxSubgridSize = 2000, MinSubgridEdge = 4, ncells = 5928
RebuildHierarchy[5]: Flagged 0/16 grids. 0 flagged cells
Level[5]: dt = 0.000227516  0.00172961 (0.00368477/0.00368477)
EvolveLevel[5]: NumberOfSubCycles = 3 (539 total, 3 sub)
RebuildHierarchy: level = 4
TransferSubgridParticles[4]: Moved 1 particles, 0 stars, 0 active particles.
DetermineSGSize: MaxSubgridSize = 2000, MinSubgridEdge = 4, ncells = 5928
RebuildHierarchy[4]: Flagged 16/27 grids. 666 flagged cells
LoadBalance: Number of grids moved = 15 out of 16 (2.04816e-05 seconds elapsed)
DetermineSGSize: MaxSubgridSize = 2000, MinSubgridEdge = 4, ncells = 5928
RebuildHierarchy[5]: Flagged 0/16 grids. 0 flagged cells
Level[4]: dt = 0.00379797  0.00368823 (0.00748274/0.00748274)
Level[5]: dt = 0.0017293  0.0017293 (0.0017293/0.00379797)
RebuildHierarchy: level = 5
TransferSubgridParticles[5]: Moved 1 particles, 0 stars, 0 active particles.
DetermineSGSize: MaxSubgridSize = 2000, MinSubgridEdge = 4, ncells = 5672
RebuildHierarchy[5]: Flagged 0/16 grids. 0 flagged cells
Level[5]: dt = 0.00172721  0.00172721 (0.00345651/0.00379797)
RebuildHierarchy: level = 5
TransferSubgridParticles[5]: Moved 1 particles, 0 stars, 0 active particles.
DetermineSGSize: MaxSubgridSize = 2000, MinSubgridEdge = 4, ncells = 5672
RebuildHierarchy[5]: Flagged 0/16 grids. 0 flagged cells
Level[5]: dt = 0.00034146  0.00172531 (0.00379797/0.00379797)
EvolveLevel[5]: NumberOfSubCycles = 3 (542 total, 3 sub)
EvolveLevel[4]: NumberOfSubCycles = 2 (242 total, 2 sub)
RebuildHierarchy: level = 3
TransferSubgridParticles[3]: Moved 8 particles, 0 stars, 0 active particles.
DetermineSGSize: MaxSubgridSize = 2000, MinSubgridEdge = 4, ncells = 10200
RebuildHierarchy[3]: Flagged 26/85 grids. 1099 flagged cells
LoadBalance: Number of grids moved = 26 out of 27 (4.09409e-05 seconds elapsed)
DetermineSGSize: MaxSubgridSize = 2000, MinSubgridEdge = 4, ncells = 5672
RebuildHierarchy[4]: Flagged 16/27 grids. 663 flagged cells
LoadBalance: Number of grids moved = 15 out of 16 (2.06642e-05 seconds elapsed)
DetermineSGSize: MaxSubgridSize = 2000, MinSubgridEdge = 4, ncells = 5672
RebuildHierarchy[5]: Flagged 0/16 grids. 0 flagged cells
Level[3]: dt = 0.00748198  0.00748198 (0.0149647/0.0154284)
Level[4]: dt = 0.00369188  0.00369188 (0.00369188/0.00748198)
Level[5]: dt = 0.00172492  0.00172492 (0.00172492/0.00369188)
RebuildHierarchy: level = 5
TransferSubgridParticles[5]: Moved 0 particles, 0 stars, 0 active particles.
DetermineSGSize: MaxSubgridSize = 2000, MinSubgridEdge = 4, ncells = 5672
RebuildHierarchy[5]: Flagged 0/16 grids. 0 flagged cells
Level[5]: dt = 0.00172322  0.00172322 (0.00344814/0.00369188)
RebuildHierarchy: level = 5
TransferSubgridParticles[5]: Moved 1 particles, 0 stars, 0 active particles.
DetermineSGSize: MaxSubgridSize = 2000, MinSubgridEdge = 4, ncells = 5672
RebuildHierarchy[5]: Flagged 0/16 grids. 0 flagged cells
Level[5]: dt = 0.000243735  0.00172173 (0.00369188/0.00369188)
EvolveLevel[5]: NumberOfSubCycles = 3 (545 total, 3 sub)
RebuildHierarchy: level = 4
TransferSubgridParticles[4]: Moved 0 particles, 0 stars, 0 active particles.
DetermineSGSize: MaxSubgridSize = 2000, MinSubgridEdge = 4, ncells = 5672
RebuildHierarchy[4]: Flagged 16/27 grids. 672 flagged cells
LoadBalance: Number of grids moved = 15 out of 16 (2.12602e-05 seconds elapsed)
DetermineSGSize: MaxSubgridSize = 2000, MinSubgridEdge = 4, ncells = 5672
RebuildHierarchy[5]: Flagged 0/16 grids. 0 flagged cells
Level[4]: dt = 0.0037901  0.00369533 (0.00748198/0.00748198)
Level[5]: dt = 0.0017215  0.0017215 (0.0017215/0.0037901)
RebuildHierarchy: level = 5
TransferSubgridParticles[5]: Moved 1 particles, 0 stars, 0 active particles.
DetermineSGSize: MaxSubgridSize = 2000, MinSubgridEdge = 4, ncells = 5800
RebuildHierarchy[5]: Flagged 0/16 grids. 0 flagged cells
Level[5]: dt = 0.00172019  0.00172019 (0.00344169/0.0037901)
RebuildHierarchy: level = 5
TransferSubgridParticles[5]: Moved 0 particles, 0 stars, 0 active particles.
DetermineSGSize: MaxSubgridSize = 2000, MinSubgridEdge = 4, ncells = 5800
RebuildHierarchy[5]: Flagged 0/16 grids. 0 flagged cells
Level[5]: dt = 0.000348409  0.00171908 (0.0037901/0.0037901)
EvolveLevel[5]: NumberOfSubCycles = 3 (548 total, 3 sub)
EvolveLevel[4]: NumberOfSubCycles = 2 (244 total, 2 sub)
P(0) -- CFRFr warn: 1.190598e-06 -8.180313e-13 -3.846543e-11 -3.764740e-11 8 4 7 1 [10]
Level[3]: dt = 0.000463663  0.00748036 (0.0154284/0.0154284)
Level[4]: dt = 0.000463663  0.00369907 (0.000463663/0.000463663)
Level[5]: dt = 0.000463663  0.00171884 (0.000463663/0.000463663)
EvolveLevel[5]: NumberOfSubCycles = 1 (549 total, 1 sub)
EvolveLevel[4]: NumberOfSubCycles = 1 (245 total, 1 sub)
EvolveLevel[3]: NumberOfSubCycles = 3 (117 total, 3 sub)
RebuildHierarchy: level = 2
TransferSubgridParticles[2]: Moved 56 particles, 0 stars, 0 active particles.
DetermineSGSize: MaxSubgridSize = 2000, MinSubgridEdge = 4, ncells = 56952
RebuildHierarchy[2]: Flagged 80/389 grids. 4615 flagged cells
LoadBalance: Number of grids moved = 86 out of 86 (0.0021254 seconds elapsed)
DetermineSGSize: MaxSubgridSize = 2000, MinSubgridEdge = 4, ncells = 10552
RebuildHierarchy[3]: Flagged 26/86 grids. 1123 flagged cells
LoadBalance: Number of grids moved = 26 out of 27 (2.59206e-05 seconds elapsed)
DetermineSGSize: MaxSubgridSize = 2000, MinSubgridEdge = 4, ncells = 5800
RebuildHierarchy[4]: Flagged 16/27 grids. 684 flagged cells
LoadBalance: Number of grids moved = 15 out of 16 (2.0612e-05 seconds elapsed)
DetermineSGSize: MaxSubgridSize = 2000, MinSubgridEdge = 4, ncells = 5800
RebuildHierarchy[5]: Flagged 0/16 grids. 0 flagged cells
Level[2]: dt = 0.0160506  0.0154678 (0.031479/0.031479)
Level[3]: dt = 0.00748035  0.00748035 (0.00748035/0.0160506)
Level[4]: dt = 0.00369952  0.00369952 (0.00369952/0.00748035)
Level[5]: dt = 0.00171853  0.00171853 (0.00171853/0.00369952)
RebuildHierarchy: level = 5
TransferSubgridParticles[5]: Moved 0 particles, 0 stars, 0 active particles.
DetermineSGSize: MaxSubgridSize = 2000, MinSubgridEdge = 4, ncells = 5960
RebuildHierarchy[5]: Flagged 0/16 grids. 0 flagged cells
Level[5]: dt = 0.00171768  0.00171768 (0.00343621/0.00369952)
RebuildHierarchy: level = 5
TransferSubgridParticles[5]: Moved 0 particles, 0 stars, 0 active particles.
DetermineSGSize: MaxSubgridSize = 2000, MinSubgridEdge = 4, ncells = 5960
RebuildHierarchy[5]: Flagged 0/16 grids. 0 flagged cells
Level[5]: dt = 0.000263307  0.00171699 (0.00369952/0.00369952)
EvolveLevel[5]: NumberOfSubCycles = 3 (552 total, 3 sub)
RebuildHierarchy: level = 4
TransferSubgridParticles[4]: Moved 0 particles, 0 stars, 0 active particles.
DetermineSGSize: MaxSubgridSize = 2000, MinSubgridEdge = 4, ncells = 5960
RebuildHierarchy[4]: Flagged 16/27 grids. 690 flagged cells
LoadBalance: Number of grids moved = 15 out of 16 (2.10144e-05 seconds elapsed)
DetermineSGSize: MaxSubgridSize = 2000, MinSubgridEdge = 4, ncells = 5960
RebuildHierarchy[5]: Flagged 0/16 grids. 0 flagged cells
Level[4]: dt = 0.00378083  0.00370303 (0.00748035/0.00748035)
Level[5]: dt = 0.00171687  0.00171687 (0.00171687/0.00378083)
RebuildHierarchy: level = 5
TransferSubgridParticles[5]: Moved 0 particles, 0 stars, 0 active particles.
DetermineSGSize: MaxSubgridSize = 2000, MinSubgridEdge = 4, ncells = 6088
RebuildHierarchy[5]: Flagged 0/16 grids. 0 flagged cells
Level[5]: dt = 0.00171534  0.00171534 (0.00343221/0.00378083)
RebuildHierarchy: level = 5
TransferSubgridParticles[5]: Moved 0 particles, 0 stars, 0 active particles.
DetermineSGSize: MaxSubgridSize = 2000, MinSubgridEdge = 4, ncells = 6088
RebuildHierarchy[5]: Flagged 0/16 grids. 0 flagged cells
Level[5]: dt = 0.000348625  0.00171119 (0.00378083/0.00378083)
EvolveLevel[5]: NumberOfSubCycles = 3 (555 total, 3 sub)
EvolveLevel[4]: NumberOfSubCycles = 2 (247 total, 2 sub)
RebuildHierarchy: level = 3
TransferSubgridParticles[3]: Moved 10 particles, 0 stars, 0 active particles.
DetermineSGSize: MaxSubgridSize = 2000, MinSubgridEdge = 4, ncells = 10976
RebuildHierarchy[3]: Flagged 26/86 grids. 1123 flagged cells
LoadBalance: Number of grids moved = 26 out of 27 (2.52165e-05 seconds elapsed)
DetermineSGSize: MaxSubgridSize = 2000, MinSubgridEdge = 4, ncells = 6088
RebuildHierarchy[4]: Flagged 16/27 grids. 687 flagged cells
LoadBalance: Number of grids moved = 15 out of 16 (2.21282e-05 seconds elapsed)
DetermineSGSize: MaxSubgridSize = 2000, MinSubgridEdge = 4, ncells = 6088
RebuildHierarchy[5]: Flagged 0/16 grids. 0 flagged cells
Level[3]: dt = 0.0074798  0.0074798 (0.0149602/0.0160506)
Level[4]: dt = 0.00370663  0.00370663 (0.00370663/0.0074798)
Level[5]: dt = 0.0017104  0.0017104 (0.0017104/0.00370663)
RebuildHierarchy: level = 5
TransferSubgridParticles[5]: Moved 0 particles, 0 stars, 0 active particles.
DetermineSGSize: MaxSubgridSize = 2000, MinSubgridEdge = 4, ncells = 6088
RebuildHierarchy[5]: Flagged 0/16 grids. 0 flagged cells
Level[5]: dt = 0.00170695  0.00170695 (0.00341735/0.00370663)
RebuildHierarchy: level = 5
TransferSubgridParticles[5]: Moved 0 particles, 0 stars, 0 active particles.
DetermineSGSize: MaxSubgridSize = 2000, MinSubgridEdge = 4, ncells = 6088
RebuildHierarchy[5]: Flagged 0/16 grids. 0 flagged cells
Level[5]: dt = 0.000289279  0.00170395 (0.00370663/0.00370663)
EvolveLevel[5]: NumberOfSubCycles = 3 (558 total, 3 sub)
RebuildHierarchy: level = 4
TransferSubgridParticles[4]: Moved 0 particles, 0 stars, 0 active particles.
DetermineSGSize: MaxSubgridSize = 2000, MinSubgridEdge = 4, ncells = 6088
RebuildHierarchy[4]: Flagged 16/27 grids. 687 flagged cells
LoadBalance: Number of grids moved = 15 out of 16 (2.06605e-05 seconds elapsed)
DetermineSGSize: MaxSubgridSize = 2000, MinSubgridEdge = 4, ncells = 6088
RebuildHierarchy[5]: Flagged 0/16 grids. 0 flagged cells
Level[4]: dt = 0.00377317  0.00371142 (0.0074798/0.0074798)
Level[5]: dt = 0.00170348  0.00170348 (0.00170348/0.00377317)
RebuildHierarchy: level = 5
TransferSubgridParticles[5]: Moved 1 particles, 0 stars, 0 active particles.
DetermineSGSize: MaxSubgridSize = 2000, MinSubgridEdge = 4, ncells = 6088
RebuildHierarchy[5]: Flagged 0/16 grids. 0 flagged cells
Level[5]: dt = 0.00170111  0.00170111 (0.00340458/0.00377317)
RebuildHierarchy: level = 5
TransferSubgridParticles[5]: Moved 0 particles, 0 stars, 0 active particles.
DetermineSGSize: MaxSubgridSize = 2000, MinSubgridEdge = 4, ncells = 6088
RebuildHierarchy[5]: Flagged 0/16 grids. 0 flagged cells
Level[5]: dt = 0.000368583  0.00169918 (0.00377317/0.00377317)
EvolveLevel[5]: NumberOfSubCycles = 3 (561 total, 3 sub)
EvolveLevel[4]: NumberOfSubCycles = 2 (249 total, 2 sub)
P(0) -- CFRFr warn: 1.135814e-06 -3.737788e-15 -4.035409e-11 -4.035035e-11 8 6 7 1 [10]
Level[3]: dt = 0.00109047  0.00747838 (0.0160506/0.0160506)
Level[4]: dt = 0.00109047  0.003715 (0.00109047/0.00109047)
Level[5]: dt = 0.00109047  0.00169882 (0.00109047/0.00109047)
EvolveLevel[5]: NumberOfSubCycles = 1 (562 total, 1 sub)
EvolveLevel[4]: NumberOfSubCycles = 1 (250 total, 1 sub)
EvolveLevel[3]: NumberOfSubCycles = 3 (120 total, 3 sub)
EvolveLevel[2]: NumberOfSubCycles = 2 (46 total, 2 sub)
EvolveLevel[1]: NumberOfSubCycles = 2 (20 total, 2 sub)
EvolveLevel[0]: NumberOfSubCycles = 1 (10 total, 10 sub)
RebuildHierarchy: level = 0
CommunicationTransferParticles: moved = 292542
CommunicationTransferStars: moved = 0
CommunicationTransferActiveParticles: moved = 0
DetermineSGSize: MaxSubgridSize = 2000, MinSubgridEdge = 4, ncells = 5754736
RebuildHierarchy[0]: Flagged 590/1120 grids. 382651 flagged cells
LoadBalance: Number of grids moved = 4609 out of 4642 (0.0204509 seconds elapsed)
DetermineSGSize: MaxSubgridSize = 2000, MinSubgridEdge = 4, ncells = 329680
RebuildHierarchy[1]: Flagged 325/4642 grids. 23630 flagged cells
LoadBalance: Number of grids moved = 397 out of 398 (0.00142574 seconds elapsed)
DetermineSGSize: MaxSubgridSize = 2000, MinSubgridEdge = 4, ncells = 59024
RebuildHierarchy[2]: Flagged 79/398 grids. 4565 flagged cells
LoadBalance: Number of grids moved = 84 out of 84 (0.00135296 seconds elapsed)
DetermineSGSize: MaxSubgridSize = 2000, MinSubgridEdge = 4, ncells = 10776
RebuildHierarchy[3]: Flagged 26/84 grids. 1141 flagged cells
LoadBalance: Number of grids moved = 25 out of 27 (2.75858e-05 seconds elapsed)
DetermineSGSize: MaxSubgridSize = 2000, MinSubgridEdge = 4, ncells = 6088
RebuildHierarchy[4]: Flagged 16/27 grids. 696 flagged cells
LoadBalance: Number of grids moved = 15 out of 16 (2.13124e-05 seconds elapsed)
DetermineSGSize: MaxSubgridSize = 2000, MinSubgridEdge = 4, ncells = 6088
RebuildHierarchy[5]: Flagged 0/16 grids. 0 flagged cells
CPUTime-output: Frac = 0.999992, Current = 485.364 (484.625), Stop = 2592000.000000, Last = 21.2346
[YT_INFO   ] Setting YT parameters ...
[YT_INFO   ] Setting YT parameters ... done.
[YT_INFO   ] Getting pointer to particle list information ...
[YT_INFO   ] Getting pointer to particle list information  ... done.
[YT_INFO   ] Getting pointer to field list information ...
[YT_INFO   ] Getting pointer to field list information  ... done.
[YT_INFO   ] Getting pointer to local grids information ...
[YT_INFO   ] Getting pointer to local grids information  ... done.
[YT_INFO   ] Loading full hierarchy and local data to libyt ...
[YT_INFO   ] Loading full hierarchy and local data ... done.
[YT_INFO   ] Performing YT inline analysis yt_inline_func() ...
[YT_INFO   ] Performing YT inline analysis yt_inline_func() ... done.
Level[0]: dt = 0.0634067  0.0634067 (0.0634067/0.0634067)
Level[1]: dt = 0.0318856  0.0318856 (0.0318856/0.0634067)
Level[2]: dt = 0.0154743  0.0154743 (0.0154743/0.0318856)
Level[3]: dt = 0.00747848  0.00747848 (0.00747848/0.0154743)
Level[4]: dt = 0.00371607  0.00371607 (0.00371607/0.00747848)
Level[5]: dt = 0.0016979  0.0016979 (0.0016979/0.00371607)
RebuildHierarchy: level = 5
TransferSubgridParticles[5]: Moved 1 particles, 0 stars, 0 active particles.
DetermineSGSize: MaxSubgridSize = 2000, MinSubgridEdge = 4, ncells = 6184
RebuildHierarchy[5]: Flagged 0/16 grids. 0 flagged cells
Level[5]: dt = 0.00169688  0.00169688 (0.00339478/0.00371607)
RebuildHierarchy: level = 5
TransferSubgridParticles[5]: Moved 1 particles, 0 stars, 0 active particles.
DetermineSGSize: MaxSubgridSize = 2000, MinSubgridEdge = 4, ncells = 6184
RebuildHierarchy[5]: Flagged 0/16 grids. 0 flagged cells
Level[5]: dt = 0.000321282  0.00169636 (0.00371607/0.00371607)
EvolveLevel[5]: NumberOfSubCycles = 3 (565 total, 3 sub)
RebuildHierarchy: level = 4
TransferSubgridParticles[4]: Moved 0 particles, 0 stars, 0 active particles.
DetermineSGSize: MaxSubgridSize = 2000, MinSubgridEdge = 4, ncells = 6184
RebuildHierarchy[4]: Flagged 17/27 grids. 693 flagged cells
LoadBalance: Number of grids moved = 16 out of 17 (2.26647e-05 seconds elapsed)
DetermineSGSize: MaxSubgridSize = 2000, MinSubgridEdge = 4, ncells = 6184
RebuildHierarchy[5]: Flagged 0/17 grids. 0 flagged cells
Level[4]: dt = 0.00376241  0.00372082 (0.00747848/0.00747848)
Level[5]: dt = 0.00169632  0.00169632 (0.00169632/0.00376241)
RebuildHierarchy: level = 5
TransferSubgridParticles[5]: Moved 0 particles, 0 stars, 0 active particles.
DetermineSGSize: MaxSubgridSize = 2000, MinSubgridEdge = 4, ncells = 6128
RebuildHierarchy[5]: Flagged 0/17 grids. 0 flagged cells
Level[5]: dt = 0.00169651  0.00169651 (0.00339284/0.00376241)
RebuildHierarchy: level = 5
TransferSubgridParticles[5]: Moved 0 particles, 0 stars, 0 active particles.
DetermineSGSize: MaxSubgridSize = 2000, MinSubgridEdge = 4, ncells = 6128
RebuildHierarchy[5]: Flagged 0/17 grids. 0 flagged cells
Level[5]: dt = 0.000369575  0.00169705 (0.00376241/0.00376241)
EvolveLevel[5]: NumberOfSubCycles = 3 (568 total, 3 sub)
EvolveLevel[4]: NumberOfSubCycles = 2 (252 total, 2 sub)
RebuildHierarchy: level = 3
TransferSubgridParticles[3]: Moved 275 particles, 0 stars, 0 active particles.
DetermineSGSize: MaxSubgridSize = 2000, MinSubgridEdge = 4, ncells = 11192
RebuildHierarchy[3]: Flagged 25/84 grids. 1115 flagged cells
LoadBalance: Number of grids moved = 25 out of 26 (3.39076e-05 seconds elapsed)
DetermineSGSize: MaxSubgridSize = 2000, MinSubgridEdge = 4, ncells = 6128
RebuildHierarchy[4]: Flagged 17/26 grids. 711 flagged cells
LoadBalance: Number of grids moved = 14 out of 17 (2.01985e-05 seconds elapsed)
DetermineSGSize: MaxSubgridSize = 2000, MinSubgridEdge = 4, ncells = 6128
RebuildHierarchy[5]: Flagged 0/17 grids. 0 flagged cells
Level[3]: dt = 0.00747839  0.00747839 (0.0149569/0.0154743)
Level[4]: dt = 0.00372152  0.00372152 (0.00372152/0.00747839)
Level[5]: dt = 0.00169723  0.00169723 (0.00169723/0.00372152)
RebuildHierarchy: level = 5
TransferSubgridParticles[5]: Moved 0 particles, 0 stars, 0 active particles.
DetermineSGSize: MaxSubgridSize = 2000, MinSubgridEdge = 4, ncells = 6296
RebuildHierarchy[5]: Flagged 0/17 grids. 0 flagged cells
Level[5]: dt = 0.00169837  0.00169837 (0.0033956/0.00372152)
RebuildHierarchy: level = 5
TransferSubgridParticles[5]: Moved 0 particles, 0 stars, 0 active particles.
DetermineSGSize: MaxSubgridSize = 2000, MinSubgridEdge = 4, ncells = 6296
RebuildHierarchy[5]: Flagged 0/17 grids. 0 flagged cells
Level[5]: dt = 0.000325921  0.00169975 (0.00372152/0.00372152)
EvolveLevel[5]: NumberOfSubCycles = 3 (571 total, 3 sub)
RebuildHierarchy: level = 4
TransferSubgridParticles[4]: Moved 0 particles, 0 stars, 0 active particles.
DetermineSGSize: MaxSubgridSize = 2000, MinSubgridEdge = 4, ncells = 6296
RebuildHierarchy[4]: Flagged 17/26 grids. 711 flagged cells
LoadBalance: Number of grids moved = 14 out of 17 (2.12416e-05 seconds elapsed)
DetermineSGSize: MaxSubgridSize = 2000, MinSubgridEdge = 4, ncells = 6296
RebuildHierarchy[5]: Flagged 0/17 grids. 0 flagged cells
Level[4]: dt = 0.00375687  0.00372252 (0.00747839/0.00747839)
Level[5]: dt = 0.00170006  0.00170006 (0.00170006/0.00375687)
RebuildHierarchy: level = 5
TransferSubgridParticles[5]: Moved 1 particles, 0 stars, 0 active particles.
DetermineSGSize: MaxSubgridSize = 2000, MinSubgridEdge = 4, ncells = 6296
RebuildHierarchy[5]: Flagged 0/17 grids. 0 flagged cells
Level[5]: dt = 0.00170192  0.00170192 (0.00340198/0.00375687)
RebuildHierarchy: level = 5
TransferSubgridParticles[5]: Moved 1 particles, 0 stars, 0 active particles.
DetermineSGSize: MaxSubgridSize = 2000, MinSubgridEdge = 4, ncells = 6296
RebuildHierarchy[5]: Flagged 0/17 grids. 0 flagged cells
Level[5]: dt = 0.00035489  0.00170391 (0.00375687/0.00375687)
EvolveLevel[5]: NumberOfSubCycles = 3 (574 total, 3 sub)
EvolveLevel[4]: NumberOfSubCycles = 2 (254 total, 2 sub)
Level[3]: dt = 0.000517409  0.0074772 (0.0154743/0.0154743)
Level[4]: dt = 0.000517409  0.00372028 (0.000517409/0.000517409)
Level[5]: dt = 0.000517409  0.00170435 (0.000517409/0.000517409)
EvolveLevel[5]: NumberOfSubCycles = 1 (575 total, 1 sub)
EvolveLevel[4]: NumberOfSubCycles = 1 (255 total, 1 sub)
EvolveLevel[3]: NumberOfSubCycles = 3 (123 total, 3 sub)
RebuildHierarchy: level = 2
TransferSubgridParticles[2]: Moved 2396 particles, 0 stars, 0 active particles.
DetermineSGSize: MaxSubgridSize = 2000, MinSubgridEdge = 4, ncells = 59224
RebuildHierarchy[2]: Flagged 80/398 grids. 4610 flagged cells
LoadBalance: Number of grids moved = 86 out of 86 (0.00183655 seconds elapsed)
DetermineSGSize: MaxSubgridSize = 2000, MinSubgridEdge = 4, ncells = 10888
RebuildHierarchy[3]: Flagged 25/86 grids. 1158 flagged cells
LoadBalance: Number of grids moved = 26 out of 27 (2.64123e-05 seconds elapsed)
DetermineSGSize: MaxSubgridSize = 2000, MinSubgridEdge = 4, ncells = 6296
RebuildHierarchy[4]: Flagged 17/27 grids. 705 flagged cells
LoadBalance: Number of grids moved = 14 out of 17 (2.1562e-05 seconds elapsed)
DetermineSGSize: MaxSubgridSize = 2000, MinSubgridEdge = 4, ncells = 6296
RebuildHierarchy[5]: Flagged 0/17 grids. 0 flagged cells
Level[2]: dt = 0.0154796  0.0154796 (0.0309539/0.0318856)
Level[3]: dt = 0.00747729  0.00747729 (0.00747729/0.0154796)
Level[4]: dt = 0.00371998  0.00371998 (0.00371998/0.00747729)
Level[5]: dt = 0.00170502  0.00170502 (0.00170502/0.00371998)
RebuildHierarchy: level = 5
TransferSubgridParticles[5]: Moved 0 particles, 0 stars, 0 active particles.
DetermineSGSize: MaxSubgridSize = 2000, MinSubgridEdge = 4, ncells = 6200
RebuildHierarchy[5]: Flagged 0/17 grids. 0 flagged cells
Level[5]: dt = 0.0017073  0.0017073 (0.00341232/0.00371998)
RebuildHierarchy: level = 5
TransferSubgridParticles[5]: Moved 0 particles, 0 stars, 0 active particles.
DetermineSGSize: MaxSubgridSize = 2000, MinSubgridEdge = 4, ncells = 6200
RebuildHierarchy[5]: Flagged 0/17 grids. 0 flagged cells
Level[5]: dt = 0.00030766  0.00170993 (0.00371998/0.00371998)
EvolveLevel[5]: NumberOfSubCycles = 3 (578 total, 3 sub)
RebuildHierarchy: level = 4
TransferSubgridParticles[4]: Moved 0 particles, 0 stars, 0 active particles.
DetermineSGSize: MaxSubgridSize = 2000, MinSubgridEdge = 4, ncells = 6200
RebuildHierarchy[4]: Flagged 17/27 grids. 711 flagged cells
LoadBalance: Number of grids moved = 14 out of 17 (2.11634e-05 seconds elapsed)
DetermineSGSize: MaxSubgridSize = 2000, MinSubgridEdge = 4, ncells = 6200
RebuildHierarchy[5]: Flagged 0/17 grids. 0 flagged cells
Level[4]: dt = 0.00375732  0.00372269 (0.00747729/0.00747729)
Level[5]: dt = 0.00171039  0.00171039 (0.00171039/0.00375732)
RebuildHierarchy: level = 5
TransferSubgridParticles[5]: Moved 0 particles, 0 stars, 0 active particles.
DetermineSGSize: MaxSubgridSize = 2000, MinSubgridEdge = 4, ncells = 6296
RebuildHierarchy[5]: Flagged 0/17 grids. 0 flagged cells
Level[5]: dt = 0.00171307  0.00171307 (0.00342346/0.00375732)
RebuildHierarchy: level = 5
TransferSubgridParticles[5]: Moved 2 particles, 0 stars, 0 active particles.
DetermineSGSize: MaxSubgridSize = 2000, MinSubgridEdge = 4, ncells = 6296
RebuildHierarchy[5]: Flagged 0/17 grids. 0 flagged cells
Level[5]: dt = 0.000333855  0.00171608 (0.00375732/0.00375732)
EvolveLevel[5]: NumberOfSubCycles = 3 (581 total, 3 sub)
EvolveLevel[4]: NumberOfSubCycles = 2 (257 total, 2 sub)
RebuildHierarchy: level = 3
TransferSubgridParticles[3]: Moved 8 particles, 0 stars, 0 active particles.
DetermineSGSize: MaxSubgridSize = 2000, MinSubgridEdge = 4, ncells = 11544
RebuildHierarchy[3]: Flagged 26/86 grids. 1194 flagged cells
LoadBalance: Number of grids moved = 26 out of 28 (3.34717e-05 seconds elapsed)
DetermineSGSize: MaxSubgridSize = 2000, MinSubgridEdge = 4, ncells = 6296
RebuildHierarchy[4]: Flagged 17/28 grids. 702 flagged cells
LoadBalance: Number of grids moved = 16 out of 17 (2.18637e-05 seconds elapsed)
DetermineSGSize: MaxSubgridSize = 2000, MinSubgridEdge = 4, ncells = 6296
RebuildHierarchy[5]: Flagged 0/17 grids. 0 flagged cells
Level[3]: dt = 0.00747761  0.00747761 (0.0149549/0.0154796)
Level[4]: dt = 0.00372206  0.00372206 (0.00372206/0.00747761)
Level[5]: dt = 0.00171666  0.00171666 (0.00171666/0.00372206)
RebuildHierarchy: level = 5
TransferSubgridParticles[5]: Moved 0 particles, 0 stars, 0 active particles.
DetermineSGSize: MaxSubgridSize = 2000, MinSubgridEdge = 4, ncells = 6200
RebuildHierarchy[5]: Flagged 0/17 grids. 0 flagged cells
Level[5]: dt = 0.00171879  0.00171879 (0.00343545/0.00372206)
RebuildHierarchy: level = 5
TransferSubgridParticles[5]: Moved 1 particles, 0 stars, 0 active particles.
DetermineSGSize: MaxSubgridSize = 2000, MinSubgridEdge = 4, ncells = 6200
RebuildHierarchy[5]: Flagged 0/17 grids. 0 flagged cells
Level[5]: dt = 0.000286609  0.00172214 (0.00372206/0.00372206)
EvolveLevel[5]: NumberOfSubCycles = 3 (584 total, 3 sub)
RebuildHierarchy: level = 4
TransferSubgridParticles[4]: Moved 0 particles, 0 stars, 0 active particles.
DetermineSGSize: MaxSubgridSize = 2000, MinSubgridEdge = 4, ncells = 6200
RebuildHierarchy[4]: Flagged 17/28 grids. 702 flagged cells
LoadBalance: Number of grids moved = 16 out of 17 (2.12528e-05 seconds elapsed)
DetermineSGSize: MaxSubgridSize = 2000, MinSubgridEdge = 4, ncells = 6200
RebuildHierarchy[5]: Flagged 0/17 grids. 0 flagged cells
Level[4]: dt = 0.00375555  0.00372206 (0.00747761/0.00747761)
Level[5]: dt = 0.00172241  0.00172241 (0.00172241/0.00375555)
RebuildHierarchy: level = 5
TransferSubgridParticles[5]: Moved 0 particles, 0 stars, 0 active particles.
DetermineSGSize: MaxSubgridSize = 2000, MinSubgridEdge = 4, ncells = 6200
RebuildHierarchy[5]: Flagged 0/17 grids. 0 flagged cells
Level[5]: dt = 0.00172511  0.00172511 (0.00344752/0.00375555)
RebuildHierarchy: level = 5
TransferSubgridParticles[5]: Moved 0 particles, 0 stars, 0 active particles.
DetermineSGSize: MaxSubgridSize = 2000, MinSubgridEdge = 4, ncells = 6200
RebuildHierarchy[5]: Flagged 0/17 grids. 0 flagged cells
Level[5]: dt = 0.000308032  0.00172892 (0.00375555/0.00375555)
EvolveLevel[5]: NumberOfSubCycles = 3 (587 total, 3 sub)
EvolveLevel[4]: NumberOfSubCycles = 2 (259 total, 2 sub)
Level[3]: dt = 0.000524669  0.00747214 (0.0154796/0.0154796)
Level[4]: dt = 0.000524669  0.00372721 (0.000524669/0.000524669)
Level[5]: dt = 0.000524669  0.00172929 (0.000524669/0.000524669)
EvolveLevel[5]: NumberOfSubCycles = 1 (588 total, 1 sub)
EvolveLevel[4]: NumberOfSubCycles = 1 (260 total, 1 sub)
EvolveLevel[3]: NumberOfSubCycles = 3 (126 total, 3 sub)
Level[2]: dt = 0.00093171  0.015485 (0.0318856/0.0318856)
Level[3]: dt = 0.00093171  0.00747081 (0.00093171/0.00093171)
Level[4]: dt = 0.00093171  0.00372732 (0.00093171/0.00093171)
Level[5]: dt = 0.00093171  0.00173019 (0.00093171/0.00093171)
EvolveLevel[5]: NumberOfSubCycles = 1 (589 total, 1 sub)
EvolveLevel[4]: NumberOfSubCycles = 1 (261 total, 1 sub)
EvolveLevel[3]: NumberOfSubCycles = 1 (127 total, 1 sub)
EvolveLevel[2]: NumberOfSubCycles = 3 (49 total, 3 sub)
RebuildHierarchy: level = 1
TransferSubgridParticles[1]: Moved 48957 particles, 0 stars, 0 active particles.
DetermineSGSize: MaxSubgridSize = 2000, MinSubgridEdge = 4, ncells = 324632
RebuildHierarchy[1]: Flagged 328/4642 grids. 24317 flagged cells
LoadBalance: Number of grids moved = 406 out of 407 (0.00145093 seconds elapsed)
DetermineSGSize: MaxSubgridSize = 2000, MinSubgridEdge = 4, ncells = 58552
RebuildHierarchy[2]: Flagged 81/407 grids. 4644 flagged cells
LoadBalance: Number of grids moved = 88 out of 88 (0.00136214 seconds elapsed)
DetermineSGSize: MaxSubgridSize = 2000, MinSubgridEdge = 4, ncells = 11888
RebuildHierarchy[3]: Flagged 26/88 grids. 1212 flagged cells
LoadBalance: Number of grids moved = 26 out of 28 (2.65092e-05 seconds elapsed)
DetermineSGSize: MaxSubgridSize = 2000, MinSubgridEdge = 4, ncells = 6200
RebuildHierarchy[4]: Flagged 17/28 grids. 693 flagged cells
LoadBalance: Number of grids moved = 16 out of 17 (2.18078e-05 seconds elapsed)
DetermineSGSize: MaxSubgridSize = 2000, MinSubgridEdge = 4, ncells = 6200
RebuildHierarchy[5]: Flagged 0/17 grids. 0 flagged cells
Level[1]: dt = 0.0315211  0.0318729 (0.0634067/0.0634067)
Level[2]: dt = 0.0154854  0.0154854 (0.0154854/0.0315211)
Level[3]: dt = 0.00746935  0.00746935 (0.00746935/0.0154854)
Level[4]: dt = 0.00372755  0.00372755 (0.00372755/0.00746935)
Level[5]: dt = 0.00173229  0.00173229 (0.00173229/0.00372755)
RebuildHierarchy: level = 5
TransferSubgridParticles[5]: Moved 0 particles, 0 stars, 0 active particles.
DetermineSGSize: MaxSubgridSize = 2000, MinSubgridEdge = 4, ncells = 6104
RebuildHierarchy[5]: Flagged 0/17 grids. 0 flagged cells
Level[5]: dt = 0.00173483  0.00173483 (0.00346712/0.00372755)
RebuildHierarchy: level = 5
TransferSubgridParticles[5]: Moved 1 particles, 0 stars, 0 active particles.
DetermineSGSize: MaxSubgridSize = 2000, MinSubgridEdge = 4, ncells = 6104
RebuildHierarchy[5]: Flagged 0/17 grids. 0 flagged cells
Level[5]: dt = 0.000260432  0.00173829 (0.00372755/0.00372755)
EvolveLevel[5]: NumberOfSubCycles = 3 (592 total, 3 sub)
RebuildHierarchy: level = 4
TransferSubgridParticles[4]: Moved 0 particles, 0 stars, 0 active particles.
DetermineSGSize: MaxSubgridSize = 2000, MinSubgridEdge = 4, ncells = 6104
RebuildHierarchy[4]: Flagged 17/28 grids. 681 flagged cells
LoadBalance: Number of grids moved = 16 out of 17 (2.19755e-05 seconds elapsed)
DetermineSGSize: MaxSubgridSize = 2000, MinSubgridEdge = 4, ncells = 6104
RebuildHierarchy[5]: Flagged 0/17 grids. 0 flagged cells
Level[4]: dt = 0.0037418  0.003729 (0.00746935/0.00746935)
Level[5]: dt = 0.00173892  0.00173892 (0.00173892/0.0037418)
RebuildHierarchy: level = 5
TransferSubgridParticles[5]: Moved 0 particles, 0 stars, 0 active particles.
DetermineSGSize: MaxSubgridSize = 2000, MinSubgridEdge = 4, ncells = 5984
RebuildHierarchy[5]: Flagged 0/17 grids. 0 flagged cells
Level[5]: dt = 0.00174194  0.00174194 (0.00348086/0.0037418)
RebuildHierarchy: level = 5
TransferSubgridParticles[5]: Moved 0 particles, 0 stars, 0 active particles.
DetermineSGSize: MaxSubgridSize = 2000, MinSubgridEdge = 4, ncells = 5984
RebuildHierarchy[5]: Flagged 0/17 grids. 0 flagged cells
Level[5]: dt = 0.000260948  0.00174569 (0.0037418/0.0037418)
EvolveLevel[5]: NumberOfSubCycles = 3 (595 total, 3 sub)
EvolveLevel[4]: NumberOfSubCycles = 2 (263 total, 2 sub)
RebuildHierarchy: level = 3
TransferSubgridParticles[3]: Moved 8 particles, 0 stars, 0 active particles.
DetermineSGSize: MaxSubgridSize = 2000, MinSubgridEdge = 4, ncells = 12000
RebuildHierarchy[3]: Flagged 26/88 grids. 1160 flagged cells
LoadBalance: Number of grids moved = 25 out of 27 (2.60137e-05 seconds elapsed)
DetermineSGSize: MaxSubgridSize = 2000, MinSubgridEdge = 4, ncells = 5984
RebuildHierarchy[4]: Flagged 17/27 grids. 693 flagged cells
LoadBalance: Number of grids moved = 16 out of 17 (2.08355e-05 seconds elapsed)
DetermineSGSize: MaxSubgridSize = 2000, MinSubgridEdge = 4, ncells = 5984
RebuildHierarchy[5]: Flagged 0/17 grids. 0 flagged cells
Level[3]: dt = 0.00745124  0.00745124 (0.0149206/0.0154854)
Level[4]: dt = 0.00372938  0.00372938 (0.00372938/0.00745124)
Level[5]: dt = 0.00174634  0.00174634 (0.00174634/0.00372938)
RebuildHierarchy: level = 5
TransferSubgridParticles[5]: Moved 0 particles, 0 stars, 0 active particles.
DetermineSGSize: MaxSubgridSize = 2000, MinSubgridEdge = 4, ncells = 6080
RebuildHierarchy[5]: Flagged 0/17 grids. 0 flagged cells
Level[5]: dt = 0.00174969  0.00174969 (0.00349603/0.00372938)
RebuildHierarchy: level = 5
TransferSubgridParticles[5]: Moved 0 particles, 0 stars, 0 active particles.
DetermineSGSize: MaxSubgridSize = 2000, MinSubgridEdge = 4, ncells = 6080
RebuildHierarchy[5]: Flagged 0/17 grids. 0 flagged cells
Level[5]: dt = 0.000233351  0.00175356 (0.00372938/0.00372938)
EvolveLevel[5]: NumberOfSubCycles = 3 (598 total, 3 sub)
RebuildHierarchy: level = 4
TransferSubgridParticles[4]: Moved 0 particles, 0 stars, 0 active particles.
DetermineSGSize: MaxSubgridSize = 2000, MinSubgridEdge = 4, ncells = 6080
RebuildHierarchy[4]: Flagged 17/27 grids. 684 flagged cells
LoadBalance: Number of grids moved = 16 out of 17 (2.20872e-05 seconds elapsed)
DetermineSGSize: MaxSubgridSize = 2000, MinSubgridEdge = 4, ncells = 6080
RebuildHierarchy[5]: Flagged 0/17 grids. 0 flagged cells
Level[4]: dt = 0.00372186  0.00372966 (0.00745124/0.00745124)
Level[5]: dt = 0.00175414  0.00175414 (0.00175414/0.00372186)
RebuildHierarchy: level = 5
TransferSubgridParticles[5]: Moved 1 particles, 0 stars, 0 active particles.
DetermineSGSize: MaxSubgridSize = 2000, MinSubgridEdge = 4, ncells = 5984
RebuildHierarchy[5]: Flagged 0/17 grids. 0 flagged cells
Level[5]: dt = 0.00175767  0.00175767 (0.00351182/0.00372186)
RebuildHierarchy: level = 5
TransferSubgridParticles[5]: Moved 0 particles, 0 stars, 0 active particles.
DetermineSGSize: MaxSubgridSize = 2000, MinSubgridEdge = 4, ncells = 5984
RebuildHierarchy[5]: Flagged 0/17 grids. 0 flagged cells
Level[5]: dt = 0.000210045  0.00176153 (0.00372186/0.00372186)
EvolveLevel[5]: NumberOfSubCycles = 3 (601 total, 3 sub)
EvolveLevel[4]: NumberOfSubCycles = 2 (265 total, 2 sub)
Level[3]: dt = 0.000564776  0.00744155 (0.0154854/0.0154854)
Level[4]: dt = 0.000564776  0.00373022 (0.000564776/0.000564776)
Level[5]: dt = 0.000564776  0.00176204 (0.000564776/0.000564776)
EvolveLevel[5]: NumberOfSubCycles = 1 (602 total, 1 sub)
EvolveLevel[4]: NumberOfSubCycles = 1 (266 total, 1 sub)
EvolveLevel[3]: NumberOfSubCycles = 3 (130 total, 3 sub)
RebuildHierarchy: level = 2
TransferSubgridParticles[2]: Moved 70 particles, 0 stars, 0 active particles.
DetermineSGSize: MaxSubgridSize = 2000, MinSubgridEdge = 4, ncells = 58288
RebuildHierarchy[2]: Flagged 82/407 grids. 4702 flagged cells
LoadBalance: Number of grids moved = 89 out of 89 (0.00128847 seconds elapsed)
DetermineSGSize: MaxSubgridSize = 2000, MinSubgridEdge = 4, ncells = 11400
RebuildHierarchy[3]: Flagged 26/89 grids. 1160 flagged cells
LoadBalance: Number of grids moved = 25 out of 27 (2.68556e-05 seconds elapsed)
DetermineSGSize: MaxSubgridSize = 2000, MinSubgridEdge = 4, ncells = 5984
RebuildHierarchy[4]: Flagged 17/27 grids. 675 flagged cells
LoadBalance: Number of grids moved = 16 out of 17 (2.17371e-05 seconds elapsed)
DetermineSGSize: MaxSubgridSize = 2000, MinSubgridEdge = 4, ncells = 5984
RebuildHierarchy[5]: Flagged 0/17 grids. 0 flagged cells
Level[2]: dt = 0.0160357  0.0154727 (0.0315211/0.0315211)
Level[3]: dt = 0.00744139  0.00744139 (0.00744139/0.0160357)
Level[4]: dt = 0.00373026  0.00373026 (0.00373026/0.00744139)
Level[5]: dt = 0.00176315  0.00176315 (0.00176315/0.00373026)
RebuildHierarchy: level = 5
TransferSubgridParticles[5]: Moved 0 particles, 0 stars, 0 active particles.
DetermineSGSize: MaxSubgridSize = 2000, MinSubgridEdge = 4, ncells = 5888
RebuildHierarchy[5]: Flagged 0/17 grids. 0 flagged cells
Level[5]: dt = 0.00177  0.00177 (0.00353315/0.00373026)
RebuildHierarchy: level = 5
TransferSubgridParticles[5]: Moved 1 particles, 0 stars, 0 active particles.
DetermineSGSize: MaxSubgridSize = 2000, MinSubgridEdge = 4, ncells = 5888
RebuildHierarchy[5]: Flagged 0/17 grids. 0 flagged cells
Level[5]: dt = 0.000197115  0.00177725 (0.00373026/0.00373026)
EvolveLevel[5]: NumberOfSubCycles = 3 (605 total, 3 sub)
RebuildHierarchy: level = 4
TransferSubgridParticles[4]: Moved 0 particles, 0 stars, 0 active particles.
DetermineSGSize: MaxSubgridSize = 2000, MinSubgridEdge = 4, ncells = 5888
RebuildHierarchy[4]: Flagged 17/27 grids. 684 flagged cells
LoadBalance: Number of grids moved = 16 out of 17 (2.18116e-05 seconds elapsed)
DetermineSGSize: MaxSubgridSize = 2000, MinSubgridEdge = 4, ncells = 5888
RebuildHierarchy[5]: Flagged 0/17 grids. 0 flagged cells
Level[4]: dt = 0.00371112  0.00373085 (0.00744139/0.00744139)
Level[5]: dt = 0.00177786  0.00177786 (0.00177786/0.00371112)
RebuildHierarchy: level = 5
TransferSubgridParticles[5]: Moved 0 particles, 0 stars, 0 active particles.
DetermineSGSize: MaxSubgridSize = 2000, MinSubgridEdge = 4, ncells = 5960
RebuildHierarchy[5]: Flagged 0/17 grids. 0 flagged cells
Level[5]: dt = 0.00178477  0.00178477 (0.00356264/0.00371112)
RebuildHierarchy: level = 5
TransferSubgridParticles[5]: Moved 0 particles, 0 stars, 0 active particles.
DetermineSGSize: MaxSubgridSize = 2000, MinSubgridEdge = 4, ncells = 5960
RebuildHierarchy[5]: Flagged 0/17 grids. 0 flagged cells
Level[5]: dt = 0.000148489  0.00179201 (0.00371112/0.00371112)
EvolveLevel[5]: NumberOfSubCycles = 3 (608 total, 3 sub)
EvolveLevel[4]: NumberOfSubCycles = 2 (268 total, 2 sub)
RebuildHierarchy: level = 3
TransferSubgridParticles[3]: Moved 4 particles, 0 stars, 0 active particles.
DetermineSGSize: MaxSubgridSize = 2000, MinSubgridEdge = 4, ncells = 11240
RebuildHierarchy[3]: Flagged 26/89 grids. 1133 flagged cells
LoadBalance: Number of grids moved = 25 out of 27 (2.65501e-05 seconds elapsed)
DetermineSGSize: MaxSubgridSize = 2000, MinSubgridEdge = 4, ncells = 5960
RebuildHierarchy[4]: Flagged 17/27 grids. 668 flagged cells
LoadBalance: Number of grids moved = 16 out of 17 (2.08803e-05 seconds elapsed)
DetermineSGSize: MaxSubgridSize = 2000, MinSubgridEdge = 4, ncells = 5960
RebuildHierarchy[5]: Flagged 0/17 grids. 0 flagged cells
Level[3]: dt = 0.00743101  0.00743101 (0.0148724/0.0160357)
Level[4]: dt = 0.00375777  0.00375777 (0.00375777/0.00743101)
Level[5]: dt = 0.00179247  0.00179247 (0.00179247/0.00375777)
RebuildHierarchy: level = 5
TransferSubgridParticles[5]: Moved 0 particles, 0 stars, 0 active particles.
DetermineSGSize: MaxSubgridSize = 2000, MinSubgridEdge = 4, ncells = 5760
RebuildHierarchy[5]: Flagged 0/17 grids. 0 flagged cells
Level[5]: dt = 0.00179937  0.00179937 (0.00359184/0.00375777)
RebuildHierarchy: level = 5
TransferSubgridParticles[5]: Moved 0 particles, 0 stars, 0 active particles.
DetermineSGSize: MaxSubgridSize = 2000, MinSubgridEdge = 4, ncells = 5760
RebuildHierarchy[5]: Flagged 0/17 grids. 0 flagged cells
Level[5]: dt = 0.000165932  0.00180443 (0.00375777/0.00375777)
EvolveLevel[5]: NumberOfSubCycles = 3 (611 total, 3 sub)
RebuildHierarchy: level = 4
TransferSubgridParticles[4]: Moved 0 particles, 0 stars, 0 active particles.
DetermineSGSize: MaxSubgridSize = 2000, MinSubgridEdge = 4, ncells = 5760
RebuildHierarchy[4]: Flagged 17/27 grids. 677 flagged cells
LoadBalance: Number of grids moved = 16 out of 17 (2.20351e-05 seconds elapsed)
DetermineSGSize: MaxSubgridSize = 2000, MinSubgridEdge = 4, ncells = 5760
RebuildHierarchy[5]: Flagged 0/17 grids. 0 flagged cells
Level[4]: dt = 0.00367323  0.00376157 (0.00743101/0.00743101)
Level[5]: dt = 0.00180491  0.00180491 (0.00180491/0.00367323)
RebuildHierarchy: level = 5
TransferSubgridParticles[5]: Moved 0 particles, 0 stars, 0 active particles.
DetermineSGSize: MaxSubgridSize = 2000, MinSubgridEdge = 4, ncells = 5888
RebuildHierarchy[5]: Flagged 0/17 grids. 0 flagged cells
Level[5]: dt = 0.00186833  0.00181161 (0.00367323/0.00367323)
EvolveLevel[5]: NumberOfSubCycles = 2 (613 total, 2 sub)
EvolveLevel[4]: NumberOfSubCycles = 2 (270 total, 2 sub)
Level[3]: dt = 0.00116333  0.00743207 (0.0160357/0.0160357)
Level[4]: dt = 0.00116333  0.00376272 (0.00116333/0.00116333)
Level[5]: dt = 0.00116333  0.00181437 (0.00116333/0.00116333)
EvolveLevel[5]: NumberOfSubCycles = 1 (614 total, 1 sub)
EvolveLevel[4]: NumberOfSubCycles = 1 (271 total, 1 sub)
EvolveLevel[3]: NumberOfSubCycles = 3 (133 total, 3 sub)
EvolveLevel[2]: NumberOfSubCycles = 2 (51 total, 2 sub)
EvolveLevel[1]: NumberOfSubCycles = 2 (22 total, 2 sub)
EvolveLevel[0]: NumberOfSubCycles = 1 (11 total, 11 sub)
CPUTime-output: Frac = 0.999992, Current = 506.63 (506.63), Stop = 2592000.000000, Last = 22.0051
[YT_INFO   ] Setting YT parameters ...
[YT_INFO   ] Setting YT parameters ... done.
[YT_INFO   ] Getting pointer to particle list information ...
[YT_INFO   ] Getting pointer to particle list information  ... done.
[YT_INFO   ] Getting pointer to field list information ...
[YT_INFO   ] Getting pointer to field list information  ... done.
[YT_INFO   ] Getting pointer to local grids information ...
[YT_INFO   ] Getting pointer to local grids information  ... done.
[YT_INFO   ] Loading full hierarchy and local data to libyt ...
[YT_INFO   ] Loading full hierarchy and local data ... done.
[YT_INFO   ] Performing YT inline analysis yt_inline_func() ...
[YT_INFO   ] Performing YT inline analysis yt_inline_func() ... done.
Level[0]: dt = 0.00266451  0.00266451 (0.00266451/0.00266451)
PrepareGreens: Start = 0 0 36  Dim = 32 52 38
PrepareGreens: Start = 0 0 0  Dim = 32 52 36
Level[1]: dt = 0.00266451  0.026586 (0.00266451/0.00266451)
Level[2]: dt = 0.00266451  0.0130847 (0.00266451/0.00266451)
Level[3]: dt = 0.00266451  0.00633163 (0.00266451/0.00266451)
Level[4]: dt = 0.00266451  0.00312047 (0.00266451/0.00266451)
Level[5]: dt = 0.00158221  0.00158221 (0.00158221/0.00266451)
RebuildHierarchy: level = 5
TransferSubgridParticles[5]: Moved 0 particles, 0 stars, 0 active particles.
DetermineSGSize: MaxSubgridSize = 2000, MinSubgridEdge = 4, ncells = 5888
RebuildHierarchy[5]: Flagged 0/17 grids. 0 flagged cells
Level[5]: dt = 0.0010823  0.00162115 (0.00266451/0.00266451)
EvolveLevel[5]: NumberOfSubCycles = 2 (616 total, 2 sub)
EvolveLevel[4]: NumberOfSubCycles = 1 (272 total, 1 sub)
EvolveLevel[3]: NumberOfSubCycles = 1 (134 total, 1 sub)
EvolveLevel[2]: NumberOfSubCycles = 1 (52 total, 1 sub)
EvolveLevel[1]: NumberOfSubCycles = 1 (23 total, 1 sub)
EvolveLevel[0]: NumberOfSubCycles = 1 (12 total, 12 sub)
RebuildHierarchy: level = 0
CommunicationTransferParticles: moved = 177545
CommunicationTransferStars: moved = 0
CommunicationTransferActiveParticles: moved = 0
DetermineSGSize: MaxSubgridSize = 2000, MinSubgridEdge = 4, ncells = 5955944
RebuildHierarchy[0]: Flagged 593/1120 grids. 388386 flagged cells
LoadBalance: Number of grids moved = 4632 out of 4679 (0.0188054 seconds elapsed)
DetermineSGSize: MaxSubgridSize = 2000, MinSubgridEdge = 4, ncells = 332336
RebuildHierarchy[1]: Flagged 327/4679 grids. 24439 flagged cells
LoadBalance: Number of grids moved = 399 out of 402 (0.00153103 seconds elapsed)
DetermineSGSize: MaxSubgridSize = 2000, MinSubgridEdge = 4, ncells = 58760
RebuildHierarchy[2]: Flagged 84/402 grids. 4816 flagged cells
LoadBalance: Number of grids moved = 90 out of 90 (0.00117845 seconds elapsed)
DetermineSGSize: MaxSubgridSize = 2000, MinSubgridEdge = 4, ncells = 11016
RebuildHierarchy[3]: Flagged 27/90 grids. 1133 flagged cells
LoadBalance: Number of grids moved = 27 out of 29 (3.0674e-05 seconds elapsed)
DetermineSGSize: MaxSubgridSize = 2000, MinSubgridEdge = 4, ncells = 5888
RebuildHierarchy[4]: Flagged 17/29 grids. 689 flagged cells
LoadBalance: Number of grids moved = 16 out of 17 (2.20574e-05 seconds elapsed)
DetermineSGSize: MaxSubgridSize = 2000, MinSubgridEdge = 4, ncells = 5888
RebuildHierarchy[5]: Flagged 0/17 grids. 0 flagged cells
CPUTime-output: Frac = 0.999940, Current = 663.425 (662.684), Stop = 2592000.000000, Last = 156.054
REDSHIFT dump: ./z_0013/z_
WriteAllData: writing group file ./z_0013/z_0013.cpu0000
REDSHIFT dump: dumpdirname=(./z_0013) == unixresult=0
[YT_INFO   ] Setting YT parameters ...
[YT_INFO   ] Setting YT parameters ... done.
[YT_INFO   ] Getting pointer to particle list information ...
[YT_INFO   ] Getting pointer to particle list information  ... done.
[YT_INFO   ] Getting pointer to field list information ...
[YT_INFO   ] Getting pointer to field list information  ... done.
[YT_INFO   ] Getting pointer to local grids information ...
[YT_INFO   ] Getting pointer to local grids information  ... done.
[YT_INFO   ] Loading full hierarchy and local data to libyt ...
[YT_INFO   ] Loading full hierarchy and local data ... done.
[YT_INFO   ] Performing YT inline analysis yt_inline_func() ...
[YT_INFO   ] Performing YT inline analysis yt_inline_func() ... done.
Level[0]: dt = 0.054158  0.054158 (0.054158/0.054158)
Level[1]: dt = 0.0265902  0.0265902 (0.0265902/0.054158)
Level[2]: dt = 0.013086  0.013086 (0.013086/0.0265902)
Level[3]: dt = 0.00633177  0.00633177 (0.00633177/0.013086)
Level[4]: dt = 0.00312037  0.00312037 (0.00312037/0.00633177)
Level[5]: dt = 0.00162182  0.00162182 (0.00162182/0.00312037)
RebuildHierarchy: level = 5
TransferSubgridParticles[5]: Moved 0 particles, 0 stars, 0 active particles.
DetermineSGSize: MaxSubgridSize = 2000, MinSubgridEdge = 4, ncells = 5928
RebuildHierarchy[5]: Flagged 0/17 grids. 0 flagged cells
Level[5]: dt = 0.00149855  0.00162256 (0.00312037/0.00312037)
EvolveLevel[5]: NumberOfSubCycles = 2 (618 total, 2 sub)
RebuildHierarchy: level = 4
TransferSubgridParticles[4]: Moved 1 particles, 0 stars, 0 active particles.
DetermineSGSize: MaxSubgridSize = 2000, MinSubgridEdge = 4, ncells = 5928
RebuildHierarchy[4]: Flagged 17/29 grids. 709 flagged cells
LoadBalance: Number of grids moved = 16 out of 17 (2.23704e-05 seconds elapsed)
DetermineSGSize: MaxSubgridSize = 2000, MinSubgridEdge = 4, ncells = 5928
RebuildHierarchy[5]: Flagged 0/17 grids. 0 flagged cells
Level[4]: dt = 0.0032114  0.00312079 (0.00633177/0.00633177)
Level[5]: dt = 0.00162332  0.00162332 (0.00162332/0.0032114)
RebuildHierarchy: level = 5
TransferSubgridParticles[5]: Moved 0 particles, 0 stars, 0 active particles.
DetermineSGSize: MaxSubgridSize = 2000, MinSubgridEdge = 4, ncells = 6152
RebuildHierarchy[5]: Flagged 0/17 grids. 0 flagged cells
Level[5]: dt = 0.00158808  0.00162416 (0.0032114/0.0032114)
EvolveLevel[5]: NumberOfSubCycles = 2 (620 total, 2 sub)
EvolveLevel[4]: NumberOfSubCycles = 2 (274 total, 2 sub)
RebuildHierarchy: level = 3
TransferSubgridParticles[3]: Moved 325 particles, 0 stars, 0 active particles.
DetermineSGSize: MaxSubgridSize = 2000, MinSubgridEdge = 4, ncells = 10976
RebuildHierarchy[3]: Flagged 27/90 grids. 1167 flagged cells
LoadBalance: Number of grids moved = 27 out of 29 (3.11919e-05 seconds elapsed)
DetermineSGSize: MaxSubgridSize = 2000, MinSubgridEdge = 4, ncells = 6152
RebuildHierarchy[4]: Flagged 17/29 grids. 697 flagged cells
LoadBalance: Number of grids moved = 16 out of 17 (2.3745e-05 seconds elapsed)
DetermineSGSize: MaxSubgridSize = 2000, MinSubgridEdge = 4, ncells = 6152
RebuildHierarchy[5]: Flagged 0/17 grids. 0 flagged cells
Level[3]: dt = 0.00633237  0.00633237 (0.0126641/0.013086)
Level[4]: dt = 0.0031216  0.0031216 (0.0031216/0.00633237)
Level[5]: dt = 0.00162491  0.00162491 (0.00162491/0.0031216)
RebuildHierarchy: level = 5
TransferSubgridParticles[5]: Moved 0 particles, 0 stars, 0 active particles.
DetermineSGSize: MaxSubgridSize = 2000, MinSubgridEdge = 4, ncells = 6032
RebuildHierarchy[5]: Flagged 0/17 grids. 0 flagged cells
Level[5]: dt = 0.0014967  0.00162596 (0.0031216/0.0031216)
EvolveLevel[5]: NumberOfSubCycles = 2 (622 total, 2 sub)
RebuildHierarchy: level = 4
TransferSubgridParticles[4]: Moved 1 particles, 0 stars, 0 active particles.
DetermineSGSize: MaxSubgridSize = 2000, MinSubgridEdge = 4, ncells = 6032
RebuildHierarchy[4]: Flagged 17/29 grids. 706 flagged cells
LoadBalance: Number of grids moved = 16 out of 17 (2.2199e-05 seconds elapsed)
DetermineSGSize: MaxSubgridSize = 2000, MinSubgridEdge = 4, ncells = 6032
RebuildHierarchy[5]: Flagged 0/17 grids. 0 flagged cells
Level[4]: dt = 0.00321076  0.00312297 (0.00633237/0.00633237)
Level[5]: dt = 0.00162705  0.00162705 (0.00162705/0.00321076)
RebuildHierarchy: level = 5
TransferSubgridParticles[5]: Moved 0 particles, 0 stars, 0 active particles.
DetermineSGSize: MaxSubgridSize = 2000, MinSubgridEdge = 4, ncells = 6128
RebuildHierarchy[5]: Flagged 0/17 grids. 0 flagged cells
Level[5]: dt = 0.00158371  0.00162814 (0.00321076/0.00321076)
EvolveLevel[5]: NumberOfSubCycles = 2 (624 total, 2 sub)
EvolveLevel[4]: NumberOfSubCycles = 2 (276 total, 2 sub)
Level[3]: dt = 0.000421834  0.00633296 (0.013086/0.013086)
Level[4]: dt = 0.000421834  0.00312474 (0.000421834/0.000421834)
Level[5]: dt = 0.000421834  0.00162954 (0.000421834/0.000421834)
EvolveLevel[5]: NumberOfSubCycles = 1 (625 total, 1 sub)
EvolveLevel[4]: NumberOfSubCycles = 1 (277 total, 1 sub)
EvolveLevel[3]: NumberOfSubCycles = 3 (137 total, 3 sub)
RebuildHierarchy: level = 2
TransferSubgridParticles[2]: Moved 2384 particles, 0 stars, 0 active particles.
DetermineSGSize: MaxSubgridSize = 2000, MinSubgridEdge = 4, ncells = 62152
RebuildHierarchy[2]: Flagged 86/402 grids. 4881 flagged cells
LoadBalance: Number of grids moved = 92 out of 92 (0.00133182 seconds elapsed)
DetermineSGSize: MaxSubgridSize = 2000, MinSubgridEdge = 4, ncells = 11360
RebuildHierarchy[3]: Flagged 27/92 grids. 1180 flagged cells
LoadBalance: Number of grids moved = 27 out of 29 (2.8763e-05 seconds elapsed)
DetermineSGSize: MaxSubgridSize = 2000, MinSubgridEdge = 4, ncells = 6128
RebuildHierarchy[4]: Flagged 17/29 grids. 726 flagged cells
LoadBalance: Number of grids moved = 16 out of 17 (2.129e-05 seconds elapsed)
DetermineSGSize: MaxSubgridSize = 2000, MinSubgridEdge = 4, ncells = 6128
RebuildHierarchy[5]: Flagged 0/17 grids. 0 flagged cells
Level[2]: dt = 0.0135042  0.0130928 (0.0265902/0.0265902)
Level[3]: dt = 0.00633298  0.00633298 (0.00633298/0.0135042)
Level[4]: dt = 0.00312502  0.00312502 (0.00312502/0.00633298)
Level[5]: dt = 0.00162992  0.00162992 (0.00162992/0.00312502)
RebuildHierarchy: level = 5
TransferSubgridParticles[5]: Moved 0 particles, 0 stars, 0 active particles.
DetermineSGSize: MaxSubgridSize = 2000, MinSubgridEdge = 4, ncells = 6320
RebuildHierarchy[5]: Flagged 0/17 grids. 0 flagged cells
Level[5]: dt = 0.0014951  0.00163135 (0.00312502/0.00312502)
EvolveLevel[5]: NumberOfSubCycles = 2 (627 total, 2 sub)
RebuildHierarchy: level = 4
TransferSubgridParticles[4]: Moved 1 particles, 0 stars, 0 active particles.
DetermineSGSize: MaxSubgridSize = 2000, MinSubgridEdge = 4, ncells = 6320
RebuildHierarchy[4]: Flagged 17/29 grids. 718 flagged cells
LoadBalance: Number of grids moved = 16 out of 17 (2.18712e-05 seconds elapsed)
DetermineSGSize: MaxSubgridSize = 2000, MinSubgridEdge = 4, ncells = 6320
RebuildHierarchy[5]: Flagged 0/17 grids. 0 flagged cells
Level[4]: dt = 0.00320796  0.00312725 (0.00633298/0.00633298)
Level[5]: dt = 0.00163264  0.00163264 (0.00163264/0.00320796)
RebuildHierarchy: level = 5
TransferSubgridParticles[5]: Moved 0 particles, 0 stars, 0 active particles.
DetermineSGSize: MaxSubgridSize = 2000, MinSubgridEdge = 4, ncells = 6160
RebuildHierarchy[5]: Flagged 0/17 grids. 0 flagged cells
Level[5]: dt = 0.00157531  0.00163394 (0.00320796/0.00320796)
EvolveLevel[5]: NumberOfSubCycles = 2 (629 total, 2 sub)
EvolveLevel[4]: NumberOfSubCycles = 2 (279 total, 2 sub)
RebuildHierarchy: level = 3
TransferSubgridParticles[3]: Moved 6 particles, 0 stars, 0 active particles.
DetermineSGSize: MaxSubgridSize = 2000, MinSubgridEdge = 4, ncells = 11536
RebuildHierarchy[3]: Flagged 27/92 grids. 1175 flagged cells
LoadBalance: Number of grids moved = 27 out of 29 (2.83979e-05 seconds elapsed)
DetermineSGSize: MaxSubgridSize = 2000, MinSubgridEdge = 4, ncells = 6160
RebuildHierarchy[4]: Flagged 16/29 grids. 700 flagged cells
LoadBalance: Number of grids moved = 15 out of 16 (2.27802e-05 seconds elapsed)
DetermineSGSize: MaxSubgridSize = 2000, MinSubgridEdge = 4, ncells = 6160
RebuildHierarchy[5]: Flagged 0/16 grids. 0 flagged cells
Level[3]: dt = 0.00633371  0.00633371 (0.0126667/0.0135042)
Level[4]: dt = 0.00312968  0.00312968 (0.00312968/0.00633371)
Level[5]: dt = 0.00163529  0.00163529 (0.00163529/0.00312968)
RebuildHierarchy: level = 5
TransferSubgridParticles[5]: Moved 0 particles, 0 stars, 0 active particles.
DetermineSGSize: MaxSubgridSize = 2000, MinSubgridEdge = 4, ncells = 6016
RebuildHierarchy[5]: Flagged 0/16 grids. 0 flagged cells
Level[5]: dt = 0.00149439  0.00163646 (0.00312968/0.00312968)
EvolveLevel[5]: NumberOfSubCycles = 2 (631 total, 2 sub)
RebuildHierarchy: level = 4
TransferSubgridParticles[4]: Moved 0 particles, 0 stars, 0 active particles.
DetermineSGSize: MaxSubgridSize = 2000, MinSubgridEdge = 4, ncells = 6016
RebuildHierarchy[4]: Flagged 16/29 grids. 691 flagged cells
LoadBalance: Number of grids moved = 15 out of 16 (2.27168e-05 seconds elapsed)
DetermineSGSize: MaxSubgridSize = 2000, MinSubgridEdge = 4, ncells = 6016
RebuildHierarchy[5]: Flagged 0/16 grids. 0 flagged cells
Level[4]: dt = 0.00298525  0.00298525 (0.00611493/0.00633371)
Level[5]: dt = 0.0016373  0.0016373 (0.0016373/0.00298525)
RebuildHierarchy: level = 5
TransferSubgridParticles[5]: Moved 0 particles, 0 stars, 0 active particles.
DetermineSGSize: MaxSubgridSize = 2000, MinSubgridEdge = 4, ncells = 5920
RebuildHierarchy[5]: Flagged 0/16 grids. 0 flagged cells
Level[5]: dt = 0.00134795  0.00163589 (0.00298525/0.00298525)
EvolveLevel[5]: NumberOfSubCycles = 2 (633 total, 2 sub)
Level[4]: dt = 0.000218779  0.00313233 (0.00633371/0.00633371)
Level[5]: dt = 0.000218779  0.00163448 (0.000218779/0.000218779)
EvolveLevel[5]: NumberOfSubCycles = 1 (634 total, 1 sub)
EvolveLevel[4]: NumberOfSubCycles = 3 (282 total, 3 sub)
Level[3]: dt = 0.000837534  0.0063343 (0.0135042/0.0135042)
Level[4]: dt = 0.000837534  0.00313233 (0.000837534/0.000837534)
Level[5]: dt = 0.000837534  0.00163371 (0.000837534/0.000837534)
EvolveLevel[5]: NumberOfSubCycles = 1 (635 total, 1 sub)
EvolveLevel[4]: NumberOfSubCycles = 1 (283 total, 1 sub)
EvolveLevel[3]: NumberOfSubCycles = 3 (140 total, 3 sub)
EvolveLevel[2]: NumberOfSubCycles = 2 (54 total, 2 sub)
RebuildHierarchy: level = 1
TransferSubgridParticles[1]: Moved 49658 particles, 0 stars, 0 active particles.
DetermineSGSize: MaxSubgridSize = 2000, MinSubgridEdge = 4, ncells = 336600
RebuildHierarchy[1]: Flagged 331/4679 grids. 24811 flagged cells
LoadBalance: Number of grids moved = 400 out of 403 (0.00168411 seconds elapsed)
DetermineSGSize: MaxSubgridSize = 2000, MinSubgridEdge = 4, ncells = 62312
RebuildHierarchy[2]: Flagged 86/403 grids. 4877 flagged cells
LoadBalance: Number of grids moved = 92 out of 92 (0.00156482 seconds elapsed)
DetermineSGSize: MaxSubgridSize = 2000, MinSubgridEdge = 4, ncells = 11176
RebuildHierarchy[3]: Flagged 27/92 grids. 1196 flagged cells
LoadBalance: Number of grids moved = 27 out of 29 (2.76119e-05 seconds elapsed)
DetermineSGSize: MaxSubgridSize = 2000, MinSubgridEdge = 4, ncells = 5920
RebuildHierarchy[4]: Flagged 16/29 grids. 691 flagged cells
LoadBalance: Number of grids moved = 15 out of 16 (2.15843e-05 seconds elapsed)
DetermineSGSize: MaxSubgridSize = 2000, MinSubgridEdge = 4, ncells = 5920
RebuildHierarchy[5]: Flagged 0/16 grids. 0 flagged cells
Level[1]: dt = 0.0275678  0.0266321 (0.054158/0.054158)
Level[2]: dt = 0.0131006  0.0131006 (0.0131006/0.0275678)
Level[3]: dt = 0.00633435  0.00633435 (0.00633435/0.0131006)
Level[4]: dt = 0.00309329  0.00309329 (0.00309329/0.00633435)
Level[5]: dt = 0.0016308  0.0016308 (0.0016308/0.00309329)
RebuildHierarchy: level = 5
TransferSubgridParticles[5]: Moved 0 particles, 0 stars, 0 active particles.
DetermineSGSize: MaxSubgridSize = 2000, MinSubgridEdge = 4, ncells = 5920
RebuildHierarchy[5]: Flagged 0/16 grids. 0 flagged cells
Level[5]: dt = 0.00146249  0.00162507 (0.00309329/0.00309329)
EvolveLevel[5]: NumberOfSubCycles = 2 (637 total, 2 sub)
RebuildHierarchy: level = 4
TransferSubgridParticles[4]: Moved 0 particles, 0 stars, 0 active particles.
DetermineSGSize: MaxSubgridSize = 2000, MinSubgridEdge = 4, ncells = 5920
RebuildHierarchy[4]: Flagged 16/29 grids. 696 flagged cells
LoadBalance: Number of grids moved = 15 out of 16 (2.14092e-05 seconds elapsed)
DetermineSGSize: MaxSubgridSize = 2000, MinSubgridEdge = 4, ncells = 5920
RebuildHierarchy[5]: Flagged 0/16 grids. 0 flagged cells
Level[4]: dt = 0.00324106  0.00313266 (0.00633435/0.00633435)
Level[5]: dt = 0.00162001  0.00162001 (0.00162001/0.00324106)
RebuildHierarchy: level = 5
TransferSubgridParticles[5]: Moved 0 particles, 0 stars, 0 active particles.
DetermineSGSize: MaxSubgridSize = 2000, MinSubgridEdge = 4, ncells = 5920
RebuildHierarchy[5]: Flagged 0/16 grids. 0 flagged cells
Level[5]: dt = 0.00162105  0.00161461 (0.00324106/0.00324106)
EvolveLevel[5]: NumberOfSubCycles = 2 (639 total, 2 sub)
EvolveLevel[4]: NumberOfSubCycles = 2 (285 total, 2 sub)
RebuildHierarchy: level = 3
TransferSubgridParticles[3]: Moved 7 particles, 0 stars, 0 active particles.
DetermineSGSize: MaxSubgridSize = 2000, MinSubgridEdge = 4, ncells = 11432
RebuildHierarchy[3]: Flagged 27/92 grids. 1206 flagged cells
LoadBalance: Number of grids moved = 27 out of 29 (2.90573e-05 seconds elapsed)
DetermineSGSize: MaxSubgridSize = 2000, MinSubgridEdge = 4, ncells = 5920
RebuildHierarchy[4]: Flagged 16/29 grids. 705 flagged cells
LoadBalance: Number of grids moved = 15 out of 16 (2.14875e-05 seconds elapsed)
DetermineSGSize: MaxSubgridSize = 2000, MinSubgridEdge = 4, ncells = 5920
RebuildHierarchy[5]: Flagged 0/16 grids. 0 flagged cells
Level[3]: dt = 0.00633517  0.00633517 (0.0126695/0.0131006)
Level[4]: dt = 0.00285023  0.00285023 (0.00285023/0.00633517)
Level[5]: dt = 0.00160917  0.00160917 (0.00160917/0.00285023)
RebuildHierarchy: level = 5
TransferSubgridParticles[5]: Moved 0 particles, 0 stars, 0 active particles.
DetermineSGSize: MaxSubgridSize = 2000, MinSubgridEdge = 4, ncells = 6048
RebuildHierarchy[5]: Flagged 0/16 grids. 0 flagged cells
Level[5]: dt = 0.00124105  0.00160403 (0.00285023/0.00285023)
EvolveLevel[5]: NumberOfSubCycles = 2 (641 total, 2 sub)
RebuildHierarchy: level = 4
TransferSubgridParticles[4]: Moved 0 particles, 0 stars, 0 active particles.
DetermineSGSize: MaxSubgridSize = 2000, MinSubgridEdge = 4, ncells = 6048
RebuildHierarchy[4]: Flagged 16/29 grids. 714 flagged cells
LoadBalance: Number of grids moved = 15 out of 16 (2.21729e-05 seconds elapsed)
DetermineSGSize: MaxSubgridSize = 2000, MinSubgridEdge = 4, ncells = 6048
RebuildHierarchy[5]: Flagged 0/16 grids. 0 flagged cells
Level[4]: dt = 0.002596  0.002596 (0.00544623/0.00633517)
Level[5]: dt = 0.00160039  0.00160039 (0.00160039/0.002596)
RebuildHierarchy: level = 5
TransferSubgridParticles[5]: Moved 2 particles, 0 stars, 0 active particles.
DetermineSGSize: MaxSubgridSize = 2000, MinSubgridEdge = 4, ncells = 6176
RebuildHierarchy[5]: Flagged 0/16 grids. 0 flagged cells
Level[5]: dt = 0.000995614  0.00159571 (0.002596/0.002596)
EvolveLevel[5]: NumberOfSubCycles = 2 (643 total, 2 sub)
Level[4]: dt = 0.000888934  0.002779 (0.00633517/0.00633517)
Level[5]: dt = 0.000888934  0.001593 (0.000888934/0.000888934)
EvolveLevel[5]: NumberOfSubCycles = 1 (644 total, 1 sub)
EvolveLevel[4]: NumberOfSubCycles = 3 (288 total, 3 sub)
Level[3]: dt = 0.000431066  0.00633602 (0.0131006/0.0131006)
Level[4]: dt = 0.000431066  0.0028398 (0.000431066/0.000431066)
Level[5]: dt = 0.000431066  0.00159072 (0.000431066/0.000431066)
EvolveLevel[5]: NumberOfSubCycles = 1 (645 total, 1 sub)
EvolveLevel[4]: NumberOfSubCycles = 1 (289 total, 1 sub)
EvolveLevel[3]: NumberOfSubCycles = 3 (143 total, 3 sub)
RebuildHierarchy: level = 2
TransferSubgridParticles[2]: Moved 44 particles, 0 stars, 0 active particles.
DetermineSGSize: MaxSubgridSize = 2000, MinSubgridEdge = 4, ncells = 62120
RebuildHierarchy[2]: Flagged 86/403 grids. 4840 flagged cells
LoadBalance: Number of grids moved = 90 out of 90 (0.00155529 seconds elapsed)
DetermineSGSize: MaxSubgridSize = 2000, MinSubgridEdge = 4, ncells = 11928
RebuildHierarchy[3]: Flagged 27/90 grids. 1194 flagged cells
LoadBalance: Number of grids moved = 27 out of 29 (2.92659e-05 seconds elapsed)
DetermineSGSize: MaxSubgridSize = 2000, MinSubgridEdge = 4, ncells = 6176
RebuildHierarchy[4]: Flagged 16/29 grids. 735 flagged cells
LoadBalance: Number of grids moved = 15 out of 16 (2.35625e-05 seconds elapsed)
DetermineSGSize: MaxSubgridSize = 2000, MinSubgridEdge = 4, ncells = 6176
RebuildHierarchy[5]: Flagged 0/16 grids. 0 flagged cells
Level[2]: dt = 0.0131088  0.0131088 (0.0262094/0.0275678)
Level[3]: dt = 0.00633607  0.00633607 (0.00633607/0.0131088)
Level[4]: dt = 0.00286794  0.00286794 (0.00286794/0.00633607)
Level[5]: dt = 0.00158963  0.00158963 (0.00158963/0.00286794)
RebuildHierarchy: level = 5
TransferSubgridParticles[5]: Moved 1 particles, 0 stars, 0 active particles.
DetermineSGSize: MaxSubgridSize = 2000, MinSubgridEdge = 4, ncells = 6400
RebuildHierarchy[5]: Flagged 0/16 grids. 0 flagged cells
Level[5]: dt = 0.00127831  0.00158563 (0.00286794/0.00286794)
EvolveLevel[5]: NumberOfSubCycles = 2 (647 total, 2 sub)
RebuildHierarchy: level = 4
TransferSubgridParticles[4]: Moved 1 particles, 0 stars, 0 active particles.
DetermineSGSize: MaxSubgridSize = 2000, MinSubgridEdge = 4, ncells = 6400
RebuildHierarchy[4]: Flagged 16/29 grids. 730 flagged cells
LoadBalance: Number of grids moved = 15 out of 16 (2.15583e-05 seconds elapsed)
DetermineSGSize: MaxSubgridSize = 2000, MinSubgridEdge = 4, ncells = 6400
RebuildHierarchy[5]: Flagged 0/16 grids. 0 flagged cells
Level[4]: dt = 0.00305749  0.00305749 (0.00592543/0.00633607)
Level[5]: dt = 0.00158271  0.00158271 (0.00158271/0.00305749)
RebuildHierarchy: level = 5
TransferSubgridParticles[5]: Moved 0 particles, 0 stars, 0 active particles.
DetermineSGSize: MaxSubgridSize = 2000, MinSubgridEdge = 4, ncells = 6400
RebuildHierarchy[5]: Flagged 0/16 grids. 0 flagged cells
Level[5]: dt = 0.00147478  0.00157913 (0.00305749/0.00305749)
EvolveLevel[5]: NumberOfSubCycles = 2 (649 total, 2 sub)
Level[4]: dt = 0.000410644  0.00259831 (0.00633607/0.00633607)
Level[5]: dt = 0.000410644  0.00157604 (0.000410644/0.000410644)
EvolveLevel[5]: NumberOfSubCycles = 1 (650 total, 1 sub)
EvolveLevel[4]: NumberOfSubCycles = 3 (292 total, 3 sub)
RebuildHierarchy: level = 3
TransferSubgridParticles[3]: Moved 6 particles, 0 stars, 0 active particles.
DetermineSGSize: MaxSubgridSize = 2000, MinSubgridEdge = 4, ncells = 11800
RebuildHierarchy[3]: Flagged 28/90 grids. 1218 flagged cells
LoadBalance: Number of grids moved = 28 out of 30 (3.06368e-05 seconds elapsed)
DetermineSGSize: MaxSubgridSize = 2000, MinSubgridEdge = 4, ncells = 6400
RebuildHierarchy[4]: Flagged 16/30 grids. 730 flagged cells
LoadBalance: Number of grids moved = 15 out of 16 (2.17818e-05 seconds elapsed)
DetermineSGSize: MaxSubgridSize = 2000, MinSubgridEdge = 4, ncells = 6400
RebuildHierarchy[5]: Flagged 0/16 grids. 0 flagged cells
Level[3]: dt = 0.00633722  0.00633722 (0.0126733/0.0131088)
Level[4]: dt = 0.00262912  0.00262912 (0.00262912/0.00633722)
Level[5]: dt = 0.00157522  0.00157522 (0.00157522/0.00262912)
RebuildHierarchy: level = 5
TransferSubgridParticles[5]: Moved 0 particles, 0 stars, 0 active particles.
DetermineSGSize: MaxSubgridSize = 2000, MinSubgridEdge = 4, ncells = 6400
RebuildHierarchy[5]: Flagged 0/16 grids. 0 flagged cells
Level[5]: dt = 0.0010539  0.00157207 (0.00262912/0.00262912)
EvolveLevel[5]: NumberOfSubCycles = 2 (652 total, 2 sub)
RebuildHierarchy: level = 4
TransferSubgridParticles[4]: Moved 1 particles, 0 stars, 0 active particles.
DetermineSGSize: MaxSubgridSize = 2000, MinSubgridEdge = 4, ncells = 6400
RebuildHierarchy[4]: Flagged 17/30 grids. 766 flagged cells
LoadBalance: Number of grids moved = 16 out of 17 (2.20649e-05 seconds elapsed)
DetermineSGSize: MaxSubgridSize = 2000, MinSubgridEdge = 4, ncells = 6400
RebuildHierarchy[5]: Flagged 0/17 grids. 0 flagged cells
Level[4]: dt = 0.00280862  0.00280862 (0.00543774/0.00633722)
Level[5]: dt = 0.00157011  0.00157011 (0.00157011/0.00280862)
RebuildHierarchy: level = 5
TransferSubgridParticles[5]: Moved 0 particles, 0 stars, 0 active particles.
DetermineSGSize: MaxSubgridSize = 2000, MinSubgridEdge = 4, ncells = 6768
RebuildHierarchy[5]: Flagged 0/17 grids. 0 flagged cells
Level[5]: dt = 0.00123851  0.00156743 (0.00280862/0.00280862)
EvolveLevel[5]: NumberOfSubCycles = 2 (654 total, 2 sub)
Level[4]: dt = 0.000899481  0.00271667 (0.00633722/0.00633722)
Level[5]: dt = 0.000899481  0.00156548 (0.000899481/0.000899481)
EvolveLevel[5]: NumberOfSubCycles = 1 (655 total, 1 sub)
EvolveLevel[4]: NumberOfSubCycles = 3 (295 total, 3 sub)
Level[3]: dt = 0.000435553  0.00633855 (0.0131088/0.0131088)
Level[4]: dt = 0.000435553  0.0026839 (0.000435553/0.000435553)
Level[5]: dt = 0.000435553  0.00156418 (0.000435553/0.000435553)
EvolveLevel[5]: NumberOfSubCycles = 1 (656 total, 1 sub)
EvolveLevel[4]: NumberOfSubCycles = 1 (296 total, 1 sub)
EvolveLevel[3]: NumberOfSubCycles = 3 (146 total, 3 sub)
Level[2]: dt = 0.00135834  0.0131179 (0.0275678/0.0275678)
Level[3]: dt = 0.00135834  0.00633863 (0.00135834/0.00135834)
Level[4]: dt = 0.00135834  0.00272674 (0.00135834/0.00135834)
Level[5]: dt = 0.00135834  0.00156356 (0.00135834/0.00135834)
EvolveLevel[5]: NumberOfSubCycles = 1 (657 total, 1 sub)
EvolveLevel[4]: NumberOfSubCycles = 1 (297 total, 1 sub)
EvolveLevel[3]: NumberOfSubCycles = 1 (147 total, 1 sub)
EvolveLevel[2]: NumberOfSubCycles = 3 (57 total, 3 sub)
EvolveLevel[1]: NumberOfSubCycles = 2 (25 total, 2 sub)
EvolveLevel[0]: NumberOfSubCycles = 1 (13 total, 13 sub)
CPUTime-output: Frac = 0.999991, Current = 685.205 (685.205), Stop = 2592000.000000, Last = 22.5215
[YT_INFO   ] Setting YT parameters ...
[YT_INFO   ] Setting YT parameters ... done.
[YT_INFO   ] Getting pointer to particle list information ...
[YT_INFO   ] Getting pointer to particle list information  ... done.
[YT_INFO   ] Getting pointer to field list information ...
[YT_INFO   ] Getting pointer to field list information  ... done.
[YT_INFO   ] Getting pointer to local grids information ...
[YT_INFO   ] Getting pointer to local grids information  ... done.
[YT_INFO   ] Loading full hierarchy and local data to libyt ...
[YT_INFO   ] Loading full hierarchy and local data ... done.
[YT_INFO   ] Performing YT inline analysis yt_inline_func() ...
[YT_INFO   ] Performing YT inline analysis yt_inline_func() ... done.
Level[0]: dt = 0.0542382  0.0542382 (0.0542382/0.0542382)
PrepareGreens: Start = 0 0 36  Dim = 32 52 38
PrepareGreens: Start = 0 0 0  Dim = 32 52 36
Level[1]: dt = 0.0266751  0.0266751 (0.0266751/0.0542382)
Level[2]: dt = 0.0131188  0.0131188 (0.0131188/0.0266751)
Level[3]: dt = 0.0063389  0.0063389 (0.0063389/0.0131188)
Level[4]: dt = 0.00274531  0.00274531 (0.00274531/0.0063389)
Level[5]: dt = 0.00156168  0.00156168 (0.00156168/0.00274531)
RebuildHierarchy: level = 5
TransferSubgridParticles[5]: Moved 0 particles, 0 stars, 0 active particles.
DetermineSGSize: MaxSubgridSize = 2000, MinSubgridEdge = 4, ncells = 6768
RebuildHierarchy[5]: Flagged 0/17 grids. 0 flagged cells
Level[5]: dt = 0.00118363  0.00155978 (0.00274531/0.00274531)
EvolveLevel[5]: NumberOfSubCycles = 2 (659 total, 2 sub)
RebuildHierarchy: level = 4
TransferSubgridParticles[4]: Moved 1 particles, 0 stars, 0 active particles.
DetermineSGSize: MaxSubgridSize = 2000, MinSubgridEdge = 4, ncells = 6768
RebuildHierarchy[4]: Flagged 17/30 grids. 760 flagged cells
LoadBalance: Number of grids moved = 16 out of 17 (2.2769e-05 seconds elapsed)
DetermineSGSize: MaxSubgridSize = 2000, MinSubgridEdge = 4, ncells = 6768
RebuildHierarchy[5]: Flagged 0/17 grids. 0 flagged cells
Level[4]: dt = 0.00269336  0.00269336 (0.00543868/0.0063389)
Level[5]: dt = 0.00155833  0.00155833 (0.00155833/0.00269336)
RebuildHierarchy: level = 5
