=== libyt environment ready ===
  python:    /work2/11056/zwu/frontera/miniconda3/envs/libyt/bin/python
  numpy can find libstdc++ with GLIBCXX_3.4.29:
2
  ✓ found GLIBCXX_3.4.29 in conda libstdc++
  LIBYT_HOME: /work2/11056/zwu/frontera/enzo_gh/libyt_dev/libyt/install
================================
=== Running libyt STARNET ===
/work2/11056/zwu/frontera/miniconda3/envs/libyt/bin/python
/opt/intel/compilers_and_libraries_2020.4.304/linux/mpi/intel64/bin/mpirun
Restarting from z_0012/
TACC:  Starting up job 7831969 
TACC:  Starting parallel tasks... 
bash initiated
Environmental variables loaded
Aliases loaded
bash initiated
Environmental variables loaded
Aliases loaded
bash initiated
Environmental variables loaded
Aliases loaded
bash initiated
Environmental variables loaded
Aliases loaded
bash initiated
Environmental variables loaded
Aliases loaded
bash initiated
Environmental variables loaded
Aliases loaded
bash initiated
Environmental variables loaded
Aliases loaded
bash initiated
Environmental variables loaded
Aliases loaded
bash initiated
Environmental variables loaded
Aliases loaded
MPI_Init: NumberOfProcessors = 560
Reading parameter file z_0012/z_0012

The Grackle Version 3.4.2-dev
Git Branch   main
Git Revision ec36984d6d43a0ded2a9174211c11f86e0b61e99

Initializing grackle data.
Initializing UV background.
Reading UV background data from CloudyData_UVB=HM2012_shielded_Incatasciato2023_LWB.h5.
UV background information:
  Haardt & Madau (2012, ApJ, 746, 125) [Galaxies & Quasars]
  z_min =  0.000
  z_max = 30.000
Grackle run-time parameters:
use_grackle                       = 1
with_radiative_cooling            = 1
primordial_chemistry              = 2
dust_chemistry                    = 0
metal_cooling                     = 3
UVbackground                      = 1
grackle_data_file                 = CloudyData_UVB=HM2012_shielded_Incatasciato2023_LWB.h5
cmb_temperature_floor             = 1
Gamma                             = 1.6667
h2_on_dust                        = 0
use_dust_density_field            = 0
dust_recombination_cooling        = -1
photoelectric_heating             = 0
photoelectric_heating_rate        = 8.5e-26
use_isrf_field                    = 0
interstellar_radiation_field      = 1.7
use_volumetric_heating_rate       = 0
use_specific_heating_rate         = 0
use_temperature_floor             = 0
temperature_floor_scalar          = 0
three_body_rate                   = 0
cie_cooling                       = 0
h2_optical_depth_approximation    = 0
ih2co                             = 1
ipiht                             = 1
HydrogenFractionByMass            = 0.73
DeuteriumToHydrogenRatio          = 6.8e-05
SolarMetalFractionByMass          = 0.01295
local_dust_to_gas_ratio           = 0.009387
CaseBRecombination                = 0
NumberOfTemperatureBins           = 600
TemperatureStart                  = 1
TemperatureEnd                    = 1e+09
NumberOfDustTemperatureBins       = 250
DustTemperatureStart              = 1
DustTemperatureEnd                = 1500
Compton_xray_heating              = 0
LWbackground_sawtooth_suppression = 0
LWbackground_intensity            = 0
UVbackground_redshift_on          = 30
UVbackground_redshift_off         = 0
UVbackground_redshift_fullon      = 7
UVbackground_redshift_drop        = 0
cloudy_electron_fraction_factor   = 0.00915396
use_radiative_transfer            = 0
radiative_transfer_coupled_rate_solver = 0
radiative_transfer_intermediate_step = 0
radiative_transfer_hydrogen_only  = 0
self_shielding_method             = 1
H2_self_shielding                 = 0
H2_custom_shielding               = 0
h2_charge_exchange_rate           = 1
h2_dust_rate                      = 1
h2_h_cooling_rate                 = 1
collisional_excitation_rates      = 1
collisional_ionisation_rates      = 1
recombination_cooling_rates       = 1
bremsstrahlung_cooling_rates      = 1
max_iterations                    = 10000
exit_after_iterations_exceeded    = 0
omp_nthreads                      = 0
OpenMP: off
WARNING! PartitionNestedGrids = 1 forces Parallel IO = 1
Initialdt in ReadParameterFile = 0.000000e+00
DetermineNumberOfNodes: 10 nodes, 56 cores per node
OPEN data hierarchy z_0012/z_0012.hierarchy
Initializing libyt interface
[YT_INFO   ] ******libyt version******
[YT_INFO   ]          0.5.0
[YT_INFO   ]   SERIAL_MODE: OFF
[YT_INFO   ]   INTERACTIVE_MODE: ON
[YT_INFO   ]   JUPYTER_KERNEL: OFF
[YT_INFO   ]   SUPPORT_TIMER: OFF
[YT_INFO   ] *************************
[YT_INFO   ] Initializing libyt ...
[YT_INFO   ]    verbose = 1
[YT_INFO   ]     script = inline
[YT_INFO   ]    counter = 0
[YT_INFO   ] check_data = false
[YT_INFO   ] Importing YT inline analysis script "inline" ... done
CPUTime-output: Frac = 1.000000, Current = 0.178488 (0), Stop = 2592000.000000, Last = 0
[YT_INFO   ] Setting YT parameters ...
[YT_INFO   ] Setting YT parameters ... done.
[YT_INFO   ] Getting pointer to particle list information ...
[YT_INFO   ] Getting pointer to particle list information  ... done.
[YT_INFO   ] Getting pointer to field list information ...
[YT_INFO   ] Getting pointer to field list information  ... done.
[YT_INFO   ] Getting pointer to local grids information ...
[YT_INFO   ] Getting pointer to local grids information  ... done.
[YT_INFO   ] Loading full hierarchy and local data to libyt ...
[YT_INFO   ] Loading full hierarchy and local data ... done.
[YT_INFO   ] Performing YT inline analysis yt_inline_func() ...
[YT_INFO   ] Performing YT inline analysis yt_inline_func() ... done.
RebuildHierarchy: level = 0
CommunicationTransferParticles: moved = 137077
CommunicationTransferStars: moved = 0
CommunicationTransferActiveParticles: moved = 0
DetermineSGSize: MaxSubgridSize = 2000, MinSubgridEdge = 4, ncells = 5054128
RebuildHierarchy[0]: Flagged 559/1120 grids. 330541 flagged cells
LoadBalance: Number of grids moved = 4045 out of 4103 (0.0201273 seconds elapsed)
DetermineSGSize: MaxSubgridSize = 2000, MinSubgridEdge = 4, ncells = 249880
RebuildHierarchy[1]: Flagged 261/4103 grids. 18316 flagged cells
LoadBalance: Number of grids moved = 310 out of 312 (0.00132988 seconds elapsed)
DetermineSGSize: MaxSubgridSize = 2000, MinSubgridEdge = 4, ncells = 40664
RebuildHierarchy[2]: Flagged 61/312 grids. 3253 flagged cells
LoadBalance: Number of grids moved = 67 out of 67 (0.00137981 seconds elapsed)
DetermineSGSize: MaxSubgridSize = 2000, MinSubgridEdge = 4, ncells = 6200
RebuildHierarchy[3]: Flagged 20/67 grids. 702 flagged cells
LoadBalance: Number of grids moved = 19 out of 20 (2.33762e-05 seconds elapsed)
DetermineSGSize: MaxSubgridSize = 2000, MinSubgridEdge = 4, ncells = 3920
RebuildHierarchy[4]: Flagged 11/20 grids. 456 flagged cells
LoadBalance: Number of grids moved = 11 out of 11 (0.000588074 seconds elapsed)
DetermineSGSize: MaxSubgridSize = 2000, MinSubgridEdge = 4, ncells = 3920
RebuildHierarchy[5]: Flagged 0/11 grids. 0 flagged cells
grid:SetNumberOfColours: NEQ_HYDRO = 6, NSpecies = 9, NColor = 0
Level[0]: dt = 0.0628872  0.0628872 (0.0628872/0.0628872)
PrepareGreens: Start = 0 0 36  Dim = 32 52 38
PrepareGreens: Start = 0 0 0  Dim = 32 52 36
Level[1]: dt = 0.0320105  0.0320105 (0.0320105/0.0628872)
Level[2]: dt = 0.0165096  0.0165096 (0.0165096/0.0320105)
Level[3]: dt = 0.00807199  0.00807199 (0.00807199/0.0165096)
Level[4]: dt = 0.00392272  0.00392272 (0.00392272/0.00807199)
Level[5]: dt = 0.00177484  0.00177484 (0.00177484/0.00392272)
RebuildHierarchy: level = 5
TransferSubgridParticles[5]: Moved 0 particles, 0 stars, 0 active particles.
DetermineSGSize: MaxSubgridSize = 2000, MinSubgridEdge = 4, ncells = 3920
RebuildHierarchy[5]: Flagged 0/11 grids. 0 flagged cells
Level[5]: dt = 0.00177481  0.00177481 (0.00354965/0.00392272)
RebuildHierarchy: level = 5
TransferSubgridParticles[5]: Moved 0 particles, 0 stars, 0 active particles.
DetermineSGSize: MaxSubgridSize = 2000, MinSubgridEdge = 4, ncells = 3920
RebuildHierarchy[5]: Flagged 0/11 grids. 0 flagged cells
Level[5]: dt = 0.000373077  0.00177486 (0.00392272/0.00392272)
EvolveLevel[5]: NumberOfSubCycles = 3 (3 total, 3 sub)
RebuildHierarchy: level = 4
TransferSubgridParticles[4]: Moved 1 particles, 0 stars, 0 active particles.
DetermineSGSize: MaxSubgridSize = 2000, MinSubgridEdge = 4, ncells = 3920
RebuildHierarchy[4]: Flagged 11/20 grids. 465 flagged cells
LoadBalance: Number of grids moved = 11 out of 11 (0.000646554 seconds elapsed)
DetermineSGSize: MaxSubgridSize = 2000, MinSubgridEdge = 4, ncells = 3920
RebuildHierarchy[5]: Flagged 0/11 grids. 0 flagged cells
Level[4]: dt = 0.00392437  0.00392437 (0.00784709/0.00807199)
Level[5]: dt = 0.00177486  0.00177486 (0.00177486/0.00392437)
RebuildHierarchy: level = 5
TransferSubgridParticles[5]: Moved 0 particles, 0 stars, 0 active particles.
DetermineSGSize: MaxSubgridSize = 2000, MinSubgridEdge = 4, ncells = 4016
RebuildHierarchy[5]: Flagged 0/11 grids. 0 flagged cells
Level[5]: dt = 0.0017753  0.0017753 (0.00355016/0.00392437)
RebuildHierarchy: level = 5
TransferSubgridParticles[5]: Moved 1 particles, 0 stars, 0 active particles.
DetermineSGSize: MaxSubgridSize = 2000, MinSubgridEdge = 4, ncells = 4016
RebuildHierarchy[5]: Flagged 0/11 grids. 0 flagged cells
Level[5]: dt = 0.000374204  0.00177596 (0.00392437/0.00392437)
EvolveLevel[5]: NumberOfSubCycles = 3 (6 total, 3 sub)
Level[4]: dt = 0.000224899  0.0039296 (0.00807199/0.00807199)
Level[5]: dt = 0.000224899  0.00177608 (0.000224899/0.000224899)
EvolveLevel[5]: NumberOfSubCycles = 1 (7 total, 1 sub)
EvolveLevel[4]: NumberOfSubCycles = 3 (3 total, 3 sub)
RebuildHierarchy: level = 3
TransferSubgridParticles[3]: Moved 233 particles, 0 stars, 0 active particles.
DetermineSGSize: MaxSubgridSize = 2000, MinSubgridEdge = 4, ncells = 5984
RebuildHierarchy[3]: Flagged 20/67 grids. 705 flagged cells
LoadBalance: Number of grids moved = 19 out of 20 (2.30633e-05 seconds elapsed)
DetermineSGSize: MaxSubgridSize = 2000, MinSubgridEdge = 4, ncells = 4016
RebuildHierarchy[4]: Flagged 11/20 grids. 465 flagged cells
LoadBalance: Number of grids moved = 11 out of 11 (0.000521656 seconds elapsed)
DetermineSGSize: MaxSubgridSize = 2000, MinSubgridEdge = 4, ncells = 4016
RebuildHierarchy[5]: Flagged 0/11 grids. 0 flagged cells
Level[3]: dt = 0.00843761  0.0080586 (0.0165096/0.0165096)
Level[4]: dt = 0.00392999  0.00392999 (0.00392999/0.00843761)
Level[5]: dt = 0.00177616  0.00177616 (0.00177616/0.00392999)
RebuildHierarchy: level = 5
TransferSubgridParticles[5]: Moved 0 particles, 0 stars, 0 active particles.
DetermineSGSize: MaxSubgridSize = 2000, MinSubgridEdge = 4, ncells = 4016
RebuildHierarchy[5]: Flagged 0/11 grids. 0 flagged cells
Level[5]: dt = 0.00177716  0.00177716 (0.00355333/0.00392999)
RebuildHierarchy: level = 5
TransferSubgridParticles[5]: Moved 0 particles, 0 stars, 0 active particles.
DetermineSGSize: MaxSubgridSize = 2000, MinSubgridEdge = 4, ncells = 4016
RebuildHierarchy[5]: Flagged 0/11 grids. 0 flagged cells
Level[5]: dt = 0.000376663  0.00177831 (0.00392999/0.00392999)
EvolveLevel[5]: NumberOfSubCycles = 3 (10 total, 3 sub)
RebuildHierarchy: level = 4
TransferSubgridParticles[4]: Moved 0 particles, 0 stars, 0 active particles.
DetermineSGSize: MaxSubgridSize = 2000, MinSubgridEdge = 4, ncells = 4016
RebuildHierarchy[4]: Flagged 11/20 grids. 465 flagged cells
LoadBalance: Number of grids moved = 11 out of 11 (0.000619918 seconds elapsed)
DetermineSGSize: MaxSubgridSize = 2000, MinSubgridEdge = 4, ncells = 4016
RebuildHierarchy[5]: Flagged 0/11 grids. 0 flagged cells
Level[4]: dt = 0.00393828  0.00393828 (0.00786827/0.00843761)
Level[5]: dt = 0.00177855  0.00177855 (0.00177855/0.00393828)
RebuildHierarchy: level = 5
TransferSubgridParticles[5]: Moved 0 particles, 0 stars, 0 active particles.
DetermineSGSize: MaxSubgridSize = 2000, MinSubgridEdge = 4, ncells = 4016
RebuildHierarchy[5]: Flagged 0/11 grids. 0 flagged cells
Level[5]: dt = 0.00177999  0.00177999 (0.00355854/0.00393828)
RebuildHierarchy: level = 5
TransferSubgridParticles[5]: Moved 1 particles, 0 stars, 0 active particles.
DetermineSGSize: MaxSubgridSize = 2000, MinSubgridEdge = 4, ncells = 4016
RebuildHierarchy[5]: Flagged 0/11 grids. 0 flagged cells
Level[5]: dt = 0.000379742  0.00178152 (0.00393828/0.00393828)
EvolveLevel[5]: NumberOfSubCycles = 3 (13 total, 3 sub)
Level[4]: dt = 0.000569338  0.00394877 (0.00843761/0.00843761)
Level[5]: dt = 0.000569338  0.00178184 (0.000569338/0.000569338)
EvolveLevel[5]: NumberOfSubCycles = 1 (14 total, 1 sub)
EvolveLevel[4]: NumberOfSubCycles = 3 (6 total, 3 sub)
EvolveLevel[3]: NumberOfSubCycles = 2 (2 total, 2 sub)
RebuildHierarchy: level = 2
TransferSubgridParticles[2]: Moved 1795 particles, 0 stars, 0 active particles.
DetermineSGSize: MaxSubgridSize = 2000, MinSubgridEdge = 4, ncells = 39648
RebuildHierarchy[2]: Flagged 63/312 grids. 3372 flagged cells
LoadBalance: Number of grids moved = 68 out of 68 (0.000597931 seconds elapsed)
DetermineSGSize: MaxSubgridSize = 2000, MinSubgridEdge = 4, ncells = 6080
RebuildHierarchy[3]: Flagged 21/68 grids. 735 flagged cells
LoadBalance: Number of grids moved = 20 out of 21 (2.39462e-05 seconds elapsed)
DetermineSGSize: MaxSubgridSize = 2000, MinSubgridEdge = 4, ncells = 4016
RebuildHierarchy[4]: Flagged 11/21 grids. 465 flagged cells
LoadBalance: Number of grids moved = 11 out of 11 (0.000474744 seconds elapsed)
DetermineSGSize: MaxSubgridSize = 2000, MinSubgridEdge = 4, ncells = 4016
RebuildHierarchy[5]: Flagged 0/11 grids. 0 flagged cells
Level[2]: dt = 0.0155009  0.0165059 (0.0320105/0.0320105)
Level[3]: dt = 0.00805129  0.00805129 (0.00805129/0.0155009)
Level[4]: dt = 0.00395043  0.00395043 (0.00395043/0.00805129)
Level[5]: dt = 0.00178234  0.00178234 (0.00178234/0.00395043)
RebuildHierarchy: level = 5
TransferSubgridParticles[5]: Moved 0 particles, 0 stars, 0 active particles.
DetermineSGSize: MaxSubgridSize = 2000, MinSubgridEdge = 4, ncells = 3968
RebuildHierarchy[5]: Flagged 0/11 grids. 0 flagged cells
Level[5]: dt = 0.00178411  0.00178411 (0.00356645/0.00395043)
RebuildHierarchy: level = 5
TransferSubgridParticles[5]: Moved 0 particles, 0 stars, 0 active particles.
DetermineSGSize: MaxSubgridSize = 2000, MinSubgridEdge = 4, ncells = 3968
RebuildHierarchy[5]: Flagged 0/11 grids. 0 flagged cells
Level[5]: dt = 0.000383989  0.00178615 (0.00395043/0.00395043)
EvolveLevel[5]: NumberOfSubCycles = 3 (17 total, 3 sub)
RebuildHierarchy: level = 4
TransferSubgridParticles[4]: Moved 1 particles, 0 stars, 0 active particles.
DetermineSGSize: MaxSubgridSize = 2000, MinSubgridEdge = 4, ncells = 3968
RebuildHierarchy[4]: Flagged 11/21 grids. 447 flagged cells
LoadBalance: Number of grids moved = 11 out of 11 (0.000686735 seconds elapsed)
DetermineSGSize: MaxSubgridSize = 2000, MinSubgridEdge = 4, ncells = 3968
RebuildHierarchy[5]: Flagged 0/11 grids. 0 flagged cells
Level[4]: dt = 0.00410086  0.00396304 (0.00805129/0.00805129)
Level[5]: dt = 0.00178655  0.00178655 (0.00178655/0.00410086)
RebuildHierarchy: level = 5
TransferSubgridParticles[5]: Moved 0 particles, 0 stars, 0 active particles.
DetermineSGSize: MaxSubgridSize = 2000, MinSubgridEdge = 4, ncells = 3776
RebuildHierarchy[5]: Flagged 0/11 grids. 0 flagged cells
Level[5]: dt = 0.0017866  0.0017866 (0.00357314/0.00410086)
RebuildHierarchy: level = 5
TransferSubgridParticles[5]: Moved 0 particles, 0 stars, 0 active particles.
DetermineSGSize: MaxSubgridSize = 2000, MinSubgridEdge = 4, ncells = 3776
RebuildHierarchy[5]: Flagged 0/11 grids. 0 flagged cells
Level[5]: dt = 0.000527713  0.00178299 (0.00410086/0.00410086)
EvolveLevel[5]: NumberOfSubCycles = 3 (20 total, 3 sub)
EvolveLevel[4]: NumberOfSubCycles = 2 (8 total, 2 sub)
RebuildHierarchy: level = 3
TransferSubgridParticles[3]: Moved 9 particles, 0 stars, 0 active particles.
DetermineSGSize: MaxSubgridSize = 2000, MinSubgridEdge = 4, ncells = 6272
RebuildHierarchy[3]: Flagged 21/68 grids. 741 flagged cells
LoadBalance: Number of grids moved = 20 out of 21 (2.37115e-05 seconds elapsed)
DetermineSGSize: MaxSubgridSize = 2000, MinSubgridEdge = 4, ncells = 3776
RebuildHierarchy[4]: Flagged 11/21 grids. 447 flagged cells
LoadBalance: Number of grids moved = 11 out of 11 (0.000606988 seconds elapsed)
DetermineSGSize: MaxSubgridSize = 2000, MinSubgridEdge = 4, ncells = 3776
RebuildHierarchy[5]: Flagged 0/11 grids. 0 flagged cells
Level[3]: dt = 0.00744965  0.0080497 (0.0155009/0.0155009)
Level[4]: dt = 0.00397236  0.00397236 (0.00397236/0.00744965)
Level[5]: dt = 0.00178194  0.00178194 (0.00178194/0.00397236)
RebuildHierarchy: level = 5
TransferSubgridParticles[5]: Moved 0 particles, 0 stars, 0 active particles.
DetermineSGSize: MaxSubgridSize = 2000, MinSubgridEdge = 4, ncells = 3776
RebuildHierarchy[5]: Flagged 0/11 grids. 0 flagged cells
Level[5]: dt = 0.00177846  0.00177846 (0.0035604/0.00397236)
RebuildHierarchy: level = 5
TransferSubgridParticles[5]: Moved 0 particles, 0 stars, 0 active particles.
DetermineSGSize: MaxSubgridSize = 2000, MinSubgridEdge = 4, ncells = 3776
RebuildHierarchy[5]: Flagged 0/11 grids. 0 flagged cells
Level[5]: dt = 0.000411956  0.00177522 (0.00397236/0.00397236)
EvolveLevel[5]: NumberOfSubCycles = 3 (23 total, 3 sub)
RebuildHierarchy: level = 4
TransferSubgridParticles[4]: Moved 0 particles, 0 stars, 0 active particles.
DetermineSGSize: MaxSubgridSize = 2000, MinSubgridEdge = 4, ncells = 3776
RebuildHierarchy[4]: Flagged 11/21 grids. 450 flagged cells
LoadBalance: Number of grids moved = 11 out of 11 (0.000563797 seconds elapsed)
DetermineSGSize: MaxSubgridSize = 2000, MinSubgridEdge = 4, ncells = 3776
RebuildHierarchy[5]: Flagged 0/11 grids. 0 flagged cells
Level[4]: dt = 0.00347729  0.00396652 (0.00744965/0.00744965)
Level[5]: dt = 0.00177448  0.00177448 (0.00177448/0.00347729)
RebuildHierarchy: level = 5
TransferSubgridParticles[5]: Moved 0 particles, 0 stars, 0 active particles.
DetermineSGSize: MaxSubgridSize = 2000, MinSubgridEdge = 4, ncells = 3776
RebuildHierarchy[5]: Flagged 0/11 grids. 0 flagged cells
Level[5]: dt = 0.00170282  0.00177136 (0.00347729/0.00347729)
EvolveLevel[5]: NumberOfSubCycles = 2 (25 total, 2 sub)
EvolveLevel[4]: NumberOfSubCycles = 2 (10 total, 2 sub)
EvolveLevel[3]: NumberOfSubCycles = 2 (4 total, 2 sub)
EvolveLevel[2]: NumberOfSubCycles = 2 (2 total, 2 sub)
RebuildHierarchy: level = 1
TransferSubgridParticles[1]: Moved 42280 particles, 0 stars, 0 active particles.
DetermineSGSize: MaxSubgridSize = 2000, MinSubgridEdge = 4, ncells = 248664
RebuildHierarchy[1]: Flagged 263/4103 grids. 18722 flagged cells
LoadBalance: Number of grids moved = 313 out of 315 (0.00121177 seconds elapsed)
DetermineSGSize: MaxSubgridSize = 2000, MinSubgridEdge = 4, ncells = 41896
RebuildHierarchy[2]: Flagged 62/315 grids. 3421 flagged cells
LoadBalance: Number of grids moved = 68 out of 68 (0.000636883 seconds elapsed)
DetermineSGSize: MaxSubgridSize = 2000, MinSubgridEdge = 4, ncells = 6400
RebuildHierarchy[3]: Flagged 21/68 grids. 750 flagged cells
LoadBalance: Number of grids moved = 20 out of 21 (2.38791e-05 seconds elapsed)
DetermineSGSize: MaxSubgridSize = 2000, MinSubgridEdge = 4, ncells = 3776
RebuildHierarchy[4]: Flagged 11/21 grids. 450 flagged cells
LoadBalance: Number of grids moved = 11 out of 11 (0.000597715 seconds elapsed)
DetermineSGSize: MaxSubgridSize = 2000, MinSubgridEdge = 4, ncells = 3776
RebuildHierarchy[5]: Flagged 0/11 grids. 0 flagged cells
Level[1]: dt = 0.0308766  0.0320174 (0.0628872/0.0628872)
Level[2]: dt = 0.0165034  0.0165034 (0.0165034/0.0308766)
Level[3]: dt = 0.00805285  0.00805285 (0.00805285/0.0165034)
Level[4]: dt = 0.00396186  0.00396186 (0.00396186/0.00805285)
Level[5]: dt = 0.00176857  0.00176857 (0.00176857/0.00396186)
RebuildHierarchy: level = 5
TransferSubgridParticles[5]: Moved 0 particles, 0 stars, 0 active particles.
DetermineSGSize: MaxSubgridSize = 2000, MinSubgridEdge = 4, ncells = 3776
RebuildHierarchy[5]: Flagged 0/11 grids. 0 flagged cells
Level[5]: dt = 0.00176594  0.00176594 (0.00353451/0.00396186)
RebuildHierarchy: level = 5
TransferSubgridParticles[5]: Moved 0 particles, 0 stars, 0 active particles.
DetermineSGSize: MaxSubgridSize = 2000, MinSubgridEdge = 4, ncells = 3776
RebuildHierarchy[5]: Flagged 0/11 grids. 0 flagged cells
Level[5]: dt = 0.000427345  0.0017634 (0.00396186/0.00396186)
EvolveLevel[5]: NumberOfSubCycles = 3 (28 total, 3 sub)
RebuildHierarchy: level = 4
TransferSubgridParticles[4]: Moved 0 particles, 0 stars, 0 active particles.
DetermineSGSize: MaxSubgridSize = 2000, MinSubgridEdge = 4, ncells = 3776
RebuildHierarchy[4]: Flagged 11/21 grids. 450 flagged cells
LoadBalance: Number of grids moved = 11 out of 11 (0.000396948 seconds elapsed)
DetermineSGSize: MaxSubgridSize = 2000, MinSubgridEdge = 4, ncells = 3776
RebuildHierarchy[5]: Flagged 0/11 grids. 0 flagged cells
Level[4]: dt = 0.004091  0.00395659 (0.00805285/0.00805285)
Level[5]: dt = 0.0017628  0.0017628 (0.0017628/0.004091)
RebuildHierarchy: level = 5
TransferSubgridParticles[5]: Moved 0 particles, 0 stars, 0 active particles.
DetermineSGSize: MaxSubgridSize = 2000, MinSubgridEdge = 4, ncells = 3832
RebuildHierarchy[5]: Flagged 0/11 grids. 0 flagged cells
Level[5]: dt = 0.00176055  0.00176055 (0.00352336/0.004091)
RebuildHierarchy: level = 5
TransferSubgridParticles[5]: Moved 0 particles, 0 stars, 0 active particles.
DetermineSGSize: MaxSubgridSize = 2000, MinSubgridEdge = 4, ncells = 3832
RebuildHierarchy[5]: Flagged 0/11 grids. 0 flagged cells
Level[5]: dt = 0.000567642  0.0017583 (0.004091/0.004091)
EvolveLevel[5]: NumberOfSubCycles = 3 (31 total, 3 sub)
EvolveLevel[4]: NumberOfSubCycles = 2 (12 total, 2 sub)
RebuildHierarchy: level = 3
TransferSubgridParticles[3]: Moved 1 particles, 0 stars, 0 active particles.
DetermineSGSize: MaxSubgridSize = 2000, MinSubgridEdge = 4, ncells = 6496
RebuildHierarchy[3]: Flagged 21/68 grids. 769 flagged cells
LoadBalance: Number of grids moved = 20 out of 21 (2.2307e-05 seconds elapsed)
DetermineSGSize: MaxSubgridSize = 2000, MinSubgridEdge = 4, ncells = 3832
RebuildHierarchy[4]: Flagged 11/21 grids. 450 flagged cells
LoadBalance: Number of grids moved = 11 out of 11 (0.00071951 seconds elapsed)
DetermineSGSize: MaxSubgridSize = 2000, MinSubgridEdge = 4, ncells = 3832
RebuildHierarchy[5]: Flagged 0/11 grids. 0 flagged cells
Level[3]: dt = 0.00845054  0.00804882 (0.0165034/0.0165034)
Level[4]: dt = 0.00393724  0.00393724 (0.00393724/0.00845054)
Level[5]: dt = 0.0017576  0.0017576 (0.0017576/0.00393724)
RebuildHierarchy: level = 5
TransferSubgridParticles[5]: Moved 0 particles, 0 stars, 0 active particles.
DetermineSGSize: MaxSubgridSize = 2000, MinSubgridEdge = 4, ncells = 3832
RebuildHierarchy[5]: Flagged 0/11 grids. 0 flagged cells
Level[5]: dt = 0.00175563  0.00175563 (0.00351324/0.00393724)
RebuildHierarchy: level = 5
TransferSubgridParticles[5]: Moved 0 particles, 0 stars, 0 active particles.
DetermineSGSize: MaxSubgridSize = 2000, MinSubgridEdge = 4, ncells = 3832
RebuildHierarchy[5]: Flagged 0/11 grids. 0 flagged cells
Level[5]: dt = 0.000424004  0.00175369 (0.00393724/0.00393724)
EvolveLevel[5]: NumberOfSubCycles = 3 (34 total, 3 sub)
RebuildHierarchy: level = 4
TransferSubgridParticles[4]: Moved 0 particles, 0 stars, 0 active particles.
DetermineSGSize: MaxSubgridSize = 2000, MinSubgridEdge = 4, ncells = 3832
RebuildHierarchy[4]: Flagged 11/21 grids. 441 flagged cells
LoadBalance: Number of grids moved = 11 out of 11 (0.00066711 seconds elapsed)
DetermineSGSize: MaxSubgridSize = 2000, MinSubgridEdge = 4, ncells = 3832
RebuildHierarchy[5]: Flagged 0/11 grids. 0 flagged cells
Level[4]: dt = 0.00392725  0.00392725 (0.00786449/0.00845054)
Level[5]: dt = 0.00175324  0.00175324 (0.00175324/0.00392725)
RebuildHierarchy: level = 5
TransferSubgridParticles[5]: Moved 0 particles, 0 stars, 0 active particles.
DetermineSGSize: MaxSubgridSize = 2000, MinSubgridEdge = 4, ncells = 3704
RebuildHierarchy[5]: Flagged 0/11 grids. 0 flagged cells
Level[5]: dt = 0.00175155  0.00175155 (0.00350478/0.00392725)
RebuildHierarchy: level = 5
TransferSubgridParticles[5]: Moved 0 particles, 0 stars, 0 active particles.
DetermineSGSize: MaxSubgridSize = 2000, MinSubgridEdge = 4, ncells = 3704
RebuildHierarchy[5]: Flagged 0/11 grids. 0 flagged cells
Level[5]: dt = 0.000422466  0.00174978 (0.00392725/0.00392725)
EvolveLevel[5]: NumberOfSubCycles = 3 (37 total, 3 sub)
Level[4]: dt = 0.00058605  0.00392293 (0.00845054/0.00845054)
Level[5]: dt = 0.00058605  0.00174934 (0.00058605/0.00058605)
EvolveLevel[5]: NumberOfSubCycles = 1 (38 total, 1 sub)
EvolveLevel[4]: NumberOfSubCycles = 3 (15 total, 3 sub)
EvolveLevel[3]: NumberOfSubCycles = 2 (6 total, 2 sub)
RebuildHierarchy: level = 2
TransferSubgridParticles[2]: Moved 49 particles, 0 stars, 0 active particles.
DetermineSGSize: MaxSubgridSize = 2000, MinSubgridEdge = 4, ncells = 41904
RebuildHierarchy[2]: Flagged 62/315 grids. 3425 flagged cells
LoadBalance: Number of grids moved = 68 out of 68 (0.000530113 seconds elapsed)
DetermineSGSize: MaxSubgridSize = 2000, MinSubgridEdge = 4, ncells = 6792
RebuildHierarchy[3]: Flagged 21/68 grids. 766 flagged cells
LoadBalance: Number of grids moved = 20 out of 21 (2.34172e-05 seconds elapsed)
DetermineSGSize: MaxSubgridSize = 2000, MinSubgridEdge = 4, ncells = 3704
RebuildHierarchy[4]: Flagged 11/21 grids. 450 flagged cells
LoadBalance: Number of grids moved = 11 out of 11 (0.000606138 seconds elapsed)
DetermineSGSize: MaxSubgridSize = 2000, MinSubgridEdge = 4, ncells = 3704
RebuildHierarchy[5]: Flagged 0/11 grids. 0 flagged cells
Level[2]: dt = 0.0143732  0.0165017 (0.0308766/0.0308766)
Level[3]: dt = 0.00804254  0.00804254 (0.00804254/0.0143732)
Level[4]: dt = 0.00392263  0.00392263 (0.00392263/0.00804254)
Level[5]: dt = 0.00174875  0.00174875 (0.00174875/0.00392263)
RebuildHierarchy: level = 5
TransferSubgridParticles[5]: Moved 0 particles, 0 stars, 0 active particles.
DetermineSGSize: MaxSubgridSize = 2000, MinSubgridEdge = 4, ncells = 3776
RebuildHierarchy[5]: Flagged 0/11 grids. 0 flagged cells
Level[5]: dt = 0.00174708  0.00174708 (0.00349583/0.00392263)
RebuildHierarchy: level = 5
TransferSubgridParticles[5]: Moved 0 particles, 0 stars, 0 active particles.
DetermineSGSize: MaxSubgridSize = 2000, MinSubgridEdge = 4, ncells = 3776
RebuildHierarchy[5]: Flagged 0/11 grids. 0 flagged cells
Level[5]: dt = 0.000426802  0.00174563 (0.00392263/0.00392263)
EvolveLevel[5]: NumberOfSubCycles = 3 (41 total, 3 sub)
RebuildHierarchy: level = 4
TransferSubgridParticles[4]: Moved 0 particles, 0 stars, 0 active particles.
DetermineSGSize: MaxSubgridSize = 2000, MinSubgridEdge = 4, ncells = 3776
RebuildHierarchy[4]: Flagged 11/21 grids. 459 flagged cells
LoadBalance: Number of grids moved = 11 out of 11 (0.000765525 seconds elapsed)
DetermineSGSize: MaxSubgridSize = 2000, MinSubgridEdge = 4, ncells = 3776
RebuildHierarchy[5]: Flagged 0/11 grids. 0 flagged cells
Level[4]: dt = 0.00392233  0.00392233 (0.00784496/0.00804254)
Level[5]: dt = 0.00174523  0.00174523 (0.00174523/0.00392233)
RebuildHierarchy: level = 5
TransferSubgridParticles[5]: Moved 0 particles, 0 stars, 0 active particles.
DetermineSGSize: MaxSubgridSize = 2000, MinSubgridEdge = 4, ncells = 3936
RebuildHierarchy[5]: Flagged 0/11 grids. 0 flagged cells
Level[5]: dt = 0.00174376  0.00174376 (0.00348898/0.00392233)
RebuildHierarchy: level = 5
TransferSubgridParticles[5]: Moved 0 particles, 0 stars, 0 active particles.
DetermineSGSize: MaxSubgridSize = 2000, MinSubgridEdge = 4, ncells = 3936
RebuildHierarchy[5]: Flagged 0/11 grids. 0 flagged cells
Level[5]: dt = 0.000433349  0.0017425 (0.00392233/0.00392233)
EvolveLevel[5]: NumberOfSubCycles = 3 (44 total, 3 sub)
Level[4]: dt = 0.000197582  0.00392406 (0.00804254/0.00804254)
Level[5]: dt = 0.000197582  0.00174214 (0.000197582/0.000197582)
EvolveLevel[5]: NumberOfSubCycles = 1 (45 total, 1 sub)
EvolveLevel[4]: NumberOfSubCycles = 3 (18 total, 3 sub)
RebuildHierarchy: level = 3
TransferSubgridParticles[3]: Moved 7 particles, 0 stars, 0 active particles.
DetermineSGSize: MaxSubgridSize = 2000, MinSubgridEdge = 4, ncells = 6696
RebuildHierarchy[3]: Flagged 21/68 grids. 745 flagged cells
LoadBalance: Number of grids moved = 20 out of 21 (2.37189e-05 seconds elapsed)
DetermineSGSize: MaxSubgridSize = 2000, MinSubgridEdge = 4, ncells = 3936
RebuildHierarchy[4]: Flagged 11/21 grids. 468 flagged cells
LoadBalance: Number of grids moved = 11 out of 11 (0.000434201 seconds elapsed)
DetermineSGSize: MaxSubgridSize = 2000, MinSubgridEdge = 4, ncells = 3936
RebuildHierarchy[5]: Flagged 0/11 grids. 0 flagged cells
Level[3]: dt = 0.00633069  0.00804163 (0.0143732/0.0143732)
Level[4]: dt = 0.00392418  0.00392418 (0.00392418/0.00633069)
Level[5]: dt = 0.00174197  0.00174197 (0.00174197/0.00392418)
RebuildHierarchy: level = 5
TransferSubgridParticles[5]: Moved 0 particles, 0 stars, 0 active particles.
DetermineSGSize: MaxSubgridSize = 2000, MinSubgridEdge = 4, ncells = 4032
RebuildHierarchy[5]: Flagged 0/11 grids. 0 flagged cells
Level[5]: dt = 0.00174083  0.00174083 (0.0034828/0.00392418)
RebuildHierarchy: level = 5
TransferSubgridParticles[5]: Moved 0 particles, 0 stars, 0 active particles.
DetermineSGSize: MaxSubgridSize = 2000, MinSubgridEdge = 4, ncells = 4032
RebuildHierarchy[5]: Flagged 0/11 grids. 0 flagged cells
Level[5]: dt = 0.000441386  0.00173977 (0.00392418/0.00392418)
EvolveLevel[5]: NumberOfSubCycles = 3 (48 total, 3 sub)
RebuildHierarchy: level = 4
TransferSubgridParticles[4]: Moved 1 particles, 0 stars, 0 active particles.
DetermineSGSize: MaxSubgridSize = 2000, MinSubgridEdge = 4, ncells = 4032
RebuildHierarchy[4]: Flagged 11/21 grids. 480 flagged cells
LoadBalance: Number of grids moved = 11 out of 11 (0.000540476 seconds elapsed)
DetermineSGSize: MaxSubgridSize = 2000, MinSubgridEdge = 4, ncells = 4032
RebuildHierarchy[5]: Flagged 0/11 grids. 0 flagged cells
Level[4]: dt = 0.00240651  0.00392725 (0.00633069/0.00633069)
Level[5]: dt = 0.00173945  0.00173945 (0.00173945/0.00240651)
RebuildHierarchy: level = 5
TransferSubgridParticles[5]: Moved 0 particles, 0 stars, 0 active particles.
DetermineSGSize: MaxSubgridSize = 2000, MinSubgridEdge = 4, ncells = 4160
RebuildHierarchy[5]: Flagged 0/11 grids. 0 flagged cells
Level[5]: dt = 0.00066706  0.00173854 (0.00240651/0.00240651)
EvolveLevel[5]: NumberOfSubCycles = 2 (50 total, 2 sub)
EvolveLevel[4]: NumberOfSubCycles = 2 (20 total, 2 sub)
EvolveLevel[3]: NumberOfSubCycles = 2 (8 total, 2 sub)
EvolveLevel[2]: NumberOfSubCycles = 2 (4 total, 2 sub)
EvolveLevel[1]: NumberOfSubCycles = 2 (2 total, 2 sub)
EvolveLevel[0]: NumberOfSubCycles = 1 (1 total, 1 sub)
CPUTime-output: Frac = 0.999881, Current = 308.529 (308.529), Stop = 2592000.000000, Last = 308.529
[YT_INFO   ] Setting YT parameters ...
[YT_INFO   ] Setting YT parameters ... done.
[YT_INFO   ] Getting pointer to particle list information ...
[YT_INFO   ] Getting pointer to particle list information  ... done.
[YT_INFO   ] Getting pointer to field list information ...
[YT_INFO   ] Getting pointer to field list information  ... done.
[YT_INFO   ] Getting pointer to local grids information ...
[YT_INFO   ] Getting pointer to local grids information  ... done.
[YT_INFO   ] Loading full hierarchy and local data to libyt ...
[YT_INFO   ] Loading full hierarchy and local data ... done.
[YT_INFO   ] Performing YT inline analysis yt_inline_func() ...
[YT_INFO   ] Performing YT inline analysis yt_inline_func() ... done.
Level[0]: dt = 0.0629405  0.0629405 (0.0629405/0.0629405)
PrepareGreens: Start = 0 0 36  Dim = 32 52 38
PrepareGreens: Start = 0 0 0  Dim = 32 52 36
Level[1]: dt = 0.0320241  0.0320241 (0.0320241/0.0629405)
Level[2]: dt = 0.0165011  0.0165011 (0.0165011/0.0320241)
Level[3]: dt = 0.00804285  0.00804285 (0.00804285/0.0165011)
Level[4]: dt = 0.00392955  0.00392955 (0.00392955/0.00804285)
Level[5]: dt = 0.00173813  0.00173813 (0.00173813/0.00392955)
RebuildHierarchy: level = 5
TransferSubgridParticles[5]: Moved 0 particles, 0 stars, 0 active particles.
DetermineSGSize: MaxSubgridSize = 2000, MinSubgridEdge = 4, ncells = 4160
RebuildHierarchy[5]: Flagged 0/11 grids. 0 flagged cells
Level[5]: dt = 0.00173726  0.00173726 (0.00347539/0.00392955)
RebuildHierarchy: level = 5
TransferSubgridParticles[5]: Moved 0 particles, 0 stars, 0 active particles.
DetermineSGSize: MaxSubgridSize = 2000, MinSubgridEdge = 4, ncells = 4160
RebuildHierarchy[5]: Flagged 0/11 grids. 0 flagged cells
Level[5]: dt = 0.000454154  0.00173662 (0.00392955/0.00392955)
EvolveLevel[5]: NumberOfSubCycles = 3 (53 total, 3 sub)
RebuildHierarchy: level = 4
TransferSubgridParticles[4]: Moved 2 particles, 0 stars, 0 active particles.
DetermineSGSize: MaxSubgridSize = 2000, MinSubgridEdge = 4, ncells = 4160
RebuildHierarchy[4]: Flagged 11/21 grids. 486 flagged cells
LoadBalance: Number of grids moved = 11 out of 11 (0.000710119 seconds elapsed)
DetermineSGSize: MaxSubgridSize = 2000, MinSubgridEdge = 4, ncells = 4160
RebuildHierarchy[5]: Flagged 0/11 grids. 0 flagged cells
Level[4]: dt = 0.00411331  0.00393359 (0.00804285/0.00804285)
Level[5]: dt = 0.00173641  0.00173641 (0.00173641/0.00411331)
RebuildHierarchy: level = 5
TransferSubgridParticles[5]: Moved 0 particles, 0 stars, 0 active particles.
DetermineSGSize: MaxSubgridSize = 2000, MinSubgridEdge = 4, ncells = 4256
RebuildHierarchy[5]: Flagged 0/11 grids. 0 flagged cells
Level[5]: dt = 0.00173587  0.00173587 (0.00347228/0.00411331)
RebuildHierarchy: level = 5
TransferSubgridParticles[5]: Moved 0 particles, 0 stars, 0 active particles.
DetermineSGSize: MaxSubgridSize = 2000, MinSubgridEdge = 4, ncells = 4256
RebuildHierarchy[5]: Flagged 0/11 grids. 0 flagged cells
Level[5]: dt = 0.000641024  0.00173553 (0.00411331/0.00411331)
EvolveLevel[5]: NumberOfSubCycles = 3 (56 total, 3 sub)
EvolveLevel[4]: NumberOfSubCycles = 2 (22 total, 2 sub)
RebuildHierarchy: level = 3
TransferSubgridParticles[3]: Moved 9 particles, 0 stars, 0 active particles.
DetermineSGSize: MaxSubgridSize = 2000, MinSubgridEdge = 4, ncells = 6528
RebuildHierarchy[3]: Flagged 21/68 grids. 758 flagged cells
LoadBalance: Number of grids moved = 20 out of 21 (2.39126e-05 seconds elapsed)
DetermineSGSize: MaxSubgridSize = 2000, MinSubgridEdge = 4, ncells = 4256
RebuildHierarchy[4]: Flagged 12/21 grids. 504 flagged cells
LoadBalance: Number of grids moved = 12 out of 12 (0.000651341 seconds elapsed)
DetermineSGSize: MaxSubgridSize = 2000, MinSubgridEdge = 4, ncells = 4256
RebuildHierarchy[5]: Flagged 0/12 grids. 0 flagged cells
Level[3]: dt = 0.00804773  0.00804773 (0.0160906/0.0165011)
Level[4]: dt = 0.00393791  0.00393791 (0.00393791/0.00804773)
Level[5]: dt = 0.00173537  0.00173537 (0.00173537/0.00393791)
RebuildHierarchy: level = 5
TransferSubgridParticles[5]: Moved 0 particles, 0 stars, 0 active particles.
DetermineSGSize: MaxSubgridSize = 2000, MinSubgridEdge = 4, ncells = 4376
RebuildHierarchy[5]: Flagged 0/12 grids. 0 flagged cells
Level[5]: dt = 0.00173517  0.00173517 (0.00347053/0.00393791)
RebuildHierarchy: level = 5
TransferSubgridParticles[5]: Moved 0 particles, 0 stars, 0 active particles.
DetermineSGSize: MaxSubgridSize = 2000, MinSubgridEdge = 4, ncells = 4376
RebuildHierarchy[5]: Flagged 0/12 grids. 0 flagged cells
Level[5]: dt = 0.000467381  0.00173516 (0.00393791/0.00393791)
EvolveLevel[5]: NumberOfSubCycles = 3 (59 total, 3 sub)
RebuildHierarchy: level = 4
TransferSubgridParticles[4]: Moved 0 particles, 0 stars, 0 active particles.
DetermineSGSize: MaxSubgridSize = 2000, MinSubgridEdge = 4, ncells = 4376
RebuildHierarchy[4]: Flagged 12/21 grids. 495 flagged cells
LoadBalance: Number of grids moved = 12 out of 12 (0.000624176 seconds elapsed)
DetermineSGSize: MaxSubgridSize = 2000, MinSubgridEdge = 4, ncells = 4376
RebuildHierarchy[5]: Flagged 0/12 grids. 0 flagged cells
Level[4]: dt = 0.00410982  0.00394207 (0.00804773/0.00804773)
Level[5]: dt = 0.00173513  0.00173513 (0.00173513/0.00410982)
RebuildHierarchy: level = 5
TransferSubgridParticles[5]: Moved 0 particles, 0 stars, 0 active particles.
DetermineSGSize: MaxSubgridSize = 2000, MinSubgridEdge = 4, ncells = 4248
RebuildHierarchy[5]: Flagged 0/12 grids. 0 flagged cells
Level[5]: dt = 0.00173527  0.00173527 (0.0034704/0.00410982)
RebuildHierarchy: level = 5
TransferSubgridParticles[5]: Moved 0 particles, 0 stars, 0 active particles.
DetermineSGSize: MaxSubgridSize = 2000, MinSubgridEdge = 4, ncells = 4248
RebuildHierarchy[5]: Flagged 0/12 grids. 0 flagged cells
Level[5]: dt = 0.000639423  0.00173563 (0.00410982/0.00410982)
EvolveLevel[5]: NumberOfSubCycles = 3 (62 total, 3 sub)
EvolveLevel[4]: NumberOfSubCycles = 2 (24 total, 2 sub)
Level[3]: dt = 0.000410513  0.00805653 (0.0165011/0.0165011)
Level[4]: dt = 0.000410513  0.00394655 (0.000410513/0.000410513)
Level[5]: dt = 0.000410513  0.00173573 (0.000410513/0.000410513)
EvolveLevel[5]: NumberOfSubCycles = 1 (63 total, 1 sub)
EvolveLevel[4]: NumberOfSubCycles = 1 (25 total, 1 sub)
EvolveLevel[3]: NumberOfSubCycles = 3 (11 total, 3 sub)
RebuildHierarchy: level = 2
TransferSubgridParticles[2]: Moved 76 particles, 0 stars, 0 active particles.
DetermineSGSize: MaxSubgridSize = 2000, MinSubgridEdge = 4, ncells = 41968
RebuildHierarchy[2]: Flagged 64/315 grids. 3549 flagged cells
LoadBalance: Number of grids moved = 70 out of 70 (0.00053763 seconds elapsed)
DetermineSGSize: MaxSubgridSize = 2000, MinSubgridEdge = 4, ncells = 6472
RebuildHierarchy[3]: Flagged 21/70 grids. 767 flagged cells
LoadBalance: Number of grids moved = 20 out of 21 (2.42367e-05 seconds elapsed)
DetermineSGSize: MaxSubgridSize = 2000, MinSubgridEdge = 4, ncells = 4248
RebuildHierarchy[4]: Flagged 12/21 grids. 495 flagged cells
LoadBalance: Number of grids moved = 12 out of 12 (0.000585694 seconds elapsed)
DetermineSGSize: MaxSubgridSize = 2000, MinSubgridEdge = 4, ncells = 4248
RebuildHierarchy[5]: Flagged 0/12 grids. 0 flagged cells
Level[2]: dt = 0.015523  0.0165012 (0.0320241/0.0320241)
Level[3]: dt = 0.00805701  0.00805701 (0.00805701/0.015523)
Level[4]: dt = 0.00394699  0.00394699 (0.00394699/0.00805701)
Level[5]: dt = 0.00173579  0.00173579 (0.00173579/0.00394699)
RebuildHierarchy: level = 5
TransferSubgridParticles[5]: Moved 0 particles, 0 stars, 0 active particles.
DetermineSGSize: MaxSubgridSize = 2000, MinSubgridEdge = 4, ncells = 4248
RebuildHierarchy[5]: Flagged 0/12 grids. 0 flagged cells
Level[5]: dt = 0.00173641  0.00173641 (0.0034722/0.00394699)
RebuildHierarchy: level = 5
TransferSubgridParticles[5]: Moved 0 particles, 0 stars, 0 active particles.
DetermineSGSize: MaxSubgridSize = 2000, MinSubgridEdge = 4, ncells = 4248
RebuildHierarchy[5]: Flagged 0/12 grids. 0 flagged cells
Level[5]: dt = 0.000474793  0.00173716 (0.00394699/0.00394699)
EvolveLevel[5]: NumberOfSubCycles = 3 (66 total, 3 sub)
RebuildHierarchy: level = 4
TransferSubgridParticles[4]: Moved 0 particles, 0 stars, 0 active particles.
DetermineSGSize: MaxSubgridSize = 2000, MinSubgridEdge = 4, ncells = 4248
RebuildHierarchy[4]: Flagged 12/21 grids. 495 flagged cells
LoadBalance: Number of grids moved = 12 out of 12 (0.000498205 seconds elapsed)
DetermineSGSize: MaxSubgridSize = 2000, MinSubgridEdge = 4, ncells = 4248
RebuildHierarchy[5]: Flagged 0/12 grids. 0 flagged cells
Level[4]: dt = 0.00411002  0.00395141 (0.00805701/0.00805701)
Level[5]: dt = 0.00173733  0.00173733 (0.00173733/0.00411002)
RebuildHierarchy: level = 5
TransferSubgridParticles[5]: Moved 0 particles, 0 stars, 0 active particles.
DetermineSGSize: MaxSubgridSize = 2000, MinSubgridEdge = 4, ncells = 4248
RebuildHierarchy[5]: Flagged 0/12 grids. 0 flagged cells
Level[5]: dt = 0.00173831  0.00173831 (0.00347564/0.00411002)
RebuildHierarchy: level = 5
TransferSubgridParticles[5]: Moved 0 particles, 0 stars, 0 active particles.
DetermineSGSize: MaxSubgridSize = 2000, MinSubgridEdge = 4, ncells = 4248
RebuildHierarchy[5]: Flagged 0/12 grids. 0 flagged cells
Level[5]: dt = 0.000634378  0.0017394 (0.00411002/0.00411002)
EvolveLevel[5]: NumberOfSubCycles = 3 (69 total, 3 sub)
EvolveLevel[4]: NumberOfSubCycles = 2 (27 total, 2 sub)
RebuildHierarchy: level = 3
TransferSubgridParticles[3]: Moved 4 particles, 0 stars, 0 active particles.
DetermineSGSize: MaxSubgridSize = 2000, MinSubgridEdge = 4, ncells = 6568
RebuildHierarchy[3]: Flagged 22/70 grids. 803 flagged cells
LoadBalance: Number of grids moved = 21 out of 22 (2.51271e-05 seconds elapsed)
DetermineSGSize: MaxSubgridSize = 2000, MinSubgridEdge = 4, ncells = 4248
RebuildHierarchy[4]: Flagged 12/22 grids. 497 flagged cells
LoadBalance: Number of grids moved = 12 out of 12 (0.000516571 seconds elapsed)
DetermineSGSize: MaxSubgridSize = 2000, MinSubgridEdge = 4, ncells = 4248
RebuildHierarchy[5]: Flagged 0/12 grids. 0 flagged cells
Level[3]: dt = 0.00746603  0.00806839 (0.015523/0.015523)
Level[4]: dt = 0.00395606  0.00395606 (0.00395606/0.00746603)
Level[5]: dt = 0.00173977  0.00173977 (0.00173977/0.00395606)
RebuildHierarchy: level = 5
TransferSubgridParticles[5]: Moved 1 particles, 0 stars, 0 active particles.
DetermineSGSize: MaxSubgridSize = 2000, MinSubgridEdge = 4, ncells = 4248
RebuildHierarchy[5]: Flagged 0/12 grids. 0 flagged cells
Level[5]: dt = 0.00174109  0.00174109 (0.00348086/0.00395606)
RebuildHierarchy: level = 5
TransferSubgridParticles[5]: Moved 0 particles, 0 stars, 0 active particles.
DetermineSGSize: MaxSubgridSize = 2000, MinSubgridEdge = 4, ncells = 4248
RebuildHierarchy[5]: Flagged 0/12 grids. 0 flagged cells
Level[5]: dt = 0.000475199  0.00174252 (0.00395606/0.00395606)
EvolveLevel[5]: NumberOfSubCycles = 3 (72 total, 3 sub)
RebuildHierarchy: level = 4
TransferSubgridParticles[4]: Moved 0 particles, 0 stars, 0 active particles.
DetermineSGSize: MaxSubgridSize = 2000, MinSubgridEdge = 4, ncells = 4248
RebuildHierarchy[4]: Flagged 12/22 grids. 497 flagged cells
LoadBalance: Number of grids moved = 12 out of 12 (0.000648845 seconds elapsed)
DetermineSGSize: MaxSubgridSize = 2000, MinSubgridEdge = 4, ncells = 4248
RebuildHierarchy[5]: Flagged 0/12 grids. 0 flagged cells
Level[4]: dt = 0.00350997  0.00396051 (0.00746603/0.00746603)
Level[5]: dt = 0.00174291  0.00174291 (0.00174291/0.00350997)
RebuildHierarchy: level = 5
TransferSubgridParticles[5]: Moved 0 particles, 0 stars, 0 active particles.
DetermineSGSize: MaxSubgridSize = 2000, MinSubgridEdge = 4, ncells = 4248
RebuildHierarchy[5]: Flagged 0/12 grids. 0 flagged cells
Level[5]: dt = 0.00176706  0.00174466 (0.00350997/0.00350997)
EvolveLevel[5]: NumberOfSubCycles = 2 (74 total, 2 sub)
EvolveLevel[4]: NumberOfSubCycles = 2 (29 total, 2 sub)
EvolveLevel[3]: NumberOfSubCycles = 2 (13 total, 2 sub)
EvolveLevel[2]: NumberOfSubCycles = 2 (6 total, 2 sub)
RebuildHierarchy: level = 1
TransferSubgridParticles[1]: Moved 3807 particles, 0 stars, 0 active particles.
DetermineSGSize: MaxSubgridSize = 2000, MinSubgridEdge = 4, ncells = 254272
RebuildHierarchy[1]: Flagged 270/4103 grids. 19218 flagged cells
LoadBalance: Number of grids moved = 323 out of 324 (0.00146313 seconds elapsed)
DetermineSGSize: MaxSubgridSize = 2000, MinSubgridEdge = 4, ncells = 43960
RebuildHierarchy[2]: Flagged 63/324 grids. 3524 flagged cells
LoadBalance: Number of grids moved = 70 out of 70 (0.000568129 seconds elapsed)
DetermineSGSize: MaxSubgridSize = 2000, MinSubgridEdge = 4, ncells = 6944
RebuildHierarchy[3]: Flagged 22/70 grids. 794 flagged cells
LoadBalance: Number of grids moved = 21 out of 22 (2.45944e-05 seconds elapsed)
DetermineSGSize: MaxSubgridSize = 2000, MinSubgridEdge = 4, ncells = 4248
RebuildHierarchy[4]: Flagged 12/22 grids. 488 flagged cells
LoadBalance: Number of grids moved = 12 out of 12 (0.000403184 seconds elapsed)
DetermineSGSize: MaxSubgridSize = 2000, MinSubgridEdge = 4, ncells = 4248
RebuildHierarchy[5]: Flagged 0/12 grids. 0 flagged cells
Level[1]: dt = 0.0309164  0.0320314 (0.0629405/0.0629405)
Level[2]: dt = 0.016502  0.016502 (0.016502/0.0309164)
Level[3]: dt = 0.00807761  0.00807761 (0.00807761/0.016502)
Level[4]: dt = 0.00396436  0.00396436 (0.00396436/0.00807761)
Level[5]: dt = 0.00174656  0.00174656 (0.00174656/0.00396436)
RebuildHierarchy: level = 5
TransferSubgridParticles[5]: Moved 1 particles, 0 stars, 0 active particles.
DetermineSGSize: MaxSubgridSize = 2000, MinSubgridEdge = 4, ncells = 4152
RebuildHierarchy[5]: Flagged 0/12 grids. 0 flagged cells
Level[5]: dt = 0.00174866  0.00174866 (0.00349522/0.00396436)
RebuildHierarchy: level = 5
TransferSubgridParticles[5]: Moved 0 particles, 0 stars, 0 active particles.
DetermineSGSize: MaxSubgridSize = 2000, MinSubgridEdge = 4, ncells = 4152
RebuildHierarchy[5]: Flagged 0/12 grids. 0 flagged cells
Level[5]: dt = 0.000469135  0.00174628 (0.00396436/0.00396436)
EvolveLevel[5]: NumberOfSubCycles = 3 (77 total, 3 sub)
RebuildHierarchy: level = 4
TransferSubgridParticles[4]: Moved 0 particles, 0 stars, 0 active particles.
DetermineSGSize: MaxSubgridSize = 2000, MinSubgridEdge = 4, ncells = 4152
RebuildHierarchy[4]: Flagged 12/22 grids. 488 flagged cells
LoadBalance: Number of grids moved = 12 out of 12 (0.000482701 seconds elapsed)
DetermineSGSize: MaxSubgridSize = 2000, MinSubgridEdge = 4, ncells = 4152
RebuildHierarchy[5]: Flagged 0/12 grids. 0 flagged cells
Level[4]: dt = 0.00411325  0.00396361 (0.00807761/0.00807761)
Level[5]: dt = 0.00174499  0.00174499 (0.00174499/0.00411325)
RebuildHierarchy: level = 5
TransferSubgridParticles[5]: Moved 0 particles, 0 stars, 0 active particles.
DetermineSGSize: MaxSubgridSize = 2000, MinSubgridEdge = 4, ncells = 4152
RebuildHierarchy[5]: Flagged 0/12 grids. 0 flagged cells
Level[5]: dt = 0.00174015  0.00174015 (0.00348514/0.00411325)
RebuildHierarchy: level = 5
TransferSubgridParticles[5]: Moved 0 particles, 0 stars, 0 active particles.
DetermineSGSize: MaxSubgridSize = 2000, MinSubgridEdge = 4, ncells = 4152
RebuildHierarchy[5]: Flagged 0/12 grids. 0 flagged cells
Level[5]: dt = 0.000628105  0.00173583 (0.00411325/0.00411325)
EvolveLevel[5]: NumberOfSubCycles = 3 (80 total, 3 sub)
EvolveLevel[4]: NumberOfSubCycles = 2 (31 total, 2 sub)
RebuildHierarchy: level = 3
TransferSubgridParticles[3]: Moved 12 particles, 0 stars, 0 active particles.
DetermineSGSize: MaxSubgridSize = 2000, MinSubgridEdge = 4, ncells = 6816
RebuildHierarchy[3]: Flagged 22/70 grids. 800 flagged cells
LoadBalance: Number of grids moved = 21 out of 22 (2.35885e-05 seconds elapsed)
DetermineSGSize: MaxSubgridSize = 2000, MinSubgridEdge = 4, ncells = 4152
RebuildHierarchy[4]: Flagged 12/22 grids. 491 flagged cells
LoadBalance: Number of grids moved = 12 out of 12 (0.000272471 seconds elapsed)
DetermineSGSize: MaxSubgridSize = 2000, MinSubgridEdge = 4, ncells = 4152
RebuildHierarchy[5]: Flagged 0/12 grids. 0 flagged cells
Level[3]: dt = 0.0084244  0.00805728 (0.016502/0.016502)
Level[4]: dt = 0.00396255  0.00396255 (0.00396255/0.0084244)
Level[5]: dt = 0.00173432  0.00173432 (0.00173432/0.00396255)
RebuildHierarchy: level = 5
TransferSubgridParticles[5]: Moved 0 particles, 0 stars, 0 active particles.
DetermineSGSize: MaxSubgridSize = 2000, MinSubgridEdge = 4, ncells = 4152
RebuildHierarchy[5]: Flagged 0/12 grids. 0 flagged cells
Level[5]: dt = 0.00173012  0.00173012 (0.00346445/0.00396255)
RebuildHierarchy: level = 5
TransferSubgridParticles[5]: Moved 0 particles, 0 stars, 0 active particles.
DetermineSGSize: MaxSubgridSize = 2000, MinSubgridEdge = 4, ncells = 4152
RebuildHierarchy[5]: Flagged 0/12 grids. 0 flagged cells
Level[5]: dt = 0.000498103  0.00172649 (0.00396255/0.00396255)
EvolveLevel[5]: NumberOfSubCycles = 3 (83 total, 3 sub)
RebuildHierarchy: level = 4
TransferSubgridParticles[4]: Moved 0 particles, 0 stars, 0 active particles.
DetermineSGSize: MaxSubgridSize = 2000, MinSubgridEdge = 4, ncells = 4152
RebuildHierarchy[4]: Flagged 12/22 grids. 482 flagged cells
LoadBalance: Number of grids moved = 12 out of 12 (0.000352886 seconds elapsed)
DetermineSGSize: MaxSubgridSize = 2000, MinSubgridEdge = 4, ncells = 4152
RebuildHierarchy[5]: Flagged 0/12 grids. 0 flagged cells
Level[4]: dt = 0.0039561  0.0039561 (0.00791865/0.0084244)
Level[5]: dt = 0.00172547  0.00172547 (0.00172547/0.0039561)
RebuildHierarchy: level = 5
TransferSubgridParticles[5]: Moved 0 particles, 0 stars, 0 active particles.
DetermineSGSize: MaxSubgridSize = 2000, MinSubgridEdge = 4, ncells = 4056
RebuildHierarchy[5]: Flagged 0/12 grids. 0 flagged cells
Level[5]: dt = 0.00172189  0.00172189 (0.00344736/0.0039561)
RebuildHierarchy: level = 5
TransferSubgridParticles[5]: Moved 0 particles, 0 stars, 0 active particles.
DetermineSGSize: MaxSubgridSize = 2000, MinSubgridEdge = 4, ncells = 4056
RebuildHierarchy[5]: Flagged 0/12 grids. 0 flagged cells
Level[5]: dt = 0.000508739  0.00171887 (0.0039561/0.0039561)
EvolveLevel[5]: NumberOfSubCycles = 3 (86 total, 3 sub)
Level[4]: dt = 0.000505751  0.00394912 (0.0084244/0.0084244)
Level[5]: dt = 0.000505751  0.00171799 (0.000505751/0.000505751)
EvolveLevel[5]: NumberOfSubCycles = 1 (87 total, 1 sub)
EvolveLevel[4]: NumberOfSubCycles = 3 (34 total, 3 sub)
EvolveLevel[3]: NumberOfSubCycles = 2 (15 total, 2 sub)
RebuildHierarchy: level = 2
TransferSubgridParticles[2]: Moved 44 particles, 0 stars, 0 active particles.
DetermineSGSize: MaxSubgridSize = 2000, MinSubgridEdge = 4, ncells = 43688
RebuildHierarchy[2]: Flagged 63/324 grids. 3522 flagged cells
LoadBalance: Number of grids moved = 70 out of 70 (0.00054555 seconds elapsed)
DetermineSGSize: MaxSubgridSize = 2000, MinSubgridEdge = 4, ncells = 6816
RebuildHierarchy[3]: Flagged 22/70 grids. 800 flagged cells
LoadBalance: Number of grids moved = 21 out of 22 (2.4911e-05 seconds elapsed)
DetermineSGSize: MaxSubgridSize = 2000, MinSubgridEdge = 4, ncells = 4056
RebuildHierarchy[4]: Flagged 12/22 grids. 479 flagged cells
LoadBalance: Number of grids moved = 12 out of 12 (0.000412837 seconds elapsed)
DetermineSGSize: MaxSubgridSize = 2000, MinSubgridEdge = 4, ncells = 4056
RebuildHierarchy[5]: Flagged 0/12 grids. 0 flagged cells
Level[2]: dt = 0.0144144  0.0164999 (0.0309164/0.0309164)
Level[3]: dt = 0.00804019  0.00804019 (0.00804019/0.0144144)
Level[4]: dt = 0.00394828  0.00394828 (0.00394828/0.00804019)
Level[5]: dt = 0.0017171  0.0017171 (0.0017171/0.00394828)
RebuildHierarchy: level = 5
TransferSubgridParticles[5]: Moved 0 particles, 0 stars, 0 active particles.
DetermineSGSize: MaxSubgridSize = 2000, MinSubgridEdge = 4, ncells = 4056
RebuildHierarchy[5]: Flagged 0/12 grids. 0 flagged cells
Level[5]: dt = 0.00171445  0.00171445 (0.00343156/0.00394828)
RebuildHierarchy: level = 5
TransferSubgridParticles[5]: Moved 1 particles, 0 stars, 0 active particles.
DetermineSGSize: MaxSubgridSize = 2000, MinSubgridEdge = 4, ncells = 4056
RebuildHierarchy[5]: Flagged 0/12 grids. 0 flagged cells
Level[5]: dt = 0.000516722  0.00171194 (0.00394828/0.00394828)
EvolveLevel[5]: NumberOfSubCycles = 3 (90 total, 3 sub)
RebuildHierarchy: level = 4
TransferSubgridParticles[4]: Moved 0 particles, 0 stars, 0 active particles.
DetermineSGSize: MaxSubgridSize = 2000, MinSubgridEdge = 4, ncells = 4056
RebuildHierarchy[4]: Flagged 12/22 grids. 497 flagged cells
LoadBalance: Number of grids moved = 12 out of 12 (0.000596926 seconds elapsed)
DetermineSGSize: MaxSubgridSize = 2000, MinSubgridEdge = 4, ncells = 4056
RebuildHierarchy[5]: Flagged 0/12 grids. 0 flagged cells
Level[4]: dt = 0.00409192  0.00394201 (0.00804019/0.00804019)
Level[5]: dt = 0.00171117  0.00171117 (0.00171117/0.00409192)
RebuildHierarchy: level = 5
TransferSubgridParticles[5]: Moved 0 particles, 0 stars, 0 active particles.
DetermineSGSize: MaxSubgridSize = 2000, MinSubgridEdge = 4, ncells = 4248
RebuildHierarchy[5]: Flagged 0/12 grids. 0 flagged cells
Level[5]: dt = 0.001709  0.001709 (0.00342016/0.00409192)
RebuildHierarchy: level = 5
TransferSubgridParticles[5]: Moved 0 particles, 0 stars, 0 active particles.
DetermineSGSize: MaxSubgridSize = 2000, MinSubgridEdge = 4, ncells = 4248
RebuildHierarchy[5]: Flagged 0/12 grids. 0 flagged cells
Level[5]: dt = 0.000671751  0.00170692 (0.00409192/0.00409192)
EvolveLevel[5]: NumberOfSubCycles = 3 (93 total, 3 sub)
EvolveLevel[4]: NumberOfSubCycles = 2 (36 total, 2 sub)
RebuildHierarchy: level = 3
TransferSubgridParticles[3]: Moved 5 particles, 0 stars, 0 active particles.
DetermineSGSize: MaxSubgridSize = 2000, MinSubgridEdge = 4, ncells = 6816
RebuildHierarchy[3]: Flagged 23/70 grids. 836 flagged cells
LoadBalance: Number of grids moved = 22 out of 23 (2.67215e-05 seconds elapsed)
DetermineSGSize: MaxSubgridSize = 2000, MinSubgridEdge = 4, ncells = 4248
RebuildHierarchy[4]: Flagged 12/23 grids. 497 flagged cells
LoadBalance: Number of grids moved = 12 out of 12 (0.000454541 seconds elapsed)
DetermineSGSize: MaxSubgridSize = 2000, MinSubgridEdge = 4, ncells = 4248
RebuildHierarchy[5]: Flagged 0/12 grids. 0 flagged cells
Level[3]: dt = 0.00637417  0.00802926 (0.0144144/0.0144144)
Level[4]: dt = 0.00393613  0.00393613 (0.00393613/0.00637417)
Level[5]: dt = 0.00170608  0.00170608 (0.00170608/0.00393613)
RebuildHierarchy: level = 5
TransferSubgridParticles[5]: Moved 0 particles, 0 stars, 0 active particles.
DetermineSGSize: MaxSubgridSize = 2000, MinSubgridEdge = 4, ncells = 4248
RebuildHierarchy[5]: Flagged 0/12 grids. 0 flagged cells
Level[5]: dt = 0.00170438  0.00170438 (0.00341046/0.00393613)
RebuildHierarchy: level = 5
TransferSubgridParticles[5]: Moved 0 particles, 0 stars, 0 active particles.
DetermineSGSize: MaxSubgridSize = 2000, MinSubgridEdge = 4, ncells = 4248
RebuildHierarchy[5]: Flagged 0/12 grids. 0 flagged cells
Level[5]: dt = 0.000525677  0.00170273 (0.00393613/0.00393613)
EvolveLevel[5]: NumberOfSubCycles = 3 (96 total, 3 sub)
RebuildHierarchy: level = 4
TransferSubgridParticles[4]: Moved 0 particles, 0 stars, 0 active particles.
DetermineSGSize: MaxSubgridSize = 2000, MinSubgridEdge = 4, ncells = 4248
RebuildHierarchy[4]: Flagged 12/23 grids. 506 flagged cells
LoadBalance: Number of grids moved = 12 out of 12 (0.000475388 seconds elapsed)
DetermineSGSize: MaxSubgridSize = 2000, MinSubgridEdge = 4, ncells = 4248
RebuildHierarchy[5]: Flagged 0/12 grids. 0 flagged cells
Level[4]: dt = 0.00243804  0.00393113 (0.00637417/0.00637417)
Level[5]: dt = 0.0017022  0.0017022 (0.0017022/0.00243804)
RebuildHierarchy: level = 5
TransferSubgridParticles[5]: Moved 0 particles, 0 stars, 0 active particles.
DetermineSGSize: MaxSubgridSize = 2000, MinSubgridEdge = 4, ncells = 4344
RebuildHierarchy[5]: Flagged 0/12 grids. 0 flagged cells
Level[5]: dt = 0.000735832  0.00170094 (0.00243804/0.00243804)
EvolveLevel[5]: NumberOfSubCycles = 2 (98 total, 2 sub)
EvolveLevel[4]: NumberOfSubCycles = 2 (38 total, 2 sub)
EvolveLevel[3]: NumberOfSubCycles = 2 (17 total, 2 sub)
EvolveLevel[2]: NumberOfSubCycles = 2 (8 total, 2 sub)
EvolveLevel[1]: NumberOfSubCycles = 2 (4 total, 2 sub)
EvolveLevel[0]: NumberOfSubCycles = 1 (2 total, 2 sub)
RebuildHierarchy: level = 0
CommunicationTransferParticles: moved = 288699
CommunicationTransferStars: moved = 0
CommunicationTransferActiveParticles: moved = 0
DetermineSGSize: MaxSubgridSize = 2000, MinSubgridEdge = 4, ncells = 5105432
RebuildHierarchy[0]: Flagged 567/1120 grids. 340423 flagged cells
LoadBalance: Number of grids moved = 4122 out of 4181 (0.0544836 seconds elapsed)
DetermineSGSize: MaxSubgridSize = 2000, MinSubgridEdge = 4, ncells = 261896
RebuildHierarchy[1]: Flagged 290/4181 grids. 19397 flagged cells
LoadBalance: Number of grids moved = 339 out of 344 (0.00131988 seconds elapsed)
DetermineSGSize: MaxSubgridSize = 2000, MinSubgridEdge = 4, ncells = 43120
RebuildHierarchy[2]: Flagged 64/344 grids. 3436 flagged cells
LoadBalance: Number of grids moved = 68 out of 68 (0.0013732 seconds elapsed)
DetermineSGSize: MaxSubgridSize = 2000, MinSubgridEdge = 4, ncells = 7128
RebuildHierarchy[3]: Flagged 20/68 grids. 801 flagged cells
LoadBalance: Number of grids moved = 18 out of 21 (3.03984e-05 seconds elapsed)
DetermineSGSize: MaxSubgridSize = 2000, MinSubgridEdge = 4, ncells = 4344
RebuildHierarchy[4]: Flagged 11/21 grids. 485 flagged cells
LoadBalance: Number of grids moved = 11 out of 11 (0.000458587 seconds elapsed)
DetermineSGSize: MaxSubgridSize = 2000, MinSubgridEdge = 4, ncells = 4344
RebuildHierarchy[5]: Flagged 0/11 grids. 0 flagged cells
CPUTime-output: Frac = 0.999990, Current = 333.878 (333.19), Stop = 2592000.000000, Last = 24.6607
[YT_INFO   ] Setting YT parameters ...
[YT_INFO   ] Setting YT parameters ... done.
[YT_INFO   ] Getting pointer to particle list information ...
[YT_INFO   ] Getting pointer to particle list information  ... done.
[YT_INFO   ] Getting pointer to field list information ...
[YT_INFO   ] Getting pointer to field list information  ... done.
[YT_INFO   ] Getting pointer to local grids information ...
[YT_INFO   ] Getting pointer to local grids information  ... done.
[YT_INFO   ] Loading full hierarchy and local data to libyt ...
[YT_INFO   ] Loading full hierarchy and local data ... done.
[YT_INFO   ] Performing YT inline analysis yt_inline_func() ...
[YT_INFO   ] Performing YT inline analysis yt_inline_func() ... done.
Level[0]: dt = 0.0629956  0.0629956 (0.0629956/0.0629956)
Level[1]: dt = 0.0320386  0.0320386 (0.0320386/0.0629956)
Level[2]: dt = 0.0164984  0.0164984 (0.0164984/0.0320386)
Level[3]: dt = 0.00802305  0.00802305 (0.00802305/0.0164984)
Level[4]: dt = 0.00392833  0.00392833 (0.00392833/0.00802305)
Level[5]: dt = 0.00170033  0.00170033 (0.00170033/0.00392833)
RebuildHierarchy: level = 5
TransferSubgridParticles[5]: Moved 0 particles, 0 stars, 0 active particles.
DetermineSGSize: MaxSubgridSize = 2000, MinSubgridEdge = 4, ncells = 4152
RebuildHierarchy[5]: Flagged 0/11 grids. 0 flagged cells
Level[5]: dt = 0.00169893  0.00169893 (0.00339927/0.00392833)
RebuildHierarchy: level = 5
TransferSubgridParticles[5]: Moved 0 particles, 0 stars, 0 active particles.
DetermineSGSize: MaxSubgridSize = 2000, MinSubgridEdge = 4, ncells = 4152
RebuildHierarchy[5]: Flagged 0/11 grids. 0 flagged cells
Level[5]: dt = 0.000529061  0.00169813 (0.00392833/0.00392833)
EvolveLevel[5]: NumberOfSubCycles = 3 (101 total, 3 sub)
RebuildHierarchy: level = 4
TransferSubgridParticles[4]: Moved 0 particles, 0 stars, 0 active particles.
DetermineSGSize: MaxSubgridSize = 2000, MinSubgridEdge = 4, ncells = 4152
RebuildHierarchy[4]: Flagged 11/21 grids. 471 flagged cells
LoadBalance: Number of grids moved = 11 out of 11 (0.000474602 seconds elapsed)
DetermineSGSize: MaxSubgridSize = 2000, MinSubgridEdge = 4, ncells = 4152
RebuildHierarchy[5]: Flagged 0/11 grids. 0 flagged cells
Level[4]: dt = 0.00409473  0.00392408 (0.00802305/0.00802305)
Level[5]: dt = 0.00169782  0.00169782 (0.00169782/0.00409473)
RebuildHierarchy: level = 5
TransferSubgridParticles[5]: Moved 0 particles, 0 stars, 0 active particles.
DetermineSGSize: MaxSubgridSize = 2000, MinSubgridEdge = 4, ncells = 4048
RebuildHierarchy[5]: Flagged 0/11 grids. 0 flagged cells
Level[5]: dt = 0.00169685  0.00169685 (0.00339467/0.00409473)
RebuildHierarchy: level = 5
TransferSubgridParticles[5]: Moved 0 particles, 0 stars, 0 active particles.
DetermineSGSize: MaxSubgridSize = 2000, MinSubgridEdge = 4, ncells = 4048
RebuildHierarchy[5]: Flagged 0/11 grids. 0 flagged cells
Level[5]: dt = 0.000700054  0.00169648 (0.00409473/0.00409473)
EvolveLevel[5]: NumberOfSubCycles = 3 (104 total, 3 sub)
EvolveLevel[4]: NumberOfSubCycles = 2 (40 total, 2 sub)
RebuildHierarchy: level = 3
TransferSubgridParticles[3]: Moved 248 particles, 0 stars, 0 active particles.
DetermineSGSize: MaxSubgridSize = 2000, MinSubgridEdge = 4, ncells = 6840
RebuildHierarchy[3]: Flagged 20/68 grids. 813 flagged cells
LoadBalance: Number of grids moved = 18 out of 21 (2.49483e-05 seconds elapsed)
DetermineSGSize: MaxSubgridSize = 2000, MinSubgridEdge = 4, ncells = 4048
RebuildHierarchy[4]: Flagged 11/21 grids. 474 flagged cells
LoadBalance: Number of grids moved = 11 out of 11 (0.00061537 seconds elapsed)
DetermineSGSize: MaxSubgridSize = 2000, MinSubgridEdge = 4, ncells = 4048
RebuildHierarchy[5]: Flagged 0/11 grids. 0 flagged cells
Level[3]: dt = 0.00801922  0.00801922 (0.0160423/0.0164984)
Level[4]: dt = 0.00392024  0.00392024 (0.00392024/0.00801922)
Level[5]: dt = 0.00169624  0.00169624 (0.00169624/0.00392024)
RebuildHierarchy: level = 5
TransferSubgridParticles[5]: Moved 0 particles, 0 stars, 0 active particles.
DetermineSGSize: MaxSubgridSize = 2000, MinSubgridEdge = 4, ncells = 4048
RebuildHierarchy[5]: Flagged 0/11 grids. 0 flagged cells
Level[5]: dt = 0.00169568  0.00169568 (0.00339192/0.00392024)
RebuildHierarchy: level = 5
TransferSubgridParticles[5]: Moved 0 particles, 0 stars, 0 active particles.
DetermineSGSize: MaxSubgridSize = 2000, MinSubgridEdge = 4, ncells = 4048
RebuildHierarchy[5]: Flagged 0/11 grids. 0 flagged cells
Level[5]: dt = 0.00052832  0.00169568 (0.00392024/0.00392024)
EvolveLevel[5]: NumberOfSubCycles = 3 (107 total, 3 sub)
RebuildHierarchy: level = 4
TransferSubgridParticles[4]: Moved 0 particles, 0 stars, 0 active particles.
DetermineSGSize: MaxSubgridSize = 2000, MinSubgridEdge = 4, ncells = 4048
RebuildHierarchy[4]: Flagged 11/21 grids. 465 flagged cells
LoadBalance: Number of grids moved = 11 out of 11 (0.000493739 seconds elapsed)
DetermineSGSize: MaxSubgridSize = 2000, MinSubgridEdge = 4, ncells = 4048
RebuildHierarchy[5]: Flagged 0/11 grids. 0 flagged cells
Level[4]: dt = 0.00409899  0.003917 (0.00801922/0.00801922)
Level[5]: dt = 0.0016956  0.0016956 (0.0016956/0.00409899)
RebuildHierarchy: level = 5
TransferSubgridParticles[5]: Moved 0 particles, 0 stars, 0 active particles.
DetermineSGSize: MaxSubgridSize = 2000, MinSubgridEdge = 4, ncells = 3952
RebuildHierarchy[5]: Flagged 0/11 grids. 0 flagged cells
Level[5]: dt = 0.00169538  0.00169538 (0.00339098/0.00409899)
RebuildHierarchy: level = 5
TransferSubgridParticles[5]: Moved 0 particles, 0 stars, 0 active particles.
DetermineSGSize: MaxSubgridSize = 2000, MinSubgridEdge = 4, ncells = 3952
RebuildHierarchy[5]: Flagged 0/11 grids. 0 flagged cells
Level[5]: dt = 0.000708008  0.00169569 (0.00409899/0.00409899)
EvolveLevel[5]: NumberOfSubCycles = 3 (110 total, 3 sub)
EvolveLevel[4]: NumberOfSubCycles = 2 (42 total, 2 sub)
Level[3]: dt = 0.000456117  0.00802015 (0.0164984/0.0164984)
Level[4]: dt = 0.000456117  0.00391419 (0.000456117/0.000456117)
Level[5]: dt = 0.000456117  0.00169571 (0.000456117/0.000456117)
EvolveLevel[5]: NumberOfSubCycles = 1 (111 total, 1 sub)
EvolveLevel[4]: NumberOfSubCycles = 1 (43 total, 1 sub)
EvolveLevel[3]: NumberOfSubCycles = 3 (20 total, 3 sub)
RebuildHierarchy: level = 2
TransferSubgridParticles[2]: Moved 1756 particles, 0 stars, 0 active particles.
DetermineSGSize: MaxSubgridSize = 2000, MinSubgridEdge = 4, ncells = 43360
RebuildHierarchy[2]: Flagged 67/344 grids. 3539 flagged cells
LoadBalance: Number of grids moved = 71 out of 71 (0.0014727 seconds elapsed)
DetermineSGSize: MaxSubgridSize = 2000, MinSubgridEdge = 4, ncells = 6936
RebuildHierarchy[3]: Flagged 21/71 grids. 839 flagged cells
LoadBalance: Number of grids moved = 19 out of 22 (2.67737e-05 seconds elapsed)
DetermineSGSize: MaxSubgridSize = 2000, MinSubgridEdge = 4, ncells = 3952
RebuildHierarchy[4]: Flagged 11/22 grids. 468 flagged cells
LoadBalance: Number of grids moved = 11 out of 11 (0.000451926 seconds elapsed)
DetermineSGSize: MaxSubgridSize = 2000, MinSubgridEdge = 4, ncells = 3952
RebuildHierarchy[5]: Flagged 0/11 grids. 0 flagged cells
Level[2]: dt = 0.0155402  0.0164977 (0.0320386/0.0320386)
Level[3]: dt = 0.00802025  0.00802025 (0.00802025/0.0155402)
Level[4]: dt = 0.00391391  0.00391391 (0.00391391/0.00802025)
Level[5]: dt = 0.00169571  0.00169571 (0.00169571/0.00391391)
RebuildHierarchy: level = 5
TransferSubgridParticles[5]: Moved 0 particles, 0 stars, 0 active particles.
DetermineSGSize: MaxSubgridSize = 2000, MinSubgridEdge = 4, ncells = 3952
RebuildHierarchy[5]: Flagged 0/11 grids. 0 flagged cells
Level[5]: dt = 0.00169624  0.00169624 (0.00339195/0.00391391)
RebuildHierarchy: level = 5
TransferSubgridParticles[5]: Moved 0 particles, 0 stars, 0 active particles.
DetermineSGSize: MaxSubgridSize = 2000, MinSubgridEdge = 4, ncells = 3952
RebuildHierarchy[5]: Flagged 0/11 grids. 0 flagged cells
Level[5]: dt = 0.000521959  0.00169669 (0.00391391/0.00391391)
EvolveLevel[5]: NumberOfSubCycles = 3 (114 total, 3 sub)
RebuildHierarchy: level = 4
TransferSubgridParticles[4]: Moved 0 particles, 0 stars, 0 active particles.
DetermineSGSize: MaxSubgridSize = 2000, MinSubgridEdge = 4, ncells = 3952
RebuildHierarchy[4]: Flagged 11/22 grids. 462 flagged cells
LoadBalance: Number of grids moved = 11 out of 11 (0.000435837 seconds elapsed)
DetermineSGSize: MaxSubgridSize = 2000, MinSubgridEdge = 4, ncells = 3952
RebuildHierarchy[5]: Flagged 0/11 grids. 0 flagged cells
Level[4]: dt = 0.00410634  0.00391193 (0.00802025/0.00802025)
Level[5]: dt = 0.00169684  0.00169684 (0.00169684/0.00410634)
RebuildHierarchy: level = 5
TransferSubgridParticles[5]: Moved 0 particles, 0 stars, 0 active particles.
DetermineSGSize: MaxSubgridSize = 2000, MinSubgridEdge = 4, ncells = 3800
RebuildHierarchy[5]: Flagged 0/11 grids. 0 flagged cells
Level[5]: dt = 0.00169782  0.00169782 (0.00339465/0.00410634)
RebuildHierarchy: level = 5
TransferSubgridParticles[5]: Moved 0 particles, 0 stars, 0 active particles.
DetermineSGSize: MaxSubgridSize = 2000, MinSubgridEdge = 4, ncells = 3800
RebuildHierarchy[5]: Flagged 0/11 grids. 0 flagged cells
Level[5]: dt = 0.000711683  0.00169919 (0.00410634/0.00410634)
EvolveLevel[5]: NumberOfSubCycles = 3 (117 total, 3 sub)
EvolveLevel[4]: NumberOfSubCycles = 2 (45 total, 2 sub)
RebuildHierarchy: level = 3
TransferSubgridParticles[3]: Moved 3 particles, 0 stars, 0 active particles.
DetermineSGSize: MaxSubgridSize = 2000, MinSubgridEdge = 4, ncells = 7152
RebuildHierarchy[3]: Flagged 21/71 grids. 821 flagged cells
LoadBalance: Number of grids moved = 19 out of 22 (2.46614e-05 seconds elapsed)
DetermineSGSize: MaxSubgridSize = 2000, MinSubgridEdge = 4, ncells = 3800
RebuildHierarchy[4]: Flagged 11/22 grids. 465 flagged cells
LoadBalance: Number of grids moved = 11 out of 11 (0.000503045 seconds elapsed)
DetermineSGSize: MaxSubgridSize = 2000, MinSubgridEdge = 4, ncells = 3800
RebuildHierarchy[5]: Flagged 0/11 grids. 0 flagged cells
Level[3]: dt = 0.00751992  0.00802507 (0.0155402/0.0155402)
Level[4]: dt = 0.00391043  0.00391043 (0.00391043/0.00751992)
Level[5]: dt = 0.00169977  0.00169977 (0.00169977/0.00391043)
RebuildHierarchy: level = 5
TransferSubgridParticles[5]: Moved 0 particles, 0 stars, 0 active particles.
DetermineSGSize: MaxSubgridSize = 2000, MinSubgridEdge = 4, ncells = 3856
RebuildHierarchy[5]: Flagged 0/11 grids. 0 flagged cells
Level[5]: dt = 0.00170164  0.00170164 (0.00340141/0.00391043)
RebuildHierarchy: level = 5
TransferSubgridParticles[5]: Moved 0 particles, 0 stars, 0 active particles.
DetermineSGSize: MaxSubgridSize = 2000, MinSubgridEdge = 4, ncells = 3856
RebuildHierarchy[5]: Flagged 0/11 grids. 0 flagged cells
Level[5]: dt = 0.000509022  0.00170383 (0.00391043/0.00391043)
EvolveLevel[5]: NumberOfSubCycles = 3 (120 total, 3 sub)
RebuildHierarchy: level = 4
TransferSubgridParticles[4]: Moved 0 particles, 0 stars, 0 active particles.
DetermineSGSize: MaxSubgridSize = 2000, MinSubgridEdge = 4, ncells = 3856
RebuildHierarchy[4]: Flagged 11/22 grids. 465 flagged cells
LoadBalance: Number of grids moved = 11 out of 11 (0.000476647 seconds elapsed)
DetermineSGSize: MaxSubgridSize = 2000, MinSubgridEdge = 4, ncells = 3856
RebuildHierarchy[5]: Flagged 0/11 grids. 0 flagged cells
Level[4]: dt = 0.00360949  0.00390966 (0.00751992/0.00751992)
Level[5]: dt = 0.00170449  0.00170449 (0.00170449/0.00360949)
RebuildHierarchy: level = 5
TransferSubgridParticles[5]: Moved 0 particles, 0 stars, 0 active particles.
DetermineSGSize: MaxSubgridSize = 2000, MinSubgridEdge = 4, ncells = 3856
RebuildHierarchy[5]: Flagged 0/11 grids. 0 flagged cells
Level[5]: dt = 0.00170713  0.00170713 (0.00341162/0.00360949)
RebuildHierarchy: level = 5
TransferSubgridParticles[5]: Moved 0 particles, 0 stars, 0 active particles.
DetermineSGSize: MaxSubgridSize = 2000, MinSubgridEdge = 4, ncells = 3856
RebuildHierarchy[5]: Flagged 0/11 grids. 0 flagged cells
Level[5]: dt = 0.000197877  0.00171008 (0.00360949/0.00360949)
EvolveLevel[5]: NumberOfSubCycles = 3 (123 total, 3 sub)
EvolveLevel[4]: NumberOfSubCycles = 2 (47 total, 2 sub)
EvolveLevel[3]: NumberOfSubCycles = 2 (22 total, 2 sub)
EvolveLevel[2]: NumberOfSubCycles = 2 (10 total, 2 sub)
RebuildHierarchy: level = 1
TransferSubgridParticles[1]: Moved 44132 particles, 0 stars, 0 active particles.
DetermineSGSize: MaxSubgridSize = 2000, MinSubgridEdge = 4, ncells = 260168
RebuildHierarchy[1]: Flagged 294/4181 grids. 19906 flagged cells
LoadBalance: Number of grids moved = 349 out of 352 (0.00111044 seconds elapsed)
DetermineSGSize: MaxSubgridSize = 2000, MinSubgridEdge = 4, ncells = 44704
RebuildHierarchy[2]: Flagged 68/352 grids. 3570 flagged cells
LoadBalance: Number of grids moved = 72 out of 72 (0.00138152 seconds elapsed)
DetermineSGSize: MaxSubgridSize = 2000, MinSubgridEdge = 4, ncells = 6896
RebuildHierarchy[3]: Flagged 21/72 grids. 824 flagged cells
LoadBalance: Number of grids moved = 19 out of 22 (2.39611e-05 seconds elapsed)
DetermineSGSize: MaxSubgridSize = 2000, MinSubgridEdge = 4, ncells = 3856
RebuildHierarchy[4]: Flagged 11/22 grids. 480 flagged cells
LoadBalance: Number of grids moved = 11 out of 11 (0.000631358 seconds elapsed)
DetermineSGSize: MaxSubgridSize = 2000, MinSubgridEdge = 4, ncells = 3856
RebuildHierarchy[5]: Flagged 0/11 grids. 0 flagged cells
Level[1]: dt = 0.0309571  0.0320462 (0.0629956/0.0629956)
Level[2]: dt = 0.0164975  0.0164975 (0.0164975/0.0309571)
Level[3]: dt = 0.0080334  0.0080334 (0.0080334/0.0164975)
Level[4]: dt = 0.00390945  0.00390945 (0.00390945/0.0080334)
Level[5]: dt = 0.00171043  0.00171043 (0.00171043/0.00390945)
RebuildHierarchy: level = 5
TransferSubgridParticles[5]: Moved 0 particles, 0 stars, 0 active particles.
DetermineSGSize: MaxSubgridSize = 2000, MinSubgridEdge = 4, ncells = 3928
RebuildHierarchy[5]: Flagged 0/11 grids. 0 flagged cells
Level[5]: dt = 0.00170923  0.00170923 (0.00341966/0.00390945)
RebuildHierarchy: level = 5
TransferSubgridParticles[5]: Moved 0 particles, 0 stars, 0 active particles.
DetermineSGSize: MaxSubgridSize = 2000, MinSubgridEdge = 4, ncells = 3928
RebuildHierarchy[5]: Flagged 0/11 grids. 0 flagged cells
Level[5]: dt = 0.000489788  0.00170791 (0.00390945/0.00390945)
EvolveLevel[5]: NumberOfSubCycles = 3 (126 total, 3 sub)
RebuildHierarchy: level = 4
TransferSubgridParticles[4]: Moved 0 particles, 0 stars, 0 active particles.
DetermineSGSize: MaxSubgridSize = 2000, MinSubgridEdge = 4, ncells = 3928
RebuildHierarchy[4]: Flagged 11/22 grids. 512 flagged cells
LoadBalance: Number of grids moved = 11 out of 11 (0.000583567 seconds elapsed)
DetermineSGSize: MaxSubgridSize = 2000, MinSubgridEdge = 4, ncells = 3928
RebuildHierarchy[5]: Flagged 0/11 grids. 0 flagged cells
Level[4]: dt = 0.00390966  0.00390966 (0.00781912/0.0080334)
Level[5]: dt = 0.00170755  0.00170755 (0.00170755/0.00390966)
RebuildHierarchy: level = 5
TransferSubgridParticles[5]: Moved 0 particles, 0 stars, 0 active particles.
DetermineSGSize: MaxSubgridSize = 2000, MinSubgridEdge = 4, ncells = 4376
RebuildHierarchy[5]: Flagged 0/11 grids. 0 flagged cells
Level[5]: dt = 0.00170649  0.00170649 (0.00341404/0.00390966)
RebuildHierarchy: level = 5
TransferSubgridParticles[5]: Moved 0 particles, 0 stars, 0 active particles.
DetermineSGSize: MaxSubgridSize = 2000, MinSubgridEdge = 4, ncells = 4376
RebuildHierarchy[5]: Flagged 0/11 grids. 0 flagged cells
Level[5]: dt = 0.000495625  0.00170544 (0.00390966/0.00390966)
EvolveLevel[5]: NumberOfSubCycles = 3 (129 total, 3 sub)
Level[4]: dt = 0.000214288  0.00391035 (0.0080334/0.0080334)
Level[5]: dt = 0.000214288  0.00170515 (0.000214288/0.000214288)
EvolveLevel[5]: NumberOfSubCycles = 1 (130 total, 1 sub)
EvolveLevel[4]: NumberOfSubCycles = 3 (50 total, 3 sub)
RebuildHierarchy: level = 3
TransferSubgridParticles[3]: Moved 4 particles, 0 stars, 0 active particles.
DetermineSGSize: MaxSubgridSize = 2000, MinSubgridEdge = 4, ncells = 6872
RebuildHierarchy[3]: Flagged 21/72 grids. 816 flagged cells
LoadBalance: Number of grids moved = 18 out of 21 (2.43858e-05 seconds elapsed)
DetermineSGSize: MaxSubgridSize = 2000, MinSubgridEdge = 4, ncells = 4376
RebuildHierarchy[4]: Flagged 11/21 grids. 521 flagged cells
LoadBalance: Number of grids moved = 11 out of 11 (0.000588953 seconds elapsed)
DetermineSGSize: MaxSubgridSize = 2000, MinSubgridEdge = 4, ncells = 4376
RebuildHierarchy[5]: Flagged 0/11 grids. 0 flagged cells
Level[3]: dt = 0.00804683  0.00804683 (0.0160802/0.0164975)
Level[4]: dt = 0.00391041  0.00391041 (0.00391041/0.00804683)
Level[5]: dt = 0.00170503  0.00170503 (0.00170503/0.00391041)
RebuildHierarchy: level = 5
TransferSubgridParticles[5]: Moved 0 particles, 0 stars, 0 active particles.
DetermineSGSize: MaxSubgridSize = 2000, MinSubgridEdge = 4, ncells = 4472
RebuildHierarchy[5]: Flagged 0/11 grids. 0 flagged cells
Level[5]: dt = 0.00170415  0.00170415 (0.00340918/0.00391041)
RebuildHierarchy: level = 5
TransferSubgridParticles[5]: Moved 0 particles, 0 stars, 0 active particles.
DetermineSGSize: MaxSubgridSize = 2000, MinSubgridEdge = 4, ncells = 4472
RebuildHierarchy[5]: Flagged 0/11 grids. 0 flagged cells
Level[5]: dt = 0.000501229  0.00170344 (0.00391041/0.00391041)
EvolveLevel[5]: NumberOfSubCycles = 3 (133 total, 3 sub)
RebuildHierarchy: level = 4
TransferSubgridParticles[4]: Moved 0 particles, 0 stars, 0 active particles.
DetermineSGSize: MaxSubgridSize = 2000, MinSubgridEdge = 4, ncells = 4472
RebuildHierarchy[4]: Flagged 11/21 grids. 524 flagged cells
LoadBalance: Number of grids moved = 11 out of 11 (0.000606358 seconds elapsed)
DetermineSGSize: MaxSubgridSize = 2000, MinSubgridEdge = 4, ncells = 4472
RebuildHierarchy[5]: Flagged 0/11 grids. 0 flagged cells
Level[4]: dt = 0.00391158  0.00391158 (0.00782199/0.00804683)
Level[5]: dt = 0.00170324  0.00170324 (0.00170324/0.00391158)
RebuildHierarchy: level = 5
TransferSubgridParticles[5]: Moved 0 particles, 0 stars, 0 active particles.
DetermineSGSize: MaxSubgridSize = 2000, MinSubgridEdge = 4, ncells = 4472
RebuildHierarchy[5]: Flagged 0/11 grids. 0 flagged cells
Level[5]: dt = 0.00170263  0.00170263 (0.00340586/0.00391158)
RebuildHierarchy: level = 5
TransferSubgridParticles[5]: Moved 0 particles, 0 stars, 0 active particles.
DetermineSGSize: MaxSubgridSize = 2000, MinSubgridEdge = 4, ncells = 4472
RebuildHierarchy[5]: Flagged 0/11 grids. 0 flagged cells
Level[5]: dt = 0.00050572  0.00170217 (0.00391158/0.00391158)
EvolveLevel[5]: NumberOfSubCycles = 3 (136 total, 3 sub)
Level[4]: dt = 0.00022484  0.00391318 (0.00804683/0.00804683)
Level[5]: dt = 0.00022484  0.00170204 (0.00022484/0.00022484)
EvolveLevel[5]: NumberOfSubCycles = 1 (137 total, 1 sub)
EvolveLevel[4]: NumberOfSubCycles = 3 (53 total, 3 sub)
Level[3]: dt = 0.000417229  0.00806578 (0.0164975/0.0164975)
Level[4]: dt = 0.000417229  0.00391329 (0.000417229/0.000417229)
Level[5]: dt = 0.000417229  0.00170198 (0.000417229/0.000417229)
EvolveLevel[5]: NumberOfSubCycles = 1 (138 total, 1 sub)
EvolveLevel[4]: NumberOfSubCycles = 1 (54 total, 1 sub)
EvolveLevel[3]: NumberOfSubCycles = 3 (25 total, 3 sub)
RebuildHierarchy: level = 2
TransferSubgridParticles[2]: Moved 76 particles, 0 stars, 0 active particles.
DetermineSGSize: MaxSubgridSize = 2000, MinSubgridEdge = 4, ncells = 44832
RebuildHierarchy[2]: Flagged 67/352 grids. 3616 flagged cells
LoadBalance: Number of grids moved = 70 out of 70 (0.00197073 seconds elapsed)
DetermineSGSize: MaxSubgridSize = 2000, MinSubgridEdge = 4, ncells = 6952
RebuildHierarchy[3]: Flagged 21/70 grids. 811 flagged cells
LoadBalance: Number of grids moved = 18 out of 21 (2.45236e-05 seconds elapsed)
DetermineSGSize: MaxSubgridSize = 2000, MinSubgridEdge = 4, ncells = 4472
RebuildHierarchy[4]: Flagged 12/21 grids. 563 flagged cells
LoadBalance: Number of grids moved = 12 out of 12 (0.000600297 seconds elapsed)
DetermineSGSize: MaxSubgridSize = 2000, MinSubgridEdge = 4, ncells = 4472
RebuildHierarchy[5]: Flagged 0/12 grids. 0 flagged cells
Level[2]: dt = 0.0144596  0.0164983 (0.0309571/0.0309571)
Level[3]: dt = 0.00806685  0.00806685 (0.00806685/0.0144596)
Level[4]: dt = 0.00391349  0.00391349 (0.00391349/0.00806685)
Level[5]: dt = 0.00170187  0.00170187 (0.00170187/0.00391349)
RebuildHierarchy: level = 5
TransferSubgridParticles[5]: Moved 0 particles, 0 stars, 0 active particles.
DetermineSGSize: MaxSubgridSize = 2000, MinSubgridEdge = 4, ncells = 4784
RebuildHierarchy[5]: Flagged 0/12 grids. 0 flagged cells
Level[5]: dt = 0.00170167  0.00170167 (0.00340353/0.00391349)
RebuildHierarchy: level = 5
TransferSubgridParticles[5]: Moved 0 particles, 0 stars, 0 active particles.
DetermineSGSize: MaxSubgridSize = 2000, MinSubgridEdge = 4, ncells = 4784
RebuildHierarchy[5]: Flagged 0/12 grids. 0 flagged cells
Level[5]: dt = 0.000509953  0.00170142 (0.00391349/0.00391349)
EvolveLevel[5]: NumberOfSubCycles = 3 (141 total, 3 sub)
RebuildHierarchy: level = 4
TransferSubgridParticles[4]: Moved 0 particles, 0 stars, 0 active particles.
DetermineSGSize: MaxSubgridSize = 2000, MinSubgridEdge = 4, ncells = 4784
RebuildHierarchy[4]: Flagged 12/21 grids. 562 flagged cells
LoadBalance: Number of grids moved = 12 out of 12 (0.000507407 seconds elapsed)
DetermineSGSize: MaxSubgridSize = 2000, MinSubgridEdge = 4, ncells = 4784
RebuildHierarchy[5]: Flagged 0/12 grids. 0 flagged cells
Level[4]: dt = 0.00391561  0.00391561 (0.0078291/0.00806685)
Level[5]: dt = 0.00170136  0.00170136 (0.00170136/0.00391561)
RebuildHierarchy: level = 5
TransferSubgridParticles[5]: Moved 0 particles, 0 stars, 0 active particles.
DetermineSGSize: MaxSubgridSize = 2000, MinSubgridEdge = 4, ncells = 4784
RebuildHierarchy[5]: Flagged 0/12 grids. 0 flagged cells
Level[5]: dt = 0.00170139  0.00170139 (0.00340275/0.00391561)
RebuildHierarchy: level = 5
TransferSubgridParticles[5]: Moved 0 particles, 0 stars, 0 active particles.
DetermineSGSize: MaxSubgridSize = 2000, MinSubgridEdge = 4, ncells = 4784
RebuildHierarchy[5]: Flagged 0/12 grids. 0 flagged cells
Level[5]: dt = 0.000512866  0.00170137 (0.00391561/0.00391561)
EvolveLevel[5]: NumberOfSubCycles = 3 (144 total, 3 sub)
Level[4]: dt = 0.000237753  0.00391827 (0.00806685/0.00806685)
Level[5]: dt = 0.000237753  0.00170135 (0.000237753/0.000237753)
EvolveLevel[5]: NumberOfSubCycles = 1 (145 total, 1 sub)
EvolveLevel[4]: NumberOfSubCycles = 3 (57 total, 3 sub)
RebuildHierarchy: level = 3
TransferSubgridParticles[3]: Moved 4 particles, 0 stars, 0 active particles.
DetermineSGSize: MaxSubgridSize = 2000, MinSubgridEdge = 4, ncells = 6952
RebuildHierarchy[3]: Flagged 21/70 grids. 810 flagged cells
LoadBalance: Number of grids moved = 18 out of 21 (2.55741e-05 seconds elapsed)
DetermineSGSize: MaxSubgridSize = 2000, MinSubgridEdge = 4, ncells = 4784
RebuildHierarchy[4]: Flagged 12/21 grids. 562 flagged cells
LoadBalance: Number of grids moved = 12 out of 12 (0.000654288 seconds elapsed)
DetermineSGSize: MaxSubgridSize = 2000, MinSubgridEdge = 4, ncells = 4784
RebuildHierarchy[5]: Flagged 0/12 grids. 0 flagged cells
Level[3]: dt = 0.00639276  0.00809074 (0.0144596/0.0144596)
Level[4]: dt = 0.00391845  0.00391845 (0.00391845/0.00639276)
Level[5]: dt = 0.00170134  0.00170134 (0.00170134/0.00391845)
RebuildHierarchy: level = 5
TransferSubgridParticles[5]: Moved 0 particles, 0 stars, 0 active particles.
DetermineSGSize: MaxSubgridSize = 2000, MinSubgridEdge = 4, ncells = 4784
RebuildHierarchy[5]: Flagged 0/12 grids. 0 flagged cells
Level[5]: dt = 0.00170137  0.00170137 (0.00340271/0.00391845)
RebuildHierarchy: level = 5
TransferSubgridParticles[5]: Moved 0 particles, 0 stars, 0 active particles.
DetermineSGSize: MaxSubgridSize = 2000, MinSubgridEdge = 4, ncells = 4784
RebuildHierarchy[5]: Flagged 0/12 grids. 0 flagged cells
Level[5]: dt = 0.000515736  0.00170152 (0.00391845/0.00391845)
EvolveLevel[5]: NumberOfSubCycles = 3 (148 total, 3 sub)
RebuildHierarchy: level = 4
TransferSubgridParticles[4]: Moved 0 particles, 0 stars, 0 active particles.
DetermineSGSize: MaxSubgridSize = 2000, MinSubgridEdge = 4, ncells = 4784
RebuildHierarchy[4]: Flagged 11/21 grids. 535 flagged cells
LoadBalance: Number of grids moved = 11 out of 11 (0.000611406 seconds elapsed)
DetermineSGSize: MaxSubgridSize = 2000, MinSubgridEdge = 4, ncells = 4784
RebuildHierarchy[5]: Flagged 0/11 grids. 0 flagged cells
Level[4]: dt = 0.00247432  0.00392158 (0.00639276/0.00639276)
Level[5]: dt = 0.00170153  0.00170153 (0.00170153/0.00247432)
RebuildHierarchy: level = 5
TransferSubgridParticles[5]: Moved 0 particles, 0 stars, 0 active particles.
DetermineSGSize: MaxSubgridSize = 2000, MinSubgridEdge = 4, ncells = 4568
RebuildHierarchy[5]: Flagged 0/11 grids. 0 flagged cells
Level[5]: dt = 0.000772783  0.00170168 (0.00247432/0.00247432)
EvolveLevel[5]: NumberOfSubCycles = 2 (150 total, 2 sub)
EvolveLevel[4]: NumberOfSubCycles = 2 (59 total, 2 sub)
EvolveLevel[3]: NumberOfSubCycles = 2 (27 total, 2 sub)
EvolveLevel[2]: NumberOfSubCycles = 2 (12 total, 2 sub)
EvolveLevel[1]: NumberOfSubCycles = 2 (6 total, 2 sub)
EvolveLevel[0]: NumberOfSubCycles = 1 (3 total, 3 sub)
CPUTime-output: Frac = 0.999990, Current = 358.862 (358.862), Stop = 2592000.000000, Last = 25.6722
[YT_INFO   ] Setting YT parameters ...
[YT_INFO   ] Setting YT parameters ... done.
[YT_INFO   ] Getting pointer to particle list information ...
[YT_INFO   ] Getting pointer to particle list information  ... done.
[YT_INFO   ] Getting pointer to field list information ...
[YT_INFO   ] Getting pointer to field list information  ... done.
[YT_INFO   ] Getting pointer to local grids information ...
[YT_INFO   ] Getting pointer to local grids information  ... done.
[YT_INFO   ] Loading full hierarchy and local data to libyt ...
[YT_INFO   ] Loading full hierarchy and local data ... done.
[YT_INFO   ] Performing YT inline analysis yt_inline_func() ...
[YT_INFO   ] Performing YT inline analysis yt_inline_func() ... done.
Level[0]: dt = 0.0630518  0.0630518 (0.0630518/0.0630518)
PrepareGreens: Start = 0 0 36  Dim = 32 52 38
PrepareGreens: Start = 0 0 0  Dim = 32 52 36
Level[1]: dt = 0.0320536  0.0320536 (0.0320536/0.0630518)
Level[2]: dt = 0.0164992  0.0164992 (0.0164992/0.0320536)
Level[3]: dt = 0.00811346  0.00811346 (0.00811346/0.0164992)
Level[4]: dt = 0.00392382  0.00392382 (0.00392382/0.00811346)
Level[5]: dt = 0.00170173  0.00170173 (0.00170173/0.00392382)
RebuildHierarchy: level = 5
TransferSubgridParticles[5]: Moved 0 particles, 0 stars, 0 active particles.
DetermineSGSize: MaxSubgridSize = 2000, MinSubgridEdge = 4, ncells = 4568
RebuildHierarchy[5]: Flagged 0/11 grids. 0 flagged cells
Level[5]: dt = 0.00170204  0.00170204 (0.00340377/0.00392382)
RebuildHierarchy: level = 5
TransferSubgridParticles[5]: Moved 0 particles, 0 stars, 0 active particles.
DetermineSGSize: MaxSubgridSize = 2000, MinSubgridEdge = 4, ncells = 4568
RebuildHierarchy[5]: Flagged 0/11 grids. 0 flagged cells
Level[5]: dt = 0.000520049  0.00170237 (0.00392382/0.00392382)
EvolveLevel[5]: NumberOfSubCycles = 3 (153 total, 3 sub)
RebuildHierarchy: level = 4
TransferSubgridParticles[4]: Moved 1 particles, 0 stars, 0 active particles.
DetermineSGSize: MaxSubgridSize = 2000, MinSubgridEdge = 4, ncells = 4568
RebuildHierarchy[4]: Flagged 12/21 grids. 559 flagged cells
LoadBalance: Number of grids moved = 12 out of 12 (0.000766359 seconds elapsed)
DetermineSGSize: MaxSubgridSize = 2000, MinSubgridEdge = 4, ncells = 4568
RebuildHierarchy[5]: Flagged 0/12 grids. 0 flagged cells
Level[4]: dt = 0.00392778  0.00392778 (0.0078516/0.00811346)
Level[5]: dt = 0.00170249  0.00170249 (0.00170249/0.00392778)
RebuildHierarchy: level = 5
TransferSubgridParticles[5]: Moved 0 particles, 0 stars, 0 active particles.
DetermineSGSize: MaxSubgridSize = 2000, MinSubgridEdge = 4, ncells = 4784
RebuildHierarchy[5]: Flagged 0/12 grids. 0 flagged cells
Level[5]: dt = 0.00170313  0.00170313 (0.00340562/0.00392778)
RebuildHierarchy: level = 5
TransferSubgridParticles[5]: Moved 0 particles, 0 stars, 0 active particles.
DetermineSGSize: MaxSubgridSize = 2000, MinSubgridEdge = 4, ncells = 4784
RebuildHierarchy[5]: Flagged 0/12 grids. 0 flagged cells
Level[5]: dt = 0.000522156  0.00170422 (0.00392778/0.00392778)
EvolveLevel[5]: NumberOfSubCycles = 3 (156 total, 3 sub)
Level[4]: dt = 0.000261857  0.00393232 (0.00811346/0.00811346)
Level[5]: dt = 0.000261857  0.00170454 (0.000261857/0.000261857)
EvolveLevel[5]: NumberOfSubCycles = 1 (157 total, 1 sub)
EvolveLevel[4]: NumberOfSubCycles = 3 (62 total, 3 sub)
RebuildHierarchy: level = 3
TransferSubgridParticles[3]: Moved 10 particles, 0 stars, 0 active particles.
DetermineSGSize: MaxSubgridSize = 2000, MinSubgridEdge = 4, ncells = 6952
RebuildHierarchy[3]: Flagged 22/70 grids. 841 flagged cells
LoadBalance: Number of grids moved = 19 out of 22 (2.6606e-05 seconds elapsed)
DetermineSGSize: MaxSubgridSize = 2000, MinSubgridEdge = 4, ncells = 4784
RebuildHierarchy[4]: Flagged 12/22 grids. 568 flagged cells
LoadBalance: Number of grids moved = 12 out of 12 (0.000758499 seconds elapsed)
DetermineSGSize: MaxSubgridSize = 2000, MinSubgridEdge = 4, ncells = 4784
RebuildHierarchy[5]: Flagged 0/12 grids. 0 flagged cells
Level[3]: dt = 0.00838579  0.00814558 (0.0164992/0.0164992)
Level[4]: dt = 0.00393264  0.00393264 (0.00393264/0.00838579)
Level[5]: dt = 0.0017047  0.0017047 (0.0017047/0.00393264)
RebuildHierarchy: level = 5
TransferSubgridParticles[5]: Moved 0 particles, 0 stars, 0 active particles.
DetermineSGSize: MaxSubgridSize = 2000, MinSubgridEdge = 4, ncells = 4912
RebuildHierarchy[5]: Flagged 0/12 grids. 0 flagged cells
Level[5]: dt = 0.00170616  0.00170616 (0.00341086/0.00393264)
RebuildHierarchy: level = 5
TransferSubgridParticles[5]: Moved 0 particles, 0 stars, 0 active particles.
DetermineSGSize: MaxSubgridSize = 2000, MinSubgridEdge = 4, ncells = 4912
RebuildHierarchy[5]: Flagged 0/12 grids. 0 flagged cells
Level[5]: dt = 0.000521782  0.00170782 (0.00393264/0.00393264)
EvolveLevel[5]: NumberOfSubCycles = 3 (160 total, 3 sub)
RebuildHierarchy: level = 4
TransferSubgridParticles[4]: Moved 0 particles, 0 stars, 0 active particles.
DetermineSGSize: MaxSubgridSize = 2000, MinSubgridEdge = 4, ncells = 4912
RebuildHierarchy[4]: Flagged 11/22 grids. 541 flagged cells
LoadBalance: Number of grids moved = 11 out of 11 (0.000598203 seconds elapsed)
DetermineSGSize: MaxSubgridSize = 2000, MinSubgridEdge = 4, ncells = 4912
RebuildHierarchy[5]: Flagged 0/11 grids. 0 flagged cells
Level[4]: dt = 0.0039378  0.0039378 (0.00787044/0.00838579)
Level[5]: dt = 0.00170829  0.00170829 (0.00170829/0.0039378)
RebuildHierarchy: level = 5
TransferSubgridParticles[5]: Moved 0 particles, 0 stars, 0 active particles.
DetermineSGSize: MaxSubgridSize = 2000, MinSubgridEdge = 4, ncells = 4696
RebuildHierarchy[5]: Flagged 0/11 grids. 0 flagged cells
Level[5]: dt = 0.00171012  0.00171012 (0.00341841/0.0039378)
RebuildHierarchy: level = 5
TransferSubgridParticles[5]: Moved 0 particles, 0 stars, 0 active particles.
DetermineSGSize: MaxSubgridSize = 2000, MinSubgridEdge = 4, ncells = 4696
RebuildHierarchy[5]: Flagged 0/11 grids. 0 flagged cells
Level[5]: dt = 0.000519391  0.00171209 (0.0039378/0.0039378)
EvolveLevel[5]: NumberOfSubCycles = 3 (163 total, 3 sub)
Level[4]: dt = 0.000515352  0.00394002 (0.00838579/0.00838579)
Level[5]: dt = 0.000515352  0.00171263 (0.000515352/0.000515352)
EvolveLevel[5]: NumberOfSubCycles = 1 (164 total, 1 sub)
EvolveLevel[4]: NumberOfSubCycles = 3 (65 total, 3 sub)
EvolveLevel[3]: NumberOfSubCycles = 2 (29 total, 2 sub)
RebuildHierarchy: level = 2
TransferSubgridParticles[2]: Moved 100 particles, 0 stars, 0 active particles.
DetermineSGSize: MaxSubgridSize = 2000, MinSubgridEdge = 4, ncells = 45784
RebuildHierarchy[2]: Flagged 67/352 grids. 3626 flagged cells
LoadBalance: Number of grids moved = 70 out of 70 (0.00156838 seconds elapsed)
DetermineSGSize: MaxSubgridSize = 2000, MinSubgridEdge = 4, ncells = 7240
RebuildHierarchy[3]: Flagged 22/70 grids. 841 flagged cells
LoadBalance: Number of grids moved = 19 out of 22 (2.38307e-05 seconds elapsed)
DetermineSGSize: MaxSubgridSize = 2000, MinSubgridEdge = 4, ncells = 4696
RebuildHierarchy[4]: Flagged 11/22 grids. 544 flagged cells
LoadBalance: Number of grids moved = 11 out of 11 (0.00065567 seconds elapsed)
DetermineSGSize: MaxSubgridSize = 2000, MinSubgridEdge = 4, ncells = 4696
RebuildHierarchy[5]: Flagged 0/11 grids. 0 flagged cells
Level[2]: dt = 0.0155544  0.0165008 (0.0320536/0.0320536)
Level[3]: dt = 0.00815148  0.00815148 (0.00815148/0.0155544)
Level[4]: dt = 0.00393916  0.00393916 (0.00393916/0.00815148)
Level[5]: dt = 0.00171318  0.00171318 (0.00171318/0.00393916)
RebuildHierarchy: level = 5
TransferSubgridParticles[5]: Moved 0 particles, 0 stars, 0 active particles.
DetermineSGSize: MaxSubgridSize = 2000, MinSubgridEdge = 4, ncells = 4696
RebuildHierarchy[5]: Flagged 0/11 grids. 0 flagged cells
Level[5]: dt = 0.00171523  0.00171523 (0.00342841/0.00393916)
RebuildHierarchy: level = 5
TransferSubgridParticles[5]: Moved 0 particles, 0 stars, 0 active particles.
DetermineSGSize: MaxSubgridSize = 2000, MinSubgridEdge = 4, ncells = 4696
RebuildHierarchy[5]: Flagged 0/11 grids. 0 flagged cells
Level[5]: dt = 0.000510745  0.00171725 (0.00393916/0.00393916)
EvolveLevel[5]: NumberOfSubCycles = 3 (167 total, 3 sub)
RebuildHierarchy: level = 4
TransferSubgridParticles[4]: Moved 0 particles, 0 stars, 0 active particles.
DetermineSGSize: MaxSubgridSize = 2000, MinSubgridEdge = 4, ncells = 4696
RebuildHierarchy[4]: Flagged 11/22 grids. 531 flagged cells
LoadBalance: Number of grids moved = 11 out of 11 (0.00064981 seconds elapsed)
DetermineSGSize: MaxSubgridSize = 2000, MinSubgridEdge = 4, ncells = 4696
RebuildHierarchy[5]: Flagged 0/11 grids. 0 flagged cells
Level[4]: dt = 0.00393305  0.00393305 (0.00787221/0.00815148)
Level[5]: dt = 0.00171784  0.00171784 (0.00171784/0.00393305)
RebuildHierarchy: level = 5
TransferSubgridParticles[5]: Moved 0 particles, 0 stars, 0 active particles.
DetermineSGSize: MaxSubgridSize = 2000, MinSubgridEdge = 4, ncells = 4600
RebuildHierarchy[5]: Flagged 0/11 grids. 0 flagged cells
Level[5]: dt = 0.00172002  0.00172002 (0.00343786/0.00393305)
RebuildHierarchy: level = 5
TransferSubgridParticles[5]: Moved 0 particles, 0 stars, 0 active particles.
DetermineSGSize: MaxSubgridSize = 2000, MinSubgridEdge = 4, ncells = 4600
RebuildHierarchy[5]: Flagged 0/11 grids. 0 flagged cells
Level[5]: dt = 0.000495191  0.00172228 (0.00393305/0.00393305)
EvolveLevel[5]: NumberOfSubCycles = 3 (170 total, 3 sub)
Level[4]: dt = 0.000279272  0.00392765 (0.00815148/0.00815148)
Level[5]: dt = 0.000279272  0.00172292 (0.000279272/0.000279272)
EvolveLevel[5]: NumberOfSubCycles = 1 (171 total, 1 sub)
EvolveLevel[4]: NumberOfSubCycles = 3 (68 total, 3 sub)
RebuildHierarchy: level = 3
TransferSubgridParticles[3]: Moved 3 particles, 0 stars, 0 active particles.
DetermineSGSize: MaxSubgridSize = 2000, MinSubgridEdge = 4, ncells = 7184
RebuildHierarchy[3]: Flagged 22/70 grids. 856 flagged cells
LoadBalance: Number of grids moved = 20 out of 23 (2.53096e-05 seconds elapsed)
DetermineSGSize: MaxSubgridSize = 2000, MinSubgridEdge = 4, ncells = 4600
RebuildHierarchy[4]: Flagged 11/23 grids. 531 flagged cells
LoadBalance: Number of grids moved = 11 out of 11 (0.000492904 seconds elapsed)
DetermineSGSize: MaxSubgridSize = 2000, MinSubgridEdge = 4, ncells = 4600
RebuildHierarchy[5]: Flagged 0/11 grids. 0 flagged cells
Level[3]: dt = 0.00740289  0.00815483 (0.0155544/0.0155544)
Level[4]: dt = 0.00392728  0.00392728 (0.00392728/0.00740289)
Level[5]: dt = 0.00172328  0.00172328 (0.00172328/0.00392728)
RebuildHierarchy: level = 5
TransferSubgridParticles[5]: Moved 0 particles, 0 stars, 0 active particles.
DetermineSGSize: MaxSubgridSize = 2000, MinSubgridEdge = 4, ncells = 4600
RebuildHierarchy[5]: Flagged 0/11 grids. 0 flagged cells
Level[5]: dt = 0.0017257  0.0017257 (0.00344898/0.00392728)
RebuildHierarchy: level = 5
TransferSubgridParticles[5]: Moved 0 particles, 0 stars, 0 active particles.
DetermineSGSize: MaxSubgridSize = 2000, MinSubgridEdge = 4, ncells = 4600
RebuildHierarchy[5]: Flagged 0/11 grids. 0 flagged cells
Level[5]: dt = 0.000478294  0.0017283 (0.00392728/0.00392728)
EvolveLevel[5]: NumberOfSubCycles = 3 (174 total, 3 sub)
RebuildHierarchy: level = 4
TransferSubgridParticles[4]: Moved 0 particles, 0 stars, 0 active particles.
DetermineSGSize: MaxSubgridSize = 2000, MinSubgridEdge = 4, ncells = 4600
RebuildHierarchy[4]: Flagged 11/23 grids. 531 flagged cells
LoadBalance: Number of grids moved = 11 out of 11 (0.000606071 seconds elapsed)
DetermineSGSize: MaxSubgridSize = 2000, MinSubgridEdge = 4, ncells = 4600
RebuildHierarchy[5]: Flagged 0/11 grids. 0 flagged cells
Level[4]: dt = 0.00347561  0.00392247 (0.00740289/0.00740289)
Level[5]: dt = 0.00172903  0.00172903 (0.00172903/0.00347561)
RebuildHierarchy: level = 5
TransferSubgridParticles[5]: Moved 0 particles, 0 stars, 0 active particles.
DetermineSGSize: MaxSubgridSize = 2000, MinSubgridEdge = 4, ncells = 4600
RebuildHierarchy[5]: Flagged 0/11 grids. 0 flagged cells
Level[5]: dt = 0.00174659  0.00173185 (0.00347561/0.00347561)
EvolveLevel[5]: NumberOfSubCycles = 2 (176 total, 2 sub)
EvolveLevel[4]: NumberOfSubCycles = 2 (70 total, 2 sub)
EvolveLevel[3]: NumberOfSubCycles = 2 (31 total, 2 sub)
EvolveLevel[2]: NumberOfSubCycles = 2 (14 total, 2 sub)
RebuildHierarchy: level = 1
TransferSubgridParticles[1]: Moved 3817 particles, 0 stars, 0 active particles.
DetermineSGSize: MaxSubgridSize = 2000, MinSubgridEdge = 4, ncells = 266224
RebuildHierarchy[1]: Flagged 300/4181 grids. 20377 flagged cells
LoadBalance: Number of grids moved = 360 out of 361 (0.00133384 seconds elapsed)
DetermineSGSize: MaxSubgridSize = 2000, MinSubgridEdge = 4, ncells = 45456
RebuildHierarchy[2]: Flagged 66/361 grids. 3682 flagged cells
LoadBalance: Number of grids moved = 69 out of 69 (0.0014107 seconds elapsed)
DetermineSGSize: MaxSubgridSize = 2000, MinSubgridEdge = 4, ncells = 7304
RebuildHierarchy[3]: Flagged 22/69 grids. 843 flagged cells
LoadBalance: Number of grids moved = 19 out of 22 (2.40393e-05 seconds elapsed)
DetermineSGSize: MaxSubgridSize = 2000, MinSubgridEdge = 4, ncells = 4600
RebuildHierarchy[4]: Flagged 11/22 grids. 534 flagged cells
LoadBalance: Number of grids moved = 11 out of 11 (0.000655759 seconds elapsed)
DetermineSGSize: MaxSubgridSize = 2000, MinSubgridEdge = 4, ncells = 4600
RebuildHierarchy[5]: Flagged 0/11 grids. 0 flagged cells
Level[1]: dt = 0.0309982  0.0320615 (0.0630518/0.0630518)
Level[2]: dt = 0.0165801  0.0165801 (0.0165801/0.0309982)
Level[3]: dt = 0.00816008  0.00816008 (0.00816008/0.0165801)
Level[4]: dt = 0.00391869  0.00391869 (0.00391869/0.00816008)
Level[5]: dt = 0.0017348  0.0017348 (0.0017348/0.00391869)
RebuildHierarchy: level = 5
TransferSubgridParticles[5]: Moved 0 particles, 0 stars, 0 active particles.
DetermineSGSize: MaxSubgridSize = 2000, MinSubgridEdge = 4, ncells = 4600
RebuildHierarchy[5]: Flagged 0/11 grids. 0 flagged cells
Level[5]: dt = 0.00173247  0.00173247 (0.00346728/0.00391869)
RebuildHierarchy: level = 5
TransferSubgridParticles[5]: Moved 0 particles, 0 stars, 0 active particles.
DetermineSGSize: MaxSubgridSize = 2000, MinSubgridEdge = 4, ncells = 4600
RebuildHierarchy[5]: Flagged 0/11 grids. 0 flagged cells
Level[5]: dt = 0.000451415  0.00172956 (0.00391869/0.00391869)
EvolveLevel[5]: NumberOfSubCycles = 3 (179 total, 3 sub)
RebuildHierarchy: level = 4
TransferSubgridParticles[4]: Moved 0 particles, 0 stars, 0 active particles.
DetermineSGSize: MaxSubgridSize = 2000, MinSubgridEdge = 4, ncells = 4600
RebuildHierarchy[4]: Flagged 11/22 grids. 519 flagged cells
LoadBalance: Number of grids moved = 11 out of 11 (0.000655953 seconds elapsed)
DetermineSGSize: MaxSubgridSize = 2000, MinSubgridEdge = 4, ncells = 4600
RebuildHierarchy[5]: Flagged 0/11 grids. 0 flagged cells
Level[4]: dt = 0.00391491  0.00391491 (0.0078336/0.00816008)
Level[5]: dt = 0.0017288  0.0017288 (0.0017288/0.00391491)
RebuildHierarchy: level = 5
TransferSubgridParticles[5]: Moved 0 particles, 0 stars, 0 active particles.
DetermineSGSize: MaxSubgridSize = 2000, MinSubgridEdge = 4, ncells = 4376
RebuildHierarchy[5]: Flagged 0/11 grids. 0 flagged cells
Level[5]: dt = 0.00172604  0.00172604 (0.00345483/0.00391491)
RebuildHierarchy: level = 5
TransferSubgridParticles[5]: Moved 0 particles, 0 stars, 0 active particles.
DetermineSGSize: MaxSubgridSize = 2000, MinSubgridEdge = 4, ncells = 4376
RebuildHierarchy[5]: Flagged 0/11 grids. 0 flagged cells
Level[5]: dt = 0.000460079  0.0017235 (0.00391491/0.00391491)
EvolveLevel[5]: NumberOfSubCycles = 3 (182 total, 3 sub)
Level[4]: dt = 0.000326479  0.00391163 (0.00816008/0.00816008)
Level[5]: dt = 0.000326479  0.00172283 (0.000326479/0.000326479)
EvolveLevel[5]: NumberOfSubCycles = 1 (183 total, 1 sub)
EvolveLevel[4]: NumberOfSubCycles = 3 (73 total, 3 sub)
P(0) -- CFRFr warn: 2.012873e-16 -3.552235e-19 -2.893198e-09 -2.893198e-09 4 5 6 0 [15]
RebuildHierarchy: level = 3
TransferSubgridParticles[3]: Moved 6 particles, 0 stars, 0 active particles.
DetermineSGSize: MaxSubgridSize = 2000, MinSubgridEdge = 4, ncells = 7160
RebuildHierarchy[3]: Flagged 22/69 grids. 841 flagged cells
LoadBalance: Number of grids moved = 19 out of 22 (2.54102e-05 seconds elapsed)
DetermineSGSize: MaxSubgridSize = 2000, MinSubgridEdge = 4, ncells = 4376
RebuildHierarchy[4]: Flagged 11/22 grids. 510 flagged cells
LoadBalance: Number of grids moved = 11 out of 11 (0.000600472 seconds elapsed)
DetermineSGSize: MaxSubgridSize = 2000, MinSubgridEdge = 4, ncells = 4376
RebuildHierarchy[5]: Flagged 0/11 grids. 0 flagged cells
Level[3]: dt = 0.00841998  0.00816819 (0.0165801/0.0165801)
Level[4]: dt = 0.00391136  0.00391136 (0.00391136/0.00841998)
Level[5]: dt = 0.00172236  0.00172236 (0.00172236/0.00391136)
RebuildHierarchy: level = 5
TransferSubgridParticles[5]: Moved 0 particles, 0 stars, 0 active particles.
DetermineSGSize: MaxSubgridSize = 2000, MinSubgridEdge = 4, ncells = 4376
RebuildHierarchy[5]: Flagged 0/11 grids. 0 flagged cells
Level[5]: dt = 0.00172013  0.00172013 (0.00344249/0.00391136)
RebuildHierarchy: level = 5
TransferSubgridParticles[5]: Moved 0 particles, 0 stars, 0 active particles.
DetermineSGSize: MaxSubgridSize = 2000, MinSubgridEdge = 4, ncells = 4376
RebuildHierarchy[5]: Flagged 0/11 grids. 0 flagged cells
Level[5]: dt = 0.000468867  0.00171814 (0.00391136/0.00391136)
EvolveLevel[5]: NumberOfSubCycles = 3 (186 total, 3 sub)
RebuildHierarchy: level = 4
TransferSubgridParticles[4]: Moved 0 particles, 0 stars, 0 active particles.
DetermineSGSize: MaxSubgridSize = 2000, MinSubgridEdge = 4, ncells = 4376
RebuildHierarchy[4]: Flagged 11/22 grids. 510 flagged cells
LoadBalance: Number of grids moved = 11 out of 11 (0.000520557 seconds elapsed)
DetermineSGSize: MaxSubgridSize = 2000, MinSubgridEdge = 4, ncells = 4376
RebuildHierarchy[5]: Flagged 0/11 grids. 0 flagged cells
Level[4]: dt = 0.00390847  0.00390847 (0.00781983/0.00841998)
Level[5]: dt = 0.00171759  0.00171759 (0.00171759/0.00390847)
RebuildHierarchy: level = 5
TransferSubgridParticles[5]: Moved 0 particles, 0 stars, 0 active particles.
DetermineSGSize: MaxSubgridSize = 2000, MinSubgridEdge = 4, ncells = 4376
RebuildHierarchy[5]: Flagged 0/11 grids. 0 flagged cells
Level[5]: dt = 0.00171585  0.00171585 (0.00343344/0.00390847)
RebuildHierarchy: level = 5
TransferSubgridParticles[5]: Moved 0 particles, 0 stars, 0 active particles.
DetermineSGSize: MaxSubgridSize = 2000, MinSubgridEdge = 4, ncells = 4376
RebuildHierarchy[5]: Flagged 0/11 grids. 0 flagged cells
Level[5]: dt = 0.000475032  0.00171436 (0.00390847/0.00390847)
EvolveLevel[5]: NumberOfSubCycles = 3 (189 total, 3 sub)
Level[4]: dt = 0.000600147  0.00390127 (0.00841998/0.00841998)
Level[5]: dt = 0.000600147  0.00171394 (0.000600147/0.000600147)
EvolveLevel[5]: NumberOfSubCycles = 1 (190 total, 1 sub)
EvolveLevel[4]: NumberOfSubCycles = 3 (76 total, 3 sub)
P(0) -- CFRFr warn: 2.026211e-16 -3.746473e-19 -8.294031e-09 -8.294031e-09 4 5 6 0 [15]
EvolveLevel[3]: NumberOfSubCycles = 2 (33 total, 2 sub)
RebuildHierarchy: level = 2
TransferSubgridParticles[2]: Moved 54 particles, 0 stars, 0 active particles.
DetermineSGSize: MaxSubgridSize = 2000, MinSubgridEdge = 4, ncells = 46608
RebuildHierarchy[2]: Flagged 67/361 grids. 3738 flagged cells
LoadBalance: Number of grids moved = 72 out of 72 (0.00119694 seconds elapsed)
DetermineSGSize: MaxSubgridSize = 2000, MinSubgridEdge = 4, ncells = 7184
RebuildHierarchy[3]: Flagged 22/72 grids. 811 flagged cells
LoadBalance: Number of grids moved = 21 out of 22 (2.53469e-05 seconds elapsed)
DetermineSGSize: MaxSubgridSize = 2000, MinSubgridEdge = 4, ncells = 4376
RebuildHierarchy[4]: Flagged 11/22 grids. 513 flagged cells
LoadBalance: Number of grids moved = 11 out of 11 (0.000570685 seconds elapsed)
DetermineSGSize: MaxSubgridSize = 2000, MinSubgridEdge = 4, ncells = 4376
RebuildHierarchy[5]: Flagged 0/11 grids. 0 flagged cells
Level[2]: dt = 0.0144182  0.0165789 (0.0309982/0.0309982)
Level[3]: dt = 0.00817675  0.00817675 (0.00817675/0.0144182)
Level[4]: dt = 0.00389897  0.00389897 (0.00389897/0.00817675)
Level[5]: dt = 0.00171344  0.00171344 (0.00171344/0.00389897)
RebuildHierarchy: level = 5
TransferSubgridParticles[5]: Moved 0 particles, 0 stars, 0 active particles.
DetermineSGSize: MaxSubgridSize = 2000, MinSubgridEdge = 4, ncells = 4376
RebuildHierarchy[5]: Flagged 0/11 grids. 0 flagged cells
Level[5]: dt = 0.00171232  0.00171232 (0.00342576/0.00389897)
RebuildHierarchy: level = 5
TransferSubgridParticles[5]: Moved 0 particles, 0 stars, 0 active particles.
DetermineSGSize: MaxSubgridSize = 2000, MinSubgridEdge = 4, ncells = 4376
RebuildHierarchy[5]: Flagged 0/11 grids. 0 flagged cells
Level[5]: dt = 0.000473206  0.00171143 (0.00389897/0.00389897)
EvolveLevel[5]: NumberOfSubCycles = 3 (193 total, 3 sub)
RebuildHierarchy: level = 4
TransferSubgridParticles[4]: Moved 0 particles, 0 stars, 0 active particles.
DetermineSGSize: MaxSubgridSize = 2000, MinSubgridEdge = 4, ncells = 4376
RebuildHierarchy[4]: Flagged 11/22 grids. 504 flagged cells
LoadBalance: Number of grids moved = 11 out of 11 (0.00057954 seconds elapsed)
DetermineSGSize: MaxSubgridSize = 2000, MinSubgridEdge = 4, ncells = 4376
RebuildHierarchy[5]: Flagged 0/11 grids. 0 flagged cells
Level[4]: dt = 0.00388492  0.00388492 (0.00778389/0.00817675)
Level[5]: dt = 0.00171119  0.00171119 (0.00171119/0.00388492)
RebuildHierarchy: level = 5
TransferSubgridParticles[5]: Moved 0 particles, 0 stars, 0 active particles.
DetermineSGSize: MaxSubgridSize = 2000, MinSubgridEdge = 4, ncells = 4304
RebuildHierarchy[5]: Flagged 0/11 grids. 0 flagged cells
Level[5]: dt = 0.00171064  0.00171064 (0.00342183/0.00388492)
RebuildHierarchy: level = 5
TransferSubgridParticles[5]: Moved 0 particles, 0 stars, 0 active particles.
DetermineSGSize: MaxSubgridSize = 2000, MinSubgridEdge = 4, ncells = 4304
RebuildHierarchy[5]: Flagged 0/11 grids. 0 flagged cells
Level[5]: dt = 0.000463089  0.0017103 (0.00388492/0.00388492)
EvolveLevel[5]: NumberOfSubCycles = 3 (196 total, 3 sub)
Level[4]: dt = 0.000392859  0.00387253 (0.00817675/0.00817675)
Level[5]: dt = 0.000392859  0.00171022 (0.000392859/0.000392859)
EvolveLevel[5]: NumberOfSubCycles = 1 (197 total, 1 sub)
EvolveLevel[4]: NumberOfSubCycles = 3 (79 total, 3 sub)
P(0) -- CFRFr warn: 2.692602e-16 -3.643959e-19 -1.393226e-08 -1.393226e-08 5 5 6 0 [15]
RebuildHierarchy: level = 3
TransferSubgridParticles[3]: Moved 6 particles, 0 stars, 0 active particles.
DetermineSGSize: MaxSubgridSize = 2000, MinSubgridEdge = 4, ncells = 6840
RebuildHierarchy[3]: Flagged 23/72 grids. 847 flagged cells
LoadBalance: Number of grids moved = 22 out of 23 (2.69823e-05 seconds elapsed)
DetermineSGSize: MaxSubgridSize = 2000, MinSubgridEdge = 4, ncells = 4304
RebuildHierarchy[4]: Flagged 11/23 grids. 511 flagged cells
LoadBalance: Number of grids moved = 11 out of 11 (0.000594899 seconds elapsed)
DetermineSGSize: MaxSubgridSize = 2000, MinSubgridEdge = 4, ncells = 4304
RebuildHierarchy[5]: Flagged 0/11 grids. 0 flagged cells
Level[3]: dt = 0.00624141  0.00817273 (0.0144182/0.0144182)
Level[4]: dt = 0.00387149  0.00387149 (0.00387149/0.00624141)
Level[5]: dt = 0.00171016  0.00171016 (0.00171016/0.00387149)
RebuildHierarchy: level = 5
TransferSubgridParticles[5]: Moved 0 particles, 0 stars, 0 active particles.
DetermineSGSize: MaxSubgridSize = 2000, MinSubgridEdge = 4, ncells = 4304
RebuildHierarchy[5]: Flagged 0/11 grids. 0 flagged cells
Level[5]: dt = 0.00171015  0.00171015 (0.00342031/0.00387149)
RebuildHierarchy: level = 5
TransferSubgridParticles[5]: Moved 0 particles, 0 stars, 0 active particles.
DetermineSGSize: MaxSubgridSize = 2000, MinSubgridEdge = 4, ncells = 4304
RebuildHierarchy[5]: Flagged 0/11 grids. 0 flagged cells
Level[5]: dt = 0.000451173  0.00171037 (0.00387149/0.00387149)
EvolveLevel[5]: NumberOfSubCycles = 3 (200 total, 3 sub)
RebuildHierarchy: level = 4
TransferSubgridParticles[4]: Moved 1 particles, 0 stars, 0 active particles.
DetermineSGSize: MaxSubgridSize = 2000, MinSubgridEdge = 4, ncells = 4304
RebuildHierarchy[4]: Flagged 11/23 grids. 511 flagged cells
LoadBalance: Number of grids moved = 11 out of 11 (0.000688173 seconds elapsed)
DetermineSGSize: MaxSubgridSize = 2000, MinSubgridEdge = 4, ncells = 4304
RebuildHierarchy[5]: Flagged 0/11 grids. 0 flagged cells
Level[4]: dt = 0.00236992  0.00386197 (0.00624141/0.00624141)
Level[5]: dt = 0.00171044  0.00171044 (0.00171044/0.00236992)
RebuildHierarchy: level = 5
TransferSubgridParticles[5]: Moved 0 particles, 0 stars, 0 active particles.
DetermineSGSize: MaxSubgridSize = 2000, MinSubgridEdge = 4, ncells = 4304
RebuildHierarchy[5]: Flagged 0/11 grids. 0 flagged cells
Level[5]: dt = 0.000659483  0.00171091 (0.00236992/0.00236992)
EvolveLevel[5]: NumberOfSubCycles = 2 (202 total, 2 sub)
EvolveLevel[4]: NumberOfSubCycles = 2 (81 total, 2 sub)
P(0) -- CFRFr warn: 2.704081e-16 -2.869012e-19 -1.927713e-08 -1.927713e-08 5 5 6 0 [15]
EvolveLevel[3]: NumberOfSubCycles = 2 (35 total, 2 sub)
EvolveLevel[2]: NumberOfSubCycles = 2 (16 total, 2 sub)
EvolveLevel[1]: NumberOfSubCycles = 2 (8 total, 2 sub)
EvolveLevel[0]: NumberOfSubCycles = 1 (4 total, 4 sub)
RebuildHierarchy: level = 0
CommunicationTransferParticles: moved = 290048
CommunicationTransferStars: moved = 0
CommunicationTransferActiveParticles: moved = 0
DetermineSGSize: MaxSubgridSize = 2000, MinSubgridEdge = 4, ncells = 5266504
RebuildHierarchy[0]: Flagged 574/1120 grids. 350341 flagged cells
LoadBalance: Number of grids moved = 4293 out of 4341 (0.0176654 seconds elapsed)
DetermineSGSize: MaxSubgridSize = 2000, MinSubgridEdge = 4, ncells = 272224
RebuildHierarchy[1]: Flagged 292/4341 grids. 20290 flagged cells
LoadBalance: Number of grids moved = 354 out of 355 (0.00186436 seconds elapsed)
DetermineSGSize: MaxSubgridSize = 2000, MinSubgridEdge = 4, ncells = 47912
RebuildHierarchy[2]: Flagged 68/355 grids. 3703 flagged cells
LoadBalance: Number of grids moved = 73 out of 73 (0.000765223 seconds elapsed)
DetermineSGSize: MaxSubgridSize = 2000, MinSubgridEdge = 4, ncells = 7128
RebuildHierarchy[3]: Flagged 24/73 grids. 836 flagged cells
LoadBalance: Number of grids moved = 23 out of 24 (2.43559e-05 seconds elapsed)
DetermineSGSize: MaxSubgridSize = 2000, MinSubgridEdge = 4, ncells = 4304
RebuildHierarchy[4]: Flagged 11/24 grids. 511 flagged cells
LoadBalance: Number of grids moved = 11 out of 11 (0.000521731 seconds elapsed)
DetermineSGSize: MaxSubgridSize = 2000, MinSubgridEdge = 4, ncells = 4304
RebuildHierarchy[5]: Flagged 0/11 grids. 0 flagged cells
CPUTime-output: Frac = 0.999990, Current = 384.655 (383.946), Stop = 2592000.000000, Last = 25.0845
[YT_INFO   ] Setting YT parameters ...
[YT_INFO   ] Setting YT parameters ... done.
[YT_INFO   ] Getting pointer to particle list information ...
[YT_INFO   ] Getting pointer to particle list information  ... done.
[YT_INFO   ] Getting pointer to field list information ...
[YT_INFO   ] Getting pointer to field list information  ... done.
[YT_INFO   ] Getting pointer to local grids information ...
[YT_INFO   ] Getting pointer to local grids information  ... done.
[YT_INFO   ] Loading full hierarchy and local data to libyt ...
[YT_INFO   ] Loading full hierarchy and local data ... done.
[YT_INFO   ] Performing YT inline analysis yt_inline_func() ...
[YT_INFO   ] Performing YT inline analysis yt_inline_func() ... done.
Level[0]: dt = 0.0631093  0.0631093 (0.0631093/0.0631093)
Level[1]: dt = 0.0320693  0.0320693 (0.0320693/0.0631093)
Level[2]: dt = 0.0165662  0.0165662 (0.0165662/0.0320693)
Level[3]: dt = 0.00817298  0.00817298 (0.00817298/0.0165662)
Level[4]: dt = 0.00385691  0.00385691 (0.00385691/0.00817298)
Level[5]: dt = 0.00171111  0.00171111 (0.00171111/0.00385691)
RebuildHierarchy: level = 5
TransferSubgridParticles[5]: Moved 0 particles, 0 stars, 0 active particles.
DetermineSGSize: MaxSubgridSize = 2000, MinSubgridEdge = 4, ncells = 4304
RebuildHierarchy[5]: Flagged 0/11 grids. 0 flagged cells
Level[5]: dt = 0.00171187  0.00171187 (0.00342299/0.00385691)
RebuildHierarchy: level = 5
TransferSubgridParticles[5]: Moved 0 particles, 0 stars, 0 active particles.
DetermineSGSize: MaxSubgridSize = 2000, MinSubgridEdge = 4, ncells = 4304
RebuildHierarchy[5]: Flagged 0/11 grids. 0 flagged cells
Level[5]: dt = 0.000433927  0.00171277 (0.00385691/0.00385691)
EvolveLevel[5]: NumberOfSubCycles = 3 (205 total, 3 sub)
RebuildHierarchy: level = 4
TransferSubgridParticles[4]: Moved 0 particles, 0 stars, 0 active particles.
DetermineSGSize: MaxSubgridSize = 2000, MinSubgridEdge = 4, ncells = 4304
RebuildHierarchy[4]: Flagged 11/24 grids. 508 flagged cells
LoadBalance: Number of grids moved = 11 out of 11 (0.000498798 seconds elapsed)
DetermineSGSize: MaxSubgridSize = 2000, MinSubgridEdge = 4, ncells = 4304
RebuildHierarchy[5]: Flagged 0/11 grids. 0 flagged cells
Level[4]: dt = 0.00385005  0.00385005 (0.00770696/0.00817298)
Level[5]: dt = 0.00171301  0.00171301 (0.00171301/0.00385005)
RebuildHierarchy: level = 5
TransferSubgridParticles[5]: Moved 0 particles, 0 stars, 0 active particles.
DetermineSGSize: MaxSubgridSize = 2000, MinSubgridEdge = 4, ncells = 4304
RebuildHierarchy[5]: Flagged 0/11 grids. 0 flagged cells
Level[5]: dt = 0.00171415  0.00171415 (0.00342716/0.00385005)
RebuildHierarchy: level = 5
TransferSubgridParticles[5]: Moved 0 particles, 0 stars, 0 active particles.
DetermineSGSize: MaxSubgridSize = 2000, MinSubgridEdge = 4, ncells = 4304
RebuildHierarchy[5]: Flagged 0/11 grids. 0 flagged cells
Level[5]: dt = 0.000422892  0.00171538 (0.00385005/0.00385005)
EvolveLevel[5]: NumberOfSubCycles = 3 (208 total, 3 sub)
Level[4]: dt = 0.000466012  0.00384574 (0.00817298/0.00817298)
Level[5]: dt = 0.000466012  0.00171569 (0.000466012/0.000466012)
EvolveLevel[5]: NumberOfSubCycles = 1 (209 total, 1 sub)
EvolveLevel[4]: NumberOfSubCycles = 3 (84 total, 3 sub)
RebuildHierarchy: level = 3
TransferSubgridParticles[3]: Moved 250 particles, 0 stars, 0 active particles.
DetermineSGSize: MaxSubgridSize = 2000, MinSubgridEdge = 4, ncells = 7176
RebuildHierarchy[3]: Flagged 26/73 grids. 872 flagged cells
LoadBalance: Number of grids moved = 25 out of 26 (3.1177e-05 seconds elapsed)
DetermineSGSize: MaxSubgridSize = 2000, MinSubgridEdge = 4, ncells = 4304
RebuildHierarchy[4]: Flagged 11/26 grids. 514 flagged cells
LoadBalance: Number of grids moved = 11 out of 11 (0.000427753 seconds elapsed)
DetermineSGSize: MaxSubgridSize = 2000, MinSubgridEdge = 4, ncells = 4304
RebuildHierarchy[5]: Flagged 0/11 grids. 0 flagged cells
Level[3]: dt = 0.00839325  0.00817605 (0.0165662/0.0165662)
Level[4]: dt = 0.00384536  0.00384536 (0.00384536/0.00839325)
Level[5]: dt = 0.00171604  0.00171604 (0.00171604/0.00384536)
RebuildHierarchy: level = 5
TransferSubgridParticles[5]: Moved 0 particles, 0 stars, 0 active particles.
DetermineSGSize: MaxSubgridSize = 2000, MinSubgridEdge = 4, ncells = 4432
RebuildHierarchy[5]: Flagged 0/11 grids. 0 flagged cells
Level[5]: dt = 0.00171744  0.00171744 (0.00343347/0.00384536)
RebuildHierarchy: level = 5
TransferSubgridParticles[5]: Moved 0 particles, 0 stars, 0 active particles.
DetermineSGSize: MaxSubgridSize = 2000, MinSubgridEdge = 4, ncells = 4432
RebuildHierarchy[5]: Flagged 0/11 grids. 0 flagged cells
Level[5]: dt = 0.000411893  0.00171897 (0.00384536/0.00384536)
EvolveLevel[5]: NumberOfSubCycles = 3 (212 total, 3 sub)
RebuildHierarchy: level = 4
TransferSubgridParticles[4]: Moved 0 particles, 0 stars, 0 active particles.
DetermineSGSize: MaxSubgridSize = 2000, MinSubgridEdge = 4, ncells = 4432
RebuildHierarchy[4]: Flagged 11/26 grids. 496 flagged cells
LoadBalance: Number of grids moved = 11 out of 11 (0.000440035 seconds elapsed)
DetermineSGSize: MaxSubgridSize = 2000, MinSubgridEdge = 4, ncells = 4432
RebuildHierarchy[5]: Flagged 0/11 grids. 0 flagged cells
Level[4]: dt = 0.0038427  0.0038427 (0.00768806/0.00839325)
Level[5]: dt = 0.0017193  0.0017193 (0.0017193/0.0038427)
RebuildHierarchy: level = 5
TransferSubgridParticles[5]: Moved 0 particles, 0 stars, 0 active particles.
DetermineSGSize: MaxSubgridSize = 2000, MinSubgridEdge = 4, ncells = 4232
RebuildHierarchy[5]: Flagged 0/11 grids. 0 flagged cells
Level[5]: dt = 0.00172065  0.00172065 (0.00343995/0.0038427)
RebuildHierarchy: level = 5
TransferSubgridParticles[5]: Moved 0 particles, 0 stars, 0 active particles.
DetermineSGSize: MaxSubgridSize = 2000, MinSubgridEdge = 4, ncells = 4232
RebuildHierarchy[5]: Flagged 0/11 grids. 0 flagged cells
Level[5]: dt = 0.000402747  0.00172213 (0.0038427/0.0038427)
EvolveLevel[5]: NumberOfSubCycles = 3 (215 total, 3 sub)
Level[4]: dt = 0.00070519  0.00384232 (0.00839325/0.00839325)
Level[5]: dt = 0.00070519  0.00172243 (0.00070519/0.00070519)
EvolveLevel[5]: NumberOfSubCycles = 1 (216 total, 1 sub)
EvolveLevel[4]: NumberOfSubCycles = 3 (87 total, 3 sub)
EvolveLevel[3]: NumberOfSubCycles = 2 (37 total, 2 sub)
RebuildHierarchy: level = 2
TransferSubgridParticles[2]: Moved 1785 particles, 0 stars, 0 active particles.
DetermineSGSize: MaxSubgridSize = 2000, MinSubgridEdge = 4, ncells = 46960
RebuildHierarchy[2]: Flagged 69/355 grids. 3723 flagged cells
LoadBalance: Number of grids moved = 75 out of 75 (0.00230639 seconds elapsed)
DetermineSGSize: MaxSubgridSize = 2000, MinSubgridEdge = 4, ncells = 7464
RebuildHierarchy[3]: Flagged 25/75 grids. 878 flagged cells
LoadBalance: Number of grids moved = 24 out of 25 (2.506e-05 seconds elapsed)
DetermineSGSize: MaxSubgridSize = 2000, MinSubgridEdge = 4, ncells = 4232
RebuildHierarchy[4]: Flagged 11/25 grids. 505 flagged cells
LoadBalance: Number of grids moved = 11 out of 11 (0.00047477 seconds elapsed)
DetermineSGSize: MaxSubgridSize = 2000, MinSubgridEdge = 4, ncells = 4232
RebuildHierarchy[5]: Flagged 0/11 grids. 0 flagged cells
Level[2]: dt = 0.015503  0.0165536 (0.0320693/0.0320693)
Level[3]: dt = 0.00818326  0.00818326 (0.00818326/0.015503)
Level[4]: dt = 0.00384133  0.00384133 (0.00384133/0.00818326)
Level[5]: dt = 0.0017229  0.0017229 (0.0017229/0.00384133)
RebuildHierarchy: level = 5
TransferSubgridParticles[5]: Moved 0 particles, 0 stars, 0 active particles.
DetermineSGSize: MaxSubgridSize = 2000, MinSubgridEdge = 4, ncells = 4304
RebuildHierarchy[5]: Flagged 0/11 grids. 0 flagged cells
Level[5]: dt = 0.00172417  0.00172417 (0.00344708/0.00384133)
RebuildHierarchy: level = 5
TransferSubgridParticles[5]: Moved 0 particles, 0 stars, 0 active particles.
DetermineSGSize: MaxSubgridSize = 2000, MinSubgridEdge = 4, ncells = 4304
RebuildHierarchy[5]: Flagged 0/11 grids. 0 flagged cells
Level[5]: dt = 0.000394253  0.00172538 (0.00384133/0.00384133)
EvolveLevel[5]: NumberOfSubCycles = 3 (219 total, 3 sub)
RebuildHierarchy: level = 4
TransferSubgridParticles[4]: Moved 1 particles, 0 stars, 0 active particles.
DetermineSGSize: MaxSubgridSize = 2000, MinSubgridEdge = 4, ncells = 4304
RebuildHierarchy[4]: Flagged 11/25 grids. 500 flagged cells
LoadBalance: Number of grids moved = 11 out of 11 (0.000602461 seconds elapsed)
DetermineSGSize: MaxSubgridSize = 2000, MinSubgridEdge = 4, ncells = 4304
RebuildHierarchy[5]: Flagged 0/11 grids. 0 flagged cells
Level[4]: dt = 0.00383674  0.00383674 (0.00767807/0.00818326)
Level[5]: dt = 0.0017256  0.0017256 (0.0017256/0.00383674)
RebuildHierarchy: level = 5
TransferSubgridParticles[5]: Moved 0 particles, 0 stars, 0 active particles.
DetermineSGSize: MaxSubgridSize = 2000, MinSubgridEdge = 4, ncells = 4304
RebuildHierarchy[5]: Flagged 0/11 grids. 0 flagged cells
Level[5]: dt = 0.0017267  0.0017267 (0.00345231/0.00383674)
RebuildHierarchy: level = 5
TransferSubgridParticles[5]: Moved 0 particles, 0 stars, 0 active particles.
DetermineSGSize: MaxSubgridSize = 2000, MinSubgridEdge = 4, ncells = 4304
RebuildHierarchy[5]: Flagged 0/11 grids. 0 flagged cells
Level[5]: dt = 0.000384433  0.00172782 (0.00383674/0.00383674)
EvolveLevel[5]: NumberOfSubCycles = 3 (222 total, 3 sub)
Level[4]: dt = 0.000505191  0.00383261 (0.00818326/0.00818326)
Level[5]: dt = 0.000505191  0.00172802 (0.000505191/0.000505191)
EvolveLevel[5]: NumberOfSubCycles = 1 (223 total, 1 sub)
EvolveLevel[4]: NumberOfSubCycles = 3 (90 total, 3 sub)
RebuildHierarchy: level = 3
TransferSubgridParticles[3]: Moved 4 particles, 0 stars, 0 active particles.
DetermineSGSize: MaxSubgridSize = 2000, MinSubgridEdge = 4, ncells = 7560
RebuildHierarchy[3]: Flagged 25/75 grids. 883 flagged cells
LoadBalance: Number of grids moved = 24 out of 25 (3.29986e-05 seconds elapsed)
DetermineSGSize: MaxSubgridSize = 2000, MinSubgridEdge = 4, ncells = 4304
RebuildHierarchy[4]: Flagged 11/25 grids. 497 flagged cells
LoadBalance: Number of grids moved = 11 out of 11 (0.000463869 seconds elapsed)
DetermineSGSize: MaxSubgridSize = 2000, MinSubgridEdge = 4, ncells = 4304
RebuildHierarchy[5]: Flagged 0/11 grids. 0 flagged cells
Level[3]: dt = 0.00731979  0.00819514 (0.015503/0.015503)
Level[4]: dt = 0.00383209  0.00383209 (0.00383209/0.00731979)
Level[5]: dt = 0.00172831  0.00172831 (0.00172831/0.00383209)
RebuildHierarchy: level = 5
TransferSubgridParticles[5]: Moved 0 particles, 0 stars, 0 active particles.
DetermineSGSize: MaxSubgridSize = 2000, MinSubgridEdge = 4, ncells = 4304
RebuildHierarchy[5]: Flagged 0/11 grids. 0 flagged cells
Level[5]: dt = 0.00172938  0.00172938 (0.00345769/0.00383209)
RebuildHierarchy: level = 5
TransferSubgridParticles[5]: Moved 0 particles, 0 stars, 0 active particles.
DetermineSGSize: MaxSubgridSize = 2000, MinSubgridEdge = 4, ncells = 4304
RebuildHierarchy[5]: Flagged 0/11 grids. 0 flagged cells
Level[5]: dt = 0.000374405  0.00173019 (0.00383209/0.00383209)
EvolveLevel[5]: NumberOfSubCycles = 3 (226 total, 3 sub)
RebuildHierarchy: level = 4
TransferSubgridParticles[4]: Moved 0 particles, 0 stars, 0 active particles.
DetermineSGSize: MaxSubgridSize = 2000, MinSubgridEdge = 4, ncells = 4304
RebuildHierarchy[4]: Flagged 11/25 grids. 497 flagged cells
LoadBalance: Number of grids moved = 11 out of 11 (0.000311632 seconds elapsed)
DetermineSGSize: MaxSubgridSize = 2000, MinSubgridEdge = 4, ncells = 4304
RebuildHierarchy[5]: Flagged 0/11 grids. 0 flagged cells
Level[4]: dt = 0.0034877  0.00382888 (0.00731979/0.00731979)
Level[5]: dt = 0.00173039  0.00173039 (0.00173039/0.0034877)
RebuildHierarchy: level = 5
TransferSubgridParticles[5]: Moved 0 particles, 0 stars, 0 active particles.
DetermineSGSize: MaxSubgridSize = 2000, MinSubgridEdge = 4, ncells = 4304
RebuildHierarchy[5]: Flagged 0/11 grids. 0 flagged cells
Level[5]: dt = 0.00175731  0.00173139 (0.0034877/0.0034877)
EvolveLevel[5]: NumberOfSubCycles = 2 (228 total, 2 sub)
EvolveLevel[4]: NumberOfSubCycles = 2 (92 total, 2 sub)
EvolveLevel[3]: NumberOfSubCycles = 2 (39 total, 2 sub)
EvolveLevel[2]: NumberOfSubCycles = 2 (18 total, 2 sub)
RebuildHierarchy: level = 1
TransferSubgridParticles[1]: Moved 45580 particles, 0 stars, 0 active particles.
DetermineSGSize: MaxSubgridSize = 2000, MinSubgridEdge = 4, ncells = 270704
RebuildHierarchy[1]: Flagged 297/4341 grids. 20915 flagged cells
LoadBalance: Number of grids moved = 357 out of 360 (0.000163224 seconds elapsed)
DetermineSGSize: MaxSubgridSize = 2000, MinSubgridEdge = 4, ncells = 45408
RebuildHierarchy[2]: Flagged 68/360 grids. 3740 flagged cells
LoadBalance: Number of grids moved = 73 out of 73 (0.000775766 seconds elapsed)
DetermineSGSize: MaxSubgridSize = 2000, MinSubgridEdge = 4, ncells = 7560
RebuildHierarchy[3]: Flagged 24/73 grids. 880 flagged cells
LoadBalance: Number of grids moved = 23 out of 24 (2.34842e-05 seconds elapsed)
DetermineSGSize: MaxSubgridSize = 2000, MinSubgridEdge = 4, ncells = 4304
RebuildHierarchy[4]: Flagged 11/24 grids. 500 flagged cells
LoadBalance: Number of grids moved = 11 out of 11 (0.00043495 seconds elapsed)
DetermineSGSize: MaxSubgridSize = 2000, MinSubgridEdge = 4, ncells = 4304
RebuildHierarchy[5]: Flagged 0/11 grids. 0 flagged cells
Level[1]: dt = 0.03104  0.0320765 (0.0631093/0.0631093)
Level[2]: dt = 0.0165436  0.0165436 (0.0165436/0.03104)
Level[3]: dt = 0.00820808  0.00820808 (0.00820808/0.0165436)
Level[4]: dt = 0.0038263  0.0038263 (0.0038263/0.00820808)
Level[5]: dt = 0.00173225  0.00173225 (0.00173225/0.0038263)
RebuildHierarchy: level = 5
TransferSubgridParticles[5]: Moved 0 particles, 0 stars, 0 active particles.
DetermineSGSize: MaxSubgridSize = 2000, MinSubgridEdge = 4, ncells = 4304
RebuildHierarchy[5]: Flagged 0/11 grids. 0 flagged cells
Level[5]: dt = 0.00173333  0.00173333 (0.00346558/0.0038263)
RebuildHierarchy: level = 5
TransferSubgridParticles[5]: Moved 0 particles, 0 stars, 0 active particles.
DetermineSGSize: MaxSubgridSize = 2000, MinSubgridEdge = 4, ncells = 4304
RebuildHierarchy[5]: Flagged 0/11 grids. 0 flagged cells
Level[5]: dt = 0.000360717  0.00173459 (0.0038263/0.0038263)
EvolveLevel[5]: NumberOfSubCycles = 3 (231 total, 3 sub)
RebuildHierarchy: level = 4
TransferSubgridParticles[4]: Moved 0 particles, 0 stars, 0 active particles.
DetermineSGSize: MaxSubgridSize = 2000, MinSubgridEdge = 4, ncells = 4304
RebuildHierarchy[4]: Flagged 11/24 grids. 500 flagged cells
LoadBalance: Number of grids moved = 11 out of 11 (0.000569023 seconds elapsed)
DetermineSGSize: MaxSubgridSize = 2000, MinSubgridEdge = 4, ncells = 4304
RebuildHierarchy[5]: Flagged 0/11 grids. 0 flagged cells
Level[4]: dt = 0.00382401  0.00382401 (0.00765031/0.00820808)
Level[5]: dt = 0.00173482  0.00173482 (0.00173482/0.00382401)
RebuildHierarchy: level = 5
TransferSubgridParticles[5]: Moved 0 particles, 0 stars, 0 active particles.
DetermineSGSize: MaxSubgridSize = 2000, MinSubgridEdge = 4, ncells = 4304
RebuildHierarchy[5]: Flagged 0/11 grids. 0 flagged cells
Level[5]: dt = 0.00173618  0.00173618 (0.00347101/0.00382401)
RebuildHierarchy: level = 5
TransferSubgridParticles[5]: Moved 0 particles, 0 stars, 0 active particles.
DetermineSGSize: MaxSubgridSize = 2000, MinSubgridEdge = 4, ncells = 4304
RebuildHierarchy[5]: Flagged 0/11 grids. 0 flagged cells
Level[5]: dt = 0.000353004  0.00173777 (0.00382401/0.00382401)
EvolveLevel[5]: NumberOfSubCycles = 3 (234 total, 3 sub)
Level[4]: dt = 0.000557772  0.00382259 (0.00820808/0.00820808)
Level[5]: dt = 0.000557772  0.00173807 (0.000557772/0.000557772)
EvolveLevel[5]: NumberOfSubCycles = 1 (235 total, 1 sub)
EvolveLevel[4]: NumberOfSubCycles = 3 (95 total, 3 sub)
RebuildHierarchy: level = 3
TransferSubgridParticles[3]: Moved 3 particles, 0 stars, 0 active particles.
DetermineSGSize: MaxSubgridSize = 2000, MinSubgridEdge = 4, ncells = 7728
RebuildHierarchy[3]: Flagged 24/73 grids. 865 flagged cells
LoadBalance: Number of grids moved = 23 out of 24 (2.47322e-05 seconds elapsed)
DetermineSGSize: MaxSubgridSize = 2000, MinSubgridEdge = 4, ncells = 4304
RebuildHierarchy[4]: Flagged 11/24 grids. 491 flagged cells
LoadBalance: Number of grids moved = 11 out of 11 (0.000559725 seconds elapsed)
DetermineSGSize: MaxSubgridSize = 2000, MinSubgridEdge = 4, ncells = 4304
RebuildHierarchy[5]: Flagged 0/11 grids. 0 flagged cells
Level[3]: dt = 0.00833556  0.00819598 (0.0165436/0.0165436)
Level[4]: dt = 0.0038224  0.0038224 (0.0038224/0.00833556)
Level[5]: dt = 0.00173858  0.00173858 (0.00173858/0.0038224)
RebuildHierarchy: level = 5
TransferSubgridParticles[5]: Moved 0 particles, 0 stars, 0 active particles.
DetermineSGSize: MaxSubgridSize = 2000, MinSubgridEdge = 4, ncells = 4176
RebuildHierarchy[5]: Flagged 0/11 grids. 0 flagged cells
Level[5]: dt = 0.00174045  0.00174045 (0.00347903/0.0038224)
RebuildHierarchy: level = 5
TransferSubgridParticles[5]: Moved 0 particles, 0 stars, 0 active particles.
DetermineSGSize: MaxSubgridSize = 2000, MinSubgridEdge = 4, ncells = 4176
RebuildHierarchy[5]: Flagged 0/11 grids. 0 flagged cells
Level[5]: dt = 0.000343377  0.00174236 (0.0038224/0.0038224)
EvolveLevel[5]: NumberOfSubCycles = 3 (238 total, 3 sub)
RebuildHierarchy: level = 4
TransferSubgridParticles[4]: Moved 0 particles, 0 stars, 0 active particles.
DetermineSGSize: MaxSubgridSize = 2000, MinSubgridEdge = 4, ncells = 4176
RebuildHierarchy[4]: Flagged 11/24 grids. 491 flagged cells
LoadBalance: Number of grids moved = 11 out of 11 (0.00064693 seconds elapsed)
DetermineSGSize: MaxSubgridSize = 2000, MinSubgridEdge = 4, ncells = 4176
RebuildHierarchy[5]: Flagged 0/11 grids. 0 flagged cells
Level[4]: dt = 0.00382164  0.00382164 (0.00764404/0.00833556)
Level[5]: dt = 0.00174275  0.00174275 (0.00174275/0.00382164)
RebuildHierarchy: level = 5
TransferSubgridParticles[5]: Moved 0 particles, 0 stars, 0 active particles.
DetermineSGSize: MaxSubgridSize = 2000, MinSubgridEdge = 4, ncells = 4176
RebuildHierarchy[5]: Flagged 0/11 grids. 0 flagged cells
Level[5]: dt = 0.00174504  0.00174504 (0.00348779/0.00382164)
RebuildHierarchy: level = 5
TransferSubgridParticles[5]: Moved 0 particles, 0 stars, 0 active particles.
DetermineSGSize: MaxSubgridSize = 2000, MinSubgridEdge = 4, ncells = 4176
RebuildHierarchy[5]: Flagged 0/11 grids. 0 flagged cells
Level[5]: dt = 0.000333848  0.00174503 (0.00382164/0.00382164)
EvolveLevel[5]: NumberOfSubCycles = 3 (241 total, 3 sub)
Level[4]: dt = 0.000691522  0.00382156 (0.00833556/0.00833556)
Level[5]: dt = 0.000691522  0.00174465 (0.000691522/0.000691522)
EvolveLevel[5]: NumberOfSubCycles = 1 (242 total, 1 sub)
EvolveLevel[4]: NumberOfSubCycles = 3 (98 total, 3 sub)
EvolveLevel[3]: NumberOfSubCycles = 2 (41 total, 2 sub)
RebuildHierarchy: level = 2
TransferSubgridParticles[2]: Moved 50 particles, 0 stars, 0 active particles.
DetermineSGSize: MaxSubgridSize = 2000, MinSubgridEdge = 4, ncells = 46176
RebuildHierarchy[2]: Flagged 69/360 grids. 3778 flagged cells
LoadBalance: Number of grids moved = 73 out of 73 (0.00066955 seconds elapsed)
DetermineSGSize: MaxSubgridSize = 2000, MinSubgridEdge = 4, ncells = 7584
RebuildHierarchy[3]: Flagged 24/73 grids. 859 flagged cells
LoadBalance: Number of grids moved = 23 out of 24 (2.40989e-05 seconds elapsed)
DetermineSGSize: MaxSubgridSize = 2000, MinSubgridEdge = 4, ncells = 4176
RebuildHierarchy[4]: Flagged 11/24 grids. 503 flagged cells
LoadBalance: Number of grids moved = 11 out of 11 (0.000645906 seconds elapsed)
DetermineSGSize: MaxSubgridSize = 2000, MinSubgridEdge = 4, ncells = 4176
RebuildHierarchy[5]: Flagged 0/11 grids. 0 flagged cells
Level[2]: dt = 0.0144964  0.0165347 (0.03104/0.03104)
Level[3]: dt = 0.00818129  0.00818129 (0.00818129/0.0144964)
Level[4]: dt = 0.00382157  0.00382157 (0.00382157/0.00818129)
Level[5]: dt = 0.00174388  0.00174388 (0.00174388/0.00382157)
RebuildHierarchy: level = 5
TransferSubgridParticles[5]: Moved 0 particles, 0 stars, 0 active particles.
DetermineSGSize: MaxSubgridSize = 2000, MinSubgridEdge = 4, ncells = 4400
RebuildHierarchy[5]: Flagged 0/11 grids. 0 flagged cells
Level[5]: dt = 0.00174176  0.00174176 (0.00348564/0.00382157)
RebuildHierarchy: level = 5
TransferSubgridParticles[5]: Moved 0 particles, 0 stars, 0 active particles.
DetermineSGSize: MaxSubgridSize = 2000, MinSubgridEdge = 4, ncells = 4400
RebuildHierarchy[5]: Flagged 0/11 grids. 0 flagged cells
Level[5]: dt = 0.000335927  0.00173983 (0.00382157/0.00382157)
EvolveLevel[5]: NumberOfSubCycles = 3 (245 total, 3 sub)
RebuildHierarchy: level = 4
TransferSubgridParticles[4]: Moved 0 particles, 0 stars, 0 active particles.
DetermineSGSize: MaxSubgridSize = 2000, MinSubgridEdge = 4, ncells = 4400
RebuildHierarchy[4]: Flagged 11/24 grids. 494 flagged cells
LoadBalance: Number of grids moved = 11 out of 11 (0.000595417 seconds elapsed)
DetermineSGSize: MaxSubgridSize = 2000, MinSubgridEdge = 4, ncells = 4400
RebuildHierarchy[5]: Flagged 0/11 grids. 0 flagged cells
Level[4]: dt = 0.00382215  0.00382215 (0.00764372/0.00818129)
Level[5]: dt = 0.00173945  0.00173945 (0.00173945/0.00382215)
RebuildHierarchy: level = 5
TransferSubgridParticles[5]: Moved 0 particles, 0 stars, 0 active particles.
DetermineSGSize: MaxSubgridSize = 2000, MinSubgridEdge = 4, ncells = 4272
RebuildHierarchy[5]: Flagged 0/11 grids. 0 flagged cells
Level[5]: dt = 0.00173734  0.00173734 (0.00347679/0.00382215)
RebuildHierarchy: level = 5
TransferSubgridParticles[5]: Moved 0 particles, 0 stars, 0 active particles.
DetermineSGSize: MaxSubgridSize = 2000, MinSubgridEdge = 4, ncells = 4272
RebuildHierarchy[5]: Flagged 0/11 grids. 0 flagged cells
Level[5]: dt = 0.000345352  0.00173546 (0.00382215/0.00382215)
EvolveLevel[5]: NumberOfSubCycles = 3 (248 total, 3 sub)
Level[4]: dt = 0.00053757  0.00382324 (0.00818129/0.00818129)
Level[5]: dt = 0.00053757  0.00173507 (0.00053757/0.00053757)
EvolveLevel[5]: NumberOfSubCycles = 1 (249 total, 1 sub)
EvolveLevel[4]: NumberOfSubCycles = 3 (101 total, 3 sub)
RebuildHierarchy: level = 3
TransferSubgridParticles[3]: Moved 8 particles, 0 stars, 0 active particles.
DetermineSGSize: MaxSubgridSize = 2000, MinSubgridEdge = 4, ncells = 7432
RebuildHierarchy[3]: Flagged 24/73 grids. 862 flagged cells
LoadBalance: Number of grids moved = 23 out of 24 (2.49669e-05 seconds elapsed)
DetermineSGSize: MaxSubgridSize = 2000, MinSubgridEdge = 4, ncells = 4272
RebuildHierarchy[4]: Flagged 12/24 grids. 522 flagged cells
LoadBalance: Number of grids moved = 12 out of 12 (0.000663951 seconds elapsed)
DetermineSGSize: MaxSubgridSize = 2000, MinSubgridEdge = 4, ncells = 4272
RebuildHierarchy[5]: Flagged 0/12 grids. 0 flagged cells
Level[3]: dt = 0.00631509  0.00816853 (0.0144964/0.0144964)
Level[4]: dt = 0.0038234  0.0038234 (0.0038234/0.00631509)
Level[5]: dt = 0.00173444  0.00173444 (0.00173444/0.0038234)
RebuildHierarchy: level = 5
TransferSubgridParticles[5]: Moved 0 particles, 0 stars, 0 active particles.
DetermineSGSize: MaxSubgridSize = 2000, MinSubgridEdge = 4, ncells = 4520
RebuildHierarchy[5]: Flagged 0/12 grids. 0 flagged cells
Level[5]: dt = 0.00173253  0.00173253 (0.00346696/0.0038234)
RebuildHierarchy: level = 5
TransferSubgridParticles[5]: Moved 0 particles, 0 stars, 0 active particles.
DetermineSGSize: MaxSubgridSize = 2000, MinSubgridEdge = 4, ncells = 4520
RebuildHierarchy[5]: Flagged 0/12 grids. 0 flagged cells
Level[5]: dt = 0.000356437  0.00173066 (0.0038234/0.0038234)
EvolveLevel[5]: NumberOfSubCycles = 3 (252 total, 3 sub)
RebuildHierarchy: level = 4
TransferSubgridParticles[4]: Moved 1 particles, 0 stars, 0 active particles.
DetermineSGSize: MaxSubgridSize = 2000, MinSubgridEdge = 4, ncells = 4520
RebuildHierarchy[4]: Flagged 12/24 grids. 522 flagged cells
LoadBalance: Number of grids moved = 12 out of 12 (0.000634827 seconds elapsed)
DetermineSGSize: MaxSubgridSize = 2000, MinSubgridEdge = 4, ncells = 4520
RebuildHierarchy[5]: Flagged 0/12 grids. 0 flagged cells
Level[4]: dt = 0.00249169  0.00382504 (0.00631509/0.00631509)
Level[5]: dt = 0.00173024  0.00173024 (0.00173024/0.00249169)
RebuildHierarchy: level = 5
TransferSubgridParticles[5]: Moved 0 particles, 0 stars, 0 active particles.
DetermineSGSize: MaxSubgridSize = 2000, MinSubgridEdge = 4, ncells = 4520
RebuildHierarchy[5]: Flagged 0/12 grids. 0 flagged cells
Level[5]: dt = 0.000761445  0.00172843 (0.00249169/0.00249169)
EvolveLevel[5]: NumberOfSubCycles = 2 (254 total, 2 sub)
EvolveLevel[4]: NumberOfSubCycles = 2 (103 total, 2 sub)
EvolveLevel[3]: NumberOfSubCycles = 2 (43 total, 2 sub)
EvolveLevel[2]: NumberOfSubCycles = 2 (20 total, 2 sub)
EvolveLevel[1]: NumberOfSubCycles = 2 (10 total, 2 sub)
EvolveLevel[0]: NumberOfSubCycles = 1 (5 total, 5 sub)
CPUTime-output: Frac = 0.999990, Current = 409.876 (409.876), Stop = 2592000.000000, Last = 25.9296
[YT_INFO   ] Setting YT parameters ...
[YT_INFO   ] Setting YT parameters ... done.
[YT_INFO   ] Getting pointer to particle list information ...
[YT_INFO   ] Getting pointer to particle list information  ... done.
[YT_INFO   ] Getting pointer to field list information ...
[YT_INFO   ] Getting pointer to field list information  ... done.
[YT_INFO   ] Getting pointer to local grids information ...
[YT_INFO   ] Getting pointer to local grids information  ... done.
[YT_INFO   ] Loading full hierarchy and local data to libyt ...
[YT_INFO   ] Loading full hierarchy and local data ... done.
[YT_INFO   ] Performing YT inline analysis yt_inline_func() ...
[YT_INFO   ] Performing YT inline analysis yt_inline_func() ... done.
Level[0]: dt = 0.0631685  0.0631685 (0.0631685/0.0631685)
PrepareGreens: Start = 0 0 36  Dim = 32 52 38
PrepareGreens: Start = 0 0 0  Dim = 32 52 36
Level[1]: dt = 0.0320836  0.0320836 (0.0320836/0.0631685)
Level[2]: dt = 0.0165285  0.0165285 (0.0165285/0.0320836)
Level[3]: dt = 0.00816121  0.00816121 (0.00816121/0.0165285)
Level[4]: dt = 0.00382634  0.00382634 (0.00382634/0.00816121)
Level[5]: dt = 0.00172764  0.00172764 (0.00172764/0.00382634)
RebuildHierarchy: level = 5
TransferSubgridParticles[5]: Moved 0 particles, 0 stars, 0 active particles.
DetermineSGSize: MaxSubgridSize = 2000, MinSubgridEdge = 4, ncells = 4520
RebuildHierarchy[5]: Flagged 0/12 grids. 0 flagged cells
Level[5]: dt = 0.00172572  0.00172572 (0.00345337/0.00382634)
RebuildHierarchy: level = 5
TransferSubgridParticles[5]: Moved 0 particles, 0 stars, 0 active particles.
DetermineSGSize: MaxSubgridSize = 2000, MinSubgridEdge = 4, ncells = 4520
RebuildHierarchy[5]: Flagged 0/12 grids. 0 flagged cells
Level[5]: dt = 0.000372969  0.00172416 (0.00382634/0.00382634)
EvolveLevel[5]: NumberOfSubCycles = 3 (257 total, 3 sub)
RebuildHierarchy: level = 4
TransferSubgridParticles[4]: Moved 1 particles, 0 stars, 0 active particles.
DetermineSGSize: MaxSubgridSize = 2000, MinSubgridEdge = 4, ncells = 4520
RebuildHierarchy[4]: Flagged 12/24 grids. 531 flagged cells
LoadBalance: Number of grids moved = 12 out of 12 (0.000573706 seconds elapsed)
DetermineSGSize: MaxSubgridSize = 2000, MinSubgridEdge = 4, ncells = 4520
RebuildHierarchy[5]: Flagged 0/12 grids. 0 flagged cells
Level[4]: dt = 0.00382895  0.00382895 (0.00765529/0.00816121)
Level[5]: dt = 0.00172383  0.00172383 (0.00172383/0.00382895)
RebuildHierarchy: level = 5
TransferSubgridParticles[5]: Moved 0 particles, 0 stars, 0 active particles.
DetermineSGSize: MaxSubgridSize = 2000, MinSubgridEdge = 4, ncells = 4592
RebuildHierarchy[5]: Flagged 0/12 grids. 0 flagged cells
Level[5]: dt = 0.00172221  0.00172221 (0.00344603/0.00382895)
RebuildHierarchy: level = 5
TransferSubgridParticles[5]: Moved 0 particles, 0 stars, 0 active particles.
DetermineSGSize: MaxSubgridSize = 2000, MinSubgridEdge = 4, ncells = 4592
RebuildHierarchy[5]: Flagged 0/12 grids. 0 flagged cells
Level[5]: dt = 0.000382917  0.00172096 (0.00382895/0.00382895)
EvolveLevel[5]: NumberOfSubCycles = 3 (260 total, 3 sub)
Level[4]: dt = 0.000505927  0.00383192 (0.00816121/0.00816121)
Level[5]: dt = 0.000505927  0.00172068 (0.000505927/0.000505927)
EvolveLevel[5]: NumberOfSubCycles = 1 (261 total, 1 sub)
EvolveLevel[4]: NumberOfSubCycles = 3 (106 total, 3 sub)
RebuildHierarchy: level = 3
TransferSubgridParticles[3]: Moved 9 particles, 0 stars, 0 active particles.
DetermineSGSize: MaxSubgridSize = 2000, MinSubgridEdge = 4, ncells = 7400
RebuildHierarchy[3]: Flagged 23/73 grids. 865 flagged cells
LoadBalance: Number of grids moved = 22 out of 23 (2.42032e-05 seconds elapsed)
DetermineSGSize: MaxSubgridSize = 2000, MinSubgridEdge = 4, ncells = 4592
RebuildHierarchy[4]: Flagged 12/23 grids. 549 flagged cells
LoadBalance: Number of grids moved = 12 out of 12 (0.000697352 seconds elapsed)
DetermineSGSize: MaxSubgridSize = 2000, MinSubgridEdge = 4, ncells = 4592
RebuildHierarchy[5]: Flagged 0/12 grids. 0 flagged cells
Level[3]: dt = 0.0083673  0.00815444 (0.0165285/0.0165285)
Level[4]: dt = 0.00383231  0.00383231 (0.00383231/0.0083673)
Level[5]: dt = 0.0017203  0.0017203 (0.0017203/0.00383231)
RebuildHierarchy: level = 5
TransferSubgridParticles[5]: Moved 0 particles, 0 stars, 0 active particles.
DetermineSGSize: MaxSubgridSize = 2000, MinSubgridEdge = 4, ncells = 4760
RebuildHierarchy[5]: Flagged 0/12 grids. 0 flagged cells
Level[5]: dt = 0.00171926  0.00171926 (0.00343956/0.00383231)
RebuildHierarchy: level = 5
TransferSubgridParticles[5]: Moved 0 particles, 0 stars, 0 active particles.
DetermineSGSize: MaxSubgridSize = 2000, MinSubgridEdge = 4, ncells = 4760
RebuildHierarchy[5]: Flagged 0/12 grids. 0 flagged cells
Level[5]: dt = 0.000392747  0.00171832 (0.00383231/0.00383231)
EvolveLevel[5]: NumberOfSubCycles = 3 (264 total, 3 sub)
RebuildHierarchy: level = 4
TransferSubgridParticles[4]: Moved 0 particles, 0 stars, 0 active particles.
DetermineSGSize: MaxSubgridSize = 2000, MinSubgridEdge = 4, ncells = 4760
RebuildHierarchy[4]: Flagged 12/23 grids. 549 flagged cells
LoadBalance: Number of grids moved = 12 out of 12 (0.000756241 seconds elapsed)
DetermineSGSize: MaxSubgridSize = 2000, MinSubgridEdge = 4, ncells = 4760
RebuildHierarchy[5]: Flagged 0/12 grids. 0 flagged cells
Level[4]: dt = 0.00384243  0.00384243 (0.00767474/0.0083673)
Level[5]: dt = 0.0017181  0.0017181 (0.0017181/0.00384243)
RebuildHierarchy: level = 5
TransferSubgridParticles[5]: Moved 0 particles, 0 stars, 0 active particles.
DetermineSGSize: MaxSubgridSize = 2000, MinSubgridEdge = 4, ncells = 4760
RebuildHierarchy[5]: Flagged 0/12 grids. 0 flagged cells
Level[5]: dt = 0.00171737  0.00171737 (0.00343547/0.00384243)
RebuildHierarchy: level = 5
TransferSubgridParticles[5]: Moved 0 particles, 0 stars, 0 active particles.
DetermineSGSize: MaxSubgridSize = 2000, MinSubgridEdge = 4, ncells = 4760
RebuildHierarchy[5]: Flagged 0/12 grids. 0 flagged cells
Level[5]: dt = 0.000406962  0.00171675 (0.00384243/0.00384243)
EvolveLevel[5]: NumberOfSubCycles = 3 (267 total, 3 sub)
Level[4]: dt = 0.000692557  0.0038524 (0.0083673/0.0083673)
Level[5]: dt = 0.000692557  0.00171659 (0.000692557/0.000692557)
EvolveLevel[5]: NumberOfSubCycles = 1 (268 total, 1 sub)
EvolveLevel[4]: NumberOfSubCycles = 3 (109 total, 3 sub)
EvolveLevel[3]: NumberOfSubCycles = 2 (45 total, 2 sub)
RebuildHierarchy: level = 2
TransferSubgridParticles[2]: Moved 113 particles, 0 stars, 0 active particles.
DetermineSGSize: MaxSubgridSize = 2000, MinSubgridEdge = 4, ncells = 47608
RebuildHierarchy[2]: Flagged 70/360 grids. 3902 flagged cells
LoadBalance: Number of grids moved = 74 out of 74 (0.000926994 seconds elapsed)
DetermineSGSize: MaxSubgridSize = 2000, MinSubgridEdge = 4, ncells = 7392
RebuildHierarchy[3]: Flagged 23/74 grids. 895 flagged cells
LoadBalance: Number of grids moved = 22 out of 23 (2.69301e-05 seconds elapsed)
DetermineSGSize: MaxSubgridSize = 2000, MinSubgridEdge = 4, ncells = 4760
RebuildHierarchy[4]: Flagged 12/23 grids. 552 flagged cells
LoadBalance: Number of grids moved = 12 out of 12 (0.000810783 seconds elapsed)
DetermineSGSize: MaxSubgridSize = 2000, MinSubgridEdge = 4, ncells = 4760
RebuildHierarchy[5]: Flagged 0/12 grids. 0 flagged cells
Level[2]: dt = 0.0155551  0.0165231 (0.0320836/0.0320836)
Level[3]: dt = 0.00814995  0.00814995 (0.00814995/0.0155551)
Level[4]: dt = 0.00385415  0.00385415 (0.00385415/0.00814995)
Level[5]: dt = 0.00171637  0.00171637 (0.00171637/0.00385415)
RebuildHierarchy: level = 5
TransferSubgridParticles[5]: Moved 0 particles, 0 stars, 0 active particles.
DetermineSGSize: MaxSubgridSize = 2000, MinSubgridEdge = 4, ncells = 4792
RebuildHierarchy[5]: Flagged 0/12 grids. 0 flagged cells
Level[5]: dt = 0.00171597  0.00171597 (0.00343234/0.00385415)
RebuildHierarchy: level = 5
TransferSubgridParticles[5]: Moved 0 particles, 0 stars, 0 active particles.
DetermineSGSize: MaxSubgridSize = 2000, MinSubgridEdge = 4, ncells = 4792
RebuildHierarchy[5]: Flagged 0/12 grids. 0 flagged cells
Level[5]: dt = 0.000421811  0.00171557 (0.00385415/0.00385415)
EvolveLevel[5]: NumberOfSubCycles = 3 (271 total, 3 sub)
RebuildHierarchy: level = 4
TransferSubgridParticles[4]: Moved 2 particles, 0 stars, 0 active particles.
DetermineSGSize: MaxSubgridSize = 2000, MinSubgridEdge = 4, ncells = 4792
RebuildHierarchy[4]: Flagged 12/23 grids. 549 flagged cells
LoadBalance: Number of grids moved = 12 out of 12 (0.000558488 seconds elapsed)
DetermineSGSize: MaxSubgridSize = 2000, MinSubgridEdge = 4, ncells = 4792
RebuildHierarchy[5]: Flagged 0/12 grids. 0 flagged cells
Level[4]: dt = 0.00386429  0.00386429 (0.00771845/0.00814995)
Level[5]: dt = 0.00171551  0.00171551 (0.00171551/0.00386429)
RebuildHierarchy: level = 5
TransferSubgridParticles[5]: Moved 0 particles, 0 stars, 0 active particles.
DetermineSGSize: MaxSubgridSize = 2000, MinSubgridEdge = 4, ncells = 4792
RebuildHierarchy[5]: Flagged 0/12 grids. 0 flagged cells
Level[5]: dt = 0.00171543  0.00171543 (0.00343093/0.00386429)
RebuildHierarchy: level = 5
TransferSubgridParticles[5]: Moved 0 particles, 0 stars, 0 active particles.
DetermineSGSize: MaxSubgridSize = 2000, MinSubgridEdge = 4, ncells = 4792
RebuildHierarchy[5]: Flagged 0/12 grids. 0 flagged cells
Level[5]: dt = 0.00043336  0.00171532 (0.00386429/0.00386429)
EvolveLevel[5]: NumberOfSubCycles = 3 (274 total, 3 sub)
Level[4]: dt = 0.000431499  0.0038746 (0.00814995/0.00814995)
Level[5]: dt = 0.000431499  0.00171533 (0.000431499/0.000431499)
EvolveLevel[5]: NumberOfSubCycles = 1 (275 total, 1 sub)
EvolveLevel[4]: NumberOfSubCycles = 3 (112 total, 3 sub)
RebuildHierarchy: level = 3
TransferSubgridParticles[3]: Moved 5 particles, 0 stars, 0 active particles.
DetermineSGSize: MaxSubgridSize = 2000, MinSubgridEdge = 4, ncells = 7736
RebuildHierarchy[3]: Flagged 23/74 grids. 926 flagged cells
LoadBalance: Number of grids moved = 22 out of 23 (2.46577e-05 seconds elapsed)
DetermineSGSize: MaxSubgridSize = 2000, MinSubgridEdge = 4, ncells = 4792
RebuildHierarchy[4]: Flagged 12/23 grids. 549 flagged cells
LoadBalance: Number of grids moved = 12 out of 12 (0.00062307 seconds elapsed)
DetermineSGSize: MaxSubgridSize = 2000, MinSubgridEdge = 4, ncells = 4792
RebuildHierarchy[5]: Flagged 0/12 grids. 0 flagged cells
Level[3]: dt = 0.00740512  0.00811773 (0.0155551/0.0155551)
Level[4]: dt = 0.00387573  0.00387573 (0.00387573/0.00740512)
Level[5]: dt = 0.00171534  0.00171534 (0.00171534/0.00387573)
RebuildHierarchy: level = 5
TransferSubgridParticles[5]: Moved 0 particles, 0 stars, 0 active particles.
DetermineSGSize: MaxSubgridSize = 2000, MinSubgridEdge = 4, ncells = 4792
RebuildHierarchy[5]: Flagged 0/12 grids. 0 flagged cells
Level[5]: dt = 0.00171541  0.00171541 (0.00343074/0.00387573)
RebuildHierarchy: level = 5
TransferSubgridParticles[5]: Moved 0 particles, 0 stars, 0 active particles.
DetermineSGSize: MaxSubgridSize = 2000, MinSubgridEdge = 4, ncells = 4792
RebuildHierarchy[5]: Flagged 0/12 grids. 0 flagged cells
Level[5]: dt = 0.000444985  0.00171581 (0.00387573/0.00387573)
EvolveLevel[5]: NumberOfSubCycles = 3 (278 total, 3 sub)
RebuildHierarchy: level = 4
TransferSubgridParticles[4]: Moved 0 particles, 0 stars, 0 active particles.
DetermineSGSize: MaxSubgridSize = 2000, MinSubgridEdge = 4, ncells = 4792
RebuildHierarchy[4]: Flagged 12/23 grids. 537 flagged cells
LoadBalance: Number of grids moved = 12 out of 12 (0.000656936 seconds elapsed)
DetermineSGSize: MaxSubgridSize = 2000, MinSubgridEdge = 4, ncells = 4792
RebuildHierarchy[5]: Flagged 0/12 grids. 0 flagged cells
Level[4]: dt = 0.0035294  0.00388627 (0.00740512/0.00740512)
Level[5]: dt = 0.00171587  0.00171587 (0.00171587/0.0035294)
RebuildHierarchy: level = 5
TransferSubgridParticles[5]: Moved 0 particles, 0 stars, 0 active particles.
DetermineSGSize: MaxSubgridSize = 2000, MinSubgridEdge = 4, ncells = 4664
RebuildHierarchy[5]: Flagged 0/12 grids. 0 flagged cells
Level[5]: dt = 0.00171614  0.00171614 (0.00343201/0.0035294)
RebuildHierarchy: level = 5
TransferSubgridParticles[5]: Moved 0 particles, 0 stars, 0 active particles.
DetermineSGSize: MaxSubgridSize = 2000, MinSubgridEdge = 4, ncells = 4664
RebuildHierarchy[5]: Flagged 0/12 grids. 0 flagged cells
Level[5]: dt = 9.73827e-05  0.00171673 (0.0035294/0.0035294)
EvolveLevel[5]: NumberOfSubCycles = 3 (281 total, 3 sub)
EvolveLevel[4]: NumberOfSubCycles = 2 (114 total, 2 sub)
EvolveLevel[3]: NumberOfSubCycles = 2 (47 total, 2 sub)
EvolveLevel[2]: NumberOfSubCycles = 2 (22 total, 2 sub)
RebuildHierarchy: level = 1
TransferSubgridParticles[1]: Moved 4035 particles, 0 stars, 0 active particles.
DetermineSGSize: MaxSubgridSize = 2000, MinSubgridEdge = 4, ncells = 281992
RebuildHierarchy[1]: Flagged 303/4341 grids. 21576 flagged cells
LoadBalance: Number of grids moved = 365 out of 369 (0.000174098 seconds elapsed)
DetermineSGSize: MaxSubgridSize = 2000, MinSubgridEdge = 4, ncells = 49096
RebuildHierarchy[2]: Flagged 70/369 grids. 3932 flagged cells
LoadBalance: Number of grids moved = 74 out of 74 (0.000846148 seconds elapsed)
DetermineSGSize: MaxSubgridSize = 2000, MinSubgridEdge = 4, ncells = 8088
RebuildHierarchy[3]: Flagged 24/74 grids. 914 flagged cells
LoadBalance: Number of grids moved = 23 out of 24 (2.43075e-05 seconds elapsed)
DetermineSGSize: MaxSubgridSize = 2000, MinSubgridEdge = 4, ncells = 4664
RebuildHierarchy[4]: Flagged 12/24 grids. 528 flagged cells
LoadBalance: Number of grids moved = 12 out of 12 (0.000792112 seconds elapsed)
DetermineSGSize: MaxSubgridSize = 2000, MinSubgridEdge = 4, ncells = 4664
RebuildHierarchy[5]: Flagged 0/12 grids. 0 flagged cells
Level[1]: dt = 0.0310849  0.0320911 (0.0631685/0.0631685)
Level[2]: dt = 0.0164588  0.0164588 (0.0164588/0.0310849)
Level[3]: dt = 0.00808607  0.00808607 (0.00808607/0.0164588)
Level[4]: dt = 0.00389633  0.00389633 (0.00389633/0.00808607)
Level[5]: dt = 0.00171675  0.00171675 (0.00171675/0.00389633)
RebuildHierarchy: level = 5
TransferSubgridParticles[5]: Moved 0 particles, 0 stars, 0 active particles.
DetermineSGSize: MaxSubgridSize = 2000, MinSubgridEdge = 4, ncells = 4536
RebuildHierarchy[5]: Flagged 0/12 grids. 0 flagged cells
Level[5]: dt = 0.00171715  0.00171715 (0.0034339/0.00389633)
RebuildHierarchy: level = 5
TransferSubgridParticles[5]: Moved 0 particles, 0 stars, 0 active particles.
DetermineSGSize: MaxSubgridSize = 2000, MinSubgridEdge = 4, ncells = 4536
RebuildHierarchy[5]: Flagged 0/12 grids. 0 flagged cells
Level[5]: dt = 0.000462433  0.00171786 (0.00389633/0.00389633)
EvolveLevel[5]: NumberOfSubCycles = 3 (284 total, 3 sub)
RebuildHierarchy: level = 4
TransferSubgridParticles[4]: Moved 2 particles, 0 stars, 0 active particles.
DetermineSGSize: MaxSubgridSize = 2000, MinSubgridEdge = 4, ncells = 4536
RebuildHierarchy[4]: Flagged 12/24 grids. 525 flagged cells
LoadBalance: Number of grids moved = 12 out of 12 (0.000649434 seconds elapsed)
DetermineSGSize: MaxSubgridSize = 2000, MinSubgridEdge = 4, ncells = 4536
RebuildHierarchy[5]: Flagged 0/12 grids. 0 flagged cells
Level[4]: dt = 0.0038743  0.0038743 (0.00777063/0.00808607)
Level[5]: dt = 0.00171799  0.00171799 (0.00171799/0.0038743)
RebuildHierarchy: level = 5
TransferSubgridParticles[5]: Moved 0 particles, 0 stars, 0 active particles.
DetermineSGSize: MaxSubgridSize = 2000, MinSubgridEdge = 4, ncells = 4536
RebuildHierarchy[5]: Flagged 0/12 grids. 0 flagged cells
Level[5]: dt = 0.00171854  0.00171854 (0.00343653/0.0038743)
RebuildHierarchy: level = 5
TransferSubgridParticles[5]: Moved 0 particles, 0 stars, 0 active particles.
DetermineSGSize: MaxSubgridSize = 2000, MinSubgridEdge = 4, ncells = 4536
RebuildHierarchy[5]: Flagged 0/12 grids. 0 flagged cells
Level[5]: dt = 0.000437764  0.00171938 (0.0038743/0.0038743)
EvolveLevel[5]: NumberOfSubCycles = 3 (287 total, 3 sub)
Level[4]: dt = 0.000315444  0.00385075 (0.00808607/0.00808607)
Level[5]: dt = 0.000315444  0.00171955 (0.000315444/0.000315444)
EvolveLevel[5]: NumberOfSubCycles = 1 (288 total, 1 sub)
EvolveLevel[4]: NumberOfSubCycles = 3 (117 total, 3 sub)
RebuildHierarchy: level = 3
TransferSubgridParticles[3]: Moved 8 particles, 0 stars, 0 active particles.
DetermineSGSize: MaxSubgridSize = 2000, MinSubgridEdge = 4, ncells = 7912
RebuildHierarchy[3]: Flagged 24/74 grids. 926 flagged cells
LoadBalance: Number of grids moved = 23 out of 24 (2.35625e-05 seconds elapsed)
DetermineSGSize: MaxSubgridSize = 2000, MinSubgridEdge = 4, ncells = 4536
RebuildHierarchy[4]: Flagged 12/24 grids. 525 flagged cells
LoadBalance: Number of grids moved = 12 out of 12 (0.000604484 seconds elapsed)
DetermineSGSize: MaxSubgridSize = 2000, MinSubgridEdge = 4, ncells = 4536
RebuildHierarchy[5]: Flagged 0/12 grids. 0 flagged cells
Level[3]: dt = 0.00837276  0.00805909 (0.0164588/0.0164588)
Level[4]: dt = 0.00384907  0.00384907 (0.00384907/0.00837276)
Level[5]: dt = 0.00171967  0.00171967 (0.00171967/0.00384907)
RebuildHierarchy: level = 5
TransferSubgridParticles[5]: Moved 0 particles, 0 stars, 0 active particles.
DetermineSGSize: MaxSubgridSize = 2000, MinSubgridEdge = 4, ncells = 4536
RebuildHierarchy[5]: Flagged 0/12 grids. 0 flagged cells
Level[5]: dt = 0.00172061  0.00172061 (0.00344028/0.00384907)
RebuildHierarchy: level = 5
TransferSubgridParticles[5]: Moved 0 particles, 0 stars, 0 active particles.
DetermineSGSize: MaxSubgridSize = 2000, MinSubgridEdge = 4, ncells = 4536
RebuildHierarchy[5]: Flagged 0/12 grids. 0 flagged cells
Level[5]: dt = 0.000408785  0.0017216 (0.00384907/0.00384907)
EvolveLevel[5]: NumberOfSubCycles = 3 (291 total, 3 sub)
RebuildHierarchy: level = 4
TransferSubgridParticles[4]: Moved 0 particles, 0 stars, 0 active particles.
DetermineSGSize: MaxSubgridSize = 2000, MinSubgridEdge = 4, ncells = 4536
RebuildHierarchy[4]: Flagged 13/24 grids. 552 flagged cells
LoadBalance: Number of grids moved = 13 out of 13 (0.000767753 seconds elapsed)
DetermineSGSize: MaxSubgridSize = 2000, MinSubgridEdge = 4, ncells = 4536
RebuildHierarchy[5]: Flagged 0/13 grids. 0 flagged cells
Level[4]: dt = 0.00383135  0.00383135 (0.00768041/0.00837276)
Level[5]: dt = 0.0017218  0.0017218 (0.0017218/0.00383135)
RebuildHierarchy: level = 5
TransferSubgridParticles[5]: Moved 0 particles, 0 stars, 0 active particles.
DetermineSGSize: MaxSubgridSize = 2000, MinSubgridEdge = 4, ncells = 4752
RebuildHierarchy[5]: Flagged 0/13 grids. 0 flagged cells
Level[5]: dt = 0.00172293  0.00172293 (0.00344473/0.00383135)
RebuildHierarchy: level = 5
TransferSubgridParticles[5]: Moved 0 particles, 0 stars, 0 active particles.
DetermineSGSize: MaxSubgridSize = 2000, MinSubgridEdge = 4, ncells = 4752
RebuildHierarchy[5]: Flagged 0/13 grids. 0 flagged cells
Level[5]: dt = 0.000386618  0.0017241 (0.00383135/0.00383135)
EvolveLevel[5]: NumberOfSubCycles = 3 (294 total, 3 sub)
Level[4]: dt = 0.00069235  0.00381503 (0.00837276/0.00837276)
Level[5]: dt = 0.00069235  0.00172433 (0.00069235/0.00069235)
EvolveLevel[5]: NumberOfSubCycles = 1 (295 total, 1 sub)
EvolveLevel[4]: NumberOfSubCycles = 3 (120 total, 3 sub)
EvolveLevel[3]: NumberOfSubCycles = 2 (49 total, 2 sub)
RebuildHierarchy: level = 2
TransferSubgridParticles[2]: Moved 67 particles, 0 stars, 0 active particles.
DetermineSGSize: MaxSubgridSize = 2000, MinSubgridEdge = 4, ncells = 50352
RebuildHierarchy[2]: Flagged 70/369 grids. 3921 flagged cells
LoadBalance: Number of grids moved = 74 out of 74 (0.000891872 seconds elapsed)
DetermineSGSize: MaxSubgridSize = 2000, MinSubgridEdge = 4, ncells = 8040
RebuildHierarchy[3]: Flagged 24/74 grids. 935 flagged cells
LoadBalance: Number of grids moved = 23 out of 24 (2.57716e-05 seconds elapsed)
DetermineSGSize: MaxSubgridSize = 2000, MinSubgridEdge = 4, ncells = 4752
RebuildHierarchy[4]: Flagged 12/24 grids. 534 flagged cells
LoadBalance: Number of grids moved = 12 out of 12 (0.00075848 seconds elapsed)
DetermineSGSize: MaxSubgridSize = 2000, MinSubgridEdge = 4, ncells = 4752
RebuildHierarchy[5]: Flagged 0/12 grids. 0 flagged cells
Level[2]: dt = 0.0146261  0.0164656 (0.0310849/0.0310849)
Level[3]: dt = 0.00803881  0.00803881 (0.00803881/0.0146261)
Level[4]: dt = 0.00381236  0.00381236 (0.00381236/0.00803881)
Level[5]: dt = 0.00172479  0.00172479 (0.00172479/0.00381236)
RebuildHierarchy: level = 5
TransferSubgridParticles[5]: Moved 0 particles, 0 stars, 0 active particles.
DetermineSGSize: MaxSubgridSize = 2000, MinSubgridEdge = 4, ncells = 4632
RebuildHierarchy[5]: Flagged 0/12 grids. 0 flagged cells
Level[5]: dt = 0.00172612  0.00172612 (0.00345091/0.00381236)
RebuildHierarchy: level = 5
TransferSubgridParticles[5]: Moved 0 particles, 0 stars, 0 active particles.
DetermineSGSize: MaxSubgridSize = 2000, MinSubgridEdge = 4, ncells = 4632
RebuildHierarchy[5]: Flagged 0/12 grids. 0 flagged cells
Level[5]: dt = 0.000361449  0.00172743 (0.00381236/0.00381236)
EvolveLevel[5]: NumberOfSubCycles = 3 (298 total, 3 sub)
RebuildHierarchy: level = 4
TransferSubgridParticles[4]: Moved 1 particles, 0 stars, 0 active particles.
DetermineSGSize: MaxSubgridSize = 2000, MinSubgridEdge = 4, ncells = 4632
RebuildHierarchy[4]: Flagged 12/24 grids. 534 flagged cells
LoadBalance: Number of grids moved = 12 out of 12 (0.000834856 seconds elapsed)
DetermineSGSize: MaxSubgridSize = 2000, MinSubgridEdge = 4, ncells = 4632
RebuildHierarchy[5]: Flagged 0/12 grids. 0 flagged cells
Level[4]: dt = 0.00379966  0.00379966 (0.00761201/0.00803881)
Level[5]: dt = 0.00172771  0.00172771 (0.00172771/0.00379966)
RebuildHierarchy: level = 5
TransferSubgridParticles[5]: Moved 0 particles, 0 stars, 0 active particles.
DetermineSGSize: MaxSubgridSize = 2000, MinSubgridEdge = 4, ncells = 4632
RebuildHierarchy[5]: Flagged 0/12 grids. 0 flagged cells
Level[5]: dt = 0.0017293  0.0017293 (0.00345701/0.00379966)
RebuildHierarchy: level = 5
TransferSubgridParticles[5]: Moved 0 particles, 0 stars, 0 active particles.
DetermineSGSize: MaxSubgridSize = 2000, MinSubgridEdge = 4, ncells = 4632
RebuildHierarchy[5]: Flagged 0/12 grids. 0 flagged cells
Level[5]: dt = 0.00034265  0.0017309 (0.00379966/0.00379966)
EvolveLevel[5]: NumberOfSubCycles = 3 (301 total, 3 sub)
Level[4]: dt = 0.000426793  0.00378807 (0.00803881/0.00803881)
Level[5]: dt = 0.000426793  0.00173121 (0.000426793/0.000426793)
EvolveLevel[5]: NumberOfSubCycles = 1 (302 total, 1 sub)
EvolveLevel[4]: NumberOfSubCycles = 3 (123 total, 3 sub)
RebuildHierarchy: level = 3
TransferSubgridParticles[3]: Moved 8 particles, 0 stars, 0 active particles.
DetermineSGSize: MaxSubgridSize = 2000, MinSubgridEdge = 4, ncells = 8112
RebuildHierarchy[3]: Flagged 25/74 grids. 974 flagged cells
LoadBalance: Number of grids moved = 24 out of 25 (2.544e-05 seconds elapsed)
DetermineSGSize: MaxSubgridSize = 2000, MinSubgridEdge = 4, ncells = 4632
RebuildHierarchy[4]: Flagged 12/25 grids. 543 flagged cells
LoadBalance: Number of grids moved = 12 out of 12 (0.000773154 seconds elapsed)
DetermineSGSize: MaxSubgridSize = 2000, MinSubgridEdge = 4, ncells = 4632
RebuildHierarchy[5]: Flagged 0/12 grids. 0 flagged cells
Level[3]: dt = 0.00658725  0.00802851 (0.0146261/0.0146261)
Level[4]: dt = 0.00378689  0.00378689 (0.00378689/0.00658725)
Level[5]: dt = 0.00173161  0.00173161 (0.00173161/0.00378689)
RebuildHierarchy: level = 5
TransferSubgridParticles[5]: Moved 0 particles, 0 stars, 0 active particles.
DetermineSGSize: MaxSubgridSize = 2000, MinSubgridEdge = 4, ncells = 4760
RebuildHierarchy[5]: Flagged 0/12 grids. 0 flagged cells
Level[5]: dt = 0.0017334  0.0017334 (0.00346501/0.00378689)
RebuildHierarchy: level = 5
TransferSubgridParticles[5]: Moved 0 particles, 0 stars, 0 active particles.
DetermineSGSize: MaxSubgridSize = 2000, MinSubgridEdge = 4, ncells = 4760
RebuildHierarchy[5]: Flagged 0/12 grids. 0 flagged cells
Level[5]: dt = 0.000321881  0.00173544 (0.00378689/0.00378689)
EvolveLevel[5]: NumberOfSubCycles = 3 (305 total, 3 sub)
RebuildHierarchy: level = 4
TransferSubgridParticles[4]: Moved 0 particles, 0 stars, 0 active particles.
DetermineSGSize: MaxSubgridSize = 2000, MinSubgridEdge = 4, ncells = 4760
RebuildHierarchy[4]: Flagged 12/25 grids. 543 flagged cells
LoadBalance: Number of grids moved = 12 out of 12 (0.000800874 seconds elapsed)
DetermineSGSize: MaxSubgridSize = 2000, MinSubgridEdge = 4, ncells = 4760
RebuildHierarchy[5]: Flagged 0/12 grids. 0 flagged cells
Level[4]: dt = 0.00280036  0.0037784 (0.00658725/0.00658725)
Level[5]: dt = 0.00173578  0.00173578 (0.00173578/0.00280036)
RebuildHierarchy: level = 5
TransferSubgridParticles[5]: Moved 0 particles, 0 stars, 0 active particles.
DetermineSGSize: MaxSubgridSize = 2000, MinSubgridEdge = 4, ncells = 4760
RebuildHierarchy[5]: Flagged 0/12 grids. 0 flagged cells
Level[5]: dt = 0.00106458  0.0017378 (0.00280036/0.00280036)
EvolveLevel[5]: NumberOfSubCycles = 2 (307 total, 2 sub)
EvolveLevel[4]: NumberOfSubCycles = 2 (125 total, 2 sub)
EvolveLevel[3]: NumberOfSubCycles = 2 (51 total, 2 sub)
EvolveLevel[2]: NumberOfSubCycles = 2 (24 total, 2 sub)
EvolveLevel[1]: NumberOfSubCycles = 2 (12 total, 2 sub)
EvolveLevel[0]: NumberOfSubCycles = 1 (6 total, 6 sub)
RebuildHierarchy: level = 0
CommunicationTransferParticles: moved = 290440
CommunicationTransferStars: moved = 0
CommunicationTransferActiveParticles: moved = 0
DetermineSGSize: MaxSubgridSize = 2000, MinSubgridEdge = 4, ncells = 5437904
RebuildHierarchy[0]: Flagged 578/1120 grids. 360721 flagged cells
LoadBalance: Number of grids moved = 4404 out of 4454 (0.0494959 seconds elapsed)
DetermineSGSize: MaxSubgridSize = 2000, MinSubgridEdge = 4, ncells = 289176
RebuildHierarchy[1]: Flagged 297/4454 grids. 21543 flagged cells
LoadBalance: Number of grids moved = 356 out of 359 (0.000165772 seconds elapsed)
DetermineSGSize: MaxSubgridSize = 2000, MinSubgridEdge = 4, ncells = 50520
RebuildHierarchy[2]: Flagged 65/359 grids. 3820 flagged cells
LoadBalance: Number of grids moved = 68 out of 68 (0.00101222 seconds elapsed)
DetermineSGSize: MaxSubgridSize = 2000, MinSubgridEdge = 4, ncells = 8456
RebuildHierarchy[3]: Flagged 25/68 grids. 986 flagged cells
LoadBalance: Number of grids moved = 24 out of 25 (2.51345e-05 seconds elapsed)
DetermineSGSize: MaxSubgridSize = 2000, MinSubgridEdge = 4, ncells = 4760
RebuildHierarchy[4]: Flagged 13/25 grids. 579 flagged cells
LoadBalance: Number of grids moved = 13 out of 13 (0.000746921 seconds elapsed)
DetermineSGSize: MaxSubgridSize = 2000, MinSubgridEdge = 4, ncells = 4760
RebuildHierarchy[5]: Flagged 0/13 grids. 0 flagged cells
CPUTime-output: Frac = 0.999990, Current = 435.892 (435.178), Stop = 2592000.000000, Last = 25.3015
[YT_INFO   ] Setting YT parameters ...
[YT_INFO   ] Setting YT parameters ... done.
[YT_INFO   ] Getting pointer to particle list information ...
[YT_INFO   ] Getting pointer to particle list information  ... done.
[YT_INFO   ] Getting pointer to field list information ...
[YT_INFO   ] Getting pointer to field list information  ... done.
[YT_INFO   ] Getting pointer to local grids information ...
[YT_INFO   ] Getting pointer to local grids information  ... done.
[YT_INFO   ] Loading full hierarchy and local data to libyt ...
[YT_INFO   ] Loading full hierarchy and local data ... done.
[YT_INFO   ] Performing YT inline analysis yt_inline_func() ...
[YT_INFO   ] Performing YT inline analysis yt_inline_func() ... done.
Level[0]: dt = 0.0632158  0.0632158 (0.0632158/0.0632158)
Level[1]: dt = 0.0320984  0.0320984 (0.0320984/0.0632158)
Level[2]: dt = 0.0164714  0.0164714 (0.0164714/0.0320984)
Level[3]: dt = 0.00802409  0.00802409 (0.00802409/0.0164714)
Level[4]: dt = 0.00377272  0.00377272 (0.00377272/0.00802409)
Level[5]: dt = 0.00173907  0.00173907 (0.00173907/0.00377272)
RebuildHierarchy: level = 5
TransferSubgridParticles[5]: Moved 0 particles, 0 stars, 0 active particles.
DetermineSGSize: MaxSubgridSize = 2000, MinSubgridEdge = 4, ncells = 5104
RebuildHierarchy[5]: Flagged 0/13 grids. 0 flagged cells
Level[5]: dt = 0.00174129  0.00174129 (0.00348036/0.00377272)
RebuildHierarchy: level = 5
TransferSubgridParticles[5]: Moved 0 particles, 0 stars, 0 active particles.
DetermineSGSize: MaxSubgridSize = 2000, MinSubgridEdge = 4, ncells = 5104
RebuildHierarchy[5]: Flagged 0/13 grids. 0 flagged cells
Level[5]: dt = 0.000292354  0.00174355 (0.00377272/0.00377272)
EvolveLevel[5]: NumberOfSubCycles = 3 (310 total, 3 sub)
RebuildHierarchy: level = 4
TransferSubgridParticles[4]: Moved 0 particles, 0 stars, 0 active particles.
DetermineSGSize: MaxSubgridSize = 2000, MinSubgridEdge = 4, ncells = 5104
RebuildHierarchy[4]: Flagged 12/25 grids. 552 flagged cells
LoadBalance: Number of grids moved = 12 out of 12 (0.000634018 seconds elapsed)
DetermineSGSize: MaxSubgridSize = 2000, MinSubgridEdge = 4, ncells = 5104
RebuildHierarchy[5]: Flagged 0/12 grids. 0 flagged cells
Level[4]: dt = 0.00376735  0.00376735 (0.00754007/0.00802409)
Level[5]: dt = 0.00174391  0.00174391 (0.00174391/0.00376735)
RebuildHierarchy: level = 5
TransferSubgridParticles[5]: Moved 0 particles, 0 stars, 0 active particles.
DetermineSGSize: MaxSubgridSize = 2000, MinSubgridEdge = 4, ncells = 4920
RebuildHierarchy[5]: Flagged 0/12 grids. 0 flagged cells
Level[5]: dt = 0.00174634  0.00174634 (0.00349026/0.00376735)
RebuildHierarchy: level = 5
TransferSubgridParticles[5]: Moved 0 particles, 0 stars, 0 active particles.
DetermineSGSize: MaxSubgridSize = 2000, MinSubgridEdge = 4, ncells = 4920
RebuildHierarchy[5]: Flagged 0/12 grids. 0 flagged cells
Level[5]: dt = 0.000277096  0.00174883 (0.00376735/0.00376735)
EvolveLevel[5]: NumberOfSubCycles = 3 (313 total, 3 sub)
Level[4]: dt = 0.000484019  0.00376392 (0.00802409/0.00802409)
Level[5]: dt = 0.000484019  0.0017492 (0.000484019/0.000484019)
EvolveLevel[5]: NumberOfSubCycles = 1 (314 total, 1 sub)
EvolveLevel[4]: NumberOfSubCycles = 3 (128 total, 3 sub)
RebuildHierarchy: level = 3
TransferSubgridParticles[3]: Moved 323 particles, 0 stars, 0 active particles.
DetermineSGSize: MaxSubgridSize = 2000, MinSubgridEdge = 4, ncells = 8584
RebuildHierarchy[3]: Flagged 25/68 grids. 1016 flagged cells
LoadBalance: Number of grids moved = 24 out of 25 (2.45385e-05 seconds elapsed)
DetermineSGSize: MaxSubgridSize = 2000, MinSubgridEdge = 4, ncells = 4920
RebuildHierarchy[4]: Flagged 12/25 grids. 549 flagged cells
LoadBalance: Number of grids moved = 12 out of 12 (0.000488836 seconds elapsed)
DetermineSGSize: MaxSubgridSize = 2000, MinSubgridEdge = 4, ncells = 4920
RebuildHierarchy[5]: Flagged 0/12 grids. 0 flagged cells
Level[3]: dt = 0.008023  0.008023 (0.0160471/0.0164714)
Level[4]: dt = 0.00376349  0.00376349 (0.00376349/0.008023)
Level[5]: dt = 0.00174919  0.00174919 (0.00174919/0.00376349)
RebuildHierarchy: level = 5
TransferSubgridParticles[5]: Moved 0 particles, 0 stars, 0 active particles.
DetermineSGSize: MaxSubgridSize = 2000, MinSubgridEdge = 4, ncells = 4920
RebuildHierarchy[5]: Flagged 0/12 grids. 0 flagged cells
Level[5]: dt = 0.00174797  0.00174797 (0.00349716/0.00376349)
RebuildHierarchy: level = 5
TransferSubgridParticles[5]: Moved 0 particles, 0 stars, 0 active particles.
DetermineSGSize: MaxSubgridSize = 2000, MinSubgridEdge = 4, ncells = 4920
RebuildHierarchy[5]: Flagged 0/12 grids. 0 flagged cells
Level[5]: dt = 0.000266334  0.00174708 (0.00376349/0.00376349)
EvolveLevel[5]: NumberOfSubCycles = 3 (317 total, 3 sub)
RebuildHierarchy: level = 4
TransferSubgridParticles[4]: Moved 1 particles, 0 stars, 0 active particles.
DetermineSGSize: MaxSubgridSize = 2000, MinSubgridEdge = 4, ncells = 4920
RebuildHierarchy[4]: Flagged 12/25 grids. 561 flagged cells
LoadBalance: Number of grids moved = 12 out of 12 (0.000808902 seconds elapsed)
DetermineSGSize: MaxSubgridSize = 2000, MinSubgridEdge = 4, ncells = 4920
RebuildHierarchy[5]: Flagged 0/12 grids. 0 flagged cells
Level[4]: dt = 0.00376169  0.00376169 (0.00752518/0.008023)
Level[5]: dt = 0.00174695  0.00174695 (0.00174695/0.00376169)
RebuildHierarchy: level = 5
TransferSubgridParticles[5]: Moved 0 particles, 0 stars, 0 active particles.
DetermineSGSize: MaxSubgridSize = 2000, MinSubgridEdge = 4, ncells = 5016
RebuildHierarchy[5]: Flagged 0/12 grids. 0 flagged cells
Level[5]: dt = 0.00174593  0.00174593 (0.00349288/0.00376169)
RebuildHierarchy: level = 5
TransferSubgridParticles[5]: Moved 0 particles, 0 stars, 0 active particles.
DetermineSGSize: MaxSubgridSize = 2000, MinSubgridEdge = 4, ncells = 5016
RebuildHierarchy[5]: Flagged 0/12 grids. 0 flagged cells
Level[5]: dt = 0.000268806  0.00174523 (0.00376169/0.00376169)
EvolveLevel[5]: NumberOfSubCycles = 3 (320 total, 3 sub)
Level[4]: dt = 0.000497815  0.00376136 (0.008023/0.008023)
Level[5]: dt = 0.000497815  0.00174512 (0.000497815/0.000497815)
EvolveLevel[5]: NumberOfSubCycles = 1 (321 total, 1 sub)
EvolveLevel[4]: NumberOfSubCycles = 3 (131 total, 3 sub)
Level[3]: dt = 0.000424276  0.00802883 (0.0164714/0.0164714)
Level[4]: dt = 0.000424276  0.00376133 (0.000424276/0.000424276)
Level[5]: dt = 0.000424276  0.00174492 (0.000424276/0.000424276)
EvolveLevel[5]: NumberOfSubCycles = 1 (322 total, 1 sub)
EvolveLevel[4]: NumberOfSubCycles = 1 (132 total, 1 sub)
EvolveLevel[3]: NumberOfSubCycles = 3 (54 total, 3 sub)
RebuildHierarchy: level = 2
TransferSubgridParticles[2]: Moved 1889 particles, 0 stars, 0 active particles.
DetermineSGSize: MaxSubgridSize = 2000, MinSubgridEdge = 4, ncells = 49024
RebuildHierarchy[2]: Flagged 66/359 grids. 3837 flagged cells
LoadBalance: Number of grids moved = 69 out of 69 (0.00100312 seconds elapsed)
DetermineSGSize: MaxSubgridSize = 2000, MinSubgridEdge = 4, ncells = 8768
RebuildHierarchy[3]: Flagged 26/69 grids. 1049 flagged cells
LoadBalance: Number of grids moved = 25 out of 26 (2.41883e-05 seconds elapsed)
DetermineSGSize: MaxSubgridSize = 2000, MinSubgridEdge = 4, ncells = 5016
RebuildHierarchy[4]: Flagged 12/26 grids. 561 flagged cells
LoadBalance: Number of grids moved = 12 out of 12 (0.000806477 seconds elapsed)
DetermineSGSize: MaxSubgridSize = 2000, MinSubgridEdge = 4, ncells = 5016
RebuildHierarchy[5]: Flagged 0/12 grids. 0 flagged cells
Level[2]: dt = 0.0156271  0.0164778 (0.0320984/0.0320984)
Level[3]: dt = 0.00802922  0.00802922 (0.00802922/0.0156271)
Level[4]: dt = 0.00376133  0.00376133 (0.00376133/0.00802922)
Level[5]: dt = 0.00174477  0.00174477 (0.00174477/0.00376133)
RebuildHierarchy: level = 5
TransferSubgridParticles[5]: Moved 0 particles, 0 stars, 0 active particles.
DetermineSGSize: MaxSubgridSize = 2000, MinSubgridEdge = 4, ncells = 5048
RebuildHierarchy[5]: Flagged 0/12 grids. 0 flagged cells
Level[5]: dt = 0.00174408  0.00174408 (0.00348885/0.00376133)
RebuildHierarchy: level = 5
TransferSubgridParticles[5]: Moved 0 particles, 0 stars, 0 active particles.
DetermineSGSize: MaxSubgridSize = 2000, MinSubgridEdge = 4, ncells = 5048
RebuildHierarchy[5]: Flagged 0/12 grids. 0 flagged cells
Level[5]: dt = 0.000272481  0.00174339 (0.00376133/0.00376133)
EvolveLevel[5]: NumberOfSubCycles = 3 (325 total, 3 sub)
RebuildHierarchy: level = 4
TransferSubgridParticles[4]: Moved 1 particles, 0 stars, 0 active particles.
DetermineSGSize: MaxSubgridSize = 2000, MinSubgridEdge = 4, ncells = 5048
RebuildHierarchy[4]: Flagged 13/26 grids. 582 flagged cells
LoadBalance: Number of grids moved = 13 out of 13 (0.000820432 seconds elapsed)
DetermineSGSize: MaxSubgridSize = 2000, MinSubgridEdge = 4, ncells = 5048
RebuildHierarchy[5]: Flagged 0/13 grids. 0 flagged cells
Level[4]: dt = 0.00376271  0.00376271 (0.00752405/0.00802922)
Level[5]: dt = 0.00174332  0.00174332 (0.00174332/0.00376271)
RebuildHierarchy: level = 5
TransferSubgridParticles[5]: Moved 0 particles, 0 stars, 0 active particles.
DetermineSGSize: MaxSubgridSize = 2000, MinSubgridEdge = 4, ncells = 5280
RebuildHierarchy[5]: Flagged 0/13 grids. 0 flagged cells
Level[5]: dt = 0.00174282  0.00174282 (0.00348614/0.00376271)
RebuildHierarchy: level = 5
TransferSubgridParticles[5]: Moved 0 particles, 0 stars, 0 active particles.
DetermineSGSize: MaxSubgridSize = 2000, MinSubgridEdge = 4, ncells = 5280
RebuildHierarchy[5]: Flagged 0/13 grids. 0 flagged cells
Level[5]: dt = 0.00027657  0.00174232 (0.00376271/0.00376271)
EvolveLevel[5]: NumberOfSubCycles = 3 (328 total, 3 sub)
Level[4]: dt = 0.000505169  0.00376532 (0.00802922/0.00802922)
Level[5]: dt = 0.000505169  0.00174228 (0.000505169/0.000505169)
EvolveLevel[5]: NumberOfSubCycles = 1 (329 total, 1 sub)
EvolveLevel[4]: NumberOfSubCycles = 3 (135 total, 3 sub)
RebuildHierarchy: level = 3
TransferSubgridParticles[3]: Moved 6 particles, 0 stars, 0 active particles.
DetermineSGSize: MaxSubgridSize = 2000, MinSubgridEdge = 4, ncells = 9040
RebuildHierarchy[3]: Flagged 26/69 grids. 1086 flagged cells
LoadBalance: Number of grids moved = 26 out of 27 (2.57157e-05 seconds elapsed)
DetermineSGSize: MaxSubgridSize = 2000, MinSubgridEdge = 4, ncells = 5280
RebuildHierarchy[4]: Flagged 13/27 grids. 570 flagged cells
LoadBalance: Number of grids moved = 13 out of 13 (0.000717454 seconds elapsed)
DetermineSGSize: MaxSubgridSize = 2000, MinSubgridEdge = 4, ncells = 5280
RebuildHierarchy[5]: Flagged 0/13 grids. 0 flagged cells
Level[3]: dt = 0.00759783  0.00803927 (0.0156271/0.0156271)
Level[4]: dt = 0.0037658  0.0037658 (0.0037658/0.00759783)
Level[5]: dt = 0.00174221  0.00174221 (0.00174221/0.0037658)
RebuildHierarchy: level = 5
TransferSubgridParticles[5]: Moved 0 particles, 0 stars, 0 active particles.
DetermineSGSize: MaxSubgridSize = 2000, MinSubgridEdge = 4, ncells = 5048
RebuildHierarchy[5]: Flagged 0/13 grids. 0 flagged cells
Level[5]: dt = 0.00174185  0.00174185 (0.00348406/0.0037658)
RebuildHierarchy: level = 5
TransferSubgridParticles[5]: Moved 0 particles, 0 stars, 0 active particles.
DetermineSGSize: MaxSubgridSize = 2000, MinSubgridEdge = 4, ncells = 5048
RebuildHierarchy[5]: Flagged 0/13 grids. 0 flagged cells
Level[5]: dt = 0.000281745  0.00174181 (0.0037658/0.0037658)
EvolveLevel[5]: NumberOfSubCycles = 3 (332 total, 3 sub)
RebuildHierarchy: level = 4
TransferSubgridParticles[4]: Moved 0 particles, 0 stars, 0 active particles.
DetermineSGSize: MaxSubgridSize = 2000, MinSubgridEdge = 4, ncells = 5048
RebuildHierarchy[4]: Flagged 13/27 grids. 561 flagged cells
LoadBalance: Number of grids moved = 13 out of 13 (0.000839543 seconds elapsed)
DetermineSGSize: MaxSubgridSize = 2000, MinSubgridEdge = 4, ncells = 5048
RebuildHierarchy[5]: Flagged 0/13 grids. 0 flagged cells
Level[4]: dt = 0.00383203  0.00377095 (0.00759783/0.00759783)
Level[5]: dt = 0.00174181  0.00174181 (0.00174181/0.00383203)
RebuildHierarchy: level = 5
TransferSubgridParticles[5]: Moved 0 particles, 0 stars, 0 active particles.
DetermineSGSize: MaxSubgridSize = 2000, MinSubgridEdge = 4, ncells = 4920
RebuildHierarchy[5]: Flagged 0/13 grids. 0 flagged cells
Level[5]: dt = 0.0017417  0.0017417 (0.00348351/0.00383203)
RebuildHierarchy: level = 5
TransferSubgridParticles[5]: Moved 0 particles, 0 stars, 0 active particles.
DetermineSGSize: MaxSubgridSize = 2000, MinSubgridEdge = 4, ncells = 4920
RebuildHierarchy[5]: Flagged 0/13 grids. 0 flagged cells
Level[5]: dt = 0.000348521  0.00174185 (0.00383203/0.00383203)
EvolveLevel[5]: NumberOfSubCycles = 3 (335 total, 3 sub)
EvolveLevel[4]: NumberOfSubCycles = 2 (137 total, 2 sub)
EvolveLevel[3]: NumberOfSubCycles = 2 (56 total, 2 sub)
EvolveLevel[2]: NumberOfSubCycles = 2 (26 total, 2 sub)
RebuildHierarchy: level = 1
TransferSubgridParticles[1]: Moved 46734 particles, 0 stars, 0 active particles.
DetermineSGSize: MaxSubgridSize = 2000, MinSubgridEdge = 4, ncells = 290392
RebuildHierarchy[1]: Flagged 298/4454 grids. 22025 flagged cells
LoadBalance: Number of grids moved = 363 out of 365 (0.000158668 seconds elapsed)
DetermineSGSize: MaxSubgridSize = 2000, MinSubgridEdge = 4, ncells = 48128
RebuildHierarchy[2]: Flagged 68/365 grids. 3875 flagged cells
LoadBalance: Number of grids moved = 72 out of 72 (0.000957739 seconds elapsed)
DetermineSGSize: MaxSubgridSize = 2000, MinSubgridEdge = 4, ncells = 9496
RebuildHierarchy[3]: Flagged 26/72 grids. 1089 flagged cells
LoadBalance: Number of grids moved = 25 out of 26 (2.55257e-05 seconds elapsed)
DetermineSGSize: MaxSubgridSize = 2000, MinSubgridEdge = 4, ncells = 4920
RebuildHierarchy[4]: Flagged 13/26 grids. 570 flagged cells
LoadBalance: Number of grids moved = 13 out of 13 (0.000799868 seconds elapsed)
DetermineSGSize: MaxSubgridSize = 2000, MinSubgridEdge = 4, ncells = 4920
RebuildHierarchy[5]: Flagged 0/13 grids. 0 flagged cells
Level[1]: dt = 0.0311173  0.0321063 (0.0632158/0.0632158)
Level[2]: dt = 0.0164839  0.0164839 (0.0164839/0.0311173)
Level[3]: dt = 0.00805511  0.00805511 (0.00805511/0.0164839)
Level[4]: dt = 0.00377769  0.00377769 (0.00377769/0.00805511)
Level[5]: dt = 0.00174187  0.00174187 (0.00174187/0.00377769)
RebuildHierarchy: level = 5
TransferSubgridParticles[5]: Moved 1 particles, 0 stars, 0 active particles.
DetermineSGSize: MaxSubgridSize = 2000, MinSubgridEdge = 4, ncells = 5048
RebuildHierarchy[5]: Flagged 0/13 grids. 0 flagged cells
Level[5]: dt = 0.00174191  0.00174191 (0.00348378/0.00377769)
RebuildHierarchy: level = 5
TransferSubgridParticles[5]: Moved 0 particles, 0 stars, 0 active particles.
DetermineSGSize: MaxSubgridSize = 2000, MinSubgridEdge = 4, ncells = 5048
RebuildHierarchy[5]: Flagged 0/13 grids. 0 flagged cells
Level[5]: dt = 0.000293911  0.00174221 (0.00377769/0.00377769)
EvolveLevel[5]: NumberOfSubCycles = 3 (338 total, 3 sub)
RebuildHierarchy: level = 4
TransferSubgridParticles[4]: Moved 0 particles, 0 stars, 0 active particles.
DetermineSGSize: MaxSubgridSize = 2000, MinSubgridEdge = 4, ncells = 5048
RebuildHierarchy[4]: Flagged 13/26 grids. 576 flagged cells
LoadBalance: Number of grids moved = 13 out of 13 (0.000642348 seconds elapsed)
DetermineSGSize: MaxSubgridSize = 2000, MinSubgridEdge = 4, ncells = 5048
RebuildHierarchy[5]: Flagged 0/13 grids. 0 flagged cells
Level[4]: dt = 0.00378636  0.00378636 (0.00756405/0.00805511)
Level[5]: dt = 0.00174225  0.00174225 (0.00174225/0.00378636)
RebuildHierarchy: level = 5
TransferSubgridParticles[5]: Moved 0 particles, 0 stars, 0 active particles.
DetermineSGSize: MaxSubgridSize = 2000, MinSubgridEdge = 4, ncells = 5048
RebuildHierarchy[5]: Flagged 0/13 grids. 0 flagged cells
Level[5]: dt = 0.00174243  0.00174243 (0.00348468/0.00378636)
RebuildHierarchy: level = 5
TransferSubgridParticles[5]: Moved 0 particles, 0 stars, 0 active particles.
DetermineSGSize: MaxSubgridSize = 2000, MinSubgridEdge = 4, ncells = 5048
RebuildHierarchy[5]: Flagged 0/13 grids. 0 flagged cells
Level[5]: dt = 0.000301682  0.00174287 (0.00378636/0.00378636)
EvolveLevel[5]: NumberOfSubCycles = 3 (341 total, 3 sub)
Level[4]: dt = 0.000491062  0.00379691 (0.00805511/0.00805511)
Level[5]: dt = 0.000491062  0.00174294 (0.000491062/0.000491062)
EvolveLevel[5]: NumberOfSubCycles = 1 (342 total, 1 sub)
EvolveLevel[4]: NumberOfSubCycles = 3 (140 total, 3 sub)
RebuildHierarchy: level = 3
TransferSubgridParticles[3]: Moved 8 particles, 0 stars, 0 active particles.
DetermineSGSize: MaxSubgridSize = 2000, MinSubgridEdge = 4, ncells = 9640
RebuildHierarchy[3]: Flagged 26/72 grids. 1125 flagged cells
LoadBalance: Number of grids moved = 26 out of 27 (2.64235e-05 seconds elapsed)
DetermineSGSize: MaxSubgridSize = 2000, MinSubgridEdge = 4, ncells = 5048
RebuildHierarchy[4]: Flagged 15/27 grids. 630 flagged cells
LoadBalance: Number of grids moved = 14 out of 15 (2.1074e-05 seconds elapsed)
DetermineSGSize: MaxSubgridSize = 2000, MinSubgridEdge = 4, ncells = 5048
RebuildHierarchy[5]: Flagged 0/15 grids. 0 flagged cells
Level[3]: dt = 0.00842875  0.00804255 (0.0164839/0.0164839)
Level[4]: dt = 0.00379834  0.00379834 (0.00379834/0.00842875)
Level[5]: dt = 0.00174304  0.00174304 (0.00174304/0.00379834)
RebuildHierarchy: level = 5
TransferSubgridParticles[5]: Moved 0 particles, 0 stars, 0 active particles.
DetermineSGSize: MaxSubgridSize = 2000, MinSubgridEdge = 4, ncells = 5480
RebuildHierarchy[5]: Flagged 0/15 grids. 0 flagged cells
Level[5]: dt = 0.00174354  0.00174354 (0.00348658/0.00379834)
RebuildHierarchy: level = 5
TransferSubgridParticles[5]: Moved 0 particles, 0 stars, 0 active particles.
DetermineSGSize: MaxSubgridSize = 2000, MinSubgridEdge = 4, ncells = 5480
RebuildHierarchy[5]: Flagged 0/15 grids. 0 flagged cells
Level[5]: dt = 0.000311754  0.00174398 (0.00379834/0.00379834)
EvolveLevel[5]: NumberOfSubCycles = 3 (345 total, 3 sub)
RebuildHierarchy: level = 4
TransferSubgridParticles[4]: Moved 0 particles, 0 stars, 0 active particles.
DetermineSGSize: MaxSubgridSize = 2000, MinSubgridEdge = 4, ncells = 5480
RebuildHierarchy[4]: Flagged 15/27 grids. 639 flagged cells
LoadBalance: Number of grids moved = 14 out of 15 (2.1074e-05 seconds elapsed)
DetermineSGSize: MaxSubgridSize = 2000, MinSubgridEdge = 4, ncells = 5480
RebuildHierarchy[5]: Flagged 0/15 grids. 0 flagged cells
Level[4]: dt = 0.00381043  0.00381043 (0.00760877/0.00842875)
Level[5]: dt = 0.00174406  0.00174406 (0.00174406/0.00381043)
RebuildHierarchy: level = 5
TransferSubgridParticles[5]: Moved 0 particles, 0 stars, 0 active particles.
DetermineSGSize: MaxSubgridSize = 2000, MinSubgridEdge = 4, ncells = 5552
RebuildHierarchy[5]: Flagged 0/15 grids. 0 flagged cells
Level[5]: dt = 0.00174467  0.00174467 (0.00348873/0.00381043)
RebuildHierarchy: level = 5
TransferSubgridParticles[5]: Moved 0 particles, 0 stars, 0 active particles.
DetermineSGSize: MaxSubgridSize = 2000, MinSubgridEdge = 4, ncells = 5552
RebuildHierarchy[5]: Flagged 0/15 grids. 0 flagged cells
Level[5]: dt = 0.000321706  0.00174525 (0.00381043/0.00381043)
EvolveLevel[5]: NumberOfSubCycles = 3 (348 total, 3 sub)
Level[4]: dt = 0.000819979  0.00382423 (0.00842875/0.00842875)
Level[5]: dt = 0.000819979  0.00174537 (0.000819979/0.000819979)
EvolveLevel[5]: NumberOfSubCycles = 1 (349 total, 1 sub)
EvolveLevel[4]: NumberOfSubCycles = 3 (143 total, 3 sub)
EvolveLevel[3]: NumberOfSubCycles = 2 (58 total, 2 sub)
RebuildHierarchy: level = 2
TransferSubgridParticles[2]: Moved 65 particles, 0 stars, 0 active particles.
DetermineSGSize: MaxSubgridSize = 2000, MinSubgridEdge = 4, ncells = 47992
RebuildHierarchy[2]: Flagged 68/365 grids. 3933 flagged cells
LoadBalance: Number of grids moved = 72 out of 72 (0.00095576 seconds elapsed)
DetermineSGSize: MaxSubgridSize = 2000, MinSubgridEdge = 4, ncells = 9976
RebuildHierarchy[3]: Flagged 26/72 grids. 1087 flagged cells
LoadBalance: Number of grids moved = 26 out of 27 (2.49296e-05 seconds elapsed)
DetermineSGSize: MaxSubgridSize = 2000, MinSubgridEdge = 4, ncells = 5552
RebuildHierarchy[4]: Flagged 15/27 grids. 630 flagged cells
LoadBalance: Number of grids moved = 14 out of 15 (2.19569e-05 seconds elapsed)
DetermineSGSize: MaxSubgridSize = 2000, MinSubgridEdge = 4, ncells = 5552
RebuildHierarchy[5]: Flagged 0/15 grids. 0 flagged cells
Level[2]: dt = 0.0146335  0.0164901 (0.0311173/0.0311173)
Level[3]: dt = 0.00802455  0.00802455 (0.00802455/0.0146335)
Level[4]: dt = 0.00382735  0.00382735 (0.00382735/0.00802455)
Level[5]: dt = 0.00174491  0.00174491 (0.00174491/0.00382735)
RebuildHierarchy: level = 5
TransferSubgridParticles[5]: Moved 0 particles, 0 stars, 0 active particles.
DetermineSGSize: MaxSubgridSize = 2000, MinSubgridEdge = 4, ncells = 5480
RebuildHierarchy[5]: Flagged 0/15 grids. 0 flagged cells
Level[5]: dt = 0.0017445  0.0017445 (0.0034894/0.00382735)
RebuildHierarchy: level = 5
TransferSubgridParticles[5]: Moved 0 particles, 0 stars, 0 active particles.
DetermineSGSize: MaxSubgridSize = 2000, MinSubgridEdge = 4, ncells = 5480
RebuildHierarchy[5]: Flagged 0/15 grids. 0 flagged cells
Level[5]: dt = 0.000337949  0.00174482 (0.00382735/0.00382735)
EvolveLevel[5]: NumberOfSubCycles = 3 (352 total, 3 sub)
RebuildHierarchy: level = 4
TransferSubgridParticles[4]: Moved 1 particles, 0 stars, 0 active particles.
DetermineSGSize: MaxSubgridSize = 2000, MinSubgridEdge = 4, ncells = 5480
RebuildHierarchy[4]: Flagged 15/27 grids. 621 flagged cells
LoadBalance: Number of grids moved = 14 out of 15 (2.24486e-05 seconds elapsed)
DetermineSGSize: MaxSubgridSize = 2000, MinSubgridEdge = 4, ncells = 5480
RebuildHierarchy[5]: Flagged 0/15 grids. 0 flagged cells
Level[4]: dt = 0.00383036  0.00383036 (0.00765771/0.00802455)
Level[5]: dt = 0.00174492  0.00174492 (0.00174492/0.00383036)
RebuildHierarchy: level = 5
TransferSubgridParticles[5]: Moved 0 particles, 0 stars, 0 active particles.
DetermineSGSize: MaxSubgridSize = 2000, MinSubgridEdge = 4, ncells = 5408
RebuildHierarchy[5]: Flagged 0/15 grids. 0 flagged cells
Level[5]: dt = 0.00174584  0.00174584 (0.00349076/0.00383036)
RebuildHierarchy: level = 5
TransferSubgridParticles[5]: Moved 0 particles, 0 stars, 0 active particles.
DetermineSGSize: MaxSubgridSize = 2000, MinSubgridEdge = 4, ncells = 5408
RebuildHierarchy[5]: Flagged 0/15 grids. 0 flagged cells
Level[5]: dt = 0.000339594  0.00174724 (0.00383036/0.00383036)
EvolveLevel[5]: NumberOfSubCycles = 3 (355 total, 3 sub)
Level[4]: dt = 0.00036684  0.0038206 (0.00802455/0.00802455)
Level[5]: dt = 0.00036684  0.00174752 (0.00036684/0.00036684)
EvolveLevel[5]: NumberOfSubCycles = 1 (356 total, 1 sub)
EvolveLevel[4]: NumberOfSubCycles = 3 (146 total, 3 sub)
RebuildHierarchy: level = 3
TransferSubgridParticles[3]: Moved 3 particles, 0 stars, 0 active particles.
DetermineSGSize: MaxSubgridSize = 2000, MinSubgridEdge = 4, ncells = 9552
RebuildHierarchy[3]: Flagged 26/72 grids. 1039 flagged cells
LoadBalance: Number of grids moved = 25 out of 26 (2.59876e-05 seconds elapsed)
DetermineSGSize: MaxSubgridSize = 2000, MinSubgridEdge = 4, ncells = 5408
RebuildHierarchy[4]: Flagged 15/26 grids. 621 flagged cells
LoadBalance: Number of grids moved = 14 out of 15 (2.14241e-05 seconds elapsed)
DetermineSGSize: MaxSubgridSize = 2000, MinSubgridEdge = 4, ncells = 5408
RebuildHierarchy[5]: Flagged 0/15 grids. 0 flagged cells
Level[3]: dt = 0.00660894  0.00801072 (0.0146335/0.0146335)
Level[4]: dt = 0.00381969  0.00381969 (0.00381969/0.00660894)
Level[5]: dt = 0.00174785  0.00174785 (0.00174785/0.00381969)
RebuildHierarchy: level = 5
TransferSubgridParticles[5]: Moved 0 particles, 0 stars, 0 active particles.
DetermineSGSize: MaxSubgridSize = 2000, MinSubgridEdge = 4, ncells = 5408
RebuildHierarchy[5]: Flagged 0/15 grids. 0 flagged cells
Level[5]: dt = 0.00174986  0.00174986 (0.00349771/0.00381969)
RebuildHierarchy: level = 5
TransferSubgridParticles[5]: Moved 0 particles, 0 stars, 0 active particles.
DetermineSGSize: MaxSubgridSize = 2000, MinSubgridEdge = 4, ncells = 5408
RebuildHierarchy[5]: Flagged 0/15 grids. 0 flagged cells
Level[5]: dt = 0.000321979  0.00175188 (0.00381969/0.00381969)
EvolveLevel[5]: NumberOfSubCycles = 3 (359 total, 3 sub)
RebuildHierarchy: level = 4
TransferSubgridParticles[4]: Moved 0 particles, 0 stars, 0 active particles.
DetermineSGSize: MaxSubgridSize = 2000, MinSubgridEdge = 4, ncells = 5408
RebuildHierarchy[4]: Flagged 15/26 grids. 624 flagged cells
LoadBalance: Number of grids moved = 14 out of 15 (3.66159e-05 seconds elapsed)
DetermineSGSize: MaxSubgridSize = 2000, MinSubgridEdge = 4, ncells = 5408
RebuildHierarchy[5]: Flagged 0/15 grids. 0 flagged cells
Level[4]: dt = 0.00278925  0.00381112 (0.00660894/0.00660894)
Level[5]: dt = 0.00175211  0.00175211 (0.00175211/0.00278925)
RebuildHierarchy: level = 5
TransferSubgridParticles[5]: Moved 0 particles, 0 stars, 0 active particles.
DetermineSGSize: MaxSubgridSize = 2000, MinSubgridEdge = 4, ncells = 5408
RebuildHierarchy[5]: Flagged 0/15 grids. 0 flagged cells
Level[5]: dt = 0.00103714  0.00175338 (0.00278925/0.00278925)
EvolveLevel[5]: NumberOfSubCycles = 2 (361 total, 2 sub)
EvolveLevel[4]: NumberOfSubCycles = 2 (148 total, 2 sub)
EvolveLevel[3]: NumberOfSubCycles = 2 (60 total, 2 sub)
EvolveLevel[2]: NumberOfSubCycles = 2 (28 total, 2 sub)
EvolveLevel[1]: NumberOfSubCycles = 2 (14 total, 2 sub)
EvolveLevel[0]: NumberOfSubCycles = 1 (7 total, 7 sub)
CPUTime-output: Frac = 0.999990, Current = 461.363 (461.363), Stop = 2592000.000000, Last = 26.1858
[YT_INFO   ] Setting YT parameters ...
[YT_INFO   ] Setting YT parameters ... done.
[YT_INFO   ] Getting pointer to particle list information ...
[YT_INFO   ] Getting pointer to particle list information  ... done.
[YT_INFO   ] Getting pointer to field list information ...
[YT_INFO   ] Getting pointer to field list information  ... done.
[YT_INFO   ] Getting pointer to local grids information ...
[YT_INFO   ] Getting pointer to local grids information  ... done.
[YT_INFO   ] Loading full hierarchy and local data to libyt ...
[YT_INFO   ] Loading full hierarchy and local data ... done.
[YT_INFO   ] Performing YT inline analysis yt_inline_func() ...
[YT_INFO   ] Performing YT inline analysis yt_inline_func() ... done.
Level[0]: dt = 0.063262  0.063262 (0.063262/0.063262)
PrepareGreens: Start = 0 0 36  Dim = 32 52 38
PrepareGreens: Start = 0 0 0  Dim = 32 52 36
Level[1]: dt = 0.0321141  0.0321141 (0.0321141/0.063262)
Level[2]: dt = 0.0164957  0.0164957 (0.0164957/0.0321141)
Level[3]: dt = 0.00800181  0.00800181 (0.00800181/0.0164957)
Level[4]: dt = 0.00380554  0.00380554 (0.00380554/0.00800181)
Level[5]: dt = 0.00175424  0.00175424 (0.00175424/0.00380554)
RebuildHierarchy: level = 5
TransferSubgridParticles[5]: Moved 0 particles, 0 stars, 0 active particles.
DetermineSGSize: MaxSubgridSize = 2000, MinSubgridEdge = 4, ncells = 5408
RebuildHierarchy[5]: Flagged 0/15 grids. 0 flagged cells
Level[5]: dt = 0.00175575  0.00175575 (0.00351/0.00380554)
RebuildHierarchy: level = 5
TransferSubgridParticles[5]: Moved 0 particles, 0 stars, 0 active particles.
DetermineSGSize: MaxSubgridSize = 2000, MinSubgridEdge = 4, ncells = 5408
RebuildHierarchy[5]: Flagged 0/15 grids. 0 flagged cells
Level[5]: dt = 0.00029554  0.00175726 (0.00380554/0.00380554)
EvolveLevel[5]: NumberOfSubCycles = 3 (364 total, 3 sub)
RebuildHierarchy: level = 4
TransferSubgridParticles[4]: Moved 2 particles, 0 stars, 0 active particles.
DetermineSGSize: MaxSubgridSize = 2000, MinSubgridEdge = 4, ncells = 5408
RebuildHierarchy[4]: Flagged 15/26 grids. 615 flagged cells
LoadBalance: Number of grids moved = 14 out of 15 (2.01687e-05 seconds elapsed)
DetermineSGSize: MaxSubgridSize = 2000, MinSubgridEdge = 4, ncells = 5408
RebuildHierarchy[5]: Flagged 0/15 grids. 0 flagged cells
Level[4]: dt = 0.00378435  0.00378435 (0.00758988/0.00800181)
Level[5]: dt = 0.00175753  0.00175753 (0.00175753/0.00378435)
RebuildHierarchy: level = 5
TransferSubgridParticles[5]: Moved 0 particles, 0 stars, 0 active particles.
DetermineSGSize: MaxSubgridSize = 2000, MinSubgridEdge = 4, ncells = 5280
RebuildHierarchy[5]: Flagged 0/15 grids. 0 flagged cells
Level[5]: dt = 0.00175925  0.00175925 (0.00351679/0.00378435)
RebuildHierarchy: level = 5
TransferSubgridParticles[5]: Moved 0 particles, 0 stars, 0 active particles.
DetermineSGSize: MaxSubgridSize = 2000, MinSubgridEdge = 4, ncells = 5280
RebuildHierarchy[5]: Flagged 0/15 grids. 0 flagged cells
Level[5]: dt = 0.000267559  0.00176097 (0.00378435/0.00378435)
EvolveLevel[5]: NumberOfSubCycles = 3 (367 total, 3 sub)
Level[4]: dt = 0.000411931  0.00375409 (0.00800181/0.00800181)
Level[5]: dt = 0.000411931  0.00176125 (0.000411931/0.000411931)
EvolveLevel[5]: NumberOfSubCycles = 1 (368 total, 1 sub)
EvolveLevel[4]: NumberOfSubCycles = 3 (151 total, 3 sub)
RebuildHierarchy: level = 3
TransferSubgridParticles[3]: Moved 7 particles, 0 stars, 0 active particles.
DetermineSGSize: MaxSubgridSize = 2000, MinSubgridEdge = 4, ncells = 9144
RebuildHierarchy[3]: Flagged 26/72 grids. 1066 flagged cells
LoadBalance: Number of grids moved = 26 out of 27 (2.82004e-05 seconds elapsed)
DetermineSGSize: MaxSubgridSize = 2000, MinSubgridEdge = 4, ncells = 5280
RebuildHierarchy[4]: Flagged 15/27 grids. 617 flagged cells
LoadBalance: Number of grids moved = 14 out of 15 (2.0355e-05 seconds elapsed)
DetermineSGSize: MaxSubgridSize = 2000, MinSubgridEdge = 4, ncells = 5280
RebuildHierarchy[5]: Flagged 0/15 grids. 0 flagged cells
Level[3]: dt = 0.00799395  0.00799395 (0.0159958/0.0164957)
Level[4]: dt = 0.003751  0.003751 (0.003751/0.00799395)
Level[5]: dt = 0.00176167  0.00176167 (0.00176167/0.003751)
RebuildHierarchy: level = 5
TransferSubgridParticles[5]: Moved 0 particles, 0 stars, 0 active particles.
DetermineSGSize: MaxSubgridSize = 2000, MinSubgridEdge = 4, ncells = 5280
RebuildHierarchy[5]: Flagged 0/15 grids. 0 flagged cells
Level[5]: dt = 0.00176354  0.00176354 (0.00352522/0.003751)
RebuildHierarchy: level = 5
TransferSubgridParticles[5]: Moved 0 particles, 0 stars, 0 active particles.
DetermineSGSize: MaxSubgridSize = 2000, MinSubgridEdge = 4, ncells = 5280
RebuildHierarchy[5]: Flagged 0/15 grids. 0 flagged cells
Level[5]: dt = 0.000225784  0.00176567 (0.003751/0.003751)
EvolveLevel[5]: NumberOfSubCycles = 3 (371 total, 3 sub)
RebuildHierarchy: level = 4
TransferSubgridParticles[4]: Moved 0 particles, 0 stars, 0 active particles.
DetermineSGSize: MaxSubgridSize = 2000, MinSubgridEdge = 4, ncells = 5280
RebuildHierarchy[4]: Flagged 15/27 grids. 617 flagged cells
LoadBalance: Number of grids moved = 14 out of 15 (2.14241e-05 seconds elapsed)
DetermineSGSize: MaxSubgridSize = 2000, MinSubgridEdge = 4, ncells = 5280
RebuildHierarchy[5]: Flagged 0/15 grids. 0 flagged cells
Level[4]: dt = 0.0037234  0.0037234 (0.0074744/0.00799395)
Level[5]: dt = 0.00176593  0.00176593 (0.00176593/0.0037234)
RebuildHierarchy: level = 5
TransferSubgridParticles[5]: Moved 0 particles, 0 stars, 0 active particles.
DetermineSGSize: MaxSubgridSize = 2000, MinSubgridEdge = 4, ncells = 5280
RebuildHierarchy[5]: Flagged 0/15 grids. 0 flagged cells
Level[5]: dt = 0.00176807  0.00176807 (0.003534/0.0037234)
RebuildHierarchy: level = 5
TransferSubgridParticles[5]: Moved 0 particles, 0 stars, 0 active particles.
DetermineSGSize: MaxSubgridSize = 2000, MinSubgridEdge = 4, ncells = 5280
RebuildHierarchy[5]: Flagged 0/15 grids. 0 flagged cells
Level[5]: dt = 0.000189392  0.00177046 (0.0037234/0.0037234)
EvolveLevel[5]: NumberOfSubCycles = 3 (374 total, 3 sub)
Level[4]: dt = 0.000519557  0.00370164 (0.00799395/0.00799395)
Level[5]: dt = 0.000519557  0.0017707 (0.000519557/0.000519557)
EvolveLevel[5]: NumberOfSubCycles = 1 (375 total, 1 sub)
EvolveLevel[4]: NumberOfSubCycles = 3 (154 total, 3 sub)
Level[3]: dt = 0.000499895  0.00798766 (0.0164957/0.0164957)
Level[4]: dt = 0.000499895  0.00369884 (0.000499895/0.000499895)
Level[5]: dt = 0.000499895  0.00177137 (0.000499895/0.000499895)
EvolveLevel[5]: NumberOfSubCycles = 1 (376 total, 1 sub)
EvolveLevel[4]: NumberOfSubCycles = 1 (155 total, 1 sub)
EvolveLevel[3]: NumberOfSubCycles = 3 (63 total, 3 sub)
RebuildHierarchy: level = 2
TransferSubgridParticles[2]: Moved 109 particles, 0 stars, 0 active particles.
DetermineSGSize: MaxSubgridSize = 2000, MinSubgridEdge = 4, ncells = 49048
RebuildHierarchy[2]: Flagged 72/365 grids. 4083 flagged cells
LoadBalance: Number of grids moved = 77 out of 77 (0.000830557 seconds elapsed)
DetermineSGSize: MaxSubgridSize = 2000, MinSubgridEdge = 4, ncells = 10192
RebuildHierarchy[3]: Flagged 27/77 grids. 1099 flagged cells
LoadBalance: Number of grids moved = 27 out of 28 (3.33264e-05 seconds elapsed)
DetermineSGSize: MaxSubgridSize = 2000, MinSubgridEdge = 4, ncells = 5280
RebuildHierarchy[4]: Flagged 16/28 grids. 653 flagged cells
LoadBalance: Number of grids moved = 15 out of 16 (2.09846e-05 seconds elapsed)
DetermineSGSize: MaxSubgridSize = 2000, MinSubgridEdge = 4, ncells = 5280
RebuildHierarchy[5]: Flagged 0/16 grids. 0 flagged cells
Level[2]: dt = 0.0156184  0.0165019 (0.0321141/0.0321141)
Level[3]: dt = 0.00798674  0.00798674 (0.00798674/0.0156184)
Level[4]: dt = 0.00369618  0.00369618 (0.00369618/0.00798674)
Level[5]: dt = 0.00177203  0.00177203 (0.00177203/0.00369618)
RebuildHierarchy: level = 5
TransferSubgridParticles[5]: Moved 0 particles, 0 stars, 0 active particles.
DetermineSGSize: MaxSubgridSize = 2000, MinSubgridEdge = 4, ncells = 5568
RebuildHierarchy[5]: Flagged 0/16 grids. 0 flagged cells
Level[5]: dt = 0.00177451  0.00177451 (0.00354654/0.00369618)
RebuildHierarchy: level = 5
TransferSubgridParticles[5]: Moved 0 particles, 0 stars, 0 active particles.
DetermineSGSize: MaxSubgridSize = 2000, MinSubgridEdge = 4, ncells = 5568
RebuildHierarchy[5]: Flagged 0/16 grids. 0 flagged cells
Level[5]: dt = 0.000149633  0.00177706 (0.00369618/0.00369618)
EvolveLevel[5]: NumberOfSubCycles = 3 (379 total, 3 sub)
RebuildHierarchy: level = 4
TransferSubgridParticles[4]: Moved 2 particles, 0 stars, 0 active particles.
DetermineSGSize: MaxSubgridSize = 2000, MinSubgridEdge = 4, ncells = 5568
RebuildHierarchy[4]: Flagged 16/28 grids. 653 flagged cells
LoadBalance: Number of grids moved = 15 out of 16 (2.13496e-05 seconds elapsed)
DetermineSGSize: MaxSubgridSize = 2000, MinSubgridEdge = 4, ncells = 5568
RebuildHierarchy[5]: Flagged 0/16 grids. 0 flagged cells
Level[4]: dt = 0.00367874  0.00367874 (0.00737491/0.00798674)
Level[5]: dt = 0.00177728  0.00177728 (0.00177728/0.00367874)
RebuildHierarchy: level = 5
TransferSubgridParticles[5]: Moved 0 particles, 0 stars, 0 active particles.
DetermineSGSize: MaxSubgridSize = 2000, MinSubgridEdge = 4, ncells = 5568
RebuildHierarchy[5]: Flagged 0/16 grids. 0 flagged cells
Level[5]: dt = 0.00178004  0.00178004 (0.00355732/0.00367874)
RebuildHierarchy: level = 5
TransferSubgridParticles[5]: Moved 0 particles, 0 stars, 0 active particles.
DetermineSGSize: MaxSubgridSize = 2000, MinSubgridEdge = 4, ncells = 5568
RebuildHierarchy[5]: Flagged 0/16 grids. 0 flagged cells
Level[5]: dt = 0.000121421  0.00178286 (0.00367874/0.00367874)
EvolveLevel[5]: NumberOfSubCycles = 3 (382 total, 3 sub)
Level[4]: dt = 0.000611828  0.00366427 (0.00798674/0.00798674)
Level[5]: dt = 0.000611828  0.00178306 (0.000611828/0.000611828)
EvolveLevel[5]: NumberOfSubCycles = 1 (383 total, 1 sub)
EvolveLevel[4]: NumberOfSubCycles = 3 (158 total, 3 sub)
RebuildHierarchy: level = 3
TransferSubgridParticles[3]: Moved 2 particles, 0 stars, 0 active particles.
DetermineSGSize: MaxSubgridSize = 2000, MinSubgridEdge = 4, ncells = 10472
RebuildHierarchy[3]: Flagged 27/77 grids. 1068 flagged cells
LoadBalance: Number of grids moved = 26 out of 27 (2.49743e-05 seconds elapsed)
DetermineSGSize: MaxSubgridSize = 2000, MinSubgridEdge = 4, ncells = 5568
RebuildHierarchy[4]: Flagged 16/27 grids. 644 flagged cells
LoadBalance: Number of grids moved = 15 out of 16 (2.1372e-05 seconds elapsed)
DetermineSGSize: MaxSubgridSize = 2000, MinSubgridEdge = 4, ncells = 5568
RebuildHierarchy[5]: Flagged 0/16 grids. 0 flagged cells
Level[3]: dt = 0.00763166  0.00797349 (0.0156184/0.0156184)
Level[4]: dt = 0.00366208  0.00366208 (0.00366208/0.00763166)
Level[5]: dt = 0.00178405  0.00178405 (0.00178405/0.00366208)
RebuildHierarchy: level = 5
TransferSubgridParticles[5]: Moved 1 particles, 0 stars, 0 active particles.
DetermineSGSize: MaxSubgridSize = 2000, MinSubgridEdge = 4, ncells = 5496
RebuildHierarchy[5]: Flagged 0/16 grids. 0 flagged cells
Level[5]: dt = 0.00178485  0.00178485 (0.0035689/0.00366208)
RebuildHierarchy: level = 5
TransferSubgridParticles[5]: Moved 0 particles, 0 stars, 0 active particles.
DetermineSGSize: MaxSubgridSize = 2000, MinSubgridEdge = 4, ncells = 5496
RebuildHierarchy[5]: Flagged 0/16 grids. 0 flagged cells
Level[5]: dt = 9.31791e-05  0.00178227 (0.00366208/0.00366208)
EvolveLevel[5]: NumberOfSubCycles = 3 (386 total, 3 sub)
RebuildHierarchy: level = 4
TransferSubgridParticles[4]: Moved 0 particles, 0 stars, 0 active particles.
DetermineSGSize: MaxSubgridSize = 2000, MinSubgridEdge = 4, ncells = 5496
RebuildHierarchy[4]: Flagged 16/27 grids. 644 flagged cells
LoadBalance: Number of grids moved = 15 out of 16 (2.16365e-05 seconds elapsed)
DetermineSGSize: MaxSubgridSize = 2000, MinSubgridEdge = 4, ncells = 5496
RebuildHierarchy[5]: Flagged 0/16 grids. 0 flagged cells
Level[4]: dt = 0.00365096  0.00365096 (0.00731304/0.00763166)
Level[5]: dt = 0.00178213  0.00178213 (0.00178213/0.00365096)
RebuildHierarchy: level = 5
TransferSubgridParticles[5]: Moved 0 particles, 0 stars, 0 active particles.
DetermineSGSize: MaxSubgridSize = 2000, MinSubgridEdge = 4, ncells = 5496
RebuildHierarchy[5]: Flagged 0/16 grids. 0 flagged cells
Level[5]: dt = 0.00177963  0.00177963 (0.00356176/0.00365096)
RebuildHierarchy: level = 5
TransferSubgridParticles[5]: Moved 1 particles, 0 stars, 0 active particles.
DetermineSGSize: MaxSubgridSize = 2000, MinSubgridEdge = 4, ncells = 5496
RebuildHierarchy[5]: Flagged 0/16 grids. 0 flagged cells
Level[5]: dt = 8.91935e-05  0.00177725 (0.00365096/0.00365096)
EvolveLevel[5]: NumberOfSubCycles = 3 (389 total, 3 sub)
Level[4]: dt = 0.000318629  0.00364241 (0.00763166/0.00763166)
Level[5]: dt = 0.000318629  0.00177713 (0.000318629/0.000318629)
EvolveLevel[5]: NumberOfSubCycles = 1 (390 total, 1 sub)
EvolveLevel[4]: NumberOfSubCycles = 3 (161 total, 3 sub)
EvolveLevel[3]: NumberOfSubCycles = 2 (65 total, 2 sub)
EvolveLevel[2]: NumberOfSubCycles = 2 (30 total, 2 sub)
RebuildHierarchy: level = 1
TransferSubgridParticles[1]: Moved 4231 particles, 0 stars, 0 active particles.
DetermineSGSize: MaxSubgridSize = 2000, MinSubgridEdge = 4, ncells = 296208
RebuildHierarchy[1]: Flagged 304/4454 grids. 22623 flagged cells
LoadBalance: Number of grids moved = 376 out of 379 (0.000165943 seconds elapsed)
DetermineSGSize: MaxSubgridSize = 2000, MinSubgridEdge = 4, ncells = 50704
RebuildHierarchy[2]: Flagged 73/379 grids. 4165 flagged cells
LoadBalance: Number of grids moved = 77 out of 77 (0.00092997 seconds elapsed)
DetermineSGSize: MaxSubgridSize = 2000, MinSubgridEdge = 4, ncells = 10160
RebuildHierarchy[3]: Flagged 27/77 grids. 1131 flagged cells
LoadBalance: Number of grids moved = 27 out of 28 (2.63639e-05 seconds elapsed)
DetermineSGSize: MaxSubgridSize = 2000, MinSubgridEdge = 4, ncells = 5496
RebuildHierarchy[4]: Flagged 16/28 grids. 641 flagged cells
LoadBalance: Number of grids moved = 15 out of 16 (2.13906e-05 seconds elapsed)
DetermineSGSize: MaxSubgridSize = 2000, MinSubgridEdge = 4, ncells = 5496
RebuildHierarchy[5]: Flagged 0/16 grids. 0 flagged cells
Level[1]: dt = 0.0311479  0.0321223 (0.063262/0.063262)
Level[2]: dt = 0.0165078  0.0165078 (0.0165078/0.0311479)
Level[3]: dt = 0.00796389  0.00796389 (0.00796389/0.0165078)
Level[4]: dt = 0.00364177  0.00364177 (0.00364177/0.00796389)
Level[5]: dt = 0.00177671  0.00177671 (0.00177671/0.00364177)
RebuildHierarchy: level = 5
TransferSubgridParticles[5]: Moved 0 particles, 0 stars, 0 active particles.
DetermineSGSize: MaxSubgridSize = 2000, MinSubgridEdge = 4, ncells = 5496
RebuildHierarchy[5]: Flagged 0/16 grids. 0 flagged cells
Level[5]: dt = 0.0017745  0.0017745 (0.00355121/0.00364177)
RebuildHierarchy: level = 5
TransferSubgridParticles[5]: Moved 1 particles, 0 stars, 0 active particles.
DetermineSGSize: MaxSubgridSize = 2000, MinSubgridEdge = 4, ncells = 5496
RebuildHierarchy[5]: Flagged 0/16 grids. 0 flagged cells
Level[5]: dt = 9.05557e-05  0.00177243 (0.00364177/0.00364177)
EvolveLevel[5]: NumberOfSubCycles = 3 (393 total, 3 sub)
RebuildHierarchy: level = 4
TransferSubgridParticles[4]: Moved 0 particles, 0 stars, 0 active particles.
DetermineSGSize: MaxSubgridSize = 2000, MinSubgridEdge = 4, ncells = 5496
RebuildHierarchy[4]: Flagged 16/28 grids. 630 flagged cells
LoadBalance: Number of grids moved = 15 out of 16 (2.24039e-05 seconds elapsed)
DetermineSGSize: MaxSubgridSize = 2000, MinSubgridEdge = 4, ncells = 5496
RebuildHierarchy[5]: Flagged 0/16 grids. 0 flagged cells
Level[4]: dt = 0.00363566  0.00363566 (0.00727743/0.00796389)
Level[5]: dt = 0.00177232  0.00177232 (0.00177232/0.00363566)
RebuildHierarchy: level = 5
TransferSubgridParticles[5]: Moved 0 particles, 0 stars, 0 active particles.
DetermineSGSize: MaxSubgridSize = 2000, MinSubgridEdge = 4, ncells = 5368
RebuildHierarchy[5]: Flagged 0/16 grids. 0 flagged cells
Level[5]: dt = 0.00177036  0.00177036 (0.00354267/0.00363566)
RebuildHierarchy: level = 5
TransferSubgridParticles[5]: Moved 0 particles, 0 stars, 0 active particles.
DetermineSGSize: MaxSubgridSize = 2000, MinSubgridEdge = 4, ncells = 5368
RebuildHierarchy[5]: Flagged 0/16 grids. 0 flagged cells
Level[5]: dt = 9.29893e-05  0.00176852 (0.00363566/0.00363566)
EvolveLevel[5]: NumberOfSubCycles = 3 (396 total, 3 sub)
Level[4]: dt = 0.000686464  0.00363123 (0.00796389/0.00796389)
Level[5]: dt = 0.000686464  0.00176842 (0.000686464/0.000686464)
EvolveLevel[5]: NumberOfSubCycles = 1 (397 total, 1 sub)
EvolveLevel[4]: NumberOfSubCycles = 3 (164 total, 3 sub)
RebuildHierarchy: level = 3
TransferSubgridParticles[3]: Moved 5 particles, 0 stars, 0 active particles.
DetermineSGSize: MaxSubgridSize = 2000, MinSubgridEdge = 4, ncells = 10920
RebuildHierarchy[3]: Flagged 27/77 grids. 1116 flagged cells
LoadBalance: Number of grids moved = 26 out of 27 (2.64682e-05 seconds elapsed)
DetermineSGSize: MaxSubgridSize = 2000, MinSubgridEdge = 4, ncells = 5368
RebuildHierarchy[4]: Flagged 16/27 grids. 627 flagged cells
LoadBalance: Number of grids moved = 15 out of 16 (2.14167e-05 seconds elapsed)
DetermineSGSize: MaxSubgridSize = 2000, MinSubgridEdge = 4, ncells = 5368
RebuildHierarchy[5]: Flagged 0/16 grids. 0 flagged cells
Level[3]: dt = 0.00795692  0.00795692 (0.0159208/0.0165078)
Level[4]: dt = 0.0036305  0.0036305 (0.0036305/0.00795692)
Level[5]: dt = 0.0017677  0.0017677 (0.0017677/0.0036305)
RebuildHierarchy: level = 5
TransferSubgridParticles[5]: Moved 0 particles, 0 stars, 0 active particles.
DetermineSGSize: MaxSubgridSize = 2000, MinSubgridEdge = 4, ncells = 5368
RebuildHierarchy[5]: Flagged 0/16 grids. 0 flagged cells
Level[5]: dt = 0.00176604  0.00176604 (0.00353374/0.0036305)
RebuildHierarchy: level = 5
TransferSubgridParticles[5]: Moved 1 particles, 0 stars, 0 active particles.
DetermineSGSize: MaxSubgridSize = 2000, MinSubgridEdge = 4, ncells = 5368
RebuildHierarchy[5]: Flagged 0/16 grids. 0 flagged cells
Level[5]: dt = 9.6755e-05  0.00176454 (0.0036305/0.0036305)
EvolveLevel[5]: NumberOfSubCycles = 3 (400 total, 3 sub)
RebuildHierarchy: level = 4
TransferSubgridParticles[4]: Moved 1 particles, 0 stars, 0 active particles.
DetermineSGSize: MaxSubgridSize = 2000, MinSubgridEdge = 4, ncells = 5368
RebuildHierarchy[4]: Flagged 16/27 grids. 630 flagged cells
LoadBalance: Number of grids moved = 15 out of 16 (2.24449e-05 seconds elapsed)
DetermineSGSize: MaxSubgridSize = 2000, MinSubgridEdge = 4, ncells = 5368
RebuildHierarchy[5]: Flagged 0/16 grids. 0 flagged cells
Level[4]: dt = 0.00362792  0.00362792 (0.00725842/0.00795692)
Level[5]: dt = 0.00176446  0.00176446 (0.00176446/0.00362792)
RebuildHierarchy: level = 5
TransferSubgridParticles[5]: Moved 0 particles, 0 stars, 0 active particles.
DetermineSGSize: MaxSubgridSize = 2000, MinSubgridEdge = 4, ncells = 5368
RebuildHierarchy[5]: Flagged 0/16 grids. 0 flagged cells
Level[5]: dt = 0.00176309  0.00176309 (0.00352755/0.00362792)
RebuildHierarchy: level = 5
TransferSubgridParticles[5]: Moved 0 particles, 0 stars, 0 active particles.
DetermineSGSize: MaxSubgridSize = 2000, MinSubgridEdge = 4, ncells = 5368
RebuildHierarchy[5]: Flagged 0/16 grids. 0 flagged cells
Level[5]: dt = 0.00010037  0.00176189 (0.00362792/0.00362792)
EvolveLevel[5]: NumberOfSubCycles = 3 (403 total, 3 sub)
Level[4]: dt = 0.000698503  0.00362691 (0.00795692/0.00795692)
Level[5]: dt = 0.000698503  0.00176182 (0.000698503/0.000698503)
EvolveLevel[5]: NumberOfSubCycles = 1 (404 total, 1 sub)
EvolveLevel[4]: NumberOfSubCycles = 3 (167 total, 3 sub)
Level[3]: dt = 0.000587017  0.00795215 (0.0165078/0.0165078)
Level[4]: dt = 0.000587017  0.00362681 (0.000587017/0.000587017)
Level[5]: dt = 0.000587017  0.00176134 (0.000587017/0.000587017)
EvolveLevel[5]: NumberOfSubCycles = 1 (405 total, 1 sub)
EvolveLevel[4]: NumberOfSubCycles = 1 (168 total, 1 sub)
EvolveLevel[3]: NumberOfSubCycles = 3 (68 total, 3 sub)
RebuildHierarchy: level = 2
TransferSubgridParticles[2]: Moved 59 particles, 0 stars, 0 active particles.
DetermineSGSize: MaxSubgridSize = 2000, MinSubgridEdge = 4, ncells = 52224
RebuildHierarchy[2]: Flagged 75/379 grids. 4285 flagged cells
LoadBalance: Number of grids moved = 79 out of 79 (0.00104364 seconds elapsed)
DetermineSGSize: MaxSubgridSize = 2000, MinSubgridEdge = 4, ncells = 10800
RebuildHierarchy[3]: Flagged 27/79 grids. 1125 flagged cells
LoadBalance: Number of grids moved = 26 out of 27 (2.90871e-05 seconds elapsed)
DetermineSGSize: MaxSubgridSize = 2000, MinSubgridEdge = 4, ncells = 5368
RebuildHierarchy[4]: Flagged 15/27 grids. 603 flagged cells
LoadBalance: Number of grids moved = 14 out of 15 (2.06269e-05 seconds elapsed)
DetermineSGSize: MaxSubgridSize = 2000, MinSubgridEdge = 4, ncells = 5368
RebuildHierarchy[5]: Flagged 0/15 grids. 0 flagged cells
Level[2]: dt = 0.0146401  0.0165142 (0.0311479/0.0311479)
Level[3]: dt = 0.00795193  0.00795193 (0.00795193/0.0146401)
Level[4]: dt = 0.00362677  0.00362677 (0.00362677/0.00795193)
Level[5]: dt = 0.00176096  0.00176096 (0.00176096/0.00362677)
RebuildHierarchy: level = 5
TransferSubgridParticles[5]: Moved 0 particles, 0 stars, 0 active particles.
DetermineSGSize: MaxSubgridSize = 2000, MinSubgridEdge = 4, ncells = 5152
RebuildHierarchy[5]: Flagged 0/15 grids. 0 flagged cells
Level[5]: dt = 0.00175993  0.00175993 (0.00352089/0.00362677)
RebuildHierarchy: level = 5
TransferSubgridParticles[5]: Moved 0 particles, 0 stars, 0 active particles.
DetermineSGSize: MaxSubgridSize = 2000, MinSubgridEdge = 4, ncells = 5152
RebuildHierarchy[5]: Flagged 0/15 grids. 0 flagged cells
Level[5]: dt = 0.000105884  0.00175911 (0.00362677/0.00362677)
EvolveLevel[5]: NumberOfSubCycles = 3 (408 total, 3 sub)
RebuildHierarchy: level = 4
TransferSubgridParticles[4]: Moved 0 particles, 0 stars, 0 active particles.
DetermineSGSize: MaxSubgridSize = 2000, MinSubgridEdge = 4, ncells = 5152
RebuildHierarchy[4]: Flagged 15/27 grids. 612 flagged cells
LoadBalance: Number of grids moved = 14 out of 15 (2.04779e-05 seconds elapsed)
DetermineSGSize: MaxSubgridSize = 2000, MinSubgridEdge = 4, ncells = 5152
RebuildHierarchy[5]: Flagged 0/15 grids. 0 flagged cells
Level[4]: dt = 0.00362771  0.00362771 (0.00725449/0.00795193)
Level[5]: dt = 0.00175905  0.00175905 (0.00175905/0.00362771)
RebuildHierarchy: level = 5
TransferSubgridParticles[5]: Moved 0 particles, 0 stars, 0 active particles.
DetermineSGSize: MaxSubgridSize = 2000, MinSubgridEdge = 4, ncells = 5224
RebuildHierarchy[5]: Flagged 0/15 grids. 0 flagged cells
Level[5]: dt = 0.00175826  0.00175826 (0.00351732/0.00362771)
RebuildHierarchy: level = 5
TransferSubgridParticles[5]: Moved 2 particles, 0 stars, 0 active particles.
DetermineSGSize: MaxSubgridSize = 2000, MinSubgridEdge = 4, ncells = 5224
RebuildHierarchy[5]: Flagged 0/15 grids. 0 flagged cells
Level[5]: dt = 0.000110396  0.0017577 (0.00362771/0.00362771)
EvolveLevel[5]: NumberOfSubCycles = 3 (411 total, 3 sub)
Level[4]: dt = 0.00069744  0.00362982 (0.00795193/0.00795193)
Level[5]: dt = 0.00069744  0.00175767 (0.00069744/0.00069744)
EvolveLevel[5]: NumberOfSubCycles = 1 (412 total, 1 sub)
EvolveLevel[4]: NumberOfSubCycles = 3 (171 total, 3 sub)
RebuildHierarchy: level = 3
TransferSubgridParticles[3]: Moved 4 particles, 0 stars, 0 active particles.
DetermineSGSize: MaxSubgridSize = 2000, MinSubgridEdge = 4, ncells = 10872
RebuildHierarchy[3]: Flagged 27/79 grids. 1154 flagged cells
LoadBalance: Number of grids moved = 27 out of 28 (2.61851e-05 seconds elapsed)
DetermineSGSize: MaxSubgridSize = 2000, MinSubgridEdge = 4, ncells = 5224
RebuildHierarchy[4]: Flagged 15/28 grids. 612 flagged cells
LoadBalance: Number of grids moved = 14 out of 15 (1.99601e-05 seconds elapsed)
DetermineSGSize: MaxSubgridSize = 2000, MinSubgridEdge = 4, ncells = 5224
RebuildHierarchy[5]: Flagged 0/15 grids. 0 flagged cells
Level[3]: dt = 0.00668813  0.00795066 (0.0146401/0.0146401)
Level[4]: dt = 0.00363035  0.00363035 (0.00363035/0.00668813)
Level[5]: dt = 0.00175744  0.00175744 (0.00175744/0.00363035)
RebuildHierarchy: level = 5
TransferSubgridParticles[5]: Moved 0 particles, 0 stars, 0 active particles.
DetermineSGSize: MaxSubgridSize = 2000, MinSubgridEdge = 4, ncells = 5224
RebuildHierarchy[5]: Flagged 0/15 grids. 0 flagged cells
Level[5]: dt = 0.00175705  0.00175705 (0.00351449/0.00363035)
RebuildHierarchy: level = 5
TransferSubgridParticles[5]: Moved 0 particles, 0 stars, 0 active particles.
DetermineSGSize: MaxSubgridSize = 2000, MinSubgridEdge = 4, ncells = 5224
RebuildHierarchy[5]: Flagged 0/15 grids. 0 flagged cells
Level[5]: dt = 0.000115859  0.0017562 (0.00363035/0.00363035)
EvolveLevel[5]: NumberOfSubCycles = 3 (415 total, 3 sub)
RebuildHierarchy: level = 4
TransferSubgridParticles[4]: Moved 0 particles, 0 stars, 0 active particles.
DetermineSGSize: MaxSubgridSize = 2000, MinSubgridEdge = 4, ncells = 5224
RebuildHierarchy[4]: Flagged 15/28 grids. 614 flagged cells
LoadBalance: Number of grids moved = 14 out of 15 (2.04928e-05 seconds elapsed)
DetermineSGSize: MaxSubgridSize = 2000, MinSubgridEdge = 4, ncells = 5224
RebuildHierarchy[5]: Flagged 0/15 grids. 0 flagged cells
Level[4]: dt = 0.00305779  0.00363411 (0.00668813/0.00668813)
Level[5]: dt = 0.00175609  0.00175609 (0.00175609/0.00305779)
RebuildHierarchy: level = 5
TransferSubgridParticles[5]: Moved 0 particles, 0 stars, 0 active particles.
DetermineSGSize: MaxSubgridSize = 2000, MinSubgridEdge = 4, ncells = 5224
RebuildHierarchy[5]: Flagged 0/15 grids. 0 flagged cells
Level[5]: dt = 0.0013017  0.00175494 (0.00305779/0.00305779)
EvolveLevel[5]: NumberOfSubCycles = 2 (417 total, 2 sub)
EvolveLevel[4]: NumberOfSubCycles = 2 (173 total, 2 sub)
EvolveLevel[3]: NumberOfSubCycles = 2 (70 total, 2 sub)
EvolveLevel[2]: NumberOfSubCycles = 2 (32 total, 2 sub)
EvolveLevel[1]: NumberOfSubCycles = 2 (16 total, 2 sub)
EvolveLevel[0]: NumberOfSubCycles = 1 (8 total, 8 sub)
RebuildHierarchy: level = 0
CommunicationTransferParticles: moved = 292642
CommunicationTransferStars: moved = 0
CommunicationTransferActiveParticles: moved = 0
DetermineSGSize: MaxSubgridSize = 2000, MinSubgridEdge = 4, ncells = 5598424
RebuildHierarchy[0]: Flagged 586/1120 grids. 371655 flagged cells
LoadBalance: Number of grids moved = 4539 out of 4569 (0.0495606 seconds elapsed)
DetermineSGSize: MaxSubgridSize = 2000, MinSubgridEdge = 4, ncells = 301344
RebuildHierarchy[1]: Flagged 305/4569 grids. 22827 flagged cells
LoadBalance: Number of grids moved = 363 out of 366 (0.00166862 seconds elapsed)
DetermineSGSize: MaxSubgridSize = 2000, MinSubgridEdge = 4, ncells = 52856
RebuildHierarchy[2]: Flagged 73/366 grids. 4375 flagged cells
LoadBalance: Number of grids moved = 78 out of 78 (0.00219025 seconds elapsed)
DetermineSGSize: MaxSubgridSize = 2000, MinSubgridEdge = 4, ncells = 11032
RebuildHierarchy[3]: Flagged 26/78 grids. 1143 flagged cells
LoadBalance: Number of grids moved = 26 out of 27 (2.61366e-05 seconds elapsed)
DetermineSGSize: MaxSubgridSize = 2000, MinSubgridEdge = 4, ncells = 5224
RebuildHierarchy[4]: Flagged 15/27 grids. 614 flagged cells
LoadBalance: Number of grids moved = 14 out of 15 (2.17408e-05 seconds elapsed)
DetermineSGSize: MaxSubgridSize = 2000, MinSubgridEdge = 4, ncells = 5224
RebuildHierarchy[5]: Flagged 0/15 grids. 0 flagged cells
CPUTime-output: Frac = 0.999990, Current = 487.687 (486.943), Stop = 2592000.000000, Last = 25.5796
[YT_INFO   ] Setting YT parameters ...
[YT_INFO   ] Setting YT parameters ... done.
[YT_INFO   ] Getting pointer to particle list information ...
[YT_INFO   ] Getting pointer to particle list information  ... done.
[YT_INFO   ] Getting pointer to field list information ...
[YT_INFO   ] Getting pointer to field list information  ... done.
[YT_INFO   ] Getting pointer to local grids information ...
[YT_INFO   ] Getting pointer to local grids information  ... done.
[YT_INFO   ] Loading full hierarchy and local data to libyt ...
[YT_INFO   ] Loading full hierarchy and local data ... done.
[YT_INFO   ] Performing YT inline analysis yt_inline_func() ...
[YT_INFO   ] Performing YT inline analysis yt_inline_func() ... done.
Level[0]: dt = 0.0633096  0.0633096 (0.0633096/0.0633096)
Level[1]: dt = 0.0321305  0.0321305 (0.0321305/0.0633096)
Level[2]: dt = 0.01652  0.01652 (0.01652/0.0321305)
Level[3]: dt = 0.00795151  0.00795151 (0.00795151/0.01652)
Level[4]: dt = 0.00363808  0.00363808 (0.00363808/0.00795151)
Level[5]: dt = 0.00175431  0.00175431 (0.00175431/0.00363808)
RebuildHierarchy: level = 5
TransferSubgridParticles[5]: Moved 0 particles, 0 stars, 0 active particles.
DetermineSGSize: MaxSubgridSize = 2000, MinSubgridEdge = 4, ncells = 5224
RebuildHierarchy[5]: Flagged 0/15 grids. 0 flagged cells
Level[5]: dt = 0.00175409  0.00175409 (0.0035084/0.00363808)
RebuildHierarchy: level = 5
TransferSubgridParticles[5]: Moved 0 particles, 0 stars, 0 active particles.
DetermineSGSize: MaxSubgridSize = 2000, MinSubgridEdge = 4, ncells = 5224
RebuildHierarchy[5]: Flagged 0/15 grids. 0 flagged cells
Level[5]: dt = 0.000129673  0.0017544 (0.00363808/0.00363808)
EvolveLevel[5]: NumberOfSubCycles = 3 (420 total, 3 sub)
RebuildHierarchy: level = 4
TransferSubgridParticles[4]: Moved 0 particles, 0 stars, 0 active particles.
DetermineSGSize: MaxSubgridSize = 2000, MinSubgridEdge = 4, ncells = 5224
RebuildHierarchy[4]: Flagged 15/27 grids. 615 flagged cells
LoadBalance: Number of grids moved = 14 out of 15 (2.01017e-05 seconds elapsed)
DetermineSGSize: MaxSubgridSize = 2000, MinSubgridEdge = 4, ncells = 5224
RebuildHierarchy[5]: Flagged 0/15 grids. 0 flagged cells
Level[4]: dt = 0.00364391  0.00364391 (0.00728199/0.00795151)
Level[5]: dt = 0.00175444  0.00175444 (0.00175444/0.00364391)
RebuildHierarchy: level = 5
TransferSubgridParticles[5]: Moved 0 particles, 0 stars, 0 active particles.
DetermineSGSize: MaxSubgridSize = 2000, MinSubgridEdge = 4, ncells = 5224
RebuildHierarchy[5]: Flagged 0/15 grids. 0 flagged cells
Level[5]: dt = 0.00175505  0.00175505 (0.00350949/0.00364391)
RebuildHierarchy: level = 5
TransferSubgridParticles[5]: Moved 1 particles, 0 stars, 0 active particles.
DetermineSGSize: MaxSubgridSize = 2000, MinSubgridEdge = 4, ncells = 5224
RebuildHierarchy[5]: Flagged 0/15 grids. 0 flagged cells
Level[5]: dt = 0.00013442  0.00175616 (0.00364391/0.00364391)
EvolveLevel[5]: NumberOfSubCycles = 3 (423 total, 3 sub)
Level[4]: dt = 0.000669522  0.00365145 (0.00795151/0.00795151)
Level[5]: dt = 0.000669522  0.00175626 (0.000669522/0.000669522)
EvolveLevel[5]: NumberOfSubCycles = 1 (424 total, 1 sub)
EvolveLevel[4]: NumberOfSubCycles = 3 (176 total, 3 sub)
RebuildHierarchy: level = 3
TransferSubgridParticles[3]: Moved 298 particles, 0 stars, 0 active particles.
DetermineSGSize: MaxSubgridSize = 2000, MinSubgridEdge = 4, ncells = 11264
RebuildHierarchy[3]: Flagged 27/78 grids. 1167 flagged cells
LoadBalance: Number of grids moved = 27 out of 28 (2.54922e-05 seconds elapsed)
DetermineSGSize: MaxSubgridSize = 2000, MinSubgridEdge = 4, ncells = 5224
RebuildHierarchy[4]: Flagged 15/28 grids. 617 flagged cells
LoadBalance: Number of grids moved = 14 out of 15 (2.06046e-05 seconds elapsed)
DetermineSGSize: MaxSubgridSize = 2000, MinSubgridEdge = 4, ncells = 5224
RebuildHierarchy[5]: Flagged 0/15 grids. 0 flagged cells
Level[3]: dt = 0.00795452  0.00795452 (0.015906/0.01652)
Level[4]: dt = 0.00365296  0.00365296 (0.00365296/0.00795452)
Level[5]: dt = 0.00175678  0.00175678 (0.00175678/0.00365296)
RebuildHierarchy: level = 5
TransferSubgridParticles[5]: Moved 0 particles, 0 stars, 0 active particles.
DetermineSGSize: MaxSubgridSize = 2000, MinSubgridEdge = 4, ncells = 5136
RebuildHierarchy[5]: Flagged 0/15 grids. 0 flagged cells
Level[5]: dt = 0.00175707  0.00175707 (0.00351386/0.00365296)
RebuildHierarchy: level = 5
TransferSubgridParticles[5]: Moved 0 particles, 0 stars, 0 active particles.
DetermineSGSize: MaxSubgridSize = 2000, MinSubgridEdge = 4, ncells = 5136
RebuildHierarchy[5]: Flagged 0/15 grids. 0 flagged cells
Level[5]: dt = 0.000139103  0.00175736 (0.00365296/0.00365296)
EvolveLevel[5]: NumberOfSubCycles = 3 (427 total, 3 sub)
RebuildHierarchy: level = 4
TransferSubgridParticles[4]: Moved 0 particles, 0 stars, 0 active particles.
DetermineSGSize: MaxSubgridSize = 2000, MinSubgridEdge = 4, ncells = 5136
RebuildHierarchy[4]: Flagged 14/28 grids. 587 flagged cells
LoadBalance: Number of grids moved = 13 out of 14 (2.04332e-05 seconds elapsed)
DetermineSGSize: MaxSubgridSize = 2000, MinSubgridEdge = 4, ncells = 5136
RebuildHierarchy[5]: Flagged 0/14 grids. 0 flagged cells
Level[4]: dt = 0.00366201  0.00366201 (0.00731497/0.00795452)
Level[5]: dt = 0.00175738  0.00175738 (0.00175738/0.00366201)
RebuildHierarchy: level = 5
TransferSubgridParticles[5]: Moved 0 particles, 0 stars, 0 active particles.
DetermineSGSize: MaxSubgridSize = 2000, MinSubgridEdge = 4, ncells = 4920
RebuildHierarchy[5]: Flagged 0/14 grids. 0 flagged cells
Level[5]: dt = 0.00175771  0.00175771 (0.00351509/0.00366201)
RebuildHierarchy: level = 5
TransferSubgridParticles[5]: Moved 1 particles, 0 stars, 0 active particles.
DetermineSGSize: MaxSubgridSize = 2000, MinSubgridEdge = 4, ncells = 4920
RebuildHierarchy[5]: Flagged 0/14 grids. 0 flagged cells
Level[5]: dt = 0.000146924  0.00175808 (0.00366201/0.00366201)
EvolveLevel[5]: NumberOfSubCycles = 3 (430 total, 3 sub)
Level[4]: dt = 0.000639547  0.00367245 (0.00795452/0.00795452)
Level[5]: dt = 0.000639547  0.0017581 (0.000639547/0.000639547)
EvolveLevel[5]: NumberOfSubCycles = 1 (431 total, 1 sub)
EvolveLevel[4]: NumberOfSubCycles = 3 (179 total, 3 sub)
Level[3]: dt = 0.000614015  0.00795889 (0.01652/0.01652)
Level[4]: dt = 0.000614015  0.00367434 (0.000614015/0.000614015)
Level[5]: dt = 0.000614015  0.00175822 (0.000614015/0.000614015)
EvolveLevel[5]: NumberOfSubCycles = 1 (432 total, 1 sub)
EvolveLevel[4]: NumberOfSubCycles = 1 (180 total, 1 sub)
EvolveLevel[3]: NumberOfSubCycles = 3 (73 total, 3 sub)
RebuildHierarchy: level = 2
TransferSubgridParticles[2]: Moved 2141 particles, 0 stars, 0 active particles.
DetermineSGSize: MaxSubgridSize = 2000, MinSubgridEdge = 4, ncells = 56688
RebuildHierarchy[2]: Flagged 76/366 grids. 4503 flagged cells
LoadBalance: Number of grids moved = 82 out of 82 (0.00219249 seconds elapsed)
DetermineSGSize: MaxSubgridSize = 2000, MinSubgridEdge = 4, ncells = 11432
RebuildHierarchy[3]: Flagged 27/82 grids. 1159 flagged cells
LoadBalance: Number of grids moved = 27 out of 28 (3.89889e-05 seconds elapsed)
DetermineSGSize: MaxSubgridSize = 2000, MinSubgridEdge = 4, ncells = 4920
RebuildHierarchy[4]: Flagged 15/28 grids. 611 flagged cells
LoadBalance: Number of grids moved = 14 out of 15 (2.07759e-05 seconds elapsed)
DetermineSGSize: MaxSubgridSize = 2000, MinSubgridEdge = 4, ncells = 4920
RebuildHierarchy[5]: Flagged 0/15 grids. 0 flagged cells
Level[2]: dt = 0.0156105  0.0165267 (0.0321305/0.0321305)
Level[3]: dt = 0.00795924  0.00795924 (0.00795924/0.0156105)
Level[4]: dt = 0.00367618  0.00367618 (0.00367618/0.00795924)
Level[5]: dt = 0.00175834  0.00175834 (0.00175834/0.00367618)
RebuildHierarchy: level = 5
TransferSubgridParticles[5]: Moved 0 particles, 0 stars, 0 active particles.
DetermineSGSize: MaxSubgridSize = 2000, MinSubgridEdge = 4, ncells = 5136
RebuildHierarchy[5]: Flagged 0/15 grids. 0 flagged cells
Level[5]: dt = 0.00175715  0.00175715 (0.00351549/0.00367618)
RebuildHierarchy: level = 5
TransferSubgridParticles[5]: Moved 1 particles, 0 stars, 0 active particles.
DetermineSGSize: MaxSubgridSize = 2000, MinSubgridEdge = 4, ncells = 5136
RebuildHierarchy[5]: Flagged 0/15 grids. 0 flagged cells
Level[5]: dt = 0.00016069  0.00175408 (0.00367618/0.00367618)
EvolveLevel[5]: NumberOfSubCycles = 3 (435 total, 3 sub)
RebuildHierarchy: level = 4
TransferSubgridParticles[4]: Moved 0 particles, 0 stars, 0 active particles.
DetermineSGSize: MaxSubgridSize = 2000, MinSubgridEdge = 4, ncells = 5136
RebuildHierarchy[4]: Flagged 15/28 grids. 611 flagged cells
LoadBalance: Number of grids moved = 14 out of 15 (2.12938e-05 seconds elapsed)
DetermineSGSize: MaxSubgridSize = 2000, MinSubgridEdge = 4, ncells = 5136
RebuildHierarchy[5]: Flagged 0/15 grids. 0 flagged cells
Level[4]: dt = 0.00368793  0.00368793 (0.00736412/0.00795924)
Level[5]: dt = 0.00175396  0.00175396 (0.00175396/0.00368793)
RebuildHierarchy: level = 5
TransferSubgridParticles[5]: Moved 0 particles, 0 stars, 0 active particles.
DetermineSGSize: MaxSubgridSize = 2000, MinSubgridEdge = 4, ncells = 5136
RebuildHierarchy[5]: Flagged 0/15 grids. 0 flagged cells
Level[5]: dt = 0.00175374  0.00175374 (0.0035077/0.00368793)
RebuildHierarchy: level = 5
TransferSubgridParticles[5]: Moved 0 particles, 0 stars, 0 active particles.
DetermineSGSize: MaxSubgridSize = 2000, MinSubgridEdge = 4, ncells = 5136
RebuildHierarchy[5]: Flagged 0/15 grids. 0 flagged cells
Level[5]: dt = 0.000180235  0.00175596 (0.00368793/0.00368793)
EvolveLevel[5]: NumberOfSubCycles = 3 (438 total, 3 sub)
Level[4]: dt = 0.000595123  0.00370067 (0.00795924/0.00795924)
Level[5]: dt = 0.000595123  0.00175636 (0.000595123/0.000595123)
EvolveLevel[5]: NumberOfSubCycles = 1 (439 total, 1 sub)
EvolveLevel[4]: NumberOfSubCycles = 3 (183 total, 3 sub)
RebuildHierarchy: level = 3
TransferSubgridParticles[3]: Moved 5 particles, 0 stars, 0 active particles.
DetermineSGSize: MaxSubgridSize = 2000, MinSubgridEdge = 4, ncells = 11424
RebuildHierarchy[3]: Flagged 27/82 grids. 1182 flagged cells
LoadBalance: Number of grids moved = 27 out of 28 (2.5671e-05 seconds elapsed)
DetermineSGSize: MaxSubgridSize = 2000, MinSubgridEdge = 4, ncells = 5136
RebuildHierarchy[4]: Flagged 15/28 grids. 611 flagged cells
LoadBalance: Number of grids moved = 14 out of 15 (1.99601e-05 seconds elapsed)
DetermineSGSize: MaxSubgridSize = 2000, MinSubgridEdge = 4, ncells = 5136
RebuildHierarchy[5]: Flagged 0/15 grids. 0 flagged cells
Level[3]: dt = 0.00765123  0.00796467 (0.0156105/0.0156105)
Level[4]: dt = 0.00370278  0.00370278 (0.00370278/0.00765123)
Level[5]: dt = 0.00175691  0.00175691 (0.00175691/0.00370278)
RebuildHierarchy: level = 5
TransferSubgridParticles[5]: Moved 0 particles, 0 stars, 0 active particles.
DetermineSGSize: MaxSubgridSize = 2000, MinSubgridEdge = 4, ncells = 5136
RebuildHierarchy[5]: Flagged 0/15 grids. 0 flagged cells
Level[5]: dt = 0.0017545  0.0017545 (0.00351141/0.00370278)
RebuildHierarchy: level = 5
TransferSubgridParticles[5]: Moved 0 particles, 0 stars, 0 active particles.
DetermineSGSize: MaxSubgridSize = 2000, MinSubgridEdge = 4, ncells = 5136
RebuildHierarchy[5]: Flagged 0/15 grids. 0 flagged cells
Level[5]: dt = 0.000191363  0.00175209 (0.00370278/0.00370278)
EvolveLevel[5]: NumberOfSubCycles = 3 (442 total, 3 sub)
RebuildHierarchy: level = 4
TransferSubgridParticles[4]: Moved 0 particles, 0 stars, 0 active particles.
DetermineSGSize: MaxSubgridSize = 2000, MinSubgridEdge = 4, ncells = 5136
RebuildHierarchy[4]: Flagged 16/28 grids. 638 flagged cells
LoadBalance: Number of grids moved = 15 out of 16 (2.1074e-05 seconds elapsed)
DetermineSGSize: MaxSubgridSize = 2000, MinSubgridEdge = 4, ncells = 5136
RebuildHierarchy[5]: Flagged 0/16 grids. 0 flagged cells
Level[4]: dt = 0.00371647  0.00371647 (0.00741925/0.00765123)
Level[5]: dt = 0.00175181  0.00175181 (0.00175181/0.00371647)
RebuildHierarchy: level = 5
TransferSubgridParticles[5]: Moved 0 particles, 0 stars, 0 active particles.
DetermineSGSize: MaxSubgridSize = 2000, MinSubgridEdge = 4, ncells = 5352
RebuildHierarchy[5]: Flagged 0/16 grids. 0 flagged cells
Level[5]: dt = 0.00174955  0.00174955 (0.00350136/0.00371647)
RebuildHierarchy: level = 5
TransferSubgridParticles[5]: Moved 0 particles, 0 stars, 0 active particles.
DetermineSGSize: MaxSubgridSize = 2000, MinSubgridEdge = 4, ncells = 5352
RebuildHierarchy[5]: Flagged 0/16 grids. 0 flagged cells
Level[5]: dt = 0.000215106  0.00174728 (0.00371647/0.00371647)
EvolveLevel[5]: NumberOfSubCycles = 3 (445 total, 3 sub)
Level[4]: dt = 0.000231981  0.00373104 (0.00765123/0.00765123)
Level[5]: dt = 0.000231981  0.00174699 (0.000231981/0.000231981)
EvolveLevel[5]: NumberOfSubCycles = 1 (446 total, 1 sub)
EvolveLevel[4]: NumberOfSubCycles = 3 (186 total, 3 sub)
EvolveLevel[3]: NumberOfSubCycles = 2 (75 total, 2 sub)
EvolveLevel[2]: NumberOfSubCycles = 2 (34 total, 2 sub)
RebuildHierarchy: level = 1
TransferSubgridParticles[1]: Moved 47462 particles, 0 stars, 0 active particles.
DetermineSGSize: MaxSubgridSize = 2000, MinSubgridEdge = 4, ncells = 316864
RebuildHierarchy[1]: Flagged 309/4569 grids. 23422 flagged cells
LoadBalance: Number of grids moved = 369 out of 375 (0.00194493 seconds elapsed)
DetermineSGSize: MaxSubgridSize = 2000, MinSubgridEdge = 4, ncells = 58528
RebuildHierarchy[2]: Flagged 77/375 grids. 4521 flagged cells
LoadBalance: Number of grids moved = 83 out of 83 (0.00207434 seconds elapsed)
DetermineSGSize: MaxSubgridSize = 2000, MinSubgridEdge = 4, ncells = 11648
RebuildHierarchy[3]: Flagged 27/83 grids. 1176 flagged cells
LoadBalance: Number of grids moved = 27 out of 28 (2.43112e-05 seconds elapsed)
DetermineSGSize: MaxSubgridSize = 2000, MinSubgridEdge = 4, ncells = 5352
RebuildHierarchy[4]: Flagged 16/28 grids. 638 flagged cells
LoadBalance: Number of grids moved = 15 out of 16 (2.11447e-05 seconds elapsed)
DetermineSGSize: MaxSubgridSize = 2000, MinSubgridEdge = 4, ncells = 5352
RebuildHierarchy[5]: Flagged 0/16 grids. 0 flagged cells
Level[1]: dt = 0.0311791  0.032139 (0.0633096/0.0633096)
Level[2]: dt = 0.0165292  0.0165292 (0.0165292/0.0311791)
Level[3]: dt = 0.00796828  0.00796828 (0.00796828/0.0165292)
Level[4]: dt = 0.00373195  0.00373195 (0.00373195/0.00796828)
Level[5]: dt = 0.00174667  0.00174667 (0.00174667/0.00373195)
RebuildHierarchy: level = 5
TransferSubgridParticles[5]: Moved 0 particles, 0 stars, 0 active particles.
DetermineSGSize: MaxSubgridSize = 2000, MinSubgridEdge = 4, ncells = 5328
RebuildHierarchy[5]: Flagged 0/16 grids. 0 flagged cells
Level[5]: dt = 0.00174447  0.00174447 (0.00349114/0.00373195)
RebuildHierarchy: level = 5
TransferSubgridParticles[5]: Moved 0 particles, 0 stars, 0 active particles.
DetermineSGSize: MaxSubgridSize = 2000, MinSubgridEdge = 4, ncells = 5328
RebuildHierarchy[5]: Flagged 0/16 grids. 0 flagged cells
Level[5]: dt = 0.000240815  0.00174235 (0.00373195/0.00373195)
EvolveLevel[5]: NumberOfSubCycles = 3 (449 total, 3 sub)
RebuildHierarchy: level = 4
TransferSubgridParticles[4]: Moved 0 particles, 0 stars, 0 active particles.
DetermineSGSize: MaxSubgridSize = 2000, MinSubgridEdge = 4, ncells = 5328
RebuildHierarchy[4]: Flagged 17/28 grids. 665 flagged cells
LoadBalance: Number of grids moved = 16 out of 17 (2.93814e-05 seconds elapsed)
DetermineSGSize: MaxSubgridSize = 2000, MinSubgridEdge = 4, ncells = 5328
RebuildHierarchy[5]: Flagged 0/17 grids. 0 flagged cells
Level[4]: dt = 0.00374722  0.00374722 (0.00747918/0.00796828)
Level[5]: dt = 0.00174203  0.00174203 (0.00174203/0.00374722)
RebuildHierarchy: level = 5
TransferSubgridParticles[5]: Moved 0 particles, 0 stars, 0 active particles.
DetermineSGSize: MaxSubgridSize = 2000, MinSubgridEdge = 4, ncells = 5544
RebuildHierarchy[5]: Flagged 0/17 grids. 0 flagged cells
Level[5]: dt = 0.00173994  0.00173994 (0.00348197/0.00374722)
RebuildHierarchy: level = 5
TransferSubgridParticles[5]: Moved 2 particles, 0 stars, 0 active particles.
DetermineSGSize: MaxSubgridSize = 2000, MinSubgridEdge = 4, ncells = 5544
RebuildHierarchy[5]: Flagged 0/17 grids. 0 flagged cells
Level[5]: dt = 0.000265251  0.00173789 (0.00374722/0.00374722)
EvolveLevel[5]: NumberOfSubCycles = 3 (452 total, 3 sub)
Level[4]: dt = 0.000489108  0.00376332 (0.00796828/0.00796828)
Level[5]: dt = 0.000489108  0.00173757 (0.000489108/0.000489108)
EvolveLevel[5]: NumberOfSubCycles = 1 (453 total, 1 sub)
EvolveLevel[4]: NumberOfSubCycles = 3 (189 total, 3 sub)
RebuildHierarchy: level = 3
TransferSubgridParticles[3]: Moved 5 particles, 0 stars, 0 active particles.
DetermineSGSize: MaxSubgridSize = 2000, MinSubgridEdge = 4, ncells = 11520
RebuildHierarchy[3]: Flagged 27/83 grids. 1192 flagged cells
LoadBalance: Number of grids moved = 27 out of 28 (2.50749e-05 seconds elapsed)
DetermineSGSize: MaxSubgridSize = 2000, MinSubgridEdge = 4, ncells = 5544
RebuildHierarchy[4]: Flagged 17/28 grids. 680 flagged cells
LoadBalance: Number of grids moved = 16 out of 17 (2.07536e-05 seconds elapsed)
DetermineSGSize: MaxSubgridSize = 2000, MinSubgridEdge = 4, ncells = 5544
RebuildHierarchy[5]: Flagged 0/17 grids. 0 flagged cells
Level[3]: dt = 0.00795016  0.00795016 (0.0159184/0.0165292)
Level[4]: dt = 0.00376542  0.00376542 (0.00376542/0.00795016)
Level[5]: dt = 0.00173699  0.00173699 (0.00173699/0.00376542)
RebuildHierarchy: level = 5
TransferSubgridParticles[5]: Moved 0 particles, 0 stars, 0 active particles.
DetermineSGSize: MaxSubgridSize = 2000, MinSubgridEdge = 4, ncells = 5768
RebuildHierarchy[5]: Flagged 0/17 grids. 0 flagged cells
Level[5]: dt = 0.00173505  0.00173505 (0.00347203/0.00376542)
RebuildHierarchy: level = 5
TransferSubgridParticles[5]: Moved 0 particles, 0 stars, 0 active particles.
DetermineSGSize: MaxSubgridSize = 2000, MinSubgridEdge = 4, ncells = 5768
RebuildHierarchy[5]: Flagged 0/17 grids. 0 flagged cells
Level[5]: dt = 0.00029339  0.00173323 (0.00376542/0.00376542)
EvolveLevel[5]: NumberOfSubCycles = 3 (456 total, 3 sub)
RebuildHierarchy: level = 4
TransferSubgridParticles[4]: Moved 0 particles, 0 stars, 0 active particles.
DetermineSGSize: MaxSubgridSize = 2000, MinSubgridEdge = 4, ncells = 5768
RebuildHierarchy[4]: Flagged 17/28 grids. 695 flagged cells
LoadBalance: Number of grids moved = 16 out of 17 (2.19047e-05 seconds elapsed)
DetermineSGSize: MaxSubgridSize = 2000, MinSubgridEdge = 4, ncells = 5768
RebuildHierarchy[5]: Flagged 0/17 grids. 0 flagged cells
Level[4]: dt = 0.00378004  0.00378004 (0.00754547/0.00795016)
Level[5]: dt = 0.0017329  0.0017329 (0.0017329/0.00378004)
RebuildHierarchy: level = 5
TransferSubgridParticles[5]: Moved 1 particles, 0 stars, 0 active particles.
DetermineSGSize: MaxSubgridSize = 2000, MinSubgridEdge = 4, ncells = 5928
RebuildHierarchy[5]: Flagged 0/17 grids. 0 flagged cells
Level[5]: dt = 0.00173112  0.00173112 (0.00346402/0.00378004)
RebuildHierarchy: level = 5
TransferSubgridParticles[5]: Moved 0 particles, 0 stars, 0 active particles.
DetermineSGSize: MaxSubgridSize = 2000, MinSubgridEdge = 4, ncells = 5928
RebuildHierarchy[5]: Flagged 0/17 grids. 0 flagged cells
Level[5]: dt = 0.000316026  0.00172945 (0.00378004/0.00378004)
EvolveLevel[5]: NumberOfSubCycles = 3 (459 total, 3 sub)
Level[4]: dt = 0.000404697  0.00378181 (0.00795016/0.00795016)
Level[5]: dt = 0.000404697  0.00172913 (0.000404697/0.000404697)
EvolveLevel[5]: NumberOfSubCycles = 1 (460 total, 1 sub)
EvolveLevel[4]: NumberOfSubCycles = 3 (192 total, 3 sub)
Level[3]: dt = 0.000610727  0.00793608 (0.0165292/0.0165292)
Level[4]: dt = 0.000610727  0.0037848 (0.000610727/0.000610727)
Level[5]: dt = 0.000610727  0.00172873 (0.000610727/0.000610727)
EvolveLevel[5]: NumberOfSubCycles = 1 (461 total, 1 sub)
EvolveLevel[4]: NumberOfSubCycles = 1 (193 total, 1 sub)
EvolveLevel[3]: NumberOfSubCycles = 3 (78 total, 3 sub)
RebuildHierarchy: level = 2
TransferSubgridParticles[2]: Moved 76 particles, 0 stars, 0 active particles.
DetermineSGSize: MaxSubgridSize = 2000, MinSubgridEdge = 4, ncells = 58280
RebuildHierarchy[2]: Flagged 76/375 grids. 4541 flagged cells
LoadBalance: Number of grids moved = 82 out of 82 (0.00204134 seconds elapsed)
DetermineSGSize: MaxSubgridSize = 2000, MinSubgridEdge = 4, ncells = 11760
RebuildHierarchy[3]: Flagged 26/82 grids. 1188 flagged cells
LoadBalance: Number of grids moved = 26 out of 27 (2.3637e-05 seconds elapsed)
DetermineSGSize: MaxSubgridSize = 2000, MinSubgridEdge = 4, ncells = 5928
RebuildHierarchy[4]: Flagged 17/27 grids. 695 flagged cells
LoadBalance: Number of grids moved = 16 out of 17 (2.13236e-05 seconds elapsed)
DetermineSGSize: MaxSubgridSize = 2000, MinSubgridEdge = 4, ncells = 5928
RebuildHierarchy[5]: Flagged 0/17 grids. 0 flagged cells
Level[2]: dt = 0.0146499  0.0165277 (0.0311791/0.0311791)
Level[3]: dt = 0.00793524  0.00793524 (0.00793524/0.0146499)
Level[4]: dt = 0.00378469  0.00378469 (0.00378469/0.00793524)
Level[5]: dt = 0.00172813  0.00172813 (0.00172813/0.00378469)
RebuildHierarchy: level = 5
TransferSubgridParticles[5]: Moved 0 particles, 0 stars, 0 active particles.
DetermineSGSize: MaxSubgridSize = 2000, MinSubgridEdge = 4, ncells = 5928
RebuildHierarchy[5]: Flagged 0/17 grids. 0 flagged cells
Level[5]: dt = 0.00172662  0.00172662 (0.00345475/0.00378469)
RebuildHierarchy: level = 5
TransferSubgridParticles[5]: Moved 0 particles, 0 stars, 0 active particles.
DetermineSGSize: MaxSubgridSize = 2000, MinSubgridEdge = 4, ncells = 5928
RebuildHierarchy[5]: Flagged 0/17 grids. 0 flagged cells
Level[5]: dt = 0.000329936  0.00172518 (0.00378469/0.00378469)
EvolveLevel[5]: NumberOfSubCycles = 3 (464 total, 3 sub)
RebuildHierarchy: level = 4
TransferSubgridParticles[4]: Moved 1 particles, 0 stars, 0 active particles.
DetermineSGSize: MaxSubgridSize = 2000, MinSubgridEdge = 4, ncells = 5928
RebuildHierarchy[4]: Flagged 17/27 grids. 701 flagged cells
LoadBalance: Number of grids moved = 16 out of 17 (2.17706e-05 seconds elapsed)
DetermineSGSize: MaxSubgridSize = 2000, MinSubgridEdge = 4, ncells = 5928
RebuildHierarchy[5]: Flagged 0/17 grids. 0 flagged cells
Level[4]: dt = 0.00378563  0.00378563 (0.00757032/0.00793524)
Level[5]: dt = 0.0017249  0.0017249 (0.0017249/0.00378563)
RebuildHierarchy: level = 5
TransferSubgridParticles[5]: Moved 0 particles, 0 stars, 0 active particles.
DetermineSGSize: MaxSubgridSize = 2000, MinSubgridEdge = 4, ncells = 6000
RebuildHierarchy[5]: Flagged 0/17 grids. 0 flagged cells
Level[5]: dt = 0.00172362  0.00172362 (0.00344852/0.00378563)
RebuildHierarchy: level = 5
TransferSubgridParticles[5]: Moved 1 particles, 0 stars, 0 active particles.
DetermineSGSize: MaxSubgridSize = 2000, MinSubgridEdge = 4, ncells = 6000
RebuildHierarchy[5]: Flagged 0/17 grids. 0 flagged cells
Level[5]: dt = 0.000337115  0.00172242 (0.00378563/0.00378563)
EvolveLevel[5]: NumberOfSubCycles = 3 (467 total, 3 sub)
Level[4]: dt = 0.000364917  0.00380843 (0.00793524/0.00793524)
Level[5]: dt = 0.000364917  0.00172219 (0.000364917/0.000364917)
EvolveLevel[5]: NumberOfSubCycles = 1 (468 total, 1 sub)
EvolveLevel[4]: NumberOfSubCycles = 3 (196 total, 3 sub)
RebuildHierarchy: level = 3
TransferSubgridParticles[3]: Moved 1 particles, 0 stars, 0 active particles.
DetermineSGSize: MaxSubgridSize = 2000, MinSubgridEdge = 4, ncells = 11896
RebuildHierarchy[3]: Flagged 27/82 grids. 1200 flagged cells
LoadBalance: Number of grids moved = 27 out of 28 (2.46502e-05 seconds elapsed)
DetermineSGSize: MaxSubgridSize = 2000, MinSubgridEdge = 4, ncells = 6000
RebuildHierarchy[4]: Flagged 17/28 grids. 699 flagged cells
LoadBalance: Number of grids moved = 16 out of 17 (2.17743e-05 seconds elapsed)
DetermineSGSize: MaxSubgridSize = 2000, MinSubgridEdge = 4, ncells = 6000
RebuildHierarchy[5]: Flagged 0/17 grids. 0 flagged cells
Level[3]: dt = 0.00671467  0.00792723 (0.0146499/0.0146499)
Level[4]: dt = 0.00380812  0.00380812 (0.00380812/0.00671467)
Level[5]: dt = 0.00172194  0.00172194 (0.00172194/0.00380812)
RebuildHierarchy: level = 5
TransferSubgridParticles[5]: Moved 0 particles, 0 stars, 0 active particles.
DetermineSGSize: MaxSubgridSize = 2000, MinSubgridEdge = 4, ncells = 5968
RebuildHierarchy[5]: Flagged 0/17 grids. 0 flagged cells
Level[5]: dt = 0.00172091  0.00172091 (0.00344285/0.00380812)
RebuildHierarchy: level = 5
TransferSubgridParticles[5]: Moved 0 particles, 0 stars, 0 active particles.
DetermineSGSize: MaxSubgridSize = 2000, MinSubgridEdge = 4, ncells = 5968
RebuildHierarchy[5]: Flagged 0/17 grids. 0 flagged cells
Level[5]: dt = 0.000365271  0.00172002 (0.00380812/0.00380812)
EvolveLevel[5]: NumberOfSubCycles = 3 (471 total, 3 sub)
RebuildHierarchy: level = 4
TransferSubgridParticles[4]: Moved 0 particles, 0 stars, 0 active particles.
DetermineSGSize: MaxSubgridSize = 2000, MinSubgridEdge = 4, ncells = 5968
RebuildHierarchy[4]: Flagged 17/28 grids. 699 flagged cells
LoadBalance: Number of grids moved = 16 out of 17 (2.0951e-05 seconds elapsed)
DetermineSGSize: MaxSubgridSize = 2000, MinSubgridEdge = 4, ncells = 5968
RebuildHierarchy[5]: Flagged 0/17 grids. 0 flagged cells
Level[4]: dt = 0.00290656  0.00380586 (0.00671467/0.00671467)
Level[5]: dt = 0.00171983  0.00171983 (0.00171983/0.00290656)
RebuildHierarchy: level = 5
TransferSubgridParticles[5]: Moved 3 particles, 0 stars, 0 active particles.
DetermineSGSize: MaxSubgridSize = 2000, MinSubgridEdge = 4, ncells = 5968
RebuildHierarchy[5]: Flagged 0/17 grids. 0 flagged cells
Level[5]: dt = 0.00118672  0.00171907 (0.00290656/0.00290656)
EvolveLevel[5]: NumberOfSubCycles = 2 (473 total, 2 sub)
EvolveLevel[4]: NumberOfSubCycles = 2 (198 total, 2 sub)
EvolveLevel[3]: NumberOfSubCycles = 2 (80 total, 2 sub)
EvolveLevel[2]: NumberOfSubCycles = 2 (36 total, 2 sub)
EvolveLevel[1]: NumberOfSubCycles = 2 (18 total, 2 sub)
EvolveLevel[0]: NumberOfSubCycles = 1 (9 total, 9 sub)
CPUTime-output: Frac = 0.999990, Current = 513.562 (513.562), Stop = 2592000.000000, Last = 26.619
[YT_INFO   ] Setting YT parameters ...
[YT_INFO   ] Setting YT parameters ... done.
[YT_INFO   ] Getting pointer to particle list information ...
[YT_INFO   ] Getting pointer to particle list information  ... done.
[YT_INFO   ] Getting pointer to field list information ...
[YT_INFO   ] Getting pointer to field list information  ... done.
[YT_INFO   ] Getting pointer to local grids information ...
[YT_INFO   ] Getting pointer to local grids information  ... done.
[YT_INFO   ] Loading full hierarchy and local data to libyt ...
[YT_INFO   ] Loading full hierarchy and local data ... done.
[YT_INFO   ] Performing YT inline analysis yt_inline_func() ...
[YT_INFO   ] Performing YT inline analysis yt_inline_func() ... done.
Level[0]: dt = 0.0633576  0.0633576 (0.0633576/0.0633576)
PrepareGreens: Start = 0 0 36  Dim = 32 52 38
PrepareGreens: Start = 0 0 0  Dim = 32 52 36
Level[1]: dt = 0.0321473  0.0321473 (0.0321473/0.0633576)
Level[2]: dt = 0.0165214  0.0165214 (0.0165214/0.0321473)
Level[3]: dt = 0.00792441  0.00792441 (0.00792441/0.0165214)
Level[4]: dt = 0.0038201  0.0038201 (0.0038201/0.00792441)
Level[5]: dt = 0.00171862  0.00171862 (0.00171862/0.0038201)
RebuildHierarchy: level = 5
TransferSubgridParticles[5]: Moved 0 particles, 0 stars, 0 active particles.
DetermineSGSize: MaxSubgridSize = 2000, MinSubgridEdge = 4, ncells = 5968
RebuildHierarchy[5]: Flagged 0/17 grids. 0 flagged cells
Level[5]: dt = 0.00171809  0.00171809 (0.00343671/0.0038201)
RebuildHierarchy: level = 5
TransferSubgridParticles[5]: Moved 1 particles, 0 stars, 0 active particles.
DetermineSGSize: MaxSubgridSize = 2000, MinSubgridEdge = 4, ncells = 5968
RebuildHierarchy[5]: Flagged 0/17 grids. 0 flagged cells
Level[5]: dt = 0.000383392  0.00171766 (0.0038201/0.0038201)
EvolveLevel[5]: NumberOfSubCycles = 3 (476 total, 3 sub)
RebuildHierarchy: level = 4
TransferSubgridParticles[4]: Moved 0 particles, 0 stars, 0 active particles.
DetermineSGSize: MaxSubgridSize = 2000, MinSubgridEdge = 4, ncells = 5968
RebuildHierarchy[4]: Flagged 16/28 grids. 663 flagged cells
LoadBalance: Number of grids moved = 15 out of 16 (2.10069e-05 seconds elapsed)
DetermineSGSize: MaxSubgridSize = 2000, MinSubgridEdge = 4, ncells = 5968
RebuildHierarchy[5]: Flagged 0/16 grids. 0 flagged cells
Level[4]: dt = 0.00381696  0.00381696 (0.00763706/0.00792441)
Level[5]: dt = 0.00171757  0.00171757 (0.00171757/0.00381696)
RebuildHierarchy: level = 5
TransferSubgridParticles[5]: Moved 0 particles, 0 stars, 0 active particles.
DetermineSGSize: MaxSubgridSize = 2000, MinSubgridEdge = 4, ncells = 5680
RebuildHierarchy[5]: Flagged 0/16 grids. 0 flagged cells
Level[5]: dt = 0.00171731  0.00171731 (0.00343489/0.00381696)
RebuildHierarchy: level = 5
TransferSubgridParticles[5]: Moved 0 particles, 0 stars, 0 active particles.
DetermineSGSize: MaxSubgridSize = 2000, MinSubgridEdge = 4, ncells = 5680
RebuildHierarchy[5]: Flagged 0/16 grids. 0 flagged cells
Level[5]: dt = 0.000382069  0.00171715 (0.00381696/0.00381696)
EvolveLevel[5]: NumberOfSubCycles = 3 (479 total, 3 sub)
Level[4]: dt = 0.000287353  0.00381569 (0.00792441/0.00792441)
Level[5]: dt = 0.000287353  0.00171712 (0.000287353/0.000287353)
EvolveLevel[5]: NumberOfSubCycles = 1 (480 total, 1 sub)
EvolveLevel[4]: NumberOfSubCycles = 3 (201 total, 3 sub)
RebuildHierarchy: level = 3
TransferSubgridParticles[3]: Moved 10 particles, 0 stars, 0 active particles.
DetermineSGSize: MaxSubgridSize = 2000, MinSubgridEdge = 4, ncells = 12200
RebuildHierarchy[3]: Flagged 27/82 grids. 1220 flagged cells
LoadBalance: Number of grids moved = 27 out of 28 (2.47322e-05 seconds elapsed)
DetermineSGSize: MaxSubgridSize = 2000, MinSubgridEdge = 4, ncells = 5680
RebuildHierarchy[4]: Flagged 16/28 grids. 663 flagged cells
LoadBalance: Number of grids moved = 15 out of 16 (2.18935e-05 seconds elapsed)
DetermineSGSize: MaxSubgridSize = 2000, MinSubgridEdge = 4, ncells = 5680
RebuildHierarchy[5]: Flagged 0/16 grids. 0 flagged cells
Level[3]: dt = 0.00792457  0.00792457 (0.015849/0.0165214)
Level[4]: dt = 0.00381695  0.00381695 (0.00381695/0.00792457)
Level[5]: dt = 0.0017171  0.0017171 (0.0017171/0.00381695)
RebuildHierarchy: level = 5
TransferSubgridParticles[5]: Moved 0 particles, 0 stars, 0 active particles.
DetermineSGSize: MaxSubgridSize = 2000, MinSubgridEdge = 4, ncells = 5680
RebuildHierarchy[5]: Flagged 0/16 grids. 0 flagged cells
Level[5]: dt = 0.0017171  0.0017171 (0.0034342/0.00381695)
RebuildHierarchy: level = 5
TransferSubgridParticles[5]: Moved 2 particles, 0 stars, 0 active particles.
DetermineSGSize: MaxSubgridSize = 2000, MinSubgridEdge = 4, ncells = 5680
RebuildHierarchy[5]: Flagged 0/16 grids. 0 flagged cells
Level[5]: dt = 0.000382746  0.00171725 (0.00381695/0.00381695)
EvolveLevel[5]: NumberOfSubCycles = 3 (483 total, 3 sub)
RebuildHierarchy: level = 4
TransferSubgridParticles[4]: Moved 1 particles, 0 stars, 0 active particles.
DetermineSGSize: MaxSubgridSize = 2000, MinSubgridEdge = 4, ncells = 5680
RebuildHierarchy[4]: Flagged 16/28 grids. 663 flagged cells
LoadBalance: Number of grids moved = 15 out of 16 (2.11038e-05 seconds elapsed)
DetermineSGSize: MaxSubgridSize = 2000, MinSubgridEdge = 4, ncells = 5680
RebuildHierarchy[5]: Flagged 0/16 grids. 0 flagged cells
Level[4]: dt = 0.00381617  0.00381617 (0.00763312/0.00792457)
Level[5]: dt = 0.00171729  0.00171729 (0.00171729/0.00381617)
RebuildHierarchy: level = 5
TransferSubgridParticles[5]: Moved 0 particles, 0 stars, 0 active particles.
DetermineSGSize: MaxSubgridSize = 2000, MinSubgridEdge = 4, ncells = 5704
RebuildHierarchy[5]: Flagged 0/16 grids. 0 flagged cells
Level[5]: dt = 0.00171755  0.00171755 (0.00343484/0.00381617)
RebuildHierarchy: level = 5
TransferSubgridParticles[5]: Moved 1 particles, 0 stars, 0 active particles.
DetermineSGSize: MaxSubgridSize = 2000, MinSubgridEdge = 4, ncells = 5704
RebuildHierarchy[5]: Flagged 0/16 grids. 0 flagged cells
Level[5]: dt = 0.000381329  0.001718 (0.00381617/0.00381617)
EvolveLevel[5]: NumberOfSubCycles = 3 (486 total, 3 sub)
Level[4]: dt = 0.000291449  0.00381689 (0.00792457/0.00792457)
Level[5]: dt = 0.000291449  0.00171808 (0.000291449/0.000291449)
EvolveLevel[5]: NumberOfSubCycles = 1 (487 total, 1 sub)
EvolveLevel[4]: NumberOfSubCycles = 3 (204 total, 3 sub)
Level[3]: dt = 0.000672434  0.00792921 (0.0165214/0.0165214)
Level[4]: dt = 0.000672434  0.00381805 (0.000672434/0.000672434)
Level[5]: dt = 0.000672434  0.00171815 (0.000672434/0.000672434)
EvolveLevel[5]: NumberOfSubCycles = 1 (488 total, 1 sub)
EvolveLevel[4]: NumberOfSubCycles = 1 (205 total, 1 sub)
EvolveLevel[3]: NumberOfSubCycles = 3 (83 total, 3 sub)
RebuildHierarchy: level = 2
TransferSubgridParticles[2]: Moved 125 particles, 0 stars, 0 active particles.
DetermineSGSize: MaxSubgridSize = 2000, MinSubgridEdge = 4, ncells = 58840
RebuildHierarchy[2]: Flagged 77/375 grids. 4600 flagged cells
LoadBalance: Number of grids moved = 83 out of 83 (0.00212978 seconds elapsed)
DetermineSGSize: MaxSubgridSize = 2000, MinSubgridEdge = 4, ncells = 12248
RebuildHierarchy[3]: Flagged 28/83 grids. 1232 flagged cells
LoadBalance: Number of grids moved = 28 out of 29 (2.59727e-05 seconds elapsed)
DetermineSGSize: MaxSubgridSize = 2000, MinSubgridEdge = 4, ncells = 5704
RebuildHierarchy[4]: Flagged 16/29 grids. 672 flagged cells
LoadBalance: Number of grids moved = 15 out of 16 (2.03662e-05 seconds elapsed)
DetermineSGSize: MaxSubgridSize = 2000, MinSubgridEdge = 4, ncells = 5704
RebuildHierarchy[5]: Flagged 0/16 grids. 0 flagged cells
Level[2]: dt = 0.0156259  0.0165141 (0.0321473/0.0321473)
Level[3]: dt = 0.00792975  0.00792975 (0.00792975/0.0156259)
Level[4]: dt = 0.00381844  0.00381844 (0.00381844/0.00792975)
Level[5]: dt = 0.00171833  0.00171833 (0.00171833/0.00381844)
RebuildHierarchy: level = 5
TransferSubgridParticles[5]: Moved 1 particles, 0 stars, 0 active particles.
DetermineSGSize: MaxSubgridSize = 2000, MinSubgridEdge = 4, ncells = 5832
RebuildHierarchy[5]: Flagged 0/16 grids. 0 flagged cells
Level[5]: dt = 0.0017189  0.0017189 (0.00343723/0.00381844)
RebuildHierarchy: level = 5
TransferSubgridParticles[5]: Moved 2 particles, 0 stars, 0 active particles.
DetermineSGSize: MaxSubgridSize = 2000, MinSubgridEdge = 4, ncells = 5832
RebuildHierarchy[5]: Flagged 0/16 grids. 0 flagged cells
Level[5]: dt = 0.000381213  0.00171961 (0.00381844/0.00381844)
EvolveLevel[5]: NumberOfSubCycles = 3 (491 total, 3 sub)
RebuildHierarchy: level = 4
TransferSubgridParticles[4]: Moved 1 particles, 0 stars, 0 active particles.
DetermineSGSize: MaxSubgridSize = 2000, MinSubgridEdge = 4, ncells = 5832
RebuildHierarchy[4]: Flagged 16/29 grids. 690 flagged cells
LoadBalance: Number of grids moved = 15 out of 16 (2.11e-05 seconds elapsed)
DetermineSGSize: MaxSubgridSize = 2000, MinSubgridEdge = 4, ncells = 5832
RebuildHierarchy[5]: Flagged 0/16 grids. 0 flagged cells
Level[4]: dt = 0.00382127  0.00382127 (0.00763971/0.00792975)
Level[5]: dt = 0.00171977  0.00171977 (0.00171977/0.00382127)
RebuildHierarchy: level = 5
TransferSubgridParticles[5]: Moved 0 particles, 0 stars, 0 active particles.
DetermineSGSize: MaxSubgridSize = 2000, MinSubgridEdge = 4, ncells = 6000
RebuildHierarchy[5]: Flagged 0/16 grids. 0 flagged cells
Level[5]: dt = 0.00172057  0.00172057 (0.00344034/0.00382127)
RebuildHierarchy: level = 5
TransferSubgridParticles[5]: Moved 0 particles, 0 stars, 0 active particles.
DetermineSGSize: MaxSubgridSize = 2000, MinSubgridEdge = 4, ncells = 6000
RebuildHierarchy[5]: Flagged 0/16 grids. 0 flagged cells
Level[5]: dt = 0.000380932  0.00172155 (0.00382127/0.00382127)
EvolveLevel[5]: NumberOfSubCycles = 3 (494 total, 3 sub)
Level[4]: dt = 0.000290039  0.00383501 (0.00792975/0.00792975)
Level[5]: dt = 0.000290039  0.00172177 (0.000290039/0.000290039)
EvolveLevel[5]: NumberOfSubCycles = 1 (495 total, 1 sub)
EvolveLevel[4]: NumberOfSubCycles = 3 (208 total, 3 sub)
RebuildHierarchy: level = 3
TransferSubgridParticles[3]: Moved 4 particles, 0 stars, 0 active particles.
DetermineSGSize: MaxSubgridSize = 2000, MinSubgridEdge = 4, ncells = 12272
RebuildHierarchy[3]: Flagged 29/83 grids. 1206 flagged cells
LoadBalance: Number of grids moved = 29 out of 30 (2.54847e-05 seconds elapsed)
DetermineSGSize: MaxSubgridSize = 2000, MinSubgridEdge = 4, ncells = 6000
RebuildHierarchy[4]: Flagged 16/30 grids. 699 flagged cells
LoadBalance: Number of grids moved = 15 out of 16 (2.02619e-05 seconds elapsed)
DetermineSGSize: MaxSubgridSize = 2000, MinSubgridEdge = 4, ncells = 6000
RebuildHierarchy[5]: Flagged 0/16 grids. 0 flagged cells
Level[3]: dt = 0.00769611  0.00793784 (0.0156259/0.0156259)
Level[4]: dt = 0.00383553  0.00383553 (0.00383553/0.00769611)
Level[5]: dt = 0.00172193  0.00172193 (0.00172193/0.00383553)
RebuildHierarchy: level = 5
TransferSubgridParticles[5]: Moved 0 particles, 0 stars, 0 active particles.
DetermineSGSize: MaxSubgridSize = 2000, MinSubgridEdge = 4, ncells = 6096
RebuildHierarchy[5]: Flagged 0/16 grids. 0 flagged cells
Level[5]: dt = 0.00172308  0.00172308 (0.00344501/0.00383553)
RebuildHierarchy: level = 5
TransferSubgridParticles[5]: Moved 0 particles, 0 stars, 0 active particles.
DetermineSGSize: MaxSubgridSize = 2000, MinSubgridEdge = 4, ncells = 6096
RebuildHierarchy[5]: Flagged 0/16 grids. 0 flagged cells
Level[5]: dt = 0.000390516  0.00172435 (0.00383553/0.00383553)
EvolveLevel[5]: NumberOfSubCycles = 3 (498 total, 3 sub)
RebuildHierarchy: level = 4
TransferSubgridParticles[4]: Moved 0 particles, 0 stars, 0 active particles.
DetermineSGSize: MaxSubgridSize = 2000, MinSubgridEdge = 4, ncells = 6096
RebuildHierarchy[4]: Flagged 16/30 grids. 699 flagged cells
LoadBalance: Number of grids moved = 15 out of 16 (2.06195e-05 seconds elapsed)
DetermineSGSize: MaxSubgridSize = 2000, MinSubgridEdge = 4, ncells = 6096
RebuildHierarchy[5]: Flagged 0/16 grids. 0 flagged cells
Level[4]: dt = 0.00386058  0.00384272 (0.00769611/0.00769611)
Level[5]: dt = 0.00172464  0.00172464 (0.00172464/0.00386058)
RebuildHierarchy: level = 5
TransferSubgridParticles[5]: Moved 1 particles, 0 stars, 0 active particles.
DetermineSGSize: MaxSubgridSize = 2000, MinSubgridEdge = 4, ncells = 6096
RebuildHierarchy[5]: Flagged 0/16 grids. 0 flagged cells
Level[5]: dt = 0.00172609  0.00172609 (0.00345073/0.00386058)
RebuildHierarchy: level = 5
TransferSubgridParticles[5]: Moved 1 particles, 0 stars, 0 active particles.
DetermineSGSize: MaxSubgridSize = 2000, MinSubgridEdge = 4, ncells = 6096
RebuildHierarchy[5]: Flagged 0/16 grids. 0 flagged cells
Level[5]: dt = 0.000409849  0.00172764 (0.00386058/0.00386058)
EvolveLevel[5]: NumberOfSubCycles = 3 (501 total, 3 sub)
EvolveLevel[4]: NumberOfSubCycles = 2 (210 total, 2 sub)
P(0) -- CFRFr warn: 1.773532e-17 1.005606e-14 4.259703e-17 -1.001346e-14 5 7 7 0 [15]
EvolveLevel[3]: NumberOfSubCycles = 2 (85 total, 2 sub)
EvolveLevel[2]: NumberOfSubCycles = 2 (38 total, 2 sub)
RebuildHierarchy: level = 1
TransferSubgridParticles[1]: Moved 4316 particles, 0 stars, 0 active particles.
DetermineSGSize: MaxSubgridSize = 2000, MinSubgridEdge = 4, ncells = 324536
RebuildHierarchy[1]: Flagged 316/4569 grids. 23869 flagged cells
LoadBalance: Number of grids moved = 383 out of 388 (0.00176487 seconds elapsed)
DetermineSGSize: MaxSubgridSize = 2000, MinSubgridEdge = 4, ncells = 59128
RebuildHierarchy[2]: Flagged 81/388 grids. 4632 flagged cells
LoadBalance: Number of grids moved = 87 out of 87 (0.00205985 seconds elapsed)
DetermineSGSize: MaxSubgridSize = 2000, MinSubgridEdge = 4, ncells = 11960
RebuildHierarchy[3]: Flagged 29/87 grids. 1197 flagged cells
LoadBalance: Number of grids moved = 29 out of 30 (2.66768e-05 seconds elapsed)
DetermineSGSize: MaxSubgridSize = 2000, MinSubgridEdge = 4, ncells = 6096
RebuildHierarchy[4]: Flagged 16/30 grids. 693 flagged cells
LoadBalance: Number of grids moved = 15 out of 16 (2.02432e-05 seconds elapsed)
DetermineSGSize: MaxSubgridSize = 2000, MinSubgridEdge = 4, ncells = 6096
RebuildHierarchy[5]: Flagged 0/16 grids. 0 flagged cells
Level[1]: dt = 0.0312103  0.032156 (0.0633576/0.0633576)
Level[2]: dt = 0.0165083  0.0165083 (0.0165083/0.0312103)
Level[3]: dt = 0.00794948  0.00794948 (0.00794948/0.0165083)
Level[4]: dt = 0.00385553  0.00385553 (0.00385553/0.00794948)
Level[5]: dt = 0.00172801  0.00172801 (0.00172801/0.00385553)
RebuildHierarchy: level = 5
TransferSubgridParticles[5]: Moved 0 particles, 0 stars, 0 active particles.
DetermineSGSize: MaxSubgridSize = 2000, MinSubgridEdge = 4, ncells = 5968
RebuildHierarchy[5]: Flagged 0/16 grids. 0 flagged cells
Level[5]: dt = 0.00172971  0.00172971 (0.00345772/0.00385553)
RebuildHierarchy: level = 5
TransferSubgridParticles[5]: Moved 1 particles, 0 stars, 0 active particles.
DetermineSGSize: MaxSubgridSize = 2000, MinSubgridEdge = 4, ncells = 5968
RebuildHierarchy[5]: Flagged 0/16 grids. 0 flagged cells
Level[5]: dt = 0.000397812  0.00172941 (0.00385553/0.00385553)
EvolveLevel[5]: NumberOfSubCycles = 3 (504 total, 3 sub)
RebuildHierarchy: level = 4
TransferSubgridParticles[4]: Moved 2 particles, 0 stars, 0 active particles.
DetermineSGSize: MaxSubgridSize = 2000, MinSubgridEdge = 4, ncells = 5968
RebuildHierarchy[4]: Flagged 16/30 grids. 684 flagged cells
LoadBalance: Number of grids moved = 15 out of 16 (2.14316e-05 seconds elapsed)
DetermineSGSize: MaxSubgridSize = 2000, MinSubgridEdge = 4, ncells = 5968
RebuildHierarchy[5]: Flagged 0/16 grids. 0 flagged cells
Level[4]: dt = 0.00386868  0.00386868 (0.00772422/0.00794948)
Level[5]: dt = 0.00172886  0.00172886 (0.00172886/0.00386868)
RebuildHierarchy: level = 5
TransferSubgridParticles[5]: Moved 0 particles, 0 stars, 0 active particles.
DetermineSGSize: MaxSubgridSize = 2000, MinSubgridEdge = 4, ncells = 5840
RebuildHierarchy[5]: Flagged 0/16 grids. 0 flagged cells
Level[5]: dt = 0.00172682  0.00172682 (0.00345569/0.00386868)
RebuildHierarchy: level = 5
TransferSubgridParticles[5]: Moved 1 particles, 0 stars, 0 active particles.
DetermineSGSize: MaxSubgridSize = 2000, MinSubgridEdge = 4, ncells = 5840
RebuildHierarchy[5]: Flagged 0/16 grids. 0 flagged cells
Level[5]: dt = 0.000412998  0.00172495 (0.00386868/0.00386868)
EvolveLevel[5]: NumberOfSubCycles = 3 (507 total, 3 sub)
Level[4]: dt = 0.000225266  0.00387354 (0.00794948/0.00794948)
Level[5]: dt = 0.000225266  0.00172448 (0.000225266/0.000225266)
EvolveLevel[5]: NumberOfSubCycles = 1 (508 total, 1 sub)
EvolveLevel[4]: NumberOfSubCycles = 3 (213 total, 3 sub)
RebuildHierarchy: level = 3
TransferSubgridParticles[3]: Moved 9 particles, 0 stars, 0 active particles.
DetermineSGSize: MaxSubgridSize = 2000, MinSubgridEdge = 4, ncells = 11896
RebuildHierarchy[3]: Flagged 29/87 grids. 1230 flagged cells
LoadBalance: Number of grids moved = 29 out of 30 (2.49855e-05 seconds elapsed)
DetermineSGSize: MaxSubgridSize = 2000, MinSubgridEdge = 4, ncells = 5840
RebuildHierarchy[4]: Flagged 16/30 grids. 681 flagged cells
LoadBalance: Number of grids moved = 15 out of 16 (2.00048e-05 seconds elapsed)
DetermineSGSize: MaxSubgridSize = 2000, MinSubgridEdge = 4, ncells = 5840
RebuildHierarchy[5]: Flagged 0/16 grids. 0 flagged cells
Level[3]: dt = 0.00796462  0.00796462 (0.0159141/0.0165083)
Level[4]: dt = 0.00387335  0.00387335 (0.00387335/0.00796462)
Level[5]: dt = 0.00172423  0.00172423 (0.00172423/0.00387335)
RebuildHierarchy: level = 5
TransferSubgridParticles[5]: Moved 0 particles, 0 stars, 0 active particles.
DetermineSGSize: MaxSubgridSize = 2000, MinSubgridEdge = 4, ncells = 5840
RebuildHierarchy[5]: Flagged 0/16 grids. 0 flagged cells
Level[5]: dt = 0.00172259  0.00172259 (0.00344682/0.00387335)
RebuildHierarchy: level = 5
TransferSubgridParticles[5]: Moved 1 particles, 0 stars, 0 active particles.
DetermineSGSize: MaxSubgridSize = 2000, MinSubgridEdge = 4, ncells = 5840
RebuildHierarchy[5]: Flagged 0/16 grids. 0 flagged cells
Level[5]: dt = 0.000426531  0.00172112 (0.00387335/0.00387335)
EvolveLevel[5]: NumberOfSubCycles = 3 (511 total, 3 sub)
RebuildHierarchy: level = 4
TransferSubgridParticles[4]: Moved 2 particles, 0 stars, 0 active particles.
DetermineSGSize: MaxSubgridSize = 2000, MinSubgridEdge = 4, ncells = 5840
RebuildHierarchy[4]: Flagged 16/30 grids. 684 flagged cells
LoadBalance: Number of grids moved = 15 out of 16 (2.09957e-05 seconds elapsed)
DetermineSGSize: MaxSubgridSize = 2000, MinSubgridEdge = 4, ncells = 5840
RebuildHierarchy[5]: Flagged 0/16 grids. 0 flagged cells
Level[4]: dt = 0.00387103  0.00387103 (0.00774439/0.00796462)
Level[5]: dt = 0.00172074  0.00172074 (0.00172074/0.00387103)
RebuildHierarchy: level = 5
TransferSubgridParticles[5]: Moved 0 particles, 0 stars, 0 active particles.
DetermineSGSize: MaxSubgridSize = 2000, MinSubgridEdge = 4, ncells = 5872
RebuildHierarchy[5]: Flagged 0/16 grids. 0 flagged cells
Level[5]: dt = 0.00171951  0.00171951 (0.00344025/0.00387103)
RebuildHierarchy: level = 5
TransferSubgridParticles[5]: Moved 0 particles, 0 stars, 0 active particles.
DetermineSGSize: MaxSubgridSize = 2000, MinSubgridEdge = 4, ncells = 5872
RebuildHierarchy[5]: Flagged 0/16 grids. 0 flagged cells
Level[5]: dt = 0.000430782  0.00171843 (0.00387103/0.00387103)
EvolveLevel[5]: NumberOfSubCycles = 3 (514 total, 3 sub)
Level[4]: dt = 0.00022023  0.00385905 (0.00796462/0.00796462)
Level[5]: dt = 0.00022023  0.00171815 (0.00022023/0.00022023)
EvolveLevel[5]: NumberOfSubCycles = 1 (515 total, 1 sub)
EvolveLevel[4]: NumberOfSubCycles = 3 (216 total, 3 sub)
Level[3]: dt = 0.000594197  0.00798326 (0.0165083/0.0165083)
Level[4]: dt = 0.000594197  0.00385815 (0.000594197/0.000594197)
Level[5]: dt = 0.000594197  0.00171801 (0.000594197/0.000594197)
EvolveLevel[5]: NumberOfSubCycles = 1 (516 total, 1 sub)
EvolveLevel[4]: NumberOfSubCycles = 1 (217 total, 1 sub)
EvolveLevel[3]: NumberOfSubCycles = 3 (88 total, 3 sub)
RebuildHierarchy: level = 2
TransferSubgridParticles[2]: Moved 64 particles, 0 stars, 0 active particles.
DetermineSGSize: MaxSubgridSize = 2000, MinSubgridEdge = 4, ncells = 59392
RebuildHierarchy[2]: Flagged 81/388 grids. 4723 flagged cells
LoadBalance: Number of grids moved = 87 out of 87 (0.00206666 seconds elapsed)
DetermineSGSize: MaxSubgridSize = 2000, MinSubgridEdge = 4, ncells = 12248
RebuildHierarchy[3]: Flagged 28/87 grids. 1245 flagged cells
LoadBalance: Number of grids moved = 28 out of 29 (2.91541e-05 seconds elapsed)
DetermineSGSize: MaxSubgridSize = 2000, MinSubgridEdge = 4, ncells = 5872
RebuildHierarchy[4]: Flagged 16/29 grids. 696 flagged cells
LoadBalance: Number of grids moved = 15 out of 16 (2.24672e-05 seconds elapsed)
DetermineSGSize: MaxSubgridSize = 2000, MinSubgridEdge = 4, ncells = 5872
RebuildHierarchy[5]: Flagged 0/16 grids. 0 flagged cells
Level[2]: dt = 0.014702  0.0165063 (0.0312103/0.0312103)
Level[3]: dt = 0.00798478  0.00798478 (0.00798478/0.014702)
Level[4]: dt = 0.00385577  0.00385577 (0.00385577/0.00798478)
Level[5]: dt = 0.00171766  0.00171766 (0.00171766/0.00385577)
RebuildHierarchy: level = 5
TransferSubgridParticles[5]: Moved 0 particles, 0 stars, 0 active particles.
DetermineSGSize: MaxSubgridSize = 2000, MinSubgridEdge = 4, ncells = 6032
RebuildHierarchy[5]: Flagged 0/16 grids. 0 flagged cells
Level[5]: dt = 0.00171693  0.00171693 (0.00343459/0.00385577)
RebuildHierarchy: level = 5
TransferSubgridParticles[5]: Moved 0 particles, 0 stars, 0 active particles.
DetermineSGSize: MaxSubgridSize = 2000, MinSubgridEdge = 4, ncells = 6032
RebuildHierarchy[5]: Flagged 0/16 grids. 0 flagged cells
Level[5]: dt = 0.000421177  0.00171635 (0.00385577/0.00385577)
EvolveLevel[5]: NumberOfSubCycles = 3 (519 total, 3 sub)
RebuildHierarchy: level = 4
TransferSubgridParticles[4]: Moved 0 particles, 0 stars, 0 active particles.
DetermineSGSize: MaxSubgridSize = 2000, MinSubgridEdge = 4, ncells = 6032
RebuildHierarchy[4]: Flagged 16/29 grids. 699 flagged cells
LoadBalance: Number of grids moved = 15 out of 16 (2.1439e-05 seconds elapsed)
DetermineSGSize: MaxSubgridSize = 2000, MinSubgridEdge = 4, ncells = 6032
RebuildHierarchy[5]: Flagged 0/16 grids. 0 flagged cells
Level[4]: dt = 0.00384132  0.00384132 (0.00769709/0.00798478)
Level[5]: dt = 0.00171619  0.00171619 (0.00171619/0.00384132)
RebuildHierarchy: level = 5
TransferSubgridParticles[5]: Moved 0 particles, 0 stars, 0 active particles.
DetermineSGSize: MaxSubgridSize = 2000, MinSubgridEdge = 4, ncells = 6160
RebuildHierarchy[5]: Flagged 0/16 grids. 0 flagged cells
Level[5]: dt = 0.00171584  0.00171584 (0.00343203/0.00384132)
RebuildHierarchy: level = 5
TransferSubgridParticles[5]: Moved 0 particles, 0 stars, 0 active particles.
DetermineSGSize: MaxSubgridSize = 2000, MinSubgridEdge = 4, ncells = 6160
RebuildHierarchy[5]: Flagged 0/16 grids. 0 flagged cells
Level[5]: dt = 0.000409293  0.00171563 (0.00384132/0.00384132)
EvolveLevel[5]: NumberOfSubCycles = 3 (522 total, 3 sub)
Level[4]: dt = 0.000287684  0.00382827 (0.00798478/0.00798478)
Level[5]: dt = 0.000287684  0.00171556 (0.000287684/0.000287684)
EvolveLevel[5]: NumberOfSubCycles = 1 (523 total, 1 sub)
EvolveLevel[4]: NumberOfSubCycles = 3 (220 total, 3 sub)
RebuildHierarchy: level = 3
TransferSubgridParticles[3]: Moved 7 particles, 0 stars, 0 active particles.
DetermineSGSize: MaxSubgridSize = 2000, MinSubgridEdge = 4, ncells = 12656
RebuildHierarchy[3]: Flagged 28/87 grids. 1245 flagged cells
LoadBalance: Number of grids moved = 28 out of 29 (2.45236e-05 seconds elapsed)
DetermineSGSize: MaxSubgridSize = 2000, MinSubgridEdge = 4, ncells = 6160
RebuildHierarchy[4]: Flagged 16/29 grids. 699 flagged cells
LoadBalance: Number of grids moved = 15 out of 16 (2.14018e-05 seconds elapsed)
DetermineSGSize: MaxSubgridSize = 2000, MinSubgridEdge = 4, ncells = 6160
RebuildHierarchy[5]: Flagged 0/16 grids. 0 flagged cells
Level[3]: dt = 0.00671727  0.00800668 (0.014702/0.014702)
Level[4]: dt = 0.00382732  0.00382732 (0.00382732/0.00671727)
Level[5]: dt = 0.00171551  0.00171551 (0.00171551/0.00382732)
RebuildHierarchy: level = 5
TransferSubgridParticles[5]: Moved 0 particles, 0 stars, 0 active particles.
DetermineSGSize: MaxSubgridSize = 2000, MinSubgridEdge = 4, ncells = 6160
RebuildHierarchy[5]: Flagged 0/16 grids. 0 flagged cells
Level[5]: dt = 0.00171551  0.00171551 (0.00343103/0.00382732)
RebuildHierarchy: level = 5
TransferSubgridParticles[5]: Moved 0 particles, 0 stars, 0 active particles.
DetermineSGSize: MaxSubgridSize = 2000, MinSubgridEdge = 4, ncells = 6160
RebuildHierarchy[5]: Flagged 0/16 grids. 0 flagged cells
Level[5]: dt = 0.000396291  0.00171562 (0.00382732/0.00382732)
EvolveLevel[5]: NumberOfSubCycles = 3 (526 total, 3 sub)
RebuildHierarchy: level = 4
TransferSubgridParticles[4]: Moved 1 particles, 0 stars, 0 active particles.
DetermineSGSize: MaxSubgridSize = 2000, MinSubgridEdge = 4, ncells = 6160
RebuildHierarchy[4]: Flagged 16/29 grids. 699 flagged cells
LoadBalance: Number of grids moved = 15 out of 16 (2.13422e-05 seconds elapsed)
DetermineSGSize: MaxSubgridSize = 2000, MinSubgridEdge = 4, ncells = 6160
RebuildHierarchy[5]: Flagged 0/16 grids. 0 flagged cells
Level[4]: dt = 0.00288995  0.00381541 (0.00671727/0.00671727)
Level[5]: dt = 0.00171565  0.00171565 (0.00171565/0.00288995)
RebuildHierarchy: level = 5
TransferSubgridParticles[5]: Moved 0 particles, 0 stars, 0 active particles.
DetermineSGSize: MaxSubgridSize = 2000, MinSubgridEdge = 4, ncells = 6160
RebuildHierarchy[5]: Flagged 0/16 grids. 0 flagged cells
Level[5]: dt = 0.00117429  0.00171605 (0.00288995/0.00288995)
EvolveLevel[5]: NumberOfSubCycles = 2 (528 total, 2 sub)
EvolveLevel[4]: NumberOfSubCycles = 2 (222 total, 2 sub)
EvolveLevel[3]: NumberOfSubCycles = 2 (90 total, 2 sub)
EvolveLevel[2]: NumberOfSubCycles = 2 (40 total, 2 sub)
EvolveLevel[1]: NumberOfSubCycles = 2 (20 total, 2 sub)
EvolveLevel[0]: NumberOfSubCycles = 1 (10 total, 10 sub)
RebuildHierarchy: level = 0
CommunicationTransferParticles: moved = 292537
CommunicationTransferStars: moved = 0
CommunicationTransferActiveParticles: moved = 0
DetermineSGSize: MaxSubgridSize = 2000, MinSubgridEdge = 4, ncells = 5757136
RebuildHierarchy[0]: Flagged 590/1120 grids. 382655 flagged cells
LoadBalance: Number of grids moved = 4609 out of 4642 (0.0209932 seconds elapsed)
DetermineSGSize: MaxSubgridSize = 2000, MinSubgridEdge = 4, ncells = 329208
RebuildHierarchy[1]: Flagged 325/4642 grids. 23653 flagged cells
LoadBalance: Number of grids moved = 397 out of 398 (0.00174275 seconds elapsed)
DetermineSGSize: MaxSubgridSize = 2000, MinSubgridEdge = 4, ncells = 61256
RebuildHierarchy[2]: Flagged 81/398 grids. 4696 flagged cells
LoadBalance: Number of grids moved = 87 out of 87 (0.00110064 seconds elapsed)
DetermineSGSize: MaxSubgridSize = 2000, MinSubgridEdge = 4, ncells = 12456
RebuildHierarchy[3]: Flagged 28/87 grids. 1258 flagged cells
LoadBalance: Number of grids moved = 26 out of 28 (2.61702e-05 seconds elapsed)
DetermineSGSize: MaxSubgridSize = 2000, MinSubgridEdge = 4, ncells = 6160
RebuildHierarchy[4]: Flagged 16/28 grids. 708 flagged cells
LoadBalance: Number of grids moved = 15 out of 16 (2.16253e-05 seconds elapsed)
DetermineSGSize: MaxSubgridSize = 2000, MinSubgridEdge = 4, ncells = 6160
RebuildHierarchy[5]: Flagged 0/16 grids. 0 flagged cells
CPUTime-output: Frac = 0.999990, Current = 540.023 (539.267), Stop = 2592000.000000, Last = 25.7052
[YT_INFO   ] Setting YT parameters ...
[YT_INFO   ] Setting YT parameters ... done.
[YT_INFO   ] Getting pointer to particle list information ...
[YT_INFO   ] Getting pointer to particle list information  ... done.
[YT_INFO   ] Getting pointer to field list information ...
[YT_INFO   ] Getting pointer to field list information  ... done.
[YT_INFO   ] Getting pointer to local grids information ...
[YT_INFO   ] Getting pointer to local grids information  ... done.
[YT_INFO   ] Loading full hierarchy and local data to libyt ...
[YT_INFO   ] Loading full hierarchy and local data ... done.
[YT_INFO   ] Performing YT inline analysis yt_inline_func() ...
[YT_INFO   ] Performing YT inline analysis yt_inline_func() ... done.
Level[0]: dt = 0.0634067  0.0634067 (0.0634067/0.0634067)
Level[1]: dt = 0.0321645  0.0321645 (0.0321645/0.0634067)
Level[2]: dt = 0.0165054  0.0165054 (0.0165054/0.0321645)
Level[3]: dt = 0.00802676  0.00802676 (0.00802676/0.0165054)
Level[4]: dt = 0.00380723  0.00380723 (0.00380723/0.00802676)
Level[5]: dt = 0.00171635  0.00171635 (0.00171635/0.00380723)
RebuildHierarchy: level = 5
TransferSubgridParticles[5]: Moved 1 particles, 0 stars, 0 active particles.
DetermineSGSize: MaxSubgridSize = 2000, MinSubgridEdge = 4, ncells = 6256
RebuildHierarchy[5]: Flagged 0/16 grids. 0 flagged cells
Level[5]: dt = 0.00171705  0.00171705 (0.0034334/0.00380723)
RebuildHierarchy: level = 5
TransferSubgridParticles[5]: Moved 1 particles, 0 stars, 0 active particles.
DetermineSGSize: MaxSubgridSize = 2000, MinSubgridEdge = 4, ncells = 6256
RebuildHierarchy[5]: Flagged 0/16 grids. 0 flagged cells
Level[5]: dt = 0.000373829  0.00171786 (0.00380723/0.00380723)
EvolveLevel[5]: NumberOfSubCycles = 3 (531 total, 3 sub)
RebuildHierarchy: level = 4
TransferSubgridParticles[4]: Moved 0 particles, 0 stars, 0 active particles.
DetermineSGSize: MaxSubgridSize = 2000, MinSubgridEdge = 4, ncells = 6256
RebuildHierarchy[4]: Flagged 16/28 grids. 696 flagged cells
LoadBalance: Number of grids moved = 15 out of 16 (2.21021e-05 seconds elapsed)
DetermineSGSize: MaxSubgridSize = 2000, MinSubgridEdge = 4, ncells = 6256
RebuildHierarchy[5]: Flagged 0/16 grids. 0 flagged cells
Level[4]: dt = 0.00379875  0.00379875 (0.00760598/0.00802676)
Level[5]: dt = 0.00171802  0.00171802 (0.00171802/0.00379875)
RebuildHierarchy: level = 5
TransferSubgridParticles[5]: Moved 0 particles, 0 stars, 0 active particles.
DetermineSGSize: MaxSubgridSize = 2000, MinSubgridEdge = 4, ncells = 6128
RebuildHierarchy[5]: Flagged 0/16 grids. 0 flagged cells
Level[5]: dt = 0.00171901  0.00171901 (0.00343703/0.00379875)
RebuildHierarchy: level = 5
TransferSubgridParticles[5]: Moved 0 particles, 0 stars, 0 active particles.
DetermineSGSize: MaxSubgridSize = 2000, MinSubgridEdge = 4, ncells = 6128
RebuildHierarchy[5]: Flagged 0/16 grids. 0 flagged cells
Level[5]: dt = 0.000361719  0.00172011 (0.00379875/0.00379875)
EvolveLevel[5]: NumberOfSubCycles = 3 (534 total, 3 sub)
Level[4]: dt = 0.000420782  0.00379116 (0.00802676/0.00802676)
Level[5]: dt = 0.000420782  0.00172037 (0.000420782/0.000420782)
EvolveLevel[5]: NumberOfSubCycles = 1 (535 total, 1 sub)
EvolveLevel[4]: NumberOfSubCycles = 3 (225 total, 3 sub)
RebuildHierarchy: level = 3
TransferSubgridParticles[3]: Moved 321 particles, 0 stars, 0 active particles.
DetermineSGSize: MaxSubgridSize = 2000, MinSubgridEdge = 4, ncells = 12584
RebuildHierarchy[3]: Flagged 28/87 grids. 1270 flagged cells
LoadBalance: Number of grids moved = 26 out of 28 (2.56263e-05 seconds elapsed)
DetermineSGSize: MaxSubgridSize = 2000, MinSubgridEdge = 4, ncells = 6128
RebuildHierarchy[4]: Flagged 17/28 grids. 723 flagged cells
LoadBalance: Number of grids moved = 16 out of 17 (2.03922e-05 seconds elapsed)
DetermineSGSize: MaxSubgridSize = 2000, MinSubgridEdge = 4, ncells = 6128
RebuildHierarchy[5]: Flagged 0/17 grids. 0 flagged cells
Level[3]: dt = 0.00804983  0.00804983 (0.0160766/0.0165054)
Level[4]: dt = 0.00379036  0.00379036 (0.00379036/0.00804983)
Level[5]: dt = 0.00172068  0.00172068 (0.00172068/0.00379036)
RebuildHierarchy: level = 5
TransferSubgridParticles[5]: Moved 0 particles, 0 stars, 0 active particles.
DetermineSGSize: MaxSubgridSize = 2000, MinSubgridEdge = 4, ncells = 6368
RebuildHierarchy[5]: Flagged 0/17 grids. 0 flagged cells
Level[5]: dt = 0.00172218  0.00172218 (0.00344286/0.00379036)
RebuildHierarchy: level = 5
TransferSubgridParticles[5]: Moved 1 particles, 0 stars, 0 active particles.
DetermineSGSize: MaxSubgridSize = 2000, MinSubgridEdge = 4, ncells = 6368
RebuildHierarchy[5]: Flagged 0/17 grids. 0 flagged cells
Level[5]: dt = 0.000347495  0.00172405 (0.00379036/0.00379036)
EvolveLevel[5]: NumberOfSubCycles = 3 (538 total, 3 sub)
RebuildHierarchy: level = 4
TransferSubgridParticles[4]: Moved 0 particles, 0 stars, 0 active particles.
DetermineSGSize: MaxSubgridSize = 2000, MinSubgridEdge = 4, ncells = 6368
RebuildHierarchy[4]: Flagged 17/28 grids. 705 flagged cells
LoadBalance: Number of grids moved = 16 out of 17 (2.23033e-05 seconds elapsed)
DetermineSGSize: MaxSubgridSize = 2000, MinSubgridEdge = 4, ncells = 6368
RebuildHierarchy[5]: Flagged 0/17 grids. 0 flagged cells
Level[4]: dt = 0.00378284  0.00378284 (0.0075732/0.00804983)
Level[5]: dt = 0.00172443  0.00172443 (0.00172443/0.00378284)
RebuildHierarchy: level = 5
TransferSubgridParticles[5]: Moved 0 particles, 0 stars, 0 active particles.
DetermineSGSize: MaxSubgridSize = 2000, MinSubgridEdge = 4, ncells = 6200
RebuildHierarchy[5]: Flagged 0/17 grids. 0 flagged cells
Level[5]: dt = 0.00172644  0.00172644 (0.00345087/0.00378284)
RebuildHierarchy: level = 5
TransferSubgridParticles[5]: Moved 1 particles, 0 stars, 0 active particles.
DetermineSGSize: MaxSubgridSize = 2000, MinSubgridEdge = 4, ncells = 6200
RebuildHierarchy[5]: Flagged 0/17 grids. 0 flagged cells
Level[5]: dt = 0.000331975  0.00172876 (0.00378284/0.00378284)
EvolveLevel[5]: NumberOfSubCycles = 3 (541 total, 3 sub)
Level[4]: dt = 0.000476626  0.00377611 (0.00804983/0.00804983)
Level[5]: dt = 0.000476626  0.0017292 (0.000476626/0.000476626)
EvolveLevel[5]: NumberOfSubCycles = 1 (542 total, 1 sub)
EvolveLevel[4]: NumberOfSubCycles = 3 (228 total, 3 sub)
Level[3]: dt = 0.000428766  0.00804845 (0.0165054/0.0165054)
Level[4]: dt = 0.000428766  0.00377532 (0.000428766/0.000428766)
Level[5]: dt = 0.000428766  0.00172983 (0.000428766/0.000428766)
EvolveLevel[5]: NumberOfSubCycles = 1 (543 total, 1 sub)
EvolveLevel[4]: NumberOfSubCycles = 1 (229 total, 1 sub)
EvolveLevel[3]: NumberOfSubCycles = 3 (93 total, 3 sub)
RebuildHierarchy: level = 2
TransferSubgridParticles[2]: Moved 2353 particles, 0 stars, 0 active particles.
DetermineSGSize: MaxSubgridSize = 2000, MinSubgridEdge = 4, ncells = 60024
RebuildHierarchy[2]: Flagged 82/398 grids. 4734 flagged cells
LoadBalance: Number of grids moved = 88 out of 88 (0.00118784 seconds elapsed)
DetermineSGSize: MaxSubgridSize = 2000, MinSubgridEdge = 4, ncells = 12608
RebuildHierarchy[3]: Flagged 28/88 grids. 1305 flagged cells
LoadBalance: Number of grids moved = 26 out of 28 (2.54884e-05 seconds elapsed)
DetermineSGSize: MaxSubgridSize = 2000, MinSubgridEdge = 4, ncells = 6200
RebuildHierarchy[4]: Flagged 17/28 grids. 714 flagged cells
LoadBalance: Number of grids moved = 16 out of 17 (2.1033e-05 seconds elapsed)
DetermineSGSize: MaxSubgridSize = 2000, MinSubgridEdge = 4, ncells = 6200
RebuildHierarchy[5]: Flagged 0/17 grids. 0 flagged cells
Level[2]: dt = 0.0156591  0.0164396 (0.0321645/0.0321645)
Level[3]: dt = 0.00804851  0.00804851 (0.00804851/0.0156591)
Level[4]: dt = 0.00377463  0.00377463 (0.00377463/0.00804851)
Level[5]: dt = 0.0017304  0.0017304 (0.0017304/0.00377463)
RebuildHierarchy: level = 5
TransferSubgridParticles[5]: Moved 0 particles, 0 stars, 0 active particles.
DetermineSGSize: MaxSubgridSize = 2000, MinSubgridEdge = 4, ncells = 6296
RebuildHierarchy[5]: Flagged 0/17 grids. 0 flagged cells
Level[5]: dt = 0.00173285  0.00173285 (0.00346325/0.00377463)
RebuildHierarchy: level = 5
TransferSubgridParticles[5]: Moved 1 particles, 0 stars, 0 active particles.
DetermineSGSize: MaxSubgridSize = 2000, MinSubgridEdge = 4, ncells = 6296
RebuildHierarchy[5]: Flagged 0/17 grids. 0 flagged cells
Level[5]: dt = 0.00031138  0.00173528 (0.00377463/0.00377463)
EvolveLevel[5]: NumberOfSubCycles = 3 (546 total, 3 sub)
RebuildHierarchy: level = 4
TransferSubgridParticles[4]: Moved 0 particles, 0 stars, 0 active particles.
DetermineSGSize: MaxSubgridSize = 2000, MinSubgridEdge = 4, ncells = 6296
RebuildHierarchy[4]: Flagged 17/28 grids. 705 flagged cells
LoadBalance: Number of grids moved = 16 out of 17 (2.12826e-05 seconds elapsed)
DetermineSGSize: MaxSubgridSize = 2000, MinSubgridEdge = 4, ncells = 6296
RebuildHierarchy[5]: Flagged 0/17 grids. 0 flagged cells
Level[4]: dt = 0.00376975  0.00376975 (0.00754438/0.00804851)
Level[5]: dt = 0.00173571  0.00173571 (0.00173571/0.00376975)
RebuildHierarchy: level = 5
TransferSubgridParticles[5]: Moved 0 particles, 0 stars, 0 active particles.
DetermineSGSize: MaxSubgridSize = 2000, MinSubgridEdge = 4, ncells = 6200
RebuildHierarchy[5]: Flagged 0/17 grids. 0 flagged cells
Level[5]: dt = 0.00173946  0.00173946 (0.00347517/0.00376975)
RebuildHierarchy: level = 5
TransferSubgridParticles[5]: Moved 1 particles, 0 stars, 0 active particles.
DetermineSGSize: MaxSubgridSize = 2000, MinSubgridEdge = 4, ncells = 6200
RebuildHierarchy[5]: Flagged 0/17 grids. 0 flagged cells
Level[5]: dt = 0.00029458  0.0017432 (0.00376975/0.00376975)
EvolveLevel[5]: NumberOfSubCycles = 3 (549 total, 3 sub)
Level[4]: dt = 0.000504127  0.0037663 (0.00804851/0.00804851)
Level[5]: dt = 0.000504127  0.00174383 (0.000504127/0.000504127)
EvolveLevel[5]: NumberOfSubCycles = 1 (550 total, 1 sub)
EvolveLevel[4]: NumberOfSubCycles = 3 (232 total, 3 sub)
RebuildHierarchy: level = 3
TransferSubgridParticles[3]: Moved 8 particles, 0 stars, 0 active particles.
DetermineSGSize: MaxSubgridSize = 2000, MinSubgridEdge = 4, ncells = 13384
RebuildHierarchy[3]: Flagged 28/88 grids. 1314 flagged cells
LoadBalance: Number of grids moved = 26 out of 28 (2.54624e-05 seconds elapsed)
DetermineSGSize: MaxSubgridSize = 2000, MinSubgridEdge = 4, ncells = 6200
RebuildHierarchy[4]: Flagged 17/28 grids. 702 flagged cells
LoadBalance: Number of grids moved = 16 out of 17 (2.13422e-05 seconds elapsed)
DetermineSGSize: MaxSubgridSize = 2000, MinSubgridEdge = 4, ncells = 6200
RebuildHierarchy[5]: Flagged 0/17 grids. 0 flagged cells
Level[3]: dt = 0.00761061  0.00805084 (0.0156591/0.0156591)
Level[4]: dt = 0.00376592  0.00376592 (0.00376592/0.00761061)
Level[5]: dt = 0.00174492  0.00174492 (0.00174492/0.00376592)
RebuildHierarchy: level = 5
TransferSubgridParticles[5]: Moved 1 particles, 0 stars, 0 active particles.
DetermineSGSize: MaxSubgridSize = 2000, MinSubgridEdge = 4, ncells = 6200
RebuildHierarchy[5]: Flagged 0/17 grids. 0 flagged cells
Level[5]: dt = 0.00174878  0.00174878 (0.0034937/0.00376592)
RebuildHierarchy: level = 5
TransferSubgridParticles[5]: Moved 0 particles, 0 stars, 0 active particles.
DetermineSGSize: MaxSubgridSize = 2000, MinSubgridEdge = 4, ncells = 6200
RebuildHierarchy[5]: Flagged 0/17 grids. 0 flagged cells
Level[5]: dt = 0.000272216  0.0017528 (0.00376592/0.00376592)
EvolveLevel[5]: NumberOfSubCycles = 3 (553 total, 3 sub)
RebuildHierarchy: level = 4
TransferSubgridParticles[4]: Moved 0 particles, 0 stars, 0 active particles.
DetermineSGSize: MaxSubgridSize = 2000, MinSubgridEdge = 4, ncells = 6200
RebuildHierarchy[4]: Flagged 17/28 grids. 702 flagged cells
LoadBalance: Number of grids moved = 16 out of 17 (2.14018e-05 seconds elapsed)
DetermineSGSize: MaxSubgridSize = 2000, MinSubgridEdge = 4, ncells = 6200
RebuildHierarchy[5]: Flagged 0/17 grids. 0 flagged cells
Level[4]: dt = 0.00384469  0.00376394 (0.00761061/0.00761061)
Level[5]: dt = 0.00175341  0.00175341 (0.00175341/0.00384469)
RebuildHierarchy: level = 5
TransferSubgridParticles[5]: Moved 0 particles, 0 stars, 0 active particles.
DetermineSGSize: MaxSubgridSize = 2000, MinSubgridEdge = 4, ncells = 6200
RebuildHierarchy[5]: Flagged 0/17 grids. 0 flagged cells
Level[5]: dt = 0.00175742  0.00175742 (0.00351083/0.00384469)
RebuildHierarchy: level = 5
TransferSubgridParticles[5]: Moved 2 particles, 0 stars, 0 active particles.
DetermineSGSize: MaxSubgridSize = 2000, MinSubgridEdge = 4, ncells = 6200
RebuildHierarchy[5]: Flagged 0/17 grids. 0 flagged cells
Level[5]: dt = 0.000333865  0.00176158 (0.00384469/0.00384469)
EvolveLevel[5]: NumberOfSubCycles = 3 (556 total, 3 sub)
EvolveLevel[4]: NumberOfSubCycles = 2 (234 total, 2 sub)
EvolveLevel[3]: NumberOfSubCycles = 2 (95 total, 2 sub)
EvolveLevel[2]: NumberOfSubCycles = 2 (42 total, 2 sub)
RebuildHierarchy: level = 1
TransferSubgridParticles[1]: Moved 48980 particles, 0 stars, 0 active particles.
DetermineSGSize: MaxSubgridSize = 2000, MinSubgridEdge = 4, ncells = 325720
RebuildHierarchy[1]: Flagged 328/4642 grids. 24355 flagged cells
LoadBalance: Number of grids moved = 404 out of 407 (0.00147395 seconds elapsed)
DetermineSGSize: MaxSubgridSize = 2000, MinSubgridEdge = 4, ncells = 60112
RebuildHierarchy[2]: Flagged 83/407 grids. 4772 flagged cells
LoadBalance: Number of grids moved = 88 out of 88 (0.00201418 seconds elapsed)
DetermineSGSize: MaxSubgridSize = 2000, MinSubgridEdge = 4, ncells = 13512
RebuildHierarchy[3]: Flagged 28/88 grids. 1308 flagged cells
LoadBalance: Number of grids moved = 25 out of 28 (2.47061e-05 seconds elapsed)
DetermineSGSize: MaxSubgridSize = 2000, MinSubgridEdge = 4, ncells = 6200
RebuildHierarchy[4]: Flagged 17/28 grids. 693 flagged cells
LoadBalance: Number of grids moved = 16 out of 17 (2.13459e-05 seconds elapsed)
DetermineSGSize: MaxSubgridSize = 2000, MinSubgridEdge = 4, ncells = 6200
RebuildHierarchy[5]: Flagged 0/17 grids. 0 flagged cells
Level[1]: dt = 0.0312422  0.0321733 (0.0634067/0.0634067)
Level[2]: dt = 0.016356  0.016356 (0.016356/0.0312422)
Level[3]: dt = 0.00805744  0.00805744 (0.00805744/0.016356)
Level[4]: dt = 0.0037632  0.0037632 (0.0037632/0.00805744)
Level[5]: dt = 0.00176236  0.00176236 (0.00176236/0.0037632)
RebuildHierarchy: level = 5
TransferSubgridParticles[5]: Moved 0 particles, 0 stars, 0 active particles.
DetermineSGSize: MaxSubgridSize = 2000, MinSubgridEdge = 4, ncells = 6104
RebuildHierarchy[5]: Flagged 0/17 grids. 0 flagged cells
Level[5]: dt = 0.00176653  0.00176653 (0.0035289/0.0037632)
RebuildHierarchy: level = 5
TransferSubgridParticles[5]: Moved 1 particles, 0 stars, 0 active particles.
DetermineSGSize: MaxSubgridSize = 2000, MinSubgridEdge = 4, ncells = 6104
RebuildHierarchy[5]: Flagged 0/17 grids. 0 flagged cells
Level[5]: dt = 0.000234309  0.00177084 (0.0037632/0.0037632)
EvolveLevel[5]: NumberOfSubCycles = 3 (559 total, 3 sub)
RebuildHierarchy: level = 4
TransferSubgridParticles[4]: Moved 0 particles, 0 stars, 0 active particles.
DetermineSGSize: MaxSubgridSize = 2000, MinSubgridEdge = 4, ncells = 6104
RebuildHierarchy[4]: Flagged 17/28 grids. 696 flagged cells
LoadBalance: Number of grids moved = 16 out of 17 (2.11373e-05 seconds elapsed)
DetermineSGSize: MaxSubgridSize = 2000, MinSubgridEdge = 4, ncells = 6104
RebuildHierarchy[5]: Flagged 0/17 grids. 0 flagged cells
Level[4]: dt = 0.00376333  0.00376333 (0.00752653/0.00805744)
Level[5]: dt = 0.00177141  0.00177141 (0.00177141/0.00376333)
RebuildHierarchy: level = 5
TransferSubgridParticles[5]: Moved 0 particles, 0 stars, 0 active particles.
DetermineSGSize: MaxSubgridSize = 2000, MinSubgridEdge = 4, ncells = 6152
RebuildHierarchy[5]: Flagged 0/17 grids. 0 flagged cells
Level[5]: dt = 0.00177573  0.00177573 (0.00354714/0.00376333)
RebuildHierarchy: level = 5
TransferSubgridParticles[5]: Moved 0 particles, 0 stars, 0 active particles.
DetermineSGSize: MaxSubgridSize = 2000, MinSubgridEdge = 4, ncells = 6152
RebuildHierarchy[5]: Flagged 0/17 grids. 0 flagged cells
Level[5]: dt = 0.00021619  0.00178015 (0.00376333/0.00376333)
EvolveLevel[5]: NumberOfSubCycles = 3 (562 total, 3 sub)
Level[4]: dt = 0.000530912  0.00376407 (0.00805744/0.00805744)
Level[5]: dt = 0.000530912  0.00178069 (0.000530912/0.000530912)
EvolveLevel[5]: NumberOfSubCycles = 1 (563 total, 1 sub)
EvolveLevel[4]: NumberOfSubCycles = 3 (237 total, 3 sub)
RebuildHierarchy: level = 3
TransferSubgridParticles[3]: Moved 8 particles, 0 stars, 0 active particles.
DetermineSGSize: MaxSubgridSize = 2000, MinSubgridEdge = 4, ncells = 13360
RebuildHierarchy[3]: Flagged 28/88 grids. 1323 flagged cells
LoadBalance: Number of grids moved = 25 out of 28 (2.71499e-05 seconds elapsed)
DetermineSGSize: MaxSubgridSize = 2000, MinSubgridEdge = 4, ncells = 6152
RebuildHierarchy[4]: Flagged 17/28 grids. 702 flagged cells
LoadBalance: Number of grids moved = 16 out of 17 (2.27205e-05 seconds elapsed)
DetermineSGSize: MaxSubgridSize = 2000, MinSubgridEdge = 4, ncells = 6152
RebuildHierarchy[5]: Flagged 0/17 grids. 0 flagged cells
Level[3]: dt = 0.00829857  0.00806849 (0.016356/0.016356)
Level[4]: dt = 0.00376419  0.00376419 (0.00376419/0.00829857)
Level[5]: dt = 0.001782  0.001782 (0.001782/0.00376419)
RebuildHierarchy: level = 5
TransferSubgridParticles[5]: Moved 0 particles, 0 stars, 0 active particles.
DetermineSGSize: MaxSubgridSize = 2000, MinSubgridEdge = 4, ncells = 6176
RebuildHierarchy[5]: Flagged 0/17 grids. 0 flagged cells
Level[5]: dt = 0.00178622  0.00178622 (0.00356822/0.00376419)
RebuildHierarchy: level = 5
TransferSubgridParticles[5]: Moved 0 particles, 0 stars, 0 active particles.
DetermineSGSize: MaxSubgridSize = 2000, MinSubgridEdge = 4, ncells = 6176
RebuildHierarchy[5]: Flagged 0/17 grids. 0 flagged cells
Level[5]: dt = 0.000195969  0.00179044 (0.00376419/0.00376419)
EvolveLevel[5]: NumberOfSubCycles = 3 (566 total, 3 sub)
RebuildHierarchy: level = 4
TransferSubgridParticles[4]: Moved 0 particles, 0 stars, 0 active particles.
DetermineSGSize: MaxSubgridSize = 2000, MinSubgridEdge = 4, ncells = 6176
RebuildHierarchy[4]: Flagged 17/28 grids. 693 flagged cells
LoadBalance: Number of grids moved = 16 out of 17 (2.17706e-05 seconds elapsed)
DetermineSGSize: MaxSubgridSize = 2000, MinSubgridEdge = 4, ncells = 6176
RebuildHierarchy[5]: Flagged 0/17 grids. 0 flagged cells
Level[4]: dt = 0.00376559  0.00376559 (0.00752978/0.00829857)
Level[5]: dt = 0.0017909  0.0017909 (0.0017909/0.00376559)
RebuildHierarchy: level = 5
TransferSubgridParticles[5]: Moved 1 particles, 0 stars, 0 active particles.
DetermineSGSize: MaxSubgridSize = 2000, MinSubgridEdge = 4, ncells = 6080
RebuildHierarchy[5]: Flagged 0/17 grids. 0 flagged cells
Level[5]: dt = 0.00179484  0.00179484 (0.00358573/0.00376559)
RebuildHierarchy: level = 5
TransferSubgridParticles[5]: Moved 1 particles, 0 stars, 0 active particles.
DetermineSGSize: MaxSubgridSize = 2000, MinSubgridEdge = 4, ncells = 6080
RebuildHierarchy[5]: Flagged 0/17 grids. 0 flagged cells
Level[5]: dt = 0.000179858  0.00179879 (0.00376559/0.00376559)
EvolveLevel[5]: NumberOfSubCycles = 3 (569 total, 3 sub)
Level[4]: dt = 0.000768793  0.00376695 (0.00829857/0.00829857)
Level[5]: dt = 0.000768793  0.00179919 (0.000768793/0.000768793)
EvolveLevel[5]: NumberOfSubCycles = 1 (570 total, 1 sub)
EvolveLevel[4]: NumberOfSubCycles = 3 (240 total, 3 sub)
EvolveLevel[3]: NumberOfSubCycles = 2 (97 total, 2 sub)
RebuildHierarchy: level = 2
TransferSubgridParticles[2]: Moved 72 particles, 0 stars, 0 active particles.
DetermineSGSize: MaxSubgridSize = 2000, MinSubgridEdge = 4, ncells = 61448
RebuildHierarchy[2]: Flagged 84/407 grids. 4840 flagged cells
LoadBalance: Number of grids moved = 89 out of 89 (0.00159328 seconds elapsed)
DetermineSGSize: MaxSubgridSize = 2000, MinSubgridEdge = 4, ncells = 13592
RebuildHierarchy[3]: Flagged 28/89 grids. 1305 flagged cells
LoadBalance: Number of grids moved = 25 out of 28 (2.62558e-05 seconds elapsed)
DetermineSGSize: MaxSubgridSize = 2000, MinSubgridEdge = 4, ncells = 6080
RebuildHierarchy[4]: Flagged 17/28 grids. 684 flagged cells
LoadBalance: Number of grids moved = 16 out of 17 (2.09436e-05 seconds elapsed)
DetermineSGSize: MaxSubgridSize = 2000, MinSubgridEdge = 4, ncells = 6080
RebuildHierarchy[5]: Flagged 0/17 grids. 0 flagged cells
Level[2]: dt = 0.0148862  0.016277 (0.0312422/0.0312422)
Level[3]: dt = 0.00808521  0.00808521 (0.00808521/0.0148862)
Level[4]: dt = 0.00376689  0.00376689 (0.00376689/0.00808521)
Level[5]: dt = 0.00180079  0.00180079 (0.00180079/0.00376689)
RebuildHierarchy: level = 5
TransferSubgridParticles[5]: Moved 0 particles, 0 stars, 0 active particles.
DetermineSGSize: MaxSubgridSize = 2000, MinSubgridEdge = 4, ncells = 5984
RebuildHierarchy[5]: Flagged 0/17 grids. 0 flagged cells
Level[5]: dt = 0.00180449  0.00180449 (0.00360528/0.00376689)
RebuildHierarchy: level = 5
TransferSubgridParticles[5]: Moved 1 particles, 0 stars, 0 active particles.
DetermineSGSize: MaxSubgridSize = 2000, MinSubgridEdge = 4, ncells = 5984
RebuildHierarchy[5]: Flagged 0/17 grids. 0 flagged cells
Level[5]: dt = 0.000161614  0.00180817 (0.00376689/0.00376689)
EvolveLevel[5]: NumberOfSubCycles = 3 (573 total, 3 sub)
RebuildHierarchy: level = 4
TransferSubgridParticles[4]: Moved 0 particles, 0 stars, 0 active particles.
DetermineSGSize: MaxSubgridSize = 2000, MinSubgridEdge = 4, ncells = 5984
RebuildHierarchy[4]: Flagged 17/28 grids. 678 flagged cells
LoadBalance: Number of grids moved = 16 out of 17 (2.1901e-05 seconds elapsed)
DetermineSGSize: MaxSubgridSize = 2000, MinSubgridEdge = 4, ncells = 5984
RebuildHierarchy[5]: Flagged 0/17 grids. 0 flagged cells
Level[4]: dt = 0.00376764  0.00376764 (0.00753453/0.00808521)
Level[5]: dt = 0.00180849  0.00180849 (0.00180849/0.00376764)
RebuildHierarchy: level = 5
TransferSubgridParticles[5]: Moved 0 particles, 0 stars, 0 active particles.
DetermineSGSize: MaxSubgridSize = 2000, MinSubgridEdge = 4, ncells = 5800
RebuildHierarchy[5]: Flagged 0/17 grids. 0 flagged cells
Level[5]: dt = 0.00180984  0.00180984 (0.00361833/0.00376764)
RebuildHierarchy: level = 5
TransferSubgridParticles[5]: Moved 0 particles, 0 stars, 0 active particles.
DetermineSGSize: MaxSubgridSize = 2000, MinSubgridEdge = 4, ncells = 5800
RebuildHierarchy[5]: Flagged 0/17 grids. 0 flagged cells
Level[5]: dt = 0.000149307  0.00181112 (0.00376764/0.00376764)
EvolveLevel[5]: NumberOfSubCycles = 3 (576 total, 3 sub)
Level[4]: dt = 0.000550682  0.00377035 (0.00808521/0.00808521)
Level[5]: dt = 0.000550682  0.00181124 (0.000550682/0.000550682)
EvolveLevel[5]: NumberOfSubCycles = 1 (577 total, 1 sub)
EvolveLevel[4]: NumberOfSubCycles = 3 (243 total, 3 sub)
RebuildHierarchy: level = 3
TransferSubgridParticles[3]: Moved 4 particles, 0 stars, 0 active particles.
DetermineSGSize: MaxSubgridSize = 2000, MinSubgridEdge = 4, ncells = 13208
RebuildHierarchy[3]: Flagged 28/89 grids. 1299 flagged cells
LoadBalance: Number of grids moved = 25 out of 28 (2.50377e-05 seconds elapsed)
DetermineSGSize: MaxSubgridSize = 2000, MinSubgridEdge = 4, ncells = 5800
RebuildHierarchy[4]: Flagged 17/28 grids. 677 flagged cells
LoadBalance: Number of grids moved = 16 out of 17 (2.19904e-05 seconds elapsed)
DetermineSGSize: MaxSubgridSize = 2000, MinSubgridEdge = 4, ncells = 5800
RebuildHierarchy[5]: Flagged 0/17 grids. 0 flagged cells
Level[3]: dt = 0.00680096  0.00809463 (0.0148862/0.0148862)
Level[4]: dt = 0.00377085  0.00377085 (0.00377085/0.00680096)
Level[5]: dt = 0.00181168  0.00181168 (0.00181168/0.00377085)
RebuildHierarchy: level = 5
TransferSubgridParticles[5]: Moved 0 particles, 0 stars, 0 active particles.
DetermineSGSize: MaxSubgridSize = 2000, MinSubgridEdge = 4, ncells = 5856
RebuildHierarchy[5]: Flagged 0/17 grids. 0 flagged cells
Level[5]: dt = 0.00181299  0.00181299 (0.00362468/0.00377085)
RebuildHierarchy: level = 5
TransferSubgridParticles[5]: Moved 0 particles, 0 stars, 0 active particles.
DetermineSGSize: MaxSubgridSize = 2000, MinSubgridEdge = 4, ncells = 5856
RebuildHierarchy[5]: Flagged 0/17 grids. 0 flagged cells
Level[5]: dt = 0.000146174  0.00181434 (0.00377085/0.00377085)
EvolveLevel[5]: NumberOfSubCycles = 3 (580 total, 3 sub)
RebuildHierarchy: level = 4
TransferSubgridParticles[4]: Moved 0 particles, 0 stars, 0 active particles.
DetermineSGSize: MaxSubgridSize = 2000, MinSubgridEdge = 4, ncells = 5856
RebuildHierarchy[4]: Flagged 17/28 grids. 695 flagged cells
LoadBalance: Number of grids moved = 16 out of 17 (2.11373e-05 seconds elapsed)
DetermineSGSize: MaxSubgridSize = 2000, MinSubgridEdge = 4, ncells = 5856
RebuildHierarchy[5]: Flagged 0/17 grids. 0 flagged cells
Level[4]: dt = 0.00303011  0.00377543 (0.00680096/0.00680096)
Level[5]: dt = 0.00181445  0.00181445 (0.00181445/0.00303011)
RebuildHierarchy: level = 5
TransferSubgridParticles[5]: Moved 0 particles, 0 stars, 0 active particles.
DetermineSGSize: MaxSubgridSize = 2000, MinSubgridEdge = 4, ncells = 6024
RebuildHierarchy[5]: Flagged 0/17 grids. 0 flagged cells
Level[5]: dt = 0.00121566  0.00181541 (0.00303011/0.00303011)
EvolveLevel[5]: NumberOfSubCycles = 2 (582 total, 2 sub)
EvolveLevel[4]: NumberOfSubCycles = 2 (245 total, 2 sub)
EvolveLevel[3]: NumberOfSubCycles = 2 (99 total, 2 sub)
EvolveLevel[2]: NumberOfSubCycles = 2 (44 total, 2 sub)
EvolveLevel[1]: NumberOfSubCycles = 2 (22 total, 2 sub)
EvolveLevel[0]: NumberOfSubCycles = 1 (11 total, 11 sub)
CPUTime-output: Frac = 0.999990, Current = 565.796 (565.796), Stop = 2592000.000000, Last = 26.5288
[YT_INFO   ] Setting YT parameters ...
[YT_INFO   ] Setting YT parameters ... done.
[YT_INFO   ] Getting pointer to particle list information ...
[YT_INFO   ] Getting pointer to particle list information  ... done.
[YT_INFO   ] Getting pointer to field list information ...
[YT_INFO   ] Getting pointer to field list information  ... done.
[YT_INFO   ] Getting pointer to local grids information ...
[YT_INFO   ] Getting pointer to local grids information  ... done.
[YT_INFO   ] Loading full hierarchy and local data to libyt ...
[YT_INFO   ] Loading full hierarchy and local data ... done.
[YT_INFO   ] Performing YT inline analysis yt_inline_func() ...
[YT_INFO   ] Performing YT inline analysis yt_inline_func() ... done.
Level[0]: dt = 0.00266451  0.00266451 (0.00266451/0.00266451)
PrepareGreens: Start = 0 0 36  Dim = 32 52 38
PrepareGreens: Start = 0 0 0  Dim = 32 52 36
Level[1]: dt = 0.00266451  0.032182 (0.00266451/0.00266451)
Level[2]: dt = 0.00266451  0.0162132 (0.00266451/0.00266451)
Level[3]: dt = 0.00266451  0.00807059 (0.00266451/0.00266451)
Level[4]: dt = 0.00266451  0.00377886 (0.00266451/0.00266451)
Level[5]: dt = 0.00181597  0.00181597 (0.00181597/0.00266451)
RebuildHierarchy: level = 5
TransferSubgridParticles[5]: Moved 0 particles, 0 stars, 0 active particles.
DetermineSGSize: MaxSubgridSize = 2000, MinSubgridEdge = 4, ncells = 6024
RebuildHierarchy[5]: Flagged 0/17 grids. 0 flagged cells
Level[5]: dt = 0.000848537  0.0018165 (0.00266451/0.00266451)
EvolveLevel[5]: NumberOfSubCycles = 2 (584 total, 2 sub)
EvolveLevel[4]: NumberOfSubCycles = 1 (246 total, 1 sub)
EvolveLevel[3]: NumberOfSubCycles = 1 (100 total, 1 sub)
EvolveLevel[2]: NumberOfSubCycles = 1 (45 total, 1 sub)
EvolveLevel[1]: NumberOfSubCycles = 1 (23 total, 1 sub)
EvolveLevel[0]: NumberOfSubCycles = 1 (12 total, 12 sub)
RebuildHierarchy: level = 0
CommunicationTransferParticles: moved = 177534
CommunicationTransferStars: moved = 0
CommunicationTransferActiveParticles: moved = 0
DetermineSGSize: MaxSubgridSize = 2000, MinSubgridEdge = 4, ncells = 5955944
RebuildHierarchy[0]: Flagged 593/1120 grids. 388403 flagged cells
LoadBalance: Number of grids moved = 4632 out of 4679 (0.0187208 seconds elapsed)
DetermineSGSize: MaxSubgridSize = 2000, MinSubgridEdge = 4, ncells = 334264
RebuildHierarchy[1]: Flagged 327/4679 grids. 24476 flagged cells
LoadBalance: Number of grids moved = 399 out of 402 (0.0018723 seconds elapsed)
DetermineSGSize: MaxSubgridSize = 2000, MinSubgridEdge = 4, ncells = 61984
RebuildHierarchy[2]: Flagged 85/402 grids. 4940 flagged cells
LoadBalance: Number of grids moved = 88 out of 88 (0.00162591 seconds elapsed)
DetermineSGSize: MaxSubgridSize = 2000, MinSubgridEdge = 4, ncells = 13176
RebuildHierarchy[3]: Flagged 28/88 grids. 1275 flagged cells
LoadBalance: Number of grids moved = 27 out of 30 (2.73958e-05 seconds elapsed)
DetermineSGSize: MaxSubgridSize = 2000, MinSubgridEdge = 4, ncells = 6024
RebuildHierarchy[4]: Flagged 17/30 grids. 707 flagged cells
LoadBalance: Number of grids moved = 16 out of 17 (2.2348e-05 seconds elapsed)
DetermineSGSize: MaxSubgridSize = 2000, MinSubgridEdge = 4, ncells = 6024
RebuildHierarchy[5]: Flagged 0/17 grids. 0 flagged cells
CPUTime-output: Frac = 0.999938, Current = 726.294 (725.531), Stop = 2592000.000000, Last = 159.735
REDSHIFT dump: ./z_0013/z_
WriteAllData: writing group file ./z_0013/z_0013.cpu0000
REDSHIFT dump: dumpdirname=(./z_0013) == unixresult=0
[YT_INFO   ] Setting YT parameters ...
[YT_INFO   ] Setting YT parameters ... done.
[YT_INFO   ] Getting pointer to particle list information ...
[YT_INFO   ] Getting pointer to particle list information  ... done.
[YT_INFO   ] Getting pointer to field list information ...
[YT_INFO   ] Getting pointer to field list information  ... done.
[YT_INFO   ] Getting pointer to local grids information ...
[YT_INFO   ] Getting pointer to local grids information  ... done.
[YT_INFO   ] Loading full hierarchy and local data to libyt ...
[YT_INFO   ] Loading full hierarchy and local data ... done.
[YT_INFO   ] Performing YT inline analysis yt_inline_func() ...
[YT_INFO   ] Performing YT inline analysis yt_inline_func() ... done.
Level[0]: dt = 0.0634591  0.0634591 (0.0634591/0.0634591)
Level[1]: dt = 0.0321827  0.0321827 (0.0321827/0.0634591)
Level[2]: dt = 0.0162026  0.0162026 (0.0162026/0.0321827)
Level[3]: dt = 0.00805855  0.00805855 (0.00805855/0.0162026)
Level[4]: dt = 0.00378131  0.00378131 (0.00378131/0.00805855)
Level[5]: dt = 0.00181672  0.00181672 (0.00181672/0.00378131)
RebuildHierarchy: level = 5
TransferSubgridParticles[5]: Moved 0 particles, 0 stars, 0 active particles.
DetermineSGSize: MaxSubgridSize = 2000, MinSubgridEdge = 4, ncells = 6120
RebuildHierarchy[5]: Flagged 0/17 grids. 0 flagged cells
Level[5]: dt = 0.00181693  0.00181693 (0.00363364/0.00378131)
RebuildHierarchy: level = 5
TransferSubgridParticles[5]: Moved 0 particles, 0 stars, 0 active particles.
DetermineSGSize: MaxSubgridSize = 2000, MinSubgridEdge = 4, ncells = 6120
RebuildHierarchy[5]: Flagged 0/17 grids. 0 flagged cells
Level[5]: dt = 0.000147671  0.00181701 (0.00378131/0.00378131)
EvolveLevel[5]: NumberOfSubCycles = 3 (587 total, 3 sub)
RebuildHierarchy: level = 4
TransferSubgridParticles[4]: Moved 1 particles, 0 stars, 0 active particles.
DetermineSGSize: MaxSubgridSize = 2000, MinSubgridEdge = 4, ncells = 6120
RebuildHierarchy[4]: Flagged 17/30 grids. 727 flagged cells
LoadBalance: Number of grids moved = 16 out of 17 (2.22474e-05 seconds elapsed)
DetermineSGSize: MaxSubgridSize = 2000, MinSubgridEdge = 4, ncells = 6120
RebuildHierarchy[5]: Flagged 0/17 grids. 0 flagged cells
Level[4]: dt = 0.00378641  0.00378641 (0.00756772/0.00805855)
Level[5]: dt = 0.00181703  0.00181703 (0.00181703/0.00378641)
RebuildHierarchy: level = 5
TransferSubgridParticles[5]: Moved 0 particles, 0 stars, 0 active particles.
DetermineSGSize: MaxSubgridSize = 2000, MinSubgridEdge = 4, ncells = 6344
RebuildHierarchy[5]: Flagged 0/17 grids. 0 flagged cells
Level[5]: dt = 0.00181691  0.00181691 (0.00363394/0.00378641)
RebuildHierarchy: level = 5
TransferSubgridParticles[5]: Moved 0 particles, 0 stars, 0 active particles.
DetermineSGSize: MaxSubgridSize = 2000, MinSubgridEdge = 4, ncells = 6344
RebuildHierarchy[5]: Flagged 0/17 grids. 0 flagged cells
Level[5]: dt = 0.000152466  0.00181671 (0.00378641/0.00378641)
EvolveLevel[5]: NumberOfSubCycles = 3 (590 total, 3 sub)
Level[4]: dt = 0.000490824  0.0037912 (0.00805855/0.00805855)
Level[5]: dt = 0.000490824  0.00181671 (0.000490824/0.000490824)
EvolveLevel[5]: NumberOfSubCycles = 1 (591 total, 1 sub)
EvolveLevel[4]: NumberOfSubCycles = 3 (249 total, 3 sub)
RebuildHierarchy: level = 3
TransferSubgridParticles[3]: Moved 335 particles, 0 stars, 0 active particles.
DetermineSGSize: MaxSubgridSize = 2000, MinSubgridEdge = 4, ncells = 12752
RebuildHierarchy[3]: Flagged 28/88 grids. 1297 flagged cells
LoadBalance: Number of grids moved = 27 out of 30 (2.70903e-05 seconds elapsed)
DetermineSGSize: MaxSubgridSize = 2000, MinSubgridEdge = 4, ncells = 6344
RebuildHierarchy[4]: Flagged 17/30 grids. 715 flagged cells
LoadBalance: Number of grids moved = 16 out of 17 (2.17222e-05 seconds elapsed)
DetermineSGSize: MaxSubgridSize = 2000, MinSubgridEdge = 4, ncells = 6344
RebuildHierarchy[5]: Flagged 0/17 grids. 0 flagged cells
Level[3]: dt = 0.00814401  0.00802417 (0.0162026/0.0162026)
Level[4]: dt = 0.00379188  0.00379188 (0.00379188/0.00814401)
Level[5]: dt = 0.00181665  0.00181665 (0.00181665/0.00379188)
RebuildHierarchy: level = 5
TransferSubgridParticles[5]: Moved 1 particles, 0 stars, 0 active particles.
DetermineSGSize: MaxSubgridSize = 2000, MinSubgridEdge = 4, ncells = 6224
RebuildHierarchy[5]: Flagged 0/17 grids. 0 flagged cells
Level[5]: dt = 0.00181624  0.00181624 (0.00363288/0.00379188)
RebuildHierarchy: level = 5
TransferSubgridParticles[5]: Moved 0 particles, 0 stars, 0 active particles.
DetermineSGSize: MaxSubgridSize = 2000, MinSubgridEdge = 4, ncells = 6224
RebuildHierarchy[5]: Flagged 0/17 grids. 0 flagged cells
Level[5]: dt = 0.000158992  0.00181577 (0.00379188/0.00379188)
EvolveLevel[5]: NumberOfSubCycles = 3 (594 total, 3 sub)
RebuildHierarchy: level = 4
TransferSubgridParticles[4]: Moved 0 particles, 0 stars, 0 active particles.
DetermineSGSize: MaxSubgridSize = 2000, MinSubgridEdge = 4, ncells = 6224
RebuildHierarchy[4]: Flagged 17/30 grids. 717 flagged cells
LoadBalance: Number of grids moved = 16 out of 17 (2.28249e-05 seconds elapsed)
DetermineSGSize: MaxSubgridSize = 2000, MinSubgridEdge = 4, ncells = 6224
RebuildHierarchy[5]: Flagged 0/17 grids. 0 flagged cells
Level[4]: dt = 0.00353381  0.00353381 (0.00732568/0.00814401)
Level[5]: dt = 0.00181574  0.00181574 (0.00181574/0.00353381)
RebuildHierarchy: level = 5
TransferSubgridParticles[5]: Moved 1 particles, 0 stars, 0 active particles.
DetermineSGSize: MaxSubgridSize = 2000, MinSubgridEdge = 4, ncells = 6224
RebuildHierarchy[5]: Flagged 0/17 grids. 0 flagged cells
Level[5]: dt = 0.00171807  0.0018152 (0.00353381/0.00353381)
EvolveLevel[5]: NumberOfSubCycles = 2 (596 total, 2 sub)
Level[4]: dt = 0.000818328  0.00378668 (0.00814401/0.00814401)
Level[5]: dt = 0.000818328  0.00181466 (0.000818328/0.000818328)
EvolveLevel[5]: NumberOfSubCycles = 1 (597 total, 1 sub)
EvolveLevel[4]: NumberOfSubCycles = 3 (252 total, 3 sub)
EvolveLevel[3]: NumberOfSubCycles = 2 (102 total, 2 sub)
RebuildHierarchy: level = 2
TransferSubgridParticles[2]: Moved 2377 particles, 0 stars, 0 active particles.
DetermineSGSize: MaxSubgridSize = 2000, MinSubgridEdge = 4, ncells = 66712
RebuildHierarchy[2]: Flagged 86/402 grids. 4983 flagged cells
LoadBalance: Number of grids moved = 89 out of 89 (0.00197614 seconds elapsed)
DetermineSGSize: MaxSubgridSize = 2000, MinSubgridEdge = 4, ncells = 12904
RebuildHierarchy[3]: Flagged 28/89 grids. 1313 flagged cells
LoadBalance: Number of grids moved = 27 out of 30 (2.63229e-05 seconds elapsed)
DetermineSGSize: MaxSubgridSize = 2000, MinSubgridEdge = 4, ncells = 6224
RebuildHierarchy[4]: Flagged 16/30 grids. 691 flagged cells
LoadBalance: Number of grids moved = 15 out of 16 (2.92584e-05 seconds elapsed)
DetermineSGSize: MaxSubgridSize = 2000, MinSubgridEdge = 4, ncells = 6224
RebuildHierarchy[5]: Flagged 0/16 grids. 0 flagged cells
Level[2]: dt = 0.0159801  0.0161448 (0.0321827/0.0321827)
Level[3]: dt = 0.00799238  0.00799238 (0.00799238/0.0159801)
Level[4]: dt = 0.00373935  0.00373935 (0.00373935/0.00799238)
Level[5]: dt = 0.00181442  0.00181442 (0.00181442/0.00373935)
RebuildHierarchy: level = 5
TransferSubgridParticles[5]: Moved 0 particles, 0 stars, 0 active particles.
DetermineSGSize: MaxSubgridSize = 2000, MinSubgridEdge = 4, ncells = 5920
RebuildHierarchy[5]: Flagged 0/16 grids. 0 flagged cells
Level[5]: dt = 0.00181382  0.00181382 (0.00362825/0.00373935)
RebuildHierarchy: level = 5
TransferSubgridParticles[5]: Moved 0 particles, 0 stars, 0 active particles.
DetermineSGSize: MaxSubgridSize = 2000, MinSubgridEdge = 4, ncells = 5920
RebuildHierarchy[5]: Flagged 0/16 grids. 0 flagged cells
Level[5]: dt = 0.000111104  0.00181323 (0.00373935/0.00373935)
EvolveLevel[5]: NumberOfSubCycles = 3 (600 total, 3 sub)
RebuildHierarchy: level = 4
TransferSubgridParticles[4]: Moved 0 particles, 0 stars, 0 active particles.
DetermineSGSize: MaxSubgridSize = 2000, MinSubgridEdge = 4, ncells = 5920
RebuildHierarchy[4]: Flagged 17/30 grids. 718 flagged cells
LoadBalance: Number of grids moved = 13 out of 17 (2.26907e-05 seconds elapsed)
DetermineSGSize: MaxSubgridSize = 2000, MinSubgridEdge = 4, ncells = 5920
RebuildHierarchy[5]: Flagged 0/17 grids. 0 flagged cells
Level[4]: dt = 0.00367656  0.00367656 (0.00741591/0.00799238)
Level[5]: dt = 0.0018132  0.0018132 (0.0018132/0.00367656)
RebuildHierarchy: level = 5
TransferSubgridParticles[5]: Moved 0 particles, 0 stars, 0 active particles.
DetermineSGSize: MaxSubgridSize = 2000, MinSubgridEdge = 4, ncells = 6136
RebuildHierarchy[5]: Flagged 0/17 grids. 0 flagged cells
Level[5]: dt = 0.00186336  0.00181266 (0.00367656/0.00367656)
EvolveLevel[5]: NumberOfSubCycles = 2 (602 total, 2 sub)
Level[4]: dt = 0.00057647  0.00373221 (0.00799238/0.00799238)
Level[5]: dt = 0.00057647  0.00181053 (0.00057647/0.00057647)
EvolveLevel[5]: NumberOfSubCycles = 1 (603 total, 1 sub)
EvolveLevel[4]: NumberOfSubCycles = 3 (255 total, 3 sub)
RebuildHierarchy: level = 3
TransferSubgridParticles[3]: Moved 11 particles, 0 stars, 0 active particles.
DetermineSGSize: MaxSubgridSize = 2000, MinSubgridEdge = 4, ncells = 13128
RebuildHierarchy[3]: Flagged 28/89 grids. 1356 flagged cells
LoadBalance: Number of grids moved = 27 out of 30 (2.71946e-05 seconds elapsed)
DetermineSGSize: MaxSubgridSize = 2000, MinSubgridEdge = 4, ncells = 6136
RebuildHierarchy[4]: Flagged 16/30 grids. 700 flagged cells
LoadBalance: Number of grids moved = 15 out of 16 (2.14688e-05 seconds elapsed)
DetermineSGSize: MaxSubgridSize = 2000, MinSubgridEdge = 4, ncells = 6136
RebuildHierarchy[5]: Flagged 0/16 grids. 0 flagged cells
Level[3]: dt = 0.00798775  0.00796383 (0.0159801/0.0159801)
Level[4]: dt = 0.00372871  0.00372871 (0.00372871/0.00798775)
Level[5]: dt = 0.00180858  0.00180858 (0.00180858/0.00372871)
RebuildHierarchy: level = 5
TransferSubgridParticles[5]: Moved 0 particles, 0 stars, 0 active particles.
DetermineSGSize: MaxSubgridSize = 2000, MinSubgridEdge = 4, ncells = 6016
RebuildHierarchy[5]: Flagged 0/16 grids. 0 flagged cells
Level[5]: dt = 0.00180316  0.00180316 (0.00361174/0.00372871)
RebuildHierarchy: level = 5
TransferSubgridParticles[5]: Moved 0 particles, 0 stars, 0 active particles.
DetermineSGSize: MaxSubgridSize = 2000, MinSubgridEdge = 4, ncells = 6016
RebuildHierarchy[5]: Flagged 0/16 grids. 0 flagged cells
Level[5]: dt = 0.000116965  0.00179943 (0.00372871/0.00372871)
EvolveLevel[5]: NumberOfSubCycles = 3 (606 total, 3 sub)
RebuildHierarchy: level = 4
TransferSubgridParticles[4]: Moved 0 particles, 0 stars, 0 active particles.
DetermineSGSize: MaxSubgridSize = 2000, MinSubgridEdge = 4, ncells = 6016
RebuildHierarchy[4]: Flagged 17/30 grids. 727 flagged cells
LoadBalance: Number of grids moved = 13 out of 17 (2.22474e-05 seconds elapsed)
DetermineSGSize: MaxSubgridSize = 2000, MinSubgridEdge = 4, ncells = 6016
RebuildHierarchy[5]: Flagged 0/17 grids. 0 flagged cells
Level[4]: dt = 0.00331189  0.00331189 (0.0070406/0.00798775)
Level[5]: dt = 0.00179923  0.00179923 (0.00179923/0.00331189)
RebuildHierarchy: level = 5
TransferSubgridParticles[5]: Moved 0 particles, 0 stars, 0 active particles.
DetermineSGSize: MaxSubgridSize = 2000, MinSubgridEdge = 4, ncells = 6264
RebuildHierarchy[5]: Flagged 0/17 grids. 0 flagged cells
Level[5]: dt = 0.00151265  0.00179635 (0.00331189/0.00331189)
EvolveLevel[5]: NumberOfSubCycles = 2 (608 total, 2 sub)
Level[4]: dt = 0.000947151  0.00353079 (0.00798775/0.00798775)
Level[5]: dt = 0.000947151  0.00179503 (0.000947151/0.000947151)
EvolveLevel[5]: NumberOfSubCycles = 1 (609 total, 1 sub)
EvolveLevel[4]: NumberOfSubCycles = 3 (258 total, 3 sub)
EvolveLevel[3]: NumberOfSubCycles = 2 (104 total, 2 sub)
EvolveLevel[2]: NumberOfSubCycles = 2 (47 total, 2 sub)
RebuildHierarchy: level = 1
TransferSubgridParticles[1]: Moved 49983 particles, 0 stars, 0 active particles.
DetermineSGSize: MaxSubgridSize = 2000, MinSubgridEdge = 4, ncells = 338336
RebuildHierarchy[1]: Flagged 331/4679 grids. 24936 flagged cells
LoadBalance: Number of grids moved = 400 out of 405 (0.00163061 seconds elapsed)
DetermineSGSize: MaxSubgridSize = 2000, MinSubgridEdge = 4, ncells = 66248
RebuildHierarchy[2]: Flagged 87/405 grids. 5035 flagged cells
LoadBalance: Number of grids moved = 90 out of 90 (0.00209399 seconds elapsed)
DetermineSGSize: MaxSubgridSize = 2000, MinSubgridEdge = 4, ncells = 13824
RebuildHierarchy[3]: Flagged 28/90 grids. 1359 flagged cells
LoadBalance: Number of grids moved = 25 out of 30 (2.73734e-05 seconds elapsed)
DetermineSGSize: MaxSubgridSize = 2000, MinSubgridEdge = 4, ncells = 6264
RebuildHierarchy[4]: Flagged 17/30 grids. 741 flagged cells
LoadBalance: Number of grids moved = 13 out of 17 (2.24523e-05 seconds elapsed)
DetermineSGSize: MaxSubgridSize = 2000, MinSubgridEdge = 4, ncells = 6264
RebuildHierarchy[5]: Flagged 0/17 grids. 0 flagged cells
Level[1]: dt = 0.0312764  0.0321916 (0.0634591/0.0634591)
Level[2]: dt = 0.0160992  0.0160992 (0.0160992/0.0312764)
Level[3]: dt = 0.00793767  0.00793767 (0.00793767/0.0160992)
Level[4]: dt = 0.00345494  0.00345494 (0.00345494/0.00793767)
Level[5]: dt = 0.00179364  0.00179364 (0.00179364/0.00345494)
RebuildHierarchy: level = 5
TransferSubgridParticles[5]: Moved 0 particles, 0 stars, 0 active particles.
DetermineSGSize: MaxSubgridSize = 2000, MinSubgridEdge = 4, ncells = 6392
RebuildHierarchy[5]: Flagged 0/17 grids. 0 flagged cells
Level[5]: dt = 0.0016613  0.00178244 (0.00345494/0.00345494)
EvolveLevel[5]: NumberOfSubCycles = 2 (611 total, 2 sub)
RebuildHierarchy: level = 4
TransferSubgridParticles[4]: Moved 0 particles, 0 stars, 0 active particles.
DetermineSGSize: MaxSubgridSize = 2000, MinSubgridEdge = 4, ncells = 6392
RebuildHierarchy[4]: Flagged 17/30 grids. 741 flagged cells
LoadBalance: Number of grids moved = 13 out of 17 (2.2728e-05 seconds elapsed)
DetermineSGSize: MaxSubgridSize = 2000, MinSubgridEdge = 4, ncells = 6392
RebuildHierarchy[5]: Flagged 0/17 grids. 0 flagged cells
Level[4]: dt = 0.00336323  0.00336323 (0.00681817/0.00793767)
Level[5]: dt = 0.00177308  0.00177308 (0.00177308/0.00336323)
RebuildHierarchy: level = 5
TransferSubgridParticles[5]: Moved 2 particles, 0 stars, 0 active particles.
DetermineSGSize: MaxSubgridSize = 2000, MinSubgridEdge = 4, ncells = 6392
RebuildHierarchy[5]: Flagged 0/17 grids. 0 flagged cells
Level[5]: dt = 0.00159015  0.00176376 (0.00336323/0.00336323)
EvolveLevel[5]: NumberOfSubCycles = 2 (613 total, 2 sub)
Level[4]: dt = 0.0011195  0.00361442 (0.00793767/0.00793767)
Level[5]: dt = 0.0011195  0.00175673 (0.0011195/0.0011195)
EvolveLevel[5]: NumberOfSubCycles = 1 (614 total, 1 sub)
EvolveLevel[4]: NumberOfSubCycles = 3 (261 total, 3 sub)
RebuildHierarchy: level = 3
TransferSubgridParticles[3]: Moved 8 particles, 0 stars, 0 active particles.
DetermineSGSize: MaxSubgridSize = 2000, MinSubgridEdge = 4, ncells = 14000
RebuildHierarchy[3]: Flagged 28/90 grids. 1355 flagged cells
LoadBalance: Number of grids moved = 25 out of 30 (2.7094e-05 seconds elapsed)
DetermineSGSize: MaxSubgridSize = 2000, MinSubgridEdge = 4, ncells = 6392
RebuildHierarchy[4]: Flagged 17/30 grids. 762 flagged cells
LoadBalance: Number of grids moved = 13 out of 17 (2.18004e-05 seconds elapsed)
DetermineSGSize: MaxSubgridSize = 2000, MinSubgridEdge = 4, ncells = 6392
RebuildHierarchy[5]: Flagged 0/17 grids. 0 flagged cells
Level[3]: dt = 0.00816156  0.00791406 (0.0160992/0.0160992)
Level[4]: dt = 0.00353334  0.00353334 (0.00353334/0.00816156)
Level[5]: dt = 0.00175235  0.00175235 (0.00175235/0.00353334)
RebuildHierarchy: level = 5
TransferSubgridParticles[5]: Moved 1 particles, 0 stars, 0 active particles.
DetermineSGSize: MaxSubgridSize = 2000, MinSubgridEdge = 4, ncells = 6616
RebuildHierarchy[5]: Flagged 0/17 grids. 0 flagged cells
Level[5]: dt = 0.00178099  0.00174594 (0.00353334/0.00353334)
EvolveLevel[5]: NumberOfSubCycles = 2 (616 total, 2 sub)
RebuildHierarchy: level = 4
TransferSubgridParticles[4]: Moved 0 particles, 0 stars, 0 active particles.
DetermineSGSize: MaxSubgridSize = 2000, MinSubgridEdge = 4, ncells = 6616
RebuildHierarchy[4]: Flagged 16/30 grids. 730 flagged cells
LoadBalance: Number of grids moved = 15 out of 16 (2.15098e-05 seconds elapsed)
DetermineSGSize: MaxSubgridSize = 2000, MinSubgridEdge = 4, ncells = 6616
RebuildHierarchy[5]: Flagged 0/16 grids. 0 flagged cells
Level[4]: dt = 0.00345597  0.00345597 (0.00698931/0.00816156)
Level[5]: dt = 0.00174071  0.00174071 (0.00174071/0.00345597)
RebuildHierarchy: level = 5
TransferSubgridParticles[5]: Moved 0 particles, 0 stars, 0 active particles.
DetermineSGSize: MaxSubgridSize = 2000, MinSubgridEdge = 4, ncells = 6400
RebuildHierarchy[5]: Flagged 0/16 grids. 0 flagged cells
Level[5]: dt = 0.00171527  0.00173649 (0.00345597/0.00345597)
EvolveLevel[5]: NumberOfSubCycles = 2 (618 total, 2 sub)
Level[4]: dt = 0.00117226  0.00328256 (0.00816156/0.00816156)
Level[5]: dt = 0.00117226  0.00173264 (0.00117226/0.00117226)
EvolveLevel[5]: NumberOfSubCycles = 1 (619 total, 1 sub)
EvolveLevel[4]: NumberOfSubCycles = 3 (264 total, 3 sub)
EvolveLevel[3]: NumberOfSubCycles = 2 (106 total, 2 sub)
RebuildHierarchy: level = 2
TransferSubgridParticles[2]: Moved 56 particles, 0 stars, 0 active particles.
DetermineSGSize: MaxSubgridSize = 2000, MinSubgridEdge = 4, ncells = 66752
RebuildHierarchy[2]: Flagged 86/405 grids. 5016 flagged cells
LoadBalance: Number of grids moved = 89 out of 89 (0.00213505 seconds elapsed)
DetermineSGSize: MaxSubgridSize = 2000, MinSubgridEdge = 4, ncells = 13872
RebuildHierarchy[3]: Flagged 29/89 grids. 1347 flagged cells
LoadBalance: Number of grids moved = 26 out of 31 (2.5712e-05 seconds elapsed)
DetermineSGSize: MaxSubgridSize = 2000, MinSubgridEdge = 4, ncells = 6400
RebuildHierarchy[4]: Flagged 17/31 grids. 757 flagged cells
LoadBalance: Number of grids moved = 13 out of 17 (2.1819e-05 seconds elapsed)
DetermineSGSize: MaxSubgridSize = 2000, MinSubgridEdge = 4, ncells = 6400
RebuildHierarchy[5]: Flagged 0/17 grids. 0 flagged cells
Level[2]: dt = 0.0151772  0.0160667 (0.0312764/0.0312764)
Level[3]: dt = 0.00789197  0.00789197 (0.00789197/0.0151772)
Level[4]: dt = 0.00319228  0.00319228 (0.00319228/0.00789197)
Level[5]: dt = 0.00173052  0.00173052 (0.00173052/0.00319228)
RebuildHierarchy: level = 5
TransferSubgridParticles[5]: Moved 0 particles, 0 stars, 0 active particles.
DetermineSGSize: MaxSubgridSize = 2000, MinSubgridEdge = 4, ncells = 6616
RebuildHierarchy[5]: Flagged 0/17 grids. 0 flagged cells
Level[5]: dt = 0.00146176  0.00172829 (0.00319228/0.00319228)
EvolveLevel[5]: NumberOfSubCycles = 2 (621 total, 2 sub)
RebuildHierarchy: level = 4
TransferSubgridParticles[4]: Moved 0 particles, 0 stars, 0 active particles.
DetermineSGSize: MaxSubgridSize = 2000, MinSubgridEdge = 4, ncells = 6616
RebuildHierarchy[4]: Flagged 17/31 grids. 763 flagged cells
LoadBalance: Number of grids moved = 13 out of 17 (2.21953e-05 seconds elapsed)
DetermineSGSize: MaxSubgridSize = 2000, MinSubgridEdge = 4, ncells = 6616
RebuildHierarchy[5]: Flagged 0/17 grids. 0 flagged cells
Level[4]: dt = 0.00313418  0.00313418 (0.00632646/0.00789197)
Level[5]: dt = 0.00172669  0.00172669 (0.00172669/0.00313418)
RebuildHierarchy: level = 5
TransferSubgridParticles[5]: Moved 0 particles, 0 stars, 0 active particles.
DetermineSGSize: MaxSubgridSize = 2000, MinSubgridEdge = 4, ncells = 6712
RebuildHierarchy[5]: Flagged 0/17 grids. 0 flagged cells
Level[5]: dt = 0.00140748  0.00172535 (0.00313418/0.00313418)
EvolveLevel[5]: NumberOfSubCycles = 2 (623 total, 2 sub)
Level[4]: dt = 0.00156551  0.00335796 (0.00789197/0.00789197)
Level[5]: dt = 0.00156551  0.00172478 (0.00156551/0.00156551)
EvolveLevel[5]: NumberOfSubCycles = 1 (624 total, 1 sub)
EvolveLevel[4]: NumberOfSubCycles = 3 (267 total, 3 sub)
RebuildHierarchy: level = 3
TransferSubgridParticles[3]: Moved 8 particles, 0 stars, 0 active particles.
DetermineSGSize: MaxSubgridSize = 2000, MinSubgridEdge = 4, ncells = 13320
RebuildHierarchy[3]: Flagged 29/89 grids. 1338 flagged cells
LoadBalance: Number of grids moved = 26 out of 31 (2.61068e-05 seconds elapsed)
DetermineSGSize: MaxSubgridSize = 2000, MinSubgridEdge = 4, ncells = 6712
RebuildHierarchy[4]: Flagged 17/31 grids. 751 flagged cells
LoadBalance: Number of grids moved = 16 out of 17 (2.24747e-05 seconds elapsed)
DetermineSGSize: MaxSubgridSize = 2000, MinSubgridEdge = 4, ncells = 6712
RebuildHierarchy[5]: Flagged 0/17 grids. 0 flagged cells
Level[3]: dt = 0.00728524  0.00787292 (0.0151772/0.0151772)
Level[4]: dt = 0.00328701  0.00328701 (0.00328701/0.00728524)
Level[5]: dt = 0.00172431  0.00172431 (0.00172431/0.00328701)
RebuildHierarchy: level = 5
TransferSubgridParticles[5]: Moved 0 particles, 0 stars, 0 active particles.
DetermineSGSize: MaxSubgridSize = 2000, MinSubgridEdge = 4, ncells = 6640
RebuildHierarchy[5]: Flagged 0/17 grids. 0 flagged cells
Level[5]: dt = 0.0015627  0.00172429 (0.00328701/0.00328701)
EvolveLevel[5]: NumberOfSubCycles = 2 (626 total, 2 sub)
RebuildHierarchy: level = 4
TransferSubgridParticles[4]: Moved 0 particles, 0 stars, 0 active particles.
DetermineSGSize: MaxSubgridSize = 2000, MinSubgridEdge = 4, ncells = 6640
RebuildHierarchy[4]: Flagged 17/31 grids. 760 flagged cells
LoadBalance: Number of grids moved = 16 out of 17 (2.2158e-05 seconds elapsed)
DetermineSGSize: MaxSubgridSize = 2000, MinSubgridEdge = 4, ncells = 6640
RebuildHierarchy[5]: Flagged 0/17 grids. 0 flagged cells
Level[4]: dt = 0.00303334  0.00303334 (0.00632034/0.00728524)
Level[5]: dt = 0.00172467  0.00172467 (0.00172467/0.00303334)
RebuildHierarchy: level = 5
TransferSubgridParticles[5]: Moved 0 particles, 0 stars, 0 active particles.
DetermineSGSize: MaxSubgridSize = 2000, MinSubgridEdge = 4, ncells = 6736
RebuildHierarchy[5]: Flagged 0/17 grids. 0 flagged cells
Level[5]: dt = 0.00130866  0.00172467 (0.00303334/0.00303334)
EvolveLevel[5]: NumberOfSubCycles = 2 (628 total, 2 sub)
Level[4]: dt = 0.000964902  0.00323282 (0.00728524/0.00728524)
Level[5]: dt = 0.000964902  0.00172488 (0.000964902/0.000964902)
EvolveLevel[5]: NumberOfSubCycles = 1 (629 total, 1 sub)
EvolveLevel[4]: NumberOfSubCycles = 3 (270 total, 3 sub)
EvolveLevel[3]: NumberOfSubCycles = 2 (108 total, 2 sub)
EvolveLevel[2]: NumberOfSubCycles = 2 (49 total, 2 sub)
EvolveLevel[1]: NumberOfSubCycles = 2 (25 total, 2 sub)
EvolveLevel[0]: NumberOfSubCycles = 1 (13 total, 13 sub)
CPUTime-output: Frac = 0.999990, Current = 752.438 (752.438), Stop = 2592000.000000, Last = 26.907
[YT_INFO   ] Setting YT parameters ...
[YT_INFO   ] Setting YT parameters ... done.
[YT_INFO   ] Getting pointer to particle list information ...
[YT_INFO   ] Getting pointer to particle list information  ... done.
[YT_INFO   ] Getting pointer to field list information ...
[YT_INFO   ] Getting pointer to field list information  ... done.
[YT_INFO   ] Getting pointer to local grids information ...
[YT_INFO   ] Getting pointer to local grids information  ... done.
[YT_INFO   ] Loading full hierarchy and local data to libyt ...
[YT_INFO   ] Loading full hierarchy and local data ... done.
[YT_INFO   ] Performing YT inline analysis yt_inline_func() ...
[YT_INFO   ] Performing YT inline analysis yt_inline_func() ... done.
Level[0]: dt = 0.06351  0.06351 (0.06351/0.06351)
PrepareGreens: Start = 0 0 36  Dim = 32 52 38
PrepareGreens: Start = 0 0 0  Dim = 32 52 36
Level[1]: dt = 0.0322003  0.0322003 (0.0322003/0.06351)
Level[2]: dt = 0.0160505  0.0160505 (0.0160505/0.0322003)
Level[3]: dt = 0.00785788  0.00785788 (0.00785788/0.0160505)
Level[4]: dt = 0.00318567  0.00318567 (0.00318567/0.00785788)
Level[5]: dt = 0.00172491  0.00172491 (0.00172491/0.00318567)
RebuildHierarchy: level = 5
TransferSubgridParticles[5]: Moved 0 particles, 0 stars, 0 active particles.
DetermineSGSize: MaxSubgridSize = 2000, MinSubgridEdge = 4, ncells = 6736
RebuildHierarchy[5]: Flagged 0/17 grids. 0 flagged cells
Level[5]: dt = 0.00146076  0.00172521 (0.00318567/0.00318567)
EvolveLevel[5]: NumberOfSubCycles = 2 (631 total, 2 sub)
RebuildHierarchy: level = 4
TransferSubgridParticles[4]: Moved 1 particles, 0 stars, 0 active particles.
DetermineSGSize: MaxSubgridSize = 2000, MinSubgridEdge = 4, ncells = 6736
RebuildHierarchy[4]: Flagged 18/31 grids. 753 flagged cells
LoadBalance: Number of grids moved = 14 out of 18 (2.3175e-05 seconds elapsed)
DetermineSGSize: MaxSubgridSize = 2000, MinSubgridEdge = 4, ncells = 6736
RebuildHierarchy[5]: Flagged 0/18 grids. 0 flagged cells
Level[4]: dt = 0.00318214  0.00318214 (0.0063678/0.00785788)
Level[5]: dt = 0.001726  0.001726 (0.001726/0.00318214)
RebuildHierarchy: level = 5
TransferSubgridParticles[5]: Moved 0 particles, 0 stars, 0 active particles.
DetermineSGSize: MaxSubgridSize = 2000, MinSubgridEdge = 4, ncells = 6664
RebuildHierarchy[5]: Flagged 0/18 grids. 0 flagged cells
Level[5]: dt = 0.00145613  0.00172723 (0.00318214/0.00318214)
EvolveLevel[5]: NumberOfSubCycles = 2 (633 total, 2 sub)
Level[4]: dt = 0.00149008  0.00340889 (0.00785788/0.00785788)
Level[5]: dt = 0.00149008  0.00172867 (0.00149008/0.00149008)
EvolveLevel[5]: NumberOfSubCycles = 1 (634 total, 1 sub)
EvolveLevel[4]: NumberOfSubCycles = 3 (273 total, 3 sub)
RebuildHierarchy: level = 3
TransferSubgridParticles[3]: Moved 10 particles, 0 stars, 0 active particles.
DetermineSGSize: MaxSubgridSize = 2000, MinSubgridEdge = 4, ncells = 13320
RebuildHierarchy[3]: Flagged 30/89 grids. 1350 flagged cells
LoadBalance: Number of grids moved = 27 out of 32 (2.89939e-05 seconds elapsed)
DetermineSGSize: MaxSubgridSize = 2000, MinSubgridEdge = 4, ncells = 6664
RebuildHierarchy[4]: Flagged 17/32 grids. 726 flagged cells
LoadBalance: Number of grids moved = 16 out of 17 (2.23704e-05 seconds elapsed)
DetermineSGSize: MaxSubgridSize = 2000, MinSubgridEdge = 4, ncells = 6664
RebuildHierarchy[5]: Flagged 0/17 grids. 0 flagged cells
Level[3]: dt = 0.00819263  0.00784439 (0.0160505/0.0160505)
Level[4]: dt = 0.00336981  0.00336981 (0.00336981/0.00819263)
Level[5]: dt = 0.00173056  0.00173056 (0.00173056/0.00336981)
RebuildHierarchy: level = 5
TransferSubgridParticles[5]: Moved 0 particles, 0 stars, 0 active particles.
DetermineSGSize: MaxSubgridSize = 2000, MinSubgridEdge = 4, ncells = 6448
RebuildHierarchy[5]: Flagged 0/17 grids. 0 flagged cells
Level[5]: dt = 0.00163925  0.00173295 (0.00336981/0.00336981)
EvolveLevel[5]: NumberOfSubCycles = 2 (636 total, 2 sub)
RebuildHierarchy: level = 4
TransferSubgridParticles[4]: Moved 0 particles, 0 stars, 0 active particles.
DetermineSGSize: MaxSubgridSize = 2000, MinSubgridEdge = 4, ncells = 6448
RebuildHierarchy[4]: Flagged 17/32 grids. 738 flagged cells
LoadBalance: Number of grids moved = 16 out of 17 (2.25715e-05 seconds elapsed)
DetermineSGSize: MaxSubgridSize = 2000, MinSubgridEdge = 4, ncells = 6448
RebuildHierarchy[5]: Flagged 0/17 grids. 0 flagged cells
Level[4]: dt = 0.00301442  0.00301442 (0.00638423/0.00819263)
Level[5]: dt = 0.00173553  0.00173553 (0.00173553/0.00301442)
RebuildHierarchy: level = 5
TransferSubgridParticles[5]: Moved 0 particles, 0 stars, 0 active particles.
DetermineSGSize: MaxSubgridSize = 2000, MinSubgridEdge = 4, ncells = 6544
RebuildHierarchy[5]: Flagged 0/17 grids. 0 flagged cells
Level[5]: dt = 0.00127889  0.00173209 (0.00301442/0.00301442)
EvolveLevel[5]: NumberOfSubCycles = 2 (638 total, 2 sub)
Level[4]: dt = 0.0018084  0.00321666 (0.00819263/0.00819263)
Level[5]: dt = 0.0018084  0.00172582 (0.0018084/0.0018084)
EvolveLevel[5]: NumberOfSubCycles = 1 (639 total, 1 sub)
EvolveLevel[4]: NumberOfSubCycles = 3 (276 total, 3 sub)
EvolveLevel[3]: NumberOfSubCycles = 2 (110 total, 2 sub)
RebuildHierarchy: level = 2
TransferSubgridParticles[2]: Moved 125 particles, 0 stars, 0 active particles.
DetermineSGSize: MaxSubgridSize = 2000, MinSubgridEdge = 4, ncells = 66256
RebuildHierarchy[2]: Flagged 86/405 grids. 4951 flagged cells
LoadBalance: Number of grids moved = 89 out of 89 (0.00199153 seconds elapsed)
DetermineSGSize: MaxSubgridSize = 2000, MinSubgridEdge = 4, ncells = 13448
RebuildHierarchy[3]: Flagged 30/89 grids. 1356 flagged cells
LoadBalance: Number of grids moved = 27 out of 32 (2.90535e-05 seconds elapsed)
DetermineSGSize: MaxSubgridSize = 2000, MinSubgridEdge = 4, ncells = 6544
RebuildHierarchy[4]: Flagged 17/32 grids. 723 flagged cells
LoadBalance: Number of grids moved = 16 out of 17 (2.25827e-05 seconds elapsed)
DetermineSGSize: MaxSubgridSize = 2000, MinSubgridEdge = 4, ncells = 6544
RebuildHierarchy[5]: Flagged 0/17 grids. 0 flagged cells
Level[2]: dt = 0.0161498  0.0160505 (0.0322003/0.0322003)
Level[3]: dt = 0.00783284  0.00783284 (0.00783284/0.0161498)
Level[4]: dt = 0.00335214  0.00335214 (0.00335214/0.00783284)
Level[5]: dt = 0.00171855  0.00171855 (0.00171855/0.00335214)
RebuildHierarchy: level = 5
TransferSubgridParticles[5]: Moved 0 particles, 0 stars, 0 active particles.
DetermineSGSize: MaxSubgridSize = 2000, MinSubgridEdge = 4, ncells = 6288
RebuildHierarchy[5]: Flagged 0/17 grids. 0 flagged cells
Level[5]: dt = 0.00163359  0.00171174 (0.00335214/0.00335214)
EvolveLevel[5]: NumberOfSubCycles = 2 (641 total, 2 sub)
RebuildHierarchy: level = 4
TransferSubgridParticles[4]: Moved 0 particles, 0 stars, 0 active particles.
DetermineSGSize: MaxSubgridSize = 2000, MinSubgridEdge = 4, ncells = 6288
RebuildHierarchy[4]: Flagged 17/32 grids. 729 flagged cells
LoadBalance: Number of grids moved = 16 out of 17 (2.23331e-05 seconds elapsed)
DetermineSGSize: MaxSubgridSize = 2000, MinSubgridEdge = 4, ncells = 6288
RebuildHierarchy[5]: Flagged 0/17 grids. 0 flagged cells
Level[4]: dt = 0.00304735  0.00304735 (0.00639948/0.00783284)
Level[5]: dt = 0.00170672  0.00170672 (0.00170672/0.00304735)
RebuildHierarchy: level = 5
TransferSubgridParticles[5]: Moved 0 particles, 0 stars, 0 active particles.
DetermineSGSize: MaxSubgridSize = 2000, MinSubgridEdge = 4, ncells = 6288
RebuildHierarchy[5]: Flagged 0/17 grids. 0 flagged cells
Level[5]: dt = 0.00134063  0.00170299 (0.00304735/0.00304735)
EvolveLevel[5]: NumberOfSubCycles = 2 (643 total, 2 sub)
Level[4]: dt = 0.00143336  0.00329153 (0.00783284/0.00783284)
Level[5]: dt = 0.00143336  0.00169998 (0.00143336/0.00143336)
EvolveLevel[5]: NumberOfSubCycles = 1 (644 total, 1 sub)
EvolveLevel[4]: NumberOfSubCycles = 3 (279 total, 3 sub)
RebuildHierarchy: level = 3
TransferSubgridParticles[3]: Moved 5 particles, 0 stars, 0 active particles.
DetermineSGSize: MaxSubgridSize = 2000, MinSubgridEdge = 4, ncells = 13512
RebuildHierarchy[3]: Flagged 30/89 grids. 1362 flagged cells
LoadBalance: Number of grids moved = 27 out of 32 (2.85469e-05 seconds elapsed)
DetermineSGSize: MaxSubgridSize = 2000, MinSubgridEdge = 4, ncells = 6288
RebuildHierarchy[4]: Flagged 17/32 grids. 731 flagged cells
LoadBalance: Number of grids moved = 16 out of 17 (2.26423e-05 seconds elapsed)
DetermineSGSize: MaxSubgridSize = 2000, MinSubgridEdge = 4, ncells = 6288
RebuildHierarchy[5]: Flagged 0/17 grids. 0 flagged cells
Level[3]: dt = 0.00782438  0.00782438 (0.0156572/0.0161498)
Level[4]: dt = 0.00340681  0.00340681 (0.00340681/0.00782438)
Level[5]: dt = 0.00169772  0.00169772 (0.00169772/0.00340681)
RebuildHierarchy: level = 5
TransferSubgridParticles[5]: Moved 0 particles, 0 stars, 0 active particles.
DetermineSGSize: MaxSubgridSize = 2000, MinSubgridEdge = 4, ncells = 6288
RebuildHierarchy[5]: Flagged 0/17 grids. 0 flagged cells
Level[5]: dt = 0.00170909  0.00169646 (0.00340681/0.00340681)
EvolveLevel[5]: NumberOfSubCycles = 2 (646 total, 2 sub)
RebuildHierarchy: level = 4
TransferSubgridParticles[4]: Moved 0 particles, 0 stars, 0 active particles.
DetermineSGSize: MaxSubgridSize = 2000, MinSubgridEdge = 4, ncells = 6288
RebuildHierarchy[4]: Flagged 17/32 grids. 731 flagged cells
LoadBalance: Number of grids moved = 16 out of 17 (2.26535e-05 seconds elapsed)
DetermineSGSize: MaxSubgridSize = 2000, MinSubgridEdge = 4, ncells = 6288
RebuildHierarchy[5]: Flagged 0/17 grids. 0 flagged cells
Level[4]: dt = 0.00318164  0.00318164 (0.00658846/0.00782438)
Level[5]: dt = 0.00169487  0.00169487 (0.00169487/0.00318164)
RebuildHierarchy: level = 5
TransferSubgridParticles[5]: Moved 0 particles, 0 stars, 0 active particles.
DetermineSGSize: MaxSubgridSize = 2000, MinSubgridEdge = 4, ncells = 6288
RebuildHierarchy[5]: Flagged 0/17 grids. 0 flagged cells
Level[5]: dt = 0.00148677  0.00169484 (0.00318164/0.00318164)
EvolveLevel[5]: NumberOfSubCycles = 2 (648 total, 2 sub)
Level[4]: dt = 0.00123592  0.00343574 (0.00782438/0.00782438)
Level[5]: dt = 0.00123592  0.00169586 (0.00123592/0.00123592)
EvolveLevel[5]: NumberOfSubCycles = 1 (649 total, 1 sub)
EvolveLevel[4]: NumberOfSubCycles = 3 (282 total, 3 sub)
Level[3]: dt = 0.000492545  0.00781957 (0.0161498/0.0161498)
Level[4]: dt = 0.000492545  0.00353683 (0.000492545/0.000492545)
Level[5]: dt = 0.000492545  0.00169641 (0.000492545/0.000492545)
EvolveLevel[5]: NumberOfSubCycles = 1 (650 total, 1 sub)
EvolveLevel[4]: NumberOfSubCycles = 1 (283 total, 1 sub)
EvolveLevel[3]: NumberOfSubCycles = 3 (113 total, 3 sub)
EvolveLevel[2]: NumberOfSubCycles = 2 (51 total, 2 sub)
RebuildHierarchy: level = 1
TransferSubgridParticles[1]: Moved 4572 particles, 0 stars, 0 active particles.
DetermineSGSize: MaxSubgridSize = 2000, MinSubgridEdge = 4, ncells = 344696
RebuildHierarchy[1]: Flagged 338/4679 grids. 25710 flagged cells
LoadBalance: Number of grids moved = 415 out of 418 (0.0019231 seconds elapsed)
DetermineSGSize: MaxSubgridSize = 2000, MinSubgridEdge = 4, ncells = 65536
RebuildHierarchy[2]: Flagged 88/418 grids. 5028 flagged cells
LoadBalance: Number of grids moved = 92 out of 92 (0.00148198 seconds elapsed)
DetermineSGSize: MaxSubgridSize = 2000, MinSubgridEdge = 4, ncells = 13272
RebuildHierarchy[3]: Flagged 30/92 grids. 1378 flagged cells
LoadBalance: Number of grids moved = 28 out of 31 (3.0905e-05 seconds elapsed)
DetermineSGSize: MaxSubgridSize = 2000, MinSubgridEdge = 4, ncells = 6288
RebuildHierarchy[4]: Flagged 16/31 grids. 725 flagged cells
LoadBalance: Number of grids moved = 15 out of 16 (2.29701e-05 seconds elapsed)
DetermineSGSize: MaxSubgridSize = 2000, MinSubgridEdge = 4, ncells = 6288
RebuildHierarchy[5]: Flagged 0/16 grids. 0 flagged cells
Level[1]: dt = 0.0313097  0.0322094 (0.06351/0.06351)
Level[2]: dt = 0.016073  0.016073 (0.016073/0.0313097)
Level[3]: dt = 0.0078194  0.0078194 (0.0078194/0.016073)
Level[4]: dt = 0.00357915  0.00357915 (0.00357915/0.0078194)
Level[5]: dt = 0.00169694  0.00169694 (0.00169694/0.00357915)
RebuildHierarchy: level = 5
TransferSubgridParticles[5]: Moved 0 particles, 0 stars, 0 active particles.
DetermineSGSize: MaxSubgridSize = 2000, MinSubgridEdge = 4, ncells = 6216
RebuildHierarchy[5]: Flagged 0/16 grids. 0 flagged cells
Level[5]: dt = 0.00169948  0.00169948 (0.00339642/0.00357915)
RebuildHierarchy: level = 5
TransferSubgridParticles[5]: Moved 0 particles, 0 stars, 0 active particles.
DetermineSGSize: MaxSubgridSize = 2000, MinSubgridEdge = 4, ncells = 6216
RebuildHierarchy[5]: Flagged 0/16 grids. 0 flagged cells
Level[5]: dt = 0.000182729  0.00170176 (0.00357915/0.00357915)
EvolveLevel[5]: NumberOfSubCycles = 3 (653 total, 3 sub)
RebuildHierarchy: level = 4
TransferSubgridParticles[4]: Moved 0 particles, 0 stars, 0 active particles.
DetermineSGSize: MaxSubgridSize = 2000, MinSubgridEdge = 4, ncells = 6216
RebuildHierarchy[4]: Flagged 16/31 grids. 725 flagged cells
LoadBalance: Number of grids moved = 15 out of 16 (2.28547e-05 seconds elapsed)
DetermineSGSize: MaxSubgridSize = 2000, MinSubgridEdge = 4, ncells = 6216
RebuildHierarchy[5]: Flagged 0/16 grids. 0 flagged cells
Level[4]: dt = 0.00370768  0.00370768 (0.00728683/0.0078194)
Level[5]: dt = 0.0017022  0.0017022 (0.0017022/0.00370768)
RebuildHierarchy: level = 5
TransferSubgridParticles[5]: Moved 0 particles, 0 stars, 0 active particles.
DetermineSGSize: MaxSubgridSize = 2000, MinSubgridEdge = 4, ncells = 6216
RebuildHierarchy[5]: Flagged 0/16 grids. 0 flagged cells
Level[5]: dt = 0.00170695  0.00170695 (0.00340915/0.00370768)
RebuildHierarchy: level = 5
TransferSubgridParticles[5]: Moved 0 particles, 0 stars, 0 active particles.
DetermineSGSize: MaxSubgridSize = 2000, MinSubgridEdge = 4, ncells = 6216
RebuildHierarchy[5]: Flagged 0/16 grids. 0 flagged cells
Level[5]: dt = 0.000298527  0.0017127 (0.00370768/0.00370768)
EvolveLevel[5]: NumberOfSubCycles = 3 (656 total, 3 sub)
Level[4]: dt = 0.000532571  0.00372285 (0.0078194/0.0078194)
Level[5]: dt = 0.000532571  0.00171394 (0.000532571/0.000532571)
EvolveLevel[5]: NumberOfSubCycles = 1 (657 total, 1 sub)
EvolveLevel[4]: NumberOfSubCycles = 3 (286 total, 3 sub)
RebuildHierarchy: level = 3
TransferSubgridParticles[3]: Moved 6 particles, 0 stars, 0 active particles.
DetermineSGSize: MaxSubgridSize = 2000, MinSubgridEdge = 4, ncells = 14336
RebuildHierarchy[3]: Flagged 30/92 grids. 1411 flagged cells
LoadBalance: Number of grids moved = 29 out of 32 (2.83308e-05 seconds elapsed)
DetermineSGSize: MaxSubgridSize = 2000, MinSubgridEdge = 4, ncells = 6216
RebuildHierarchy[4]: Flagged 16/32 grids. 722 flagged cells
LoadBalance: Number of grids moved = 15 out of 16 (2.36295e-05 seconds elapsed)
DetermineSGSize: MaxSubgridSize = 2000, MinSubgridEdge = 4, ncells = 6216
RebuildHierarchy[5]: Flagged 0/16 grids. 0 flagged cells
Level[3]: dt = 0.00781856  0.00781856 (0.015638/0.016073)
Level[4]: dt = 0.00372512  0.00372512 (0.00372512/0.00781856)
Level[5]: dt = 0.00171623  0.00171623 (0.00171623/0.00372512)
RebuildHierarchy: level = 5
TransferSubgridParticles[5]: Moved 0 particles, 0 stars, 0 active particles.
DetermineSGSize: MaxSubgridSize = 2000, MinSubgridEdge = 4, ncells = 6216
RebuildHierarchy[5]: Flagged 0/16 grids. 0 flagged cells
Level[5]: dt = 0.0017242  0.0017242 (0.00344043/0.00372512)
RebuildHierarchy: level = 5
TransferSubgridParticles[5]: Moved 0 particles, 0 stars, 0 active particles.
DetermineSGSize: MaxSubgridSize = 2000, MinSubgridEdge = 4, ncells = 6216
RebuildHierarchy[5]: Flagged 0/16 grids. 0 flagged cells
Level[5]: dt = 0.000284692  0.00173412 (0.00372512/0.00372512)
EvolveLevel[5]: NumberOfSubCycles = 3 (660 total, 3 sub)
RebuildHierarchy: level = 4
TransferSubgridParticles[4]: Moved 1 particles, 0 stars, 0 active particles.
DetermineSGSize: MaxSubgridSize = 2000, MinSubgridEdge = 4, ncells = 6216
RebuildHierarchy[4]: Flagged 16/32 grids. 722 flagged cells
LoadBalance: Number of grids moved = 15 out of 16 (2.30521e-05 seconds elapsed)
DetermineSGSize: MaxSubgridSize = 2000, MinSubgridEdge = 4, ncells = 6216
RebuildHierarchy[5]: Flagged 0/16 grids. 0 flagged cells
Level[4]: dt = 0.00374196  0.00374196 (0.00746708/0.00781856)
Level[5]: dt = 0.00173585  0.00173585 (0.00173585/0.00374196)
RebuildHierarchy: level = 5
TransferSubgridParticles[5]: Moved 0 particles, 0 stars, 0 active particles.
DetermineSGSize: MaxSubgridSize = 2000, MinSubgridEdge = 4, ncells = 6272
RebuildHierarchy[5]: Flagged 0/16 grids. 0 flagged cells
Level[5]: dt = 0.00174708  0.00174708 (0.00348293/0.00374196)
RebuildHierarchy: level = 5
TransferSubgridParticles[5]: Moved 0 particles, 0 stars, 0 active particles.
DetermineSGSize: MaxSubgridSize = 2000, MinSubgridEdge = 4, ncells = 6272
RebuildHierarchy[5]: Flagged 0/16 grids. 0 flagged cells
Level[5]: dt = 0.000259032  0.00175914 (0.00374196/0.00374196)
EvolveLevel[5]: NumberOfSubCycles = 3 (663 total, 3 sub)
Level[4]: dt = 0.000351481  0.00375821 (0.00781856/0.00781856)
Level[5]: dt = 0.000351481  0.00175882 (0.000351481/0.000351481)
EvolveLevel[5]: NumberOfSubCycles = 1 (664 total, 1 sub)
EvolveLevel[4]: NumberOfSubCycles = 3 (289 total, 3 sub)
Level[3]: dt = 0.000435079  0.00782142 (0.016073/0.016073)
Level[4]: dt = 0.000435079  0.00375836 (0.000435079/0.000435079)
Level[5]: dt = 0.000435079  0.00175841 (0.000435079/0.000435079)
EvolveLevel[5]: NumberOfSubCycles = 1 (665 total, 1 sub)
EvolveLevel[4]: NumberOfSubCycles = 1 (290 total, 1 sub)
EvolveLevel[3]: NumberOfSubCycles = 3 (116 total, 3 sub)
RebuildHierarchy: level = 2
TransferSubgridParticles[2]: Moved 67 particles, 0 stars, 0 active particles.
DetermineSGSize: MaxSubgridSize = 2000, MinSubgridEdge = 4, ncells = 66440
RebuildHierarchy[2]: Flagged 88/418 grids. 5086 flagged cells
LoadBalance: Number of grids moved = 92 out of 92 (0.00159333 seconds elapsed)
DetermineSGSize: MaxSubgridSize = 2000, MinSubgridEdge = 4, ncells = 14648
RebuildHierarchy[3]: Flagged 31/92 grids. 1474 flagged cells
LoadBalance: Number of grids moved = 30 out of 33 (2.8342e-05 seconds elapsed)
DetermineSGSize: MaxSubgridSize = 2000, MinSubgridEdge = 4, ncells = 6272
RebuildHierarchy[4]: Flagged 16/33 grids. 716 flagged cells
LoadBalance: Number of grids moved = 15 out of 16 (2.21878e-05 seconds elapsed)
DetermineSGSize: MaxSubgridSize = 2000, MinSubgridEdge = 4, ncells = 6272
RebuildHierarchy[5]: Flagged 0/16 grids. 0 flagged cells
Level[2]: dt = 0.0152367  0.0161228 (0.0313097/0.0313097)
Level[3]: dt = 0.00782172  0.00782172 (0.00782172/0.0152367)
Level[4]: dt = 0.00375855  0.00375855 (0.00375855/0.00782172)
Level[5]: dt = 0.00175793  0.00175793 (0.00175793/0.00375855)
RebuildHierarchy: level = 5
TransferSubgridParticles[5]: Moved 0 particles, 0 stars, 0 active particles.
DetermineSGSize: MaxSubgridSize = 2000, MinSubgridEdge = 4, ncells = 6272
RebuildHierarchy[5]: Flagged 0/16 grids. 0 flagged cells
Level[5]: dt = 0.00175625  0.00175625 (0.00351418/0.00375855)
RebuildHierarchy: level = 5
TransferSubgridParticles[5]: Moved 0 particles, 0 stars, 0 active particles.
DetermineSGSize: MaxSubgridSize = 2000, MinSubgridEdge = 4, ncells = 6272
RebuildHierarchy[5]: Flagged 0/16 grids. 0 flagged cells
Level[5]: dt = 0.000244369  0.00175506 (0.00375855/0.00375855)
EvolveLevel[5]: NumberOfSubCycles = 3 (668 total, 3 sub)
RebuildHierarchy: level = 4
TransferSubgridParticles[4]: Moved 0 particles, 0 stars, 0 active particles.
DetermineSGSize: MaxSubgridSize = 2000, MinSubgridEdge = 4, ncells = 6272
RebuildHierarchy[4]: Flagged 16/33 grids. 716 flagged cells
LoadBalance: Number of grids moved = 15 out of 16 (2.17371e-05 seconds elapsed)
DetermineSGSize: MaxSubgridSize = 2000, MinSubgridEdge = 4, ncells = 6272
RebuildHierarchy[5]: Flagged 0/16 grids. 0 flagged cells
Level[4]: dt = 0.00376079  0.00376079 (0.00751934/0.00782172)
Level[5]: dt = 0.00175489  0.00175489 (0.00175489/0.00376079)
RebuildHierarchy: level = 5
TransferSubgridParticles[5]: Moved 0 particles, 0 stars, 0 active particles.
DetermineSGSize: MaxSubgridSize = 2000, MinSubgridEdge = 4, ncells = 6208
RebuildHierarchy[5]: Flagged 0/16 grids. 0 flagged cells
Level[5]: dt = 0.00175395  0.00175395 (0.00350884/0.00376079)
RebuildHierarchy: level = 5
TransferSubgridParticles[5]: Moved 0 particles, 0 stars, 0 active particles.
DetermineSGSize: MaxSubgridSize = 2000, MinSubgridEdge = 4, ncells = 6208
RebuildHierarchy[5]: Flagged 0/16 grids. 0 flagged cells
Level[5]: dt = 0.000251949  0.00175357 (0.00376079/0.00376079)
EvolveLevel[5]: NumberOfSubCycles = 3 (671 total, 3 sub)
Level[4]: dt = 0.000302378  0.00376395 (0.00782172/0.00782172)
Level[5]: dt = 0.000302378  0.00175348 (0.000302378/0.000302378)
EvolveLevel[5]: NumberOfSubCycles = 1 (672 total, 1 sub)
EvolveLevel[4]: NumberOfSubCycles = 3 (293 total, 3 sub)
RebuildHierarchy: level = 3
TransferSubgridParticles[3]: Moved 3 particles, 0 stars, 0 active particles.
DetermineSGSize: MaxSubgridSize = 2000, MinSubgridEdge = 4, ncells = 14960
RebuildHierarchy[3]: Flagged 31/92 grids. 1495 flagged cells
LoadBalance: Number of grids moved = 30 out of 33 (2.84538e-05 seconds elapsed)
DetermineSGSize: MaxSubgridSize = 2000, MinSubgridEdge = 4, ncells = 6208
RebuildHierarchy[4]: Flagged 16/33 grids. 713 flagged cells
LoadBalance: Number of grids moved = 15 out of 16 (2.19829e-05 seconds elapsed)
DetermineSGSize: MaxSubgridSize = 2000, MinSubgridEdge = 4, ncells = 6208
RebuildHierarchy[5]: Flagged 0/16 grids. 0 flagged cells
Level[3]: dt = 0.00741498  0.00782802 (0.0152367/0.0152367)
Level[4]: dt = 0.00376418  0.00376418 (0.00376418/0.00741498)
Level[5]: dt = 0.00175338  0.00175338 (0.00175338/0.00376418)
RebuildHierarchy: level = 5
TransferSubgridParticles[5]: Moved 0 particles, 0 stars, 0 active particles.
DetermineSGSize: MaxSubgridSize = 2000, MinSubgridEdge = 4, ncells = 6208
RebuildHierarchy[5]: Flagged 0/16 grids. 0 flagged cells
Level[5]: dt = 0.00175336  0.00175336 (0.00350673/0.00376418)
RebuildHierarchy: level = 5
TransferSubgridParticles[5]: Moved 0 particles, 0 stars, 0 active particles.
DetermineSGSize: MaxSubgridSize = 2000, MinSubgridEdge = 4, ncells = 6208
RebuildHierarchy[5]: Flagged 0/16 grids. 0 flagged cells
Level[5]: dt = 0.00025745  0.00175372 (0.00376418/0.00376418)
EvolveLevel[5]: NumberOfSubCycles = 3 (675 total, 3 sub)
RebuildHierarchy: level = 4
TransferSubgridParticles[4]: Moved 0 particles, 0 stars, 0 active particles.
DetermineSGSize: MaxSubgridSize = 2000, MinSubgridEdge = 4, ncells = 6208
RebuildHierarchy[4]: Flagged 16/33 grids. 695 flagged cells
LoadBalance: Number of grids moved = 15 out of 16 (2.28137e-05 seconds elapsed)
DetermineSGSize: MaxSubgridSize = 2000, MinSubgridEdge = 4, ncells = 6208
RebuildHierarchy[5]: Flagged 0/16 grids. 0 flagged cells
Level[4]: dt = 0.00365079  0.00376766 (0.00741498/0.00741498)
Level[5]: dt = 0.00175375  0.00175375 (0.00175375/0.00365079)
RebuildHierarchy: level = 5
TransferSubgridParticles[5]: Moved 0 particles, 0 stars, 0 active particles.
DetermineSGSize: MaxSubgridSize = 2000, MinSubgridEdge = 4, ncells = 6016
RebuildHierarchy[5]: Flagged 0/16 grids. 0 flagged cells
Level[5]: dt = 0.00175474  0.00175474 (0.00350849/0.00365079)
RebuildHierarchy: level = 5
TransferSubgridParticles[5]: Moved 0 particles, 0 stars, 0 active particles.
DetermineSGSize: MaxSubgridSize = 2000, MinSubgridEdge = 4, ncells = 6016
RebuildHierarchy[5]: Flagged 0/16 grids. 0 flagged cells
Level[5]: dt = 0.000142304  0.00175646 (0.00365079/0.00365079)
EvolveLevel[5]: NumberOfSubCycles = 3 (678 total, 3 sub)
EvolveLevel[4]: NumberOfSubCycles = 2 (295 total, 2 sub)
EvolveLevel[3]: NumberOfSubCycles = 2 (118 total, 2 sub)
EvolveLevel[2]: NumberOfSubCycles = 2 (53 total, 2 sub)
EvolveLevel[1]: NumberOfSubCycles = 2 (27 total, 2 sub)
EvolveLevel[0]: NumberOfSubCycles = 1 (14 total, 14 sub)
RebuildHierarchy: level = 0
CommunicationTransferParticles: moved = 295425
CommunicationTransferStars: moved = 0
CommunicationTransferActiveParticles: moved = 0
DetermineSGSize: MaxSubgridSize = 2000, MinSubgridEdge = 4, ncells = 6063792
RebuildHierarchy[0]: Flagged 596/1120 grids. 399302 flagged cells
LoadBalance: Number of grids moved = 4750 out of 4791 (0.0175969 seconds elapsed)
DetermineSGSize: MaxSubgridSize = 2000, MinSubgridEdge = 4, ncells = 353016
RebuildHierarchy[1]: Flagged 355/4791 grids. 25828 flagged cells
LoadBalance: Number of grids moved = 436 out of 443 (0.00211809 seconds elapsed)
DetermineSGSize: MaxSubgridSize = 2000, MinSubgridEdge = 4, ncells = 67256
RebuildHierarchy[2]: Flagged 93/443 grids. 5171 flagged cells
LoadBalance: Number of grids moved = 97 out of 97 (0.00143345 seconds elapsed)
DetermineSGSize: MaxSubgridSize = 2000, MinSubgridEdge = 4, ncells = 15232
RebuildHierarchy[3]: Flagged 30/97 grids. 1479 flagged cells
LoadBalance: Number of grids moved = 29 out of 32 (3.26037e-05 seconds elapsed)
DetermineSGSize: MaxSubgridSize = 2000, MinSubgridEdge = 4, ncells = 6016
RebuildHierarchy[4]: Flagged 16/32 grids. 686 flagged cells
LoadBalance: Number of grids moved = 15 out of 16 (2.18116e-05 seconds elapsed)
DetermineSGSize: MaxSubgridSize = 2000, MinSubgridEdge = 4, ncells = 6016
RebuildHierarchy[5]: Flagged 0/16 grids. 0 flagged cells
CPUTime-output: Frac = 0.999990, Current = 779.039 (778.274), Stop = 2592000.000000, Last = 25.836
[YT_INFO   ] Setting YT parameters ...
[YT_INFO   ] Setting YT parameters ... done.
[YT_INFO   ] Getting pointer to particle list information ...
[YT_INFO   ] Getting pointer to particle list information  ... done.
[YT_INFO   ] Getting pointer to field list information ...
[YT_INFO   ] Getting pointer to field list information  ... done.
[YT_INFO   ] Getting pointer to local grids information ...
[YT_INFO   ] Getting pointer to local grids information  ... done.
[YT_INFO   ] Loading full hierarchy and local data to libyt ...
[YT_INFO   ] Loading full hierarchy and local data ... done.
[YT_INFO   ] Performing YT inline analysis yt_inline_func() ...
[YT_INFO   ] Performing YT inline analysis yt_inline_func() ... done.
Level[0]: dt = 0.0635623  0.0635623 (0.0635623/0.0635623)
Level[1]: dt = 0.0322184  0.0322184 (0.0322184/0.0635623)
Level[2]: dt = 0.0161958  0.0161958 (0.0161958/0.0322184)
Level[3]: dt = 0.00783698  0.00783698 (0.00783698/0.0161958)
Level[4]: dt = 0.00374281  0.00374281 (0.00374281/0.00783698)
Level[5]: dt = 0.0017566  0.0017566 (0.0017566/0.00374281)
RebuildHierarchy: level = 5
TransferSubgridParticles[5]: Moved 0 particles, 0 stars, 0 active particles.
DetermineSGSize: MaxSubgridSize = 2000, MinSubgridEdge = 4, ncells = 5944
RebuildHierarchy[5]: Flagged 0/16 grids. 0 flagged cells
Level[5]: dt = 0.00175938  0.00175938 (0.00351598/0.00374281)
RebuildHierarchy: level = 5
TransferSubgridParticles[5]: Moved 0 particles, 0 stars, 0 active particles.
DetermineSGSize: MaxSubgridSize = 2000, MinSubgridEdge = 4, ncells = 5944
RebuildHierarchy[5]: Flagged 0/16 grids. 0 flagged cells
Level[5]: dt = 0.000226829  0.00176392 (0.00374281/0.00374281)
EvolveLevel[5]: NumberOfSubCycles = 3 (681 total, 3 sub)
RebuildHierarchy: level = 4
TransferSubgridParticles[4]: Moved 1 particles, 0 stars, 0 active particles.
DetermineSGSize: MaxSubgridSize = 2000, MinSubgridEdge = 4, ncells = 5944
RebuildHierarchy[4]: Flagged 16/32 grids. 680 flagged cells
LoadBalance: Number of grids moved = 15 out of 16 (2.18451e-05 seconds elapsed)
DetermineSGSize: MaxSubgridSize = 2000, MinSubgridEdge = 4, ncells = 5944
RebuildHierarchy[5]: Flagged 0/16 grids. 0 flagged cells
Level[4]: dt = 0.00371625  0.00371625 (0.00745905/0.00783698)
Level[5]: dt = 0.0017646  0.0017646 (0.0017646/0.00371625)
RebuildHierarchy: level = 5
TransferSubgridParticles[5]: Moved 0 particles, 0 stars, 0 active particles.
DetermineSGSize: MaxSubgridSize = 2000, MinSubgridEdge = 4, ncells = 5816
RebuildHierarchy[5]: Flagged 0/16 grids. 0 flagged cells
Level[5]: dt = 0.00177114  0.00177114 (0.00353574/0.00371625)
RebuildHierarchy: level = 5
TransferSubgridParticles[5]: Moved 0 particles, 0 stars, 0 active particles.
DetermineSGSize: MaxSubgridSize = 2000, MinSubgridEdge = 4, ncells = 5816
RebuildHierarchy[5]: Flagged 0/16 grids. 0 flagged cells
Level[5]: dt = 0.00018051  0.00178003 (0.00371625/0.00371625)
EvolveLevel[5]: NumberOfSubCycles = 3 (684 total, 3 sub)
Level[4]: dt = 0.000377931  0.00369547 (0.00783698/0.00783698)
Level[5]: dt = 0.000377931  0.00178104 (0.000377931/0.000377931)
EvolveLevel[5]: NumberOfSubCycles = 1 (685 total, 1 sub)
EvolveLevel[4]: NumberOfSubCycles = 3 (298 total, 3 sub)
RebuildHierarchy: level = 3
TransferSubgridParticles[3]: Moved 355 particles, 0 stars, 0 active particles.
DetermineSGSize: MaxSubgridSize = 2000, MinSubgridEdge = 4, ncells = 15472
RebuildHierarchy[3]: Flagged 31/97 grids. 1510 flagged cells
LoadBalance: Number of grids moved = 30 out of 33 (2.82153e-05 seconds elapsed)
DetermineSGSize: MaxSubgridSize = 2000, MinSubgridEdge = 4, ncells = 5816
RebuildHierarchy[4]: Flagged 16/33 grids. 704 flagged cells
LoadBalance: Number of grids moved = 15 out of 16 (2.12193e-05 seconds elapsed)
DetermineSGSize: MaxSubgridSize = 2000, MinSubgridEdge = 4, ncells = 5816
RebuildHierarchy[5]: Flagged 0/16 grids. 0 flagged cells
Level[3]: dt = 0.00784997  0.00784997 (0.015687/0.0161958)
Level[4]: dt = 0.00369353  0.00369353 (0.00369353/0.00784997)
Level[5]: dt = 0.00178323  0.00178323 (0.00178323/0.00369353)
RebuildHierarchy: level = 5
TransferSubgridParticles[5]: Moved 0 particles, 0 stars, 0 active particles.
DetermineSGSize: MaxSubgridSize = 2000, MinSubgridEdge = 4, ncells = 6056
RebuildHierarchy[5]: Flagged 0/16 grids. 0 flagged cells
Level[5]: dt = 0.00179215  0.00179215 (0.00357538/0.00369353)
RebuildHierarchy: level = 5
TransferSubgridParticles[5]: Moved 0 particles, 0 stars, 0 active particles.
DetermineSGSize: MaxSubgridSize = 2000, MinSubgridEdge = 4, ncells = 6056
RebuildHierarchy[5]: Flagged 0/16 grids. 0 flagged cells
Level[5]: dt = 0.000118152  0.00179316 (0.00369353/0.00369353)
EvolveLevel[5]: NumberOfSubCycles = 3 (688 total, 3 sub)
RebuildHierarchy: level = 4
TransferSubgridParticles[4]: Moved 2 particles, 0 stars, 0 active particles.
DetermineSGSize: MaxSubgridSize = 2000, MinSubgridEdge = 4, ncells = 6056
RebuildHierarchy[4]: Flagged 15/33 grids. 686 flagged cells
LoadBalance: Number of grids moved = 14 out of 15 (2.13683e-05 seconds elapsed)
DetermineSGSize: MaxSubgridSize = 2000, MinSubgridEdge = 4, ncells = 6056
RebuildHierarchy[5]: Flagged 0/15 grids. 0 flagged cells
Level[4]: dt = 0.00367875  0.00367875 (0.00737228/0.00784997)
Level[5]: dt = 0.0017932  0.0017932 (0.0017932/0.00367875)
RebuildHierarchy: level = 5
TransferSubgridParticles[5]: Moved 0 particles, 0 stars, 0 active particles.
DetermineSGSize: MaxSubgridSize = 2000, MinSubgridEdge = 4, ncells = 5912
RebuildHierarchy[5]: Flagged 0/15 grids. 0 flagged cells
Level[5]: dt = 0.00179411  0.00179411 (0.00358731/0.00367875)
RebuildHierarchy: level = 5
TransferSubgridParticles[5]: Moved 0 particles, 0 stars, 0 active particles.
DetermineSGSize: MaxSubgridSize = 2000, MinSubgridEdge = 4, ncells = 5912
RebuildHierarchy[5]: Flagged 0/15 grids. 0 flagged cells
Level[5]: dt = 9.14417e-05  0.00178937 (0.00367875/0.00367875)
EvolveLevel[5]: NumberOfSubCycles = 3 (691 total, 3 sub)
Level[4]: dt = 0.000477688  0.00366819 (0.00784997/0.00784997)
Level[5]: dt = 0.000477688  0.00178893 (0.000477688/0.000477688)
EvolveLevel[5]: NumberOfSubCycles = 1 (692 total, 1 sub)
EvolveLevel[4]: NumberOfSubCycles = 3 (301 total, 3 sub)
Level[3]: dt = 0.000508837  0.00783355 (0.0161958/0.0161958)
Level[4]: dt = 0.000508837  0.00366721 (0.000508837/0.000508837)
Level[5]: dt = 0.000508837  0.00178663 (0.000508837/0.000508837)
EvolveLevel[5]: NumberOfSubCycles = 1 (693 total, 1 sub)
EvolveLevel[4]: NumberOfSubCycles = 1 (302 total, 1 sub)
EvolveLevel[3]: NumberOfSubCycles = 3 (121 total, 3 sub)
RebuildHierarchy: level = 2
TransferSubgridParticles[2]: Moved 2294 particles, 0 stars, 0 active particles.
DetermineSGSize: MaxSubgridSize = 2000, MinSubgridEdge = 4, ncells = 67600
RebuildHierarchy[2]: Flagged 95/443 grids. 5265 flagged cells
LoadBalance: Number of grids moved = 99 out of 99 (0.00160291 seconds elapsed)
DetermineSGSize: MaxSubgridSize = 2000, MinSubgridEdge = 4, ncells = 15568
RebuildHierarchy[3]: Flagged 31/99 grids. 1495 flagged cells
LoadBalance: Number of grids moved = 30 out of 33 (2.99327e-05 seconds elapsed)
DetermineSGSize: MaxSubgridSize = 2000, MinSubgridEdge = 4, ncells = 5912
RebuildHierarchy[4]: Flagged 15/33 grids. 668 flagged cells
LoadBalance: Number of grids moved = 14 out of 15 (2.19084e-05 seconds elapsed)
DetermineSGSize: MaxSubgridSize = 2000, MinSubgridEdge = 4, ncells = 5912
RebuildHierarchy[5]: Flagged 0/15 grids. 0 flagged cells
Level[2]: dt = 0.0160226  0.0163011 (0.0322184/0.0322184)
Level[3]: dt = 0.00783194  0.00783194 (0.00783194/0.0160226)
Level[4]: dt = 0.00366578  0.00366578 (0.00366578/0.00783194)
Level[5]: dt = 0.00178425  0.00178425 (0.00178425/0.00366578)
RebuildHierarchy: level = 5
TransferSubgridParticles[5]: Moved 0 particles, 0 stars, 0 active particles.
DetermineSGSize: MaxSubgridSize = 2000, MinSubgridEdge = 4, ncells = 5720
RebuildHierarchy[5]: Flagged 0/15 grids. 0 flagged cells
Level[5]: dt = 0.00177633  0.00177633 (0.00356059/0.00366578)
RebuildHierarchy: level = 5
TransferSubgridParticles[5]: Moved 0 particles, 0 stars, 0 active particles.
DetermineSGSize: MaxSubgridSize = 2000, MinSubgridEdge = 4, ncells = 5720
RebuildHierarchy[5]: Flagged 0/15 grids. 0 flagged cells
Level[5]: dt = 0.000105193  0.00176914 (0.00366578/0.00366578)
EvolveLevel[5]: NumberOfSubCycles = 3 (696 total, 3 sub)
RebuildHierarchy: level = 4
TransferSubgridParticles[4]: Moved 0 particles, 0 stars, 0 active particles.
DetermineSGSize: MaxSubgridSize = 2000, MinSubgridEdge = 4, ncells = 5720
RebuildHierarchy[4]: Flagged 15/33 grids. 653 flagged cells
LoadBalance: Number of grids moved = 14 out of 15 (2.18116e-05 seconds elapsed)
DetermineSGSize: MaxSubgridSize = 2000, MinSubgridEdge = 4, ncells = 5720
RebuildHierarchy[5]: Flagged 0/15 grids. 0 flagged cells
Level[4]: dt = 0.00366138  0.00366138 (0.00732716/0.00783194)
Level[5]: dt = 0.00176876  0.00176876 (0.00176876/0.00366138)
RebuildHierarchy: level = 5
TransferSubgridParticles[5]: Moved 0 particles, 0 stars, 0 active particles.
DetermineSGSize: MaxSubgridSize = 2000, MinSubgridEdge = 4, ncells = 5608
RebuildHierarchy[5]: Flagged 0/15 grids. 0 flagged cells
Level[5]: dt = 0.00176304  0.00176304 (0.0035318/0.00366138)
RebuildHierarchy: level = 5
TransferSubgridParticles[5]: Moved 0 particles, 0 stars, 0 active particles.
DetermineSGSize: MaxSubgridSize = 2000, MinSubgridEdge = 4, ncells = 5608
RebuildHierarchy[5]: Flagged 0/15 grids. 0 flagged cells
Level[5]: dt = 0.000129585  0.00175858 (0.00366138/0.00366138)
EvolveLevel[5]: NumberOfSubCycles = 3 (699 total, 3 sub)
Level[4]: dt = 0.000504778  0.00366307 (0.00783194/0.00783194)
Level[5]: dt = 0.000504778  0.0017583 (0.000504778/0.000504778)
EvolveLevel[5]: NumberOfSubCycles = 1 (700 total, 1 sub)
EvolveLevel[4]: NumberOfSubCycles = 3 (305 total, 3 sub)
RebuildHierarchy: level = 3
TransferSubgridParticles[3]: Moved 10 particles, 0 stars, 0 active particles.
DetermineSGSize: MaxSubgridSize = 2000, MinSubgridEdge = 4, ncells = 15496
RebuildHierarchy[3]: Flagged 31/99 grids. 1498 flagged cells
LoadBalance: Number of grids moved = 30 out of 33 (2.89269e-05 seconds elapsed)
DetermineSGSize: MaxSubgridSize = 2000, MinSubgridEdge = 4, ncells = 5608
RebuildHierarchy[4]: Flagged 15/33 grids. 662 flagged cells
LoadBalance: Number of grids moved = 14 out of 15 (2.12938e-05 seconds elapsed)
DetermineSGSize: MaxSubgridSize = 2000, MinSubgridEdge = 4, ncells = 5608
RebuildHierarchy[5]: Flagged 0/15 grids. 0 flagged cells
Level[3]: dt = 0.00819062  0.0078093 (0.0160226/0.0160226)
Level[4]: dt = 0.00366366  0.00366366 (0.00366366/0.00819062)
Level[5]: dt = 0.00175433  0.00175433 (0.00175433/0.00366366)
RebuildHierarchy: level = 5
TransferSubgridParticles[5]: Moved 0 particles, 0 stars, 0 active particles.
DetermineSGSize: MaxSubgridSize = 2000, MinSubgridEdge = 4, ncells = 5736
RebuildHierarchy[5]: Flagged 0/15 grids. 0 flagged cells
Level[5]: dt = 0.00173149  0.00173149 (0.00348582/0.00366366)
RebuildHierarchy: level = 5
TransferSubgridParticles[5]: Moved 0 particles, 0 stars, 0 active particles.
DetermineSGSize: MaxSubgridSize = 2000, MinSubgridEdge = 4, ncells = 5736
RebuildHierarchy[5]: Flagged 0/15 grids. 0 flagged cells
Level[5]: dt = 0.000177835  0.0017122 (0.00366366/0.00366366)
EvolveLevel[5]: NumberOfSubCycles = 3 (703 total, 3 sub)
RebuildHierarchy: level = 4
TransferSubgridParticles[4]: Moved 1 particles, 0 stars, 0 active particles.
DetermineSGSize: MaxSubgridSize = 2000, MinSubgridEdge = 4, ncells = 5736
RebuildHierarchy[4]: Flagged 15/33 grids. 662 flagged cells
LoadBalance: Number of grids moved = 14 out of 15 (2.15508e-05 seconds elapsed)
DetermineSGSize: MaxSubgridSize = 2000, MinSubgridEdge = 4, ncells = 5736
RebuildHierarchy[5]: Flagged 0/15 grids. 0 flagged cells
Level[4]: dt = 0.0036719  0.0036719 (0.00733556/0.00819062)
Level[5]: dt = 0.00171044  0.00171044 (0.00171044/0.0036719)
RebuildHierarchy: level = 5
TransferSubgridParticles[5]: Moved 0 particles, 0 stars, 0 active particles.
DetermineSGSize: MaxSubgridSize = 2000, MinSubgridEdge = 4, ncells = 5736
RebuildHierarchy[5]: Flagged 0/15 grids. 0 flagged cells
Level[5]: dt = 0.00169484  0.00169484 (0.00340528/0.0036719)
RebuildHierarchy: level = 5
TransferSubgridParticles[5]: Moved 0 particles, 0 stars, 0 active particles.
DetermineSGSize: MaxSubgridSize = 2000, MinSubgridEdge = 4, ncells = 5736
RebuildHierarchy[5]: Flagged 0/15 grids. 0 flagged cells
Level[5]: dt = 0.00026662  0.00168269 (0.0036719/0.0036719)
EvolveLevel[5]: NumberOfSubCycles = 3 (706 total, 3 sub)
Level[4]: dt = 0.000855063  0.00368509 (0.00819062/0.00819062)
Level[5]: dt = 0.000855063  0.00168114 (0.000855063/0.000855063)
EvolveLevel[5]: NumberOfSubCycles = 1 (707 total, 1 sub)
EvolveLevel[4]: NumberOfSubCycles = 3 (308 total, 3 sub)
EvolveLevel[3]: NumberOfSubCycles = 2 (123 total, 2 sub)
EvolveLevel[2]: NumberOfSubCycles = 2 (55 total, 2 sub)
RebuildHierarchy: level = 1
TransferSubgridParticles[1]: Moved 51320 particles, 0 stars, 0 active particles.
DetermineSGSize: MaxSubgridSize = 2000, MinSubgridEdge = 4, ncells = 348528
RebuildHierarchy[1]: Flagged 357/4791 grids. 26424 flagged cells
LoadBalance: Number of grids moved = 446 out of 450 (0.000647631 seconds elapsed)
DetermineSGSize: MaxSubgridSize = 2000, MinSubgridEdge = 4, ncells = 68104
RebuildHierarchy[2]: Flagged 98/450 grids. 5321 flagged cells
LoadBalance: Number of grids moved = 102 out of 103 (0.00200973 seconds elapsed)
DetermineSGSize: MaxSubgridSize = 2000, MinSubgridEdge = 4, ncells = 15464
RebuildHierarchy[3]: Flagged 31/103 grids. 1486 flagged cells
LoadBalance: Number of grids moved = 29 out of 32 (3.19555e-05 seconds elapsed)
DetermineSGSize: MaxSubgridSize = 2000, MinSubgridEdge = 4, ncells = 5736
RebuildHierarchy[4]: Flagged 15/32 grids. 671 flagged cells
LoadBalance: Number of grids moved = 14 out of 15 (2.12789e-05 seconds elapsed)
DetermineSGSize: MaxSubgridSize = 2000, MinSubgridEdge = 4, ncells = 5736
RebuildHierarchy[5]: Flagged 0/15 grids. 0 flagged cells
Level[1]: dt = 0.0313439  0.0322276 (0.0635623/0.0635623)
Level[2]: dt = 0.0162494  0.0162494 (0.0162494/0.0313439)
Level[3]: dt = 0.00779206  0.00779206 (0.00779206/0.0162494)
Level[4]: dt = 0.00368891  0.00368891 (0.00368891/0.00779206)
Level[5]: dt = 0.0016765  0.0016765 (0.0016765/0.00368891)
RebuildHierarchy: level = 5
TransferSubgridParticles[5]: Moved 0 particles, 0 stars, 0 active particles.
DetermineSGSize: MaxSubgridSize = 2000, MinSubgridEdge = 4, ncells = 5808
RebuildHierarchy[5]: Flagged 0/15 grids. 0 flagged cells
Level[5]: dt = 0.0016692  0.0016692 (0.0033457/0.00368891)
RebuildHierarchy: level = 5
TransferSubgridParticles[5]: Moved 0 particles, 0 stars, 0 active particles.
DetermineSGSize: MaxSubgridSize = 2000, MinSubgridEdge = 4, ncells = 5808
RebuildHierarchy[5]: Flagged 0/15 grids. 0 flagged cells
Level[5]: dt = 0.000343212  0.00166374 (0.00368891/0.00368891)
EvolveLevel[5]: NumberOfSubCycles = 3 (710 total, 3 sub)
RebuildHierarchy: level = 4
TransferSubgridParticles[4]: Moved 0 particles, 0 stars, 0 active particles.
DetermineSGSize: MaxSubgridSize = 2000, MinSubgridEdge = 4, ncells = 5808
RebuildHierarchy[4]: Flagged 15/32 grids. 689 flagged cells
LoadBalance: Number of grids moved = 14 out of 15 (2.14726e-05 seconds elapsed)
DetermineSGSize: MaxSubgridSize = 2000, MinSubgridEdge = 4, ncells = 5808
RebuildHierarchy[5]: Flagged 0/15 grids. 0 flagged cells
Level[4]: dt = 0.00370453  0.00370453 (0.00739344/0.00779206)
Level[5]: dt = 0.00166302  0.00166302 (0.00166302/0.00370453)
RebuildHierarchy: level = 5
TransferSubgridParticles[5]: Moved 0 particles, 0 stars, 0 active particles.
DetermineSGSize: MaxSubgridSize = 2000, MinSubgridEdge = 4, ncells = 6064
RebuildHierarchy[5]: Flagged 0/15 grids. 0 flagged cells
Level[5]: dt = 0.00166037  0.00166037 (0.00332339/0.00370453)
RebuildHierarchy: level = 5
TransferSubgridParticles[5]: Moved 0 particles, 0 stars, 0 active particles.
DetermineSGSize: MaxSubgridSize = 2000, MinSubgridEdge = 4, ncells = 6064
RebuildHierarchy[5]: Flagged 0/15 grids. 0 flagged cells
Level[5]: dt = 0.00038114  0.00165925 (0.00370453/0.00370453)
EvolveLevel[5]: NumberOfSubCycles = 3 (713 total, 3 sub)
Level[4]: dt = 0.000398622  0.00372059 (0.00779206/0.00779206)
Level[5]: dt = 0.000398622  0.00165939 (0.000398622/0.000398622)
EvolveLevel[5]: NumberOfSubCycles = 1 (714 total, 1 sub)
EvolveLevel[4]: NumberOfSubCycles = 3 (311 total, 3 sub)
RebuildHierarchy: level = 3
TransferSubgridParticles[3]: Moved 9 particles, 0 stars, 0 active particles.
DetermineSGSize: MaxSubgridSize = 2000, MinSubgridEdge = 4, ncells = 15392
RebuildHierarchy[3]: Flagged 31/103 grids. 1508 flagged cells
LoadBalance: Number of grids moved = 29 out of 32 (2.88822e-05 seconds elapsed)
DetermineSGSize: MaxSubgridSize = 2000, MinSubgridEdge = 4, ncells = 6064
RebuildHierarchy[4]: Flagged 15/32 grids. 674 flagged cells
LoadBalance: Number of grids moved = 14 out of 15 (2.07089e-05 seconds elapsed)
DetermineSGSize: MaxSubgridSize = 2000, MinSubgridEdge = 4, ncells = 6064
RebuildHierarchy[5]: Flagged 0/15 grids. 0 flagged cells
Level[3]: dt = 0.00777423  0.00777423 (0.0155663/0.0162494)
Level[4]: dt = 0.00372205  0.00372205 (0.00372205/0.00777423)
Level[5]: dt = 0.00165959  0.00165959 (0.00165959/0.00372205)
RebuildHierarchy: level = 5
TransferSubgridParticles[5]: Moved 0 particles, 0 stars, 0 active particles.
DetermineSGSize: MaxSubgridSize = 2000, MinSubgridEdge = 4, ncells = 5864
RebuildHierarchy[5]: Flagged 0/15 grids. 0 flagged cells
Level[5]: dt = 0.00166096  0.00166096 (0.00332055/0.00372205)
RebuildHierarchy: level = 5
TransferSubgridParticles[5]: Moved 0 particles, 0 stars, 0 active particles.
DetermineSGSize: MaxSubgridSize = 2000, MinSubgridEdge = 4, ncells = 5864
RebuildHierarchy[5]: Flagged 0/15 grids. 0 flagged cells
Level[5]: dt = 0.000401496  0.0016645 (0.00372205/0.00372205)
EvolveLevel[5]: NumberOfSubCycles = 3 (717 total, 3 sub)
RebuildHierarchy: level = 4
TransferSubgridParticles[4]: Moved 3 particles, 0 stars, 0 active particles.
DetermineSGSize: MaxSubgridSize = 2000, MinSubgridEdge = 4, ncells = 5864
RebuildHierarchy[4]: Flagged 15/32 grids. 683 flagged cells
LoadBalance: Number of grids moved = 14 out of 15 (2.1223e-05 seconds elapsed)
DetermineSGSize: MaxSubgridSize = 2000, MinSubgridEdge = 4, ncells = 5864
RebuildHierarchy[5]: Flagged 0/15 grids. 0 flagged cells
Level[4]: dt = 0.00373842  0.00373842 (0.00746047/0.00777423)
Level[5]: dt = 0.00166559  0.00166559 (0.00166559/0.00373842)
RebuildHierarchy: level = 5
TransferSubgridParticles[5]: Moved 0 particles, 0 stars, 0 active particles.
DetermineSGSize: MaxSubgridSize = 2000, MinSubgridEdge = 4, ncells = 5960
RebuildHierarchy[5]: Flagged 0/15 grids. 0 flagged cells
Level[5]: dt = 0.00167035  0.00167035 (0.00333594/0.00373842)
RebuildHierarchy: level = 5
TransferSubgridParticles[5]: Moved 0 particles, 0 stars, 0 active particles.
DetermineSGSize: MaxSubgridSize = 2000, MinSubgridEdge = 4, ncells = 5960
RebuildHierarchy[5]: Flagged 0/15 grids. 0 flagged cells
Level[5]: dt = 0.00040248  0.00167711 (0.00373842/0.00373842)
EvolveLevel[5]: NumberOfSubCycles = 3 (720 total, 3 sub)
Level[4]: dt = 0.000313759  0.00375445 (0.00777423/0.00777423)
Level[5]: dt = 0.000313759  0.00167908 (0.000313759/0.000313759)
EvolveLevel[5]: NumberOfSubCycles = 1 (721 total, 1 sub)
EvolveLevel[4]: NumberOfSubCycles = 3 (314 total, 3 sub)
Level[3]: dt = 0.000683158  0.00775003 (0.0162494/0.0162494)
Level[4]: dt = 0.000683158  0.00375572 (0.000683158/0.000683158)
Level[5]: dt = 0.000683158  0.00168064 (0.000683158/0.000683158)
EvolveLevel[5]: NumberOfSubCycles = 1 (722 total, 1 sub)
EvolveLevel[4]: NumberOfSubCycles = 1 (315 total, 1 sub)
EvolveLevel[3]: NumberOfSubCycles = 3 (126 total, 3 sub)
RebuildHierarchy: level = 2
TransferSubgridParticles[2]: Moved 52 particles, 0 stars, 0 active particles.
DetermineSGSize: MaxSubgridSize = 2000, MinSubgridEdge = 4, ncells = 67440
RebuildHierarchy[2]: Flagged 98/450 grids. 5360 flagged cells
LoadBalance: Number of grids moved = 102 out of 103 (0.00194564 seconds elapsed)
DetermineSGSize: MaxSubgridSize = 2000, MinSubgridEdge = 4, ncells = 15880
RebuildHierarchy[3]: Flagged 30/103 grids. 1470 flagged cells
LoadBalance: Number of grids moved = 28 out of 31 (2.86102e-05 seconds elapsed)
DetermineSGSize: MaxSubgridSize = 2000, MinSubgridEdge = 4, ncells = 5960
RebuildHierarchy[4]: Flagged 15/31 grids. 701 flagged cells
LoadBalance: Number of grids moved = 14 out of 15 (2.17631e-05 seconds elapsed)
DetermineSGSize: MaxSubgridSize = 2000, MinSubgridEdge = 4, ncells = 5960
RebuildHierarchy[5]: Flagged 0/15 grids. 0 flagged cells
Level[2]: dt = 0.0150945  0.0161214 (0.0313439/0.0313439)
Level[3]: dt = 0.00774805  0.00774805 (0.00774805/0.0150945)
Level[4]: dt = 0.00375878  0.00375878 (0.00375878/0.00774805)
Level[5]: dt = 0.00168432  0.00168432 (0.00168432/0.00375878)
RebuildHierarchy: level = 5
TransferSubgridParticles[5]: Moved 0 particles, 0 stars, 0 active particles.
DetermineSGSize: MaxSubgridSize = 2000, MinSubgridEdge = 4, ncells = 6160
RebuildHierarchy[5]: Flagged 0/15 grids. 0 flagged cells
Level[5]: dt = 0.00169467  0.00169467 (0.00337899/0.00375878)
RebuildHierarchy: level = 5
TransferSubgridParticles[5]: Moved 0 particles, 0 stars, 0 active particles.
DetermineSGSize: MaxSubgridSize = 2000, MinSubgridEdge = 4, ncells = 6160
RebuildHierarchy[5]: Flagged 0/15 grids. 0 flagged cells
Level[5]: dt = 0.00037979  0.00170793 (0.00375878/0.00375878)
EvolveLevel[5]: NumberOfSubCycles = 3 (725 total, 3 sub)
RebuildHierarchy: level = 4
TransferSubgridParticles[4]: Moved 0 particles, 0 stars, 0 active particles.
DetermineSGSize: MaxSubgridSize = 2000, MinSubgridEdge = 4, ncells = 6160
RebuildHierarchy[4]: Flagged 15/31 grids. 696 flagged cells
LoadBalance: Number of grids moved = 14 out of 15 (2.15173e-05 seconds elapsed)
DetermineSGSize: MaxSubgridSize = 2000, MinSubgridEdge = 4, ncells = 6160
RebuildHierarchy[5]: Flagged 0/15 grids. 0 flagged cells
Level[4]: dt = 0.00375759  0.00375759 (0.00751637/0.00774805)
Level[5]: dt = 0.00171124  0.00171124 (0.00171124/0.00375759)
RebuildHierarchy: level = 5
TransferSubgridParticles[5]: Moved 0 particles, 0 stars, 0 active particles.
DetermineSGSize: MaxSubgridSize = 2000, MinSubgridEdge = 4, ncells = 6160
RebuildHierarchy[5]: Flagged 0/15 grids. 0 flagged cells
Level[5]: dt = 0.00172674  0.00172674 (0.00343798/0.00375759)
RebuildHierarchy: level = 5
TransferSubgridParticles[5]: Moved 0 particles, 0 stars, 0 active particles.
DetermineSGSize: MaxSubgridSize = 2000, MinSubgridEdge = 4, ncells = 6160
RebuildHierarchy[5]: Flagged 0/15 grids. 0 flagged cells
Level[5]: dt = 0.00031961  0.00174569 (0.00375759/0.00375759)
EvolveLevel[5]: NumberOfSubCycles = 3 (728 total, 3 sub)
Level[4]: dt = 0.000231678  0.00374751 (0.00774805/0.00774805)
Level[5]: dt = 0.000231678  0.00174944 (0.000231678/0.000231678)
EvolveLevel[5]: NumberOfSubCycles = 1 (729 total, 1 sub)
EvolveLevel[4]: NumberOfSubCycles = 3 (318 total, 3 sub)
RebuildHierarchy: level = 3
TransferSubgridParticles[3]: Moved 11 particles, 0 stars, 0 active particles.
DetermineSGSize: MaxSubgridSize = 2000, MinSubgridEdge = 4, ncells = 15496
RebuildHierarchy[3]: Flagged 31/103 grids. 1482 flagged cells
LoadBalance: Number of grids moved = 29 out of 32 (2.72021e-05 seconds elapsed)
DetermineSGSize: MaxSubgridSize = 2000, MinSubgridEdge = 4, ncells = 6160
RebuildHierarchy[4]: Flagged 15/32 grids. 714 flagged cells
LoadBalance: Number of grids moved = 14 out of 15 (2.14837e-05 seconds elapsed)
DetermineSGSize: MaxSubgridSize = 2000, MinSubgridEdge = 4, ncells = 6160
RebuildHierarchy[5]: Flagged 0/15 grids. 0 flagged cells
Level[3]: dt = 0.00734644  0.00772737 (0.0150945/0.0150945)
Level[4]: dt = 0.00374691  0.00374691 (0.00374691/0.00734644)
Level[5]: dt = 0.00175202  0.00175202 (0.00175202/0.00374691)
RebuildHierarchy: level = 5
TransferSubgridParticles[5]: Moved 0 particles, 0 stars, 0 active particles.
DetermineSGSize: MaxSubgridSize = 2000, MinSubgridEdge = 4, ncells = 6384
RebuildHierarchy[5]: Flagged 0/15 grids. 0 flagged cells
Level[5]: dt = 0.00175874  0.00175874 (0.00351076/0.00374691)
RebuildHierarchy: level = 5
TransferSubgridParticles[5]: Moved 0 particles, 0 stars, 0 active particles.
DetermineSGSize: MaxSubgridSize = 2000, MinSubgridEdge = 4, ncells = 6384
RebuildHierarchy[5]: Flagged 0/15 grids. 0 flagged cells
Level[5]: dt = 0.00023615  0.0017606 (0.00374691/0.00374691)
EvolveLevel[5]: NumberOfSubCycles = 3 (732 total, 3 sub)
RebuildHierarchy: level = 4
TransferSubgridParticles[4]: Moved 0 particles, 0 stars, 0 active particles.
DetermineSGSize: MaxSubgridSize = 2000, MinSubgridEdge = 4, ncells = 6384
RebuildHierarchy[4]: Flagged 15/32 grids. 717 flagged cells
LoadBalance: Number of grids moved = 14 out of 15 (2.20537e-05 seconds elapsed)
DetermineSGSize: MaxSubgridSize = 2000, MinSubgridEdge = 4, ncells = 6384
RebuildHierarchy[5]: Flagged 0/15 grids. 0 flagged cells
Level[4]: dt = 0.00359953  0.00373682 (0.00734644/0.00734644)
Level[5]: dt = 0.00176025  0.00176025 (0.00176025/0.00359953)
RebuildHierarchy: level = 5
TransferSubgridParticles[5]: Moved 0 particles, 0 stars, 0 active particles.
DetermineSGSize: MaxSubgridSize = 2000, MinSubgridEdge = 4, ncells = 6328
RebuildHierarchy[5]: Flagged 0/15 grids. 0 flagged cells
Level[5]: dt = 0.00183928  0.00175789 (0.00359953/0.00359953)
EvolveLevel[5]: NumberOfSubCycles = 2 (734 total, 2 sub)
EvolveLevel[4]: NumberOfSubCycles = 2 (320 total, 2 sub)
EvolveLevel[3]: NumberOfSubCycles = 2 (128 total, 2 sub)
EvolveLevel[2]: NumberOfSubCycles = 2 (57 total, 2 sub)
EvolveLevel[1]: NumberOfSubCycles = 2 (29 total, 2 sub)
EvolveLevel[0]: NumberOfSubCycles = 1 (15 total, 15 sub)
CPUTime-output: Frac = 0.999990, Current = 805.228 (805.228), Stop = 2592000.000000, Last = 26.9539
[YT_INFO   ] Setting YT parameters ...
[YT_INFO   ] Setting YT parameters ... done.
[YT_INFO   ] Getting pointer to particle list information ...
[YT_INFO   ] Getting pointer to particle list information  ... done.
[YT_INFO   ] Getting pointer to field list information ...
[YT_INFO   ] Getting pointer to field list information  ... done.
[YT_INFO   ] Getting pointer to local grids information ...
[YT_INFO   ] Getting pointer to local grids information  ... done.
[YT_INFO   ] Loading full hierarchy and local data to libyt ...
[YT_INFO   ] Loading full hierarchy and local data ... done.
[YT_INFO   ] Performing YT inline analysis yt_inline_func() ...
[YT_INFO   ] Performing YT inline analysis yt_inline_func() ... done.
Level[0]: dt = 0.063615  0.063615 (0.063615/0.063615)
PrepareGreens: Start = 0 0 36  Dim = 32 52 38
PrepareGreens: Start = 0 0 0  Dim = 32 52 36
Level[1]: dt = 0.0322365  0.0322365 (0.0322365/0.063615)
Level[2]: dt = 0.0160168  0.0160168 (0.0160168/0.0322365)
Level[3]: dt = 0.00771067  0.00771067 (0.00771067/0.0160168)
Level[4]: dt = 0.00372678  0.00372678 (0.00372678/0.00771067)
Level[5]: dt = 0.00175491  0.00175491 (0.00175491/0.00372678)
RebuildHierarchy: level = 5
TransferSubgridParticles[5]: Moved 0 particles, 0 stars, 0 active particles.
DetermineSGSize: MaxSubgridSize = 2000, MinSubgridEdge = 4, ncells = 6328
RebuildHierarchy[5]: Flagged 0/15 grids. 0 flagged cells
Level[5]: dt = 0.00175219  0.00175219 (0.0035071/0.00372678)
RebuildHierarchy: level = 5
TransferSubgridParticles[5]: Moved 0 particles, 0 stars, 0 active particles.
DetermineSGSize: MaxSubgridSize = 2000, MinSubgridEdge = 4, ncells = 6328
RebuildHierarchy[5]: Flagged 0/15 grids. 0 flagged cells
Level[5]: dt = 0.00021968  0.00175054 (0.00372678/0.00372678)
EvolveLevel[5]: NumberOfSubCycles = 3 (737 total, 3 sub)
RebuildHierarchy: level = 4
TransferSubgridParticles[4]: Moved 2 particles, 0 stars, 0 active particles.
DetermineSGSize: MaxSubgridSize = 2000, MinSubgridEdge = 4, ncells = 6328
RebuildHierarchy[4]: Flagged 15/32 grids. 708 flagged cells
LoadBalance: Number of grids moved = 14 out of 15 (2.17333e-05 seconds elapsed)
DetermineSGSize: MaxSubgridSize = 2000, MinSubgridEdge = 4, ncells = 6328
RebuildHierarchy[5]: Flagged 0/15 grids. 0 flagged cells
Level[4]: dt = 0.00371579  0.00371579 (0.00744257/0.00771067)
Level[5]: dt = 0.00175028  0.00175028 (0.00175028/0.00371579)
RebuildHierarchy: level = 5
TransferSubgridParticles[5]: Moved 0 particles, 0 stars, 0 active particles.
DetermineSGSize: MaxSubgridSize = 2000, MinSubgridEdge = 4, ncells = 6264
RebuildHierarchy[5]: Flagged 0/15 grids. 0 flagged cells
Level[5]: dt = 0.00174607  0.00174607 (0.00349634/0.00371579)
RebuildHierarchy: level = 5
TransferSubgridParticles[5]: Moved 0 particles, 0 stars, 0 active particles.
DetermineSGSize: MaxSubgridSize = 2000, MinSubgridEdge = 4, ncells = 6264
RebuildHierarchy[5]: Flagged 0/15 grids. 0 flagged cells
Level[5]: dt = 0.000219443  0.00174711 (0.00371579/0.00371579)
EvolveLevel[5]: NumberOfSubCycles = 3 (740 total, 3 sub)
Level[4]: dt = 0.000268103  0.00370471 (0.00771067/0.00771067)
Level[5]: dt = 0.000268103  0.00174695 (0.000268103/0.000268103)
EvolveLevel[5]: NumberOfSubCycles = 1 (741 total, 1 sub)
EvolveLevel[4]: NumberOfSubCycles = 3 (323 total, 3 sub)
RebuildHierarchy: level = 3
TransferSubgridParticles[3]: Moved 13 particles, 0 stars, 0 active particles.
DetermineSGSize: MaxSubgridSize = 2000, MinSubgridEdge = 4, ncells = 15480
RebuildHierarchy[3]: Flagged 31/103 grids. 1502 flagged cells
LoadBalance: Number of grids moved = 29 out of 32 (2.82526e-05 seconds elapsed)
DetermineSGSize: MaxSubgridSize = 2000, MinSubgridEdge = 4, ncells = 6264
RebuildHierarchy[4]: Flagged 15/32 grids. 708 flagged cells
LoadBalance: Number of grids moved = 14 out of 15 (2.20984e-05 seconds elapsed)
DetermineSGSize: MaxSubgridSize = 2000, MinSubgridEdge = 4, ncells = 6264
RebuildHierarchy[5]: Flagged 0/15 grids. 0 flagged cells
Level[3]: dt = 0.00769536  0.00769536 (0.015406/0.0160168)
Level[4]: dt = 0.00370394  0.00370394 (0.00370394/0.00769536)
Level[5]: dt = 0.00174677  0.00174677 (0.00174677/0.00370394)
RebuildHierarchy: level = 5
TransferSubgridParticles[5]: Moved 0 particles, 0 stars, 0 active particles.
DetermineSGSize: MaxSubgridSize = 2000, MinSubgridEdge = 4, ncells = 6264
RebuildHierarchy[5]: Flagged 0/15 grids. 0 flagged cells
Level[5]: dt = 0.0017446  0.0017446 (0.00349138/0.00370394)
RebuildHierarchy: level = 5
TransferSubgridParticles[5]: Moved 0 particles, 0 stars, 0 active particles.
DetermineSGSize: MaxSubgridSize = 2000, MinSubgridEdge = 4, ncells = 6264
RebuildHierarchy[5]: Flagged 0/15 grids. 0 flagged cells
Level[5]: dt = 0.00021256  0.00174231 (0.00370394/0.00370394)
EvolveLevel[5]: NumberOfSubCycles = 3 (744 total, 3 sub)
RebuildHierarchy: level = 4
TransferSubgridParticles[4]: Moved 1 particles, 0 stars, 0 active particles.
DetermineSGSize: MaxSubgridSize = 2000, MinSubgridEdge = 4, ncells = 6264
RebuildHierarchy[4]: Flagged 16/32 grids. 732 flagged cells
LoadBalance: Number of grids moved = 15 out of 16 (2.15732e-05 seconds elapsed)
DetermineSGSize: MaxSubgridSize = 2000, MinSubgridEdge = 4, ncells = 6264
RebuildHierarchy[5]: Flagged 0/16 grids. 0 flagged cells
Level[4]: dt = 0.00369311  0.00369311 (0.00739704/0.00769536)
Level[5]: dt = 0.00174204  0.00174204 (0.00174204/0.00369311)
RebuildHierarchy: level = 5
TransferSubgridParticles[5]: Moved 0 particles, 0 stars, 0 active particles.
DetermineSGSize: MaxSubgridSize = 2000, MinSubgridEdge = 4, ncells = 6480
RebuildHierarchy[5]: Flagged 0/16 grids. 0 flagged cells
Level[5]: dt = 0.00173365  0.00173365 (0.00347569/0.00369311)
RebuildHierarchy: level = 5
TransferSubgridParticles[5]: Moved 0 particles, 0 stars, 0 active particles.
DetermineSGSize: MaxSubgridSize = 2000, MinSubgridEdge = 4, ncells = 6480
RebuildHierarchy[5]: Flagged 0/16 grids. 0 flagged cells
Level[5]: dt = 0.000217419  0.00171584 (0.00369311/0.00369311)
EvolveLevel[5]: NumberOfSubCycles = 3 (747 total, 3 sub)
Level[4]: dt = 0.000298319  0.00368206 (0.00769536/0.00769536)
Level[5]: dt = 0.000298319  0.00171348 (0.000298319/0.000298319)
EvolveLevel[5]: NumberOfSubCycles = 1 (748 total, 1 sub)
EvolveLevel[4]: NumberOfSubCycles = 3 (326 total, 3 sub)
Level[3]: dt = 0.000610736  0.0076827 (0.0160168/0.0160168)
Level[4]: dt = 0.000610736  0.00368115 (0.000610736/0.000610736)
Level[5]: dt = 0.000610736  0.00171029 (0.000610736/0.000610736)
EvolveLevel[5]: NumberOfSubCycles = 1 (749 total, 1 sub)
EvolveLevel[4]: NumberOfSubCycles = 1 (327 total, 1 sub)
EvolveLevel[3]: NumberOfSubCycles = 3 (131 total, 3 sub)
RebuildHierarchy: level = 2
TransferSubgridParticles[2]: Moved 141 particles, 0 stars, 0 active particles.
DetermineSGSize: MaxSubgridSize = 2000, MinSubgridEdge = 4, ncells = 68512
RebuildHierarchy[2]: Flagged 99/450 grids. 5453 flagged cells
LoadBalance: Number of grids moved = 104 out of 105 (0.00166355 seconds elapsed)
DetermineSGSize: MaxSubgridSize = 2000, MinSubgridEdge = 4, ncells = 15576
RebuildHierarchy[3]: Flagged 31/105 grids. 1496 flagged cells
LoadBalance: Number of grids moved = 29 out of 32 (2.82563e-05 seconds elapsed)
DetermineSGSize: MaxSubgridSize = 2000, MinSubgridEdge = 4, ncells = 6480
RebuildHierarchy[4]: Flagged 16/32 grids. 757 flagged cells
LoadBalance: Number of grids moved = 15 out of 16 (2.15434e-05 seconds elapsed)
DetermineSGSize: MaxSubgridSize = 2000, MinSubgridEdge = 4, ncells = 6480
RebuildHierarchy[5]: Flagged 0/16 grids. 0 flagged cells
Level[2]: dt = 0.0162198  0.015922 (0.0322365/0.0322365)
Level[3]: dt = 0.00768175  0.00768175 (0.00768175/0.0162198)
Level[4]: dt = 0.00367931  0.00367931 (0.00367931/0.00768175)
Level[5]: dt = 0.00170435  0.00170435 (0.00170435/0.00367931)
RebuildHierarchy: level = 5
TransferSubgridParticles[5]: Moved 0 particles, 0 stars, 0 active particles.
DetermineSGSize: MaxSubgridSize = 2000, MinSubgridEdge = 4, ncells = 6704
RebuildHierarchy[5]: Flagged 0/16 grids. 0 flagged cells
Level[5]: dt = 0.00169012  0.00169012 (0.00339447/0.00367931)
RebuildHierarchy: level = 5
TransferSubgridParticles[5]: Moved 0 particles, 0 stars, 0 active particles.
DetermineSGSize: MaxSubgridSize = 2000, MinSubgridEdge = 4, ncells = 6704
RebuildHierarchy[5]: Flagged 0/16 grids. 0 flagged cells
Level[5]: dt = 0.000284837  0.00167876 (0.00367931/0.00367931)
EvolveLevel[5]: NumberOfSubCycles = 3 (752 total, 3 sub)
RebuildHierarchy: level = 4
TransferSubgridParticles[4]: Moved 0 particles, 0 stars, 0 active particles.
DetermineSGSize: MaxSubgridSize = 2000, MinSubgridEdge = 4, ncells = 6704
RebuildHierarchy[4]: Flagged 16/32 grids. 763 flagged cells
LoadBalance: Number of grids moved = 15 out of 16 (2.15694e-05 seconds elapsed)
DetermineSGSize: MaxSubgridSize = 2000, MinSubgridEdge = 4, ncells = 6704
RebuildHierarchy[5]: Flagged 0/16 grids. 0 flagged cells
Level[4]: dt = 0.00366803  0.00366803 (0.00734734/0.00768175)
Level[5]: dt = 0.0016774  0.0016774 (0.0016774/0.00366803)
RebuildHierarchy: level = 5
TransferSubgridParticles[5]: Moved 0 particles, 0 stars, 0 active particles.
DetermineSGSize: MaxSubgridSize = 2000, MinSubgridEdge = 4, ncells = 6736
RebuildHierarchy[5]: Flagged 0/16 grids. 0 flagged cells
Level[5]: dt = 0.0016722  0.0016722 (0.0033496/0.00366803)
RebuildHierarchy: level = 5
TransferSubgridParticles[5]: Moved 0 particles, 0 stars, 0 active particles.
DetermineSGSize: MaxSubgridSize = 2000, MinSubgridEdge = 4, ncells = 6736
RebuildHierarchy[5]: Flagged 0/16 grids. 0 flagged cells
Level[5]: dt = 0.000318433  0.00166952 (0.00366803/0.00366803)
EvolveLevel[5]: NumberOfSubCycles = 3 (755 total, 3 sub)
Level[4]: dt = 0.00033441  0.00365705 (0.00768175/0.00768175)
Level[5]: dt = 0.00033441  0.00166955 (0.00033441/0.00033441)
EvolveLevel[5]: NumberOfSubCycles = 1 (756 total, 1 sub)
EvolveLevel[4]: NumberOfSubCycles = 3 (330 total, 3 sub)
RebuildHierarchy: level = 3
TransferSubgridParticles[3]: Moved 7 particles, 0 stars, 0 active particles.
DetermineSGSize: MaxSubgridSize = 2000, MinSubgridEdge = 4, ncells = 15528
RebuildHierarchy[3]: Flagged 31/105 grids. 1486 flagged cells
LoadBalance: Number of grids moved = 29 out of 32 (2.90722e-05 seconds elapsed)
DetermineSGSize: MaxSubgridSize = 2000, MinSubgridEdge = 4, ncells = 6736
RebuildHierarchy[4]: Flagged 16/32 grids. 772 flagged cells
LoadBalance: Number of grids moved = 15 out of 16 (2.21394e-05 seconds elapsed)
DetermineSGSize: MaxSubgridSize = 2000, MinSubgridEdge = 4, ncells = 6736
RebuildHierarchy[5]: Flagged 0/16 grids. 0 flagged cells
Level[3]: dt = 0.00767096  0.00767096 (0.0153527/0.0162198)
Level[4]: dt = 0.00365609  0.00365609 (0.00365609/0.00767096)
Level[5]: dt = 0.00166969  0.00166969 (0.00166969/0.00365609)
RebuildHierarchy: level = 5
TransferSubgridParticles[5]: Moved 0 particles, 0 stars, 0 active particles.
DetermineSGSize: MaxSubgridSize = 2000, MinSubgridEdge = 4, ncells = 6736
RebuildHierarchy[5]: Flagged 0/16 grids. 0 flagged cells
Level[5]: dt = 0.00167138  0.00167138 (0.00334107/0.00365609)
RebuildHierarchy: level = 5
TransferSubgridParticles[5]: Moved 0 particles, 0 stars, 0 active particles.
DetermineSGSize: MaxSubgridSize = 2000, MinSubgridEdge = 4, ncells = 6736
RebuildHierarchy[5]: Flagged 0/16 grids. 0 flagged cells
Level[5]: dt = 0.000315018  0.00167684 (0.00365609/0.00365609)
EvolveLevel[5]: NumberOfSubCycles = 3 (759 total, 3 sub)
RebuildHierarchy: level = 4
TransferSubgridParticles[4]: Moved 0 particles, 0 stars, 0 active particles.
DetermineSGSize: MaxSubgridSize = 2000, MinSubgridEdge = 4, ncells = 6736
RebuildHierarchy[4]: Flagged 16/32 grids. 781 flagged cells
LoadBalance: Number of grids moved = 15 out of 16 (2.23517e-05 seconds elapsed)
DetermineSGSize: MaxSubgridSize = 2000, MinSubgridEdge = 4, ncells = 6736
RebuildHierarchy[5]: Flagged 0/16 grids. 0 flagged cells
Level[4]: dt = 0.00364585  0.00364585 (0.00730193/0.00767096)
Level[5]: dt = 0.00167789  0.00167789 (0.00167789/0.00364585)
RebuildHierarchy: level = 5
TransferSubgridParticles[5]: Moved 0 particles, 0 stars, 0 active particles.
DetermineSGSize: MaxSubgridSize = 2000, MinSubgridEdge = 4, ncells = 6832
RebuildHierarchy[5]: Flagged 0/16 grids. 0 flagged cells
Level[5]: dt = 0.0016836  0.0016836 (0.00336149/0.00364585)
RebuildHierarchy: level = 5
TransferSubgridParticles[5]: Moved 0 particles, 0 stars, 0 active particles.
DetermineSGSize: MaxSubgridSize = 2000, MinSubgridEdge = 4, ncells = 6832
RebuildHierarchy[5]: Flagged 0/16 grids. 0 flagged cells
Level[5]: dt = 0.000284354  0.001692 (0.00364585/0.00364585)
EvolveLevel[5]: NumberOfSubCycles = 3 (762 total, 3 sub)
Level[4]: dt = 0.00036903  0.00363711 (0.00767096/0.00767096)
Level[5]: dt = 0.00036903  0.00169367 (0.00036903/0.00036903)
EvolveLevel[5]: NumberOfSubCycles = 1 (763 total, 1 sub)
EvolveLevel[4]: NumberOfSubCycles = 3 (333 total, 3 sub)
Level[3]: dt = 0.00086704  0.00766233 (0.0162198/0.0162198)
Level[4]: dt = 0.00086704  0.00363631 (0.00086704/0.00086704)
Level[5]: dt = 0.00086704  0.00169594 (0.00086704/0.00086704)
EvolveLevel[5]: NumberOfSubCycles = 1 (764 total, 1 sub)
EvolveLevel[4]: NumberOfSubCycles = 1 (334 total, 1 sub)
EvolveLevel[3]: NumberOfSubCycles = 3 (134 total, 3 sub)
EvolveLevel[2]: NumberOfSubCycles = 2 (59 total, 2 sub)
RebuildHierarchy: level = 1
TransferSubgridParticles[1]: Moved 4751 particles, 0 stars, 0 active particles.
DetermineSGSize: MaxSubgridSize = 2000, MinSubgridEdge = 4, ncells = 357320
RebuildHierarchy[1]: Flagged 364/4791 grids. 27056 flagged cells
LoadBalance: Number of grids moved = 453 out of 456 (0.00220218 seconds elapsed)
DetermineSGSize: MaxSubgridSize = 2000, MinSubgridEdge = 4, ncells = 69648
RebuildHierarchy[2]: Flagged 99/456 grids. 5485 flagged cells
LoadBalance: Number of grids moved = 104 out of 104 (0.00174396 seconds elapsed)
DetermineSGSize: MaxSubgridSize = 2000, MinSubgridEdge = 4, ncells = 15432
RebuildHierarchy[3]: Flagged 33/104 grids. 1567 flagged cells
LoadBalance: Number of grids moved = 31 out of 34 (3.04095e-05 seconds elapsed)
DetermineSGSize: MaxSubgridSize = 2000, MinSubgridEdge = 4, ncells = 6832
RebuildHierarchy[4]: Flagged 16/34 grids. 787 flagged cells
LoadBalance: Number of grids moved = 15 out of 16 (2.22959e-05 seconds elapsed)
DetermineSGSize: MaxSubgridSize = 2000, MinSubgridEdge = 4, ncells = 6832
RebuildHierarchy[5]: Flagged 0/16 grids. 0 flagged cells
Level[1]: dt = 0.0313785  0.0322458 (0.063615/0.063615)
Level[2]: dt = 0.0158415  0.0158415 (0.0158415/0.0313785)
Level[3]: dt = 0.00766154  0.00766154 (0.00766154/0.0158415)
Level[4]: dt = 0.00363447  0.00363447 (0.00363447/0.00766154)
Level[5]: dt = 0.0017016  0.0017016 (0.0017016/0.00363447)
RebuildHierarchy: level = 5
TransferSubgridParticles[5]: Moved 0 particles, 0 stars, 0 active particles.
DetermineSGSize: MaxSubgridSize = 2000, MinSubgridEdge = 4, ncells = 6832
RebuildHierarchy[5]: Flagged 0/16 grids. 0 flagged cells
Level[5]: dt = 0.0017037  0.0017037 (0.00340529/0.00363447)
RebuildHierarchy: level = 5
TransferSubgridParticles[5]: Moved 0 particles, 0 stars, 0 active particles.
DetermineSGSize: MaxSubgridSize = 2000, MinSubgridEdge = 4, ncells = 6832
RebuildHierarchy[5]: Flagged 0/16 grids. 0 flagged cells
Level[5]: dt = 0.000229176  0.00170104 (0.00363447/0.00363447)
EvolveLevel[5]: NumberOfSubCycles = 3 (767 total, 3 sub)
RebuildHierarchy: level = 4
TransferSubgridParticles[4]: Moved 1 particles, 0 stars, 0 active particles.
DetermineSGSize: MaxSubgridSize = 2000, MinSubgridEdge = 4, ncells = 6832
RebuildHierarchy[4]: Flagged 16/34 grids. 775 flagged cells
LoadBalance: Number of grids moved = 15 out of 16 (2.10777e-05 seconds elapsed)
DetermineSGSize: MaxSubgridSize = 2000, MinSubgridEdge = 4, ncells = 6832
RebuildHierarchy[5]: Flagged 0/16 grids. 0 flagged cells
Level[4]: dt = 0.00362747  0.00362747 (0.00726194/0.00766154)
Level[5]: dt = 0.00170069  0.00170069 (0.00170069/0.00362747)
RebuildHierarchy: level = 5
TransferSubgridParticles[5]: Moved 0 particles, 0 stars, 0 active particles.
DetermineSGSize: MaxSubgridSize = 2000, MinSubgridEdge = 4, ncells = 6736
RebuildHierarchy[5]: Flagged 0/16 grids. 0 flagged cells
Level[5]: dt = 0.00169839  0.00169839 (0.00339908/0.00362747)
RebuildHierarchy: level = 5
TransferSubgridParticles[5]: Moved 0 particles, 0 stars, 0 active particles.
DetermineSGSize: MaxSubgridSize = 2000, MinSubgridEdge = 4, ncells = 6736
RebuildHierarchy[5]: Flagged 0/16 grids. 0 flagged cells
Level[5]: dt = 0.000228388  0.0016964 (0.00362747/0.00362747)
EvolveLevel[5]: NumberOfSubCycles = 3 (770 total, 3 sub)
Level[4]: dt = 0.000399598  0.00362203 (0.00766154/0.00766154)
Level[5]: dt = 0.000399598  0.00169614 (0.000399598/0.000399598)
EvolveLevel[5]: NumberOfSubCycles = 1 (771 total, 1 sub)
EvolveLevel[4]: NumberOfSubCycles = 3 (337 total, 3 sub)
RebuildHierarchy: level = 3
TransferSubgridParticles[3]: Moved 14 particles, 0 stars, 0 active particles.
DetermineSGSize: MaxSubgridSize = 2000, MinSubgridEdge = 4, ncells = 15920
RebuildHierarchy[3]: Flagged 33/104 grids. 1567 flagged cells
LoadBalance: Number of grids moved = 31 out of 34 (2.87965e-05 seconds elapsed)
DetermineSGSize: MaxSubgridSize = 2000, MinSubgridEdge = 4, ncells = 6736
RebuildHierarchy[4]: Flagged 17/34 grids. 784 flagged cells
LoadBalance: Number of grids moved = 13 out of 17 (2.33054e-05 seconds elapsed)
DetermineSGSize: MaxSubgridSize = 2000, MinSubgridEdge = 4, ncells = 6736
RebuildHierarchy[5]: Flagged 0/17 grids. 0 flagged cells
Level[3]: dt = 0.00765565  0.00765565 (0.0153172/0.0158415)
Level[4]: dt = 0.00362152  0.00362152 (0.00362152/0.00765565)
Level[5]: dt = 0.0016957  0.0016957 (0.0016957/0.00362152)
RebuildHierarchy: level = 5
TransferSubgridParticles[5]: Moved 0 particles, 0 stars, 0 active particles.
DetermineSGSize: MaxSubgridSize = 2000, MinSubgridEdge = 4, ncells = 6696
RebuildHierarchy[5]: Flagged 0/17 grids. 0 flagged cells
Level[5]: dt = 0.00169414  0.00169414 (0.00338984/0.00362152)
RebuildHierarchy: level = 5
TransferSubgridParticles[5]: Moved 0 particles, 0 stars, 0 active particles.
DetermineSGSize: MaxSubgridSize = 2000, MinSubgridEdge = 4, ncells = 6696
RebuildHierarchy[5]: Flagged 0/17 grids. 0 flagged cells
Level[5]: dt = 0.000231679  0.00169302 (0.00362152/0.00362152)
EvolveLevel[5]: NumberOfSubCycles = 3 (774 total, 3 sub)
RebuildHierarchy: level = 4
TransferSubgridParticles[4]: Moved 1 particles, 0 stars, 0 active particles.
DetermineSGSize: MaxSubgridSize = 2000, MinSubgridEdge = 4, ncells = 6696
RebuildHierarchy[4]: Flagged 16/34 grids. 780 flagged cells
LoadBalance: Number of grids moved = 15 out of 16 (2.16849e-05 seconds elapsed)
DetermineSGSize: MaxSubgridSize = 2000, MinSubgridEdge = 4, ncells = 6696
RebuildHierarchy[5]: Flagged 0/16 grids. 0 flagged cells
Level[4]: dt = 0.00361782  0.00361782 (0.00723934/0.00765565)
Level[5]: dt = 0.00169286  0.00169286 (0.00169286/0.00361782)
RebuildHierarchy: level = 5
TransferSubgridParticles[5]: Moved 0 particles, 0 stars, 0 active particles.
DetermineSGSize: MaxSubgridSize = 2000, MinSubgridEdge = 4, ncells = 6736
RebuildHierarchy[5]: Flagged 0/16 grids. 0 flagged cells
Level[5]: dt = 0.00169204  0.00169204 (0.0033849/0.00361782)
RebuildHierarchy: level = 5
TransferSubgridParticles[5]: Moved 0 particles, 0 stars, 0 active particles.
DetermineSGSize: MaxSubgridSize = 2000, MinSubgridEdge = 4, ncells = 6736
RebuildHierarchy[5]: Flagged 0/16 grids. 0 flagged cells
Level[5]: dt = 0.000232927  0.00169164 (0.00361782/0.00361782)
EvolveLevel[5]: NumberOfSubCycles = 3 (777 total, 3 sub)
Level[4]: dt = 0.000416308  0.00361578 (0.00765565/0.00765565)
Level[5]: dt = 0.000416308  0.00169157 (0.000416308/0.000416308)
EvolveLevel[5]: NumberOfSubCycles = 1 (778 total, 1 sub)
EvolveLevel[4]: NumberOfSubCycles = 3 (340 total, 3 sub)
Level[3]: dt = 0.000524341  0.00765279 (0.0158415/0.0158415)
Level[4]: dt = 0.000524341  0.00361564 (0.000524341/0.000524341)
Level[5]: dt = 0.000524341  0.00169147 (0.000524341/0.000524341)
EvolveLevel[5]: NumberOfSubCycles = 1 (779 total, 1 sub)
EvolveLevel[4]: NumberOfSubCycles = 1 (341 total, 1 sub)
EvolveLevel[3]: NumberOfSubCycles = 3 (137 total, 3 sub)
RebuildHierarchy: level = 2
TransferSubgridParticles[2]: Moved 82 particles, 0 stars, 0 active particles.
DetermineSGSize: MaxSubgridSize = 2000, MinSubgridEdge = 4, ncells = 69960
RebuildHierarchy[2]: Flagged 99/456 grids. 5476 flagged cells
LoadBalance: Number of grids moved = 104 out of 104 (0.0018902 seconds elapsed)
DetermineSGSize: MaxSubgridSize = 2000, MinSubgridEdge = 4, ncells = 15920
RebuildHierarchy[3]: Flagged 32/104 grids. 1552 flagged cells
LoadBalance: Number of grids moved = 30 out of 33 (3.11173e-05 seconds elapsed)
DetermineSGSize: MaxSubgridSize = 2000, MinSubgridEdge = 4, ncells = 6736
RebuildHierarchy[4]: Flagged 16/33 grids. 802 flagged cells
LoadBalance: Number of grids moved = 15 out of 16 (2.20537e-05 seconds elapsed)
DetermineSGSize: MaxSubgridSize = 2000, MinSubgridEdge = 4, ncells = 6736
RebuildHierarchy[5]: Flagged 0/16 grids. 0 flagged cells
Level[2]: dt = 0.015537  0.0157801 (0.0313785/0.0313785)
Level[3]: dt = 0.00765267  0.00765267 (0.00765267/0.015537)
Level[4]: dt = 0.00361548  0.00361548 (0.00361548/0.00765267)
Level[5]: dt = 0.00169139  0.00169139 (0.00169139/0.00361548)
RebuildHierarchy: level = 5
TransferSubgridParticles[5]: Moved 0 particles, 0 stars, 0 active particles.
DetermineSGSize: MaxSubgridSize = 2000, MinSubgridEdge = 4, ncells = 6936
RebuildHierarchy[5]: Flagged 0/16 grids. 0 flagged cells
Level[5]: dt = 0.00169132  0.00169132 (0.00338271/0.00361548)
RebuildHierarchy: level = 5
TransferSubgridParticles[5]: Moved 0 particles, 0 stars, 0 active particles.
DetermineSGSize: MaxSubgridSize = 2000, MinSubgridEdge = 4, ncells = 6936
RebuildHierarchy[5]: Flagged 0/16 grids. 0 flagged cells
Level[5]: dt = 0.000232765  0.00169177 (0.00361548/0.00361548)
EvolveLevel[5]: NumberOfSubCycles = 3 (782 total, 3 sub)
RebuildHierarchy: level = 4
TransferSubgridParticles[4]: Moved 2 particles, 0 stars, 0 active particles.
DetermineSGSize: MaxSubgridSize = 2000, MinSubgridEdge = 4, ncells = 6936
RebuildHierarchy[4]: Flagged 16/33 grids. 811 flagged cells
LoadBalance: Number of grids moved = 15 out of 16 (2.30186e-05 seconds elapsed)
DetermineSGSize: MaxSubgridSize = 2000, MinSubgridEdge = 4, ncells = 6936
RebuildHierarchy[5]: Flagged 0/16 grids. 0 flagged cells
Level[4]: dt = 0.00361509  0.00361509 (0.00723057/0.00765267)
Level[5]: dt = 0.00169182  0.00169182 (0.00169182/0.00361509)
RebuildHierarchy: level = 5
TransferSubgridParticles[5]: Moved 0 particles, 0 stars, 0 active particles.
DetermineSGSize: MaxSubgridSize = 2000, MinSubgridEdge = 4, ncells = 7064
RebuildHierarchy[5]: Flagged 0/16 grids. 0 flagged cells
Level[5]: dt = 0.00169233  0.00169233 (0.00338414/0.00361509)
RebuildHierarchy: level = 5
TransferSubgridParticles[5]: Moved 0 particles, 0 stars, 0 active particles.
DetermineSGSize: MaxSubgridSize = 2000, MinSubgridEdge = 4, ncells = 7064
RebuildHierarchy[5]: Flagged 0/16 grids. 0 flagged cells
Level[5]: dt = 0.000230945  0.00169322 (0.00361509/0.00361509)
EvolveLevel[5]: NumberOfSubCycles = 3 (785 total, 3 sub)
Level[4]: dt = 0.000422103  0.00361557 (0.00765267/0.00765267)
Level[5]: dt = 0.000422103  0.00169331 (0.000422103/0.000422103)
EvolveLevel[5]: NumberOfSubCycles = 1 (786 total, 1 sub)
EvolveLevel[4]: NumberOfSubCycles = 3 (344 total, 3 sub)
RebuildHierarchy: level = 3
TransferSubgridParticles[3]: Moved 18 particles, 0 stars, 0 active particles.
DetermineSGSize: MaxSubgridSize = 2000, MinSubgridEdge = 4, ncells = 15656
RebuildHierarchy[3]: Flagged 31/104 grids. 1525 flagged cells
LoadBalance: Number of grids moved = 29 out of 32 (2.79844e-05 seconds elapsed)
DetermineSGSize: MaxSubgridSize = 2000, MinSubgridEdge = 4, ncells = 7064
RebuildHierarchy[4]: Flagged 17/32 grids. 838 flagged cells
LoadBalance: Number of grids moved = 16 out of 17 (2.10255e-05 seconds elapsed)
DetermineSGSize: MaxSubgridSize = 2000, MinSubgridEdge = 4, ncells = 7064
RebuildHierarchy[5]: Flagged 0/17 grids. 0 flagged cells
Level[3]: dt = 0.00788433  0.0076517 (0.015537/0.015537)
Level[4]: dt = 0.00361567  0.00361567 (0.00361567/0.00788433)
Level[5]: dt = 0.00169349  0.00169349 (0.00169349/0.00361567)
RebuildHierarchy: level = 5
TransferSubgridParticles[5]: Moved 0 particles, 0 stars, 0 active particles.
DetermineSGSize: MaxSubgridSize = 2000, MinSubgridEdge = 4, ncells = 7280
RebuildHierarchy[5]: Flagged 0/17 grids. 0 flagged cells
Level[5]: dt = 0.00169468  0.00169468 (0.00338818/0.00361567)
RebuildHierarchy: level = 5
TransferSubgridParticles[5]: Moved 0 particles, 0 stars, 0 active particles.
DetermineSGSize: MaxSubgridSize = 2000, MinSubgridEdge = 4, ncells = 7280
RebuildHierarchy[5]: Flagged 0/17 grids. 0 flagged cells
Level[5]: dt = 0.000227495  0.00169608 (0.00361567/0.00361567)
EvolveLevel[5]: NumberOfSubCycles = 3 (789 total, 3 sub)
RebuildHierarchy: level = 4
TransferSubgridParticles[4]: Moved 3 particles, 0 stars, 0 active particles.
DetermineSGSize: MaxSubgridSize = 2000, MinSubgridEdge = 4, ncells = 7280
RebuildHierarchy[4]: Flagged 17/32 grids. 841 flagged cells
LoadBalance: Number of grids moved = 16 out of 17 (2.18228e-05 seconds elapsed)
DetermineSGSize: MaxSubgridSize = 2000, MinSubgridEdge = 4, ncells = 7280
RebuildHierarchy[5]: Flagged 0/17 grids. 0 flagged cells
Level[4]: dt = 0.00361707  0.00361707 (0.00723274/0.00788433)
Level[5]: dt = 0.00169624  0.00169624 (0.00169624/0.00361707)
RebuildHierarchy: level = 5
TransferSubgridParticles[5]: Moved 0 particles, 0 stars, 0 active particles.
DetermineSGSize: MaxSubgridSize = 2000, MinSubgridEdge = 4, ncells = 7280
RebuildHierarchy[5]: Flagged 0/17 grids. 0 flagged cells
Level[5]: dt = 0.00169784  0.00169784 (0.00339407/0.00361707)
RebuildHierarchy: level = 5
TransferSubgridParticles[5]: Moved 0 particles, 0 stars, 0 active particles.
DetermineSGSize: MaxSubgridSize = 2000, MinSubgridEdge = 4, ncells = 7280
RebuildHierarchy[5]: Flagged 0/17 grids. 0 flagged cells
Level[5]: dt = 0.000222994  0.00169951 (0.00361707/0.00361707)
EvolveLevel[5]: NumberOfSubCycles = 3 (792 total, 3 sub)
Level[4]: dt = 0.000651586  0.00361908 (0.00788433/0.00788433)
Level[5]: dt = 0.000651586  0.00169969 (0.000651586/0.000651586)
EvolveLevel[5]: NumberOfSubCycles = 1 (793 total, 1 sub)
EvolveLevel[4]: NumberOfSubCycles = 3 (347 total, 3 sub)
EvolveLevel[3]: NumberOfSubCycles = 2 (139 total, 2 sub)
EvolveLevel[2]: NumberOfSubCycles = 2 (61 total, 2 sub)
EvolveLevel[1]: NumberOfSubCycles = 2 (31 total, 2 sub)
EvolveLevel[0]: NumberOfSubCycles = 1 (16 total, 16 sub)
RebuildHierarchy: level = 0
CommunicationTransferParticles: moved = 296029
CommunicationTransferStars: moved = 0
CommunicationTransferActiveParticles: moved = 0
DetermineSGSize: MaxSubgridSize = 2000, MinSubgridEdge = 4, ncells = 6253464
RebuildHierarchy[0]: Flagged 599/1120 grids. 410182 flagged cells
LoadBalance: Number of grids moved = 4869 out of 4910 (0.0194747 seconds elapsed)
DetermineSGSize: MaxSubgridSize = 2000, MinSubgridEdge = 4, ncells = 368800
RebuildHierarchy[1]: Flagged 359/4910 grids. 27011 flagged cells
LoadBalance: Number of grids moved = 454 out of 455 (0.00148639 seconds elapsed)
DetermineSGSize: MaxSubgridSize = 2000, MinSubgridEdge = 4, ncells = 69736
RebuildHierarchy[2]: Flagged 89/455 grids. 5429 flagged cells
LoadBalance: Number of grids moved = 93 out of 93 (0.00129746 seconds elapsed)
DetermineSGSize: MaxSubgridSize = 2000, MinSubgridEdge = 4, ncells = 15288
RebuildHierarchy[3]: Flagged 29/93 grids. 1508 flagged cells
LoadBalance: Number of grids moved = 28 out of 31 (2.7705e-05 seconds elapsed)
DetermineSGSize: MaxSubgridSize = 2000, MinSubgridEdge = 4, ncells = 7280
RebuildHierarchy[4]: Flagged 18/31 grids. 841 flagged cells
LoadBalance: Number of grids moved = 17 out of 18 (2.15396e-05 seconds elapsed)
DetermineSGSize: MaxSubgridSize = 2000, MinSubgridEdge = 4, ncells = 7280
RebuildHierarchy[5]: Flagged 0/18 grids. 0 flagged cells
CPUTime-output: Frac = 0.999990, Current = 832.344 (831.573), Stop = 2592000.000000, Last = 26.3451
[YT_INFO   ] Setting YT parameters ...
[YT_INFO   ] Setting YT parameters ... done.
[YT_INFO   ] Getting pointer to particle list information ...
[YT_INFO   ] Getting pointer to particle list information  ... done.
[YT_INFO   ] Getting pointer to field list information ...
[YT_INFO   ] Getting pointer to field list information  ... done.
[YT_INFO   ] Getting pointer to local grids information ...
[YT_INFO   ] Getting pointer to local grids information  ... done.
[YT_INFO   ] Loading full hierarchy and local data to libyt ...
[YT_INFO   ] Loading full hierarchy and local data ... done.
[YT_INFO   ] Performing YT inline analysis yt_inline_func() ...
[YT_INFO   ] Performing YT inline analysis yt_inline_func() ... done.
Level[0]: dt = 0.0636689  0.0636689 (0.0636689/0.0636689)
