/home1/11056/zwu/.bashrc: line 30: conda: command not found
/home1/11056/zwu/.bashrc: line 30: conda: command not found
/home1/11056/zwu/.bashrc: line 30: conda: command not found
/home1/11056/zwu/.bashrc: line 30: conda: command not found
/home1/11056/zwu/.bashrc: line 30: conda: command not found
/home1/11056/zwu/.bashrc: line 30: conda: command not found
/home1/11056/zwu/.bashrc: line 30: conda: command not found
/home1/11056/zwu/.bashrc: line 30: conda: command not found
/home1/11056/zwu/.bashrc: line 30: conda: command not found
/home1/11056/zwu/.bashrc: line 30: conda: command not found
/home1/11056/zwu/.bashrc: line 30: conda: command not found
/home1/11056/zwu/.bashrc: line 30: conda: command not found
/home1/11056/zwu/.bashrc: line 30: conda: command not found
/home1/11056/zwu/.bashrc: line 30: conda: command not found
/home1/11056/zwu/.bashrc: line 30: conda: command not found
/home1/11056/zwu/.bashrc: line 30: conda: command not found
/home1/11056/zwu/.bashrc: line 30: conda: command not found
/home1/11056/zwu/.bashrc: line 30: conda: command not found
/home1/11056/zwu/.bashrc: line 30: conda: command not found
warning: the following parameter line was not interpreted:
use_grackle                 = 1
warning: the following parameter line was not interpreted:
with_radiative_cooling      = 1
warning: the following parameter line was not interpreted:
use_volumetric_heating_rate = 0
warning: the following parameter line was not interpreted:
use_specific_heating_rate   = 0
warning: the following parameter line was not interpreted:
self_shielding_method       = 1
warning: the following parameter line was not interpreted:
H2_self_shielding           = 0
warning: the following parameter line was not interpreted:
UVbackground                = 1
warning: the following parameter line was not interpreted:
Compton_xray_heating        = 0
warning: the following parameter line was not interpreted:
LWbackground_intensity      = 0.000000
warning: the following parameter line was not interpreted:
LWbackground_sawtooth_suppression = 0
warning: the following parameter line was not interpreted:
dust_chemistry              = 0
warning: the following parameter line was not interpreted:
local_dust_to_gas_ratio     = 0.009387
warning: the following parameter line was not interpreted:
use_isrf_field              = 0
warning: the following parameter line was not interpreted:
use_dust_density_field      = 0
Output to Global Dir .
Successfully read ParameterFile z_0015/z_0015.
yt : [INFO     ] 2026-07-29 20:46:06,580 Global parallel computation enabled: 422 / 560
yt : [INFO     ] 2026-07-29 20:46:06,579 Global parallel computation enabled: 169 / 560
yt : [INFO     ] 2026-07-29 20:46:06,580 Global parallel computation enabled: 226 / 560
yt : [INFO     ] 2026-07-29 20:46:06,580 Global parallel computation enabled: 341 / 560
yt : [INFO     ] 2026-07-29 20:46:06,580 Global parallel computation enabled: 427 / 560
yt : [INFO     ] 2026-07-29 20:46:06,579 Global parallel computation enabled: 171 / 560
yt : [INFO     ] 2026-07-29 20:46:06,579 Global parallel computation enabled: 143 / 560
yt : [INFO     ] 2026-07-29 20:46:06,580 Global parallel computation enabled: 89 / 560
yt : [INFO     ] 2026-07-29 20:46:06,580 Global parallel computation enabled: 227 / 560
yt : [INFO     ] 2026-07-29 20:46:06,581 Global parallel computation enabled: 290 / 560
yt : [INFO     ] 2026-07-29 20:46:06,580 Global parallel computation enabled: 483 / 560
yt : [INFO     ] 2026-07-29 20:46:06,580 Global parallel computation enabled: 350 / 560
yt : [INFO     ] 2026-07-29 20:46:06,580 Global parallel computation enabled: 434 / 560
yt : [INFO     ] 2026-07-29 20:46:06,580 Global parallel computation enabled: 33 / 560
yt : [INFO     ] 2026-07-29 20:46:06,579 Global parallel computation enabled: 186 / 560
yt : [INFO     ] 2026-07-29 20:46:06,579 Global parallel computation enabled: 145 / 560
yt : [INFO     ] 2026-07-29 20:46:06,580 Global parallel computation enabled: 233 / 560
yt : [INFO     ] 2026-07-29 20:46:06,581 Global parallel computation enabled: 296 / 560
yt : [INFO     ] 2026-07-29 20:46:06,580 Global parallel computation enabled: 490 / 560
yt : [INFO     ] 2026-07-29 20:46:06,580 Global parallel computation enabled: 355 / 560
yt : [INFO     ] 2026-07-29 20:46:06,580 Global parallel computation enabled: 435 / 560
yt : [INFO     ] 2026-07-29 20:46:06,580 Global parallel computation enabled: 38 / 560
yt : [INFO     ] 2026-07-29 20:46:06,579 Global parallel computation enabled: 188 / 560
yt : [INFO     ] 2026-07-29 20:46:06,580 Global parallel computation enabled: 258 / 560
yt : [INFO     ] 2026-07-29 20:46:06,579 Global parallel computation enabled: 147 / 560
yt : [INFO     ] 2026-07-29 20:46:06,580 Global parallel computation enabled: 98 / 560
yt : [INFO     ] 2026-07-29 20:46:06,580 Global parallel computation enabled: 234 / 560
yt : [INFO     ] 2026-07-29 20:46:06,581 Global parallel computation enabled: 297 / 560
yt : [INFO     ] 2026-07-29 20:46:06,580 Global parallel computation enabled: 495 / 560
yt : [INFO     ] 2026-07-29 20:46:06,580 Global parallel computation enabled: 336 / 560
yt : [INFO     ] 2026-07-29 20:46:06,580 Global parallel computation enabled: 436 / 560
yt : [INFO     ] 2026-07-29 20:46:06,580 Global parallel computation enabled: 39 / 560
yt : [INFO     ] 2026-07-29 20:46:06,579 Global parallel computation enabled: 190 / 560
yt : [INFO     ] 2026-07-29 20:46:06,580 Global parallel computation enabled: 533 / 560
yt : [INFO     ] 2026-07-29 20:46:06,580 Global parallel computation enabled: 264 / 560
yt : [INFO     ] 2026-07-29 20:46:06,579 Global parallel computation enabled: 157 / 560
yt : [INFO     ] 2026-07-29 20:46:06,580 Global parallel computation enabled: 102 / 560
yt : [INFO     ] 2026-07-29 20:46:06,580 Global parallel computation enabled: 235 / 560
yt : [INFO     ] 2026-07-29 20:46:06,580 Global parallel computation enabled: 451 / 560
yt : [INFO     ] 2026-07-29 20:46:06,581 Global parallel computation enabled: 298 / 560
yt : [INFO     ] 2026-07-29 20:46:06,580 Global parallel computation enabled: 496 / 560
yt : [INFO     ] 2026-07-29 20:46:06,580 Global parallel computation enabled: 512 / 560
yt : [INFO     ] 2026-07-29 20:46:06,580 Global parallel computation enabled: 397 / 560
yt : [INFO     ] 2026-07-29 20:46:06,580 Global parallel computation enabled: 338 / 560
yt : [INFO     ] 2026-07-29 20:46:06,580 Global parallel computation enabled: 438 / 560
yt : [INFO     ] 2026-07-29 20:46:06,580 Global parallel computation enabled: 41 / 560
yt : [INFO     ] 2026-07-29 20:46:06,579 Global parallel computation enabled: 191 / 560
yt : [INFO     ] 2026-07-29 20:46:06,580 Global parallel computation enabled: 544 / 560
yt : [INFO     ] 2026-07-29 20:46:06,580 Global parallel computation enabled: 265 / 560
yt : [INFO     ] 2026-07-29 20:46:06,579 Global parallel computation enabled: 159 / 560
yt : [INFO     ] 2026-07-29 20:46:06,580 Global parallel computation enabled: 104 / 560
yt : [INFO     ] 2026-07-29 20:46:06,580 Global parallel computation enabled: 367 / 560
yt : [INFO     ] 2026-07-29 20:46:06,580 Global parallel computation enabled: 236 / 560
yt : [INFO     ] 2026-07-29 20:46:06,580 Global parallel computation enabled: 456 / 560
yt : [INFO     ] 2026-07-29 20:46:06,581 Global parallel computation enabled: 300 / 560
yt : [INFO     ] 2026-07-29 20:46:06,580 Global parallel computation enabled: 501 / 560
yt : [INFO     ] 2026-07-29 20:46:06,580 Global parallel computation enabled: 515 / 560
yt : [INFO     ] 2026-07-29 20:46:06,580 Global parallel computation enabled: 405 / 560
yt : [INFO     ] 2026-07-29 20:46:06,580 Global parallel computation enabled: 339 / 560
yt : [INFO     ] 2026-07-29 20:46:06,580 Global parallel computation enabled: 446 / 560
yt : [INFO     ] 2026-07-29 20:46:06,580 Global parallel computation enabled: 45 / 560
yt : [INFO     ] 2026-07-29 20:46:06,579 Global parallel computation enabled: 201 / 560
yt : [INFO     ] 2026-07-29 20:46:06,580 Global parallel computation enabled: 545 / 560
yt : [INFO     ] 2026-07-29 20:46:06,580 Global parallel computation enabled: 274 / 560
yt : [INFO     ] 2026-07-29 20:46:06,580 Global parallel computation enabled: 312 / 560
yt : [INFO     ] 2026-07-29 20:46:06,579 Global parallel computation enabled: 165 / 560
yt : [INFO     ] 2026-07-29 20:46:06,580 Global parallel computation enabled: 105 / 560
yt : [INFO     ] 2026-07-29 20:46:06,580 Global parallel computation enabled: 372 / 560
yt : [INFO     ] 2026-07-29 20:46:06,580 Global parallel computation enabled: 237 / 560
yt : [INFO     ] 2026-07-29 20:46:06,580 Global parallel computation enabled: 464 / 560
yt : [INFO     ] 2026-07-29 20:46:06,581 Global parallel computation enabled: 303 / 560
yt : [INFO     ] 2026-07-29 20:46:06,580 Global parallel computation enabled: 502 / 560
yt : [INFO     ] 2026-07-29 20:46:06,580 Global parallel computation enabled: 517 / 560
yt : [INFO     ] 2026-07-29 20:46:06,580 Global parallel computation enabled: 409 / 560
yt : [INFO     ] 2026-07-29 20:46:06,580 Global parallel computation enabled: 340 / 560
yt : [INFO     ] 2026-07-29 20:46:06,580 Global parallel computation enabled: 447 / 560
yt : [INFO     ] 2026-07-29 20:46:06,580 Global parallel computation enabled: 46 / 560
yt : [INFO     ] 2026-07-29 20:46:06,579 Global parallel computation enabled: 168 / 560
yt : [INFO     ] 2026-07-29 20:46:06,580 Global parallel computation enabled: 548 / 560
yt : [INFO     ] 2026-07-29 20:46:06,580 Global parallel computation enabled: 275 / 560
yt : [INFO     ] 2026-07-29 20:46:06,580 Global parallel computation enabled: 313 / 560
yt : [INFO     ] 2026-07-29 20:46:06,579 Global parallel computation enabled: 167 / 560
yt : [INFO     ] 2026-07-29 20:46:06,580 Global parallel computation enabled: 106 / 560
yt : [INFO     ] 2026-07-29 20:46:06,580 Global parallel computation enabled: 374 / 560
yt : [INFO     ] 2026-07-29 20:46:06,580 Global parallel computation enabled: 242 / 560
yt : [INFO     ] 2026-07-29 20:46:06,580 Global parallel computation enabled: 468 / 560
yt : [INFO     ] 2026-07-29 20:46:06,581 Global parallel computation enabled: 305 / 560
yt : [INFO     ] 2026-07-29 20:46:06,580 Global parallel computation enabled: 481 / 560
yt : [INFO     ] 2026-07-29 20:46:06,580 Global parallel computation enabled: 524 / 560
yt : [INFO     ] 2026-07-29 20:46:06,580 Global parallel computation enabled: 412 / 560
yt : [INFO     ] 2026-07-29 20:46:06,580 Global parallel computation enabled: 342 / 560
yt : [INFO     ] 2026-07-29 20:46:06,580 Global parallel computation enabled: 420 / 560
yt : [INFO     ] 2026-07-29 20:46:06,580 Global parallel computation enabled: 47 / 560
yt : [INFO     ] 2026-07-29 20:46:06,579 Global parallel computation enabled: 170 / 560
yt : [INFO     ] 2026-07-29 20:46:06,580 Global parallel computation enabled: 549 / 560
yt : [INFO     ] 2026-07-29 20:46:06,580 Global parallel computation enabled: 252 / 560
yt : [INFO     ] 2026-07-29 20:46:06,580 Global parallel computation enabled: 320 / 560
yt : [INFO     ] 2026-07-29 20:46:06,580 Global parallel computation enabled: 140 / 560
yt : [INFO     ] 2026-07-29 20:46:06,580 Global parallel computation enabled: 84 / 560
yt : [INFO     ] 2026-07-29 20:46:06,580 Global parallel computation enabled: 375 / 560
yt : [INFO     ] 2026-07-29 20:46:06,580 Global parallel computation enabled: 243 / 560
yt : [INFO     ] 2026-07-29 20:46:06,580 Global parallel computation enabled: 471 / 560
yt : [INFO     ] 2026-07-29 20:46:06,581 Global parallel computation enabled: 280 / 560
yt : [INFO     ] 2026-07-29 20:46:06,580 Global parallel computation enabled: 482 / 560
yt : [INFO     ] 2026-07-29 20:46:06,580 Global parallel computation enabled: 527 / 560
yt : [INFO     ] 2026-07-29 20:46:06,580 Global parallel computation enabled: 392 / 560
yt : [INFO     ] 2026-07-29 20:46:06,580 Global parallel computation enabled: 343 / 560
yt : [INFO     ] 2026-07-29 20:46:06,580 Global parallel computation enabled: 421 / 560
yt : [INFO     ] 2026-07-29 20:46:06,580 Global parallel computation enabled: 48 / 560
yt : [INFO     ] 2026-07-29 20:46:06,579 Global parallel computation enabled: 172 / 560
yt : [INFO     ] 2026-07-29 20:46:06,580 Global parallel computation enabled: 552 / 560
yt : [INFO     ] 2026-07-29 20:46:06,580 Global parallel computation enabled: 253 / 560
yt : [INFO     ] 2026-07-29 20:46:06,580 Global parallel computation enabled: 326 / 560
yt : [INFO     ] 2026-07-29 20:46:06,580 Global parallel computation enabled: 141 / 560
yt : [INFO     ] 2026-07-29 20:46:06,580 Global parallel computation enabled: 85 / 560
yt : [INFO     ] 2026-07-29 20:46:06,580 Global parallel computation enabled: 376 / 560
yt : [INFO     ] 2026-07-29 20:46:06,580 Global parallel computation enabled: 247 / 560
yt : [INFO     ] 2026-07-29 20:46:06,580 Global parallel computation enabled: 473 / 560
yt : [INFO     ] 2026-07-29 20:46:06,581 Global parallel computation enabled: 281 / 560
yt : [INFO     ] 2026-07-29 20:46:06,580 Global parallel computation enabled: 484 / 560
yt : [INFO     ] 2026-07-29 20:46:06,580 Global parallel computation enabled: 528 / 560
yt : [INFO     ] 2026-07-29 20:46:06,580 Global parallel computation enabled: 394 / 560
yt : [INFO     ] 2026-07-29 20:46:06,580 Global parallel computation enabled: 344 / 560
yt : [INFO     ] 2026-07-29 20:46:06,580 Global parallel computation enabled: 423 / 560
yt : [INFO     ] 2026-07-29 20:46:06,580 Global parallel computation enabled: 52 / 560
yt : [INFO     ] 2026-07-29 20:46:06,579 Global parallel computation enabled: 173 / 560
yt : [INFO     ] 2026-07-29 20:46:06,580 Global parallel computation enabled: 555 / 560
yt : [INFO     ] 2026-07-29 20:46:06,580 Global parallel computation enabled: 254 / 560
yt : [INFO     ] 2026-07-29 20:46:06,580 Global parallel computation enabled: 334 / 560
yt : [INFO     ] 2026-07-29 20:46:06,579 Global parallel computation enabled: 142 / 560
yt : [INFO     ] 2026-07-29 20:46:06,580 Global parallel computation enabled: 86 / 560
yt : [INFO     ] 2026-07-29 20:46:06,580 Global parallel computation enabled: 378 / 560
yt : [INFO     ] 2026-07-29 20:46:06,580 Global parallel computation enabled: 249 / 560
yt : [INFO     ] 2026-07-29 20:46:06,580 Global parallel computation enabled: 475 / 560
yt : [INFO     ] 2026-07-29 20:46:06,581 Global parallel computation enabled: 282 / 560
yt : [INFO     ] 2026-07-29 20:46:06,580 Global parallel computation enabled: 485 / 560
yt : [INFO     ] 2026-07-29 20:46:06,580 Global parallel computation enabled: 529 / 560
yt : [INFO     ] 2026-07-29 20:46:06,580 Global parallel computation enabled: 395 / 560
yt : [INFO     ] 2026-07-29 20:46:06,580 Global parallel computation enabled: 345 / 560
yt : [INFO     ] 2026-07-29 20:46:06,580 Global parallel computation enabled: 424 / 560
yt : [INFO     ] 2026-07-29 20:46:06,580 Global parallel computation enabled: 54 / 560
yt : [INFO     ] 2026-07-29 20:46:06,579 Global parallel computation enabled: 174 / 560
yt : [INFO     ] 2026-07-29 20:46:06,580 Global parallel computation enabled: 557 / 560
yt : [INFO     ] 2026-07-29 20:46:06,580 Global parallel computation enabled: 255 / 560
yt : [INFO     ] 2026-07-29 20:46:06,580 Global parallel computation enabled: 308 / 560
yt : [INFO     ] 2026-07-29 20:46:06,579 Global parallel computation enabled: 144 / 560
yt : [INFO     ] 2026-07-29 20:46:06,580 Global parallel computation enabled: 87 / 560
yt : [INFO     ] 2026-07-29 20:46:06,580 Global parallel computation enabled: 381 / 560
yt : [INFO     ] 2026-07-29 20:46:06,580 Global parallel computation enabled: 224 / 560
yt : [INFO     ] 2026-07-29 20:46:06,580 Global parallel computation enabled: 448 / 560
yt : [INFO     ] 2026-07-29 20:46:06,581 Global parallel computation enabled: 283 / 560
yt : [INFO     ] 2026-07-29 20:46:06,580 Global parallel computation enabled: 487 / 560
yt : [INFO     ] 2026-07-29 20:46:06,580 Global parallel computation enabled: 530 / 560
yt : [INFO     ] 2026-07-29 20:46:06,580 Global parallel computation enabled: 396 / 560
yt : [INFO     ] 2026-07-29 20:46:06,580 Global parallel computation enabled: 347 / 560
yt : [INFO     ] 2026-07-29 20:46:06,580 Global parallel computation enabled: 425 / 560
yt : [INFO     ] 2026-07-29 20:46:06,580 Global parallel computation enabled: 28 / 560
yt : [INFO     ] 2026-07-29 20:46:06,579 Global parallel computation enabled: 176 / 560
yt : [INFO     ] 2026-07-29 20:46:06,580 Global parallel computation enabled: 558 / 560
yt : [INFO     ] 2026-07-29 20:46:06,580 Global parallel computation enabled: 256 / 560
yt : [INFO     ] 2026-07-29 20:46:06,580 Global parallel computation enabled: 309 / 560
yt : [INFO     ] 2026-07-29 20:46:06,580 Global parallel computation enabled: 146 / 560
yt : [INFO     ] 2026-07-29 20:46:06,580 Global parallel computation enabled: 88 / 560
yt : [INFO     ] 2026-07-29 20:46:06,580 Global parallel computation enabled: 383 / 560
yt : [INFO     ] 2026-07-29 20:46:06,580 Global parallel computation enabled: 225 / 560
yt : [INFO     ] 2026-07-29 20:46:06,580 Global parallel computation enabled: 449 / 560
yt : [INFO     ] 2026-07-29 20:46:06,581 Global parallel computation enabled: 284 / 560
yt : [INFO     ] 2026-07-29 20:46:06,580 Global parallel computation enabled: 491 / 560
yt : [INFO     ] 2026-07-29 20:46:06,580 Global parallel computation enabled: 504 / 560
yt : [INFO     ] 2026-07-29 20:46:06,580 Global parallel computation enabled: 399 / 560
yt : [INFO     ] 2026-07-29 20:46:06,580 Global parallel computation enabled: 348 / 560
yt : [INFO     ] 2026-07-29 20:46:06,580 Global parallel computation enabled: 426 / 560
yt : [INFO     ] 2026-07-29 20:46:06,580 Global parallel computation enabled: 29 / 560
yt : [INFO     ] 2026-07-29 20:46:06,579 Global parallel computation enabled: 177 / 560
yt : [INFO     ] 2026-07-29 20:46:06,580 Global parallel computation enabled: 559 / 560
yt : [INFO     ] 2026-07-29 20:46:06,580 Global parallel computation enabled: 257 / 560
yt : [INFO     ] 2026-07-29 20:46:06,580 Global parallel computation enabled: 310 / 560
yt : [INFO     ] 2026-07-29 20:46:06,579 Global parallel computation enabled: 148 / 560
yt : [INFO     ] 2026-07-29 20:46:06,580 Global parallel computation enabled: 90 / 560
yt : [INFO     ] 2026-07-29 20:46:06,580 Global parallel computation enabled: 386 / 560
yt : [INFO     ] 2026-07-29 20:46:06,580 Global parallel computation enabled: 228 / 560
yt : [INFO     ] 2026-07-29 20:46:06,580 Global parallel computation enabled: 450 / 560
yt : [INFO     ] 2026-07-29 20:46:06,581 Global parallel computation enabled: 285 / 560
yt : [INFO     ] 2026-07-29 20:46:06,580 Global parallel computation enabled: 492 / 560
yt : [INFO     ] 2026-07-29 20:46:06,580 Global parallel computation enabled: 505 / 560
yt : [INFO     ] 2026-07-29 20:46:06,580 Global parallel computation enabled: 400 / 560
yt : [INFO     ] 2026-07-29 20:46:06,580 Global parallel computation enabled: 349 / 560
yt : [INFO     ] 2026-07-29 20:46:06,580 Global parallel computation enabled: 428 / 560
yt : [INFO     ] 2026-07-29 20:46:06,580 Global parallel computation enabled: 30 / 560
yt : [INFO     ] 2026-07-29 20:46:06,579 Global parallel computation enabled: 178 / 560
yt : [INFO     ] 2026-07-29 20:46:06,580 Global parallel computation enabled: 532 / 560
yt : [INFO     ] 2026-07-29 20:46:06,580 Global parallel computation enabled: 259 / 560
yt : [INFO     ] 2026-07-29 20:46:06,580 Global parallel computation enabled: 311 / 560
yt : [INFO     ] 2026-07-29 20:46:06,579 Global parallel computation enabled: 149 / 560
yt : [INFO     ] 2026-07-29 20:46:06,580 Global parallel computation enabled: 91 / 560
yt : [INFO     ] 2026-07-29 20:46:06,580 Global parallel computation enabled: 388 / 560
yt : [INFO     ] 2026-07-29 20:46:06,580 Global parallel computation enabled: 229 / 560
yt : [INFO     ] 2026-07-29 20:46:06,580 Global parallel computation enabled: 452 / 560
yt : [INFO     ] 2026-07-29 20:46:06,581 Global parallel computation enabled: 286 / 560
yt : [INFO     ] 2026-07-29 20:46:06,580 Global parallel computation enabled: 493 / 560
yt : [INFO     ] 2026-07-29 20:46:06,580 Global parallel computation enabled: 506 / 560
yt : [INFO     ] 2026-07-29 20:46:06,580 Global parallel computation enabled: 401 / 560
yt : [INFO     ] 2026-07-29 20:46:06,580 Global parallel computation enabled: 351 / 560
yt : [INFO     ] 2026-07-29 20:46:06,580 Global parallel computation enabled: 429 / 560
yt : [INFO     ] 2026-07-29 20:46:06,580 Global parallel computation enabled: 31 / 560
yt : [INFO     ] 2026-07-29 20:46:06,579 Global parallel computation enabled: 179 / 560
yt : [INFO     ] 2026-07-29 20:46:06,580 Global parallel computation enabled: 534 / 560
yt : [INFO     ] 2026-07-29 20:46:06,580 Global parallel computation enabled: 260 / 560
yt : [INFO     ] 2026-07-29 20:46:06,580 Global parallel computation enabled: 314 / 560
yt : [INFO     ] 2026-07-29 20:46:06,580 Global parallel computation enabled: 150 / 560
yt : [INFO     ] 2026-07-29 20:46:06,580 Global parallel computation enabled: 92 / 560
yt : [INFO     ] 2026-07-29 20:46:06,580 Global parallel computation enabled: 391 / 560
yt : [INFO     ] 2026-07-29 20:46:06,580 Global parallel computation enabled: 230 / 560
yt : [INFO     ] 2026-07-29 20:46:06,580 Global parallel computation enabled: 453 / 560
yt : [INFO     ] 2026-07-29 20:46:06,581 Global parallel computation enabled: 287 / 560
yt : [INFO     ] 2026-07-29 20:46:06,580 Global parallel computation enabled: 494 / 560
yt : [INFO     ] 2026-07-29 20:46:06,580 Global parallel computation enabled: 507 / 560
yt : [INFO     ] 2026-07-29 20:46:06,580 Global parallel computation enabled: 402 / 560
yt : [INFO     ] 2026-07-29 20:46:06,580 Global parallel computation enabled: 352 / 560
yt : [INFO     ] 2026-07-29 20:46:06,580 Global parallel computation enabled: 430 / 560
yt : [INFO     ] 2026-07-29 20:46:06,580 Global parallel computation enabled: 32 / 560
yt : [INFO     ] 2026-07-29 20:46:06,579 Global parallel computation enabled: 180 / 560
yt : [INFO     ] 2026-07-29 20:46:06,580 Global parallel computation enabled: 535 / 560
yt : [INFO     ] 2026-07-29 20:46:06,580 Global parallel computation enabled: 261 / 560
yt : [INFO     ] 2026-07-29 20:46:06,580 Global parallel computation enabled: 315 / 560
yt : [INFO     ] 2026-07-29 20:46:06,580 Global parallel computation enabled: 151 / 560
yt : [INFO     ] 2026-07-29 20:46:06,580 Global parallel computation enabled: 93 / 560
yt : [INFO     ] 2026-07-29 20:46:06,580 Global parallel computation enabled: 364 / 560
yt : [INFO     ] 2026-07-29 20:46:06,580 Global parallel computation enabled: 231 / 560
yt : [INFO     ] 2026-07-29 20:46:06,580 Global parallel computation enabled: 454 / 560
yt : [INFO     ] 2026-07-29 20:46:06,581 Global parallel computation enabled: 288 / 560
yt : [INFO     ] 2026-07-29 20:46:06,580 Global parallel computation enabled: 500 / 560
yt : [INFO     ] 2026-07-29 20:46:06,580 Global parallel computation enabled: 508 / 560
yt : [INFO     ] 2026-07-29 20:46:06,580 Global parallel computation enabled: 403 / 560
yt : [INFO     ] 2026-07-29 20:46:06,580 Global parallel computation enabled: 354 / 560
yt : [INFO     ] 2026-07-29 20:46:06,580 Global parallel computation enabled: 431 / 560
yt : [INFO     ] 2026-07-29 20:46:06,580 Global parallel computation enabled: 8 / 560
yt : [INFO     ] 2026-07-29 20:46:06,579 Global parallel computation enabled: 181 / 560
yt : [INFO     ] 2026-07-29 20:46:06,580 Global parallel computation enabled: 536 / 560
yt : [INFO     ] 2026-07-29 20:46:06,580 Global parallel computation enabled: 262 / 560
yt : [INFO     ] 2026-07-29 20:46:06,580 Global parallel computation enabled: 316 / 560
yt : [INFO     ] 2026-07-29 20:46:06,580 Global parallel computation enabled: 152 / 560
yt : [INFO     ] 2026-07-29 20:46:06,580 Global parallel computation enabled: 94 / 560
yt : [INFO     ] 2026-07-29 20:46:06,580 Global parallel computation enabled: 365 / 560
yt : [INFO     ] 2026-07-29 20:46:06,580 Global parallel computation enabled: 232 / 560
yt : [INFO     ] 2026-07-29 20:46:06,580 Global parallel computation enabled: 455 / 560
yt : [INFO     ] 2026-07-29 20:46:06,581 Global parallel computation enabled: 289 / 560
yt : [INFO     ] 2026-07-29 20:46:06,580 Global parallel computation enabled: 503 / 560
yt : [INFO     ] 2026-07-29 20:46:06,580 Global parallel computation enabled: 509 / 560
yt : [INFO     ] 2026-07-29 20:46:06,580 Global parallel computation enabled: 404 / 560
yt : [INFO     ] 2026-07-29 20:46:06,580 Global parallel computation enabled: 356 / 560
yt : [INFO     ] 2026-07-29 20:46:06,580 Global parallel computation enabled: 432 / 560
yt : [INFO     ] 2026-07-29 20:46:06,580 Global parallel computation enabled: 10 / 560
yt : [INFO     ] 2026-07-29 20:46:06,579 Global parallel computation enabled: 182 / 560
yt : [INFO     ] 2026-07-29 20:46:06,580 Global parallel computation enabled: 537 / 560
yt : [INFO     ] 2026-07-29 20:46:06,580 Global parallel computation enabled: 263 / 560
yt : [INFO     ] 2026-07-29 20:46:06,580 Global parallel computation enabled: 317 / 560
yt : [INFO     ] 2026-07-29 20:46:06,580 Global parallel computation enabled: 153 / 560
yt : [INFO     ] 2026-07-29 20:46:06,580 Global parallel computation enabled: 95 / 560
yt : [INFO     ] 2026-07-29 20:46:06,580 Global parallel computation enabled: 366 / 560
yt : [INFO     ] 2026-07-29 20:46:06,580 Global parallel computation enabled: 238 / 560
yt : [INFO     ] 2026-07-29 20:46:06,580 Global parallel computation enabled: 457 / 560
yt : [INFO     ] 2026-07-29 20:46:06,581 Global parallel computation enabled: 291 / 560
yt : [INFO     ] 2026-07-29 20:46:06,580 Global parallel computation enabled: 476 / 560
yt : [INFO     ] 2026-07-29 20:46:06,580 Global parallel computation enabled: 510 / 560
yt : [INFO     ] 2026-07-29 20:46:06,580 Global parallel computation enabled: 410 / 560
yt : [INFO     ] 2026-07-29 20:46:06,580 Global parallel computation enabled: 357 / 560
yt : [INFO     ] 2026-07-29 20:46:06,580 Global parallel computation enabled: 433 / 560
yt : [INFO     ] 2026-07-29 20:46:06,580 Global parallel computation enabled: 34 / 560
yt : [INFO     ] 2026-07-29 20:46:06,579 Global parallel computation enabled: 183 / 560
yt : [INFO     ] 2026-07-29 20:46:06,580 Global parallel computation enabled: 538 / 560
yt : [INFO     ] 2026-07-29 20:46:06,580 Global parallel computation enabled: 266 / 560
yt : [INFO     ] 2026-07-29 20:46:06,580 Global parallel computation enabled: 318 / 560
yt : [INFO     ] 2026-07-29 20:46:06,580 Global parallel computation enabled: 154 / 560
yt : [INFO     ] 2026-07-29 20:46:06,580 Global parallel computation enabled: 96 / 560
yt : [INFO     ] 2026-07-29 20:46:06,580 Global parallel computation enabled: 368 / 560
yt : [INFO     ] 2026-07-29 20:46:06,580 Global parallel computation enabled: 239 / 560
yt : [INFO     ] 2026-07-29 20:46:06,580 Global parallel computation enabled: 458 / 560
yt : [INFO     ] 2026-07-29 20:46:06,581 Global parallel computation enabled: 292 / 560
yt : [INFO     ] 2026-07-29 20:46:06,580 Global parallel computation enabled: 477 / 560
yt : [INFO     ] 2026-07-29 20:46:06,580 Global parallel computation enabled: 511 / 560
yt : [INFO     ] 2026-07-29 20:46:06,580 Global parallel computation enabled: 411 / 560
yt : [INFO     ] 2026-07-29 20:46:06,580 Global parallel computation enabled: 358 / 560
yt : [INFO     ] 2026-07-29 20:46:06,580 Global parallel computation enabled: 437 / 560
yt : [INFO     ] 2026-07-29 20:46:06,580 Global parallel computation enabled: 0 / 560
yt : [INFO     ] 2026-07-29 20:46:06,579 Global parallel computation enabled: 184 / 560
yt : [INFO     ] 2026-07-29 20:46:06,580 Global parallel computation enabled: 539 / 560
yt : [INFO     ] 2026-07-29 20:46:06,580 Global parallel computation enabled: 267 / 560
yt : [INFO     ] 2026-07-29 20:46:06,580 Global parallel computation enabled: 319 / 560
yt : [INFO     ] 2026-07-29 20:46:06,580 Global parallel computation enabled: 155 / 560
yt : [INFO     ] 2026-07-29 20:46:06,580 Global parallel computation enabled: 97 / 560
yt : [INFO     ] 2026-07-29 20:46:06,580 Global parallel computation enabled: 369 / 560
yt : [INFO     ] 2026-07-29 20:46:06,580 Global parallel computation enabled: 240 / 560
yt : [INFO     ] 2026-07-29 20:46:06,580 Global parallel computation enabled: 459 / 560
yt : [INFO     ] 2026-07-29 20:46:06,581 Global parallel computation enabled: 293 / 560
yt : [INFO     ] 2026-07-29 20:46:06,580 Global parallel computation enabled: 478 / 560
yt : [INFO     ] 2026-07-29 20:46:06,580 Global parallel computation enabled: 513 / 560
yt : [INFO     ] 2026-07-29 20:46:06,580 Global parallel computation enabled: 413 / 560
yt : [INFO     ] 2026-07-29 20:46:06,580 Global parallel computation enabled: 359 / 560
yt : [INFO     ] 2026-07-29 20:46:06,580 Global parallel computation enabled: 439 / 560
yt : [INFO     ] 2026-07-29 20:46:06,580 Global parallel computation enabled: 1 / 560
yt : [INFO     ] 2026-07-29 20:46:06,579 Global parallel computation enabled: 185 / 560
yt : [INFO     ] 2026-07-29 20:46:06,580 Global parallel computation enabled: 540 / 560
yt : [INFO     ] 2026-07-29 20:46:06,580 Global parallel computation enabled: 268 / 560
yt : [INFO     ] 2026-07-29 20:46:06,580 Global parallel computation enabled: 321 / 560
yt : [INFO     ] 2026-07-29 20:46:06,580 Global parallel computation enabled: 156 / 560
yt : [INFO     ] 2026-07-29 20:46:06,580 Global parallel computation enabled: 99 / 560
yt : [INFO     ] 2026-07-29 20:46:06,580 Global parallel computation enabled: 370 / 560
yt : [INFO     ] 2026-07-29 20:46:06,580 Global parallel computation enabled: 241 / 560
yt : [INFO     ] 2026-07-29 20:46:06,580 Global parallel computation enabled: 460 / 560
yt : [INFO     ] 2026-07-29 20:46:06,581 Global parallel computation enabled: 294 / 560
yt : [INFO     ] 2026-07-29 20:46:06,580 Global parallel computation enabled: 479 / 560
yt : [INFO     ] 2026-07-29 20:46:06,580 Global parallel computation enabled: 514 / 560
yt : [INFO     ] 2026-07-29 20:46:06,580 Global parallel computation enabled: 414 / 560
yt : [INFO     ] 2026-07-29 20:46:06,580 Global parallel computation enabled: 360 / 560
yt : [INFO     ] 2026-07-29 20:46:06,580 Global parallel computation enabled: 440 / 560
yt : [INFO     ] 2026-07-29 20:46:06,580 Global parallel computation enabled: 4 / 560
yt : [INFO     ] 2026-07-29 20:46:06,579 Global parallel computation enabled: 187 / 560
yt : [INFO     ] 2026-07-29 20:46:06,580 Global parallel computation enabled: 541 / 560
yt : [INFO     ] 2026-07-29 20:46:06,580 Global parallel computation enabled: 269 / 560
yt : [INFO     ] 2026-07-29 20:46:06,580 Global parallel computation enabled: 322 / 560
yt : [INFO     ] 2026-07-29 20:46:06,580 Global parallel computation enabled: 158 / 560
yt : [INFO     ] 2026-07-29 20:46:06,580 Global parallel computation enabled: 100 / 560
yt : [INFO     ] 2026-07-29 20:46:06,580 Global parallel computation enabled: 371 / 560
yt : [INFO     ] 2026-07-29 20:46:06,580 Global parallel computation enabled: 244 / 560
yt : [INFO     ] 2026-07-29 20:46:06,580 Global parallel computation enabled: 461 / 560
yt : [INFO     ] 2026-07-29 20:46:06,581 Global parallel computation enabled: 295 / 560
yt : [INFO     ] 2026-07-29 20:46:06,580 Global parallel computation enabled: 480 / 560
yt : [INFO     ] 2026-07-29 20:46:06,580 Global parallel computation enabled: 516 / 560
yt : [INFO     ] 2026-07-29 20:46:06,580 Global parallel computation enabled: 415 / 560
yt : [INFO     ] 2026-07-29 20:46:06,580 Global parallel computation enabled: 363 / 560
yt : [INFO     ] 2026-07-29 20:46:06,580 Global parallel computation enabled: 441 / 560
yt : [INFO     ] 2026-07-29 20:46:06,580 Global parallel computation enabled: 12 / 560
yt : [INFO     ] 2026-07-29 20:46:06,579 Global parallel computation enabled: 189 / 560
yt : [INFO     ] 2026-07-29 20:46:06,580 Global parallel computation enabled: 542 / 560
yt : [INFO     ] 2026-07-29 20:46:06,580 Global parallel computation enabled: 270 / 560
yt : [INFO     ] 2026-07-29 20:46:06,580 Global parallel computation enabled: 323 / 560
yt : [INFO     ] 2026-07-29 20:46:06,580 Global parallel computation enabled: 160 / 560
yt : [INFO     ] 2026-07-29 20:46:06,580 Global parallel computation enabled: 101 / 560
yt : [INFO     ] 2026-07-29 20:46:06,580 Global parallel computation enabled: 373 / 560
yt : [INFO     ] 2026-07-29 20:46:06,580 Global parallel computation enabled: 245 / 560
yt : [INFO     ] 2026-07-29 20:46:06,580 Global parallel computation enabled: 462 / 560
yt : [INFO     ] 2026-07-29 20:46:06,581 Global parallel computation enabled: 299 / 560
yt : [INFO     ] 2026-07-29 20:46:06,580 Global parallel computation enabled: 486 / 560
yt : [INFO     ] 2026-07-29 20:46:06,580 Global parallel computation enabled: 518 / 560
yt : [INFO     ] 2026-07-29 20:46:06,580 Global parallel computation enabled: 416 / 560
yt : [INFO     ] 2026-07-29 20:46:06,580 Global parallel computation enabled: 337 / 560
yt : [INFO     ] 2026-07-29 20:46:06,580 Global parallel computation enabled: 442 / 560
yt : [INFO     ] 2026-07-29 20:46:06,580 Global parallel computation enabled: 35 / 560
yt : [INFO     ] 2026-07-29 20:46:06,579 Global parallel computation enabled: 192 / 560
yt : [INFO     ] 2026-07-29 20:46:06,580 Global parallel computation enabled: 543 / 560
yt : [INFO     ] 2026-07-29 20:46:06,580 Global parallel computation enabled: 271 / 560
yt : [INFO     ] 2026-07-29 20:46:06,580 Global parallel computation enabled: 324 / 560
yt : [INFO     ] 2026-07-29 20:46:06,580 Global parallel computation enabled: 161 / 560
yt : [INFO     ] 2026-07-29 20:46:06,580 Global parallel computation enabled: 103 / 560
yt : [INFO     ] 2026-07-29 20:46:06,580 Global parallel computation enabled: 377 / 560
yt : [INFO     ] 2026-07-29 20:46:06,580 Global parallel computation enabled: 246 / 560
yt : [INFO     ] 2026-07-29 20:46:06,580 Global parallel computation enabled: 463 / 560
yt : [INFO     ] 2026-07-29 20:46:06,581 Global parallel computation enabled: 301 / 560
yt : [INFO     ] 2026-07-29 20:46:06,580 Global parallel computation enabled: 488 / 560
yt : [INFO     ] 2026-07-29 20:46:06,580 Global parallel computation enabled: 519 / 560
yt : [INFO     ] 2026-07-29 20:46:06,580 Global parallel computation enabled: 417 / 560
yt : [INFO     ] 2026-07-29 20:46:06,580 Global parallel computation enabled: 346 / 560
yt : [INFO     ] 2026-07-29 20:46:06,580 Global parallel computation enabled: 443 / 560
yt : [INFO     ] 2026-07-29 20:46:06,580 Global parallel computation enabled: 2 / 560
yt : [INFO     ] 2026-07-29 20:46:06,579 Global parallel computation enabled: 193 / 560
yt : [INFO     ] 2026-07-29 20:46:06,580 Global parallel computation enabled: 546 / 560
yt : [INFO     ] 2026-07-29 20:46:06,580 Global parallel computation enabled: 272 / 560
yt : [INFO     ] 2026-07-29 20:46:06,580 Global parallel computation enabled: 325 / 560
yt : [INFO     ] 2026-07-29 20:46:06,580 Global parallel computation enabled: 162 / 560
yt : [INFO     ] 2026-07-29 20:46:06,580 Global parallel computation enabled: 107 / 560
yt : [INFO     ] 2026-07-29 20:46:06,580 Global parallel computation enabled: 379 / 560
yt : [INFO     ] 2026-07-29 20:46:06,580 Global parallel computation enabled: 248 / 560
yt : [INFO     ] 2026-07-29 20:46:06,580 Global parallel computation enabled: 465 / 560
yt : [INFO     ] 2026-07-29 20:46:06,581 Global parallel computation enabled: 302 / 560
yt : [INFO     ] 2026-07-29 20:46:06,580 Global parallel computation enabled: 489 / 560
yt : [INFO     ] 2026-07-29 20:46:06,580 Global parallel computation enabled: 520 / 560
yt : [INFO     ] 2026-07-29 20:46:06,580 Global parallel computation enabled: 418 / 560
yt : [INFO     ] 2026-07-29 20:46:06,580 Global parallel computation enabled: 353 / 560
yt : [INFO     ] 2026-07-29 20:46:06,580 Global parallel computation enabled: 444 / 560
yt : [INFO     ] 2026-07-29 20:46:06,580 Global parallel computation enabled: 3 / 560
yt : [INFO     ] 2026-07-29 20:46:06,579 Global parallel computation enabled: 194 / 560
yt : [INFO     ] 2026-07-29 20:46:06,580 Global parallel computation enabled: 547 / 560
yt : [INFO     ] 2026-07-29 20:46:06,580 Global parallel computation enabled: 273 / 560
yt : [INFO     ] 2026-07-29 20:46:06,580 Global parallel computation enabled: 327 / 560
yt : [INFO     ] 2026-07-29 20:46:06,580 Global parallel computation enabled: 163 / 560
yt : [INFO     ] 2026-07-29 20:46:06,580 Global parallel computation enabled: 108 / 560
yt : [INFO     ] 2026-07-29 20:46:06,580 Global parallel computation enabled: 380 / 560
yt : [INFO     ] 2026-07-29 20:46:06,580 Global parallel computation enabled: 250 / 560
yt : [INFO     ] 2026-07-29 20:46:06,580 Global parallel computation enabled: 466 / 560
yt : [INFO     ] 2026-07-29 20:46:06,581 Global parallel computation enabled: 304 / 560
yt : [INFO     ] 2026-07-29 20:46:06,580 Global parallel computation enabled: 497 / 560
yt : [INFO     ] 2026-07-29 20:46:06,580 Global parallel computation enabled: 521 / 560
yt : [INFO     ] 2026-07-29 20:46:06,580 Global parallel computation enabled: 419 / 560
yt : [INFO     ] 2026-07-29 20:46:06,580 Global parallel computation enabled: 361 / 560
yt : [INFO     ] 2026-07-29 20:46:06,580 Global parallel computation enabled: 445 / 560
yt : [INFO     ] 2026-07-29 20:46:06,580 Global parallel computation enabled: 13 / 560
yt : [INFO     ] 2026-07-29 20:46:06,579 Global parallel computation enabled: 195 / 560
yt : [INFO     ] 2026-07-29 20:46:06,580 Global parallel computation enabled: 550 / 560
yt : [INFO     ] 2026-07-29 20:46:06,580 Global parallel computation enabled: 276 / 560
yt : [INFO     ] 2026-07-29 20:46:06,580 Global parallel computation enabled: 328 / 560
yt : [INFO     ] 2026-07-29 20:46:06,579 Global parallel computation enabled: 164 / 560
yt : [INFO     ] 2026-07-29 20:46:06,580 Global parallel computation enabled: 109 / 560
yt : [INFO     ] 2026-07-29 20:46:06,580 Global parallel computation enabled: 382 / 560
yt : [INFO     ] 2026-07-29 20:46:06,580 Global parallel computation enabled: 251 / 560
yt : [INFO     ] 2026-07-29 20:46:06,580 Global parallel computation enabled: 467 / 560
yt : [INFO     ] 2026-07-29 20:46:06,581 Global parallel computation enabled: 306 / 560
yt : [INFO     ] 2026-07-29 20:46:06,580 Global parallel computation enabled: 498 / 560
yt : [INFO     ] 2026-07-29 20:46:06,580 Global parallel computation enabled: 522 / 560
yt : [INFO     ] 2026-07-29 20:46:06,580 Global parallel computation enabled: 393 / 560
yt : [INFO     ] 2026-07-29 20:46:06,580 Global parallel computation enabled: 362 / 560
yt : [INFO     ] 2026-07-29 20:46:06,580 Global parallel computation enabled: 15 / 560
yt : [INFO     ] 2026-07-29 20:46:06,579 Global parallel computation enabled: 205 / 560
yt : [INFO     ] 2026-07-29 20:46:06,580 Global parallel computation enabled: 551 / 560
yt : [INFO     ] 2026-07-29 20:46:06,580 Global parallel computation enabled: 277 / 560
yt : [INFO     ] 2026-07-29 20:46:06,580 Global parallel computation enabled: 329 / 560
yt : [INFO     ] 2026-07-29 20:46:06,580 Global parallel computation enabled: 166 / 560
yt : [INFO     ] 2026-07-29 20:46:06,580 Global parallel computation enabled: 110 / 560
yt : [INFO     ] 2026-07-29 20:46:06,580 Global parallel computation enabled: 384 / 560
yt : [INFO     ] 2026-07-29 20:46:06,580 Global parallel computation enabled: 469 / 560
yt : [INFO     ] 2026-07-29 20:46:06,581 Global parallel computation enabled: 307 / 560
yt : [INFO     ] 2026-07-29 20:46:06,580 Global parallel computation enabled: 499 / 560
yt : [INFO     ] 2026-07-29 20:46:06,580 Global parallel computation enabled: 523 / 560
yt : [INFO     ] 2026-07-29 20:46:06,580 Global parallel computation enabled: 398 / 560
yt : [INFO     ] 2026-07-29 20:46:06,580 Global parallel computation enabled: 36 / 560
yt : [INFO     ] 2026-07-29 20:46:06,579 Global parallel computation enabled: 175 / 560
yt : [INFO     ] 2026-07-29 20:46:06,580 Global parallel computation enabled: 553 / 560
yt : [INFO     ] 2026-07-29 20:46:06,580 Global parallel computation enabled: 278 / 560
yt : [INFO     ] 2026-07-29 20:46:06,580 Global parallel computation enabled: 330 / 560
yt : [INFO     ] 2026-07-29 20:46:06,580 Global parallel computation enabled: 123 / 560
yt : [INFO     ] 2026-07-29 20:46:06,580 Global parallel computation enabled: 111 / 560
yt : [INFO     ] 2026-07-29 20:46:06,580 Global parallel computation enabled: 385 / 560
yt : [INFO     ] 2026-07-29 20:46:06,580 Global parallel computation enabled: 470 / 560
yt : [INFO     ] 2026-07-29 20:46:06,580 Global parallel computation enabled: 525 / 560
yt : [INFO     ] 2026-07-29 20:46:06,580 Global parallel computation enabled: 406 / 560
yt : [INFO     ] 2026-07-29 20:46:06,580 Global parallel computation enabled: 5 / 560
yt : [INFO     ] 2026-07-29 20:46:06,579 Global parallel computation enabled: 212 / 560
yt : [INFO     ] 2026-07-29 20:46:06,580 Global parallel computation enabled: 554 / 560
yt : [INFO     ] 2026-07-29 20:46:06,580 Global parallel computation enabled: 279 / 560
yt : [INFO     ] 2026-07-29 20:46:06,580 Global parallel computation enabled: 331 / 560
yt : [INFO     ] 2026-07-29 20:46:06,580 Global parallel computation enabled: 115 / 560
yt : [INFO     ] 2026-07-29 20:46:06,580 Global parallel computation enabled: 61 / 560
yt : [INFO     ] 2026-07-29 20:46:06,580 Global parallel computation enabled: 387 / 560
yt : [INFO     ] 2026-07-29 20:46:06,580 Global parallel computation enabled: 472 / 560
yt : [INFO     ] 2026-07-29 20:46:06,580 Global parallel computation enabled: 526 / 560
yt : [INFO     ] 2026-07-29 20:46:06,580 Global parallel computation enabled: 407 / 560
yt : [INFO     ] 2026-07-29 20:46:06,580 Global parallel computation enabled: 6 / 560
yt : [INFO     ] 2026-07-29 20:46:06,579 Global parallel computation enabled: 213 / 560
yt : [INFO     ] 2026-07-29 20:46:06,580 Global parallel computation enabled: 556 / 560
yt : [INFO     ] 2026-07-29 20:46:06,580 Global parallel computation enabled: 332 / 560
yt : [INFO     ] 2026-07-29 20:46:06,580 Global parallel computation enabled: 121 / 560
yt : [INFO     ] 2026-07-29 20:46:06,580 Global parallel computation enabled: 76 / 560
yt : [INFO     ] 2026-07-29 20:46:06,580 Global parallel computation enabled: 389 / 560
yt : [INFO     ] 2026-07-29 20:46:06,580 Global parallel computation enabled: 474 / 560
yt : [INFO     ] 2026-07-29 20:46:06,580 Global parallel computation enabled: 531 / 560
yt : [INFO     ] 2026-07-29 20:46:06,580 Global parallel computation enabled: 408 / 560
yt : [INFO     ] 2026-07-29 20:46:06,580 Global parallel computation enabled: 7 / 560
yt : [INFO     ] 2026-07-29 20:46:06,579 Global parallel computation enabled: 215 / 560
yt : [INFO     ] 2026-07-29 20:46:06,580 Global parallel computation enabled: 333 / 560
yt : [INFO     ] 2026-07-29 20:46:06,580 Global parallel computation enabled: 124 / 560
yt : [INFO     ] 2026-07-29 20:46:06,580 Global parallel computation enabled: 58 / 560
yt : [INFO     ] 2026-07-29 20:46:06,580 Global parallel computation enabled: 390 / 560
yt : [INFO     ] 2026-07-29 20:46:06,580 Global parallel computation enabled: 9 / 560
yt : [INFO     ] 2026-07-29 20:46:06,579 Global parallel computation enabled: 220 / 560
yt : [INFO     ] 2026-07-29 20:46:06,580 Global parallel computation enabled: 335 / 560
yt : [INFO     ] 2026-07-29 20:46:06,580 Global parallel computation enabled: 125 / 560
yt : [INFO     ] 2026-07-29 20:46:06,580 Global parallel computation enabled: 65 / 560
yt : [INFO     ] 2026-07-29 20:46:06,580 Global parallel computation enabled: 37 / 560
yt : [INFO     ] 2026-07-29 20:46:06,579 Global parallel computation enabled: 223 / 560
yt : [INFO     ] 2026-07-29 20:46:06,580 Global parallel computation enabled: 128 / 560
yt : [INFO     ] 2026-07-29 20:46:06,580 Global parallel computation enabled: 71 / 560
yt : [INFO     ] 2026-07-29 20:46:06,580 Global parallel computation enabled: 16 / 560
yt : [INFO     ] 2026-07-29 20:46:06,579 Global parallel computation enabled: 196 / 560
yt : [INFO     ] 2026-07-29 20:46:06,580 Global parallel computation enabled: 131 / 560
yt : [INFO     ] 2026-07-29 20:46:06,580 Global parallel computation enabled: 75 / 560
yt : [INFO     ] 2026-07-29 20:46:06,580 Global parallel computation enabled: 18 / 560
yt : [INFO     ] 2026-07-29 20:46:06,579 Global parallel computation enabled: 197 / 560
yt : [INFO     ] 2026-07-29 20:46:06,580 Global parallel computation enabled: 139 / 560
yt : [INFO     ] 2026-07-29 20:46:06,580 Global parallel computation enabled: 80 / 560
yt : [INFO     ] 2026-07-29 20:46:06,580 Global parallel computation enabled: 22 / 560
yt : [INFO     ] 2026-07-29 20:46:06,579 Global parallel computation enabled: 198 / 560
yt : [INFO     ] 2026-07-29 20:46:06,580 Global parallel computation enabled: 112 / 560
yt : [INFO     ] 2026-07-29 20:46:06,580 Global parallel computation enabled: 81 / 560
yt : [INFO     ] 2026-07-29 20:46:06,580 Global parallel computation enabled: 23 / 560
yt : [INFO     ] 2026-07-29 20:46:06,579 Global parallel computation enabled: 200 / 560
yt : [INFO     ] 2026-07-29 20:46:06,580 Global parallel computation enabled: 113 / 560
yt : [INFO     ] 2026-07-29 20:46:06,580 Global parallel computation enabled: 56 / 560
yt : [INFO     ] 2026-07-29 20:46:06,580 Global parallel computation enabled: 24 / 560
yt : [INFO     ] 2026-07-29 20:46:06,579 Global parallel computation enabled: 202 / 560
yt : [INFO     ] 2026-07-29 20:46:06,580 Global parallel computation enabled: 116 / 560
yt : [INFO     ] 2026-07-29 20:46:06,580 Global parallel computation enabled: 57 / 560
yt : [INFO     ] 2026-07-29 20:46:06,580 Global parallel computation enabled: 25 / 560
yt : [INFO     ] 2026-07-29 20:46:06,579 Global parallel computation enabled: 203 / 560
yt : [INFO     ] 2026-07-29 20:46:06,580 Global parallel computation enabled: 118 / 560
yt : [INFO     ] 2026-07-29 20:46:06,580 Global parallel computation enabled: 59 / 560
yt : [INFO     ] 2026-07-29 20:46:06,580 Global parallel computation enabled: 26 / 560
yt : [INFO     ] 2026-07-29 20:46:06,579 Global parallel computation enabled: 206 / 560
yt : [INFO     ] 2026-07-29 20:46:06,580 Global parallel computation enabled: 119 / 560
yt : [INFO     ] 2026-07-29 20:46:06,580 Global parallel computation enabled: 60 / 560
yt : [INFO     ] 2026-07-29 20:46:06,580 Global parallel computation enabled: 40 / 560
yt : [INFO     ] 2026-07-29 20:46:06,579 Global parallel computation enabled: 209 / 560
yt : [INFO     ] 2026-07-29 20:46:06,580 Global parallel computation enabled: 120 / 560
yt : [INFO     ] 2026-07-29 20:46:06,580 Global parallel computation enabled: 62 / 560
yt : [INFO     ] 2026-07-29 20:46:06,580 Global parallel computation enabled: 14 / 560
yt : [INFO     ] 2026-07-29 20:46:06,579 Global parallel computation enabled: 211 / 560
yt : [INFO     ] 2026-07-29 20:46:06,580 Global parallel computation enabled: 122 / 560
yt : [INFO     ] 2026-07-29 20:46:06,580 Global parallel computation enabled: 68 / 560
yt : [INFO     ] 2026-07-29 20:46:06,580 Global parallel computation enabled: 17 / 560
yt : [INFO     ] 2026-07-29 20:46:06,579 Global parallel computation enabled: 214 / 560
yt : [INFO     ] 2026-07-29 20:46:06,580 Global parallel computation enabled: 127 / 560
yt : [INFO     ] 2026-07-29 20:46:06,580 Global parallel computation enabled: 69 / 560
yt : [INFO     ] 2026-07-29 20:46:06,580 Global parallel computation enabled: 20 / 560
yt : [INFO     ] 2026-07-29 20:46:06,579 Global parallel computation enabled: 216 / 560
yt : [INFO     ] 2026-07-29 20:46:06,580 Global parallel computation enabled: 134 / 560
yt : [INFO     ] 2026-07-29 20:46:06,580 Global parallel computation enabled: 74 / 560
yt : [INFO     ] 2026-07-29 20:46:06,580 Global parallel computation enabled: 21 / 560
yt : [INFO     ] 2026-07-29 20:46:06,579 Global parallel computation enabled: 217 / 560
yt : [INFO     ] 2026-07-29 20:46:06,580 Global parallel computation enabled: 136 / 560
yt : [INFO     ] 2026-07-29 20:46:06,580 Global parallel computation enabled: 78 / 560
yt : [INFO     ] 2026-07-29 20:46:06,580 Global parallel computation enabled: 42 / 560
yt : [INFO     ] 2026-07-29 20:46:06,579 Global parallel computation enabled: 218 / 560
yt : [INFO     ] 2026-07-29 20:46:06,580 Global parallel computation enabled: 137 / 560
yt : [INFO     ] 2026-07-29 20:46:06,580 Global parallel computation enabled: 79 / 560
yt : [INFO     ] 2026-07-29 20:46:06,580 Global parallel computation enabled: 43 / 560
yt : [INFO     ] 2026-07-29 20:46:06,579 Global parallel computation enabled: 219 / 560
yt : [INFO     ] 2026-07-29 20:46:06,580 Global parallel computation enabled: 114 / 560
yt : [INFO     ] 2026-07-29 20:46:06,580 Global parallel computation enabled: 82 / 560
yt : [INFO     ] 2026-07-29 20:46:06,580 Global parallel computation enabled: 44 / 560
yt : [INFO     ] 2026-07-29 20:46:06,579 Global parallel computation enabled: 222 / 560
yt : [INFO     ] 2026-07-29 20:46:06,580 Global parallel computation enabled: 117 / 560
yt : [INFO     ] 2026-07-29 20:46:06,580 Global parallel computation enabled: 83 / 560
yt : [INFO     ] 2026-07-29 20:46:06,580 Global parallel computation enabled: 49 / 560
yt : [INFO     ] 2026-07-29 20:46:06,579 Global parallel computation enabled: 199 / 560
yt : [INFO     ] 2026-07-29 20:46:06,580 Global parallel computation enabled: 129 / 560
yt : [INFO     ] 2026-07-29 20:46:06,580 Global parallel computation enabled: 63 / 560
yt : [INFO     ] 2026-07-29 20:46:06,580 Global parallel computation enabled: 50 / 560
yt : [INFO     ] 2026-07-29 20:46:06,579 Global parallel computation enabled: 204 / 560
yt : [INFO     ] 2026-07-29 20:46:06,580 Global parallel computation enabled: 130 / 560
yt : [INFO     ] 2026-07-29 20:46:06,580 Global parallel computation enabled: 64 / 560
yt : [INFO     ] 2026-07-29 20:46:06,580 Global parallel computation enabled: 51 / 560
yt : [INFO     ] 2026-07-29 20:46:06,579 Global parallel computation enabled: 207 / 560
yt : [INFO     ] 2026-07-29 20:46:06,580 Global parallel computation enabled: 132 / 560
yt : [INFO     ] 2026-07-29 20:46:06,580 Global parallel computation enabled: 66 / 560
yt : [INFO     ] 2026-07-29 20:46:06,580 Global parallel computation enabled: 53 / 560
yt : [INFO     ] 2026-07-29 20:46:06,579 Global parallel computation enabled: 208 / 560
yt : [INFO     ] 2026-07-29 20:46:06,580 Global parallel computation enabled: 133 / 560
yt : [INFO     ] 2026-07-29 20:46:06,580 Global parallel computation enabled: 67 / 560
yt : [INFO     ] 2026-07-29 20:46:06,580 Global parallel computation enabled: 55 / 560
yt : [INFO     ] 2026-07-29 20:46:06,579 Global parallel computation enabled: 210 / 560
yt : [INFO     ] 2026-07-29 20:46:06,580 Global parallel computation enabled: 135 / 560
yt : [INFO     ] 2026-07-29 20:46:06,580 Global parallel computation enabled: 70 / 560
yt : [INFO     ] 2026-07-29 20:46:06,579 Global parallel computation enabled: 221 / 560
yt : [INFO     ] 2026-07-29 20:46:06,580 Global parallel computation enabled: 138 / 560
yt : [INFO     ] 2026-07-29 20:46:06,580 Global parallel computation enabled: 72 / 560
yt : [INFO     ] 2026-07-29 20:46:06,580 Global parallel computation enabled: 19 / 560
yt : [INFO     ] 2026-07-29 20:46:06,580 Global parallel computation enabled: 126 / 560
yt : [INFO     ] 2026-07-29 20:46:06,580 Global parallel computation enabled: 73 / 560
yt : [INFO     ] 2026-07-29 20:46:06,580 Global parallel computation enabled: 11 / 560
yt : [INFO     ] 2026-07-29 20:46:06,580 Global parallel computation enabled: 77 / 560
yt : [INFO     ] 2026-07-29 20:46:06,580 Global parallel computation enabled: 27 / 560
Finished calling initialize!
Finished calling initialize!
Finished calling initialize!
Finished calling initialize!
Finished calling initialize!
Finished calling initialize!
Finished calling initialize!
Finished calling initialize!
Finished calling initialize!
Finished calling initialize!
Finished calling initialize!
Finished calling initialize!
Finished calling initialize!
Finished calling initialize!
Finished calling initialize!
Finished calling initialize!
Finished calling initialize!
Finished calling initialize!
Finished calling initialize!
Finished calling initialize!
Finished calling initialize!
Finished calling initialize!
Finished calling initialize!
Finished calling initialize!
Finished calling initialize!
Finished calling initialize!
Finished calling initialize!
Finished calling initialize!
Finished calling initialize!
Finished calling initialize!
Finished calling initialize!
Finished calling initialize!
Finished calling initialize!
Finished calling initialize!
Finished calling initialize!
Finished calling initialize!
Finished calling initialize!
Finished calling initialize!
Finished calling initialize!
Finished calling initialize!
Finished calling initialize!
Finished calling initialize!
Finished calling initialize!
Finished calling initialize!
Finished calling initialize!
Finished calling initialize!
Finished calling initialize!
Finished calling initialize!
Finished calling initialize!
Finished calling initialize!
Finished calling initialize!
Finished calling initialize!
Finished calling initialize!
Finished calling initialize!
Finished calling initialize!
Finished calling initialize!
Finished calling initialize!
Finished calling initialize!
Finished calling initialize!
Finished calling initialize!
Finished calling initialize!
Finished calling initialize!
Finished calling initialize!
Finished calling initialize!
Finished calling initialize!
Finished calling initialize!
Finished calling initialize!
Finished calling initialize!
Finished calling initialize!
Finished calling initialize!
Finished calling initialize!
Finished calling initialize!
Finished calling initialize!
Finished calling initialize!
Finished calling initialize!
Finished calling initialize!
Finished calling initialize!
Finished calling initialize!
Finished calling initialize!
Finished calling initialize!
Finished calling initialize!
Finished calling initialize!
Finished calling initialize!
Finished calling initialize!
Finished calling initialize!
Finished calling initialize!
Finished calling initialize!
Finished calling initialize!
Finished calling initialize!
Finished calling initialize!
Finished calling initialize!
Finished calling initialize!
Finished calling initialize!
Finished calling initialize!
Finished calling initialize!
Finished calling initialize!
Finished calling initialize!
Finished calling initialize!
Finished calling initialize!
Finished calling initialize!
Finished calling initialize!
Finished calling initialize!
Finished calling initialize!
Finished calling initialize!
Finished calling initialize!
Finished calling initialize!
Finished calling initialize!
Finished calling initialize!
Finished calling initialize!
Finished calling initialize!
Finished calling initialize!
Finished calling initialize!
Finished calling initialize!
Finished calling initialize!
Finished calling initialize!
Finished calling initialize!
Finished calling initialize!
Finished calling initialize!
Finished calling initialize!
Finished calling initialize!
Finished calling initialize!
Finished calling initialize!
Finished calling initialize!
Finished calling initialize!
Finished calling initialize!
Finished calling initialize!
Finished calling initialize!
Finished calling initialize!
Finished calling initialize!
Finished calling initialize!
Finished calling initialize!
Finished calling initialize!
Finished calling initialize!
Finished calling initialize!
Finished calling initialize!
Finished calling initialize!
Finished calling initialize!
Finished calling initialize!
Finished calling initialize!
Finished calling initialize!
Finished calling initialize!
Finished calling initialize!
Finished calling initialize!
Finished calling initialize!
Finished calling initialize!
Finished calling initialize!
Finished calling initialize!
Finished calling initialize!
Finished calling initialize!
Finished calling initialize!
Finished calling initialize!
Finished calling initialize!
Finished calling initialize!
Finished calling initialize!
Finished calling initialize!
Finished calling initialize!
Finished calling initialize!
Finished calling initialize!
Finished calling initialize!
Finished calling initialize!
Finished calling initialize!
Finished calling initialize!
Finished calling initialize!
Finished calling initialize!
Finished calling initialize!
Finished calling initialize!
Finished calling initialize!
Finished calling initialize!
Finished calling initialize!
Finished calling initialize!
Finished calling initialize!
Finished calling initialize!
Finished calling initialize!
Finished calling initialize!
Finished calling initialize!
Finished calling initialize!
Finished calling initialize!
Finished calling initialize!
Finished calling initialize!
Finished calling initialize!
Finished calling initialize!
Finished calling initialize!
Finished calling initialize!
Finished calling initialize!
Finished calling initialize!
Finished calling initialize!
Finished calling initialize!
Finished calling initialize!
Finished calling initialize!
Finished calling initialize!
Finished calling initialize!
Finished calling initialize!
Finished calling initialize!
Finished calling initialize!
Finished calling initialize!
Finished calling initialize!
Finished calling initialize!
Finished calling initialize!
Finished calling initialize!
Finished calling initialize!
Finished calling initialize!
Finished calling initialize!
Finished calling initialize!
Finished calling initialize!
Finished calling initialize!
Finished calling initialize!
Finished calling initialize!
Finished calling initialize!
Finished calling initialize!
Finished calling initialize!
Finished calling initialize!
Finished calling initialize!
Finished calling initialize!
Finished calling initialize!
Finished calling initialize!
Finished calling initialize!
Finished calling initialize!
Finished calling initialize!
Finished calling initialize!
Finished calling initialize!
Finished calling initialize!
Finished calling initialize!
Finished calling initialize!
Finished calling initialize!
Finished calling initialize!
Finished calling initialize!
Finished calling initialize!
Finished calling initialize!
Finished calling initialize!
Finished calling initialize!
Finished calling initialize!
Finished calling initialize!
Finished calling initialize!
Finished calling initialize!
Finished calling initialize!
Finished calling initialize!
Finished calling initialize!
Finished calling initialize!
Finished calling initialize!
Finished calling initialize!
Finished calling initialize!
Finished calling initialize!
Finished calling initialize!
Finished calling initialize!
Finished calling initialize!
Finished calling initialize!
Finished calling initialize!
Finished calling initialize!
Finished calling initialize!
Finished calling initialize!
Finished calling initialize!
Finished calling initialize!
Finished calling initialize!
Finished calling initialize!
Finished calling initialize!
Finished calling initialize!
Finished calling initialize!
Finished calling initialize!
Finished calling initialize!
Finished calling initialize!
Finished calling initialize!
Finished calling initialize!
Finished calling initialize!
Finished calling initialize!
Finished calling initialize!
Finished calling initialize!
Finished calling initialize!
Finished calling initialize!
Finished calling initialize!
Finished calling initialize!
Finished calling initialize!
Finished calling initialize!
Finished calling initialize!
Finished calling initialize!
Finished calling initialize!
Finished calling initialize!
Finished calling initialize!
Finished calling initialize!
Finished calling initialize!
Finished calling initialize!
Finished calling initialize!
Finished calling initialize!
Finished calling initialize!
Finished calling initialize!
Finished calling initialize!
Finished calling initialize!
Finished calling initialize!
Finished calling initialize!
Finished calling initialize!
Finished calling initialize!
Finished calling initialize!
Finished calling initialize!
Finished calling initialize!
Finished calling initialize!
Finished calling initialize!
Finished calling initialize!
Finished calling initialize!
Finished calling initialize!
Finished calling initialize!
Finished calling initialize!
Finished calling initialize!
Finished calling initialize!
Finished calling initialize!
Finished calling initialize!
Finished calling initialize!
Finished calling initialize!
Finished calling initialize!
Finished calling initialize!
Finished calling initialize!
Finished calling initialize!
Finished calling initialize!
Finished calling initialize!
Finished calling initialize!
Finished calling initialize!
Finished calling initialize!
Finished calling initialize!
Finished calling initialize!
Finished calling initialize!
Finished calling initialize!
Finished calling initialize!
Finished calling initialize!
Finished calling initialize!
Finished calling initialize!
Finished calling initialize!
Finished calling initialize!
Finished calling initialize!
Finished calling initialize!
Finished calling initialize!
Finished calling initialize!
Finished calling initialize!
Finished calling initialize!
Finished calling initialize!
Finished calling initialize!
Finished calling initialize!
Finished calling initialize!
Finished calling initialize!
Finished calling initialize!
Finished calling initialize!
Finished calling initialize!
Finished calling initialize!
Finished calling initialize!
Finished calling initialize!
Finished calling initialize!
Finished calling initialize!
Finished calling initialize!
Finished calling initialize!
Finished calling initialize!
Finished calling initialize!
Finished calling initialize!
Finished calling initialize!
Finished calling initialize!
Finished calling initialize!
Finished calling initialize!
Finished calling initialize!
Finished calling initialize!
Finished calling initialize!
Finished calling initialize!
Finished calling initialize!
Finished calling initialize!
Finished calling initialize!
Finished calling initialize!
Finished calling initialize!
Finished calling initialize!
Finished calling initialize!
Finished calling initialize!
Finished calling initialize!
Finished calling initialize!
Finished calling initialize!
Finished calling initialize!
Finished calling initialize!
Finished calling initialize!
Finished calling initialize!
Finished calling initialize!
Finished calling initialize!
Finished calling initialize!
Finished calling initialize!
Finished calling initialize!
Finished calling initialize!
Finished calling initialize!
Finished calling initialize!
Finished calling initialize!
Finished calling initialize!
Finished calling initialize!
Finished calling initialize!
Finished calling initialize!
Finished calling initialize!
Finished calling initialize!
Finished calling initialize!
Finished calling initialize!
Finished calling initialize!
Finished calling initialize!
Finished calling initialize!
Finished calling initialize!
Finished calling initialize!
Finished calling initialize!
Finished calling initialize!
Finished calling initialize!
Finished calling initialize!
Finished calling initialize!
Finished calling initialize!
Finished calling initialize!
Finished calling initialize!
Finished calling initialize!
Finished calling initialize!
Finished calling initialize!
Finished calling initialize!
Finished calling initialize!
Finished calling initialize!
Finished calling initialize!
Finished calling initialize!
Finished calling initialize!
Finished calling initialize!
Finished calling initialize!
Finished calling initialize!
Finished calling initialize!
Finished calling initialize!
Finished calling initialize!
Finished calling initialize!
Finished calling initialize!
Finished calling initialize!
Finished calling initialize!
Finished calling initialize!
Finished calling initialize!
Finished calling initialize!
Finished calling initialize!
Finished calling initialize!
Finished calling initialize!
Finished calling initialize!
Finished calling initialize!
Finished calling initialize!
Finished calling initialize!
Finished calling initialize!
Finished calling initialize!
Finished calling initialize!
Finished calling initialize!
Finished calling initialize!
Finished calling initialize!
Finished calling initialize!
Finished calling initialize!
Finished calling initialize!
Finished calling initialize!
Finished calling initialize!
Finished calling initialize!
Finished calling initialize!
Finished calling initialize!
Finished calling initialize!
Finished calling initialize!
Finished calling initialize!
Finished calling initialize!
Finished calling initialize!
Finished calling initialize!
Finished calling initialize!
Finished calling initialize!
Finished calling initialize!
Finished calling initialize!
Finished calling initialize!
Finished calling initialize!
Finished calling initialize!
Finished calling initialize!
Finished calling initialize!
Finished calling initialize!
Finished calling initialize!
Finished calling initialize!
Finished calling initialize!
Finished calling initialize!
Finished calling initialize!
Finished calling initialize!
Finished calling initialize!
Finished calling initialize!
Finished calling initialize!
Finished calling initialize!
Finished calling initialize!
Finished calling initialize!
Finished calling initialize!
Finished calling initialize!
Finished calling initialize!
Finished calling initialize!
Finished calling initialize!
Finished calling initialize!
Finished calling initialize!
Finished calling initialize!
Finished calling initialize!
Finished calling initialize!
Finished calling initialize!
Finished calling initialize!
Finished calling initialize!
Finished calling initialize!
Finished calling initialize!
Finished calling initialize!
Finished calling initialize!
Finished calling initialize!
Finished calling initialize!
Finished calling initialize!
Finished calling initialize!
Finished calling initialize!
Finished calling initialize!
Finished calling initialize!
Finished calling initialize!
Finished calling initialize!
Finished calling initialize!
Finished calling initialize!
Finished calling initialize!
Finished calling initialize!
Finished calling initialize!
Finished calling initialize!
Finished calling initialize!
Finished calling initialize!
Finished calling initialize!
Finished calling initialize!
Finished calling initialize!
Finished calling initialize!
Finished calling initialize!
Finished calling initialize!
Finished calling initialize!
Finished calling initialize!
Finished calling initialize!
Finished calling initialize!
Finished calling initialize!
Finished calling initialize!
Finished calling initialize!
Finished calling initialize!
Finished calling initialize!
Finished calling initialize!
Finished calling initialize!
Finished calling initialize!
Finished calling initialize!
Finished calling initialize!
Finished calling initialize!
Finished calling initialize!
INITIALDT :::::::::::   0.00000000e+00
Finished calling initialize!
Finished calling initialize!
Finished calling initialize!
Finished calling initialize!
Finished calling initialize!
Finished calling initialize!
Finished calling initialize!
Finished calling initialize!
Finished calling initialize!
Finished calling initialize!
Finished calling initialize!
Finished calling initialize!
Finished calling initialize!
Finished calling initialize!
Finished calling initialize!
Finished calling initialize!
Finished calling initialize!
Finished calling initialize!
Finished calling initialize!
Finished calling initialize!
Finished calling initialize!
Finished calling initialize!
Finished calling initialize!
Finished calling initialize!
Finished calling initialize!
Finished calling initialize!
Finished calling initialize!
Finished calling initialize!
Finished calling initialize!
Finished calling initialize!
Finished calling initialize!
dt, Initialdt: 0.0661648 0 
TopGrid dt = 6.616479e-02     time = 25.286404181556    cycle = 522    z = 19.2799976375
dt, Initialdt: 0.0662138 0 
TopGrid dt = 6.621380e-02     time = 25.352568967977    cycle = 523    z = 19.244694831565
dt, Initialdt: 0.0662517 0 
TopGrid dt = 6.625167e-02     time = 25.418782770563    cycle = 524    z = 19.209519269585
dt, Initialdt: 0.06629 0 
TopGrid dt = 6.628998e-02     time = 25.485034444254    cycle = 525    z = 19.174476109791
dt, Initialdt: 0.0663284 0 
TopGrid dt = 6.632844e-02     time = 25.551324423393    cycle = 526    z = 19.139564329289
dt, Initialdt: 0.0663674 0 
TopGrid dt = 6.636736e-02     time = 25.617652861738    cycle = 527    z = 19.104783061819
dt, Initialdt: 0.0656471 0 
TopGrid dt = 6.564710e-02     time = 25.684020220064    cycle = 528    z = 19.070131160555
dt, Initialdt: 0.0657396 0 
TopGrid dt = 6.573963e-02     time = 25.749667323315    cycle = 529    z = 19.036001827744
dt, Initialdt: 0.0644165 0 
TopGrid dt = 6.441646e-02     time = 25.815406953876    cycle = 530    z = 19.00196941197
dt, Initialdt: 0.0619407 0 
TopGrid dt = 6.194073e-02     time = 25.879823409992    cycle = 531    z = 18.968761807742
dt, Initialdt: 0.0636861 0 
TopGrid dt = 6.368608e-02     time = 25.941764138178    cycle = 532    z = 18.936960143114
dt, Initialdt: 0.0643881 0 
TopGrid dt = 6.438814e-02     time = 26.005450221675    cycle = 533    z = 18.904394064745
dt, Initialdt: 0.064456 0 
TopGrid dt = 6.445600e-02     time = 26.069838363527    cycle = 534    z = 18.871603840497
dt, Initialdt: 0.0646411 0 
TopGrid dt = 6.464113e-02     time = 26.134294366916    cycle = 535    z = 18.838913974976
dt, Initialdt: 0.0648833 0 
TopGrid dt = 6.488328e-02     time = 26.19893549921    cycle = 536    z = 18.806264810435
dt, Initialdt: 0.0650982 0 
TopGrid dt = 6.509819e-02     time = 26.263818782508    cycle = 537    z = 18.773628042179
dt, Initialdt: 0.0651806 0 
TopGrid dt = 6.518065e-02     time = 26.328916976902    cycle = 538    z = 18.741017946102
*** Error in `/work2/11056/zwu/frontera/enzo_gh/data/251110/ic512_b_starnetlibyt/enzo_260427.exe': free(): invalid next size (fast): 0x000000000ed0cd20 ***
======= Backtrace: =========
/lib64/libc.so.6(+0x81329)[0x2b2ea58c8329]
/work2/11056/zwu/frontera/miniconda3/envs/libyt/lib/python3.13/site-packages/numpy/_core/_multiarray_umath.cpython-313-x86_64-linux-gnu.so(+0x1624c3)[0x2b2fbddb64c3]
/work2/11056/zwu/frontera/miniconda3/envs/libyt/lib/python3.13/site-packages/numpy/_core/_multiarray_umath.cpython-313-x86_64-linux-gnu.so(+0x16253d)[0x2b2fbddb653d]
/work2/11056/zwu/frontera/miniconda3/envs/libyt/lib/libpython3.13.so.1.0(+0x21ef3e)[0x2b2ea5e33f3e]
/work2/11056/zwu/frontera/miniconda3/envs/libyt/lib/libpython3.13.so.1.0(+0x1b1de1)[0x2b2ea5dc6de1]
/work2/11056/zwu/frontera/miniconda3/envs/libyt/lib/libpython3.13.so.1.0(+0x1b1de1)[0x2b2ea5dc6de1]
/work2/11056/zwu/frontera/miniconda3/envs/libyt/lib/libpython3.13.so.1.0(+0x2427d0)[0x2b2ea5e577d0]
/work2/11056/zwu/frontera/miniconda3/envs/libyt/lib/libpython3.13.so.1.0(+0x1d1bae)[0x2b2ea5de6bae]
/work2/11056/zwu/frontera/miniconda3/envs/libyt/lib/libpython3.13.so.1.0(_Py_HandlePending+0x3c)[0x2b2ea5ea2c9c]
/work2/11056/zwu/frontera/miniconda3/envs/libyt/lib/libpython3.13.so.1.0(_PyEval_EvalFrameDefault+0xbcc3)[0x2b2ea5de45a3]
/work2/11056/zwu/frontera/miniconda3/envs/libyt/lib/libpython3.13.so.1.0(+0x1f676a)[0x2b2ea5e0b76a]
/work2/11056/zwu/frontera/miniconda3/envs/libyt/lib/libpython3.13.so.1.0(_PyObject_MakeTpCall+0x1ec)[0x2b2ea5dc79bc]
/work2/11056/zwu/frontera/miniconda3/envs/libyt/lib/libpython3.13.so.1.0(_PyEval_EvalFrameDefault+0x1305)[0x2b2ea5dd9be5]
/work2/11056/zwu/frontera/miniconda3/envs/libyt/lib/libpython3.13.so.1.0(+0x1f6881)[0x2b2ea5e0b881]
/work2/11056/zwu/frontera/miniconda3/envs/libyt/lib/libpython3.13.so.1.0(_PyObject_MakeTpCall+0x1ec)[0x2b2ea5dc79bc]
/work2/11056/zwu/frontera/miniconda3/envs/libyt/lib/libpython3.13.so.1.0(_PyEval_EvalFrameDefault+0x903c)[0x2b2ea5de191c]
/work2/11056/zwu/frontera/miniconda3/envs/libyt/lib/libpython3.13.so.1.0(PyEval_EvalCode+0xab)[0x2b2ea5ea257b]
/work2/11056/zwu/frontera/miniconda3/envs/libyt/lib/libpython3.13.so.1.0(+0x2cad7c)[0x2b2ea5edfd7c]
/work2/11056/zwu/frontera/miniconda3/envs/libyt/lib/libpython3.13.so.1.0(+0x2c7c54)[0x2b2ea5edcc54]
/work2/11056/zwu/frontera/miniconda3/envs/libyt/lib/libpython3.13.so.1.0(+0x2c3e4e)[0x2b2ea5ed8e4e]
/work2/11056/zwu/frontera/miniconda3/envs/libyt/lib/libpython3.13.so.1.0(+0x2a9295)[0x2b2ea5ebe295]
/work2/11056/zwu/frontera/miniconda3/envs/libyt/lib/libpython3.13.so.1.0(+0x1dbed2)[0x2b2ea5df0ed2]
/work2/11056/zwu/frontera/miniconda3/envs/libyt/lib/libpython3.13.so.1.0(PyObject_Vectorcall+0x50)[0x2b2ea5dc9d80]
/work2/11056/zwu/frontera/miniconda3/envs/libyt/lib/libpython3.13.so.1.0(_PyEval_EvalFrameDefault+0x37d7)[0x2b2ea5ddc0b7]
/work2/11056/zwu/frontera/miniconda3/envs/libyt/lib/libpython3.13.so.1.0(PyEval_EvalCode+0xab)[0x2b2ea5ea257b]
/work2/11056/zwu/frontera/miniconda3/envs/libyt/lib/libpython3.13.so.1.0(+0x2cad7c)[0x2b2ea5edfd7c]
/work2/11056/zwu/frontera/miniconda3/envs/libyt/lib/libpython3.13.so.1.0(+0x2c7c54)[0x2b2ea5edcc54]
/work2/11056/zwu/frontera/miniconda3/envs/libyt/lib/libpython3.13.so.1.0(+0x2c3e4e)[0x2b2ea5ed8e4e]
/work2/11056/zwu/frontera/miniconda3/envs/libyt/lib/libpython3.13.so.1.0(+0x2c3da0)[0x2b2ea5ed8da0]
/work2/11056/zwu/frontera/enzo_gh/libyt_dev/libyt/install/lib/libyt.so.0(yt_run_FunctionArguments+0x1800)[0x2b2e9fc63f80]
/work2/11056/zwu/frontera/enzo_gh/data/251110/ic512_b_starnetlibyt/enzo_260427.exe[0x46caa4]
/work2/11056/zwu/frontera/enzo_gh/data/251110/ic512_b_starnetlibyt/enzo_260427.exe[0x46d210]
/work2/11056/zwu/frontera/enzo_gh/data/251110/ic512_b_starnetlibyt/enzo_260427.exe[0x4e2a12]
/work2/11056/zwu/frontera/enzo_gh/data/251110/ic512_b_starnetlibyt/enzo_260427.exe[0x40888f]
/lib64/libc.so.6(__libc_start_main+0xf5)[0x2b2ea5869555]
/work2/11056/zwu/frontera/enzo_gh/data/251110/ic512_b_starnetlibyt/enzo_260427.exe[0x408139]
======= Memory map: ========
00400000-00407000 r--p 00000000 3d8:ad14e 144134959974685995             /work2/11056/zwu/frontera/enzo_gh/data/251110/ic512_b_starnetlibyt/enzo_260427.exe
00407000-00a02000 r-xp 00007000 3d8:ad14e 144134959974685995             /work2/11056/zwu/frontera/enzo_gh/data/251110/ic512_b_starnetlibyt/enzo_260427.exe
00a02000-00af4000 r--p 00602000 3d8:ad14e 144134959974685995             /work2/11056/zwu/frontera/enzo_gh/data/251110/ic512_b_starnetlibyt/enzo_260427.exe
00af4000-00af7000 r--p 006f3000 3d8:ad14e 144134959974685995             /work2/11056/zwu/frontera/enzo_gh/data/251110/ic512_b_starnetlibyt/enzo_260427.exe
00af7000-00b3c000 rw-p 006f6000 3d8:ad14e 144134959974685995             /work2/11056/zwu/frontera/enzo_gh/data/251110/ic512_b_starnetlibyt/enzo_260427.exe
00b3c000-05a0c000 rw-p 00000000 00:00 0 
06067000-06437000 rw-p 00000000 00:00 0                                  [heap]
06437000-06439000 rw-p 00000000 00:00 0                                  [heap]
06439000-0643a000 rw-p 00000000 00:00 0                                  [heap]
0643a000-064ba000 rw-p 00000000 00:00 0                                  [heap]
064ba000-064bb000 rw-p 00000000 00:00 0                                  [heap]
064bb000-064db000 rw-p 00000000 00:00 0                                  [heap]
064db000-064e8000 rw-p 00000000 00:00 0                                  [heap]
064e8000-06568000 rw-p 00000000 00:00 0                                  [heap]
06568000-06569000 rw-p 00000000 00:00 0                                  [heap]
06569000-065e9000 rw-p 00000000 00:00 0                                  [heap]
065e9000-06612000 rw-p 00000000 00:00 0                                  [heap]
06612000-06632000 rw-p 00000000 00:00 0                                  [heap]
06632000-0e846000 rw-p 00000000 00:00 0                                  [heap]
0e846000-0e84e000 rw-p 00000000 00:00 0                                  [heap]
0e84e000-0e84f000 rw-p 00000000 00:00 0                                  [heap]
0e84f000-0e857000 rw-p 00000000 00:00 0                                  [heap]
0e857000-0e858000 rw-p 00000000 00:00 0                                  [heap]
0e858000-0e860000 rw-p 00000000 00:00 0                                  [heap]
0e860000-0e861000 rw-p 00000000 00:00 0                                  [heap]
0e861000-0e869000 rw-p 00000000 00:00 0                                  [heap]
0e869000-0e86a000 rw-p 00000000 00:00 0                                  [heap]
0e86a000-0e872000 rw-p 00000000 00:00 0                                  [heap]
0e872000-0e873000 rw-p 00000000 00:00 0                                  [heap]
0e873000-0e87b000 rw-p 00000000 00:00 0                                  [heap]
0e87b000-0e881000 rw-p 00000000 00:00 0                                  [heap]
0e881000-0e889000 rw-p 00000000 00:00 0                                  [heap]
0e889000-0e9d6000 rw-p 00000000 00:00 0                                  [heap]
0e9d6000-0e9de000 rw-p 00000000 00:00 0                                  [heap]
0e9de000-0ead3000 rw-p 00000000 00:00 0                                  [heap]
0ead3000-0eadb000 rw-p 00000000 00:00 0                                  [heap]
0eadb000-0eaee000 rw-p 00000000 00:00 0                                  [heap]
0eaee000-0eaf6000 rw-p 00000000 00:00 0                                  [heap]
0eaf6000-0eb05000 rw-p 00000000 00:00 0                                  [heap]
0eb05000-0eb0d000 rw-p 00000000 00:00 0                                  [heap]
0eb0d000-0eb2e000 rw-p 00000000 00:00 0                                  [heap]
0eb2e000-0eb36000 rw-p 00000000 00:00 0                                  [heap]
0eb36000-0eb37000 rw-p 00000000 00:00 0                                  [heap]
0eb37000-0eb3f000 rw-p 00000000 00:00 0                                  [heap]
0eb3f000-0eb47000 rw-p 00000000 00:00 0                                  [heap]
0eb47000-0eb4f000 rw-p 00000000 00:00 0                                  [heap]
0eb4f000-0eb50000 rw-p 00000000 00:00 0                                  [heap]
0eb50000-0eb58000 rw-p 00000000 00:00 0                                  [heap]
0eb58000-0eb6b000 rw-p 00000000 00:00 0                                  [heap]
0eb6b000-0eb73000 rw-p 00000000 00:00 0                                  [heap]
0eb73000-0eb75000 rw-p 00000000 00:00 0                                  [heap]
0eb75000-0eb7d000 rw-p 00000000 00:00 0                                  [heap]
0eb7d000-0eb7e000 rw-p 00000000 00:00 0                                  [heap]
0eb7e000-0eb86000 rw-p 00000000 00:00 0                                  [heap]
0eb86000-0eb88000 rw-p 00000000 00:00 0                                  [heap]
0eb88000-0eb90000 rw-p 00000000 00:00 0                                  [heap]
0eb90000-0ec69000 rw-p 00000000 00:00 0                                  [heap]
0ec69000-0ec71000 rw-p 00000000 00:00 0                                  [heap]
0ec71000-0ed1a000 rw-p 00000000 00:00 0                                  [heap]
0ed1a000-0ed22000 rw-p 00000000 00:00 0                                  [heap]
0ed22000-0edea000 rw-p 00000000 00:00 0                                  [heap]
0edea000-0edf2000 rw-p 00000000 00:00 0                                  [heap]
0edf2000-0eeb4000 rw-p 00000000 00:00 0                                  [heap]
0eeb4000-0eebc000 rw-p 00000000 00:00 0                                  [heap]
0eebc000-2ba66000 rw-p 00000000 00:00 0                                  [heap]
2ba66000-2ba6e000 rw-p 00000000 00:00 0                                  [heap]
2ba6e000-2ba7c000 rw-p 00000000 00:00 0                                  [heap]
2ba7c000-2ba84000 rw-p 00000000 00:00 0                                  [heap]
2ba84000-2ba92000 rw-p 00000000 00:00 0                                  [heap]
2ba92000-2ba9a000 rw-p 00000000 00:00 0                                  [heap]
2ba9a000-2baae000 rw-p 00000000 00:00 0                                  [heap]
2baae000-2bab6000 rw-p 00000000 00:00 0                                  [heap]
2bab6000-2baca000 rw-p 00000000 00:00 0                                  [heap]
2baca000-2bad2000 rw-p 00000000 00:00 0                                  [heap]
2bad2000-2bae0000 rw-p 00000000 00:00 0                                  [heap]
2bae0000-2bae8000 rw-p 00000000 00:00 0                                  [heap]
2bae8000-54d9d000 rw-p 00000000 00:00 0                                  [heap]
54d9d000-54da5000 rw-p 00000000 00:00 0                                  [heap]
54da5000-54da6000 rw-p 00000000 00:00 0                                  [heap]
54da6000-54dae000 rw-p 00000000 00:00 0                                  [heap]
54dae000-54dba000 rw-p 00000000 00:00 0                                  [heap]
54dba000-54dc2000 rw-p 00000000 00:00 0                                  [heap]
54dc2000-585e5000 rw-p 00000000 00:00 0                                  [heap]
2b2e9fb0c000-2b2e9fb2e000 r-xp 00000000 fd:00 402688124                  /usr/lib64/ld-2.17.so
2b2e9fb2e000-2b2e9fb30000 r-xp 00000000 00:00 0                          [vdso]
2b2e9fb30000-2b2e9fb33000 rw-p 00000000 00:00 0 
2b2e9fb33000-2b2e9fb36000 r--p 00000000 3d8:ad14e 144134765124010327     /work2/11056/zwu/frontera/miniconda3/envs/libyt/lib/libz.so.1.3.2
2b2e9fb36000-2b2e9fb46000 r-xp 00003000 3d8:ad14e 144134765124010327     /work2/11056/zwu/frontera/miniconda3/envs/libyt/lib/libz.so.1.3.2
2b2e9fb46000-2b2e9fb4c000 r--p 00013000 3d8:ad14e 144134765124010327     /work2/11056/zwu/frontera/miniconda3/envs/libyt/lib/libz.so.1.3.2
2b2e9fb4c000-2b2e9fb4d000 r--p 00019000 3d8:ad14e 144134765124010327     /work2/11056/zwu/frontera/miniconda3/envs/libyt/lib/libz.so.1.3.2
2b2e9fb4d000-2b2e9fb4e000 rw-p 0001a000 3d8:ad14e 144134765124010327     /work2/11056/zwu/frontera/miniconda3/envs/libyt/lib/libz.so.1.3.2
2b2e9fb4e000-2b2e9fb5e000 rw-p 00000000 00:00 0 
2b2e9fb5e000-2b2e9fb60000 r--p 00000000 3d8:ad14e 144132292263082908     /work2/11056/zwu/frontera/miniconda3/lib/libefa.so.1.4.59.0
2b2e9fb60000-2b2e9fb68000 r-xp 00002000 3d8:ad14e 144132292263082908     /work2/11056/zwu/frontera/miniconda3/lib/libefa.so.1.4.59.0
2b2e9fb68000-2b2e9fb6b000 r--p 0000a000 3d8:ad14e 144132292263082908     /work2/11056/zwu/frontera/miniconda3/lib/libefa.so.1.4.59.0
2b2e9fb6b000-2b2e9fb6c000 r--p 0000c000 3d8:ad14e 144132292263082908     /work2/11056/zwu/frontera/miniconda3/lib/libefa.so.1.4.59.0
2b2e9fb6c000-2b2e9fb6d000 rw-p 0000d000 3d8:ad14e 144132292263082908     /work2/11056/zwu/frontera/miniconda3/lib/libefa.so.1.4.59.0
2b2e9fb6d000-2b2e9fbe1000 rw-p 00000000 00:00 0 
2b2e9fbe1000-2b2e9fbf2000 r--p 00000000 3d8:ad14e 144134765124072526     /work2/11056/zwu/frontera/enzo_gh/libyt_dev/libyt_wr/install/lib/libyt.so.0.5.0
2b2e9fbf2000-2b2e9fc6d000 r-xp 00011000 3d8:ad14e 144134765124072526     /work2/11056/zwu/frontera/enzo_gh/libyt_dev/libyt_wr/install/lib/libyt.so.0.5.0
2b2e9fc6d000-2b2e9fc8a000 r--p 0008c000 3d8:ad14e 144134765124072526     /work2/11056/zwu/frontera/enzo_gh/libyt_dev/libyt_wr/install/lib/libyt.so.0.5.0
2b2e9fc8a000-2b2e9fc8b000 r--p 000a8000 3d8:ad14e 144134765124072526     /work2/11056/zwu/frontera/enzo_gh/libyt_dev/libyt_wr/install/lib/libyt.so.0.5.0
2b2e9fc8b000-2b2e9fc8c000 rw-p 000a9000 3d8:ad14e 144134765124072526     /work2/11056/zwu/frontera/enzo_gh/libyt_dev/libyt_wr/install/lib/libyt.so.0.5.0
2b2e9fc8c000-2b2e9fc8d000 rw-p 00000000 00:00 0 
2b2e9fc8d000-2b2e9fc91000 r--p 00000000 3d8:ad14e 144134765124008883     /work2/11056/zwu/frontera/miniconda3/envs/libyt/lib/libgcc_s.so.1
2b2e9fc91000-2b2e9fcb4000 r-xp 00004000 3d8:ad14e 144134765124008883     /work2/11056/zwu/frontera/miniconda3/envs/libyt/lib/libgcc_s.so.1
2b2e9fcb4000-2b2e9fcb8000 r--p 00027000 3d8:ad14e 144134765124008883     /work2/11056/zwu/frontera/miniconda3/envs/libyt/lib/libgcc_s.so.1
2b2e9fcb8000-2b2e9fcb9000 r--p 0002a000 3d8:ad14e 144134765124008883     /work2/11056/zwu/frontera/miniconda3/envs/libyt/lib/libgcc_s.so.1
2b2e9fcb9000-2b2e9fcba000 rw-p 0002b000 3d8:ad14e 144134765124008883     /work2/11056/zwu/frontera/miniconda3/envs/libyt/lib/libgcc_s.so.1
2b2e9fcba000-2b2e9fcbb000 r--p 00000000 fd:00 17537677                   /opt/apps/intel19/hdf5/1.10.4/x86_64/lib/libsz.so.2.0.0
2b2e9fcbb000-2b2e9fccc000 r-xp 00001000 fd:00 17537677                   /opt/apps/intel19/hdf5/1.10.4/x86_64/lib/libsz.so.2.0.0
2b2e9fccc000-2b2e9fcce000 r--p 00012000 fd:00 17537677                   /opt/apps/intel19/hdf5/1.10.4/x86_64/lib/libsz.so.2.0.0
2b2e9fcce000-2b2e9fccf000 r--p 00013000 fd:00 17537677                   /opt/apps/intel19/hdf5/1.10.4/x86_64/lib/libsz.so.2.0.0
2b2e9fccf000-2b2e9fcd0000 rw-p 00014000 fd:00 17537677                   /opt/apps/intel19/hdf5/1.10.4/x86_64/lib/libsz.so.2.0.0
2b2e9fcd0000-2b2e9fcd8000 rw-p 00000000 00:00 0 
2b2e9fcd8000-2b2e9fcdb000 r--p 00000000 3d8:ad14e 144134765124008903     /work2/11056/zwu/frontera/miniconda3/envs/libyt/lib/libquadmath.so.0.0.0
2b2e9fcdb000-2b2e9fd07000 r-xp 00003000 3d8:ad14e 144134765124008903     /work2/11056/zwu/frontera/miniconda3/envs/libyt/lib/libquadmath.so.0.0.0
2b2e9fd07000-2b2e9fd1e000 r--p 0002f000 3d8:ad14e 144134765124008903     /work2/11056/zwu/frontera/miniconda3/envs/libyt/lib/libquadmath.so.0.0.0
2b2e9fd1e000-2b2e9fd1f000 r--p 00045000 3d8:ad14e 144134765124008903     /work2/11056/zwu/frontera/miniconda3/envs/libyt/lib/libquadmath.so.0.0.0
2b2e9fd1f000-2b2e9fd20000 rw-p 00046000 3d8:ad14e 144134765124008903     /work2/11056/zwu/frontera/miniconda3/envs/libyt/lib/libquadmath.so.0.0.0
2b2e9fd20000-2b2e9fd22000 r--p 00000000 3d8:ad14e 144132292263082135     /work2/11056/zwu/frontera/miniconda3/lib/libibverbs/libhfi1verbs-rdmav59.so
2b2e9fd22000-2b2e9fd24000 r-xp 00002000 3d8:ad14e 144132292263082135     /work2/11056/zwu/frontera/miniconda3/lib/libibverbs/libhfi1verbs-rdmav59.so
2b2e9fd24000-2b2e9fd25000 r--p 00004000 3d8:ad14e 144132292263082135     /work2/11056/zwu/frontera/miniconda3/lib/libibverbs/libhfi1verbs-rdmav59.so
2b2e9fd25000-2b2e9fd26000 r--p 00005000 3d8:ad14e 144132292263082135     /work2/11056/zwu/frontera/miniconda3/lib/libibverbs/libhfi1verbs-rdmav59.so
2b2e9fd26000-2b2e9fd27000 rw-p 00006000 3d8:ad14e 144132292263082135     /work2/11056/zwu/frontera/miniconda3/lib/libibverbs/libhfi1verbs-rdmav59.so
2b2e9fd27000-2b2e9fd28000 r--s 00500000 00:05 20596                      /dev/infiniband/uverbs0
2b2e9fd28000-2b2e9fd29000 r--s 00700000 00:05 20596                      /dev/infiniband/uverbs0
2b2e9fd29000-2b2e9fd2a000 -w-s 00900000 00:05 20596                      /dev/infiniband/uverbs0
2b2e9fd2a000-2b2e9fd2b000 -w-s 00901000 00:05 20596                      /dev/infiniband/uverbs0
2b2e9fd2b000-2b2e9fd2c000 r--s 00500000 00:05 20596                      /dev/infiniband/uverbs0
2b2e9fd2c000-2b2e9fd2d000 r--s 00700000 00:05 20596                      /dev/infiniband/uverbs0
2b2e9fd2d000-2b2e9fd2e000 r--p 00021000 fd:00 402688124                  /usr/lib64/ld-2.17.so
2b2e9fd2e000-2b2e9fd2f000 rw-p 00022000 fd:00 402688124                  /usr/lib64/ld-2.17.so
2b2e9fd2f000-2b2e9fd30000 rw-p 00000000 00:00 0 
2b2e9fd30000-2b2e9fd79000 r--p 00000000 fd:00 5026361                    /opt/apps/intel19/hdf5/1.10.4/x86_64/lib/libhdf5.so.103.0.0
2b2e9fd79000-2b2ea009b000 r-xp 00049000 fd:00 5026361                    /opt/apps/intel19/hdf5/1.10.4/x86_64/lib/libhdf5.so.103.0.0
2b2ea009b000-2b2ea01b1000 r--p 0036b000 fd:00 5026361                    /opt/apps/intel19/hdf5/1.10.4/x86_64/lib/libhdf5.so.103.0.0
2b2ea01b1000-2b2ea01b2000 ---p 00481000 fd:00 5026361                    /opt/apps/intel19/hdf5/1.10.4/x86_64/lib/libhdf5.so.103.0.0
2b2ea01b2000-2b2ea01bc000 r--p 00481000 fd:00 5026361                    /opt/apps/intel19/hdf5/1.10.4/x86_64/lib/libhdf5.so.103.0.0
2b2ea01bc000-2b2ea01c6000 rw-p 0048b000 fd:00 5026361                    /opt/apps/intel19/hdf5/1.10.4/x86_64/lib/libhdf5.so.103.0.0
2b2ea01c6000-2b2ea01c9000 rw-p 00000000 00:00 0 
2b2ea01c9000-2b2ea02ca000 r-xp 00000000 fd:00 402688140                  /usr/lib64/libm-2.17.so
2b2ea02ca000-2b2ea04c9000 ---p 00101000 fd:00 402688140                  /usr/lib64/libm-2.17.so
2b2ea04c9000-2b2ea04ca000 r--p 00100000 fd:00 402688140                  /usr/lib64/libm-2.17.so
2b2ea04ca000-2b2ea04cb000 rw-p 00101000 fd:00 402688140                  /usr/lib64/libm-2.17.so
2b2ea04cb000-2b2ea0605000 r-xp 00000000 fd:00 269107019                  /opt/intel/compilers_and_libraries_2019.5.281/linux/compiler/lib/intel64_lin/libifcore.so.5
2b2ea0605000-2b2ea0804000 ---p 0013a000 fd:00 269107019                  /opt/intel/compilers_and_libraries_2019.5.281/linux/compiler/lib/intel64_lin/libifcore.so.5
2b2ea0804000-2b2ea0807000 r--p 00139000 fd:00 269107019                  /opt/intel/compilers_and_libraries_2019.5.281/linux/compiler/lib/intel64_lin/libifcore.so.5
2b2ea0807000-2b2ea080a000 rw-p 0013c000 fd:00 269107019                  /opt/intel/compilers_and_libraries_2019.5.281/linux/compiler/lib/intel64_lin/libifcore.so.5
2b2ea080a000-2b2ea0828000 rw-p 00000000 00:00 0 
2b2ea0828000-2b2ea09e2000 r-xp 00000000 fd:00 276268926                  /opt/intel/compilers_and_libraries_2019.5.281/linux/compiler/lib/intel64_lin/libiomp5.so
2b2ea09e2000-2b2ea0be2000 ---p 001ba000 fd:00 276268926                  /opt/intel/compilers_and_libraries_2019.5.281/linux/compiler/lib/intel64_lin/libiomp5.so
2b2ea0be2000-2b2ea0be5000 r--p 001ba000 fd:00 276268926                  /opt/intel/compilers_and_libraries_2019.5.281/linux/compiler/lib/intel64_lin/libiomp5.so
2b2ea0be5000-2b2ea0bef000 rw-p 001bd000 fd:00 276268926                  /opt/intel/compilers_and_libraries_2019.5.281/linux/compiler/lib/intel64_lin/libiomp5.so
2b2ea0bef000-2b2ea0c1d000 rw-p 00000000 00:00 0 
2b2ea0c1d000-2b2ea0c41000 r--p 00000000 3d8:ad14e 144134765124016352     /work2/11056/zwu/frontera/miniconda3/envs/libyt/lib/libgfortran.so.5.0.0
2b2ea0c41000-2b2ea0f3a000 r-xp 00024000 3d8:ad14e 144134765124016352     /work2/11056/zwu/frontera/miniconda3/envs/libyt/lib/libgfortran.so.5.0.0
2b2ea0f3a000-2b2ea0f71000 r--p 0031d000 3d8:ad14e 144134765124016352     /work2/11056/zwu/frontera/miniconda3/envs/libyt/lib/libgfortran.so.5.0.0
2b2ea0f71000-2b2ea0f72000 r--p 00354000 3d8:ad14e 144134765124016352     /work2/11056/zwu/frontera/miniconda3/envs/libyt/lib/libgfortran.so.5.0.0
2b2ea0f72000-2b2ea0f74000 rw-p 00355000 3d8:ad14e 144134765124016352     /work2/11056/zwu/frontera/miniconda3/envs/libyt/lib/libgfortran.so.5.0.0
2b2ea0f74000-2b2ea137e000 r-xp 00000000 fd:00 270113955                  /opt/intel/compilers_and_libraries_2019.5.281/linux/compiler/lib/intel64_lin/libimf.so
2b2ea137e000-2b2ea157e000 ---p 0040a000 fd:00 270113955                  /opt/intel/compilers_and_libraries_2019.5.281/linux/compiler/lib/intel64_lin/libimf.so
2b2ea157e000-2b2ea1585000 r--p 0040a000 fd:00 270113955                  /opt/intel/compilers_and_libraries_2019.5.281/linux/compiler/lib/intel64_lin/libimf.so
2b2ea1585000-2b2ea15f9000 rw-p 00411000 fd:00 270113955                  /opt/intel/compilers_and_libraries_2019.5.281/linux/compiler/lib/intel64_lin/libimf.so
2b2ea15f9000-2b2ea2e01000 r-xp 00000000 fd:00 270113972                  /opt/intel/compilers_and_libraries_2019.5.281/linux/compiler/lib/intel64_lin/libsvml.so
2b2ea2e01000-2b2ea3001000 ---p 01808000 fd:00 270113972                  /opt/intel/compilers_and_libraries_2019.5.281/linux/compiler/lib/intel64_lin/libsvml.so
2b2ea3001000-2b2ea3051000 r--p 01808000 fd:00 270113972                  /opt/intel/compilers_and_libraries_2019.5.281/linux/compiler/lib/intel64_lin/libsvml.so
2b2ea3051000-2b2ea3085000 rw-p 01858000 fd:00 270113972                  /opt/intel/compilers_and_libraries_2019.5.281/linux/compiler/lib/intel64_lin/libsvml.so
2b2ea3085000-2b2ea31dd000 r-xp 00000000 fd:00 270113963                  /opt/intel/compilers_and_libraries_2019.5.281/linux/compiler/lib/intel64_lin/libirng.so
2b2ea31dd000-2b2ea33dc000 ---p 00158000 fd:00 270113963                  /opt/intel/compilers_and_libraries_2019.5.281/linux/compiler/lib/intel64_lin/libirng.so
2b2ea33dc000-2b2ea33dd000 r--p 00157000 fd:00 270113963                  /opt/intel/compilers_and_libraries_2019.5.281/linux/compiler/lib/intel64_lin/libirng.so
2b2ea33dd000-2b2ea33f0000 rw-p 00158000 fd:00 270113963                  /opt/intel/compilers_and_libraries_2019.5.281/linux/compiler/lib/intel64_lin/libirng.so
2b2ea33f0000-2b2ea345e000 r-xp 00000000 fd:00 270113957                  /opt/intel/compilers_and_libraries_2019.5.281/linux/compiler/lib/intel64_lin/libintlc.so.5
2b2ea345e000-2b2ea365e000 ---p 0006e000 fd:00 270113957                  /opt/intel/compilers_and_libraries_2019.5.281/linux/compiler/lib/intel64_lin/libintlc.so.5
2b2ea365e000-2b2ea365f000 r--p 0006e000 fd:00 270113957                  /opt/intel/compilers_and_libraries_2019.5.281/linux/compiler/lib/intel64_lin/libintlc.so.5
2b2ea365f000-2b2ea3660000 rw-p 0006f000 fd:00 270113957                  /opt/intel/compilers_and_libraries_2019.5.281/linux/compiler/lib/intel64_lin/libintlc.so.5
2b2ea3660000-2b2ea3662000 rw-p 00000000 00:00 0 
2b2ea3662000-2b2ea3669000 r-xp 00000000 fd:00 403410449                  /usr/lib64/librt-2.17.so
2b2ea3669000-2b2ea3868000 ---p 00007000 fd:00 403410449                  /usr/lib64/librt-2.17.so
2b2ea3868000-2b2ea3869000 r--p 00006000 fd:00 403410449                  /usr/lib64/librt-2.17.so
2b2ea3869000-2b2ea386a000 rw-p 00007000 fd:00 403410449                  /usr/lib64/librt-2.17.so
2b2ea386a000-2b2ea3881000 r-xp 00000000 fd:00 402688397                  /usr/lib64/libpthread-2.17.so
2b2ea3881000-2b2ea3a80000 ---p 00017000 fd:00 402688397                  /usr/lib64/libpthread-2.17.so
2b2ea3a80000-2b2ea3a81000 r--p 00016000 fd:00 402688397                  /usr/lib64/libpthread-2.17.so
2b2ea3a81000-2b2ea3a82000 rw-p 00017000 fd:00 402688397                  /usr/lib64/libpthread-2.17.so
2b2ea3a82000-2b2ea3a86000 rw-p 00000000 00:00 0 
2b2ea3a86000-2b2ea3aa4000 r-xp 00000000 fd:00 456636848                  /opt/intel/compilers_and_libraries_2020.4.304/linux/mpi/intel64/lib/libmpicxx.so.12.0.0
2b2ea3aa4000-2b2ea3ca3000 ---p 0001e000 fd:00 456636848                  /opt/intel/compilers_and_libraries_2020.4.304/linux/mpi/intel64/lib/libmpicxx.so.12.0.0
2b2ea3ca3000-2b2ea3ca4000 r--p 0001d000 fd:00 456636848                  /opt/intel/compilers_and_libraries_2020.4.304/linux/mpi/intel64/lib/libmpicxx.so.12.0.0
2b2ea3ca4000-2b2ea3ca6000 rw-p 0001e000 fd:00 456636848                  /opt/intel/compilers_and_libraries_2020.4.304/linux/mpi/intel64/lib/libmpicxx.so.12.0.0
2b2ea3ca6000-2b2ea3e38000 r-xp 00000000 fd:00 456636852                  /opt/intel/compilers_and_libraries_2020.4.304/linux/mpi/intel64/lib/libmpifort.so.12.0.0
2b2ea3e38000-2b2ea4038000 ---p 00192000 fd:00 456636852                  /opt/intel/compilers_and_libraries_2020.4.304/linux/mpi/intel64/lib/libmpifort.so.12.0.0
2b2ea4038000-2b2ea403c000 r--p 00192000 fd:00 456636852                  /opt/intel/compilers_and_libraries_2020.4.304/linux/mpi/intel64/lib/libmpifort.so.12.0.0
2b2ea403c000-2b2ea4040000 rw-p 00196000 fd:00 456636852                  /opt/intel/compilers_and_libraries_2020.4.304/linux/mpi/intel64/lib/libmpifort.so.12.0.0
2b2ea4040000-2b2ea4064000 rw-p 00000000 00:00 0 
2b2ea4064000-2b2ea4e99000 r-xp 00000000 fd:00 333279231                  /opt/intel/compilers_and_libraries_2020.4.304/linux/mpi/intel64/lib/release/libmpi.so.12.0.0
2b2ea4e99000-2b2ea5099000 ---p 00e35000 fd:00 333279231                  /opt/intel/compilers_and_libraries_2020.4.304/linux/mpi/intel64/lib/release/libmpi.so.12.0.0
2b2ea5099000-2b2ea50aa000 r--p 00e35000 fd:00 333279231                  /opt/intel/compilers_and_libraries_2020.4.304/linux/mpi/intel64/lib/release/libmpi.so.12.0.0
2b2ea50aa000-2b2ea50bb000 rw-p 00e46000 fd:00 333279231                  /opt/intel/compilers_and_libraries_2020.4.304/linux/mpi/intel64/lib/release/libmpi.so.12.0.0
2b2ea50bb000-2b2ea53c4000 rw-p 00000000 00:00 0 
2b2ea53c4000-2b2ea53c6000 r-xp 00000000 fd:00 402688138                  /usr/lib64/libdl-2.17.so
2b2ea53c6000-2b2ea55c6000 ---p 00002000 fd:00 402688138                  /usr/lib64/libdl-2.17.so
2b2ea55c6000-2b2ea55c7000 r--p 00002000 fd:00 402688138                  /usr/lib64/libdl-2.17.so
2b2ea55c7000-2b2ea55c8000 rw-p 00003000 fd:00 402688138                  /usr/lib64/libdl-2.17.so
2b2ea55c8000-2b2ea5672000 r--p 00000000 3d8:ad14e 144134765124008209     /work2/11056/zwu/frontera/miniconda3/envs/libyt/lib/libstdc++.so.6.0.34
2b2ea5672000-2b2ea57a3000 r-xp 000aa000 3d8:ad14e 144134765124008209     /work2/11056/zwu/frontera/miniconda3/envs/libyt/lib/libstdc++.so.6.0.34
2b2ea57a3000-2b2ea5831000 r--p 001db000 3d8:ad14e 144134765124008209     /work2/11056/zwu/frontera/miniconda3/envs/libyt/lib/libstdc++.so.6.0.34
2b2ea5831000-2b2ea5840000 r--p 00268000 3d8:ad14e 144134765124008209     /work2/11056/zwu/frontera/miniconda3/envs/libyt/lib/libstdc++.so.6.0.34
2b2ea5840000-2b2ea5843000 rw-p 00277000 3d8:ad14e 144134765124008209     /work2/11056/zwu/frontera/miniconda3/envs/libyt/lib/libstdc++.so.6.0.34
2b2ea5843000-2b2ea5847000 rw-p 00000000 00:00 0 
2b2ea5847000-2b2ea593c000 r-xp 00000000 fd:00 402688130                  /usr/lib64/libc-2.17.so
2b2ea593c000-2b2ea593d000 r-xp 000f5000 fd:00 402688130                  /usr/lib64/libc-2.17.so
2b2ea593d000-2b2ea593f000 r-xp 000f6000 fd:00 402688130                  /usr/lib64/libc-2.17.so
2b2ea593f000-2b2ea5941000 r-xp 000f8000 fd:00 402688130                  /usr/lib64/libc-2.17.so
2b2ea5941000-2b2ea5946000 r-xp 000fa000 fd:00 402688130                  /usr/lib64/libc-2.17.so
2b2ea5946000-2b2ea5948000 r-xp 000ff000 fd:00 402688130                  /usr/lib64/libc-2.17.so
2b2ea5948000-2b2ea5a0b000 r-xp 00101000 fd:00 402688130                  /usr/lib64/libc-2.17.so
2b2ea5a0b000-2b2ea5c0a000 ---p 001c4000 fd:00 402688130                  /usr/lib64/libc-2.17.so
2b2ea5c0a000-2b2ea5c0e000 r--p 001c3000 fd:00 402688130                  /usr/lib64/libc-2.17.so
2b2ea5c0e000-2b2ea5c10000 rw-p 001c7000 fd:00 402688130                  /usr/lib64/libc-2.17.so
2b2ea5c10000-2b2ea5c15000 rw-p 00000000 00:00 0 
2b2ea5c15000-2b2ea5c9b000 r--p 00000000 3d8:ad14e 144134765124014084     /work2/11056/zwu/frontera/miniconda3/envs/libyt/lib/libpython3.13.so.1.0
2b2ea5c9b000-2b2ea5f43000 r-xp 00086000 3d8:ad14e 144134765124014084     /work2/11056/zwu/frontera/miniconda3/envs/libyt/lib/libpython3.13.so.1.0
2b2ea5f43000-2b2ea60c0000 r--p 0032e000 3d8:ad14e 144134765124014084     /work2/11056/zwu/frontera/miniconda3/envs/libyt/lib/libpython3.13.so.1.0
2b2ea60c0000-2b2ea6112000 r--p 004aa000 3d8:ad14e 144134765124014084     /work2/11056/zwu/frontera/miniconda3/envs/libyt/lib/libpython3.13.so.1.0
2b2ea6112000-2b2ea6193000 rw-p 004fc000 3d8:ad14e 144134765124014084     /work2/11056/zwu/frontera/miniconda3/envs/libyt/lib/libpython3.13.so.1.0
2b2ea6193000-2b2ea620c000 rw-p 00000000 00:00 0 
2b2ea620c000-2b2ea6248000 r-xp 00000000 fd:00 402689155                  /usr/lib64/libreadline.so.6.2
2b2ea6248000-2b2ea6448000 ---p 0003c000 fd:00 402689155                  /usr/lib64/libreadline.so.6.2
2b2ea6448000-2b2ea644a000 r--p 0003c000 fd:00 402689155                  /usr/lib64/libreadline.so.6.2
2b2ea644a000-2b2ea6450000 rw-p 0003e000 fd:00 402689155                  /usr/lib64/libreadline.so.6.2
2b2ea6450000-2b2ea6452000 rw-p 00000000 00:00 0 
2b2ea6452000-2b2ea6491000 r-xp 00000000 fd:00 333377125                  /opt/intel/compilers_and_libraries_2020.4.304/linux/mpi/intel64/libfabric/lib/libfabric.so.1
2b2ea6491000-2b2ea6691000 ---p 0003f000 fd:00 333377125                  /opt/intel/compilers_and_libraries_2020.4.304/linux/mpi/intel64/libfabric/lib/libfabric.so.1
2b2ea6691000-2b2ea6694000 rw-p 0003f000 fd:00 333377125                  /opt/intel/compilers_and_libraries_2020.4.304/linux/mpi/intel64/libfabric/lib/libfabric.so.1
2b2ea6694000-2b2ea6696000 r-xp 00000000 fd:00 403410453                  /usr/lib64/libutil-2.17.so
2b2ea6696000-2b2ea6895000 ---p 00002000 fd:00 403410453                  /usr/lib64/libutil-2.17.so
2b2ea6895000-2b2ea6896000 r--p 00001000 fd:00 403410453                  /usr/lib64/libutil-2.17.so
2b2ea6896000-2b2ea6897000 rw-p 00002000 fd:00 403410453                  /usr/lib64/libutil-2.17.so
2b2ea6897000-2b2ea68bc000 r-xp 00000000 fd:00 402688778                  /usr/lib64/libtinfo.so.5.9
2b2ea68bc000-2b2ea6abc000 ---p 00025000 fd:00 402688778                  /usr/lib64/libtinfo.so.5.9
2b2ea6abc000-2b2ea6ac0000 r--p 00025000 fd:00 402688778                  /usr/lib64/libtinfo.so.5.9
2b2ea6ac0000-2b2ea6ac1000 rw-p 00029000 fd:00 402688778                  /usr/lib64/libtinfo.so.5.9
2b2ea6ac1000-2b2ea6acb000 r-xp 00000000 fd:00 406222307                  /usr/lib64/libnuma.so.1.0.0
2b2ea6acb000-2b2ea6ccb000 ---p 0000a000 fd:00 406222307                  /usr/lib64/libnuma.so.1.0.0
2b2ea6ccb000-2b2ea6ccc000 r--p 0000a000 fd:00 406222307                  /usr/lib64/libnuma.so.1.0.0
2b2ea6ccc000-2b2ea6ccd000 rw-p 0000b000 fd:00 406222307                  /usr/lib64/libnuma.so.1.0.0
2b2ea6ccd000-2b2fa0345000 rw-s 00000000 00:13 156928773                  /dev/shm/Intel_MPI_lpfvhv (deleted)
2b2fa0345000-2b2fa0392000 r-xp 00000000 fd:00 456863945                  /opt/intel/compilers_and_libraries_2020.4.304/linux/mpi/intel64/libfabric/lib/prov/libverbs-fi.so
2b2fa0392000-2b2fa0591000 ---p 0004d000 fd:00 456863945                  /opt/intel/compilers_and_libraries_2020.4.304/linux/mpi/intel64/libfabric/lib/prov/libverbs-fi.so
2b2fa0591000-2b2fa0595000 rw-p 0004c000 fd:00 456863945                  /opt/intel/compilers_and_libraries_2020.4.304/linux/mpi/intel64/libfabric/lib/prov/libverbs-fi.so
2b2fa0595000-2b2fa059a000 r--p 00000000 3d8:ad14e 144132292263083547     /work2/11056/zwu/frontera/miniconda3/lib/librdmacm.so.1.3.59.0
2b2fa059a000-2b2fa05ae000 r-xp 00005000 3d8:ad14e 144132292263083547     /work2/11056/zwu/frontera/miniconda3/lib/librdmacm.so.1.3.59.0
2b2fa05ae000-2b2fa05b2000 r--p 00019000 3d8:ad14e 144132292263083547     /work2/11056/zwu/frontera/miniconda3/lib/librdmacm.so.1.3.59.0
2b2fa05b2000-2b2fa05b3000 r--p 0001c000 3d8:ad14e 144132292263083547     /work2/11056/zwu/frontera/miniconda3/lib/librdmacm.so.1.3.59.0
2b2fa05b3000-2b2fa05b4000 rw-p 0001d000 3d8:ad14e 144132292263083547     /work2/11056/zwu/frontera/miniconda3/lib/librdmacm.so.1.3.59.0
2b2fa05b4000-2b2fa05b5000 rw-p 00000000 00:00 0 
2b2fa05b5000-2b2fa05bd000 r--p 00000000 3d8:ad14e 144132292263083546     /work2/11056/zwu/frontera/miniconda3/lib/libibverbs.so.1.15.59.0
2b2fa05bd000-2b2fa05d0000 r-xp 00008000 3d8:ad14e 144132292263083546     /work2/11056/zwu/frontera/miniconda3/lib/libibverbs.so.1.15.59.0
2b2fa05d0000-2b2fa05d6000 r--p 0001b000 3d8:ad14e 144132292263083546     /work2/11056/zwu/frontera/miniconda3/lib/libibverbs.so.1.15.59.0
2b2fa05d6000-2b2fa05d7000 r--p 00020000 3d8:ad14e 144132292263083546     /work2/11056/zwu/frontera/miniconda3/lib/libibverbs.so.1.15.59.0
2b2fa05d7000-2b2fa05d8000 rw-p 00021000 3d8:ad14e 144132292263083546     /work2/11056/zwu/frontera/miniconda3/lib/libibverbs.so.1.15.59.0
2b2fa05d8000-2b2fa05e2000 r--p 00000000 3d8:ad14e 144132292263081342     /work2/11056/zwu/frontera/miniconda3/lib/libnl-3.so.200.26.0
2b2fa05e2000-2b2fa05f1000 r-xp 0000a000 3d8:ad14e 144132292263081342     /work2/11056/zwu/frontera/miniconda3/lib/libnl-3.so.200.26.0
2b2fa05f1000-2b2fa05fa000 r--p 00019000 3d8:ad14e 144132292263081342     /work2/11056/zwu/frontera/miniconda3/lib/libnl-3.so.200.26.0
2b2fa05fa000-2b2fa05fc000 r--p 00021000 3d8:ad14e 144132292263081342     /work2/11056/zwu/frontera/miniconda3/lib/libnl-3.so.200.26.0
2b2fa05fc000-2b2fa05fd000 rw-p 00023000 3d8:ad14e 144132292263081342     /work2/11056/zwu/frontera/miniconda3/lib/libnl-3.so.200.26.0
2b2fa05fd000-2b2fa061f000 r--p 00000000 3d8:ad14e 144132292263083512     /work2/11056/zwu/frontera/miniconda3/lib/libnl-route-3.so.200.26.0
2b2fa061f000-2b2fa0665000 r-xp 00022000 3d8:ad14e 144132292263083512     /work2/11056/zwu/frontera/miniconda3/lib/libnl-route-3.so.200.26.0
2b2fa0665000-2b2fa0686000 r--p 00068000 3d8:ad14e 144132292263083512     /work2/11056/zwu/frontera/miniconda3/lib/libnl-route-3.so.200.26.0
2b2fa0686000-2b2fa068a000 r--p 00089000 3d8:ad14e 144132292263083512     /work2/11056/zwu/frontera/miniconda3/lib/libnl-route-3.so.200.26.0
2b2fa068a000-2b2fa068f000 rw-p 0008d000 3d8:ad14e 144132292263083512     /work2/11056/zwu/frontera/miniconda3/lib/libnl-route-3.so.200.26.0
2b2fa068f000-2b2fa0692000 rw-p 00000000 00:00 0 
2b2fa0692000-2b2fa0694000 r--p 00000000 3d8:ad14e 144132292263082965     /work2/11056/zwu/frontera/miniconda3/lib/libibverbs/libbnxt_re-rdmav59.so
2b2fa0694000-2b2fa069b000 r-xp 00002000 3d8:ad14e 144132292263082965     /work2/11056/zwu/frontera/miniconda3/lib/libibverbs/libbnxt_re-rdmav59.so
2b2fa069b000-2b2fa069d000 r--p 00009000 3d8:ad14e 144132292263082965     /work2/11056/zwu/frontera/miniconda3/lib/libibverbs/libbnxt_re-rdmav59.so
2b2fa069d000-2b2fa069e000 r--p 0000a000 3d8:ad14e 144132292263082965     /work2/11056/zwu/frontera/miniconda3/lib/libibverbs/libbnxt_re-rdmav59.so
2b2fa069e000-2b2fa069f000 rw-p 0000b000 3d8:ad14e 144132292263082965     /work2/11056/zwu/frontera/miniconda3/lib/libibverbs/libbnxt_re-rdmav59.so
2b2fa069f000-2b2fa06a1000 r--p 00000000 3d8:ad14e 144132292263082415     /work2/11056/zwu/frontera/miniconda3/lib/libibverbs/libcxgb4-rdmav59.so
2b2fa06a1000-2b2fa06a8000 r-xp 00002000 3d8:ad14e 144132292263082415     /work2/11056/zwu/frontera/miniconda3/lib/libibverbs/libcxgb4-rdmav59.so
2b2fa06a8000-2b2fa06aa000 r--p 00009000 3d8:ad14e 144132292263082415     /work2/11056/zwu/frontera/miniconda3/lib/libibverbs/libcxgb4-rdmav59.so
2b2fa06aa000-2b2fa06ab000 r--p 0000b000 3d8:ad14e 144132292263082415     /work2/11056/zwu/frontera/miniconda3/lib/libibverbs/libcxgb4-rdmav59.so
2b2fa06ab000-2b2fa06ac000 rw-p 0000c000 3d8:ad14e 144132292263082415     /work2/11056/zwu/frontera/miniconda3/lib/libibverbs/libcxgb4-rdmav59.so
2b2fa06ac000-2b2fa06ae000 r--p 00000000 3d8:ad14e 144132292263082756     /work2/11056/zwu/frontera/miniconda3/lib/libibverbs/libqedr-rdmav59.so
2b2fa06ae000-2b2fa06b4000 r-xp 00002000 3d8:ad14e 144132292263082756     /work2/11056/zwu/frontera/miniconda3/lib/libibverbs/libqedr-rdmav59.so
2b2fa06b4000-2b2fa06b7000 r--p 00008000 3d8:ad14e 144132292263082756     /work2/11056/zwu/frontera/miniconda3/lib/libibverbs/libqedr-rdmav59.so
2b2fa06b7000-2b2fa06b8000 r--p 0000b000 3d8:ad14e 144132292263082756     /work2/11056/zwu/frontera/miniconda3/lib/libibverbs/libqedr-rdmav59.so
2b2fa06b8000-2b2fa06b9000 rw-p 0000c000 3d8:ad14e 144132292263082756     /work2/11056/zwu/frontera/miniconda3/lib/libibverbs/libqedr-rdmav59.so
2b2fa06b9000-2b2fa06bb000 r--p 00000000 3d8:ad14e 144132292263083057     /work2/11056/zwu/frontera/miniconda3/lib/libibverbs/libocrdma-rdmav59.so
2b2fa06bb000-2b2fa06bf000 r-xp 00002000 3d8:ad14e 144132292263083057     /work2/11056/zwu/frontera/miniconda3/lib/libibverbs/libocrdma-rdmav59.so
2b2fa06bf000-2b2fa06c0000 r--p 00006000 3d8:ad14e 144132292263083057     /work2/11056/zwu/frontera/miniconda3/lib/libibverbs/libocrdma-rdmav59.so
2b2fa06c0000-2b2fa06c1000 r--p 00007000 3d8:ad14e 144132292263083057     /work2/11056/zwu/frontera/miniconda3/lib/libibverbs/libocrdma-rdmav59.so
2b2fa06c1000-2b2fa06c2000 rw-p 00008000 3d8:ad14e 144132292263083057     /work2/11056/zwu/frontera/miniconda3/lib/libibverbs/libocrdma-rdmav59.so
2b2fa06c2000-2b2fa06c4000 r--p 00000000 3d8:ad14e 144132292263082510     /work2/11056/zwu/frontera/miniconda3/lib/libibverbs/liberdma-rdmav59.so
2b2fa06c4000-2b2fa06c6000 r-xp 00002000 3d8:ad14e 144132292263082510     /work2/11056/zwu/frontera/miniconda3/lib/libibverbs/liberdma-rdmav59.so
2b2fa06c6000-2b2fa06c7000 r--p 00004000 3d8:ad14e 144132292263082510     /work2/11056/zwu/frontera/miniconda3/lib/libibverbs/liberdma-rdmav59.so
2b2fa06c7000-2b2fa06c8000 r--p 00004000 3d8:ad14e 144132292263082510     /work2/11056/zwu/frontera/miniconda3/lib/libibverbs/liberdma-rdmav59.so
2b2fa06c8000-2b2fa06c9000 rw-p 00005000 3d8:ad14e 144132292263082510     /work2/11056/zwu/frontera/miniconda3/lib/libibverbs/liberdma-rdmav59.so
2b2fa06c9000-2b2fa06cb000 r--p 00000000 3d8:ad14e 144132292263082804     /work2/11056/zwu/frontera/miniconda3/lib/libhns.so.1.0.59.0
2b2fa06cb000-2b2fa06d5000 r-xp 00002000 3d8:ad14e 144132292263082804     /work2/11056/zwu/frontera/miniconda3/lib/libhns.so.1.0.59.0
2b2fa06d5000-2b2fa06d8000 r--p 0000c000 3d8:ad14e 144132292263082804     /work2/11056/zwu/frontera/miniconda3/lib/libhns.so.1.0.59.0
2b2fa06d8000-2b2fa06d9000 r--p 0000e000 3d8:ad14e 144132292263082804     /work2/11056/zwu/frontera/miniconda3/lib/libhns.so.1.0.59.0
2b2fa06d9000-2b2fa06da000 rw-p 0000f000 3d8:ad14e 144132292263082804     /work2/11056/zwu/frontera/miniconda3/lib/libhns.so.1.0.59.0
2b2fa06da000-2b2fa06dc000 r--p 00000000 3d8:ad14e 144132292263081634     /work2/11056/zwu/frontera/miniconda3/lib/libibverbs/librxe-rdmav59.so
2b2fa06dc000-2b2fa06e0000 r-xp 00002000 3d8:ad14e 144132292263081634     /work2/11056/zwu/frontera/miniconda3/lib/libibverbs/librxe-rdmav59.so
2b2fa06e0000-2b2fa06e1000 r--p 00006000 3d8:ad14e 144132292263081634     /work2/11056/zwu/frontera/miniconda3/lib/libibverbs/librxe-rdmav59.so
2b2fa06e1000-2b2fa06e2000 r--p 00007000 3d8:ad14e 144132292263081634     /work2/11056/zwu/frontera/miniconda3/lib/libibverbs/librxe-rdmav59.so
2b2fa06e2000-2b2fa06e3000 rw-p 00008000 3d8:ad14e 144132292263081634     /work2/11056/zwu/frontera/miniconda3/lib/libibverbs/librxe-rdmav59.so
2b2fa06e3000-2b2fa06e5000 r--p 00000000 3d8:ad14e 144132292263081367     /work2/11056/zwu/frontera/miniconda3/lib/libibverbs/libirdma-rdmav59.so
2b2fa06e5000-2b2fa06eb000 r-xp 00002000 3d8:ad14e 144132292263081367     /work2/11056/zwu/frontera/miniconda3/lib/libibverbs/libirdma-rdmav59.so
2b2fa06eb000-2b2fa06ed000 r--p 00008000 3d8:ad14e 144132292263081367     /work2/11056/zwu/frontera/miniconda3/lib/libibverbs/libirdma-rdmav59.so
2b2fa06ed000-2b2fa06ee000 r--p 00009000 3d8:ad14e 144132292263081367     /work2/11056/zwu/frontera/miniconda3/lib/libibverbs/libirdma-rdmav59.so
2b2fa06ee000-2b2fa06ef000 rw-p 0000a000 3d8:ad14e 144132292263081367     /work2/11056/zwu/frontera/miniconda3/lib/libibverbs/libirdma-rdmav59.so
2b2fa06ef000-2b2fa06f1000 r--p 00000000 3d8:ad14e 144132292263082086     /work2/11056/zwu/frontera/miniconda3/lib/libibverbs/libipathverbs-rdmav59.so
2b2fa06f1000-2b2fa06f3000 r-xp 00002000 3d8:ad14e 144132292263082086     /work2/11056/zwu/frontera/miniconda3/lib/libibverbs/libipathverbs-rdmav59.so
2b2fa06f3000-2b2fa06f4000 r--p 00004000 3d8:ad14e 144132292263082086     /work2/11056/zwu/frontera/miniconda3/lib/libibverbs/libipathverbs-rdmav59.so
2b2fa06f4000-2b2fa06f5000 r--p 00005000 3d8:ad14e 144132292263082086     /work2/11056/zwu/frontera/miniconda3/lib/libibverbs/libipathverbs-rdmav59.so
2b2fa06f5000-2b2fa06f6000 rw-p 00006000 3d8:ad14e 144132292263082086     /work2/11056/zwu/frontera/miniconda3/lib/libibverbs/libipathverbs-rdmav59.so
2b2fa06f6000-2b2fa06f8000 r--p 00000000 3d8:ad14e 144132292263082299     /work2/11056/zwu/frontera/miniconda3/lib/libmana.so.1.0.59.0
2b2fa06f8000-2b2fa06fd000 r-xp 00002000 3d8:ad14e 144132292263082299     /work2/11056/zwu/frontera/miniconda3/lib/libmana.so.1.0.59.0
2b2fa06fd000-2b2fa06ff000 r--p 00007000 3d8:ad14e 144132292263082299     /work2/11056/zwu/frontera/miniconda3/lib/libmana.so.1.0.59.0
2b2fa06ff000-2b2fa0700000 r--p 00008000 3d8:ad14e 144132292263082299     /work2/11056/zwu/frontera/miniconda3/lib/libmana.so.1.0.59.0
2b2fa0700000-2b2fa0701000 rw-p 00009000 3d8:ad14e 144132292263082299     /work2/11056/zwu/frontera/miniconda3/lib/libmana.so.1.0.59.0
2b2fa0701000-2b2fa070a000 r--p 00000000 3d8:ad14e 144132292263082021     /work2/11056/zwu/frontera/miniconda3/lib/libmlx5.so.1.25.59.0
2b2fa070a000-2b2fa0769000 r-xp 00009000 3d8:ad14e 144132292263082021     /work2/11056/zwu/frontera/miniconda3/lib/libmlx5.so.1.25.59.0
2b2fa0769000-2b2fa077b000 r--p 00068000 3d8:ad14e 144132292263082021     /work2/11056/zwu/frontera/miniconda3/lib/libmlx5.so.1.25.59.0
2b2fa077b000-2b2fa077d000 r--p 00079000 3d8:ad14e 144132292263082021     /work2/11056/zwu/frontera/miniconda3/lib/libmlx5.so.1.25.59.0
2b2fa077d000-2b2fa077e000 rw-p 0007b000 3d8:ad14e 144132292263082021     /work2/11056/zwu/frontera/miniconda3/lib/libmlx5.so.1.25.59.0
2b2fa077e000-2b2fa0780000 rw-p 00000000 00:00 0 
2b2fa0780000-2b2fa0782000 r--p 00000000 3d8:ad14e 144132292263081823     /work2/11056/zwu/frontera/miniconda3/lib/libibverbs/libsiw-rdmav59.so
2b2fa0782000-2b2fa0784000 r-xp 00002000 3d8:ad14e 144132292263081823     /work2/11056/zwu/frontera/miniconda3/lib/libibverbs/libsiw-rdmav59.so
2b2fa0784000-2b2fa0785000 r--p 00004000 3d8:ad14e 144132292263081823     /work2/11056/zwu/frontera/miniconda3/lib/libibverbs/libsiw-rdmav59.so
2b2fa0785000-2b2fa0786000 r--p 00005000 3d8:ad14e 144132292263081823     /work2/11056/zwu/frontera/miniconda3/lib/libibverbs/libsiw-rdmav59.so
2b2fa0786000-2b2fa0787000 rw-p 00006000 3d8:ad14e 144132292263081823     /work2/11056/zwu/frontera/miniconda3/lib/libibverbs/libsiw-rdmav59.so
2b2fa0787000-2b2fa0789000 r--p 00000000 3d8:ad14e 144132292263081345     /work2/11056/zwu/frontera/miniconda3/lib/libibverbs/libmthca-rdmav59.so
2b2fa0789000-2b2fa078e000 r-xp 00002000 3d8:ad14e 144132292263081345     /work2/11056/zwu/frontera/miniconda3/lib/libibverbs/libmthca-rdmav59.so
2b2fa078e000-2b2fa0790000 r--p 00007000 3d8:ad14e 144132292263081345     /work2/11056/zwu/frontera/miniconda3/lib/libibverbs/libmthca-rdmav59.so
2b2fa0790000-2b2fa0791000 r--p 00008000 3d8:ad14e 144132292263081345     /work2/11056/zwu/frontera/miniconda3/lib/libibverbs/libmthca-rdmav59.so
2b2fa0791000-2b2fa0792000 rw-p 00009000 3d8:ad14e 144132292263081345     /work2/11056/zwu/frontera/miniconda3/lib/libibverbs/libmthca-rdmav59.so
2b2fa0792000-2b2fa0794000 r--p 00000000 3d8:ad14e 144132292263081621     /work2/11056/zwu/frontera/miniconda3/lib/libibverbs/libvmw_pvrdma-rdmav59.so
2b2fa0794000-2b2fa0796000 r-xp 00002000 3d8:ad14e 144132292263081621     /work2/11056/zwu/frontera/miniconda3/lib/libibverbs/libvmw_pvrdma-rdmav59.so
2b2fa0796000-2b2fa0797000 r--p 00004000 3d8:ad14e 144132292263081621     /work2/11056/zwu/frontera/miniconda3/lib/libibverbs/libvmw_pvrdma-rdmav59.so
2b2fa0797000-2b2fa0798000 r--p 00004000 3d8:ad14e 144132292263081621     /work2/11056/zwu/frontera/miniconda3/lib/libibverbs/libvmw_pvrdma-rdmav59.so
2b2fa0798000-2b2fa0799000 rw-p 00005000 3d8:ad14e 144132292263081621     /work2/11056/zwu/frontera/miniconda3/lib/libibverbs/libvmw_pvrdma-rdmav59.so
2b2fa0799000-2b2fa079c000 r--p 00000000 3d8:ad14e 144132292263082676     /work2/11056/zwu/frontera/miniconda3/lib/libmlx4.so.1.0.59.0
2b2fa079c000-2b2fa07a3000 r-xp 00003000 3d8:ad14e 144132292263082676     /work2/11056/zwu/frontera/miniconda3/lib/libmlx4.so.1.0.59.0
2b2fa07a3000-2b2fa07a5000 r--p 0000a000 3d8:ad14e 144132292263082676     /work2/11056/zwu/frontera/miniconda3/lib/libmlx4.so.1.0.59.0
2b2fa07a5000-2b2fa07a6000 r--p 0000c000 3d8:ad14e 144132292263082676     /work2/11056/zwu/frontera/miniconda3/lib/libmlx4.so.1.0.59.0
2b2fa07a6000-2b2fa07a7000 rw-p 0000d000 3d8:ad14e 144132292263082676     /work2/11056/zwu/frontera/miniconda3/lib/libmlx4.so.1.0.59.0
2b2fa07a7000-2b2fa07e1000 r-xp 00000000 fd:00 456863944                  /opt/intel/compilers_and_libraries_2020.4.304/linux/mpi/intel64/libfabric/lib/prov/libtcp-fi.so
2b2fa07e1000-2b2fa09e1000 ---p 0003a000 fd:00 456863944                  /opt/intel/compilers_and_libraries_2020.4.304/linux/mpi/intel64/libfabric/lib/prov/libtcp-fi.so
2b2fa09e1000-2b2fa09e4000 rw-p 0003a000 fd:00 456863944                  /opt/intel/compilers_and_libraries_2020.4.304/linux/mpi/intel64/libfabric/lib/prov/libtcp-fi.so
2b2fa09e4000-2b2fa0a36000 r-xp 00000000 fd:00 456863943                  /opt/intel/compilers_and_libraries_2020.4.304/linux/mpi/intel64/libfabric/lib/prov/libsockets-fi.so
2b2fa0a36000-2b2fa0c36000 ---p 00052000 fd:00 456863943                  /opt/intel/compilers_and_libraries_2020.4.304/linux/mpi/intel64/libfabric/lib/prov/libsockets-fi.so
2b2fa0c36000-2b2fa0c39000 rw-p 00052000 fd:00 456863943                  /opt/intel/compilers_and_libraries_2020.4.304/linux/mpi/intel64/libfabric/lib/prov/libsockets-fi.so
2b2fa0c39000-2b2fa0c76000 r-xp 00000000 fd:00 456863942                  /opt/intel/compilers_and_libraries_2020.4.304/linux/mpi/intel64/libfabric/lib/prov/libshm-fi.so
2b2fa0c76000-2b2fa0e75000 ---p 0003d000 fd:00 456863942                  /opt/intel/compilers_and_libraries_2020.4.304/linux/mpi/intel64/libfabric/lib/prov/libshm-fi.so
2b2fa0e75000-2b2fa0e78000 rw-p 0003c000 fd:00 456863942                  /opt/intel/compilers_and_libraries_2020.4.304/linux/mpi/intel64/libfabric/lib/prov/libshm-fi.so
2b2fa0e78000-2b2fa0ec3000 r-xp 00000000 fd:00 456863941                  /opt/intel/compilers_and_libraries_2020.4.304/linux/mpi/intel64/libfabric/lib/prov/librxm-fi.so
2b2fa0ec3000-2b2fa10c3000 ---p 0004b000 fd:00 456863941                  /opt/intel/compilers_and_libraries_2020.4.304/linux/mpi/intel64/libfabric/lib/prov/librxm-fi.so
2b2fa10c3000-2b2fa10c6000 rw-p 0004b000 fd:00 456863941                  /opt/intel/compilers_and_libraries_2020.4.304/linux/mpi/intel64/libfabric/lib/prov/librxm-fi.so
2b2fa10c6000-2b2fa1100000 r-xp 00000000 fd:00 456863939                  /opt/intel/compilers_and_libraries_2020.4.304/linux/mpi/intel64/libfabric/lib/prov/libmlx-fi.so
2b2fa1100000-2b2fa12ff000 ---p 0003a000 fd:00 456863939                  /opt/intel/compilers_and_libraries_2020.4.304/linux/mpi/intel64/libfabric/lib/prov/libmlx-fi.so
2b2fa12ff000-2b2fa1302000 rw-p 00039000 fd:00 456863939                  /opt/intel/compilers_and_libraries_2020.4.304/linux/mpi/intel64/libfabric/lib/prov/libmlx-fi.so
2b2fa1302000-2b2fa1323000 r--p 00000000 3d8:ad14e 144132292263080675     /work2/11056/zwu/frontera/miniconda3/lib/libucp.so.0.0.0
2b2fa1323000-2b2fa13b8000 r-xp 00021000 3d8:ad14e 144132292263080675     /work2/11056/zwu/frontera/miniconda3/lib/libucp.so.0.0.0
2b2fa13b8000-2b2fa13de000 r--p 000b6000 3d8:ad14e 144132292263080675     /work2/11056/zwu/frontera/miniconda3/lib/libucp.so.0.0.0
2b2fa13de000-2b2fa13e0000 r--p 000dc000 3d8:ad14e 144132292263080675     /work2/11056/zwu/frontera/miniconda3/lib/libucp.so.0.0.0
2b2fa13e0000-2b2fa13e6000 rw-p 000de000 3d8:ad14e 144132292263080675     /work2/11056/zwu/frontera/miniconda3/lib/libucp.so.0.0.0
2b2fa13e6000-2b2fa13fb000 r--p 00000000 3d8:ad14e 144132292263080519     /work2/11056/zwu/frontera/miniconda3/lib/libuct.so.0.0.0
2b2fa13fb000-2b2fa1412000 r-xp 00015000 3d8:ad14e 144132292263080519     /work2/11056/zwu/frontera/miniconda3/lib/libuct.so.0.0.0
2b2fa1412000-2b2fa141f000 r--p 0002c000 3d8:ad14e 144132292263080519     /work2/11056/zwu/frontera/miniconda3/lib/libuct.so.0.0.0
2b2fa141f000-2b2fa1421000 r--p 00038000 3d8:ad14e 144132292263080519     /work2/11056/zwu/frontera/miniconda3/lib/libuct.so.0.0.0
2b2fa1421000-2b2fa1425000 rw-p 0003a000 3d8:ad14e 144132292263080519     /work2/11056/zwu/frontera/miniconda3/lib/libuct.so.0.0.0
2b2fa1425000-2b2fa143b000 r--p 00000000 3d8:ad14e 144132292263083603     /work2/11056/zwu/frontera/miniconda3/lib/libucs.so.0.0.0
2b2fa143b000-2b2fa146c000 r-xp 00016000 3d8:ad14e 144132292263083603     /work2/11056/zwu/frontera/miniconda3/lib/libucs.so.0.0.0
2b2fa146c000-2b2fa1483000 r--p 00047000 3d8:ad14e 144132292263083603     /work2/11056/zwu/frontera/miniconda3/lib/libucs.so.0.0.0
2b2fa1483000-2b2fa1485000 r--p 0005e000 3d8:ad14e 144132292263083603     /work2/11056/zwu/frontera/miniconda3/lib/libucs.so.0.0.0
2b2fa1485000-2b2fa1488000 rw-p 00060000 3d8:ad14e 144132292263083603     /work2/11056/zwu/frontera/miniconda3/lib/libucs.so.0.0.0
2b2fa1488000-2b2fa148d000 rw-p 00000000 00:00 0 
2b2fa148d000-2b2fa1493000 r--p 00000000 3d8:ad14e 144132292263080791     /work2/11056/zwu/frontera/miniconda3/lib/libucm.so.0.0.0
2b2fa1493000-2b2fa14a1000 r-xp 00006000 3d8:ad14e 144132292263080791     /work2/11056/zwu/frontera/miniconda3/lib/libucm.so.0.0.0
2b2fa14a1000-2b2fa14a6000 r--p 00014000 3d8:ad14e 144132292263080791     /work2/11056/zwu/frontera/miniconda3/lib/libucm.so.0.0.0
2b2fa14a6000-2b2fa14a7000 r--p 00018000 3d8:ad14e 144132292263080791     /work2/11056/zwu/frontera/miniconda3/lib/libucm.so.0.0.0
2b2fa14a7000-2b2fa14a8000 rw-p 00019000 3d8:ad14e 144132292263080791     /work2/11056/zwu/frontera/miniconda3/lib/libucm.so.0.0.0
2b2fa14a8000-2b2fa14cc000 rw-p 00000000 00:00 0 
2b2fa14cc000-2b2fa14e0000 r--p 00000000 3d8:ad14e 144132292263080951     /work2/11056/zwu/frontera/miniconda3/lib/ucx/libuct_ib.so.0.0.0
2b2fa14e0000-2b2fa14fd000 r-xp 00014000 3d8:ad14e 144132292263080951     /work2/11056/zwu/frontera/miniconda3/lib/ucx/libuct_ib.so.0.0.0
2b2fa14fd000-2b2fa150c000 r--p 00031000 3d8:ad14e 144132292263080951     /work2/11056/zwu/frontera/miniconda3/lib/ucx/libuct_ib.so.0.0.0
2b2fa150c000-2b2fa150e000 r--p 0003f000 3d8:ad14e 144132292263080951     /work2/11056/zwu/frontera/miniconda3/lib/ucx/libuct_ib.so.0.0.0
2b2fa150e000-2b2fa1512000 rw-p 00041000 3d8:ad14e 144132292263080951     /work2/11056/zwu/frontera/miniconda3/lib/ucx/libuct_ib.so.0.0.0
2b2fa1512000-2b2fa1524000 r--p 00000000 3d8:ad14e 144132292263080801     /work2/11056/zwu/frontera/miniconda3/lib/ucx/libuct_ib_mlx5.so.0.0.0
2b2fa1524000-2b2fa1567000 r-xp 00012000 3d8:ad14e 144132292263080801     /work2/11056/zwu/frontera/miniconda3/lib/ucx/libuct_ib_mlx5.so.0.0.0
2b2fa1567000-2b2fa1577000 r--p 00055000 3d8:ad14e 144132292263080801     /work2/11056/zwu/frontera/miniconda3/lib/ucx/libuct_ib_mlx5.so.0.0.0
2b2fa1577000-2b2fa1579000 r--p 00064000 3d8:ad14e 144132292263080801     /work2/11056/zwu/frontera/miniconda3/lib/ucx/libuct_ib_mlx5.so.0.0.0
2b2fa1579000-2b2fa157c000 rw-p 00066000 3d8:ad14e 144132292263080801     /work2/11056/zwu/frontera/miniconda3/lib/ucx/libuct_ib_mlx5.so.0.0.0
2b2fa157c000-2b2fa1580000 r--p 00000000 3d8:ad14e 144132292263080663     /work2/11056/zwu/frontera/miniconda3/lib/ucx/libuct_ib_efa.so.0.0.0
2b2fa1580000-2b2fa1585000 r-xp 00004000 3d8:ad14e 144132292263080663     /work2/11056/zwu/frontera/miniconda3/lib/ucx/libuct_ib_efa.so.0.0.0
2b2fa1585000-2b2fa1587000 r--p 00009000 3d8:ad14e 144132292263080663     /work2/11056/zwu/frontera/miniconda3/lib/ucx/libuct_ib_efa.so.0.0.0
2b2fa1587000-2b2fa1588000 r--p 0000a000 3d8:ad14e 144132292263080663     /work2/11056/zwu/frontera/miniconda3/lib/ucx/libuct_ib_efa.so.0.0.0
2b2fa1588000-2b2fa1589000 rw-p 0000b000 3d8:ad14e 144132292263080663     /work2/11056/zwu/frontera/miniconda3/lib/ucx/libuct_ib_efa.so.0.0.0
2b2fa1589000-2b2fa158e000 r--p 00000000 3d8:ad14e 144132292263080749     /work2/11056/zwu/frontera/miniconda3/lib/ucx/libuct_rdmacm.so.0.0.0
2b2fa158e000-2b2fa1593000 r-xp 00005000 3d8:ad14e 144132292263080749     /work2/11056/zwu/frontera/miniconda3/lib/ucx/libuct_rdmacm.so.0.0.0
2b2fa1593000-2b2fa1596000 r--p 0000a000 3d8:ad14e 144132292263080749     /work2/11056/zwu/frontera/miniconda3/lib/ucx/libuct_rdmacm.so.0.0.0
2b2fa1596000-2b2fa1597000 r--p 0000c000 3d8:ad14e 144132292263080749     /work2/11056/zwu/frontera/miniconda3/lib/ucx/libuct_rdmacm.so.0.0.0
2b2fa1597000-2b2fa1598000 rw-p 0000d000 3d8:ad14e 144132292263080749     /work2/11056/zwu/frontera/miniconda3/lib/ucx/libuct_rdmacm.so.0.0.0
2b2fa1598000-2b2fa159b000 r--p 00000000 3d8:ad14e 144132292263080558     /work2/11056/zwu/frontera/miniconda3/lib/ucx/libuct_cma.so.0.0.0
2b2fa159b000-2b2fa159c000 r-xp 00003000 3d8:ad14e 144132292263080558     /work2/11056/zwu/frontera/miniconda3/lib/ucx/libuct_cma.so.0.0.0
2b2fa159c000-2b2fa159d000 r--p 00004000 3d8:ad14e 144132292263080558     /work2/11056/zwu/frontera/miniconda3/lib/ucx/libuct_cma.so.0.0.0
2b2fa159d000-2b2fa159e000 r--p 00004000 3d8:ad14e 144132292263080558     /work2/11056/zwu/frontera/miniconda3/lib/ucx/libuct_cma.so.0.0.0
2b2fa159e000-2b2fa159f000 rw-p 00005000 3d8:ad14e 144132292263080558     /work2/11056/zwu/frontera/miniconda3/lib/ucx/libuct_cma.so.0.0.0
2b2fa159f000-2b2fa15a0000 r--s 00500000 00:05 20596                      /dev/infiniband/uverbs0
2b2fa15a0000-2b2fa15a1000 r--s 00700000 00:05 20596                      /dev/infiniband/uverbs0
2b2fa15a1000-2b2fa15a2000 -w-s 00900000 00:05 20596                      /dev/infiniband/uverbs0
2b2fa15a2000-2b2fa15a3000 -w-s 00901000 00:05 20596                      /dev/infiniband/uverbs0
2b2fa15a3000-2b2fa15a4000 -w-s 00902000 00:05 20596                      /dev/infiniband/uverbs0
2b2fa15a4000-2b2fa15a5000 rw-s 00800000 00:05 20596                      /dev/infiniband/uverbs0
2b2fa15a5000-2b2fa1718000 rw-p 00000000 00:00 0 
2b2fa1718000-2b2fa171f000 r--s 00000000 fd:00 270519250                  /usr/lib64/gconv/gconv-modules.cache
2b2fa171f000-2b2fa1727000 rw-p 00000000 00:00 0 
2b2fa1727000-2b2fa1728000 -w-s 00900000 00:05 20596                      /dev/infiniband/uverbs0
2b2fa1728000-2b2fa1729000 ---p 00000000 00:00 0 
2b2fa1729000-2b2fa192a000 rw-p 00000000 00:00 0 
2b2fa192a000-2b2fa1b2a000 rw-p 00000000 00:00 0 
2b2fa1b2a000-2b2fa1ed6000 rw-p 00000000 00:00 0 
2b2fa1ed6000-2b2fa1ed8000 r--p 00000000 3d8:ad14e 144134765124013464     /work2/11056/zwu/frontera/miniconda3/envs/libyt/lib/python3.13/lib-dynload/grp.cpython-313-x86_64-linux-gnu.so
2b2fa1ed8000-2b2fa1ed9000 r-xp 00002000 3d8:ad14e 144134765124013464     /work2/11056/zwu/frontera/miniconda3/envs/libyt/lib/python3.13/lib-dynload/grp.cpython-313-x86_64-linux-gnu.so
2b2fa1ed9000-2b2fa1eda000 r--p 00003000 3d8:ad14e 144134765124013464     /work2/11056/zwu/frontera/miniconda3/envs/libyt/lib/python3.13/lib-dynload/grp.cpython-313-x86_64-linux-gnu.so
2b2fa1eda000-2b2fa1edb000 r--p 00003000 3d8:ad14e 144134765124013464     /work2/11056/zwu/frontera/miniconda3/envs/libyt/lib/python3.13/lib-dynload/grp.cpython-313-x86_64-linux-gnu.so
2b2fa1edb000-2b2fa1edc000 rw-p 00004000 3d8:ad14e 144134765124013464     /work2/11056/zwu/frontera/miniconda3/envs/libyt/lib/python3.13/lib-dynload/grp.cpython-313-x86_64-linux-gnu.so
2b2fa1edc000-2b2fa1edd000 -w-s 00903000 00:05 20596                      /dev/infiniband/uverbs0
2b2fa1edd000-2b2fa3fad000 rw-p 00000000 00:00 0 
2b2fa3fad000-2b2fa3fb3000 r--p 00000000 3d8:ad14e 144134765124012662     /work2/11056/zwu/frontera/miniconda3/envs/libyt/lib/python3.13/lib-dynload/_datetime.cpython-313-x86_64-linux-gnu.so
2b2fa3fb3000-2b2fa3fc6000 r-xp 00006000 3d8:ad14e 144134765124012662     /work2/11056/zwu/frontera/miniconda3/envs/libyt/lib/python3.13/lib-dynload/_datetime.cpython-313-x86_64-linux-gnu.so
2b2fa3fc6000-2b2fa3fcc000 r--p 00019000 3d8:ad14e 144134765124012662     /work2/11056/zwu/frontera/miniconda3/envs/libyt/lib/python3.13/lib-dynload/_datetime.cpython-313-x86_64-linux-gnu.so
2b2fa3fcc000-2b2fa3fcd000 r--p 0001f000 3d8:ad14e 144134765124012662     /work2/11056/zwu/frontera/miniconda3/envs/libyt/lib/python3.13/lib-dynload/_datetime.cpython-313-x86_64-linux-gnu.so
2b2fa3fcd000-2b2fa3fd0000 rw-p 00020000 3d8:ad14e 144134765124012662     /work2/11056/zwu/frontera/miniconda3/envs/libyt/lib/python3.13/lib-dynload/_datetime.cpython-313-x86_64-linux-gnu.so
2b2fa3fd0000-2b2fa3fd4000 r--p 00000000 3d8:ad14e 144134765124012639     /work2/11056/zwu/frontera/miniconda3/envs/libyt/lib/python3.13/lib-dynload/math.cpython-313-x86_64-linux-gnu.so
2b2fa3fd4000-2b2fa3fdd000 r-xp 00004000 3d8:ad14e 144134765124012639     /work2/11056/zwu/frontera/miniconda3/envs/libyt/lib/python3.13/lib-dynload/math.cpython-313-x86_64-linux-gnu.so
2b2fa3fdd000-2b2fa3fe2000 r--p 0000d000 3d8:ad14e 144134765124012639     /work2/11056/zwu/frontera/miniconda3/envs/libyt/lib/python3.13/lib-dynload/math.cpython-313-x86_64-linux-gnu.so
2b2fa3fe2000-2b2fa3fe3000 r--p 00012000 3d8:ad14e 144134765124012639     /work2/11056/zwu/frontera/miniconda3/envs/libyt/lib/python3.13/lib-dynload/math.cpython-313-x86_64-linux-gnu.so
2b2fa3fe3000-2b2fa3fe4000 rw-p 00013000 3d8:ad14e 144134765124012639     /work2/11056/zwu/frontera/miniconda3/envs/libyt/lib/python3.13/lib-dynload/math.cpython-313-x86_64-linux-gnu.so
2b2fa3fe4000-2b2fa3fe5000 r--p 00000000 3d8:ad14e 144134765124012357     /work2/11056/zwu/frontera/miniconda3/envs/libyt/lib/python3.13/lib-dynload/_contextvars.cpython-313-x86_64-linux-gnu.so
2b2fa3fe5000-2b2fa3fe6000 r-xp 00001000 3d8:ad14e 144134765124012357     /work2/11056/zwu/frontera/miniconda3/envs/libyt/lib/python3.13/lib-dynload/_contextvars.cpython-313-x86_64-linux-gnu.so
2b2fa3fe6000-2b2fa3fe7000 r--p 00002000 3d8:ad14e 144134765124012357     /work2/11056/zwu/frontera/miniconda3/envs/libyt/lib/python3.13/lib-dynload/_contextvars.cpython-313-x86_64-linux-gnu.so
2b2fa3fe7000-2b2fa3fe8000 r--p 00002000 3d8:ad14e 144134765124012357     /work2/11056/zwu/frontera/miniconda3/envs/libyt/lib/python3.13/lib-dynload/_contextvars.cpython-313-x86_64-linux-gnu.so
2b2fa3fe8000-2b2fa3fe9000 rw-p 00003000 3d8:ad14e 144134765124012357     /work2/11056/zwu/frontera/miniconda3/envs/libyt/lib/python3.13/lib-dynload/_contextvars.cpython-313-x86_64-linux-gnu.so
2b2fa3fe9000-2b2fa3feb000 r--p 00000000 3d8:ad14e 144134765124013245     /work2/11056/zwu/frontera/miniconda3/envs/libyt/lib/python3.13/lib-dynload/_opcode.cpython-313-x86_64-linux-gnu.so
2b2fa3feb000-2b2fa3fed000 r-xp 00002000 3d8:ad14e 144134765124013245     /work2/11056/zwu/frontera/miniconda3/envs/libyt/lib/python3.13/lib-dynload/_opcode.cpython-313-x86_64-linux-gnu.so
2b2fa3fed000-2b2fa3fee000 r--p 00004000 3d8:ad14e 144134765124013245     /work2/11056/zwu/frontera/miniconda3/envs/libyt/lib/python3.13/lib-dynload/_opcode.cpython-313-x86_64-linux-gnu.so
2b2fa3fee000-2b2fa3fef000 r--p 00005000 3d8:ad14e 144134765124013245     /work2/11056/zwu/frontera/miniconda3/envs/libyt/lib/python3.13/lib-dynload/_opcode.cpython-313-x86_64-linux-gnu.so
2b2fa3fef000-2b2fa3ff0000 rw-p 00006000 3d8:ad14e 144134765124013245     /work2/11056/zwu/frontera/miniconda3/envs/libyt/lib/python3.13/lib-dynload/_opcode.cpython-313-x86_64-linux-gnu.so
2b2fa3ff0000-2b2fa3ff4000 r--p 00000000 3d8:ad14e 144134765124012947     /work2/11056/zwu/frontera/miniconda3/envs/libyt/lib/python3.13/lib-dynload/_struct.cpython-313-x86_64-linux-gnu.so
2b2fa3ff4000-2b2fa3ff9000 r-xp 00004000 3d8:ad14e 144134765124012947     /work2/11056/zwu/frontera/miniconda3/envs/libyt/lib/python3.13/lib-dynload/_struct.cpython-313-x86_64-linux-gnu.so
2b2fa3ff9000-2b2fa3ffd000 r--p 00009000 3d8:ad14e 144134765124012947     /work2/11056/zwu/frontera/miniconda3/envs/libyt/lib/python3.13/lib-dynload/_struct.cpython-313-x86_64-linux-gnu.so
2b2fa3ffd000-2b2fa3ffe000 r--p 0000c000 3d8:ad14e 144134765124012947     /work2/11056/zwu/frontera/miniconda3/envs/libyt/lib/python3.13/lib-dynload/_struct.cpython-313-x86_64-linux-gnu.so
2b2fa3ffe000-2b2fa3fff000 rw-p 0000d000 3d8:ad14e 144134765124012947     /work2/11056/zwu/frontera/miniconda3/envs/libyt/lib/python3.13/lib-dynload/_struct.cpython-313-x86_64-linux-gnu.so
2b2fa3fff000-2b2fa4021000 rw-p 00000000 00:00 0 
2b2fa4021000-2b2fa8000000 ---p 00000000 00:00 0 
2b2fa8000000-2b2fa8200000 rw-p 00000000 00:00 0 
2b2fa8200000-2b2faa800000 rw-p 00000000 00:00 0 
2b2faa800000-2b2fb7511000 rw-p 00000000 00:00 0 
2b2fb7511000-2b2fbda54000 r--p 00000000 fd:00 270119473                  /usr/lib/locale/locale-archive
2b2fbda54000-2b2fbdc54000 rw-p 00000000 00:00 0 
2b2fbdc54000-2b2fbdc7e000 r--p 00000000 3d8:ad14e 144134765124016696     /work2/11056/zwu/frontera/miniconda3/envs/libyt/lib/python3.13/site-packages/numpy/_core/_multiarray_umath.cpython-313-x86_64-linux-gnu.so
2b2fbdc7e000-2b2fbe2e3000 r-xp 0002a000 3d8:ad14e 144134765124016696     /work2/11056/zwu/frontera/miniconda3/envs/libyt/lib/python3.13/site-packages/numpy/_core/_multiarray_umath.cpython-313-x86_64-linux-gnu.so
2b2fbe2e3000-2b2fbe462000 r--p 0068f000 3d8:ad14e 144134765124016696     /work2/11056/zwu/frontera/miniconda3/envs/libyt/lib/python3.13/site-packages/numpy/_core/_multiarray_umath.cpython-313-x86_64-linux-gnu.so
2b2fbe462000-2b2fbe466000 r--p 0080e000 3d8:ad14e 144134765124016696     /work2/11056/zwu/frontera/miniconda3/envs/libyt/lib/python3.13/site-packages/numpy/_core/_multiarray_umath.cpython-313-x86_64-linux-gnu.so
2b2fbe466000-2b2fbe487000 rw-p 00812000 3d8:ad14e 144134765124016696     /work2/11056/zwu/frontera/miniconda3/envs/libyt/lib/python3.13/site-packages/numpy/_core/_multiarray_umath.cpython-313-x86_64-linux-gnu.so
2b2fbe487000-2b2fbe49f000 rw-p 00000000 00:00 0 
2b2fbe49f000-2b2fbe60c000 r--p 00000000 3d8:ad14e 144134765124016387     /work2/11056/zwu/frontera/miniconda3/envs/libyt/lib/libopenblasp-r0.3.32.so
2b2fbe60c000-2b2fbe60d000 r-xp 0016d000 3d8:ad14e 144134765124016387     /work2/11056/zwu/frontera/miniconda3/envs/libyt/lib/libopenblasp-r0.3.32.so
2b2fbe60d000-2b2fbe60f000 ---p 0016e000 3d8:ad14e 144134765124016387     /work2/11056/zwu/frontera/miniconda3/envs/libyt/lib/libopenblasp-r0.3.32.so
2b2fbe60f000-2b2fc086e000 r-xp 00170000 3d8:ad14e 144134765124016387     /work2/11056/zwu/frontera/miniconda3/envs/libyt/lib/libopenblasp-r0.3.32.so
2b2fc086e000-2b2fc0abe000 r--p 023cf000 3d8:ad14e 144134765124016387     /work2/11056/zwu/frontera/miniconda3/envs/libyt/lib/libopenblasp-r0.3.32.so
2b2fc0abe000-2b2fc0ace000 r--p 0261e000 3d8:ad14e 144134765124016387     /work2/11056/zwu/frontera/miniconda3/envs/libyt/lib/libopenblasp-r0.3.32.so
2b2fc0ace000-2b2fc0ae6000 rw-p 0262e000 3d8:ad14e 144134765124016387     /work2/11056/zwu/frontera/miniconda3/envs/libyt/lib/libopenblasp-r0.3.32.so
2b2fc0ae6000-2b2fc0afb000 rw-p 00000000 00:00 0 
2b2fc0afb000-2b2fc8afb000 rw-p 00000000 00:00 0 
2b2fc8afb000-2b2fc8dfb000 rw-p 00000000 00:00 0 
2b2fc8dfb000-2b2fc8e00000 r--p 00000000 3d8:ad14e 144134765124010905     /work2/11056/zwu/frontera/miniconda3/envs/libyt/lib/python3.13/lib-dynload/_pickle.cpython-313-x86_64-linux-gnu.so
2b2fc8e00000-2b2fc8e12000 r-xp 00005000 3d8:ad14e 144134765124010905     /work2/11056/zwu/frontera/miniconda3/envs/libyt/lib/python3.13/lib-dynload/_pickle.cpython-313-x86_64-linux-gnu.so
2b2fc8e12000-2b2fc8e18000 r--p 00017000 3d8:ad14e 144134765124010905     /work2/11056/zwu/frontera/miniconda3/envs/libyt/lib/python3.13/lib-dynload/_pickle.cpython-313-x86_64-linux-gnu.so
2b2fc8e18000-2b2fc8e19000 r--p 0001d000 3d8:ad14e 144134765124010905     /work2/11056/zwu/frontera/miniconda3/envs/libyt/lib/python3.13/lib-dynload/_pickle.cpython-313-x86_64-linux-gnu.so
2b2fc8e19000-2b2fc8e1a000 rw-p 0001e000 3d8:ad14e 144134765124010905     /work2/11056/zwu/frontera/miniconda3/envs/libyt/lib/python3.13/lib-dynload/_pickle.cpython-313-x86_64-linux-gnu.so
2b2fc8e1a000-2b2fc8f1a000 rw-p 00000000 00:00 0 
2b2fc8f1a000-2b2fc8f21000 r--p 00000000 3d8:ad14e 144134765124012987     /work2/11056/zwu/frontera/miniconda3/envs/libyt/lib/python3.13/lib-dynload/_ctypes.cpython-313-x86_64-linux-gnu.so
2b2fc8f21000-2b2fc8f31000 r-xp 00007000 3d8:ad14e 144134765124012987     /work2/11056/zwu/frontera/miniconda3/envs/libyt/lib/python3.13/lib-dynload/_ctypes.cpython-313-x86_64-linux-gnu.so
2b2fc8f31000-2b2fc8f38000 r--p 00017000 3d8:ad14e 144134765124012987     /work2/11056/zwu/frontera/miniconda3/envs/libyt/lib/python3.13/lib-dynload/_ctypes.cpython-313-x86_64-linux-gnu.so
2b2fc8f38000-2b2fc8f39000 r--p 0001e000 3d8:ad14e 144134765124012987     /work2/11056/zwu/frontera/miniconda3/envs/libyt/lib/python3.13/lib-dynload/_ctypes.cpython-313-x86_64-linux-gnu.so
2b2fc8f39000-2b2fc8f3b000 rw-p 0001f000 3d8:ad14e 144134765124012987     /work2/11056/zwu/frontera/miniconda3/envs/libyt/lib/python3.13/lib-dynload/_ctypes.cpython-313-x86_64-linux-gnu.so
2b2fc8f3b000-2b2fc8f3d000 r--p 00000000 3d8:ad14e 144134765124010366     /work2/11056/zwu/frontera/miniconda3/envs/libyt/lib/libffi.so.8.2.0
2b2fc8f3d000-2b2fc8f43000 r-xp 00002000 3d8:ad14e 144134765124010366     /work2/11056/zwu/frontera/miniconda3/envs/libyt/lib/libffi.so.8.2.0
2b2fc8f43000-2b2fc8f45000 r--p 00008000 3d8:ad14e 144134765124010366     /work2/11056/zwu/frontera/miniconda3/envs/libyt/lib/libffi.so.8.2.0
2b2fc8f45000-2b2fc8f46000 r--p 00009000 3d8:ad14e 144134765124010366     /work2/11056/zwu/frontera/miniconda3/envs/libyt/lib/libffi.so.8.2.0
2b2fc8f46000-2b2fc8f47000 rw-p 0000a000 3d8:ad14e 144134765124010366     /work2/11056/zwu/frontera/miniconda3/envs/libyt/lib/libffi.so.8.2.0
2b2fc8f47000-2b2fc8f4a000 r--p 00000000 3d8:ad14e 144134765124017909     /work2/11056/zwu/frontera/miniconda3/envs/libyt/lib/python3.13/site-packages/numpy/linalg/_umath_linalg.cpython-313-x86_64-linux-gnu.so
2b2fc8f4a000-2b2fc8f65000 r-xp 00003000 3d8:ad14e 144134765124017909     /work2/11056/zwu/frontera/miniconda3/envs/libyt/lib/python3.13/site-packages/numpy/linalg/_umath_linalg.cpython-313-x86_64-linux-gnu.so
2b2fc8f65000-2b2fc8f69000 r--p 0001e000 3d8:ad14e 144134765124017909     /work2/11056/zwu/frontera/miniconda3/envs/libyt/lib/python3.13/site-packages/numpy/linalg/_umath_linalg.cpython-313-x86_64-linux-gnu.so
2b2fc8f69000-2b2fc8f6a000 r--p 00021000 3d8:ad14e 144134765124017909     /work2/11056/zwu/frontera/miniconda3/envs/libyt/lib/python3.13/site-packages/numpy/linalg/_umath_linalg.cpython-313-x86_64-linux-gnu.so
2b2fc8f6a000-2b2fc8f6b000 rw-p 00022000 3d8:ad14e 144134765124017909     /work2/11056/zwu/frontera/miniconda3/envs/libyt/lib/python3.13/site-packages/numpy/linalg/_umath_linalg.cpython-313-x86_64-linux-gnu.so
2b2fc8f6b000-2b2fc916b000 rw-p 00000000 00:00 0 
2b2fc916b000-2b2fc916e000 r--p 00000000 3d8:ad14e 144134765124013208     /work2/11056/zwu/frontera/miniconda3/envs/libyt/lib/python3.13/lib-dynload/_json.cpython-313-x86_64-linux-gnu.so
2b2fc916e000-2b2fc9174000 r-xp 00003000 3d8:ad14e 144134765124013208     /work2/11056/zwu/frontera/miniconda3/envs/libyt/lib/python3.13/lib-dynload/_json.cpython-313-x86_64-linux-gnu.so
2b2fc9174000-2b2fc9176000 r--p 00009000 3d8:ad14e 144134765124013208     /work2/11056/zwu/frontera/miniconda3/envs/libyt/lib/python3.13/lib-dynload/_json.cpython-313-x86_64-linux-gnu.so
2b2fc9176000-2b2fc9177000 r--p 0000a000 3d8:ad14e 144134765124013208     /work2/11056/zwu/frontera/miniconda3/envs/libyt/lib/python3.13/lib-dynload/_json.cpython-313-x86_64-linux-gnu.so
2b2fc9177000-2b2fc9178000 rw-p 0000b000 3d8:ad14e 144134765124013208     /work2/11056/zwu/frontera/miniconda3/envs/libyt/lib/python3.13/lib-dynload/_json.cpython-313-x86_64-linux-gnu.so
2b2fc9178000-2b2fc917c000 r--p 00000000 3d8:ad14e 144134765124011709     /work2/11056/zwu/frontera/miniconda3/envs/libyt/lib/python3.13/lib-dynload/_hashlib.cpython-313-x86_64-linux-gnu.so
2b2fc917c000-2b2fc9182000 r-xp 00004000 3d8:ad14e 144134765124011709     /work2/11056/zwu/frontera/miniconda3/envs/libyt/lib/python3.13/lib-dynload/_hashlib.cpython-313-x86_64-linux-gnu.so
2b2fc9182000-2b2fc9186000 r--p 0000a000 3d8:ad14e 144134765124011709     /work2/11056/zwu/frontera/miniconda3/envs/libyt/lib/python3.13/lib-dynload/_hashlib.cpython-313-x86_64-linux-gnu.so
2b2fc9186000-2b2fc9187000 r--p 0000e000 3d8:ad14e 144134765124011709     /work2/11056/zwu/frontera/miniconda3/envs/libyt/lib/python3.13/lib-dynload/_hashlib.cpython-313-x86_64-linux-gnu.so
2b2fc9187000-2b2fc9188000 rw-p 0000f000 3d8:ad14e 144134765124011709     /work2/11056/zwu/frontera/miniconda3/envs/libyt/lib/python3.13/lib-dynload/_hashlib.cpython-313-x86_64-linux-gnu.so
2b2fc9188000-2b2fc9277000 r--p 00000000 3d8:ad14e 144134765124014059     /work2/11056/zwu/frontera/miniconda3/envs/libyt/lib/libcrypto.so.3
2b2fc9277000-2b2fc95da000 r-xp 000ef000 3d8:ad14e 144134765124014059     /work2/11056/zwu/frontera/miniconda3/envs/libyt/lib/libcrypto.so.3
2b2fc95da000-2b2fc9711000 r--p 00452000 3d8:ad14e 144134765124014059     /work2/11056/zwu/frontera/miniconda3/envs/libyt/lib/libcrypto.so.3
2b2fc9711000-2b2fc9793000 r--p 00588000 3d8:ad14e 144134765124014059     /work2/11056/zwu/frontera/miniconda3/envs/libyt/lib/libcrypto.so.3
2b2fc9793000-2b2fc9796000 rw-p 0060a000 3d8:ad14e 144134765124014059     /work2/11056/zwu/frontera/miniconda3/envs/libyt/lib/libcrypto.so.3
2b2fc9796000-2b2fc9799000 rw-p 00000000 00:00 0 
2b2fc9799000-2b2fc979b000 r--p 00000000 3d8:ad14e 144134765124013472     /work2/11056/zwu/frontera/miniconda3/envs/libyt/lib/python3.13/lib-dynload/_blake2.cpython-313-x86_64-linux-gnu.so
2b2fc979b000-2b2fc97a2000 r-xp 00002000 3d8:ad14e 144134765124013472     /work2/11056/zwu/frontera/miniconda3/envs/libyt/lib/python3.13/lib-dynload/_blake2.cpython-313-x86_64-linux-gnu.so
2b2fc97a2000-2b2fc97a4000 r--p 00009000 3d8:ad14e 144134765124013472     /work2/11056/zwu/frontera/miniconda3/envs/libyt/lib/python3.13/lib-dynload/_blake2.cpython-313-x86_64-linux-gnu.so
2b2fc97a4000-2b2fc97a5000 r--p 0000a000 3d8:ad14e 144134765124013472     /work2/11056/zwu/frontera/miniconda3/envs/libyt/lib/python3.13/lib-dynload/_blake2.cpython-313-x86_64-linux-gnu.so
2b2fc97a5000-2b2fc97a6000 rw-p 0000b000 3d8:ad14e 144134765124013472     /work2/11056/zwu/frontera/miniconda3/envs/libyt/lib/python3.13/lib-dynload/_blake2.cpython-313-x86_64-linux-gnu.so
2b2fc97a6000-2b2fc97a8000 r--p 00000000 3d8:ad14e 144134765124012000     /work2/11056/zwu/frontera/miniconda3/envs/libyt/lib/python3.13/lib-dynload/_bisect.cpython-313-x86_64-linux-gnu.so
2b2fc97a8000-2b2fc97aa000 r-xp 00002000 3d8:ad14e 144134765124012000     /work2/11056/zwu/frontera/miniconda3/envs/libyt/lib/python3.13/lib-dynload/_bisect.cpython-313-x86_64-linux-gnu.so
2b2fc97aa000-2b2fc97ab000 r--p 00004000 3d8:ad14e 144134765124012000     /work2/11056/zwu/frontera/miniconda3/envs/libyt/lib/python3.13/lib-dynload/_bisect.cpython-313-x86_64-linux-gnu.so
2b2fc97ab000-2b2fc97ac000 r--p 00005000 3d8:ad14e 144134765124012000     /work2/11056/zwu/frontera/miniconda3/envs/libyt/lib/python3.13/lib-dynload/_bisect.cpython-313-x86_64-linux-gnu.so
2b2fc97ac000-2b2fc97ad000 rw-p 00006000 3d8:ad14e 144134765124012000     /work2/11056/zwu/frontera/miniconda3/envs/libyt/lib/python3.13/lib-dynload/_bisect.cpython-313-x86_64-linux-gnu.so
2b2fc97ad000-2b2fc97c1000 r--p 00000000 3d8:ad14e 144134765124033590     /work2/11056/zwu/frontera/miniconda3/envs/libyt/lib/python3.13/site-packages/gmpy2/gmpy2.cpython-313-x86_64-linux-gnu.so
2b2fc97c1000-2b2fc9831000 r-xp 00014000 3d8:ad14e 144134765124033590     /work2/11056/zwu/frontera/miniconda3/envs/libyt/lib/python3.13/site-packages/gmpy2/gmpy2.cpython-313-x86_64-linux-gnu.so
2b2fc9831000-2b2fc9854000 r--p 00084000 3d8:ad14e 144134765124033590     /work2/11056/zwu/frontera/miniconda3/envs/libyt/lib/python3.13/site-packages/gmpy2/gmpy2.cpython-313-x86_64-linux-gnu.so
2b2fc9854000-2b2fc9856000 r--p 000a6000 3d8:ad14e 144134765124033590     /work2/11056/zwu/frontera/miniconda3/envs/libyt/lib/python3.13/site-packages/gmpy2/gmpy2.cpython-313-x86_64-linux-gnu.so
2b2fc9856000-2b2fc985c000 rw-p 000a8000 3d8:ad14e 144134765124033590     /work2/11056/zwu/frontera/miniconda3/envs/libyt/lib/python3.13/site-packages/gmpy2/gmpy2.cpython-313-x86_64-linux-gnu.so
2b2fc985c000-2b2fc9863000 r--p 00000000 3d8:ad14e 144134765124034231     /work2/11056/zwu/frontera/miniconda3/envs/libyt/lib/libmpc.so.3.4.0
2b2fc9863000-2b2fc987a000 r-xp 00007000 3d8:ad14e 144134765124034231     /work2/11056/zwu/frontera/miniconda3/envs/libyt/lib/libmpc.so.3.4.0
2b2fc987a000-2b2fc987d000 r--p 0001e000 3d8:ad14e 144134765124034231     /work2/11056/zwu/frontera/miniconda3/envs/libyt/lib/libmpc.so.3.4.0
2b2fc987d000-2b2fc987e000 r--p 00021000 3d8:ad14e 144134765124034231     /work2/11056/zwu/frontera/miniconda3/envs/libyt/lib/libmpc.so.3.4.0
2b2fc987e000-2b2fc987f000 rw-p 00022000 3d8:ad14e 144134765124034231     /work2/11056/zwu/frontera/miniconda3/envs/libyt/lib/libmpc.so.3.4.0
2b2fc987f000-2b2fc988f000 r--p 00000000 3d8:ad14e 144134765124031173     /work2/11056/zwu/frontera/miniconda3/envs/libyt/lib/libmpfr.so.6.2.2
2b2fc988f000-2b2fc991b000 r-xp 00010000 3d8:ad14e 144134765124031173     /work2/11056/zwu/frontera/miniconda3/envs/libyt/lib/libmpfr.so.6.2.2
2b2fc991b000-2b2fc9931000 r--p 0009c000 3d8:ad14e 144134765124031173     /work2/11056/zwu/frontera/miniconda3/envs/libyt/lib/libmpfr.so.6.2.2
2b2fc9931000-2b2fc9934000 r--p 000b1000 3d8:ad14e 144134765124031173     /work2/11056/zwu/frontera/miniconda3/envs/libyt/lib/libmpfr.so.6.2.2
2b2fc9934000-2b2fc993d000 rw-p 000b4000 3d8:ad14e 144134765124031173     /work2/11056/zwu/frontera/miniconda3/envs/libyt/lib/libmpfr.so.6.2.2
2b2fc993d000-2b2fc9950000 r--p 00000000 3d8:ad14e 144131832097572289     /work2/11056/zwu/frontera/miniconda3/envs/libyt/lib/libgmp.so.10.5.0
2b2fc9950000-2b2fc99cb000 r-xp 00013000 3d8:ad14e 144131832097572289     /work2/11056/zwu/frontera/miniconda3/envs/libyt/lib/libgmp.so.10.5.0
2b2fc99cb000-2b2fc99e2000 r--p 0008e000 3d8:ad14e 144131832097572289     /work2/11056/zwu/frontera/miniconda3/envs/libyt/lib/libgmp.so.10.5.0
2b2fc99e2000-2b2fc99e4000 r--p 000a5000 3d8:ad14e 144131832097572289     /work2/11056/zwu/frontera/miniconda3/envs/libyt/lib/libgmp.so.10.5.0
2b2fc99e4000-2b2fc99e5000 rw-p 000a7000 3d8:ad14e 144131832097572289     /work2/11056/zwu/frontera/miniconda3/envs/libyt/lib/libgmp.so.10.5.0
2b2fc99e5000-2b2fc99e7000 r--p 00000000 3d8:ad14e 144134765124013768     /work2/11056/zwu/frontera/miniconda3/envs/libyt/lib/python3.13/lib-dynload/binascii.cpython-313-x86_64-linux-gnu.so
2b2fc99e7000-2b2fc99ea000 r-xp 00002000 3d8:ad14e 144134765124013768     /work2/11056/zwu/frontera/miniconda3/envs/libyt/lib/python3.13/lib-dynload/binascii.cpython-313-x86_64-linux-gnu.so
2b2fc99ea000-2b2fc99ec000 r--p 00005000 3d8:ad14e 144134765124013768     /work2/11056/zwu/frontera/miniconda3/envs/libyt/lib/python3.13/lib-dynload/binascii.cpython-313-x86_64-linux-gnu.so
2b2fc99ec000-2b2fc99ed000 r--p 00006000 3d8:ad14e 144134765124013768     /work2/11056/zwu/frontera/miniconda3/envs/libyt/lib/python3.13/lib-dynload/binascii.cpython-313-x86_64-linux-gnu.so
2b2fc99ed000-2b2fc99ee000 rw-p 00007000 3d8:ad14e 144134765124013768     /work2/11056/zwu/frontera/miniconda3/envs/libyt/lib/python3.13/lib-dynload/binascii.cpython-313-x86_64-linux-gnu.so
2b2fc99ee000-2b2fc9aee000 rw-p 00000000 00:00 0 
2b2fc9aee000-2b2fc9af1000 r--p 00000000 3d8:ad14e 144134765124011395     /work2/11056/zwu/frontera/miniconda3/envs/libyt/lib/python3.13/lib-dynload/zlib.cpython-313-x86_64-linux-gnu.so
2b2fc9af1000-2b2fc9af5000 r-xp 00003000 3d8:ad14e 144134765124011395     /work2/11056/zwu/frontera/miniconda3/envs/libyt/lib/python3.13/lib-dynload/zlib.cpython-313-x86_64-linux-gnu.so
2b2fc9af5000-2b2fc9af8000 r--p 00007000 3d8:ad14e 144134765124011395     /work2/11056/zwu/frontera/miniconda3/envs/libyt/lib/python3.13/lib-dynload/zlib.cpython-313-x86_64-linux-gnu.so
2b2fc9af8000-2b2fc9af9000 r--p 0000a000 3d8:ad14e 144134765124011395     /work2/11056/zwu/frontera/miniconda3/envs/libyt/lib/python3.13/lib-dynload/zlib.cpython-313-x86_64-linux-gnu.so
2b2fc9af9000-2b2fc9afa000 rw-p 0000b000 3d8:ad14e 144134765124011395     /work2/11056/zwu/frontera/miniconda3/envs/libyt/lib/python3.13/lib-dynload/zlib.cpython-313-x86_64-linux-gnu.so
2b2fc9afa000-2b2fc9afc000 r--p 00000000 3d8:ad14e 144134765124013573     /work2/11056/zwu/frontera/miniconda3/envs/libyt/lib/python3.13/lib-dynload/_bz2.cpython-313-x86_64-linux-gnu.so
2b2fc9afc000-2b2fc9afe000 r-xp 00002000 3d8:ad14e 144134765124013573     /work2/11056/zwu/frontera/miniconda3/envs/libyt/lib/python3.13/lib-dynload/_bz2.cpython-313-x86_64-linux-gnu.so
2b2fc9afe000-2b2fc9b00000 r--p 00004000 3d8:ad14e 144134765124013573     /work2/11056/zwu/frontera/miniconda3/envs/libyt/lib/python3.13/lib-dynload/_bz2.cpython-313-x86_64-linux-gnu.so
2b2fc9b00000-2b2fc9b01000 r--p 00005000 3d8:ad14e 144134765124013573     /work2/11056/zwu/frontera/miniconda3/envs/libyt/lib/python3.13/lib-dynload/_bz2.cpython-313-x86_64-linux-gnu.so
2b2fc9b01000-2b2fc9b02000 rw-p 00006000 3d8:ad14e 144134765124013573     /work2/11056/zwu/frontera/miniconda3/envs/libyt/lib/python3.13/lib-dynload/_bz2.cpython-313-x86_64-linux-gnu.so
2b2fc9b02000-2b2fc9b04000 r--p 00000000 3d8:ad14e 144134765124009983     /work2/11056/zwu/frontera/miniconda3/envs/libyt/lib/libbz2.so.1.0.8
2b2fc9b04000-2b2fc9b13000 r-xp 00002000 3d8:ad14e 144134765124009983     /work2/11056/zwu/frontera/miniconda3/envs/libyt/lib/libbz2.so.1.0.8
2b2fc9b13000-2b2fc9b15000 r--p 00011000 3d8:ad14e 144134765124009983     /work2/11056/zwu/frontera/miniconda3/envs/libyt/lib/libbz2.so.1.0.8
2b2fc9b15000-2b2fc9b16000 r--p 00012000 3d8:ad14e 144134765124009983     /work2/11056/zwu/frontera/miniconda3/envs/libyt/lib/libbz2.so.1.0.8
2b2fc9b16000-2b2fc9b17000 rw-p 00013000 3d8:ad14e 144134765124009983     /work2/11056/zwu/frontera/miniconda3/envs/libyt/lib/libbz2.so.1.0.8
2b2fc9b17000-2b2fc9b1a000 r--p 00000000 3d8:ad14e 144134765124012860     /work2/11056/zwu/frontera/miniconda3/envs/libyt/lib/python3.13/lib-dynload/_lzma.cpython-313-x86_64-linux-gnu.so
2b2fc9b1a000-2b2fc9b1e000 r-xp 00003000 3d8:ad14e 144134765124012860     /work2/11056/zwu/frontera/miniconda3/envs/libyt/lib/python3.13/lib-dynload/_lzma.cpython-313-x86_64-linux-gnu.so
2b2fc9b1e000-2b2fc9b21000 r--p 00007000 3d8:ad14e 144134765124012860     /work2/11056/zwu/frontera/miniconda3/envs/libyt/lib/python3.13/lib-dynload/_lzma.cpython-313-x86_64-linux-gnu.so
2b2fc9b21000-2b2fc9b22000 r--p 00009000 3d8:ad14e 144134765124012860     /work2/11056/zwu/frontera/miniconda3/envs/libyt/lib/python3.13/lib-dynload/_lzma.cpython-313-x86_64-linux-gnu.so
2b2fc9b22000-2b2fc9b23000 rw-p 0000a000 3d8:ad14e 144134765124012860     /work2/11056/zwu/frontera/miniconda3/envs/libyt/lib/python3.13/lib-dynload/_lzma.cpython-313-x86_64-linux-gnu.so
2b2fc9b23000-2b2fc9b28000 r--p 00000000 3d8:ad14e 144134765124010171     /work2/11056/zwu/frontera/miniconda3/envs/libyt/lib/liblzma.so.5
2b2fc9b28000-2b2fc9b46000 r-xp 00005000 3d8:ad14e 144134765124010171     /work2/11056/zwu/frontera/miniconda3/envs/libyt/lib/liblzma.so.5
2b2fc9b46000-2b2fc9b52000 r--p 00023000 3d8:ad14e 144134765124010171     /work2/11056/zwu/frontera/miniconda3/envs/libyt/lib/liblzma.so.5
2b2fc9b52000-2b2fc9b53000 r--p 0002f000 3d8:ad14e 144134765124010171     /work2/11056/zwu/frontera/miniconda3/envs/libyt/lib/liblzma.so.5
2b2fc9b53000-2b2fc9b54000 rw-p 00030000 3d8:ad14e 144134765124010171     /work2/11056/zwu/frontera/miniconda3/envs/libyt/lib/liblzma.so.5
2b2fc9b54000-2b2fc9b56000 r--p 00000000 3d8:ad14e 144134765124013736     /work2/11056/zwu/frontera/miniconda3/envs/libyt/lib/python3.13/lib-dynload/_random.cpython-313-x86_64-linux-gnu.so
2b2fc9b56000-2b2fc9b58000 r-xp 00002000 3d8:ad14e 144134765124013736     /work2/11056/zwu/frontera/miniconda3/envs/libyt/lib/python3.13/lib-dynload/_random.cpython-313-x86_64-linux-gnu.so
2b2fc9b58000-2b2fc9b59000 r--p 00004000 3d8:ad14e 144134765124013736     /work2/11056/zwu/frontera/miniconda3/envs/libyt/lib/python3.13/lib-dynload/_random.cpython-313-x86_64-linux-gnu.so
2b2fc9b59000-2b2fc9b5a000 r--p 00004000 3d8:ad14e 144134765124013736     /work2/11056/zwu/frontera/miniconda3/envs/libyt/lib/python3.13/lib-dynload/_random.cpython-313-x86_64-linux-gnu.so
2b2fc9b5a000-2b2fc9b5b000 rw-p 00005000 3d8:ad14e 144134765124013736     /work2/11056/zwu/frontera/miniconda3/envs/libyt/lib/python3.13/lib-dynload/_random.cpython-313-x86_64-linux-gnu.so
2b2fc9b5b000-2b2fc9c5b000 rw-p 00000000 00:00 0 
2b2fc9c5b000-2b2fc9c5d000 r--p 00000000 3d8:ad14e 144134765124011825     /work2/11056/zwu/frontera/miniconda3/envs/libyt/lib/python3.13/lib-dynload/cmath.cpython-313-x86_64-linux-gnu.so
2b2fc9c5d000-2b2fc9c66000 r-xp 00002000 3d8:ad14e 144134765124011825     /work2/11056/zwu/frontera/miniconda3/envs/libyt/lib/python3.13/lib-dynload/cmath.cpython-313-x86_64-linux-gnu.so
2b2fc9c66000-2b2fc9c68000 r--p 0000b000 3d8:ad14e 144134765124011825     /work2/11056/zwu/frontera/miniconda3/envs/libyt/lib/python3.13/lib-dynload/cmath.cpython-313-x86_64-linux-gnu.so
2b2fc9c68000-2b2fc9c69000 r--p 0000c000 3d8:ad14e 144134765124011825     /work2/11056/zwu/frontera/miniconda3/envs/libyt/lib/python3.13/lib-dynload/cmath.cpython-313-x86_64-linux-gnu.so
2b2fc9c69000-2b2fc9c6a000 rw-p 0000d000 3d8:ad14e 144134765124011825     /work2/11056/zwu/frontera/miniconda3/envs/libyt/lib/python3.13/lib-dynload/cmath.cpython-313-x86_64-linux-gnu.so
2b2fc9c6a000-2b2fc9f6c000 rw-p 00000000 00:00 0 
2b2fc9f6c000-2b2fc9f75000 r--p 00000000 3d8:ad14e 144134765124012030     /work2/11056/zwu/frontera/miniconda3/envs/libyt/lib/python3.13/lib-dynload/_decimal.cpython-313-x86_64-linux-gnu.so
2b2fc9f75000-2b2fc9f8b000 r-xp 00009000 3d8:ad14e 144134765124012030     /work2/11056/zwu/frontera/miniconda3/envs/libyt/lib/python3.13/lib-dynload/_decimal.cpython-313-x86_64-linux-gnu.so
2b2fc9f8b000-2b2fc9f98000 r--p 0001f000 3d8:ad14e 144134765124012030     /work2/11056/zwu/frontera/miniconda3/envs/libyt/lib/python3.13/lib-dynload/_decimal.cpython-313-x86_64-linux-gnu.so
2b2fc9f98000-2b2fc9f99000 r--p 0002b000 3d8:ad14e 144134765124012030     /work2/11056/zwu/frontera/miniconda3/envs/libyt/lib/python3.13/lib-dynload/_decimal.cpython-313-x86_64-linux-gnu.so
2b2fc9f99000-2b2fc9f9c000 rw-p 0002c000 3d8:ad14e 144134765124012030     /work2/11056/zwu/frontera/miniconda3/envs/libyt/lib/python3.13/lib-dynload/_decimal.cpython-313-x86_64-linux-gnu.so
2b2fc9f9c000-2b2fc9fa4000 r--p 00000000 3d8:ad14e 144134765124010257     /work2/11056/zwu/frontera/miniconda3/envs/libyt/lib/libmpdec.so.4.0.0
2b2fc9fa4000-2b2fc9fc5000 r-xp 00008000 3d8:ad14e 144134765124010257     /work2/11056/zwu/frontera/miniconda3/envs/libyt/lib/libmpdec.so.4.0.0
2b2fc9fc5000-2b2fc9fcc000 r--p 00029000 3d8:ad14e 144134765124010257     /work2/11056/zwu/frontera/miniconda3/envs/libyt/lib/libmpdec.so.4.0.0
2b2fc9fcc000-2b2fc9fcd000 r--p 00030000 3d8:ad14e 144134765124010257     /work2/11056/zwu/frontera/miniconda3/envs/libyt/lib/libmpdec.so.4.0.0
2b2fc9fcd000-2b2fc9fce000 rw-p 00031000 3d8:ad14e 144134765124010257     /work2/11056/zwu/frontera/miniconda3/envs/libyt/lib/libmpdec.so.4.0.0
2b2fc9fce000-2b2fca3ce000 rw-p 00000000 00:00 0 
2b2fca3ce000-2b2fca3d2000 r--p 00000000 3d8:ad14e 144134765124013676     /work2/11056/zwu/frontera/miniconda3/envs/libyt/lib/python3.13/lib-dynload/array.cpython-313-x86_64-linux-gnu.so
2b2fca3d2000-2b2fca3d9000 r-xp 00004000 3d8:ad14e 144134765124013676     /work2/11056/zwu/frontera/miniconda3/envs/libyt/lib/python3.13/lib-dynload/array.cpython-313-x86_64-linux-gnu.so
2b2fca3d9000-2b2fca3de000 r--p 0000b000 3d8:ad14e 144134765124013676     /work2/11056/zwu/frontera/miniconda3/envs/libyt/lib/python3.13/lib-dynload/array.cpython-313-x86_64-linux-gnu.so
2b2fca3de000-2b2fca3df000 r--p 0000f000 3d8:ad14e 144134765124013676     /work2/11056/zwu/frontera/miniconda3/envs/libyt/lib/python3.13/lib-dynload/array.cpython-313-x86_64-linux-gnu.so
2b2fca3df000-2b2fca3e0000 rw-p 00010000 3d8:ad14e 144134765124013676     /work2/11056/zwu/frontera/miniconda3/envs/libyt/lib/python3.13/lib-dynload/array.cpython-313-x86_64-linux-gnu.so
2b2fca3e0000-2b2fca4e0000 rw-p 00000000 00:00 0 
2b2fca4e0000-2b2fca4e3000 r--p 00000000 3d8:ad14e 144134765124013795     /work2/11056/zwu/frontera/miniconda3/envs/libyt/lib/python3.13/lib-dynload/unicodedata.cpython-313-x86_64-linux-gnu.so
2b2fca4e3000-2b2fca4e7000 r-xp 00003000 3d8:ad14e 144134765124013795     /work2/11056/zwu/frontera/miniconda3/envs/libyt/lib/python3.13/lib-dynload/unicodedata.cpython-313-x86_64-linux-gnu.so
2b2fca4e7000-2b2fca58a000 r--p 00007000 3d8:ad14e 144134765124013795     /work2/11056/zwu/frontera/miniconda3/envs/libyt/lib/python3.13/lib-dynload/unicodedata.cpython-313-x86_64-linux-gnu.so
2b2fca58a000-2b2fca58b000 r--p 000aa000 3d8:ad14e 144134765124013795     /work2/11056/zwu/frontera/miniconda3/envs/libyt/lib/python3.13/lib-dynload/unicodedata.cpython-313-x86_64-linux-gnu.so
2b2fca58b000-2b2fca58c000 rw-p 000ab000 3d8:ad14e 144134765124013795     /work2/11056/zwu/frontera/miniconda3/envs/libyt/lib/python3.13/lib-dynload/unicodedata.cpython-313-x86_64-linux-gnu.so
2b2fca58c000-2b2fca98c000 rw-p 00000000 00:00 0 
2b2fca98c000-2b2fca98e000 r--p 00000000 3d8:ad14e 144134765124011950     /work2/11056/zwu/frontera/miniconda3/envs/libyt/lib/python3.13/lib-dynload/fcntl.cpython-313-x86_64-linux-gnu.so
2b2fca98e000-2b2fca990000 r-xp 00002000 3d8:ad14e 144134765124011950     /work2/11056/zwu/frontera/miniconda3/envs/libyt/lib/python3.13/lib-dynload/fcntl.cpython-313-x86_64-linux-gnu.so
2b2fca990000-2b2fca992000 r--p 00004000 3d8:ad14e 144134765124011950     /work2/11056/zwu/frontera/miniconda3/envs/libyt/lib/python3.13/lib-dynload/fcntl.cpython-313-x86_64-linux-gnu.so
2b2fca992000-2b2fca993000 r--p 00005000 3d8:ad14e 144134765124011950     /work2/11056/zwu/frontera/miniconda3/envs/libyt/lib/python3.13/lib-dynload/fcntl.cpython-313-x86_64-linux-gnu.so
2b2fca993000-2b2fca994000 rw-p 00006000 3d8:ad14e 144134765124011950     /work2/11056/zwu/frontera/miniconda3/envs/libyt/lib/python3.13/lib-dynload/fcntl.cpython-313-x86_64-linux-gnu.so
2b2fca994000-2b2fca996000 r--p 00000000 3d8:ad14e 144134765124010960     /work2/11056/zwu/frontera/miniconda3/envs/libyt/lib/python3.13/lib-dynload/_posixsubprocess.cpython-313-x86_64-linux-gnu.so
2b2fca996000-2b2fca999000 r-xp 00002000 3d8:ad14e 144134765124010960     /work2/11056/zwu/frontera/miniconda3/envs/libyt/lib/python3.13/lib-dynload/_posixsubprocess.cpython-313-x86_64-linux-gnu.so
2b2fca999000-2b2fca99a000 r--p 00005000 3d8:ad14e 144134765124010960     /work2/11056/zwu/frontera/miniconda3/envs/libyt/lib/python3.13/lib-dynload/_posixsubprocess.cpython-313-x86_64-linux-gnu.so
2b2fca99a000-2b2fca99b000 r--p 00006000 3d8:ad14e 144134765124010960     /work2/11056/zwu/frontera/miniconda3/envs/libyt/lib/python3.13/lib-dynload/_posixsubprocess.cpython-313-x86_64-linux-gnu.so
2b2fca99b000-2b2fca99c000 rw-p 00007000 3d8:ad14e 144134765124010960     /work2/11056/zwu/frontera/miniconda3/envs/libyt/lib/python3.13/lib-dynload/_posixsubprocess.cpython-313-x86_64-linux-gnu.so
2b2fca99c000-2b2fca99f000 r--p 00000000 3d8:ad14e 144134765124013617     /work2/11056/zwu/frontera/miniconda3/envs/libyt/lib/python3.13/lib-dynload/select.cpython-313-x86_64-linux-gnu.so
2b2fca99f000-2b2fca9a2000 r-xp 00003000 3d8:ad14e 144134765124013617     /work2/11056/zwu/frontera/miniconda3/envs/libyt/lib/python3.13/lib-dynload/select.cpython-313-x86_64-linux-gnu.so
2b2fca9a2000-2b2fca9a4000 r--p 00006000 3d8:ad14e 144134765124013617     /work2/11056/zwu/frontera/miniconda3/envs/libyt/lib/python3.13/lib-dynload/select.cpython-313-x86_64-linux-gnu.so
2b2fca9a4000-2b2fca9a5000 r--p 00008000 3d8:ad14e 144134765124013617     /work2/11056/zwu/frontera/miniconda3/envs/libyt/lib/python3.13/lib-dynload/select.cpython-313-x86_64-linux-gnu.so
2b2fca9a5000-2b2fca9a6000 rw-p 00009000 3d8:ad14e 144134765124013617     /work2/11056/zwu/frontera/miniconda3/envs/libyt/lib/python3.13/lib-dynload/select.cpython-313-x86_64-linux-gnu.so
2b2fca9a6000-2b2fcb5a6000 rw-p 00000000 00:00 0 
2b2fcb5a6000-2b2fcb5a7000 r--p 00000000 3d8:ad14e 144134765124013189     /work2/11056/zwu/frontera/miniconda3/envs/libyt/lib/python3.13/lib-dynload/_heapq.cpython-313-x86_64-linux-gnu.so
2b2fcb5a7000-2b2fcb5aa000 r-xp 00001000 3d8:ad14e 144134765124013189     /work2/11056/zwu/frontera/miniconda3/envs/libyt/lib/python3.13/lib-dynload/_heapq.cpython-313-x86_64-linux-gnu.so
2b2fcb5aa000-2b2fcb5ad000 r--p 00004000 3d8:ad14e 144134765124013189     /work2/11056/zwu/frontera/miniconda3/envs/libyt/lib/python3.13/lib-dynload/_heapq.cpython-313-x86_64-linux-gnu.so
2b2fcb5ad000-2b2fcb5ae000 r--p 00006000 3d8:ad14e 144134765124013189     /work2/11056/zwu/frontera/miniconda3/envs/libyt/lib/python3.13/lib-dynload/_heapq.cpython-313-x86_64-linux-gnu.so
2b2fcb5ae000-2b2fcb5af000 rw-p 00007000 3d8:ad14e 144134765124013189     /work2/11056/zwu/frontera/miniconda3/envs/libyt/lib/python3.13/lib-dynload/_heapq.cpython-313-x86_64-linux-gnu.so
2b2fcb5af000-2b2fcb5b1000 r--p 00000000 3d8:ad14e 144134765124013024     /work2/11056/zwu/frontera/miniconda3/envs/libyt/lib/python3.13/lib-dynload/_queue.cpython-313-x86_64-linux-gnu.so
2b2fcb5b1000-2b2fcb5b2000 r-xp 00002000 3d8:ad14e 144134765124013024     /work2/11056/zwu/frontera/miniconda3/envs/libyt/lib/python3.13/lib-dynload/_queue.cpython-313-x86_64-linux-gnu.so
2b2fcb5b2000-2b2fcb5b3000 r--p 00003000 3d8:ad14e 144134765124013024     /work2/11056/zwu/frontera/miniconda3/envs/libyt/lib/python3.13/lib-dynload/_queue.cpython-313-x86_64-linux-gnu.so
2b2fcb5b3000-2b2fcb5b4000 r--p 00003000 3d8:ad14e 144134765124013024     /work2/11056/zwu/frontera/miniconda3/envs/libyt/lib/python3.13/lib-dynload/_queue.cpython-313-x86_64-linux-gnu.so
2b2fcb5b4000-2b2fcb5b5000 rw-p 00004000 3d8:ad14e 144134765124013024     /work2/11056/zwu/frontera/miniconda3/envs/libyt/lib/python3.13/lib-dynload/_queue.cpython-313-x86_64-linux-gnu.so
2b2fcb5b5000-2b2fcb7b5000 rw-p 00000000 00:00 0 
2b2fcb7b5000-2b2fcb7b6000 r--p 00000000 3d8:ad14e 144134765124013751     /work2/11056/zwu/frontera/miniconda3/envs/libyt/lib/python3.13/lib-dynload/_uuid.cpython-313-x86_64-linux-gnu.so
2b2fcb7b6000-2b2fcb7b7000 r-xp 00001000 3d8:ad14e 144134765124013751     /work2/11056/zwu/frontera/miniconda3/envs/libyt/lib/python3.13/lib-dynload/_uuid.cpython-313-x86_64-linux-gnu.so
2b2fcb7b7000-2b2fcb7b8000 r--p 00002000 3d8:ad14e 144134765124013751     /work2/11056/zwu/frontera/miniconda3/envs/libyt/lib/python3.13/lib-dynload/_uuid.cpython-313-x86_64-linux-gnu.so
2b2fcb7b8000-2b2fcb7b9000 r--p 00002000 3d8:ad14e 144134765124013751     /work2/11056/zwu/frontera/miniconda3/envs/libyt/lib/python3.13/lib-dynload/_uuid.cpython-313-x86_64-linux-gnu.so
2b2fcb7b9000-2b2fcb7ba000 rw-p 00003000 3d8:ad14e 144134765124013751     /work2/11056/zwu/frontera/miniconda3/envs/libyt/lib/python3.13/lib-dynload/_uuid.cpython-313-x86_64-linux-gnu.so
2b2fcb7ba000-2b2fcb7bc000 r--p 00000000 3d8:ad14e 144134765124013890     /work2/11056/zwu/frontera/miniconda3/envs/libyt/lib/libuuid.so.1.3.0
2b2fcb7bc000-2b2fcb7c0000 r-xp 00002000 3d8:ad14e 144134765124013890     /work2/11056/zwu/frontera/miniconda3/envs/libyt/lib/libuuid.so.1.3.0
2b2fcb7c0000-2b2fcb7c1000 r--p 00006000 3d8:ad14e 144134765124013890     /work2/11056/zwu/frontera/miniconda3/envs/libyt/lib/libuuid.so.1.3.0
2b2fcb7c1000-2b2fcb7c2000 r--p 00007000 3d8:ad14e 144134765124013890     /work2/11056/zwu/frontera/miniconda3/envs/libyt/lib/libuuid.so.1.3.0
2b2fcb7c2000-2b2fcb7c3000 rw-p 00008000 3d8:ad14e 144134765124013890     /work2/11056/zwu/frontera/miniconda3/envs/libyt/lib/libuuid.so.1.3.0
2b2fcb7c3000-2b2fcb7c9000 r--p 00000000 3d8:ad14e 144134765124033271     /work2/11056/zwu/frontera/miniconda3/envs/libyt/lib/python3.13/site-packages/matplotlib/_c_internal_utils.cpython-313-x86_64-linux-gnu.so
2b2fcb7c9000-2b2fcb7e3000 r-xp 00006000 3d8:ad14e 144134765124033271     /work2/11056/zwu/frontera/miniconda3/envs/libyt/lib/python3.13/site-packages/matplotlib/_c_internal_utils.cpython-313-x86_64-linux-gnu.so
2b2fcb7e3000-2b2fcb7e9000 r--p 00020000 3d8:ad14e 144134765124033271     /work2/11056/zwu/frontera/miniconda3/envs/libyt/lib/python3.13/site-packages/matplotlib/_c_internal_utils.cpython-313-x86_64-linux-gnu.so
2b2fcb7e9000-2b2fcb7ea000 r--p 00026000 3d8:ad14e 144134765124033271     /work2/11056/zwu/frontera/miniconda3/envs/libyt/lib/python3.13/site-packages/matplotlib/_c_internal_utils.cpython-313-x86_64-linux-gnu.so
2b2fcb7ea000-2b2fcb7eb000 rw-p 00027000 3d8:ad14e 144134765124033271     /work2/11056/zwu/frontera/miniconda3/envs/libyt/lib/python3.13/site-packages/matplotlib/_c_internal_utils.cpython-313-x86_64-linux-gnu.so
2b2fcb7eb000-2b2fcb8eb000 rw-p 00000000 00:00 0 
2b2fcb8eb000-2b2fcb8fe000 r--p 00000000 3d8:ad14e 144134765124029085     /work2/11056/zwu/frontera/miniconda3/envs/libyt/lib/python3.13/site-packages/PIL/_imaging.cpython-313-x86_64-linux-gnu.so
2b2fcb8fe000-2b2fcb96f000 r-xp 00013000 3d8:ad14e 144134765124029085     /work2/11056/zwu/frontera/miniconda3/envs/libyt/lib/python3.13/site-packages/PIL/_imaging.cpython-313-x86_64-linux-gnu.so
2b2fcb96f000-2b2fcb980000 r--p 00084000 3d8:ad14e 144134765124029085     /work2/11056/zwu/frontera/miniconda3/envs/libyt/lib/python3.13/site-packages/PIL/_imaging.cpython-313-x86_64-linux-gnu.so
2b2fcb980000-2b2fcb984000 r--p 00095000 3d8:ad14e 144134765124029085     /work2/11056/zwu/frontera/miniconda3/envs/libyt/lib/python3.13/site-packages/PIL/_imaging.cpython-313-x86_64-linux-gnu.so
2b2fcb984000-2b2fcb987000 rw-p 00099000 3d8:ad14e 144134765124029085     /work2/11056/zwu/frontera/miniconda3/envs/libyt/lib/python3.13/site-packages/PIL/_imaging.cpython-313-x86_64-linux-gnu.so
2b2fcb987000-2b2fcb991000 r--p 00000000 3d8:ad14e 144134765124032559     /work2/11056/zwu/frontera/miniconda3/envs/libyt/lib/libtiff.so.6.2.0
2b2fcb991000-2b2fcb9e8000 r-xp 0000a000 3d8:ad14e 144134765124032559     /work2/11056/zwu/frontera/miniconda3/envs/libyt/lib/libtiff.so.6.2.0
2b2fcb9e8000-2b2fcba1a000 r--p 00061000 3d8:ad14e 144134765124032559     /work2/11056/zwu/frontera/miniconda3/envs/libyt/lib/libtiff.so.6.2.0
2b2fcba1a000-2b2fcba1f000 r--p 00092000 3d8:ad14e 144134765124032559     /work2/11056/zwu/frontera/miniconda3/envs/libyt/lib/libtiff.so.6.2.0
2b2fcba1f000-2b2fcba20000 rw-p 00097000 3d8:ad14e 144134765124032559     /work2/11056/zwu/frontera/miniconda3/envs/libyt/lib/libtiff.so.6.2.0
2b2fcba20000-2b2fcba27000 r--p 00000000 3d8:ad14e 144134765124033267     /work2/11056/zwu/frontera/miniconda3/envs/libyt/lib/libjpeg.so.8.3.2
2b2fcba27000-2b2fcbabf000 r-xp 00007000 3d8:ad14e 144134765124033267     /work2/11056/zwu/frontera/miniconda3/envs/libyt/lib/libjpeg.so.8.3.2
2b2fcbabf000-2b2fcbae8000 r--p 0009f000 3d8:ad14e 144134765124033267     /work2/11056/zwu/frontera/miniconda3/envs/libyt/lib/libjpeg.so.8.3.2
2b2fcbae8000-2b2fcbae9000 r--p 000c8000 3d8:ad14e 144134765124033267     /work2/11056/zwu/frontera/miniconda3/envs/libyt/lib/libjpeg.so.8.3.2
2b2fcbae9000-2b2fcbaea000 rw-p 000c9000 3d8:ad14e 144134765124033267     /work2/11056/zwu/frontera/miniconda3/envs/libyt/lib/libjpeg.so.8.3.2
2b2fcbaea000-2b2fcbaf3000 r--p 00000000 3d8:ad14e 144131832282144881     /work2/11056/zwu/frontera/miniconda3/envs/libyt/lib/libopenjp2.so.2.5.4
2b2fcbaf3000-2b2fcbb4a000 r-xp 00009000 3d8:ad14e 144131832282144881     /work2/11056/zwu/frontera/miniconda3/envs/libyt/lib/libopenjp2.so.2.5.4
2b2fcbb4a000-2b2fcbb5d000 r--p 00060000 3d8:ad14e 144131832282144881     /work2/11056/zwu/frontera/miniconda3/envs/libyt/lib/libopenjp2.so.2.5.4
2b2fcbb5d000-2b2fcbb5f000 r--p 00072000 3d8:ad14e 144131832282144881     /work2/11056/zwu/frontera/miniconda3/envs/libyt/lib/libopenjp2.so.2.5.4
2b2fcbb5f000-2b2fcbb60000 rw-p 00074000 3d8:ad14e 144131832282144881     /work2/11056/zwu/frontera/miniconda3/envs/libyt/lib/libopenjp2.so.2.5.4
2b2fcbb60000-2b2fcbb63000 r--p 00000000 3d8:ad14e 144134765124034036     /work2/11056/zwu/frontera/miniconda3/envs/libyt/lib/libz-ng.so.2.3.3
2b2fcbb63000-2b2fcbb81000 r-xp 00003000 3d8:ad14e 144134765124034036     /work2/11056/zwu/frontera/miniconda3/envs/libyt/lib/libz-ng.so.2.3.3
2b2fcbb81000-2b2fcbb8b000 r--p 00021000 3d8:ad14e 144134765124034036     /work2/11056/zwu/frontera/miniconda3/envs/libyt/lib/libz-ng.so.2.3.3
2b2fcbb8b000-2b2fcbb8c000 r--p 0002a000 3d8:ad14e 144134765124034036     /work2/11056/zwu/frontera/miniconda3/envs/libyt/lib/libz-ng.so.2.3.3
2b2fcbb8c000-2b2fcbb8d000 rw-p 0002b000 3d8:ad14e 144134765124034036     /work2/11056/zwu/frontera/miniconda3/envs/libyt/lib/libz-ng.so.2.3.3
2b2fcbb8d000-2b2fcbb9b000 r--p 00000000 3d8:ad14e 144134765124032818     /work2/11056/zwu/frontera/miniconda3/envs/libyt/lib/libxcb.so.1.1.0
2b2fcbb9b000-2b2fcbbaf000 r-xp 0000e000 3d8:ad14e 144134765124032818     /work2/11056/zwu/frontera/miniconda3/envs/libyt/lib/libxcb.so.1.1.0
2b2fcbbaf000-2b2fcbbb8000 r--p 00022000 3d8:ad14e 144134765124032818     /work2/11056/zwu/frontera/miniconda3/envs/libyt/lib/libxcb.so.1.1.0
2b2fcbbb8000-2b2fcbbb9000 r--p 0002a000 3d8:ad14e 144134765124032818     /work2/11056/zwu/frontera/miniconda3/envs/libyt/lib/libxcb.so.1.1.0
2b2fcbbb9000-2b2fcbbba000 rw-p 0002b000 3d8:ad14e 144134765124032818     /work2/11056/zwu/frontera/miniconda3/envs/libyt/lib/libxcb.so.1.1.0
2b2fcbbba000-2b2fcbbbe000 r--p 00000000 3d8:ad14e 144131832282144317     /work2/11056/zwu/frontera/miniconda3/envs/libyt/lib/libwebp.so.7.2.0
2b2fcbbbe000-2b2fcbc59000 r-xp 00004000 3d8:ad14e 144131832282144317     /work2/11056/zwu/frontera/miniconda3/envs/libyt/lib/libwebp.so.7.2.0
2b2fcbc59000-2b2fcbc6d000 r--p 0009f000 3d8:ad14e 144131832282144317     /work2/11056/zwu/frontera/miniconda3/envs/libyt/lib/libwebp.so.7.2.0
2b2fcbc6d000-2b2fcbc6e000 r--p 000b2000 3d8:ad14e 144131832282144317     /work2/11056/zwu/frontera/miniconda3/envs/libyt/lib/libwebp.so.7.2.0
2b2fcbc6e000-2b2fcbc6f000 rw-p 000b3000 3d8:ad14e 144131832282144317     /work2/11056/zwu/frontera/miniconda3/envs/libyt/lib/libwebp.so.7.2.0
2b2fcbc6f000-2b2fcbc70000 rw-p 00000000 00:00 0 
2b2fcbc70000-2b2fcbc7e000 r--p 00000000 3d8:ad14e 144134765124010151     /work2/11056/zwu/frontera/miniconda3/envs/libyt/lib/libzstd.so.1.5.7
2b2fcbc7e000-2b2fcbd71000 r-xp 0000e000 3d8:ad14e 144134765124010151     /work2/11056/zwu/frontera/miniconda3/envs/libyt/lib/libzstd.so.1.5.7
2b2fcbd71000-2b2fcbd87000 r--p 00101000 3d8:ad14e 144134765124010151     /work2/11056/zwu/frontera/miniconda3/envs/libyt/lib/libzstd.so.1.5.7
2b2fcbd87000-2b2fcbd88000 r--p 00117000 3d8:ad14e 144134765124010151     /work2/11056/zwu/frontera/miniconda3/envs/libyt/lib/libzstd.so.1.5.7
2b2fcbd88000-2b2fcbd89000 rw-p 00118000 3d8:ad14e 144134765124010151     /work2/11056/zwu/frontera/miniconda3/envs/libyt/lib/libzstd.so.1.5.7
2b2fcbd89000-2b2fcbd96000 r--p 00000000 3d8:ad14e 144134765124033483     /work2/11056/zwu/frontera/miniconda3/envs/libyt/lib/libLerc.so.4
2b2fcbd96000-2b2fcbe4b000 r-xp 0000d000 3d8:ad14e 144134765124033483     /work2/11056/zwu/frontera/miniconda3/envs/libyt/lib/libLerc.so.4
2b2fcbe4b000-2b2fcbe56000 r--p 000c2000 3d8:ad14e 144134765124033483     /work2/11056/zwu/frontera/miniconda3/envs/libyt/lib/libLerc.so.4
2b2fcbe56000-2b2fcbe57000 r--p 000cc000 3d8:ad14e 144134765124033483     /work2/11056/zwu/frontera/miniconda3/envs/libyt/lib/libLerc.so.4
2b2fcbe57000-2b2fcbe58000 rw-p 000cd000 3d8:ad14e 144134765124033483     /work2/11056/zwu/frontera/miniconda3/envs/libyt/lib/libLerc.so.4
2b2fcbe58000-2b2fcbe59000 r--p 00000000 3d8:ad14e 144134765124034809     /work2/11056/zwu/frontera/miniconda3/envs/libyt/lib/libdeflate.so.0
2b2fcbe59000-2b2fcbe6a000 r-xp 00001000 3d8:ad14e 144134765124034809     /work2/11056/zwu/frontera/miniconda3/envs/libyt/lib/libdeflate.so.0
2b2fcbe6a000-2b2fcbe6f000 r--p 00012000 3d8:ad14e 144134765124034809     /work2/11056/zwu/frontera/miniconda3/envs/libyt/lib/libdeflate.so.0
2b2fcbe6f000-2b2fcbe70000 r--p 00016000 3d8:ad14e 144134765124034809     /work2/11056/zwu/frontera/miniconda3/envs/libyt/lib/libdeflate.so.0
2b2fcbe70000-2b2fcbe71000 rw-p 00017000 3d8:ad14e 144134765124034809     /work2/11056/zwu/frontera/miniconda3/envs/libyt/lib/libdeflate.so.0
2b2fcbe71000-2b2fcbe72000 r--p 00000000 3d8:ad14e 144134765124035399     /work2/11056/zwu/frontera/miniconda3/envs/libyt/lib/libXau.so.6.0.0
2b2fcbe72000-2b2fcbe73000 r-xp 00001000 3d8:ad14e 144134765124035399     /work2/11056/zwu/frontera/miniconda3/envs/libyt/lib/libXau.so.6.0.0
2b2fcbe73000-2b2fcbe74000 r--p 00002000 3d8:ad14e 144134765124035399     /work2/11056/zwu/frontera/miniconda3/envs/libyt/lib/libXau.so.6.0.0
2b2fcbe74000-2b2fcbe75000 r--p 00002000 3d8:ad14e 144134765124035399     /work2/11056/zwu/frontera/miniconda3/envs/libyt/lib/libXau.so.6.0.0
2b2fcbe75000-2b2fcbe76000 rw-p 00003000 3d8:ad14e 144134765124035399     /work2/11056/zwu/frontera/miniconda3/envs/libyt/lib/libXau.so.6.0.0
2b2fcbe76000-2b2fcbe78000 r--p 00000000 3d8:ad14e 144134765124035348     /work2/11056/zwu/frontera/miniconda3/envs/libyt/lib/libXdmcp.so.6.0.0
2b2fcbe78000-2b2fcbe7a000 r-xp 00002000 3d8:ad14e 144134765124035348     /work2/11056/zwu/frontera/miniconda3/envs/libyt/lib/libXdmcp.so.6.0.0
2b2fcbe7a000-2b2fcbe7c000 r--p 00004000 3d8:ad14e 144134765124035348     /work2/11056/zwu/frontera/miniconda3/envs/libyt/lib/libXdmcp.so.6.0.0
2b2fcbe7c000-2b2fcbe7d000 r--p 00005000 3d8:ad14e 144134765124035348     /work2/11056/zwu/frontera/miniconda3/envs/libyt/lib/libXdmcp.so.6.0.0
2b2fcbe7d000-2b2fcbe7e000 rw-p 00006000 3d8:ad14e 144134765124035348     /work2/11056/zwu/frontera/miniconda3/envs/libyt/lib/libXdmcp.so.6.0.0
2b2fcbe7e000-2b2fcbe7f000 r--p 00000000 3d8:ad14e 144131832282144283     /work2/11056/zwu/frontera/miniconda3/envs/libyt/lib/libsharpyuv.so.0.1.2
2b2fcbe7f000-2b2fcbe87000 r-xp 00001000 3d8:ad14e 144131832282144283     /work2/11056/zwu/frontera/miniconda3/envs/libyt/lib/libsharpyuv.so.0.1.2
2b2fcbe87000-2b2fcbe88000 r--p 00009000 3d8:ad14e 144131832282144283     /work2/11056/zwu/frontera/miniconda3/envs/libyt/lib/libsharpyuv.so.0.1.2
2b2fcbe88000-2b2fcbe89000 r--p 00009000 3d8:ad14e 144131832282144283     /work2/11056/zwu/frontera/miniconda3/envs/libyt/lib/libsharpyuv.so.0.1.2
2b2fcbe89000-2b2fcbe8a000 rw-p 0000a000 3d8:ad14e 144131832282144283     /work2/11056/zwu/frontera/miniconda3/envs/libyt/lib/libsharpyuv.so.0.1.2
2b2fcbe8a000-2b2fcbf8b000 rw-p 00000000 00:00 0 
2b2fcbf8b000-2b2fcbf92000 r--p 00000000 3d8:ad14e 144134765124032264     /work2/11056/zwu/frontera/miniconda3/envs/libyt/lib/python3.13/site-packages/matplotlib/_path.cpython-313-x86_64-linux-gnu.so
2b2fcbf92000-2b2fcbfd1000 r-xp 00007000 3d8:ad14e 144134765124032264     /work2/11056/zwu/frontera/miniconda3/envs/libyt/lib/python3.13/site-packages/matplotlib/_path.cpython-313-x86_64-linux-gnu.so
2b2fcbfd1000-2b2fcbfde000 r--p 00046000 3d8:ad14e 144134765124032264     /work2/11056/zwu/frontera/miniconda3/envs/libyt/lib/python3.13/site-packages/matplotlib/_path.cpython-313-x86_64-linux-gnu.so
2b2fcbfde000-2b2fcbfdf000 r--p 00053000 3d8:ad14e 144134765124032264     /work2/11056/zwu/frontera/miniconda3/envs/libyt/lib/python3.13/site-packages/matplotlib/_path.cpython-313-x86_64-linux-gnu.so
2b2fcbfdf000-2b2fcbfe0000 rw-p 00054000 3d8:ad14e 144134765124032264     /work2/11056/zwu/frontera/miniconda3/envs/libyt/lib/python3.13/site-packages/matplotlib/_path.cpython-313-x86_64-linux-gnu.so
2b2fcbfe0000-2b2fcbfe1000 rw-p 00000000 00:00 0 
2b2fcbfe1000-2b2fcbfe8000 r--p 00000000 3d8:ad14e 144134765124033090     /work2/11056/zwu/frontera/miniconda3/envs/libyt/lib/python3.13/site-packages/matplotlib/_image.cpython-313-x86_64-linux-gnu.so
2b2fcbfe8000-2b2fcc030000 r-xp 00007000 3d8:ad14e 144134765124033090     /work2/11056/zwu/frontera/miniconda3/envs/libyt/lib/python3.13/site-packages/matplotlib/_image.cpython-313-x86_64-linux-gnu.so
2b2fcc030000-2b2fcc03c000 r--p 0004f000 3d8:ad14e 144134765124033090     /work2/11056/zwu/frontera/miniconda3/envs/libyt/lib/python3.13/site-packages/matplotlib/_image.cpython-313-x86_64-linux-gnu.so
2b2fcc03c000-2b2fcc03d000 r--p 0005b000 3d8:ad14e 144134765124033090     /work2/11056/zwu/frontera/miniconda3/envs/libyt/lib/python3.13/site-packages/matplotlib/_image.cpython-313-x86_64-linux-gnu.so
2b2fcc03d000-2b2fcc03e000 rw-p 0005c000 3d8:ad14e 144134765124033090     /work2/11056/zwu/frontera/miniconda3/envs/libyt/lib/python3.13/site-packages/matplotlib/_image.cpython-313-x86_64-linux-gnu.so
2b2fcc03e000-2b2fcc33f000 rw-p 00000000 00:00 0 
2b2fcc33f000-2b2fcc349000 r--p 00000000 3d8:ad14e 144134765124031774     /work2/11056/zwu/frontera/miniconda3/envs/libyt/lib/python3.13/site-packages/matplotlib/ft2font.cpython-313-x86_64-linux-gnu.so
2b2fcc349000-2b2fcc398000 r-xp 0000a000 3d8:ad14e 144134765124031774     /work2/11056/zwu/frontera/miniconda3/envs/libyt/lib/python3.13/site-packages/matplotlib/ft2font.cpython-313-x86_64-linux-gnu.so
2b2fcc398000-2b2fcc3af000 r--p 00059000 3d8:ad14e 144134765124031774     /work2/11056/zwu/frontera/miniconda3/envs/libyt/lib/python3.13/site-packages/matplotlib/ft2font.cpython-313-x86_64-linux-gnu.so
2b2fcc3af000-2b2fcc3b1000 r--p 0006f000 3d8:ad14e 144134765124031774     /work2/11056/zwu/frontera/miniconda3/envs/libyt/lib/python3.13/site-packages/matplotlib/ft2font.cpython-313-x86_64-linux-gnu.so
2b2fcc3b1000-2b2fcc3b2000 rw-p 00071000 3d8:ad14e 144134765124031774     /work2/11056/zwu/frontera/miniconda3/envs/libyt/lib/python3.13/site-packages/matplotlib/ft2font.cpython-313-x86_64-linux-gnu.so
2b2fcc3b2000-2b2fcc3c0000 r--p 00000000 3d8:ad14e 144134765124033074     /work2/11056/zwu/frontera/miniconda3/envs/libyt/lib/libfreetype.so.6.20.6
2b2fcc3c0000-2b2fcc442000 r-xp 0000e000 3d8:ad14e 144134765124033074     /work2/11056/zwu/frontera/miniconda3/envs/libyt/lib/libfreetype.so.6.20.6
2b2fcc442000-2b2fcc46c000 r--p 00090000 3d8:ad14e 144134765124033074     /work2/11056/zwu/frontera/miniconda3/envs/libyt/lib/libfreetype.so.6.20.6
2b2fcc46c000-2b2fcc474000 r--p 000b9000 3d8:ad14e 144134765124033074     /work2/11056/zwu/frontera/miniconda3/envs/libyt/lib/libfreetype.so.6.20.6
2b2fcc474000-2b2fcc475000 rw-p 000c1000 3d8:ad14e 144134765124033074     /work2/11056/zwu/frontera/miniconda3/envs/libyt/lib/libfreetype.so.6.20.6
2b2fcc475000-2b2fcc47c000 r--p 00000000 3d8:ad14e 144134765124033492     /work2/11056/zwu/frontera/miniconda3/envs/libyt/lib/libpng16.so.16.58.0
2b2fcc47c000-2b2fcc4a7000 r-xp 00007000 3d8:ad14e 144134765124033492     /work2/11056/zwu/frontera/miniconda3/envs/libyt/lib/libpng16.so.16.58.0
2b2fcc4a7000-2b2fcc4b2000 r--p 00032000 3d8:ad14e 144134765124033492     /work2/11056/zwu/frontera/miniconda3/envs/libyt/lib/libpng16.so.16.58.0
2b2fcc4b2000-2b2fcc4b3000 r--p 0003d000 3d8:ad14e 144134765124033492     /work2/11056/zwu/frontera/miniconda3/envs/libyt/lib/libpng16.so.16.58.0
2b2fcc4b3000-2b2fcc4b4000 rw-p 0003e000 3d8:ad14e 144134765124033492     /work2/11056/zwu/frontera/miniconda3/envs/libyt/lib/libpng16.so.16.58.0
2b2fcc4b4000-2b2fcc4ba000 r--p 00000000 3d8:ad14e 144134765124034652     /work2/11056/zwu/frontera/miniconda3/envs/libyt/lib/python3.13/site-packages/kiwisolver/_cext.cpython-313-x86_64-linux-gnu.so
2b2fcc4ba000-2b2fcc4d4000 r-xp 00006000 3d8:ad14e 144134765124034652     /work2/11056/zwu/frontera/miniconda3/envs/libyt/lib/python3.13/site-packages/kiwisolver/_cext.cpython-313-x86_64-linux-gnu.so
2b2fcc4d4000-2b2fcc4d9000 r--p 00020000 3d8:ad14e 144134765124034652     /work2/11056/zwu/frontera/miniconda3/envs/libyt/lib/python3.13/site-packages/kiwisolver/_cext.cpython-313-x86_64-linux-gnu.so
2b2fcc4d9000-2b2fcc4da000 r--p 00025000 3d8:ad14e 144134765124034652     /work2/11056/zwu/frontera/miniconda3/envs/libyt/lib/python3.13/site-packages/kiwisolver/_cext.cpython-313-x86_64-linux-gnu.so
2b2fcc4da000-2b2fcc4db000 rw-p 00026000 3d8:ad14e 144134765124034652     /work2/11056/zwu/frontera/miniconda3/envs/libyt/lib/python3.13/site-packages/kiwisolver/_cext.cpython-313-x86_64-linux-gnu.so
2b2fcc4db000-2b2fcc6db000 rw-p 00000000 00:00 0 
2b2fcc6db000-2b2fcc6ea000 r--p 00000000 3d8:ad14e 144134765124035596     /work2/11056/zwu/frontera/miniconda3/envs/libyt/lib/python3.13/site-packages/yt/geometry/selection_routines.cpython-313-x86_64-linux-gnu.so
2b2fcc6ea000-2b2fcc788000 r-xp 0000f000 3d8:ad14e 144134765124035596     /work2/11056/zwu/frontera/miniconda3/envs/libyt/lib/python3.13/site-packages/yt/geometry/selection_routines.cpython-313-x86_64-linux-gnu.so
2b2fcc788000-2b2fcc7a1000 r--p 000ad000 3d8:ad14e 144134765124035596     /work2/11056/zwu/frontera/miniconda3/envs/libyt/lib/python3.13/site-packages/yt/geometry/selection_routines.cpython-313-x86_64-linux-gnu.so
2b2fcc7a1000-2b2fcc7a3000 r--p 000c6000 3d8:ad14e 144134765124035596     /work2/11056/zwu/frontera/miniconda3/envs/libyt/lib/python3.13/site-packages/yt/geometry/selection_routines.cpython-313-x86_64-linux-gnu.so
2b2fcc7a3000-2b2fcc7ab000 rw-p 000c8000 3d8:ad14e 144134765124035596     /work2/11056/zwu/frontera/miniconda3/envs/libyt/lib/python3.13/site-packages/yt/geometry/selection_routines.cpython-313-x86_64-linux-gnu.so
2b2fcc7ab000-2b2fcc7ae000 rw-p 00000000 00:00 0 
2b2fcc7ae000-2b2fcc7b7000 r--p 00000000 3d8:ad14e 144134765124035558     /work2/11056/zwu/frontera/miniconda3/envs/libyt/lib/python3.13/site-packages/yt/geometry/oct_visitors.cpython-313-x86_64-linux-gnu.so
2b2fcc7b7000-2b2fcc821000 r-xp 00009000 3d8:ad14e 144134765124035558     /work2/11056/zwu/frontera/miniconda3/envs/libyt/lib/python3.13/site-packages/yt/geometry/oct_visitors.cpython-313-x86_64-linux-gnu.so
2b2fcc821000-2b2fcc830000 r--p 00073000 3d8:ad14e 144134765124035558     /work2/11056/zwu/frontera/miniconda3/envs/libyt/lib/python3.13/site-packages/yt/geometry/oct_visitors.cpython-313-x86_64-linux-gnu.so
2b2fcc830000-2b2fcc832000 r--p 00081000 3d8:ad14e 144134765124035558     /work2/11056/zwu/frontera/miniconda3/envs/libyt/lib/python3.13/site-packages/yt/geometry/oct_visitors.cpython-313-x86_64-linux-gnu.so
2b2fcc832000-2b2fcc838000 rw-p 00083000 3d8:ad14e 144134765124035558     /work2/11056/zwu/frontera/miniconda3/envs/libyt/lib/python3.13/site-packages/yt/geometry/oct_visitors.cpython-313-x86_64-linux-gnu.so
2b2fcc838000-2b2fcc839000 rw-p 00000000 00:00 0 
2b2fcc839000-2b2fcc840000 r--p 00000000 3d8:ad14e 144134765124036838     /work2/11056/zwu/frontera/miniconda3/envs/libyt/lib/python3.13/site-packages/yt/utilities/lib/allocation_container.cpython-313-x86_64-linux-gnu.so
2b2fcc840000-2b2fcc861000 r-xp 00007000 3d8:ad14e 144134765124036838     /work2/11056/zwu/frontera/miniconda3/envs/libyt/lib/python3.13/site-packages/yt/utilities/lib/allocation_container.cpython-313-x86_64-linux-gnu.so
2b2fcc861000-2b2fcc869000 r--p 00028000 3d8:ad14e 144134765124036838     /work2/11056/zwu/frontera/miniconda3/envs/libyt/lib/python3.13/site-packages/yt/utilities/lib/allocation_container.cpython-313-x86_64-linux-gnu.so
2b2fcc869000-2b2fcc86a000 r--p 0002f000 3d8:ad14e 144134765124036838     /work2/11056/zwu/frontera/miniconda3/envs/libyt/lib/python3.13/site-packages/yt/utilities/lib/allocation_container.cpython-313-x86_64-linux-gnu.so
2b2fcc86a000-2b2fcc86c000 rw-p 00030000 3d8:ad14e 144134765124036838     /work2/11056/zwu/frontera/miniconda3/envs/libyt/lib/python3.13/site-packages/yt/utilities/lib/allocation_container.cpython-313-x86_64-linux-gnu.so
2b2fcc86c000-2b2fcc86d000 rw-p 00000000 00:00 0 
2b2fcc86d000-2b2fcc876000 r--p 00000000 3d8:ad14e 144134765124036537     /work2/11056/zwu/frontera/miniconda3/envs/libyt/lib/python3.13/site-packages/yt/geometry/oct_container.cpython-313-x86_64-linux-gnu.so
2b2fcc876000-2b2fcc8d3000 r-xp 00009000 3d8:ad14e 144134765124036537     /work2/11056/zwu/frontera/miniconda3/envs/libyt/lib/python3.13/site-packages/yt/geometry/oct_container.cpython-313-x86_64-linux-gnu.so
2b2fcc8d3000-2b2fcc8e0000 r--p 00066000 3d8:ad14e 144134765124036537     /work2/11056/zwu/frontera/miniconda3/envs/libyt/lib/python3.13/site-packages/yt/geometry/oct_container.cpython-313-x86_64-linux-gnu.so
2b2fcc8e0000-2b2fcc8e2000 r--p 00072000 3d8:ad14e 144134765124036537     /work2/11056/zwu/frontera/miniconda3/envs/libyt/lib/python3.13/site-packages/yt/geometry/oct_container.cpython-313-x86_64-linux-gnu.so
2b2fcc8e2000-2b2fcc8e5000 rw-p 00074000 3d8:ad14e 144134765124036537     /work2/11056/zwu/frontera/miniconda3/envs/libyt/lib/python3.13/site-packages/yt/geometry/oct_container.cpython-313-x86_64-linux-gnu.so
2b2fcc8e5000-2b2fcc8e6000 rw-p 00000000 00:00 0 
2b2fcc8e6000-2b2fcc8e8000 r--p 00000000 3d8:ad14e 144134765124035953     /work2/11056/zwu/frontera/miniconda3/envs/libyt/lib/python3.13/site-packages/yt/geometry/grid_visitors.cpython-313-x86_64-linux-gnu.so
2b2fcc8e8000-2b2fcc8ea000 r-xp 00002000 3d8:ad14e 144134765124035953     /work2/11056/zwu/frontera/miniconda3/envs/libyt/lib/python3.13/site-packages/yt/geometry/grid_visitors.cpython-313-x86_64-linux-gnu.so
2b2fcc8ea000-2b2fcc8eb000 r--p 00004000 3d8:ad14e 144134765124035953     /work2/11056/zwu/frontera/miniconda3/envs/libyt/lib/python3.13/site-packages/yt/geometry/grid_visitors.cpython-313-x86_64-linux-gnu.so
2b2fcc8eb000-2b2fcc8ec000 r--p 00005000 3d8:ad14e 144134765124035953     /work2/11056/zwu/frontera/miniconda3/envs/libyt/lib/python3.13/site-packages/yt/geometry/grid_visitors.cpython-313-x86_64-linux-gnu.so
2b2fcc8ec000-2b2fcc8ed000 rw-p 00006000 3d8:ad14e 144134765124035953     /work2/11056/zwu/frontera/miniconda3/envs/libyt/lib/python3.13/site-packages/yt/geometry/grid_visitors.cpython-313-x86_64-linux-gnu.so
2b2fcc8ed000-2b2fcc8f2000 r--p 00000000 3d8:ad14e 144134765124036378     /work2/11056/zwu/frontera/miniconda3/envs/libyt/lib/python3.13/site-packages/yt/utilities/lib/bitarray.cpython-313-x86_64-linux-gnu.so
2b2fcc8f2000-2b2fcc901000 r-xp 00005000 3d8:ad14e 144134765124036378     /work2/11056/zwu/frontera/miniconda3/envs/libyt/lib/python3.13/site-packages/yt/utilities/lib/bitarray.cpython-313-x86_64-linux-gnu.so
2b2fcc901000-2b2fcc906000 r--p 00014000 3d8:ad14e 144134765124036378     /work2/11056/zwu/frontera/miniconda3/envs/libyt/lib/python3.13/site-packages/yt/utilities/lib/bitarray.cpython-313-x86_64-linux-gnu.so
2b2fcc906000-2b2fcc907000 r--p 00019000 3d8:ad14e 144134765124036378     /work2/11056/zwu/frontera/miniconda3/envs/libyt/lib/python3.13/site-packages/yt/utilities/lib/bitarray.cpython-313-x86_64-linux-gnu.so
2b2fcc907000-2b2fcc908000 rw-p 0001a000 3d8:ad14e 144134765124036378     /work2/11056/zwu/frontera/miniconda3/envs/libyt/lib/python3.13/site-packages/yt/utilities/lib/bitarray.cpython-313-x86_64-linux-gnu.so
2b2fcc908000-2b2fcc909000 rw-p 00000000 00:00 0 
2b2fcc909000-2b2fcc90e000 r--p 00000000 3d8:ad14e 144134765124036200     /work2/11056/zwu/frontera/miniconda3/envs/libyt/lib/python3.13/site-packages/yt/utilities/lib/partitioned_grid.cpython-313-x86_64-linux-gnu.so
2b2fcc90e000-2b2fcc91b000 r-xp 00005000 3d8:ad14e 144134765124036200     /work2/11056/zwu/frontera/miniconda3/envs/libyt/lib/python3.13/site-packages/yt/utilities/lib/partitioned_grid.cpython-313-x86_64-linux-gnu.so
2b2fcc91b000-2b2fcc91f000 r--p 00012000 3d8:ad14e 144134765124036200     /work2/11056/zwu/frontera/miniconda3/envs/libyt/lib/python3.13/site-packages/yt/utilities/lib/partitioned_grid.cpython-313-x86_64-linux-gnu.so
2b2fcc91f000-2b2fcc920000 r--p 00016000 3d8:ad14e 144134765124036200     /work2/11056/zwu/frontera/miniconda3/envs/libyt/lib/python3.13/site-packages/yt/utilities/lib/partitioned_grid.cpython-313-x86_64-linux-gnu.so
2b2fcc920000-2b2fcc921000 rw-p 00017000 3d8:ad14e 144134765124036200     /work2/11056/zwu/frontera/miniconda3/envs/libyt/lib/python3.13/site-packages/yt/utilities/lib/partitioned_grid.cpython-313-x86_64-linux-gnu.so
2b2fcc921000-2b2fcc92a000 r--p 00000000 3d8:ad14e 144134765124036460     /work2/11056/zwu/frontera/miniconda3/envs/libyt/lib/python3.13/site-packages/yt/utilities/lib/image_samplers.cpython-313-x86_64-linux-gnu.so
2b2fcc92a000-2b2fcc962000 r-xp 00009000 3d8:ad14e 144134765124036460     /work2/11056/zwu/frontera/miniconda3/envs/libyt/lib/python3.13/site-packages/yt/utilities/lib/image_samplers.cpython-313-x86_64-linux-gnu.so
2b2fcc962000-2b2fcc96d000 r--p 00041000 3d8:ad14e 144134765124036460     /work2/11056/zwu/frontera/miniconda3/envs/libyt/lib/python3.13/site-packages/yt/utilities/lib/image_samplers.cpython-313-x86_64-linux-gnu.so
2b2fcc96d000-2b2fcc96f000 r--p 0004b000 3d8:ad14e 144134765124036460     /work2/11056/zwu/frontera/miniconda3/envs/libyt/lib/python3.13/site-packages/yt/utilities/lib/image_samplers.cpython-313-x86_64-linux-gnu.so
2b2fcc96f000-2b2fcc972000 rw-p 0004d000 3d8:ad14e 144134765124036460     /work2/11056/zwu/frontera/miniconda3/envs/libyt/lib/python3.13/site-packages/yt/utilities/lib/image_samplers.cpython-313-x86_64-linux-gnu.so
2b2fcc972000-2b2fcc973000 rw-p 00000000 00:00 0 
2b2fcc973000-2b2fcc980000 r--p 00000000 3d8:ad14e 144134765124010023     /work2/11056/zwu/frontera/miniconda3/envs/libyt/lib/libgomp.so.1.0.0
2b2fcc980000-2b2fcc9b9000 r-xp 0000d000 3d8:ad14e 144134765124010023     /work2/11056/zwu/frontera/miniconda3/envs/libyt/lib/libgomp.so.1.0.0
2b2fcc9b9000-2b2fcc9c7000 r--p 00046000 3d8:ad14e 144134765124010023     /work2/11056/zwu/frontera/miniconda3/envs/libyt/lib/libgomp.so.1.0.0
2b2fcc9c7000-2b2fcc9c8000 r--p 00054000 3d8:ad14e 144134765124010023     /work2/11056/zwu/frontera/miniconda3/envs/libyt/lib/libgomp.so.1.0.0
2b2fcc9c8000-2b2fcc9c9000 rw-p 00055000 3d8:ad14e 144134765124010023     /work2/11056/zwu/frontera/miniconda3/envs/libyt/lib/libgomp.so.1.0.0
2b2fcc9c9000-2b2fcc9cf000 r--p 00000000 3d8:ad14e 144134765124035940     /work2/11056/zwu/frontera/miniconda3/envs/libyt/lib/python3.13/site-packages/yt/utilities/lib/_octree_raytracing.cpython-313-x86_64-linux-gnu.so
2b2fcc9cf000-2b2fcc9ec000 r-xp 00006000 3d8:ad14e 144134765124035940     /work2/11056/zwu/frontera/miniconda3/envs/libyt/lib/python3.13/site-packages/yt/utilities/lib/_octree_raytracing.cpython-313-x86_64-linux-gnu.so
2b2fcc9ec000-2b2fcc9f3000 r--p 00023000 3d8:ad14e 144134765124035940     /work2/11056/zwu/frontera/miniconda3/envs/libyt/lib/python3.13/site-packages/yt/utilities/lib/_octree_raytracing.cpython-313-x86_64-linux-gnu.so
2b2fcc9f3000-2b2fcc9f4000 r--p 0002a000 3d8:ad14e 144134765124035940     /work2/11056/zwu/frontera/miniconda3/envs/libyt/lib/python3.13/site-packages/yt/utilities/lib/_octree_raytracing.cpython-313-x86_64-linux-gnu.so
2b2fcc9f4000-2b2fcc9f6000 rw-p 0002b000 3d8:ad14e 144134765124035940     /work2/11056/zwu/frontera/miniconda3/envs/libyt/lib/python3.13/site-packages/yt/utilities/lib/_octree_raytracing.cpython-313-x86_64-linux-gnu.so
2b2fcc9f6000-2b2fcc9fc000 r--p 00000000 3d8:ad14e 144134765124035605     /work2/11056/zwu/frontera/miniconda3/envs/libyt/lib/python3.13/site-packages/yt/utilities/lib/lenses.cpython-313-x86_64-linux-gnu.so
2b2fcc9fc000-2b2fcca16000 r-xp 00006000 3d8:ad14e 144134765124035605     /work2/11056/zwu/frontera/miniconda3/envs/libyt/lib/python3.13/site-packages/yt/utilities/lib/lenses.cpython-313-x86_64-linux-gnu.so
2b2fcca16000-2b2fcca1b000 r--p 00020000 3d8:ad14e 144134765124035605     /work2/11056/zwu/frontera/miniconda3/envs/libyt/lib/python3.13/site-packages/yt/utilities/lib/lenses.cpython-313-x86_64-linux-gnu.so
2b2fcca1b000-2b2fcca1c000 r--p 00025000 3d8:ad14e 144134765124035605     /work2/11056/zwu/frontera/miniconda3/envs/libyt/lib/python3.13/site-packages/yt/utilities/lib/lenses.cpython-313-x86_64-linux-gnu.so
2b2fcca1c000-2b2fcca1d000 rw-p 00026000 3d8:ad14e 144134765124035605     /work2/11056/zwu/frontera/miniconda3/envs/libyt/lib/python3.13/site-packages/yt/utilities/lib/lenses.cpython-313-x86_64-linux-gnu.so
2b2fcca1d000-2b2fcca1e000 rw-p 00000000 00:00 0 
2b2fcca1e000-2b2fcca25000 r--p 00000000 3d8:ad14e 144134765124035462     /work2/11056/zwu/frontera/miniconda3/envs/libyt/lib/python3.13/site-packages/yt/utilities/lib/grid_traversal.cpython-313-x86_64-linux-gnu.so
2b2fcca25000-2b2fcca4a000 r-xp 00007000 3d8:ad14e 144134765124035462     /work2/11056/zwu/frontera/miniconda3/envs/libyt/lib/python3.13/site-packages/yt/utilities/lib/grid_traversal.cpython-313-x86_64-linux-gnu.so
2b2fcca4a000-2b2fcca52000 r--p 0002c000 3d8:ad14e 144134765124035462     /work2/11056/zwu/frontera/miniconda3/envs/libyt/lib/python3.13/site-packages/yt/utilities/lib/grid_traversal.cpython-313-x86_64-linux-gnu.so
2b2fcca52000-2b2fcca53000 r--p 00033000 3d8:ad14e 144134765124035462     /work2/11056/zwu/frontera/miniconda3/envs/libyt/lib/python3.13/site-packages/yt/utilities/lib/grid_traversal.cpython-313-x86_64-linux-gnu.so
2b2fcca53000-2b2fcca55000 rw-p 00034000 3d8:ad14e 144134765124035462     /work2/11056/zwu/frontera/miniconda3/envs/libyt/lib/python3.13/site-packages/yt/utilities/lib/grid_traversal.cpython-313-x86_64-linux-gnu.so
2b2fcca55000-2b2fcca5b000 r--p 00000000 3d8:ad14e 144134765124036044     /work2/11056/zwu/frontera/miniconda3/envs/libyt/lib/python3.13/site-packages/yt/utilities/lib/fnv_hash.cpython-313-x86_64-linux-gnu.so
2b2fcca5b000-2b2fcca77000 r-xp 00006000 3d8:ad14e 144134765124036044     /work2/11056/zwu/frontera/miniconda3/envs/libyt/lib/python3.13/site-packages/yt/utilities/lib/fnv_hash.cpython-313-x86_64-linux-gnu.so
2b2fcca77000-2b2fcca7e000 r--p 00022000 3d8:ad14e 144134765124036044     /work2/11056/zwu/frontera/miniconda3/envs/libyt/lib/python3.13/site-packages/yt/utilities/lib/fnv_hash.cpython-313-x86_64-linux-gnu.so
2b2fcca7e000-2b2fcca7f000 r--p 00028000 3d8:ad14e 144134765124036044     /work2/11056/zwu/frontera/miniconda3/envs/libyt/lib/python3.13/site-packages/yt/utilities/lib/fnv_hash.cpython-313-x86_64-linux-gnu.so
2b2fcca7f000-2b2fcca81000 rw-p 00029000 3d8:ad14e 144134765124036044     /work2/11056/zwu/frontera/miniconda3/envs/libyt/lib/python3.13/site-packages/yt/utilities/lib/fnv_hash.cpython-313-x86_64-linux-gnu.so
2b2fcca81000-2b2fcca8a000 r--p 00000000 3d8:ad14e 144134765124036525     /work2/11056/zwu/frontera/miniconda3/envs/libyt/lib/python3.13/site-packages/yt/utilities/lib/misc_utilities.cpython-313-x86_64-linux-gnu.so
2b2fcca8a000-2b2fccaea000 r-xp 00009000 3d8:ad14e 144134765124036525     /work2/11056/zwu/frontera/miniconda3/envs/libyt/lib/python3.13/site-packages/yt/utilities/lib/misc_utilities.cpython-313-x86_64-linux-gnu.so
2b2fccaea000-2b2fccaf5000 r--p 00069000 3d8:ad14e 144134765124036525     /work2/11056/zwu/frontera/miniconda3/envs/libyt/lib/python3.13/site-packages/yt/utilities/lib/misc_utilities.cpython-313-x86_64-linux-gnu.so
2b2fccaf5000-2b2fccaf7000 r--p 00073000 3d8:ad14e 144134765124036525     /work2/11056/zwu/frontera/miniconda3/envs/libyt/lib/python3.13/site-packages/yt/utilities/lib/misc_utilities.cpython-313-x86_64-linux-gnu.so
2b2fccaf7000-2b2fccaf9000 rw-p 00075000 3d8:ad14e 144134765124036525     /work2/11056/zwu/frontera/miniconda3/envs/libyt/lib/python3.13/site-packages/yt/utilities/lib/misc_utilities.cpython-313-x86_64-linux-gnu.so
2b2fccaf9000-2b2fccafb000 rw-p 00000000 00:00 0 
2b2fccafb000-2b2fccb02000 r--p 00000000 3d8:ad14e 144134765124035740     /work2/11056/zwu/frontera/miniconda3/envs/libyt/lib/python3.13/site-packages/yt/utilities/lib/particle_mesh_operations.cpython-313-x86_64-linux-gnu.so
2b2fccb02000-2b2fccb32000 r-xp 00007000 3d8:ad14e 144134765124035740     /work2/11056/zwu/frontera/miniconda3/envs/libyt/lib/python3.13/site-packages/yt/utilities/lib/particle_mesh_operations.cpython-313-x86_64-linux-gnu.so
2b2fccb32000-2b2fccb3a000 r--p 00037000 3d8:ad14e 144134765124035740     /work2/11056/zwu/frontera/miniconda3/envs/libyt/lib/python3.13/site-packages/yt/utilities/lib/particle_mesh_operations.cpython-313-x86_64-linux-gnu.so
2b2fccb3a000-2b2fccb3b000 r--p 0003f000 3d8:ad14e 144134765124035740     /work2/11056/zwu/frontera/miniconda3/envs/libyt/lib/python3.13/site-packages/yt/utilities/lib/particle_mesh_operations.cpython-313-x86_64-linux-gnu.so
2b2fccb3b000-2b2fccb3d000 rw-p 00040000 3d8:ad14e 144134765124035740     /work2/11056/zwu/frontera/miniconda3/envs/libyt/lib/python3.13/site-packages/yt/utilities/lib/particle_mesh_operations.cpython-313-x86_64-linux-gnu.so
2b2fccb3d000-2b2fccb3e000 rw-p 00000000 00:00 0 
2b2fccb3e000-2b2fccb45000 r--p 00000000 3d8:ad14e 144134765124036749     /work2/11056/zwu/frontera/miniconda3/envs/libyt/lib/python3.13/site-packages/yt/utilities/lib/image_utilities.cpython-313-x86_64-linux-gnu.so
2b2fccb45000-2b2fccb74000 r-xp 00007000 3d8:ad14e 144134765124036749     /work2/11056/zwu/frontera/miniconda3/envs/libyt/lib/python3.13/site-packages/yt/utilities/lib/image_utilities.cpython-313-x86_64-linux-gnu.so
2b2fccb74000-2b2fccb7c000 r--p 00036000 3d8:ad14e 144134765124036749     /work2/11056/zwu/frontera/miniconda3/envs/libyt/lib/python3.13/site-packages/yt/utilities/lib/image_utilities.cpython-313-x86_64-linux-gnu.so
2b2fccb7c000-2b2fccb7d000 r--p 0003e000 3d8:ad14e 144134765124036749     /work2/11056/zwu/frontera/miniconda3/envs/libyt/lib/python3.13/site-packages/yt/utilities/lib/image_utilities.cpython-313-x86_64-linux-gnu.so
2b2fccb7d000-2b2fccb7f000 rw-p 0003f000 3d8:ad14e 144134765124036749     /work2/11056/zwu/frontera/miniconda3/envs/libyt/lib/python3.13/site-packages/yt/utilities/lib/image_utilities.cpython-313-x86_64-linux-gnu.so
2b2fccb7f000-2b2fccc7f000 rw-p 00000000 00:00 0 
2b2fccc7f000-2b2fccc84000 r--p 00000000 3d8:ad14e 144134765124011883     /work2/11056/zwu/frontera/miniconda3/envs/libyt/lib/python3.13/lib-dynload/_socket.cpython-313-x86_64-linux-gnu.so
2b2fccc84000-2b2fccc8d000 r-xp 00005000 3d8:ad14e 144134765124011883     /work2/11056/zwu/frontera/miniconda3/envs/libyt/lib/python3.13/lib-dynload/_socket.cpython-313-x86_64-linux-gnu.so
2b2fccc8d000-2b2fccc96000 r--p 0000e000 3d8:ad14e 144134765124011883     /work2/11056/zwu/frontera/miniconda3/envs/libyt/lib/python3.13/lib-dynload/_socket.cpython-313-x86_64-linux-gnu.so
2b2fccc96000-2b2fccc97000 r--p 00016000 3d8:ad14e 144134765124011883     /work2/11056/zwu/frontera/miniconda3/envs/libyt/lib/python3.13/lib-dynload/_socket.cpython-313-x86_64-linux-gnu.so
2b2fccc97000-2b2fccc98000 rw-p 00017000 3d8:ad14e 144134765124011883     /work2/11056/zwu/frontera/miniconda3/envs/libyt/lib/python3.13/lib-dynload/_socket.cpython-313-x86_64-linux-gnu.so
2b2fccc98000-2b2fccc9d000 r--p 00000000 3d8:ad14e 144134765124013545     /work2/11056/zwu/frontera/miniconda3/envs/libyt/lib/python3.13/lib-dynload/pyexpat.cpython-313-x86_64-linux-gnu.so
2b2fccc9d000-2b2fccca2000 r-xp 00005000 3d8:ad14e 144134765124013545     /work2/11056/zwu/frontera/miniconda3/envs/libyt/lib/python3.13/lib-dynload/pyexpat.cpython-313-x86_64-linux-gnu.so
2b2fccca2000-2b2fccca6000 r--p 0000a000 3d8:ad14e 144134765124013545     /work2/11056/zwu/frontera/miniconda3/envs/libyt/lib/python3.13/lib-dynload/pyexpat.cpython-313-x86_64-linux-gnu.so
2b2fccca6000-2b2fccca7000 r--p 0000e000 3d8:ad14e 144134765124013545     /work2/11056/zwu/frontera/miniconda3/envs/libyt/lib/python3.13/lib-dynload/pyexpat.cpython-313-x86_64-linux-gnu.so
2b2fccca7000-2b2fccca9000 rw-p 0000f000 3d8:ad14e 144134765124013545     /work2/11056/zwu/frontera/miniconda3/envs/libyt/lib/python3.13/lib-dynload/pyexpat.cpython-313-x86_64-linux-gnu.so
2b2fccca9000-2b2fcccad000 r--p 00000000 3d8:ad14e 144134765124010281     /work2/11056/zwu/frontera/miniconda3/envs/libyt/lib/libexpat.so.1.11.3
2b2fcccad000-2b2fcccca000 r-xp 00004000 3d8:ad14e 144134765124010281     /work2/11056/zwu/frontera/miniconda3/envs/libyt/lib/libexpat.so.1.11.3
2b2fcccca000-2b2fcccd2000 r--p 00021000 3d8:ad14e 144134765124010281     /work2/11056/zwu/frontera/miniconda3/envs/libyt/lib/libexpat.so.1.11.3
2b2fcccd2000-2b2fcccd4000 r--p 00029000 3d8:ad14e 144134765124010281     /work2/11056/zwu/frontera/miniconda3/envs/libyt/lib/libexpat.so.1.11.3
2b2fcccd4000-2b2fcccd5000 rw-p 0002b000 3d8:ad14e 144134765124010281     /work2/11056/zwu/frontera/miniconda3/envs/libyt/lib/libexpat.so.1.11.3
2b2fcccd5000-2b2fcd3d5000 rw-p 00000000 00:00 0 
2b2fcd3d5000-2b2fcd3da000 r--p 00000000 3d8:ad14e 144134765124036458     /work2/11056/zwu/frontera/miniconda3/envs/libyt/lib/python3.13/site-packages/yt/utilities/lib/quad_tree.cpython-313-x86_64-linux-gnu.so
2b2fcd3da000-2b2fcd3f3000 r-xp 00005000 3d8:ad14e 144134765124036458     /work2/11056/zwu/frontera/miniconda3/envs/libyt/lib/python3.13/site-packages/yt/utilities/lib/quad_tree.cpython-313-x86_64-linux-gnu.so
2b2fcd3f3000-2b2fcd3f8000 r--p 0001e000 3d8:ad14e 144134765124036458     /work2/11056/zwu/frontera/miniconda3/envs/libyt/lib/python3.13/site-packages/yt/utilities/lib/quad_tree.cpython-313-x86_64-linux-gnu.so
2b2fcd3f8000-2b2fcd3f9000 r--p 00023000 3d8:ad14e 144134765124036458     /work2/11056/zwu/frontera/miniconda3/envs/libyt/lib/python3.13/site-packages/yt/utilities/lib/quad_tree.cpython-313-x86_64-linux-gnu.so
2b2fcd3f9000-2b2fcd3fa000 rw-p 00024000 3d8:ad14e 144134765124036458     /work2/11056/zwu/frontera/miniconda3/envs/libyt/lib/python3.13/site-packages/yt/utilities/lib/quad_tree.cpython-313-x86_64-linux-gnu.so
2b2fcd3fa000-2b2fcd3fb000 rw-p 00000000 00:00 0 
2b2fcd3fb000-2b2fcd403000 r--p 00000000 3d8:ad14e 144134765124034768     /work2/11056/zwu/frontera/miniconda3/envs/libyt/lib/python3.13/site-packages/yt/geometry/grid_container.cpython-313-x86_64-linux-gnu.so
2b2fcd403000-2b2fcd439000 r-xp 00008000 3d8:ad14e 144134765124034768     /work2/11056/zwu/frontera/miniconda3/envs/libyt/lib/python3.13/site-packages/yt/geometry/grid_container.cpython-313-x86_64-linux-gnu.so
2b2fcd439000-2b2fcd443000 r--p 0003e000 3d8:ad14e 144134765124034768     /work2/11056/zwu/frontera/miniconda3/envs/libyt/lib/python3.13/site-packages/yt/geometry/grid_container.cpython-313-x86_64-linux-gnu.so
2b2fcd443000-2b2fcd445000 r--p 00047000 3d8:ad14e 144134765124034768     /work2/11056/zwu/frontera/miniconda3/envs/libyt/lib/python3.13/site-packages/yt/geometry/grid_container.cpython-313-x86_64-linux-gnu.so
2b2fcd445000-2b2fcd448000 rw-p 00049000 3d8:ad14e 144134765124034768     /work2/11056/zwu/frontera/miniconda3/envs/libyt/lib/python3.13/site-packages/yt/geometry/grid_container.cpython-313-x86_64-linux-gnu.so
2b2fcd448000-2b2fcd449000 rw-p 00000000 00:00 0 
2b2fcd449000-2b2fcd451000 r--p 00000000 3d8:ad14e 144134765124035387     /work2/11056/zwu/frontera/miniconda3/envs/libyt/lib/python3.13/site-packages/yt/utilities/lib/amr_kdtools.cpython-313-x86_64-linux-gnu.so
2b2fcd451000-2b2fcd49b000 r-xp 00008000 3d8:ad14e 144134765124035387     /work2/11056/zwu/frontera/miniconda3/envs/libyt/lib/python3.13/site-packages/yt/utilities/lib/amr_kdtools.cpython-313-x86_64-linux-gnu.so
2b2fcd49b000-2b2fcd4a6000 r--p 00052000 3d8:ad14e 144134765124035387     /work2/11056/zwu/frontera/miniconda3/envs/libyt/lib/python3.13/site-packages/yt/utilities/lib/amr_kdtools.cpython-313-x86_64-linux-gnu.so
2b2fcd4a6000-2b2fcd4a7000 r--p 0005d000 3d8:ad14e 144134765124035387     /work2/11056/zwu/frontera/miniconda3/envs/libyt/lib/python3.13/site-packages/yt/utilities/lib/amr_kdtools.cpython-313-x86_64-linux-gnu.so
2b2fcd4a7000-2b2fcd4aa000 rw-p 0005e000 3d8:ad14e 144134765124035387     /work2/11056/zwu/frontera/miniconda3/envs/libyt/lib/python3.13/site-packages/yt/utilities/lib/amr_kdtools.cpython-313-x86_64-linux-gnu.so
2b2fcd4aa000-2b2fcd5ab000 rw-p 00000000 00:00 0 
2b2fcd5ab000-2b2fcd5af000 r--p 00000000 3d8:ad14e 144134765124035190     /work2/11056/zwu/frontera/miniconda3/envs/libyt/lib/python3.13/site-packages/yt/utilities/lib/marching_cubes.cpython-313-x86_64-linux-gnu.so
2b2fcd5af000-2b2fcd5bd000 r-xp 00004000 3d8:ad14e 144134765124035190     /work2/11056/zwu/frontera/miniconda3/envs/libyt/lib/python3.13/site-packages/yt/utilities/lib/marching_cubes.cpython-313-x86_64-linux-gnu.so
2b2fcd5bd000-2b2fcd5c1000 r--p 00012000 3d8:ad14e 144134765124035190     /work2/11056/zwu/frontera/miniconda3/envs/libyt/lib/python3.13/site-packages/yt/utilities/lib/marching_cubes.cpython-313-x86_64-linux-gnu.so
2b2fcd5c1000-2b2fcd5c2000 r--p 00015000 3d8:ad14e 144134765124035190     /work2/11056/zwu/frontera/miniconda3/envs/libyt/lib/python3.13/site-packages/yt/utilities/lib/marching_cubes.cpython-313-x86_64-linux-gnu.so
2b2fcd5c2000-2b2fcd5c7000 rw-p 00016000 3d8:ad14e 144134765124035190     /work2/11056/zwu/frontera/miniconda3/envs/libyt/lib/python3.13/site-packages/yt/utilities/lib/marching_cubes.cpython-313-x86_64-linux-gnu.so
2b2fcd5c7000-2b2fcd5d0000 r--p 00000000 3d8:ad14e 144134765124035333     /work2/11056/zwu/frontera/miniconda3/envs/libyt/lib/python3.13/site-packages/yt/geometry/particle_deposit.cpython-313-x86_64-linux-gnu.so
2b2fcd5d0000-2b2fcd60f000 r-xp 00009000 3d8:ad14e 144134765124035333     /work2/11056/zwu/frontera/miniconda3/envs/libyt/lib/python3.13/site-packages/yt/geometry/particle_deposit.cpython-313-x86_64-linux-gnu.so
2b2fcd60f000-2b2fcd61b000 r--p 00048000 3d8:ad14e 144134765124035333     /work2/11056/zwu/frontera/miniconda3/envs/libyt/lib/python3.13/site-packages/yt/geometry/particle_deposit.cpython-313-x86_64-linux-gnu.so
2b2fcd61b000-2b2fcd61d000 r--p 00053000 3d8:ad14e 144134765124035333     /work2/11056/zwu/frontera/miniconda3/envs/libyt/lib/python3.13/site-packages/yt/geometry/particle_deposit.cpython-313-x86_64-linux-gnu.so
2b2fcd61d000-2b2fcd621000 rw-p 00055000 3d8:ad14e 144134765124035333     /work2/11056/zwu/frontera/miniconda3/envs/libyt/lib/python3.13/site-packages/yt/geometry/particle_deposit.cpython-313-x86_64-linux-gnu.so
2b2fcd621000-2b2fcd622000 rw-p 00000000 00:00 0 
2b2fcd622000-2b2fcd626000 r--p 00000000 3d8:ad14e 144134765124034726     /work2/11056/zwu/frontera/miniconda3/envs/libyt/lib/python3.13/site-packages/yt/utilities/lib/interpolators.cpython-313-x86_64-linux-gnu.so
2b2fcd626000-2b2fcd63a000 r-xp 00004000 3d8:ad14e 144134765124034726     /work2/11056/zwu/frontera/miniconda3/envs/libyt/lib/python3.13/site-packages/yt/utilities/lib/interpolators.cpython-313-x86_64-linux-gnu.so
2b2fcd63a000-2b2fcd63e000 r--p 00018000 3d8:ad14e 144134765124034726     /work2/11056/zwu/frontera/miniconda3/envs/libyt/lib/python3.13/site-packages/yt/utilities/lib/interpolators.cpython-313-x86_64-linux-gnu.so
2b2fcd63e000-2b2fcd63f000 r--p 0001b000 3d8:ad14e 144134765124034726     /work2/11056/zwu/frontera/miniconda3/envs/libyt/lib/python3.13/site-packages/yt/utilities/lib/interpolators.cpython-313-x86_64-linux-gnu.so
2b2fcd63f000-2b2fcd640000 rw-p 0001c000 3d8:ad14e 144134765124034726     /work2/11056/zwu/frontera/miniconda3/envs/libyt/lib/python3.13/site-packages/yt/utilities/lib/interpolators.cpython-313-x86_64-linux-gnu.so
2b2fcd640000-2b2fcd646000 r--p 00000000 3d8:ad14e 144134765124036547     /work2/11056/zwu/frontera/miniconda3/envs/libyt/lib/python3.13/site-packages/yt/utilities/lib/mesh_utilities.cpython-313-x86_64-linux-gnu.so
2b2fcd646000-2b2fcd667000 r-xp 00006000 3d8:ad14e 144134765124036547     /work2/11056/zwu/frontera/miniconda3/envs/libyt/lib/python3.13/site-packages/yt/utilities/lib/mesh_utilities.cpython-313-x86_64-linux-gnu.so
2b2fcd667000-2b2fcd66e000 r--p 00027000 3d8:ad14e 144134765124036547     /work2/11056/zwu/frontera/miniconda3/envs/libyt/lib/python3.13/site-packages/yt/utilities/lib/mesh_utilities.cpython-313-x86_64-linux-gnu.so
2b2fcd66e000-2b2fcd66f000 r--p 0002e000 3d8:ad14e 144134765124036547     /work2/11056/zwu/frontera/miniconda3/envs/libyt/lib/python3.13/site-packages/yt/utilities/lib/mesh_utilities.cpython-313-x86_64-linux-gnu.so
2b2fcd66f000-2b2fcd671000 rw-p 0002f000 3d8:ad14e 144134765124036547     /work2/11056/zwu/frontera/miniconda3/envs/libyt/lib/python3.13/site-packages/yt/utilities/lib/mesh_utilities.cpython-313-x86_64-linux-gnu.so
2b2fcd671000-2b2fcd679000 r--p 00000000 3d8:ad14e 144134765124035212     /work2/11056/zwu/frontera/miniconda3/envs/libyt/lib/python3.13/site-packages/yt/geometry/particle_smooth.cpython-313-x86_64-linux-gnu.so
2b2fcd679000-2b2fcd6b7000 r-xp 00008000 3d8:ad14e 144134765124035212     /work2/11056/zwu/frontera/miniconda3/envs/libyt/lib/python3.13/site-packages/yt/geometry/particle_smooth.cpython-313-x86_64-linux-gnu.so
2b2fcd6b7000-2b2fcd6c1000 r--p 00046000 3d8:ad14e 144134765124035212     /work2/11056/zwu/frontera/miniconda3/envs/libyt/lib/python3.13/site-packages/yt/geometry/particle_smooth.cpython-313-x86_64-linux-gnu.so
2b2fcd6c1000-2b2fcd6c3000 r--p 0004f000 3d8:ad14e 144134765124035212     /work2/11056/zwu/frontera/miniconda3/envs/libyt/lib/python3.13/site-packages/yt/geometry/particle_smooth.cpython-313-x86_64-linux-gnu.so
2b2fcd6c3000-2b2fcd6c6000 rw-p 00051000 3d8:ad14e 144134765124035212     /work2/11056/zwu/frontera/miniconda3/envs/libyt/lib/python3.13/site-packages/yt/geometry/particle_smooth.cpython-313-x86_64-linux-gnu.so
2b2fcd6c6000-2b2fcd6c7000 rw-p 00000000 00:00 0 
2b2fcd6c7000-2b2fcd6cd000 r--p 00000000 3d8:ad14e 144134765124036355     /work2/11056/zwu/frontera/miniconda3/envs/libyt/lib/python3.13/site-packages/yt/utilities/lib/distance_queue.cpython-313-x86_64-linux-gnu.so
2b2fcd6cd000-2b2fcd6ec000 r-xp 00006000 3d8:ad14e 144134765124036355     /work2/11056/zwu/frontera/miniconda3/envs/libyt/lib/python3.13/site-packages/yt/utilities/lib/distance_queue.cpython-313-x86_64-linux-gnu.so
2b2fcd6ec000-2b2fcd6f4000 r--p 00025000 3d8:ad14e 144134765124036355     /work2/11056/zwu/frontera/miniconda3/envs/libyt/lib/python3.13/site-packages/yt/utilities/lib/distance_queue.cpython-313-x86_64-linux-gnu.so
2b2fcd6f4000-2b2fcd6f5000 r--p 0002c000 3d8:ad14e 144134765124036355     /work2/11056/zwu/frontera/miniconda3/envs/libyt/lib/python3.13/site-packages/yt/utilities/lib/distance_queue.cpython-313-x86_64-linux-gnu.so
2b2fcd6f5000-2b2fcd6f7000 rw-p 0002d000 3d8:ad14e 144134765124036355     /work2/11056/zwu/frontera/miniconda3/envs/libyt/lib/python3.13/site-packages/yt/utilities/lib/distance_queue.cpython-313-x86_64-linux-gnu.so
2b2fcd6f7000-2b2fcd7f8000 rw-p 00000000 00:00 0 
2b2fcd7f8000-2b2fcd804000 r--p 00000000 3d8:ad14e 144134765124036623     /work2/11056/zwu/frontera/miniconda3/envs/libyt/lib/python3.13/site-packages/yt/geometry/particle_oct_container.cpython-313-x86_64-linux-gnu.so
2b2fcd804000-2b2fcd89f000 r-xp 0000c000 3d8:ad14e 144134765124036623     /work2/11056/zwu/frontera/miniconda3/envs/libyt/lib/python3.13/site-packages/yt/geometry/particle_oct_container.cpython-313-x86_64-linux-gnu.so
2b2fcd89f000-2b2fcd8b3000 r--p 000a7000 3d8:ad14e 144134765124036623     /work2/11056/zwu/frontera/miniconda3/envs/libyt/lib/python3.13/site-packages/yt/geometry/particle_oct_container.cpython-313-x86_64-linux-gnu.so
2b2fcd8b3000-2b2fcd8b5000 r--p 000ba000 3d8:ad14e 144134765124036623     /work2/11056/zwu/frontera/miniconda3/envs/libyt/lib/python3.13/site-packages/yt/geometry/particle_oct_container.cpython-313-x86_64-linux-gnu.so
2b2fcd8b5000-2b2fcd8b9000 rw-p 000bc000 3d8:ad14e 144134765124036623     /work2/11056/zwu/frontera/miniconda3/envs/libyt/lib/python3.13/site-packages/yt/geometry/particle_oct_container.cpython-313-x86_64-linux-gnu.so
2b2fcd8b9000-2b2fcd8bb000 rw-p 00000000 00:00 0 
2b2fcd8bb000-2b2fcd8c6000 r--p 00000000 3d8:ad14e 144131832097572340     /work2/11056/zwu/frontera/miniconda3/envs/libyt/lib/python3.13/site-packages/ewah_bool_utils/ewah_bool_wrap.cpython-313-x86_64-linux-gnu.so
2b2fcd8c6000-2b2fcd914000 r-xp 0000b000 3d8:ad14e 144131832097572340     /work2/11056/zwu/frontera/miniconda3/envs/libyt/lib/python3.13/site-packages/ewah_bool_utils/ewah_bool_wrap.cpython-313-x86_64-linux-gnu.so
2b2fcd914000-2b2fcd924000 r--p 00059000 3d8:ad14e 144131832097572340     /work2/11056/zwu/frontera/miniconda3/envs/libyt/lib/python3.13/site-packages/ewah_bool_utils/ewah_bool_wrap.cpython-313-x86_64-linux-gnu.so
2b2fcd924000-2b2fcd926000 r--p 00069000 3d8:ad14e 144131832097572340     /work2/11056/zwu/frontera/miniconda3/envs/libyt/lib/python3.13/site-packages/ewah_bool_utils/ewah_bool_wrap.cpython-313-x86_64-linux-gnu.so
2b2fcd926000-2b2fcd929000 rw-p 0006b000 3d8:ad14e 144131832097572340     /work2/11056/zwu/frontera/miniconda3/envs/libyt/lib/python3.13/site-packages/ewah_bool_utils/ewah_bool_wrap.cpython-313-x86_64-linux-gnu.so
2b2fcd929000-2b2fcd92b000 rw-p 00000000 00:00 0 
2b2fcd92b000-2b2fcd930000 r--p 00000000 3d8:ad14e 144131832097572337     /work2/11056/zwu/frontera/miniconda3/envs/libyt/lib/python3.13/site-packages/ewah_bool_utils/morton_utils.cpython-313-x86_64-linux-gnu.so
2b2fcd930000-2b2fcd946000 r-xp 00005000 3d8:ad14e 144131832097572337     /work2/11056/zwu/frontera/miniconda3/envs/libyt/lib/python3.13/site-packages/ewah_bool_utils/morton_utils.cpython-313-x86_64-linux-gnu.so
2b2fcd946000-2b2fcd94b000 r--p 0001b000 3d8:ad14e 144131832097572337     /work2/11056/zwu/frontera/miniconda3/envs/libyt/lib/python3.13/site-packages/ewah_bool_utils/morton_utils.cpython-313-x86_64-linux-gnu.so
2b2fcd94b000-2b2fcd94c000 r--p 00020000 3d8:ad14e 144131832097572337     /work2/11056/zwu/frontera/miniconda3/envs/libyt/lib/python3.13/site-packages/ewah_bool_utils/morton_utils.cpython-313-x86_64-linux-gnu.so
2b2fcd94c000-2b2fcd94d000 rw-p 00021000 3d8:ad14e 144131832097572337     /work2/11056/zwu/frontera/miniconda3/envs/libyt/lib/python3.13/site-packages/ewah_bool_utils/morton_utils.cpython-313-x86_64-linux-gnu.so
2b2fcd94d000-2b2fcd94e000 rw-p 00000000 00:00 0 
2b2fcd94e000-2b2fcd957000 r--p 00000000 3d8:ad14e 144134765124036053     /work2/11056/zwu/frontera/miniconda3/envs/libyt/lib/python3.13/site-packages/yt/utilities/lib/geometry_utils.cpython-313-x86_64-linux-gnu.so
2b2fcd957000-2b2fcd9f7000 r-xp 00009000 3d8:ad14e 144134765124036053     /work2/11056/zwu/frontera/miniconda3/envs/libyt/lib/python3.13/site-packages/yt/utilities/lib/geometry_utils.cpython-313-x86_64-linux-gnu.so
2b2fcd9f7000-2b2fcda04000 r--p 000a9000 3d8:ad14e 144134765124036053     /work2/11056/zwu/frontera/miniconda3/envs/libyt/lib/python3.13/site-packages/yt/utilities/lib/geometry_utils.cpython-313-x86_64-linux-gnu.so
2b2fcda04000-2b2fcda06000 r--p 000b5000 3d8:ad14e 144134765124036053     /work2/11056/zwu/frontera/miniconda3/envs/libyt/lib/python3.13/site-packages/yt/utilities/lib/geometry_utils.cpython-313-x86_64-linux-gnu.so
2b2fcda06000-2b2fcda08000 rw-p 000b7000 3d8:ad14e 144134765124036053     /work2/11056/zwu/frontera/miniconda3/envs/libyt/lib/python3.13/site-packages/yt/utilities/lib/geometry_utils.cpython-313-x86_64-linux-gnu.so
2b2fcda08000-2b2fcda0a000 rw-p 00000000 00:00 0 
2b2fcda0a000-2b2fcda14000 r--p 00000000 3d8:ad14e 144134765124036802     /work2/11056/zwu/frontera/miniconda3/envs/libyt/lib/python3.13/site-packages/yt/utilities/lib/pixelization_routines.cpython-313-x86_64-linux-gnu.so
2b2fcda14000-2b2fcdaba000 r-xp 0000a000 3d8:ad14e 144134765124036802     /work2/11056/zwu/frontera/miniconda3/envs/libyt/lib/python3.13/site-packages/yt/utilities/lib/pixelization_routines.cpython-313-x86_64-linux-gnu.so
2b2fcdaba000-2b2fcdac8000 r--p 000b0000 3d8:ad14e 144134765124036802     /work2/11056/zwu/frontera/miniconda3/envs/libyt/lib/python3.13/site-packages/yt/utilities/lib/pixelization_routines.cpython-313-x86_64-linux-gnu.so
2b2fcdac8000-2b2fcdaca000 r--p 000bd000 3d8:ad14e 144134765124036802     /work2/11056/zwu/frontera/miniconda3/envs/libyt/lib/python3.13/site-packages/yt/utilities/lib/pixelization_routines.cpython-313-x86_64-linux-gnu.so
2b2fcdaca000-2b2fcdacc000 rw-p 000bf000 3d8:ad14e 144134765124036802     /work2/11056/zwu/frontera/miniconda3/envs/libyt/lib/python3.13/site-packages/yt/utilities/lib/pixelization_routines.cpython-313-x86_64-linux-gnu.so
2b2fcdacc000-2b2fcdace000 rw-p 00000000 00:00 0 
2b2fcdace000-2b2fcdad6000 r--p 00000000 3d8:ad14e 144134765124034210     /work2/11056/zwu/frontera/miniconda3/envs/libyt/lib/python3.13/site-packages/yt/utilities/lib/element_mappings.cpython-313-x86_64-linux-gnu.so
2b2fcdad6000-2b2fcdb13000 r-xp 00008000 3d8:ad14e 144134765124034210     /work2/11056/zwu/frontera/miniconda3/envs/libyt/lib/python3.13/site-packages/yt/utilities/lib/element_mappings.cpython-313-x86_64-linux-gnu.so
2b2fcdb13000-2b2fcdb1f000 r--p 00045000 3d8:ad14e 144134765124034210     /work2/11056/zwu/frontera/miniconda3/envs/libyt/lib/python3.13/site-packages/yt/utilities/lib/element_mappings.cpython-313-x86_64-linux-gnu.so
2b2fcdb1f000-2b2fcdb20000 r--p 00051000 3d8:ad14e 144134765124034210     /work2/11056/zwu/frontera/miniconda3/envs/libyt/lib/python3.13/site-packages/yt/utilities/lib/element_mappings.cpython-313-x86_64-linux-gnu.so
2b2fcdb20000-2b2fcdb24000 rw-p 00052000 3d8:ad14e 144134765124034210     /work2/11056/zwu/frontera/miniconda3/envs/libyt/lib/python3.13/site-packages/yt/utilities/lib/element_mappings.cpython-313-x86_64-linux-gnu.so
2b2fcdb24000-2b2fcdb25000 rw-p 00000000 00:00 0 
2b2fcdb25000-2b2fcdb27000 r--p 00000000 3d8:ad14e 144134765124036546     /work2/11056/zwu/frontera/miniconda3/envs/libyt/lib/python3.13/site-packages/yt/utilities/lib/autogenerated_element_samplers.cpython-313-x86_64-linux-gnu.so
2b2fcdb27000-2b2fcdb2b000 r-xp 00002000 3d8:ad14e 144134765124036546     /work2/11056/zwu/frontera/miniconda3/envs/libyt/lib/python3.13/site-packages/yt/utilities/lib/autogenerated_element_samplers.cpython-313-x86_64-linux-gnu.so
2b2fcdb2b000-2b2fcdb2c000 r--p 00006000 3d8:ad14e 144134765124036546     /work2/11056/zwu/frontera/miniconda3/envs/libyt/lib/python3.13/site-packages/yt/utilities/lib/autogenerated_element_samplers.cpython-313-x86_64-linux-gnu.so
2b2fcdb2c000-2b2fcdb2d000 r--p 00006000 3d8:ad14e 144134765124036546     /work2/11056/zwu/frontera/miniconda3/envs/libyt/lib/python3.13/site-packages/yt/utilities/lib/autogenerated_element_samplers.cpython-313-x86_64-linux-gnu.so
2b2fcdb2d000-2b2fcdb2e000 rw-p 00007000 3d8:ad14e 144134765124036546     /work2/11056/zwu/frontera/miniconda3/envs/libyt/lib/python3.13/site-packages/yt/utilities/lib/autogenerated_element_samplers.cpython-313-x86_64-linux-gnu.so
2b2fcdb2e000-2b2fcdb35000 r--p 00000000 3d8:ad14e 144134765124036309     /work2/11056/zwu/frontera/miniconda3/envs/libyt/lib/python3.13/site-packages/yt/utilities/lib/bounded_priority_queue.cpython-313-x86_64-linux-gnu.so
2b2fcdb35000-2b2fcdb5c000 r-xp 00007000 3d8:ad14e 144134765124036309     /work2/11056/zwu/frontera/miniconda3/envs/libyt/lib/python3.13/site-packages/yt/utilities/lib/bounded_priority_queue.cpython-313-x86_64-linux-gnu.so
2b2fcdb5c000-2b2fcdb64000 r--p 0002e000 3d8:ad14e 144134765124036309     /work2/11056/zwu/frontera/miniconda3/envs/libyt/lib/python3.13/site-packages/yt/utilities/lib/bounded_priority_queue.cpython-313-x86_64-linux-gnu.so
2b2fcdb64000-2b2fcdb65000 r--p 00036000 3d8:ad14e 144134765124036309     /work2/11056/zwu/frontera/miniconda3/envs/libyt/lib/python3.13/site-packages/yt/utilities/lib/bounded_priority_queue.cpython-313-x86_64-linux-gnu.so
2b2fcdb65000-2b2fcdb67000 rw-p 00037000 3d8:ad14e 144134765124036309     /work2/11056/zwu/frontera/miniconda3/envs/libyt/lib/python3.13/site-packages/yt/utilities/lib/bounded_priority_queue.cpython-313-x86_64-linux-gnu.so
2b2fcdb67000-2b2fcdb68000 rw-p 00000000 00:00 0 
2b2fcdb68000-2b2fcdb71000 r--p 00000000 3d8:ad14e 144134765124036156     /work2/11056/zwu/frontera/miniconda3/envs/libyt/lib/python3.13/site-packages/yt/utilities/lib/cykdtree/kdtree.cpython-313-x86_64-linux-gnu.so
2b2fcdb71000-2b2fcdbad000 r-xp 00009000 3d8:ad14e 144134765124036156     /work2/11056/zwu/frontera/miniconda3/envs/libyt/lib/python3.13/site-packages/yt/utilities/lib/cykdtree/kdtree.cpython-313-x86_64-linux-gnu.so
2b2fcdbad000-2b2fcdbb9000 r--p 00045000 3d8:ad14e 144134765124036156     /work2/11056/zwu/frontera/miniconda3/envs/libyt/lib/python3.13/site-packages/yt/utilities/lib/cykdtree/kdtree.cpython-313-x86_64-linux-gnu.so
2b2fcdbb9000-2b2fcdbbb000 r--p 00050000 3d8:ad14e 144134765124036156     /work2/11056/zwu/frontera/miniconda3/envs/libyt/lib/python3.13/site-packages/yt/utilities/lib/cykdtree/kdtree.cpython-313-x86_64-linux-gnu.so
2b2fcdbbb000-2b2fcdbbe000 rw-p 00052000 3d8:ad14e 144134765124036156     /work2/11056/zwu/frontera/miniconda3/envs/libyt/lib/python3.13/site-packages/yt/utilities/lib/cykdtree/kdtree.cpython-313-x86_64-linux-gnu.so
2b2fcdbbe000-2b2fcdbc5000 r--p 00000000 3d8:ad14e 144134765124036969     /work2/11056/zwu/frontera/miniconda3/envs/libyt/lib/python3.13/site-packages/yt/utilities/lib/particle_kdtree_tools.cpython-313-x86_64-linux-gnu.so
2b2fcdbc5000-2b2fcdbe9000 r-xp 00007000 3d8:ad14e 144134765124036969     /work2/11056/zwu/frontera/miniconda3/envs/libyt/lib/python3.13/site-packages/yt/utilities/lib/particle_kdtree_tools.cpython-313-x86_64-linux-gnu.so
2b2fcdbe9000-2b2fcdbf1000 r--p 0002b000 3d8:ad14e 144134765124036969     /work2/11056/zwu/frontera/miniconda3/envs/libyt/lib/python3.13/site-packages/yt/utilities/lib/particle_kdtree_tools.cpython-313-x86_64-linux-gnu.so
2b2fcdbf1000-2b2fcdbf2000 r--p 00033000 3d8:ad14e 144134765124036969     /work2/11056/zwu/frontera/miniconda3/envs/libyt/lib/python3.13/site-packages/yt/utilities/lib/particle_kdtree_tools.cpython-313-x86_64-linux-gnu.so
2b2fcdbf2000-2b2fcdbf4000 rw-p 00034000 3d8:ad14e 144134765124036969     /work2/11056/zwu/frontera/miniconda3/envs/libyt/lib/python3.13/site-packages/yt/utilities/lib/particle_kdtree_tools.cpython-313-x86_64-linux-gnu.so
2b2fcdbf4000-2b2fcdbfb000 r--p 00000000 3d8:ad14e 144134765124036844     /work2/11056/zwu/frontera/miniconda3/envs/libyt/lib/python3.13/site-packages/yt/utilities/lib/cyoctree.cpython-313-x86_64-linux-gnu.so
2b2fcdbfb000-2b2fcdc28000 r-xp 00007000 3d8:ad14e 144134765124036844     /work2/11056/zwu/frontera/miniconda3/envs/libyt/lib/python3.13/site-packages/yt/utilities/lib/cyoctree.cpython-313-x86_64-linux-gnu.so
2b2fcdc28000-2b2fcdc31000 r--p 00034000 3d8:ad14e 144134765124036844     /work2/11056/zwu/frontera/miniconda3/envs/libyt/lib/python3.13/site-packages/yt/utilities/lib/cyoctree.cpython-313-x86_64-linux-gnu.so
2b2fcdc31000-2b2fcdc32000 r--p 0003d000 3d8:ad14e 144134765124036844     /work2/11056/zwu/frontera/miniconda3/envs/libyt/lib/python3.13/site-packages/yt/utilities/lib/cyoctree.cpython-313-x86_64-linux-gnu.so
2b2fcdc32000-2b2fcdc34000 rw-p 0003e000 3d8:ad14e 144134765124036844     /work2/11056/zwu/frontera/miniconda3/envs/libyt/lib/python3.13/site-packages/yt/utilities/lib/cyoctree.cpython-313-x86_64-linux-gnu.so
2b2fcdc34000-2b2fcdd35000 rw-p 00000000 00:00 0 
2b2fcdd35000-2b2fcdd3c000 r--p 00000000 3d8:ad14e 144134765124035799     /work2/11056/zwu/frontera/miniconda3/envs/libyt/lib/python3.13/site-packages/yt/utilities/lib/bounding_volume_hierarchy.cpython-313-x86_64-linux-gnu.so
2b2fcdd3c000-2b2fcdd5d000 r-xp 00007000 3d8:ad14e 144134765124035799     /work2/11056/zwu/frontera/miniconda3/envs/libyt/lib/python3.13/site-packages/yt/utilities/lib/bounding_volume_hierarchy.cpython-313-x86_64-linux-gnu.so
2b2fcdd5d000-2b2fcdd65000 r--p 00028000 3d8:ad14e 144134765124035799     /work2/11056/zwu/frontera/miniconda3/envs/libyt/lib/python3.13/site-packages/yt/utilities/lib/bounding_volume_hierarchy.cpython-313-x86_64-linux-gnu.so
2b2fcdd65000-2b2fcdd66000 r--p 00030000 3d8:ad14e 144134765124035799     /work2/11056/zwu/frontera/miniconda3/envs/libyt/lib/python3.13/site-packages/yt/utilities/lib/bounding_volume_hierarchy.cpython-313-x86_64-linux-gnu.so
2b2fcdd66000-2b2fcdd68000 rw-p 00031000 3d8:ad14e 144134765124035799     /work2/11056/zwu/frontera/miniconda3/envs/libyt/lib/python3.13/site-packages/yt/utilities/lib/bounding_volume_hierarchy.cpython-313-x86_64-linux-gnu.so
2b2fcdd68000-2b2fcdd69000 rw-p 00000000 00:00 0 
2b2fcdd69000-2b2fcdd6b000 r--p 00000000 3d8:ad14e 144134765124037060     /work2/11056/zwu/frontera/miniconda3/envs/libyt/lib/python3.13/site-packages/yt/utilities/lib/primitives.cpython-313-x86_64-linux-gnu.so
2b2fcdd6b000-2b2fcdd71000 r-xp 00002000 3d8:ad14e 144134765124037060     /work2/11056/zwu/frontera/miniconda3/envs/libyt/lib/python3.13/site-packages/yt/utilities/lib/primitives.cpython-313-x86_64-linux-gnu.so
2b2fcdd71000-2b2fcdd73000 r--p 00008000 3d8:ad14e 144134765124037060     /work2/11056/zwu/frontera/miniconda3/envs/libyt/lib/python3.13/site-packages/yt/utilities/lib/primitives.cpython-313-x86_64-linux-gnu.so
2b2fcdd73000-2b2fcdd74000 r--p 00009000 3d8:ad14e 144134765124037060     /work2/11056/zwu/frontera/miniconda3/envs/libyt/lib/python3.13/site-packages/yt/utilities/lib/primitives.cpython-313-x86_64-linux-gnu.so
2b2fcdd74000-2b2fcdd75000 rw-p 0000a000 3d8:ad14e 144134765124037060     /work2/11056/zwu/frontera/miniconda3/envs/libyt/lib/python3.13/site-packages/yt/utilities/lib/primitives.cpython-313-x86_64-linux-gnu.so
2b2fcdd75000-2b2fcdd7a000 r--p 00000000 3d8:ad14e 144134765124037015     /work2/11056/zwu/frontera/miniconda3/envs/libyt/lib/python3.13/site-packages/yt/utilities/lib/basic_octree.cpython-313-x86_64-linux-gnu.so
2b2fcdd7a000-2b2fcdd8e000 r-xp 00005000 3d8:ad14e 144134765124037015     /work2/11056/zwu/frontera/miniconda3/envs/libyt/lib/python3.13/site-packages/yt/utilities/lib/basic_octree.cpython-313-x86_64-linux-gnu.so
2b2fcdd8e000-2b2fcdd93000 r--p 00019000 3d8:ad14e 144134765124037015     /work2/11056/zwu/frontera/miniconda3/envs/libyt/lib/python3.13/site-packages/yt/utilities/lib/basic_octree.cpython-313-x86_64-linux-gnu.so
2b2fcdd93000-2b2fcdd94000 r--p 0001e000 3d8:ad14e 144134765124037015     /work2/11056/zwu/frontera/miniconda3/envs/libyt/lib/python3.13/site-packages/yt/utilities/lib/basic_octree.cpython-313-x86_64-linux-gnu.so
2b2fcdd94000-2b2fcdd95000 rw-p 0001f000 3d8:ad14e 144134765124037015     /work2/11056/zwu/frontera/miniconda3/envs/libyt/lib/python3.13/site-packages/yt/utilities/lib/basic_octree.cpython-313-x86_64-linux-gnu.so
2b2fcdd95000-2b2fcdd96000 rw-p 00000000 00:00 0 
2b2fcdd96000-2b2fcdd9e000 r--p 00000000 3d8:ad14e 144134765124036296     /work2/11056/zwu/frontera/miniconda3/envs/libyt/lib/python3.13/site-packages/yt/utilities/lib/contour_finding.cpython-313-x86_64-linux-gnu.so
2b2fcdd9e000-2b2fcdde1000 r-xp 00008000 3d8:ad14e 144134765124036296     /work2/11056/zwu/frontera/miniconda3/envs/libyt/lib/python3.13/site-packages/yt/utilities/lib/contour_finding.cpython-313-x86_64-linux-gnu.so
2b2fcdde1000-2b2fcddec000 r--p 0004b000 3d8:ad14e 144134765124036296     /work2/11056/zwu/frontera/miniconda3/envs/libyt/lib/python3.13/site-packages/yt/utilities/lib/contour_finding.cpython-313-x86_64-linux-gnu.so
2b2fcddec000-2b2fcddee000 r--p 00055000 3d8:ad14e 144134765124036296     /work2/11056/zwu/frontera/miniconda3/envs/libyt/lib/python3.13/site-packages/yt/utilities/lib/contour_finding.cpython-313-x86_64-linux-gnu.so
2b2fcddee000-2b2fcddf1000 rw-p 00057000 3d8:ad14e 144134765124036296     /work2/11056/zwu/frontera/miniconda3/envs/libyt/lib/python3.13/site-packages/yt/utilities/lib/contour_finding.cpython-313-x86_64-linux-gnu.so
2b2fcddf1000-2b2fcddf2000 rw-p 00000000 00:00 0 
2b2fcddf2000-2b2fcddf7000 r--p 00000000 3d8:ad14e 144134765124036963     /work2/11056/zwu/frontera/miniconda3/envs/libyt/lib/python3.13/site-packages/yt/utilities/lib/depth_first_octree.cpython-313-x86_64-linux-gnu.so
2b2fcddf7000-2b2fcde0a000 r-xp 00005000 3d8:ad14e 144134765124036963     /work2/11056/zwu/frontera/miniconda3/envs/libyt/lib/python3.13/site-packages/yt/utilities/lib/depth_first_octree.cpython-313-x86_64-linux-gnu.so
2b2fcde0a000-2b2fcde0f000 r--p 00018000 3d8:ad14e 144134765124036963     /work2/11056/zwu/frontera/miniconda3/envs/libyt/lib/python3.13/site-packages/yt/utilities/lib/depth_first_octree.cpython-313-x86_64-linux-gnu.so
2b2fcde0f000-2b2fcde10000 r--p 0001c000 3d8:ad14e 144134765124036963     /work2/11056/zwu/frontera/miniconda3/envs/libyt/lib/python3.13/site-packages/yt/utilities/lib/depth_first_octree.cpython-313-x86_64-linux-gnu.so
2b2fcde10000-2b2fcde12000 rw-p 0001d000 3d8:ad14e 144134765124036963     /work2/11056/zwu/frontera/miniconda3/envs/libyt/lib/python3.13/site-packages/yt/utilities/lib/depth_first_octree.cpython-313-x86_64-linux-gnu.so
2b2fcde12000-2b2fcde17000 r--p 00000000 3d8:ad14e 144134765124035794     /work2/11056/zwu/frontera/miniconda3/envs/libyt/lib/python3.13/site-packages/yt/utilities/lib/fortran_reader.cpython-313-x86_64-linux-gnu.so
2b2fcde17000-2b2fcde29000 r-xp 00005000 3d8:ad14e 144134765124035794     /work2/11056/zwu/frontera/miniconda3/envs/libyt/lib/python3.13/site-packages/yt/utilities/lib/fortran_reader.cpython-313-x86_64-linux-gnu.so
2b2fcde29000-2b2fcde2d000 r--p 00017000 3d8:ad14e 144134765124035794     /work2/11056/zwu/frontera/miniconda3/envs/libyt/lib/python3.13/site-packages/yt/utilities/lib/fortran_reader.cpython-313-x86_64-linux-gnu.so
2b2fcde2d000-2b2fcde2e000 r--p 0001b000 3d8:ad14e 144134765124035794     /work2/11056/zwu/frontera/miniconda3/envs/libyt/lib/python3.13/site-packages/yt/utilities/lib/fortran_reader.cpython-313-x86_64-linux-gnu.so
2b2fcde2e000-2b2fcde2f000 rw-p 0001c000 3d8:ad14e 144134765124035794     /work2/11056/zwu/frontera/miniconda3/envs/libyt/lib/python3.13/site-packages/yt/utilities/lib/fortran_reader.cpython-313-x86_64-linux-gnu.so
2b2fcde2f000-2b2fcde33000 r--p 00000000 3d8:ad14e 144134765124035864     /work2/11056/zwu/frontera/miniconda3/envs/libyt/lib/python3.13/site-packages/yt/utilities/lib/line_integral_convolution.cpython-313-x86_64-linux-gnu.so
2b2fcde33000-2b2fcde3c000 r-xp 00004000 3d8:ad14e 144134765124035864     /work2/11056/zwu/frontera/miniconda3/envs/libyt/lib/python3.13/site-packages/yt/utilities/lib/line_integral_convolution.cpython-313-x86_64-linux-gnu.so
2b2fcde3c000-2b2fcde3f000 r--p 0000d000 3d8:ad14e 144134765124035864     /work2/11056/zwu/frontera/miniconda3/envs/libyt/lib/python3.13/site-packages/yt/utilities/lib/line_integral_convolution.cpython-313-x86_64-linux-gnu.so
2b2fcde3f000-2b2fcde40000 r--p 0000f000 3d8:ad14e 144134765124035864     /work2/11056/zwu/frontera/miniconda3/envs/libyt/lib/python3.13/site-packages/yt/utilities/lib/line_integral_convolution.cpython-313-x86_64-linux-gnu.so
2b2fcde40000-2b2fcde41000 rw-p 00010000 3d8:ad14e 144134765124035864     /work2/11056/zwu/frontera/miniconda3/envs/libyt/lib/python3.13/site-packages/yt/utilities/lib/line_integral_convolution.cpython-313-x86_64-linux-gnu.so
2b2fcde41000-2b2fcde45000 r--p 00000000 3d8:ad14e 144134765124035838     /work2/11056/zwu/frontera/miniconda3/envs/libyt/lib/python3.13/site-packages/yt/utilities/lib/points_in_volume.cpython-313-x86_64-linux-gnu.so
2b2fcde45000-2b2fcde55000 r-xp 00004000 3d8:ad14e 144134765124035838     /work2/11056/zwu/frontera/miniconda3/envs/libyt/lib/python3.13/site-packages/yt/utilities/lib/points_in_volume.cpython-313-x86_64-linux-gnu.so
2b2fcde55000-2b2fcde59000 r--p 00014000 3d8:ad14e 144134765124035838     /work2/11056/zwu/frontera/miniconda3/envs/libyt/lib/python3.13/site-packages/yt/utilities/lib/points_in_volume.cpython-313-x86_64-linux-gnu.so
2b2fcde59000-2b2fcde5a000 r--p 00017000 3d8:ad14e 144134765124035838     /work2/11056/zwu/frontera/miniconda3/envs/libyt/lib/python3.13/site-packages/yt/utilities/lib/points_in_volume.cpython-313-x86_64-linux-gnu.so
2b2fcde5a000-2b2fcde5b000 rw-p 00018000 3d8:ad14e 144134765124035838     /work2/11056/zwu/frontera/miniconda3/envs/libyt/lib/python3.13/site-packages/yt/utilities/lib/points_in_volume.cpython-313-x86_64-linux-gnu.so
2b2fcde5b000-2b2fcde5f000 r--p 00000000 3d8:ad14e 144134765124035690     /work2/11056/zwu/frontera/miniconda3/envs/libyt/lib/python3.13/site-packages/yt/utilities/lib/write_array.cpython-313-x86_64-linux-gnu.so
2b2fcde5f000-2b2fcde6a000 r-xp 00004000 3d8:ad14e 144134765124035690     /work2/11056/zwu/frontera/miniconda3/envs/libyt/lib/python3.13/site-packages/yt/utilities/lib/write_array.cpython-313-x86_64-linux-gnu.so
2b2fcde6a000-2b2fcde6d000 r--p 0000f000 3d8:ad14e 144134765124035690     /work2/11056/zwu/frontera/miniconda3/envs/libyt/lib/python3.13/site-packages/yt/utilities/lib/write_array.cpython-313-x86_64-linux-gnu.so
2b2fcde6d000-2b2fcde6e000 r--p 00012000 3d8:ad14e 144134765124035690     /work2/11056/zwu/frontera/miniconda3/envs/libyt/lib/python3.13/site-packages/yt/utilities/lib/write_array.cpython-313-x86_64-linux-gnu.so
2b2fcde6e000-2b2fcde6f000 rw-p 00013000 3d8:ad14e 144134765124035690     /work2/11056/zwu/frontera/miniconda3/envs/libyt/lib/python3.13/site-packages/yt/utilities/lib/write_array.cpython-313-x86_64-linux-gnu.so
2b2fcde6f000-2b2fcdf6f000 rw-p 00000000 00:00 0 
2b2fcdf6f000-2b2fcdf76000 r--p 00000000 3d8:ad14e 144134765124035262     /work2/11056/zwu/frontera/miniconda3/envs/libyt/lib/python3.13/site-packages/yt/utilities/lib/mesh_triangulation.cpython-313-x86_64-linux-gnu.so
2b2fcdf76000-2b2fcdf9f000 r-xp 00007000 3d8:ad14e 144134765124035262     /work2/11056/zwu/frontera/miniconda3/envs/libyt/lib/python3.13/site-packages/yt/utilities/lib/mesh_triangulation.cpython-313-x86_64-linux-gnu.so
2b2fcdf9f000-2b2fcdfa7000 r--p 00030000 3d8:ad14e 144134765124035262     /work2/11056/zwu/frontera/miniconda3/envs/libyt/lib/python3.13/site-packages/yt/utilities/lib/mesh_triangulation.cpython-313-x86_64-linux-gnu.so
2b2fcdfa7000-2b2fcdfa8000 r--p 00038000 3d8:ad14e 144134765124035262     /work2/11056/zwu/frontera/miniconda3/envs/libyt/lib/python3.13/site-packages/yt/utilities/lib/mesh_triangulation.cpython-313-x86_64-linux-gnu.so
2b2fcdfa8000-2b2fcdfaa000 rw-p 00039000 3d8:ad14e 144134765124035262     /work2/11056/zwu/frontera/miniconda3/envs/libyt/lib/python3.13/site-packages/yt/utilities/lib/mesh_triangulation.cpython-313-x86_64-linux-gnu.so
2b2fcdfaa000-2b2fcdfab000 rw-p 00000000 00:00 0 
2b2fcdfab000-2b2fcdfcf000 r--p 00000000 3d8:ad14e 144134765124018686     /work2/11056/zwu/frontera/miniconda3/envs/libyt/lib/python3.13/site-packages/mpi4py/MPI.cpython-313-x86_64-linux-gnu.so
2b2fcdfcf000-2b2fce269000 r-xp 00024000 3d8:ad14e 144134765124018686     /work2/11056/zwu/frontera/miniconda3/envs/libyt/lib/python3.13/site-packages/mpi4py/MPI.cpython-313-x86_64-linux-gnu.so
2b2fce269000-2b2fce2d7000 r--p 002be000 3d8:ad14e 144134765124018686     /work2/11056/zwu/frontera/miniconda3/envs/libyt/lib/python3.13/site-packages/mpi4py/MPI.cpython-313-x86_64-linux-gnu.so
2b2fce2d7000-2b2fce2d8000 r--p 0032c000 3d8:ad14e 144134765124018686     /work2/11056/zwu/frontera/miniconda3/envs/libyt/lib/python3.13/site-packages/mpi4py/MPI.cpython-313-x86_64-linux-gnu.so
2b2fce2d8000-2b2fce2ea000 rw-p 0032d000 3d8:ad14e 144134765124018686     /work2/11056/zwu/frontera/miniconda3/envs/libyt/lib/python3.13/site-packages/mpi4py/MPI.cpython-313-x86_64-linux-gnu.so
2b2fce2ea000-2b2fce400000 rw-p 00000000 00:00 0 
2b2fce400000-2b2fcee00000 rw-p 00000000 00:00 0 
2b2fcee00000-2b2fcf1f2000 rw-p 00000000 00:00 0 
2b2fcf1f2000-2b2fcf1f3000 r--p 00000000 3d8:ad14e 144134881776061359     /work2/11056/zwu/frontera/miniconda3/envs/libyt/lib/python3.13/site-packages/torch/lib/libtorch_global_deps.so
2b2fcf1f3000-2b2fcf1f4000 r-xp 00001000 3d8:ad14e 144134881776061359     /work2/11056/zwu/frontera/miniconda3/envs/libyt/lib/python3.13/site-packages/torch/lib/libtorch_global_deps.so
2b2fcf1f4000-2b2fcf1f5000 r--p 00002000 3d8:ad14e 144134881776061359     /work2/11056/zwu/frontera/miniconda3/envs/libyt/lib/python3.13/site-packages/torch/lib/libtorch_global_deps.so
2b2fcf1f5000-2b2fcf1f6000 r--p 00002000 3d8:ad14e 144134881776061359     /work2/11056/zwu/frontera/miniconda3/envs/libyt/lib/python3.13/site-packages/torch/lib/libtorch_global_deps.so
2b2fcf1f6000-2b2fcf1f7000 rw-p 00003000 3d8:ad14e 144134881776061359     /work2/11056/zwu/frontera/miniconda3/envs/libyt/lib/python3.13/site-packages/torch/lib/libtorch_global_deps.so
2b2fcf1f7000-2b2fcf1f8000 rw-p 00004000 3d8:ad14e 144134881776061359     /work2/11056/zwu/frontera/miniconda3/envs/libyt/lib/python3.13/site-packages/torch/lib/libtorch_global_deps.so
2b2fcf1f8000-2b2fcf1f9000 rw-p 00005000 3d8:ad14e 144134881776061359     /work2/11056/zwu/frontera/miniconda3/envs/libyt/lib/python3.13/site-packages/torch/lib/libtorch_global_deps.so
2b2fcf1f9000-2b2fcf2a0000 r-xp 00000000 3d8:ad14e 144134881776058613     /work2/11056/zwu/frontera/miniconda3/envs/libyt/lib/python3.13/site-packages/nvidia/cuda_runtime/lib/libcudart.so.12
2b2fcf2a0000-2b2fcf4a0000 ---p 000a7000 3d8:ad14e 144134881776058613     /work2/11056/zwu/frontera/miniconda3/envs/libyt/lib/python3.13/site-packages/nvidia/cuda_runtime/lib/libcudart.so.12
2b2fcf4a0000-2b2fcf4a5000 r--p 000a7000 3d8:ad14e 144134881776058613     /work2/11056/zwu/frontera/miniconda3/envs/libyt/lib/python3.13/site-packages/nvidia/cuda_runtime/lib/libcudart.so.12
2b2fcf4a5000-2b2fcf4a6000 rw-p 000ac000 3d8:ad14e 144134881776058613     /work2/11056/zwu/frontera/miniconda3/envs/libyt/lib/python3.13/site-packages/nvidia/cuda_runtime/lib/libcudart.so.12
2b2fcf4a6000-2b2fcf4a8000 rw-p 00000000 00:00 0 
2b2fcf4a8000-2b2fcf4cd000 r-xp 00000000 3d8:ad14e 144134881776061357     /work2/11056/zwu/frontera/miniconda3/envs/libyt/lib/python3.13/site-packages/torch/lib/libgomp-a34b3233.so.1
2b2fcf4cd000-2b2fcf6cc000 ---p 00025000 3d8:ad14e 144134881776061357     /work2/11056/zwu/frontera/miniconda3/envs/libyt/lib/python3.13/site-packages/torch/lib/libgomp-a34b3233.so.1
2b2fcf6cc000-2b2fcf6cd000 r--p 00024000 3d8:ad14e 144134881776061357     /work2/11056/zwu/frontera/miniconda3/envs/libyt/lib/python3.13/site-packages/torch/lib/libgomp-a34b3233.so.1
2b2fcf6cd000-2b2fcf6ce000 rw-p 00025000 3d8:ad14e 144134881776061357     /work2/11056/zwu/frontera/miniconda3/envs/libyt/lib/python3.13/site-packages/torch/lib/libgomp-a34b3233.so.1
2b2fcf6ce000-2b2fcf6d2000 rw-p 00026000 3d8:ad14e 144134881776061357     /work2/11056/zwu/frontera/miniconda3/envs/libyt/lib/python3.13/site-packages/torch/lib/libgomp-a34b3233.so.1
2b2fcf6d2000-2b2fd296a000 r-xp 00000000 3d8:ad14e 144134881776058638     /work2/11056/zwu/frontera/miniconda3/envs/libyt/lib/python3.13/site-packages/nvidia/cuda_nvrtc/lib/libnvrtc.so.12
2b2fd296a000-2b2fd2b6a000 ---p 03298000 3d8:ad14e 144134881776058638     /work2/11056/zwu/frontera/miniconda3/envs/libyt/lib/python3.13/site-packages/nvidia/cuda_nvrtc/lib/libnvrtc.so.12
2b2fd2b6a000-2b2fd3189000 r--p 03298000 3d8:ad14e 144134881776058638     /work2/11056/zwu/frontera/miniconda3/envs/libyt/lib/python3.13/site-packages/nvidia/cuda_nvrtc/lib/libnvrtc.so.12
2b2fd3189000-2b2fd326e000 rw-p 038b7000 3d8:ad14e 144134881776058638     /work2/11056/zwu/frontera/miniconda3/envs/libyt/lib/python3.13/site-packages/nvidia/cuda_nvrtc/lib/libnvrtc.so.12
2b2fd326e000-2b2fd336d000 rw-p 00000000 00:00 0 
2b2fd336d000-2b2fd336f000 rw-p 0399d000 3d8:ad14e 144134881776058638     /work2/11056/zwu/frontera/miniconda3/envs/libyt/lib/python3.13/site-packages/nvidia/cuda_nvrtc/lib/libnvrtc.so.12
2b2fd336f000-2b2fd604c000 r-xp 00000000 3d8:ad14e 144134881776058404     /work2/11056/zwu/frontera/miniconda3/envs/libyt/lib/python3.13/site-packages/nvidia/nvjitlink/lib/libnvJitLink.so.12
2b2fd604c000-2b2fd624c000 ---p 02cdd000 3d8:ad14e 144134881776058404     /work2/11056/zwu/frontera/miniconda3/envs/libyt/lib/python3.13/site-packages/nvidia/nvjitlink/lib/libnvJitLink.so.12
2b2fd624c000-2b2fd6819000 r--p 02cdd000 3d8:ad14e 144134881776058404     /work2/11056/zwu/frontera/miniconda3/envs/libyt/lib/python3.13/site-packages/nvidia/nvjitlink/lib/libnvJitLink.so.12
2b2fd6819000-2b2fd688c000 rw-p 032aa000 3d8:ad14e 144134881776058404     /work2/11056/zwu/frontera/miniconda3/envs/libyt/lib/python3.13/site-packages/nvidia/nvjitlink/lib/libnvJitLink.so.12
2b2fd688c000-2b2fd6902000 rw-p 00000000 00:00 0 
2b2fd6902000-2b2fd6903000 r--p 00000000 3d8:ad14e 144134881776071753     /work2/11056/zwu/frontera/miniconda3/envs/libyt/lib/python3.13/site-packages/torch/_C.cpython-313-x86_64-linux-gnu.so
2b2fd6903000-2b2fd6904000 r-xp 00001000 3d8:ad14e 144134881776071753     /work2/11056/zwu/frontera/miniconda3/envs/libyt/lib/python3.13/site-packages/torch/_C.cpython-313-x86_64-linux-gnu.so
2b2fd6904000-2b2fd6905000 r--p 00002000 3d8:ad14e 144134881776071753     /work2/11056/zwu/frontera/miniconda3/envs/libyt/lib/python3.13/site-packages/torch/_C.cpython-313-x86_64-linux-gnu.so
2b2fd6905000-2b2fd6906000 r--p 00002000 3d8:ad14e 144134881776071753     /work2/11056/zwu/frontera/miniconda3/envs/libyt/lib/python3.13/site-packages/torch/_C.cpython-313-x86_64-linux-gnu.so
2b2fd6906000-2b2fd6907000 rw-p 00003000 3d8:ad14e 144134881776071753     /work2/11056/zwu/frontera/miniconda3/envs/libyt/lib/python3.13/site-packages/torch/_C.cpython-313-x86_64-linux-gnu.so
2b2fd6907000-2b2fd6908000 rw-p 00008000 3d8:ad14e 144134881776071753     /work2/11056/zwu/frontera/miniconda3/envs/libyt/lib/python3.13/site-packages/torch/_C.cpython-313-x86_64-linux-gnu.so
2b2fd6908000-2b2fd6ba3000 r--p 00000000 3d8:ad14e 144134881776061358     /work2/11056/zwu/frontera/miniconda3/envs/libyt/lib/python3.13/site-packages/torch/lib/libtorch_python.so
2b2fd6ba3000-2b2fd7847000 r-xp 0029b000 3d8:ad14e 144134881776061358     /work2/11056/zwu/frontera/miniconda3/envs/libyt/lib/python3.13/site-packages/torch/lib/libtorch_python.so
2b2fd7847000-2b2fd7c25000 r--p 00f3f000 3d8:ad14e 144134881776061358     /work2/11056/zwu/frontera/miniconda3/envs/libyt/lib/python3.13/site-packages/torch/lib/libtorch_python.so
2b2fd7c25000-2b2fd7c26000 ---p 0131d000 3d8:ad14e 144134881776061358     /work2/11056/zwu/frontera/miniconda3/envs/libyt/lib/python3.13/site-packages/torch/lib/libtorch_python.so
2b2fd7c26000-2b2fd7c47000 r--p 0131d000 3d8:ad14e 144134881776061358     /work2/11056/zwu/frontera/miniconda3/envs/libyt/lib/python3.13/site-packages/torch/lib/libtorch_python.so
2b2fd7c47000-2b2fd7ca8000 rw-p 0133e000 3d8:ad14e 144134881776061358     /work2/11056/zwu/frontera/miniconda3/envs/libyt/lib/python3.13/site-packages/torch/lib/libtorch_python.so
2b2fd7ca8000-2b2fd7d12000 rw-p 00000000 00:00 0 
2b2fd7d12000-2b2fd7e85000 rw-p 01abe000 3d8:ad14e 144134881776061358     /work2/11056/zwu/frontera/miniconda3/envs/libyt/lib/python3.13/site-packages/torch/lib/libtorch_python.so
2b2fd7e85000-2b2fd7e91000 r--p 00000000 3d8:ad14e 144134881776061363     /work2/11056/zwu/frontera/miniconda3/envs/libyt/lib/python3.13/site-packages/torch/lib/libtorch.so
2b2fd7e91000-2b2fd7e9c000 r-xp 0000c000 3d8:ad14e 144134881776061363     /work2/11056/zwu/frontera/miniconda3/envs/libyt/lib/python3.13/site-packages/torch/lib/libtorch.so
2b2fd7e9c000-2b2fd7ea1000 r--p 00017000 3d8:ad14e 144134881776061363     /work2/11056/zwu/frontera/miniconda3/envs/libyt/lib/python3.13/site-packages/torch/lib/libtorch.so
2b2fd7ea1000-2b2fd7ea2000 ---p 0001c000 3d8:ad14e 144134881776061363     /work2/11056/zwu/frontera/miniconda3/envs/libyt/lib/python3.13/site-packages/torch/lib/libtorch.so
2b2fd7ea2000-2b2fd7ea3000 r--p 0001c000 3d8:ad14e 144134881776061363     /work2/11056/zwu/frontera/miniconda3/envs/libyt/lib/python3.13/site-packages/torch/lib/libtorch.so
2b2fd7ea3000-2b2fd7ea4000 rw-p 0001d000 3d8:ad14e 144134881776061363     /work2/11056/zwu/frontera/miniconda3/envs/libyt/lib/python3.13/site-packages/torch/lib/libtorch.so
2b2fd7ea4000-2b2fd7eab000 rw-p 00029000 3d8:ad14e 144134881776061363     /work2/11056/zwu/frontera/miniconda3/envs/libyt/lib/python3.13/site-packages/torch/lib/libtorch.so
2b2fd7eab000-2b2fd7eae000 r--p 00000000 3d8:ad14e 144134881776061364     /work2/11056/zwu/frontera/miniconda3/envs/libyt/lib/python3.13/site-packages/torch/lib/libshm.so
2b2fd7eae000-2b2fd7eb1000 r-xp 00003000 3d8:ad14e 144134881776061364     /work2/11056/zwu/frontera/miniconda3/envs/libyt/lib/python3.13/site-packages/torch/lib/libshm.so
2b2fd7eb1000-2b2fd7eb2000 r--p 00006000 3d8:ad14e 144134881776061364     /work2/11056/zwu/frontera/miniconda3/envs/libyt/lib/python3.13/site-packages/torch/lib/libshm.so
2b2fd7eb2000-2b2fd7eb3000 ---p 00007000 3d8:ad14e 144134881776061364     /work2/11056/zwu/frontera/miniconda3/envs/libyt/lib/python3.13/site-packages/torch/lib/libshm.so
2b2fd7eb3000-2b2fd7eb4000 r--p 00007000 3d8:ad14e 144134881776061364     /work2/11056/zwu/frontera/miniconda3/envs/libyt/lib/python3.13/site-packages/torch/lib/libshm.so
2b2fd7eb4000-2b2fd7eb5000 rw-p 00008000 3d8:ad14e 144134881776061364     /work2/11056/zwu/frontera/miniconda3/envs/libyt/lib/python3.13/site-packages/torch/lib/libshm.so
2b2fd7eb5000-2b2fd7eb6000 rw-p 0000b000 3d8:ad14e 144134881776061364     /work2/11056/zwu/frontera/miniconda3/envs/libyt/lib/python3.13/site-packages/torch/lib/libshm.so
2b2fd7eb6000-2b2fd7eb7000 rw-p 0000c000 3d8:ad14e 144134881776061364     /work2/11056/zwu/frontera/miniconda3/envs/libyt/lib/python3.13/site-packages/torch/lib/libshm.so
2b2fd7eb7000-2b2fd8e93000 r--p 00000000 3d8:ad14e 144134881776061362     /work2/11056/zwu/frontera/miniconda3/envs/libyt/lib/python3.13/site-packages/torch/lib/libtorch_cpu.so
2b2fd8e93000-2b2fe95f8000 r-xp 00fdc000 3d8:ad14e 144134881776061362     /work2/11056/zwu/frontera/miniconda3/envs/libyt/lib/python3.13/site-packages/torch/lib/libtorch_cpu.so
2b2fe95f8000-2b2febf7a000 r--p 11741000 3d8:ad14e 144134881776061362     /work2/11056/zwu/frontera/miniconda3/envs/libyt/lib/python3.13/site-packages/torch/lib/libtorch_cpu.so
2b2febf7a000-2b2febf7b000 ---p 140c3000 3d8:ad14e 144134881776061362     /work2/11056/zwu/frontera/miniconda3/envs/libyt/lib/python3.13/site-packages/torch/lib/libtorch_cpu.so
2b2febf7b000-2b2fec1d3000 r--p 140c3000 3d8:ad14e 144134881776061362     /work2/11056/zwu/frontera/miniconda3/envs/libyt/lib/python3.13/site-packages/torch/lib/libtorch_cpu.so
2b2fec1d3000-2b2fec290000 rw-p 1431b000 3d8:ad14e 144134881776061362     /work2/11056/zwu/frontera/miniconda3/envs/libyt/lib/python3.13/site-packages/torch/lib/libtorch_cpu.so
2b2fec290000-2b2fec337000 rw-p 00000000 00:00 0 
2b2fec337000-2b2fec996000 rw-p 19928000 3d8:ad14e 144134881776061362     /work2/11056/zwu/frontera/miniconda3/envs/libyt/lib/python3.13/site-packages/torch/lib/libtorch_cpu.so
2b2fec996000-2b2fecf73000 rw-p 19f87000 3d8:ad14e 144134881776061362     /work2/11056/zwu/frontera/miniconda3/envs/libyt/lib/python3.13/site-packages/torch/lib/libtorch_cpu.so
2b2fecf73000-2b2fedd6b000 r--p 00000000 3d8:ad14e 144134881776061361     /work2/11056/zwu/frontera/miniconda3/envs/libyt/lib/python3.13/site-packages/torch/lib/libtorch_cuda.so
2b2fedd6b000-2b2ff0b42000 r-xp 00df8000 3d8:ad14e 144134881776061361     /work2/11056/zwu/frontera/miniconda3/envs/libyt/lib/python3.13/site-packages/torch/lib/libtorch_cuda.so
2b2ff0b42000-2b3020859000 r--p 03bcf000 3d8:ad14e 144134881776061361     /work2/11056/zwu/frontera/miniconda3/envs/libyt/lib/python3.13/site-packages/torch/lib/libtorch_cuda.so
2b3020859000-2b30208c9000 r--p 338e5000 3d8:ad14e 144134881776061361     /work2/11056/zwu/frontera/miniconda3/envs/libyt/lib/python3.13/site-packages/torch/lib/libtorch_cuda.so
2b30208c9000-2b30208ec000 rw-p 33955000 3d8:ad14e 144134881776061361     /work2/11056/zwu/frontera/miniconda3/envs/libyt/lib/python3.13/site-packages/torch/lib/libtorch_cuda.so
2b30208ec000-2b30215ff000 rw-p 00000000 00:00 0 
2b30215ff000-2b302211b000 rw-p 351bb000 3d8:ad14e 144134881776061361     /work2/11056/zwu/frontera/miniconda3/envs/libyt/lib/python3.13/site-packages/torch/lib/libtorch_cuda.so
2b302211b000-2b302212d000 r--p 00000000 3d8:ad14e 144134881776061366     /work2/11056/zwu/frontera/miniconda3/envs/libyt/lib/python3.13/site-packages/torch/lib/libc10_cuda.so
2b302212d000-2b3022189000 r-xp 00012000 3d8:ad14e 144134881776061366     /work2/11056/zwu/frontera/miniconda3/envs/libyt/lib/python3.13/site-packages/torch/lib/libc10_cuda.so
2b3022189000-2b302219f000 r--p 0006e000 3d8:ad14e 144134881776061366     /work2/11056/zwu/frontera/miniconda3/envs/libyt/lib/python3.13/site-packages/torch/lib/libc10_cuda.so
2b302219f000-2b30221a0000 ---p 00084000 3d8:ad14e 144134881776061366     /work2/11056/zwu/frontera/miniconda3/envs/libyt/lib/python3.13/site-packages/torch/lib/libc10_cuda.so
2b30221a0000-2b30221a1000 r--p 00084000 3d8:ad14e 144134881776061366     /work2/11056/zwu/frontera/miniconda3/envs/libyt/lib/python3.13/site-packages/torch/lib/libc10_cuda.so
2b30221a1000-2b30221a2000 rw-p 00085000 3d8:ad14e 144134881776061366     /work2/11056/zwu/frontera/miniconda3/envs/libyt/lib/python3.13/site-packages/torch/lib/libc10_cuda.so
2b30221a2000-2b30221c8000 rw-p 00000000 00:00 0 
2b30221c8000-2b30221d2000 rw-p 000a7000 3d8:ad14e 144134881776061366     /work2/11056/zwu/frontera/miniconda3/envs/libyt/lib/python3.13/site-packages/torch/lib/libc10_cuda.so
2b30221d2000-2b3022201000 r--p 00000000 3d8:ad14e 144134881776061367     /work2/11056/zwu/frontera/miniconda3/envs/libyt/lib/python3.13/site-packages/torch/lib/libc10.so
2b3022201000-2b302229c000 r-xp 0002f000 3d8:ad14e 144134881776061367     /work2/11056/zwu/frontera/miniconda3/envs/libyt/lib/python3.13/site-packages/torch/lib/libc10.so
2b302229c000-2b30222cf000 r--p 000ca000 3d8:ad14e 144134881776061367     /work2/11056/zwu/frontera/miniconda3/envs/libyt/lib/python3.13/site-packages/torch/lib/libc10.so
2b30222cf000-2b30222d2000 r--p 000fc000 3d8:ad14e 144134881776061367     /work2/11056/zwu/frontera/miniconda3/envs/libyt/lib/python3.13/site-packages/torch/lib/libc10.so
2b30222d2000-2b30222d8000 rw-p 000ff000 3d8:ad14e 144134881776061367     /work2/11056/zwu/frontera/miniconda3/envs/libyt/lib/python3.13/site-packages/torch/lib/libc10.so
2b30222d8000-2b30222db000 rw-p 00000000 00:00 0 
2b30222db000-2b30222f4000 rw-p 0014b000 3d8:ad14e 144134881776061367     /work2/11056/zwu/frontera/miniconda3/envs/libyt/lib/python3.13/site-packages/torch/lib/libc10.so
2b30222f4000-2b302230c000 r-xp 00000000 3d8:ad14e 144134881776060270     /work2/11056/zwu/frontera/miniconda3/envs/libyt/lib/python3.13/site-packages/nvidia/cudnn/lib/libcudnn.so.9
2b302230c000-2b302250c000 ---p 00018000 3d8:ad14e 144134881776060270     /work2/11056/zwu/frontera/miniconda3/envs/libyt/lib/python3.13/site-packages/nvidia/cudnn/lib/libcudnn.so.9
2b302250c000-2b302250d000 r--p 00018000 3d8:ad14e 144134881776060270     /work2/11056/zwu/frontera/miniconda3/envs/libyt/lib/python3.13/site-packages/nvidia/cudnn/lib/libcudnn.so.9
2b302250d000-2b302250e000 rw-p 00019000 3d8:ad14e 144134881776060270     /work2/11056/zwu/frontera/miniconda3/envs/libyt/lib/python3.13/site-packages/nvidia/cudnn/lib/libcudnn.so.9
2b302250e000-2b3022b8c000 r-xp 00000000 3d8:ad14e 144134881776058698     /work2/11056/zwu/frontera/miniconda3/envs/libyt/lib/python3.13/site-packages/nvidia/cuda_cupti/lib/libcupti.so.12
2b3022b8c000-2b3022d8b000 ---p 0067e000 3d8:ad14e 144134881776058698     /work2/11056/zwu/frontera/miniconda3/envs/libyt/lib/python3.13/site-packages/nvidia/cuda_cupti/lib/libcupti.so.12
2b3022d8b000-2b3022dda000 r--p 0067d000 3d8:ad14e 144134881776058698     /work2/11056/zwu/frontera/miniconda3/envs/libyt/lib/python3.13/site-packages/nvidia/cuda_cupti/lib/libcupti.so.12
2b3022dda000-2b3022e72000 rw-p 006cc000 3d8:ad14e 144134881776058698     /work2/11056/zwu/frontera/miniconda3/envs/libyt/lib/python3.13/site-packages/nvidia/cuda_cupti/lib/libcupti.so.12
2b3022e72000-2b3022eab000 rw-p 00000000 00:00 0 
2b3022eab000-2b3033ac4000 r-xp 00000000 3d8:ad14e 144134881776060233     /work2/11056/zwu/frontera/miniconda3/envs/libyt/lib/python3.13/site-packages/nvidia/cusparse/lib/libcusparse.so.12
2b3033ac4000-2b3033cc4000 ---p 10c19000 3d8:ad14e 144134881776060233     /work2/11056/zwu/frontera/miniconda3/envs/libyt/lib/python3.13/site-packages/nvidia/cusparse/lib/libcusparse.so.12
2b3033cc4000-2b3033cd3000 r--p 10c19000 3d8:ad14e 144134881776060233     /work2/11056/zwu/frontera/miniconda3/envs/libyt/lib/python3.13/site-packages/nvidia/cusparse/lib/libcusparse.so.12
2b3033cd3000-2b3033cef000 rw-p 10c28000 3d8:ad14e 144134881776060233     /work2/11056/zwu/frontera/miniconda3/envs/libyt/lib/python3.13/site-packages/nvidia/cusparse/lib/libcusparse.so.12
2b3033cef000-2b3033cf4000 rw-p 00000000 00:00 0 
2b3033cf4000-2b3033cf9000 rw-p 10c44000 3d8:ad14e 144134881776060233     /work2/11056/zwu/frontera/miniconda3/envs/libyt/lib/python3.13/site-packages/nvidia/cusparse/lib/libcusparse.so.12
2b3033cf9000-2b30346aa000 r-xp 00000000 3d8:ad14e 144134881776058496     /work2/11056/zwu/frontera/miniconda3/envs/libyt/lib/python3.13/site-packages/nvidia/cufft/lib/libcufft.so.11
2b30346aa000-2b30348a9000 ---p 009b1000 3d8:ad14e 144134881776058496     /work2/11056/zwu/frontera/miniconda3/envs/libyt/lib/python3.13/site-packages/nvidia/cufft/lib/libcufft.so.11
2b30348a9000-2b30348b6000 r--p 009b0000 3d8:ad14e 144134881776058496     /work2/11056/zwu/frontera/miniconda3/envs/libyt/lib/python3.13/site-packages/nvidia/cufft/lib/libcufft.so.11
2b30348b6000-2b304564b000 rw-p 009bd000 3d8:ad14e 144134881776058496     /work2/11056/zwu/frontera/miniconda3/envs/libyt/lib/python3.13/site-packages/nvidia/cufft/lib/libcufft.so.11
2b304564b000-2b30458f6000 rw-p 00000000 00:00 0 
2b30458f6000-2b305212b000 r-xp 00000000 3d8:ad14e 144134881776053875     /work2/11056/zwu/frontera/miniconda3/envs/libyt/lib/python3.13/site-packages/cusparselt/lib/libcusparseLt.so.0
2b305212b000-2b305232b000 ---p 0c835000 3d8:ad14e 144134881776053875     /work2/11056/zwu/frontera/miniconda3/envs/libyt/lib/python3.13/site-packages/cusparselt/lib/libcusparseLt.so.0
2b305232b000-2b305234d000 r--p 0c835000 3d8:ad14e 144134881776053875     /work2/11056/zwu/frontera/miniconda3/envs/libyt/lib/python3.13/site-packages/cusparselt/lib/libcusparseLt.so.0
2b305234d000-2b3052353000 rw-p 0c857000 3d8:ad14e 144134881776053875     /work2/11056/zwu/frontera/miniconda3/envs/libyt/lib/python3.13/site-packages/cusparselt/lib/libcusparseLt.so.0
2b3052353000-2b3052544000 rw-p 00000000 00:00 0 
2b3052544000-2b30527a7000 rw-p 0c85e000 3d8:ad14e 144134881776053875     /work2/11056/zwu/frontera/miniconda3/envs/libyt/lib/python3.13/site-packages/cusparselt/lib/libcusparseLt.so.0
2b30527a7000-2b3056f83000 r-xp 00000000 3d8:ad14e 144134881776058469     /work2/11056/zwu/frontera/miniconda3/envs/libyt/lib/python3.13/site-packages/nvidia/curand/lib/libcurand.so.10
2b3056f83000-2b3057183000 ---p 047dc000 3d8:ad14e 144134881776058469     /work2/11056/zwu/frontera/miniconda3/envs/libyt/lib/python3.13/site-packages/nvidia/curand/lib/libcurand.so.10
2b3057183000-2b3057189000 r--p 047dc000 3d8:ad14e 144134881776058469     /work2/11056/zwu/frontera/miniconda3/envs/libyt/lib/python3.13/site-packages/nvidia/curand/lib/libcurand.so.10
2b3057189000-2b30585b5000 rw-p 047e2000 3d8:ad14e 144134881776058469     /work2/11056/zwu/frontera/miniconda3/envs/libyt/lib/python3.13/site-packages/nvidia/curand/lib/libcurand.so.10
2b30585b5000-2b3058bed000 rw-p 00000000 00:00 0 
2b3058bed000-2b305f461000 r-xp 00000000 3d8:ad14e 144134881776058730     /work2/11056/zwu/frontera/miniconda3/envs/libyt/lib/python3.13/site-packages/nvidia/cublas/lib/libcublas.so.12
2b305f461000-2b305f661000 ---p 06874000 3d8:ad14e 144134881776058730     /work2/11056/zwu/frontera/miniconda3/envs/libyt/lib/python3.13/site-packages/nvidia/cublas/lib/libcublas.so.12
2b305f661000-2b305f66d000 r--p 06874000 3d8:ad14e 144134881776058730     /work2/11056/zwu/frontera/miniconda3/envs/libyt/lib/python3.13/site-packages/nvidia/cublas/lib/libcublas.so.12
2b305f66d000-2b305f674000 rw-p 06880000 3d8:ad14e 144134881776058730     /work2/11056/zwu/frontera/miniconda3/envs/libyt/lib/python3.13/site-packages/nvidia/cublas/lib/libcublas.so.12
2b305f674000-2b305f67f000 rw-p 00000000 00:00 0 
2b305f67f000-2b3076025000 r-xp 00000000 3d8:ad14e 144134881776058731     /work2/11056/zwu/frontera/miniconda3/envs/libyt/lib/python3.13/site-packages/nvidia/cublas/lib/libcublasLt.so.12
2b3076025000-2b3076225000 ---p 169a6000 3d8:ad14e 144134881776058731     /work2/11056/zwu/frontera/miniconda3/envs/libyt/lib/python3.13/site-packages/nvidia/cublas/lib/libcublasLt.so.12
2b3076225000-2b3076459000 r--p 169a6000 3d8:ad14e 144134881776058731     /work2/11056/zwu/frontera/miniconda3/envs/libyt/lib/python3.13/site-packages/nvidia/cublas/lib/libcublasLt.so.12
2b3076459000-2b3079df6000 rw-p 16bda000 3d8:ad14e 144134881776058731     /work2/11056/zwu/frontera/miniconda3/envs/libyt/lib/python3.13/site-packages/nvidia/cublas/lib/libcublasLt.so.12
2b3079df6000-2b307d5db000 rw-p 00000000 00:00 0 
2b307d5db000-2b308bb9b000 r-xp 00000000 3d8:ad14e 144134881776058429     /work2/11056/zwu/frontera/miniconda3/envs/libyt/lib/python3.13/site-packages/nvidia/nccl/lib/libnccl.so.2
2b308bb9b000-2b308bd9b000 ---p 0e5c0000 3d8:ad14e 144134881776058429     /work2/11056/zwu/frontera/miniconda3/envs/libyt/lib/python3.13/site-packages/nvidia/nccl/lib/libnccl.so.2
2b308bd9b000-2b308bda4000 r--p 0e5c0000 3d8:ad14e 144134881776058429     /work2/11056/zwu/frontera/miniconda3/envs/libyt/lib/python3.13/site-packages/nvidia/nccl/lib/libnccl.so.2
2b308bda4000-2b308bdb0000 rw-p 0e5c9000 3d8:ad14e 144134881776058429     /work2/11056/zwu/frontera/miniconda3/envs/libyt/lib/python3.13/site-packages/nvidia/nccl/lib/libnccl.so.2
2b308bdb0000-2b308bdc6000 rw-p 00000000 00:00 0 
2b308bdc6000-2b308bdc9000 r--p 00000000 3d8:ad14e 144134765124011961     /work2/11056/zwu/frontera/miniconda3/envs/libyt/lib/python3.13/lib-dynload/mmap.cpython-313-x86_64-linux-gnu.so
2b308bdc9000-2b308bdcc000 r-xp 00003000 3d8:ad14e 144134765124011961     /work2/11056/zwu/frontera/miniconda3/envs/libyt/lib/python3.13/lib-dynload/mmap.cpython-313-x86_64-linux-gnu.so
2b308bdcc000-2b308bdce000 r--p 00006000 3d8:ad14e 144134765124011961     /work2/11056/zwu/frontera/miniconda3/envs/libyt/lib/python3.13/lib-dynload/mmap.cpython-313-x86_64-linux-gnu.so
2b308bdce000-2b308bdcf000 r--p 00007000 3d8:ad14e 144134765124011961     /work2/11056/zwu/frontera/miniconda3/envs/libyt/lib/python3.13/lib-dynload/mmap.cpython-313-x86_64-linux-gnu.so
2b308bdcf000-2b308bdd0000 rw-p 00008000 3d8:ad14e 144134765124011961     /work2/11056/zwu/frontera/miniconda3/envs/libyt/lib/python3.13/lib-dynload/mmap.cpython-313-x86_64-linux-gnu.so
2b308bdd0000-2b308bdd2000 r--p 00000000 3d8:ad14e 144134765124013368     /work2/11056/zwu/frontera/miniconda3/envs/libyt/lib/python3.13/lib-dynload/_multiprocessing.cpython-313-x86_64-linux-gnu.so
2b308bdd2000-2b308bdd3000 r-xp 00002000 3d8:ad14e 144134765124013368     /work2/11056/zwu/frontera/miniconda3/envs/libyt/lib/python3.13/lib-dynload/_multiprocessing.cpython-313-x86_64-linux-gnu.so
2b308bdd3000-2b308bdd4000 r--p 00003000 3d8:ad14e 144134765124013368     /work2/11056/zwu/frontera/miniconda3/envs/libyt/lib/python3.13/lib-dynload/_multiprocessing.cpython-313-x86_64-linux-gnu.so
2b308bdd4000-2b308bdd5000 r--p 00003000 3d8:ad14e 144134765124013368     /work2/11056/zwu/frontera/miniconda3/envs/libyt/lib/python3.13/lib-dynload/_multiprocessing.cpython-313-x86_64-linux-gnu.so
2b308bdd5000-2b308bdd6000 rw-p 00004000 3d8:ad14e 144134765124013368     /work2/11056/zwu/frontera/miniconda3/envs/libyt/lib/python3.13/lib-dynload/_multiprocessing.cpython-313-x86_64-linux-gnu.so
2b308bdd6000-2b308bdd8000 r--p 00000000 3d8:ad14e 144134765124011931     /work2/11056/zwu/frontera/miniconda3/envs/libyt/lib/python3.13/lib-dynload/resource.cpython-313-x86_64-linux-gnu.so
2b308bdd8000-2b308bdda000 r-xp 00002000 3d8:ad14e 144134765124011931     /work2/11056/zwu/frontera/miniconda3/envs/libyt/lib/python3.13/lib-dynload/resource.cpython-313-x86_64-linux-gnu.so
2b308bdda000-2b308bddb000 r--p 00004000 3d8:ad14e 144134765124011931     /work2/11056/zwu/frontera/miniconda3/envs/libyt/lib/python3.13/lib-dynload/resource.cpython-313-x86_64-linux-gnu.so
2b308bddb000-2b308bddc000 r--p 00004000 3d8:ad14e 144134765124011931     /work2/11056/zwu/frontera/miniconda3/envs/libyt/lib/python3.13/lib-dynload/resource.cpython-313-x86_64-linux-gnu.so
2b308bddc000-2b308bddd000 rw-p 00005000 3d8:ad14e 144134765124011931     /work2/11056/zwu/frontera/miniconda3/envs/libyt/lib/python3.13/lib-dynload/resource.cpython-313-x86_64-linux-gnu.so
2b308bde5000-2b308be30000 r-xp 00000000 fd:00 404414364                  /usr/lib64/libmemkind.so.0.0.1
2b308be30000-2b308c030000 ---p 0004b000 fd:00 404414364                  /usr/lib64/libmemkind.so.0.0.1
2b308c030000-2b308c035000 r--p 0004b000 fd:00 404414364                  /usr/lib64/libmemkind.so.0.0.1
2b308c035000-2b308c038000 rw-p 00050000 fd:00 404414364                  /usr/lib64/libmemkind.so.0.0.1
2b308c038000-2b308c465000 rw-p 00000000 00:00 0 
2b308c465000-2b308c64f000 ---p 00000000 00:00 0 
2b308c64f000-2b308da9f000 rw-p 00000000 00:00 0 
2b308da9f000-2b308dab3000 r--p 00000000 3d8:ad14e 144134765124011647     /work2/11056/zwu/frontera/miniconda3/envs/libyt/lib/python3.13/lib-dynload/_ssl.cpython-313-x86_64-linux-gnu.so
2b308dab3000-2b308dabd000 r-xp 00014000 3d8:ad14e 144134765124011647     /work2/11056/zwu/frontera/miniconda3/envs/libyt/lib/python3.13/lib-dynload/_ssl.cpython-313-x86_64-linux-gnu.so
2b308dabd000-2b308dacb000 r--p 0001e000 3d8:ad14e 144134765124011647     /work2/11056/zwu/frontera/miniconda3/envs/libyt/lib/python3.13/lib-dynload/_ssl.cpython-313-x86_64-linux-gnu.so
2b308dacb000-2b308dacc000 r--p 0002c000 3d8:ad14e 144134765124011647     /work2/11056/zwu/frontera/miniconda3/envs/libyt/lib/python3.13/lib-dynload/_ssl.cpython-313-x86_64-linux-gnu.so
2b308dacc000-2b308dad4000 rw-p 0002d000 3d8:ad14e 144134765124011647     /work2/11056/zwu/frontera/miniconda3/envs/libyt/lib/python3.13/lib-dynload/_ssl.cpython-313-x86_64-linux-gnu.so
2b308dad4000-2b308daf8000 r--p 00000000 3d8:ad14e 144134765124008460     /work2/11056/zwu/frontera/miniconda3/envs/libyt/lib/libssl.so.3
2b308daf8000-2b308db92000 r-xp 00024000 3d8:ad14e 144134765124008460     /work2/11056/zwu/frontera/miniconda3/envs/libyt/lib/libssl.so.3
2b308db92000-2b308dbc2000 r--p 000be000 3d8:ad14e 144134765124008460     /work2/11056/zwu/frontera/miniconda3/envs/libyt/lib/libssl.so.3
2b308dbc2000-2b308dbcc000 r--p 000ee000 3d8:ad14e 144134765124008460     /work2/11056/zwu/frontera/miniconda3/envs/libyt/lib/libssl.so.3
2b308dbcc000-2b308dbd0000 rw-p 000f8000 3d8:ad14e 144134765124008460     /work2/11056/zwu/frontera/miniconda3/envs/libyt/lib/libssl.so.3
2b308dbd0000-2b308dfd0000 rw-p 00000000 00:00 0 
2b308dfd0000-2b308dfd5000 r--p 00000000 3d8:ad14e 144134765124012998     /work2/11056/zwu/frontera/miniconda3/envs/libyt/lib/python3.13/lib-dynload/_asyncio.cpython-313-x86_64-linux-gnu.so
2b308dfd5000-2b308dfdb000 r-xp 00005000 3d8:ad14e 144134765124012998     /work2/11056/zwu/frontera/miniconda3/envs/libyt/lib/python3.13/lib-dynload/_asyncio.cpython-313-x86_64-linux-gnu.so
2b308dfdb000-2b308dfdf000 r--p 0000b000 3d8:ad14e 144134765124012998     /work2/11056/zwu/frontera/miniconda3/envs/libyt/lib/python3.13/lib-dynload/_asyncio.cpython-313-x86_64-linux-gnu.so
2b308dfdf000-2b308dfe0000 r--p 0000f000 3d8:ad14e 144134765124012998     /work2/11056/zwu/frontera/miniconda3/envs/libyt/lib/python3.13/lib-dynload/_asyncio.cpython-313-x86_64-linux-gnu.so
2b308dfe0000-2b308dfe2000 rw-p 00010000 3d8:ad14e 144134765124012998     /work2/11056/zwu/frontera/miniconda3/envs/libyt/lib/python3.13/lib-dynload/_asyncio.cpython-313-x86_64-linux-gnu.so
2b308dfe2000-2b3097ea5000 rw-p 00000000 00:00 0 
2b3097ea5000-2b3097eaa000 r--p 00000000 3d8:ad14e 144134765124018054     /work2/11056/zwu/frontera/miniconda3/envs/libyt/lib/python3.13/site-packages/numpy/random/_bounded_integers.cpython-313-x86_64-linux-gnu.so
2b3097eaa000-2b3097ee8000 r-xp 00005000 3d8:ad14e 144134765124018054     /work2/11056/zwu/frontera/miniconda3/envs/libyt/lib/python3.13/site-packages/numpy/random/_bounded_integers.cpython-313-x86_64-linux-gnu.so
2b3097ee8000-2b3097ef0000 r--p 00043000 3d8:ad14e 144134765124018054     /work2/11056/zwu/frontera/miniconda3/envs/libyt/lib/python3.13/site-packages/numpy/random/_bounded_integers.cpython-313-x86_64-linux-gnu.so
2b3097ef0000-2b3097ef1000 r--p 0004b000 3d8:ad14e 144134765124018054     /work2/11056/zwu/frontera/miniconda3/envs/libyt/lib/python3.13/site-packages/numpy/random/_bounded_integers.cpython-313-x86_64-linux-gnu.so
2b3097ef1000-2b3097ef2000 rw-p 0004c000 3d8:ad14e 144134765124018054     /work2/11056/zwu/frontera/miniconda3/envs/libyt/lib/python3.13/site-packages/numpy/random/_bounded_integers.cpython-313-x86_64-linux-gnu.so
2b3097ef2000-2b3097ef8000 r--p 00000000 3d8:ad14e 144134765124018089     /work2/11056/zwu/frontera/miniconda3/envs/libyt/lib/python3.13/site-packages/numpy/random/bit_generator.cpython-313-x86_64-linux-gnu.so
2b3097ef8000-2b3097f13000 r-xp 00006000 3d8:ad14e 144134765124018089     /work2/11056/zwu/frontera/miniconda3/envs/libyt/lib/python3.13/site-packages/numpy/random/bit_generator.cpython-313-x86_64-linux-gnu.so
2b3097f13000-2b3097f1c000 r--p 00021000 3d8:ad14e 144134765124018089     /work2/11056/zwu/frontera/miniconda3/envs/libyt/lib/python3.13/site-packages/numpy/random/bit_generator.cpython-313-x86_64-linux-gnu.so
2b3097f1c000-2b3097f1d000 r--p 0002a000 3d8:ad14e 144134765124018089     /work2/11056/zwu/frontera/miniconda3/envs/libyt/lib/python3.13/site-packages/numpy/random/bit_generator.cpython-313-x86_64-linux-gnu.so
2b3097f1d000-2b3097f1f000 rw-p 0002b000 3d8:ad14e 144134765124018089     /work2/11056/zwu/frontera/miniconda3/envs/libyt/lib/python3.13/site-packages/numpy/random/bit_generator.cpython-313-x86_64-linux-gnu.so
2b3097f1f000-2b3097f24000 r--p 00000000 3d8:ad14e 144134765124018057     /work2/11056/zwu/frontera/miniconda3/envs/libyt/lib/python3.13/site-packages/numpy/random/_common.cpython-313-x86_64-linux-gnu.so
2b3097f24000-2b3097f56000 r-xp 00005000 3d8:ad14e 144134765124018057     /work2/11056/zwu/frontera/miniconda3/envs/libyt/lib/python3.13/site-packages/numpy/random/_common.cpython-313-x86_64-linux-gnu.so
2b3097f56000-2b3097f5a000 r--p 00037000 3d8:ad14e 144134765124018057     /work2/11056/zwu/frontera/miniconda3/envs/libyt/lib/python3.13/site-packages/numpy/random/_common.cpython-313-x86_64-linux-gnu.so
2b3097f5a000-2b3097f5b000 r--p 0003a000 3d8:ad14e 144134765124018057     /work2/11056/zwu/frontera/miniconda3/envs/libyt/lib/python3.13/site-packages/numpy/random/_common.cpython-313-x86_64-linux-gnu.so
2b3097f5b000-2b3097f5c000 rw-p 0003b000 3d8:ad14e 144134765124018057     /work2/11056/zwu/frontera/miniconda3/envs/libyt/lib/python3.13/site-packages/numpy/random/_common.cpython-313-x86_64-linux-gnu.so
2b3097f5c000-2b3097f66000 r--p 00000000 3d8:ad14e 144134765124018077     /work2/11056/zwu/frontera/miniconda3/envs/libyt/lib/python3.13/site-packages/numpy/random/_generator.cpython-313-x86_64-linux-gnu.so
2b3097f66000-2b3097fd1000 r-xp 0000a000 3d8:ad14e 144134765124018077     /work2/11056/zwu/frontera/miniconda3/envs/libyt/lib/python3.13/site-packages/numpy/random/_generator.cpython-313-x86_64-linux-gnu.so
2b3097fd1000-2b309800d000 r--p 00075000 3d8:ad14e 144134765124018077     /work2/11056/zwu/frontera/miniconda3/envs/libyt/lib/python3.13/site-packages/numpy/random/_generator.cpython-313-x86_64-linux-gnu.so
2b309800d000-2b309800e000 r--p 000b1000 3d8:ad14e 144134765124018077     /work2/11056/zwu/frontera/miniconda3/envs/libyt/lib/python3.13/site-packages/numpy/random/_generator.cpython-313-x86_64-linux-gnu.so
2b309800e000-2b3098011000 rw-p 000b2000 3d8:ad14e 144134765124018077     /work2/11056/zwu/frontera/miniconda3/envs/libyt/lib/python3.13/site-packages/numpy/random/_generator.cpython-313-x86_64-linux-gnu.so
2b3098011000-2b3098012000 rw-p 00000000 00:00 0 
2b3098012000-2b3098017000 r--p 00000000 3d8:ad14e 144134765124018081     /work2/11056/zwu/frontera/miniconda3/envs/libyt/lib/python3.13/site-packages/numpy/random/_pcg64.cpython-313-x86_64-linux-gnu.so
2b3098017000-2b3098026000 r-xp 00005000 3d8:ad14e 144134765124018081     /work2/11056/zwu/frontera/miniconda3/envs/libyt/lib/python3.13/site-packages/numpy/random/_pcg64.cpython-313-x86_64-linux-gnu.so
2b3098026000-2b309802c000 r--p 00014000 3d8:ad14e 144134765124018081     /work2/11056/zwu/frontera/miniconda3/envs/libyt/lib/python3.13/site-packages/numpy/random/_pcg64.cpython-313-x86_64-linux-gnu.so
2b309802c000-2b309802d000 r--p 00019000 3d8:ad14e 144134765124018081     /work2/11056/zwu/frontera/miniconda3/envs/libyt/lib/python3.13/site-packages/numpy/random/_pcg64.cpython-313-x86_64-linux-gnu.so
2b309802d000-2b309802e000 rw-p 0001a000 3d8:ad14e 144134765124018081     /work2/11056/zwu/frontera/miniconda3/envs/libyt/lib/python3.13/site-packages/numpy/random/_pcg64.cpython-313-x86_64-linux-gnu.so
2b309802e000-2b309812f000 rw-p 00000000 00:00 0 
2b309812f000-2b3098133000 r--p 00000000 3d8:ad14e 144134765124018079     /work2/11056/zwu/frontera/miniconda3/envs/libyt/lib/python3.13/site-packages/numpy/random/_mt19937.cpython-313-x86_64-linux-gnu.so
2b3098133000-2b3098141000 r-xp 00004000 3d8:ad14e 144134765124018079     /work2/11056/zwu/frontera/miniconda3/envs/libyt/lib/python3.13/site-packages/numpy/random/_mt19937.cpython-313-x86_64-linux-gnu.so
2b3098141000-2b3098147000 r--p 00012000 3d8:ad14e 144134765124018079     /work2/11056/zwu/frontera/miniconda3/envs/libyt/lib/python3.13/site-packages/numpy/random/_mt19937.cpython-313-x86_64-linux-gnu.so
2b3098147000-2b3098148000 r--p 00017000 3d8:ad14e 144134765124018079     /work2/11056/zwu/frontera/miniconda3/envs/libyt/lib/python3.13/site-packages/numpy/random/_mt19937.cpython-313-x86_64-linux-gnu.so
2b3098148000-2b3098149000 rw-p 00018000 3d8:ad14e 144134765124018079     /work2/11056/zwu/frontera/miniconda3/envs/libyt/lib/python3.13/site-packages/numpy/random/_mt19937.cpython-313-x86_64-linux-gnu.so
2b3098149000-2b309814e000 r--p 00000000 3d8:ad14e 144134765124018083     /work2/11056/zwu/frontera/miniconda3/envs/libyt/lib/python3.13/site-packages/numpy/random/_philox.cpython-313-x86_64-linux-gnu.so
2b309814e000-2b3098159000 r-xp 00005000 3d8:ad14e 144134765124018083     /work2/11056/zwu/frontera/miniconda3/envs/libyt/lib/python3.13/site-packages/numpy/random/_philox.cpython-313-x86_64-linux-gnu.so
2b3098159000-2b309815e000 r--p 00010000 3d8:ad14e 144134765124018083     /work2/11056/zwu/frontera/miniconda3/envs/libyt/lib/python3.13/site-packages/numpy/random/_philox.cpython-313-x86_64-linux-gnu.so
2b309815e000-2b309815f000 r--p 00014000 3d8:ad14e 144134765124018083     /work2/11056/zwu/frontera/miniconda3/envs/libyt/lib/python3.13/site-packages/numpy/random/_philox.cpython-313-x86_64-linux-gnu.so
2b309815f000-2b3098160000 rw-p 00015000 3d8:ad14e 144134765124018083     /work2/11056/zwu/frontera/miniconda3/envs/libyt/lib/python3.13/site-packages/numpy/random/_philox.cpython-313-x86_64-linux-gnu.so
2b3098160000-2b3098164000 r--p 00000000 3d8:ad14e 144134765124018087     /work2/11056/zwu/frontera/miniconda3/envs/libyt/lib/python3.13/site-packages/numpy/random/_sfc64.cpython-313-x86_64-linux-gnu.so
2b3098164000-2b309816c000 r-xp 00004000 3d8:ad14e 144134765124018087     /work2/11056/zwu/frontera/miniconda3/envs/libyt/lib/python3.13/site-packages/numpy/random/_sfc64.cpython-313-x86_64-linux-gnu.so
2b309816c000-2b309816f000 r--p 0000c000 3d8:ad14e 144134765124018087     /work2/11056/zwu/frontera/miniconda3/envs/libyt/lib/python3.13/site-packages/numpy/random/_sfc64.cpython-313-x86_64-linux-gnu.so
2b309816f000-2b3098170000 r--p 0000f000 3d8:ad14e 144134765124018087     /work2/11056/zwu/frontera/miniconda3/envs/libyt/lib/python3.13/site-packages/numpy/random/_sfc64.cpython-313-x86_64-linux-gnu.so
2b3098170000-2b3098171000 rw-p 00010000 3d8:ad14e 144134765124018087     /work2/11056/zwu/frontera/miniconda3/envs/libyt/lib/python3.13/site-packages/numpy/random/_sfc64.cpython-313-x86_64-linux-gnu.so
2b3098171000-2b3098178000 r--p 00000000 3d8:ad14e 144134765124018095     /work2/11056/zwu/frontera/miniconda3/envs/libyt/lib/python3.13/site-packages/numpy/random/mtrand.cpython-313-x86_64-linux-gnu.so
2b3098178000-2b30981c3000 r-xp 00007000 3d8:ad14e 144134765124018095     /work2/11056/zwu/frontera/miniconda3/envs/libyt/lib/python3.13/site-packages/numpy/random/mtrand.cpython-313-x86_64-linux-gnu.so
2b30981c3000-2b30981fa000 r--p 00052000 3d8:ad14e 144134765124018095     /work2/11056/zwu/frontera/miniconda3/envs/libyt/lib/python3.13/site-packages/numpy/random/mtrand.cpython-313-x86_64-linux-gnu.so
2b30981fa000-2b30981fb000 r--p 00089000 3d8:ad14e 144134765124018095     /work2/11056/zwu/frontera/miniconda3/envs/libyt/lib/python3.13/site-packages/numpy/random/mtrand.cpython-313-x86_64-linux-gnu.so
2b30981fb000-2b30981fd000 rw-p 0008a000 3d8:ad14e 144134765124018095     /work2/11056/zwu/frontera/miniconda3/envs/libyt/lib/python3.13/site-packages/numpy/random/mtrand.cpython-313-x86_64-linux-gnu.so
2b30981fd000-2b30981fe000 rw-p 00000000 00:00 0 
2b30981fe000-2b3098201000 r--p 00000000 3d8:ad14e 144134765124017732     /work2/11056/zwu/frontera/miniconda3/envs/libyt/lib/python3.13/site-packages/numpy/fft/_pocketfft_umath.cpython-313-x86_64-linux-gnu.so
2b3098201000-2b309826f000 r-xp 00003000 3d8:ad14e 144134765124017732     /work2/11056/zwu/frontera/miniconda3/envs/libyt/lib/python3.13/site-packages/numpy/fft/_pocketfft_umath.cpython-313-x86_64-linux-gnu.so
2b309826f000-2b3098275000 r--p 00071000 3d8:ad14e 144134765124017732     /work2/11056/zwu/frontera/miniconda3/envs/libyt/lib/python3.13/site-packages/numpy/fft/_pocketfft_umath.cpython-313-x86_64-linux-gnu.so
2b3098275000-2b3098276000 r--p 00076000 3d8:ad14e 144134765124017732     /work2/11056/zwu/frontera/miniconda3/envs/libyt/lib/python3.13/site-packages/numpy/fft/_pocketfft_umath.cpython-313-x86_64-linux-gnu.so
2b3098276000-2b3098277000 rw-p 00077000 3d8:ad14e 144134765124017732     /work2/11056/zwu/frontera/miniconda3/envs/libyt/lib/python3.13/site-packages/numpy/fft/_pocketfft_umath.cpython-313-x86_64-linux-gnu.so
2b3098277000-2b3098d77000 rw-p 00000000 00:00 0 
2b3098d77000-2b30992f7000 rwxp 00000000 00:00 0 
2b30992f7000-2b30994f7000 rw-p 00000000 00:00 0 
2b30994f7000-2b30994ff000 r--p 00000000 3d8:ad14e 144134765124032312     /work2/11056/zwu/frontera/miniconda3/envs/libyt/lib/python3.13/site-packages/matplotlib/backends/_backend_agg.cpython-313-x86_64-linux-gnu.so
2b30994ff000-2b309955d000 r-xp 00008000 3d8:ad14e 144134765124032312     /work2/11056/zwu/frontera/miniconda3/envs/libyt/lib/python3.13/site-packages/matplotlib/backends/_backend_agg.cpython-313-x86_64-linux-gnu.so
2b309955d000-2b309956d000 r--p 00066000 3d8:ad14e 144134765124032312     /work2/11056/zwu/frontera/miniconda3/envs/libyt/lib/python3.13/site-packages/matplotlib/backends/_backend_agg.cpython-313-x86_64-linux-gnu.so
2b309956d000-2b309956f000 r--p 00075000 3d8:ad14e 144134765124032312     /work2/11056/zwu/frontera/miniconda3/envs/libyt/lib/python3.13/site-packages/matplotlib/backends/_backend_agg.cpython-313-x86_64-linux-gnu.so
2b309956f000-2b3099570000 rw-p 00077000 3d8:ad14e 144134765124032312     /work2/11056/zwu/frontera/miniconda3/envs/libyt/lib/python3.13/site-packages/matplotlib/backends/_backend_agg.cpython-313-x86_64-linux-gnu.so
2b3099570000-2b3099e96000 rw-p 00000000 00:00 0 
2b3099eb8000-2b3099ef8000 rwxp 00000000 00:00 0 
2b3099ef8000-2b30a1ef8000 rw-p 00000000 00:00 0 
2b30a1ef8000-2b30a3e1d000 rw-p 00000000 00:00 0 
2b30a401d000-2b30a421d000 rw-p 00000000 00:00 0 
7f0000000000-7f0003000000 rw-p 00000000 00:00 0 
7f1000000000-7f1000400000 rw-p 00000000 00:00 0 
7f2000000000-7f2002600000 rw-p 00000000 00:00 0 
7fff94440000-7fff94b4b000 rw-p 00000000 00:00 0                          [stack]
ffffffffff600000-ffffffffff601000 r-xp 00000000 00:00 0                  [vsyscall]
