
The following have been reloaded with a version change:
  1) intel/19.0.5 => intel/19.1.1

warning: the following parameter line was not interpreted:
use_grackle                 = 1
warning: the following parameter line was not interpreted:
with_radiative_cooling      = 1
warning: the following parameter line was not interpreted:
use_volumetric_heating_rate = 0
warning: the following parameter line was not interpreted:
use_specific_heating_rate   = 0
warning: the following parameter line was not interpreted:
self_shielding_method       = 1
warning: the following parameter line was not interpreted:
H2_self_shielding           = 0
warning: the following parameter line was not interpreted:
UVbackground                = 1
warning: the following parameter line was not interpreted:
Compton_xray_heating        = 0
warning: the following parameter line was not interpreted:
LWbackground_intensity      = 0.000000
warning: the following parameter line was not interpreted:
LWbackground_sawtooth_suppression = 0
warning: the following parameter line was not interpreted:
dust_chemistry              = 0
warning: the following parameter line was not interpreted:
local_dust_to_gas_ratio     = 0.009387
warning: the following parameter line was not interpreted:
use_isrf_field              = 0
warning: the following parameter line was not interpreted:
use_dust_density_field      = 0
Output to Global Dir .
Successfully read ParameterFile z_0015/z_0015.
yt : [INFO     ] 2026-08-06 00:58:52,221 Global parallel computation enabled: 18 / 560
yt : [INFO     ] 2026-08-06 00:58:52,220 Global parallel computation enabled: 340 / 560
yt : [INFO     ] 2026-08-06 00:58:52,221 Global parallel computation enabled: 19 / 560
yt : [INFO     ] 2026-08-06 00:58:52,221 Global parallel computation enabled: 409 / 560
yt : [INFO     ] 2026-08-06 00:58:52,220 Global parallel computation enabled: 342 / 560
yt : [INFO     ] 2026-08-06 00:58:52,220 Global parallel computation enabled: 281 / 560
yt : [INFO     ] 2026-08-06 00:58:52,221 Global parallel computation enabled: 183 / 560
yt : [INFO     ] 2026-08-06 00:58:52,220 Global parallel computation enabled: 464 / 560
yt : [INFO     ] 2026-08-06 00:58:52,221 Global parallel computation enabled: 105 / 560
yt : [INFO     ] 2026-08-06 00:58:52,221 Global parallel computation enabled: 24 / 560
yt : [INFO     ] 2026-08-06 00:58:52,220 Global parallel computation enabled: 71 / 560
yt : [INFO     ] 2026-08-06 00:58:52,221 Global parallel computation enabled: 539 / 560
yt : [INFO     ] 2026-08-06 00:58:52,220 Global parallel computation enabled: 141 / 560
yt : [INFO     ] 2026-08-06 00:58:52,220 Global parallel computation enabled: 421 / 560
yt : [INFO     ] 2026-08-06 00:58:52,220 Global parallel computation enabled: 378 / 560
yt : [INFO     ] 2026-08-06 00:58:52,220 Global parallel computation enabled: 344 / 560
yt : [INFO     ] 2026-08-06 00:58:52,220 Global parallel computation enabled: 266 / 560
yt : [INFO     ] 2026-08-06 00:58:52,221 Global parallel computation enabled: 188 / 560
yt : [INFO     ] 2026-08-06 00:58:52,220 Global parallel computation enabled: 210 / 560
yt : [INFO     ] 2026-08-06 00:58:52,221 Global parallel computation enabled: 311 / 560
yt : [INFO     ] 2026-08-06 00:58:52,220 Global parallel computation enabled: 465 / 560
yt : [INFO     ] 2026-08-06 00:58:52,221 Global parallel computation enabled: 106 / 560
yt : [INFO     ] 2026-08-06 00:58:52,220 Global parallel computation enabled: 30 / 560
yt : [INFO     ] 2026-08-06 00:58:52,220 Global parallel computation enabled: 72 / 560
yt : [INFO     ] 2026-08-06 00:58:52,221 Global parallel computation enabled: 542 / 560
yt : [INFO     ] 2026-08-06 00:58:52,220 Global parallel computation enabled: 143 / 560
yt : [INFO     ] 2026-08-06 00:58:52,220 Global parallel computation enabled: 425 / 560
yt : [INFO     ] 2026-08-06 00:58:52,221 Global parallel computation enabled: 412 / 560
yt : [INFO     ] 2026-08-06 00:58:52,220 Global parallel computation enabled: 380 / 560
yt : [INFO     ] 2026-08-06 00:58:52,220 Global parallel computation enabled: 346 / 560
yt : [INFO     ] 2026-08-06 00:58:52,220 Global parallel computation enabled: 283 / 560
yt : [INFO     ] 2026-08-06 00:58:52,221 Global parallel computation enabled: 196 / 560
yt : [INFO     ] 2026-08-06 00:58:52,220 Global parallel computation enabled: 212 / 560
yt : [INFO     ] 2026-08-06 00:58:52,220 Global parallel computation enabled: 335 / 560
yt : [INFO     ] 2026-08-06 00:58:52,220 Global parallel computation enabled: 467 / 560
yt : [INFO     ] 2026-08-06 00:58:52,221 Global parallel computation enabled: 107 / 560
yt : [INFO     ] 2026-08-06 00:58:52,221 Global parallel computation enabled: 25 / 560
yt : [INFO     ] 2026-08-06 00:58:52,220 Global parallel computation enabled: 74 / 560
yt : [INFO     ] 2026-08-06 00:58:52,221 Global parallel computation enabled: 543 / 560
yt : [INFO     ] 2026-08-06 00:58:52,220 Global parallel computation enabled: 144 / 560
yt : [INFO     ] 2026-08-06 00:58:52,220 Global parallel computation enabled: 431 / 560
yt : [INFO     ] 2026-08-06 00:58:52,221 Global parallel computation enabled: 413 / 560
yt : [INFO     ] 2026-08-06 00:58:52,220 Global parallel computation enabled: 504 / 560
yt : [INFO     ] 2026-08-06 00:58:52,220 Global parallel computation enabled: 494 / 560
yt : [INFO     ] 2026-08-06 00:58:52,220 Global parallel computation enabled: 383 / 560
yt : [INFO     ] 2026-08-06 00:58:52,220 Global parallel computation enabled: 347 / 560
yt : [INFO     ] 2026-08-06 00:58:52,221 Global parallel computation enabled: 259 / 560
yt : [INFO     ] 2026-08-06 00:58:52,221 Global parallel computation enabled: 192 / 560
yt : [INFO     ] 2026-08-06 00:58:52,220 Global parallel computation enabled: 216 / 560
yt : [INFO     ] 2026-08-06 00:58:52,221 Global parallel computation enabled: 313 / 560
yt : [INFO     ] 2026-08-06 00:58:52,220 Global parallel computation enabled: 468 / 560
yt : [INFO     ] 2026-08-06 00:58:52,221 Global parallel computation enabled: 108 / 560
yt : [INFO     ] 2026-08-06 00:58:52,220 Global parallel computation enabled: 31 / 560
yt : [INFO     ] 2026-08-06 00:58:52,220 Global parallel computation enabled: 76 / 560
yt : [INFO     ] 2026-08-06 00:58:52,221 Global parallel computation enabled: 545 / 560
yt : [INFO     ] 2026-08-06 00:58:52,220 Global parallel computation enabled: 149 / 560
yt : [INFO     ] 2026-08-06 00:58:52,220 Global parallel computation enabled: 433 / 560
yt : [INFO     ] 2026-08-06 00:58:52,221 Global parallel computation enabled: 415 / 560
yt : [INFO     ] 2026-08-06 00:58:52,220 Global parallel computation enabled: 506 / 560
yt : [INFO     ] 2026-08-06 00:58:52,220 Global parallel computation enabled: 476 / 560
yt : [INFO     ] 2026-08-06 00:58:52,220 Global parallel computation enabled: 387 / 560
yt : [INFO     ] 2026-08-06 00:58:52,220 Global parallel computation enabled: 348 / 560
yt : [INFO     ] 2026-08-06 00:58:52,221 Global parallel computation enabled: 261 / 560
yt : [INFO     ] 2026-08-06 00:58:52,221 Global parallel computation enabled: 197 / 560
yt : [INFO     ] 2026-08-06 00:58:52,220 Global parallel computation enabled: 217 / 560
yt : [INFO     ] 2026-08-06 00:58:52,221 Global parallel computation enabled: 315 / 560
yt : [INFO     ] 2026-08-06 00:58:52,220 Global parallel computation enabled: 471 / 560
yt : [INFO     ] 2026-08-06 00:58:52,221 Global parallel computation enabled: 109 / 560
yt : [INFO     ] 2026-08-06 00:58:52,221 Global parallel computation enabled: 26 / 560
yt : [INFO     ] 2026-08-06 00:58:52,220 Global parallel computation enabled: 78 / 560
yt : [INFO     ] 2026-08-06 00:58:52,221 Global parallel computation enabled: 532 / 560
yt : [INFO     ] 2026-08-06 00:58:52,220 Global parallel computation enabled: 150 / 560
yt : [INFO     ] 2026-08-06 00:58:52,220 Global parallel computation enabled: 420 / 560
yt : [INFO     ] 2026-08-06 00:58:52,221 Global parallel computation enabled: 419 / 560
yt : [INFO     ] 2026-08-06 00:58:52,220 Global parallel computation enabled: 507 / 560
yt : [INFO     ] 2026-08-06 00:58:52,220 Global parallel computation enabled: 479 / 560
yt : [INFO     ] 2026-08-06 00:58:52,220 Global parallel computation enabled: 388 / 560
yt : [INFO     ] 2026-08-06 00:58:52,220 Global parallel computation enabled: 349 / 560
yt : [INFO     ] 2026-08-06 00:58:52,220 Global parallel computation enabled: 268 / 560
yt : [INFO     ] 2026-08-06 00:58:52,221 Global parallel computation enabled: 182 / 560
yt : [INFO     ] 2026-08-06 00:58:52,220 Global parallel computation enabled: 218 / 560
yt : [INFO     ] 2026-08-06 00:58:52,221 Global parallel computation enabled: 317 / 560
yt : [INFO     ] 2026-08-06 00:58:52,220 Global parallel computation enabled: 472 / 560
yt : [INFO     ] 2026-08-06 00:58:52,221 Global parallel computation enabled: 111 / 560
yt : [INFO     ] 2026-08-06 00:58:52,220 Global parallel computation enabled: 32 / 560
yt : [INFO     ] 2026-08-06 00:58:52,220 Global parallel computation enabled: 79 / 560
yt : [INFO     ] 2026-08-06 00:58:52,221 Global parallel computation enabled: 533 / 560
yt : [INFO     ] 2026-08-06 00:58:52,220 Global parallel computation enabled: 151 / 560
yt : [INFO     ] 2026-08-06 00:58:52,220 Global parallel computation enabled: 422 / 560
yt : [INFO     ] 2026-08-06 00:58:52,221 Global parallel computation enabled: 406 / 560
yt : [INFO     ] 2026-08-06 00:58:52,220 Global parallel computation enabled: 508 / 560
yt : [INFO     ] 2026-08-06 00:58:52,220 Global parallel computation enabled: 480 / 560
yt : [INFO     ] 2026-08-06 00:58:52,220 Global parallel computation enabled: 389 / 560
yt : [INFO     ] 2026-08-06 00:58:52,220 Global parallel computation enabled: 336 / 560
yt : [INFO     ] 2026-08-06 00:58:52,220 Global parallel computation enabled: 285 / 560
yt : [INFO     ] 2026-08-06 00:58:52,221 Global parallel computation enabled: 184 / 560
yt : [INFO     ] 2026-08-06 00:58:52,220 Global parallel computation enabled: 219 / 560
yt : [INFO     ] 2026-08-06 00:58:52,221 Global parallel computation enabled: 318 / 560
yt : [INFO     ] 2026-08-06 00:58:52,220 Global parallel computation enabled: 473 / 560
yt : [INFO     ] 2026-08-06 00:58:52,221 Global parallel computation enabled: 98 / 560
yt : [INFO     ] 2026-08-06 00:58:52,221 Global parallel computation enabled: 14 / 560
yt : [INFO     ] 2026-08-06 00:58:52,220 Global parallel computation enabled: 80 / 560
yt : [INFO     ] 2026-08-06 00:58:52,221 Global parallel computation enabled: 534 / 560
yt : [INFO     ] 2026-08-06 00:58:52,220 Global parallel computation enabled: 152 / 560
yt : [INFO     ] 2026-08-06 00:58:52,220 Global parallel computation enabled: 423 / 560
yt : [INFO     ] 2026-08-06 00:58:52,221 Global parallel computation enabled: 407 / 560
yt : [INFO     ] 2026-08-06 00:58:52,220 Global parallel computation enabled: 512 / 560
yt : [INFO     ] 2026-08-06 00:58:52,220 Global parallel computation enabled: 482 / 560
yt : [INFO     ] 2026-08-06 00:58:52,220 Global parallel computation enabled: 390 / 560
yt : [INFO     ] 2026-08-06 00:58:52,220 Global parallel computation enabled: 337 / 560
yt : [INFO     ] 2026-08-06 00:58:52,221 Global parallel computation enabled: 252 / 560
yt : [INFO     ] 2026-08-06 00:58:52,221 Global parallel computation enabled: 185 / 560
yt : [INFO     ] 2026-08-06 00:58:52,220 Global parallel computation enabled: 220 / 560
yt : [INFO     ] 2026-08-06 00:58:52,221 Global parallel computation enabled: 321 / 560
yt : [INFO     ] 2026-08-06 00:58:52,220 Global parallel computation enabled: 475 / 560
yt : [INFO     ] 2026-08-06 00:58:52,221 Global parallel computation enabled: 99 / 560
yt : [INFO     ] 2026-08-06 00:58:52,220 Global parallel computation enabled: 33 / 560
yt : [INFO     ] 2026-08-06 00:58:52,220 Global parallel computation enabled: 81 / 560
yt : [INFO     ] 2026-08-06 00:58:52,221 Global parallel computation enabled: 535 / 560
yt : [INFO     ] 2026-08-06 00:58:52,220 Global parallel computation enabled: 153 / 560
yt : [INFO     ] 2026-08-06 00:58:52,220 Global parallel computation enabled: 424 / 560
yt : [INFO     ] 2026-08-06 00:58:52,221 Global parallel computation enabled: 408 / 560
yt : [INFO     ] 2026-08-06 00:58:52,220 Global parallel computation enabled: 513 / 560
yt : [INFO     ] 2026-08-06 00:58:52,220 Global parallel computation enabled: 483 / 560
yt : [INFO     ] 2026-08-06 00:58:52,220 Global parallel computation enabled: 379 / 560
yt : [INFO     ] 2026-08-06 00:58:52,220 Global parallel computation enabled: 338 / 560
yt : [INFO     ] 2026-08-06 00:58:52,221 Global parallel computation enabled: 253 / 560
yt : [INFO     ] 2026-08-06 00:58:52,221 Global parallel computation enabled: 186 / 560
yt : [INFO     ] 2026-08-06 00:58:52,220 Global parallel computation enabled: 222 / 560
yt : [INFO     ] 2026-08-06 00:58:52,221 Global parallel computation enabled: 308 / 560
yt : [INFO     ] 2026-08-06 00:58:52,220 Global parallel computation enabled: 462 / 560
yt : [INFO     ] 2026-08-06 00:58:52,221 Global parallel computation enabled: 100 / 560
yt : [INFO     ] 2026-08-06 00:58:52,221 Global parallel computation enabled: 15 / 560
yt : [INFO     ] 2026-08-06 00:58:52,220 Global parallel computation enabled: 82 / 560
yt : [INFO     ] 2026-08-06 00:58:52,221 Global parallel computation enabled: 536 / 560
yt : [INFO     ] 2026-08-06 00:58:52,220 Global parallel computation enabled: 140 / 560
yt : [INFO     ] 2026-08-06 00:58:52,220 Global parallel computation enabled: 426 / 560
yt : [INFO     ] 2026-08-06 00:58:52,221 Global parallel computation enabled: 410 / 560
yt : [INFO     ] 2026-08-06 00:58:52,220 Global parallel computation enabled: 514 / 560
yt : [INFO     ] 2026-08-06 00:58:52,220 Global parallel computation enabled: 484 / 560
yt : [INFO     ] 2026-08-06 00:58:52,220 Global parallel computation enabled: 381 / 560
yt : [INFO     ] 2026-08-06 00:58:52,220 Global parallel computation enabled: 339 / 560
yt : [INFO     ] 2026-08-06 00:58:52,221 Global parallel computation enabled: 254 / 560
yt : [INFO     ] 2026-08-06 00:58:52,221 Global parallel computation enabled: 198 / 560
yt : [INFO     ] 2026-08-06 00:58:52,220 Global parallel computation enabled: 211 / 560
yt : [INFO     ] 2026-08-06 00:58:52,221 Global parallel computation enabled: 309 / 560
yt : [INFO     ] 2026-08-06 00:58:52,220 Global parallel computation enabled: 463 / 560
yt : [INFO     ] 2026-08-06 00:58:52,221 Global parallel computation enabled: 101 / 560
yt : [INFO     ] 2026-08-06 00:58:52,220 Global parallel computation enabled: 34 / 560
yt : [INFO     ] 2026-08-06 00:58:52,220 Global parallel computation enabled: 83 / 560
yt : [INFO     ] 2026-08-06 00:58:52,221 Global parallel computation enabled: 537 / 560
yt : [INFO     ] 2026-08-06 00:58:52,220 Global parallel computation enabled: 142 / 560
yt : [INFO     ] 2026-08-06 00:58:52,220 Global parallel computation enabled: 427 / 560
yt : [INFO     ] 2026-08-06 00:58:52,221 Global parallel computation enabled: 411 / 560
yt : [INFO     ] 2026-08-06 00:58:52,220 Global parallel computation enabled: 516 / 560
yt : [INFO     ] 2026-08-06 00:58:52,220 Global parallel computation enabled: 485 / 560
yt : [INFO     ] 2026-08-06 00:58:52,220 Global parallel computation enabled: 382 / 560
yt : [INFO     ] 2026-08-06 00:58:52,220 Global parallel computation enabled: 341 / 560
yt : [INFO     ] 2026-08-06 00:58:52,221 Global parallel computation enabled: 255 / 560
yt : [INFO     ] 2026-08-06 00:58:52,221 Global parallel computation enabled: 187 / 560
yt : [INFO     ] 2026-08-06 00:58:52,220 Global parallel computation enabled: 213 / 560
yt : [INFO     ] 2026-08-06 00:58:52,220 Global parallel computation enabled: 322 / 560
yt : [INFO     ] 2026-08-06 00:58:52,220 Global parallel computation enabled: 466 / 560
yt : [INFO     ] 2026-08-06 00:58:52,221 Global parallel computation enabled: 102 / 560
yt : [INFO     ] 2026-08-06 00:58:52,221 Global parallel computation enabled: 16 / 560
yt : [INFO     ] 2026-08-06 00:58:52,220 Global parallel computation enabled: 70 / 560
yt : [INFO     ] 2026-08-06 00:58:52,221 Global parallel computation enabled: 538 / 560
yt : [INFO     ] 2026-08-06 00:58:52,220 Global parallel computation enabled: 145 / 560
yt : [INFO     ] 2026-08-06 00:58:52,220 Global parallel computation enabled: 428 / 560
yt : [INFO     ] 2026-08-06 00:58:52,221 Global parallel computation enabled: 414 / 560
yt : [INFO     ] 2026-08-06 00:58:52,220 Global parallel computation enabled: 505 / 560
yt : [INFO     ] 2026-08-06 00:58:52,220 Global parallel computation enabled: 486 / 560
yt : [INFO     ] 2026-08-06 00:58:52,220 Global parallel computation enabled: 384 / 560
yt : [INFO     ] 2026-08-06 00:58:52,220 Global parallel computation enabled: 343 / 560
yt : [INFO     ] 2026-08-06 00:58:52,221 Global parallel computation enabled: 256 / 560
yt : [INFO     ] 2026-08-06 00:58:52,221 Global parallel computation enabled: 199 / 560
yt : [INFO     ] 2026-08-06 00:58:52,220 Global parallel computation enabled: 214 / 560
yt : [INFO     ] 2026-08-06 00:58:52,221 Global parallel computation enabled: 310 / 560
yt : [INFO     ] 2026-08-06 00:58:52,220 Global parallel computation enabled: 469 / 560
yt : [INFO     ] 2026-08-06 00:58:52,221 Global parallel computation enabled: 103 / 560
yt : [INFO     ] 2026-08-06 00:58:52,220 Global parallel computation enabled: 35 / 560
yt : [INFO     ] 2026-08-06 00:58:52,220 Global parallel computation enabled: 73 / 560
yt : [INFO     ] 2026-08-06 00:58:52,221 Global parallel computation enabled: 540 / 560
yt : [INFO     ] 2026-08-06 00:58:52,220 Global parallel computation enabled: 146 / 560
yt : [INFO     ] 2026-08-06 00:58:52,220 Global parallel computation enabled: 429 / 560
yt : [INFO     ] 2026-08-06 00:58:52,221 Global parallel computation enabled: 416 / 560
yt : [INFO     ] 2026-08-06 00:58:52,220 Global parallel computation enabled: 509 / 560
yt : [INFO     ] 2026-08-06 00:58:52,220 Global parallel computation enabled: 487 / 560
yt : [INFO     ] 2026-08-06 00:58:52,220 Global parallel computation enabled: 385 / 560
yt : [INFO     ] 2026-08-06 00:58:52,220 Global parallel computation enabled: 345 / 560
yt : [INFO     ] 2026-08-06 00:58:52,221 Global parallel computation enabled: 257 / 560
yt : [INFO     ] 2026-08-06 00:58:52,221 Global parallel computation enabled: 189 / 560
yt : [INFO     ] 2026-08-06 00:58:52,220 Global parallel computation enabled: 215 / 560
yt : [INFO     ] 2026-08-06 00:58:52,220 Global parallel computation enabled: 323 / 560
yt : [INFO     ] 2026-08-06 00:58:52,220 Global parallel computation enabled: 470 / 560
yt : [INFO     ] 2026-08-06 00:58:52,221 Global parallel computation enabled: 104 / 560
yt : [INFO     ] 2026-08-06 00:58:52,221 Global parallel computation enabled: 17 / 560
yt : [INFO     ] 2026-08-06 00:58:52,220 Global parallel computation enabled: 75 / 560
yt : [INFO     ] 2026-08-06 00:58:52,221 Global parallel computation enabled: 541 / 560
yt : [INFO     ] 2026-08-06 00:58:52,220 Global parallel computation enabled: 147 / 560
yt : [INFO     ] 2026-08-06 00:58:52,220 Global parallel computation enabled: 430 / 560
yt : [INFO     ] 2026-08-06 00:58:52,221 Global parallel computation enabled: 417 / 560
yt : [INFO     ] 2026-08-06 00:58:52,220 Global parallel computation enabled: 510 / 560
yt : [INFO     ] 2026-08-06 00:58:52,220 Global parallel computation enabled: 489 / 560
yt : [INFO     ] 2026-08-06 00:58:52,220 Global parallel computation enabled: 386 / 560
yt : [INFO     ] 2026-08-06 00:58:52,220 Global parallel computation enabled: 350 / 560
yt : [INFO     ] 2026-08-06 00:58:52,221 Global parallel computation enabled: 258 / 560
yt : [INFO     ] 2026-08-06 00:58:52,221 Global parallel computation enabled: 200 / 560
yt : [INFO     ] 2026-08-06 00:58:52,220 Global parallel computation enabled: 221 / 560
yt : [INFO     ] 2026-08-06 00:58:52,221 Global parallel computation enabled: 312 / 560
yt : [INFO     ] 2026-08-06 00:58:52,220 Global parallel computation enabled: 474 / 560
yt : [INFO     ] 2026-08-06 00:58:52,221 Global parallel computation enabled: 110 / 560
yt : [INFO     ] 2026-08-06 00:58:52,220 Global parallel computation enabled: 37 / 560
yt : [INFO     ] 2026-08-06 00:58:52,220 Global parallel computation enabled: 77 / 560
yt : [INFO     ] 2026-08-06 00:58:52,221 Global parallel computation enabled: 544 / 560
yt : [INFO     ] 2026-08-06 00:58:52,220 Global parallel computation enabled: 148 / 560
yt : [INFO     ] 2026-08-06 00:58:52,220 Global parallel computation enabled: 432 / 560
yt : [INFO     ] 2026-08-06 00:58:52,221 Global parallel computation enabled: 418 / 560
yt : [INFO     ] 2026-08-06 00:58:52,220 Global parallel computation enabled: 511 / 560
yt : [INFO     ] 2026-08-06 00:58:52,220 Global parallel computation enabled: 502 / 560
yt : [INFO     ] 2026-08-06 00:58:52,220 Global parallel computation enabled: 391 / 560
yt : [INFO     ] 2026-08-06 00:58:52,220 Global parallel computation enabled: 353 / 560
yt : [INFO     ] 2026-08-06 00:58:52,221 Global parallel computation enabled: 260 / 560
yt : [INFO     ] 2026-08-06 00:58:52,221 Global parallel computation enabled: 190 / 560
yt : [INFO     ] 2026-08-06 00:58:52,220 Global parallel computation enabled: 223 / 560
yt : [INFO     ] 2026-08-06 00:58:52,220 Global parallel computation enabled: 324 / 560
yt : [INFO     ] 2026-08-06 00:58:52,220 Global parallel computation enabled: 448 / 560
yt : [INFO     ] 2026-08-06 00:58:52,218 Global parallel computation enabled: 112 / 560
yt : [INFO     ] 2026-08-06 00:58:52,221 Global parallel computation enabled: 20 / 560
yt : [INFO     ] 2026-08-06 00:58:52,221 Global parallel computation enabled: 60 / 560
yt : [INFO     ] 2026-08-06 00:58:52,221 Global parallel computation enabled: 547 / 560
yt : [INFO     ] 2026-08-06 00:58:52,222 Global parallel computation enabled: 154 / 560
yt : [INFO     ] 2026-08-06 00:58:52,221 Global parallel computation enabled: 436 / 560
yt : [INFO     ] 2026-08-06 00:58:52,220 Global parallel computation enabled: 515 / 560
yt : [INFO     ] 2026-08-06 00:58:52,220 Global parallel computation enabled: 477 / 560
yt : [INFO     ] 2026-08-06 00:58:52,220 Global parallel computation enabled: 356 / 560
yt : [INFO     ] 2026-08-06 00:58:52,221 Global parallel computation enabled: 262 / 560
yt : [INFO     ] 2026-08-06 00:58:52,221 Global parallel computation enabled: 201 / 560
yt : [INFO     ] 2026-08-06 00:58:52,220 Global parallel computation enabled: 231 / 560
yt : [INFO     ] 2026-08-06 00:58:52,221 Global parallel computation enabled: 314 / 560
yt : [INFO     ] 2026-08-06 00:58:52,220 Global parallel computation enabled: 452 / 560
yt : [INFO     ] 2026-08-06 00:58:52,218 Global parallel computation enabled: 113 / 560
yt : [INFO     ] 2026-08-06 00:58:52,220 Global parallel computation enabled: 41 / 560
yt : [INFO     ] 2026-08-06 00:58:52,221 Global parallel computation enabled: 61 / 560
yt : [INFO     ] 2026-08-06 00:58:52,221 Global parallel computation enabled: 550 / 560
yt : [INFO     ] 2026-08-06 00:58:52,222 Global parallel computation enabled: 155 / 560
yt : [INFO     ] 2026-08-06 00:58:52,221 Global parallel computation enabled: 438 / 560
yt : [INFO     ] 2026-08-06 00:58:52,220 Global parallel computation enabled: 517 / 560
yt : [INFO     ] 2026-08-06 00:58:52,220 Global parallel computation enabled: 478 / 560
yt : [INFO     ] 2026-08-06 00:58:52,220 Global parallel computation enabled: 359 / 560
yt : [INFO     ] 2026-08-06 00:58:52,221 Global parallel computation enabled: 263 / 560
yt : [INFO     ] 2026-08-06 00:58:52,221 Global parallel computation enabled: 191 / 560
yt : [INFO     ] 2026-08-06 00:58:52,220 Global parallel computation enabled: 232 / 560
yt : [INFO     ] 2026-08-06 00:58:52,220 Global parallel computation enabled: 325 / 560
yt : [INFO     ] 2026-08-06 00:58:52,220 Global parallel computation enabled: 457 / 560
yt : [INFO     ] 2026-08-06 00:58:52,218 Global parallel computation enabled: 115 / 560
yt : [INFO     ] 2026-08-06 00:58:52,221 Global parallel computation enabled: 21 / 560
yt : [INFO     ] 2026-08-06 00:58:52,221 Global parallel computation enabled: 62 / 560
yt : [INFO     ] 2026-08-06 00:58:52,221 Global parallel computation enabled: 554 / 560
yt : [INFO     ] 2026-08-06 00:58:52,222 Global parallel computation enabled: 159 / 560
yt : [INFO     ] 2026-08-06 00:58:52,221 Global parallel computation enabled: 441 / 560
yt : [INFO     ] 2026-08-06 00:58:52,220 Global parallel computation enabled: 519 / 560
yt : [INFO     ] 2026-08-06 00:58:52,220 Global parallel computation enabled: 481 / 560
yt : [INFO     ] 2026-08-06 00:58:52,220 Global parallel computation enabled: 360 / 560
yt : [INFO     ] 2026-08-06 00:58:52,221 Global parallel computation enabled: 264 / 560
yt : [INFO     ] 2026-08-06 00:58:52,221 Global parallel computation enabled: 202 / 560
yt : [INFO     ] 2026-08-06 00:58:52,220 Global parallel computation enabled: 233 / 560
yt : [INFO     ] 2026-08-06 00:58:52,221 Global parallel computation enabled: 316 / 560
yt : [INFO     ] 2026-08-06 00:58:52,220 Global parallel computation enabled: 449 / 560
yt : [INFO     ] 2026-08-06 00:58:52,218 Global parallel computation enabled: 116 / 560
yt : [INFO     ] 2026-08-06 00:58:52,220 Global parallel computation enabled: 28 / 560
yt : [INFO     ] 2026-08-06 00:58:52,221 Global parallel computation enabled: 66 / 560
yt : [INFO     ] 2026-08-06 00:58:52,221 Global parallel computation enabled: 555 / 560
yt : [INFO     ] 2026-08-06 00:58:52,221 Global parallel computation enabled: 126 / 560
yt : [INFO     ] 2026-08-06 00:58:52,221 Global parallel computation enabled: 442 / 560
yt : [INFO     ] 2026-08-06 00:58:52,220 Global parallel computation enabled: 520 / 560
yt : [INFO     ] 2026-08-06 00:58:52,220 Global parallel computation enabled: 488 / 560
yt : [INFO     ] 2026-08-06 00:58:52,220 Global parallel computation enabled: 361 / 560
yt : [INFO     ] 2026-08-06 00:58:52,221 Global parallel computation enabled: 265 / 560
yt : [INFO     ] 2026-08-06 00:58:52,221 Global parallel computation enabled: 193 / 560
yt : [INFO     ] 2026-08-06 00:58:52,220 Global parallel computation enabled: 234 / 560
yt : [INFO     ] 2026-08-06 00:58:52,220 Global parallel computation enabled: 326 / 560
yt : [INFO     ] 2026-08-06 00:58:52,220 Global parallel computation enabled: 450 / 560
yt : [INFO     ] 2026-08-06 00:58:52,218 Global parallel computation enabled: 117 / 560
yt : [INFO     ] 2026-08-06 00:58:52,221 Global parallel computation enabled: 22 / 560
yt : [INFO     ] 2026-08-06 00:58:52,221 Global parallel computation enabled: 67 / 560
yt : [INFO     ] 2026-08-06 00:58:52,221 Global parallel computation enabled: 558 / 560
yt : [INFO     ] 2026-08-06 00:58:52,221 Global parallel computation enabled: 127 / 560
yt : [INFO     ] 2026-08-06 00:58:52,221 Global parallel computation enabled: 434 / 560
yt : [INFO     ] 2026-08-06 00:58:52,220 Global parallel computation enabled: 527 / 560
yt : [INFO     ] 2026-08-06 00:58:52,220 Global parallel computation enabled: 503 / 560
yt : [INFO     ] 2026-08-06 00:58:52,220 Global parallel computation enabled: 363 / 560
yt : [INFO     ] 2026-08-06 00:58:52,220 Global parallel computation enabled: 273 / 560
yt : [INFO     ] 2026-08-06 00:58:52,221 Global parallel computation enabled: 203 / 560
yt : [INFO     ] 2026-08-06 00:58:52,220 Global parallel computation enabled: 236 / 560
yt : [INFO     ] 2026-08-06 00:58:52,221 Global parallel computation enabled: 319 / 560
yt : [INFO     ] 2026-08-06 00:58:52,221 Global parallel computation enabled: 451 / 560
yt : [INFO     ] 2026-08-06 00:58:52,218 Global parallel computation enabled: 118 / 560
yt : [INFO     ] 2026-08-06 00:58:52,220 Global parallel computation enabled: 29 / 560
yt : [INFO     ] 2026-08-06 00:58:52,221 Global parallel computation enabled: 69 / 560
yt : [INFO     ] 2026-08-06 00:58:52,221 Global parallel computation enabled: 559 / 560
yt : [INFO     ] 2026-08-06 00:58:52,221 Global parallel computation enabled: 131 / 560
yt : [INFO     ] 2026-08-06 00:58:52,221 Global parallel computation enabled: 435 / 560
yt : [INFO     ] 2026-08-06 00:58:52,221 Global parallel computation enabled: 530 / 560
yt : [INFO     ] 2026-08-06 00:58:52,220 Global parallel computation enabled: 490 / 560
yt : [INFO     ] 2026-08-06 00:58:52,220 Global parallel computation enabled: 351 / 560
yt : [INFO     ] 2026-08-06 00:58:52,220 Global parallel computation enabled: 286 / 560
yt : [INFO     ] 2026-08-06 00:58:52,221 Global parallel computation enabled: 194 / 560
yt : [INFO     ] 2026-08-06 00:58:52,220 Global parallel computation enabled: 237 / 560
yt : [INFO     ] 2026-08-06 00:58:52,220 Global parallel computation enabled: 327 / 560
yt : [INFO     ] 2026-08-06 00:58:52,221 Global parallel computation enabled: 454 / 560
yt : [INFO     ] 2026-08-06 00:58:52,218 Global parallel computation enabled: 119 / 560
yt : [INFO     ] 2026-08-06 00:58:52,221 Global parallel computation enabled: 23 / 560
yt : [INFO     ] 2026-08-06 00:58:52,221 Global parallel computation enabled: 56 / 560
yt : [INFO     ] 2026-08-06 00:58:52,221 Global parallel computation enabled: 546 / 560
yt : [INFO     ] 2026-08-06 00:58:52,221 Global parallel computation enabled: 132 / 560
yt : [INFO     ] 2026-08-06 00:58:52,221 Global parallel computation enabled: 437 / 560
yt : [INFO     ] 2026-08-06 00:58:52,221 Global parallel computation enabled: 518 / 560
yt : [INFO     ] 2026-08-06 00:58:52,221 Global parallel computation enabled: 491 / 560
yt : [INFO     ] 2026-08-06 00:58:52,220 Global parallel computation enabled: 352 / 560
yt : [INFO     ] 2026-08-06 00:58:52,220 Global parallel computation enabled: 278 / 560
yt : [INFO     ] 2026-08-06 00:58:52,221 Global parallel computation enabled: 204 / 560
yt : [INFO     ] 2026-08-06 00:58:52,220 Global parallel computation enabled: 224 / 560
yt : [INFO     ] 2026-08-06 00:58:52,221 Global parallel computation enabled: 320 / 560
yt : [INFO     ] 2026-08-06 00:58:52,220 Global parallel computation enabled: 458 / 560
yt : [INFO     ] 2026-08-06 00:58:52,218 Global parallel computation enabled: 123 / 560
yt : [INFO     ] 2026-08-06 00:58:52,220 Global parallel computation enabled: 36 / 560
yt : [INFO     ] 2026-08-06 00:58:52,221 Global parallel computation enabled: 57 / 560
yt : [INFO     ] 2026-08-06 00:58:52,221 Global parallel computation enabled: 548 / 560
yt : [INFO     ] 2026-08-06 00:58:52,221 Global parallel computation enabled: 135 / 560
yt : [INFO     ] 2026-08-06 00:58:52,221 Global parallel computation enabled: 439 / 560
yt : [INFO     ] 2026-08-06 00:58:52,221 Global parallel computation enabled: 521 / 560
yt : [INFO     ] 2026-08-06 00:58:52,221 Global parallel computation enabled: 492 / 560
yt : [INFO     ] 2026-08-06 00:58:52,220 Global parallel computation enabled: 354 / 560
yt : [INFO     ] 2026-08-06 00:58:52,220 Global parallel computation enabled: 287 / 560
yt : [INFO     ] 2026-08-06 00:58:52,221 Global parallel computation enabled: 195 / 560
yt : [INFO     ] 2026-08-06 00:58:52,220 Global parallel computation enabled: 225 / 560
yt : [INFO     ] 2026-08-06 00:58:52,220 Global parallel computation enabled: 328 / 560
yt : [INFO     ] 2026-08-06 00:58:52,221 Global parallel computation enabled: 459 / 560
yt : [INFO     ] 2026-08-06 00:58:52,218 Global parallel computation enabled: 124 / 560
yt : [INFO     ] 2026-08-06 00:58:52,221 Global parallel computation enabled: 27 / 560
yt : [INFO     ] 2026-08-06 00:58:52,221 Global parallel computation enabled: 58 / 560
yt : [INFO     ] 2026-08-06 00:58:52,221 Global parallel computation enabled: 549 / 560
yt : [INFO     ] 2026-08-06 00:58:52,221 Global parallel computation enabled: 136 / 560
yt : [INFO     ] 2026-08-06 00:58:52,221 Global parallel computation enabled: 440 / 560
yt : [INFO     ] 2026-08-06 00:58:52,221 Global parallel computation enabled: 522 / 560
yt : [INFO     ] 2026-08-06 00:58:52,220 Global parallel computation enabled: 493 / 560
yt : [INFO     ] 2026-08-06 00:58:52,220 Global parallel computation enabled: 355 / 560
yt : [INFO     ] 2026-08-06 00:58:52,220 Global parallel computation enabled: 279 / 560
yt : [INFO     ] 2026-08-06 00:58:52,221 Global parallel computation enabled: 205 / 560
yt : [INFO     ] 2026-08-06 00:58:52,220 Global parallel computation enabled: 226 / 560
yt : [INFO     ] 2026-08-06 00:58:52,220 Global parallel computation enabled: 329 / 560
yt : [INFO     ] 2026-08-06 00:58:52,221 Global parallel computation enabled: 460 / 560
yt : [INFO     ] 2026-08-06 00:58:52,218 Global parallel computation enabled: 125 / 560
yt : [INFO     ] 2026-08-06 00:58:52,220 Global parallel computation enabled: 38 / 560
yt : [INFO     ] 2026-08-06 00:58:52,221 Global parallel computation enabled: 59 / 560
yt : [INFO     ] 2026-08-06 00:58:52,221 Global parallel computation enabled: 551 / 560
yt : [INFO     ] 2026-08-06 00:58:52,221 Global parallel computation enabled: 137 / 560
yt : [INFO     ] 2026-08-06 00:58:52,221 Global parallel computation enabled: 443 / 560
yt : [INFO     ] 2026-08-06 00:58:52,221 Global parallel computation enabled: 523 / 560
yt : [INFO     ] 2026-08-06 00:58:52,221 Global parallel computation enabled: 495 / 560
yt : [INFO     ] 2026-08-06 00:58:52,220 Global parallel computation enabled: 357 / 560
yt : [INFO     ] 2026-08-06 00:58:52,220 Global parallel computation enabled: 289 / 560
yt : [INFO     ] 2026-08-06 00:58:52,221 Global parallel computation enabled: 206 / 560
yt : [INFO     ] 2026-08-06 00:58:52,220 Global parallel computation enabled: 227 / 560
yt : [INFO     ] 2026-08-06 00:58:52,220 Global parallel computation enabled: 330 / 560
yt : [INFO     ] 2026-08-06 00:58:52,221 Global parallel computation enabled: 453 / 560
yt : [INFO     ] 2026-08-06 00:58:52,218 Global parallel computation enabled: 114 / 560
yt : [INFO     ] 2026-08-06 00:58:52,220 Global parallel computation enabled: 39 / 560
yt : [INFO     ] 2026-08-06 00:58:52,221 Global parallel computation enabled: 63 / 560
yt : [INFO     ] 2026-08-06 00:58:52,221 Global parallel computation enabled: 552 / 560
yt : [INFO     ] 2026-08-06 00:58:52,221 Global parallel computation enabled: 138 / 560
yt : [INFO     ] 2026-08-06 00:58:52,221 Global parallel computation enabled: 444 / 560
yt : [INFO     ] 2026-08-06 00:58:52,221 Global parallel computation enabled: 524 / 560
yt : [INFO     ] 2026-08-06 00:58:52,220 Global parallel computation enabled: 496 / 560
yt : [INFO     ] 2026-08-06 00:58:52,220 Global parallel computation enabled: 358 / 560
yt : [INFO     ] 2026-08-06 00:58:52,220 Global parallel computation enabled: 267 / 560
yt : [INFO     ] 2026-08-06 00:58:52,221 Global parallel computation enabled: 207 / 560
yt : [INFO     ] 2026-08-06 00:58:52,220 Global parallel computation enabled: 228 / 560
yt : [INFO     ] 2026-08-06 00:58:52,220 Global parallel computation enabled: 331 / 560
yt : [INFO     ] 2026-08-06 00:58:52,221 Global parallel computation enabled: 455 / 560
yt : [INFO     ] 2026-08-06 00:58:52,222 Global parallel computation enabled: 94 / 560
yt : [INFO     ] 2026-08-06 00:58:52,220 Global parallel computation enabled: 40 / 560
yt : [INFO     ] 2026-08-06 00:58:52,221 Global parallel computation enabled: 64 / 560
yt : [INFO     ] 2026-08-06 00:58:52,221 Global parallel computation enabled: 553 / 560
yt : [INFO     ] 2026-08-06 00:58:52,221 Global parallel computation enabled: 139 / 560
yt : [INFO     ] 2026-08-06 00:58:52,221 Global parallel computation enabled: 445 / 560
yt : [INFO     ] 2026-08-06 00:58:52,221 Global parallel computation enabled: 525 / 560
yt : [INFO     ] 2026-08-06 00:58:52,220 Global parallel computation enabled: 497 / 560
yt : [INFO     ] 2026-08-06 00:58:52,220 Global parallel computation enabled: 362 / 560
yt : [INFO     ] 2026-08-06 00:58:52,220 Global parallel computation enabled: 293 / 560
yt : [INFO     ] 2026-08-06 00:58:52,221 Global parallel computation enabled: 208 / 560
yt : [INFO     ] 2026-08-06 00:58:52,220 Global parallel computation enabled: 229 / 560
yt : [INFO     ] 2026-08-06 00:58:52,220 Global parallel computation enabled: 332 / 560
yt : [INFO     ] 2026-08-06 00:58:52,221 Global parallel computation enabled: 456 / 560
yt : [INFO     ] 2026-08-06 00:58:52,218 Global parallel computation enabled: 120 / 560
yt : [INFO     ] 2026-08-06 00:58:52,221 Global parallel computation enabled: 11 / 560
yt : [INFO     ] 2026-08-06 00:58:52,221 Global parallel computation enabled: 65 / 560
yt : [INFO     ] 2026-08-06 00:58:52,221 Global parallel computation enabled: 556 / 560
yt : [INFO     ] 2026-08-06 00:58:52,222 Global parallel computation enabled: 161 / 560
yt : [INFO     ] 2026-08-06 00:58:52,221 Global parallel computation enabled: 446 / 560
yt : [INFO     ] 2026-08-06 00:58:52,221 Global parallel computation enabled: 526 / 560
yt : [INFO     ] 2026-08-06 00:58:52,220 Global parallel computation enabled: 498 / 560
yt : [INFO     ] 2026-08-06 00:58:52,220 Global parallel computation enabled: 269 / 560
yt : [INFO     ] 2026-08-06 00:58:52,221 Global parallel computation enabled: 209 / 560
yt : [INFO     ] 2026-08-06 00:58:52,220 Global parallel computation enabled: 230 / 560
yt : [INFO     ] 2026-08-06 00:58:52,220 Global parallel computation enabled: 333 / 560
yt : [INFO     ] 2026-08-06 00:58:52,221 Global parallel computation enabled: 461 / 560
yt : [INFO     ] 2026-08-06 00:58:52,222 Global parallel computation enabled: 92 / 560
yt : [INFO     ] 2026-08-06 00:58:52,221 Global parallel computation enabled: 13 / 560
yt : [INFO     ] 2026-08-06 00:58:52,221 Global parallel computation enabled: 68 / 560
yt : [INFO     ] 2026-08-06 00:58:52,221 Global parallel computation enabled: 557 / 560
yt : [INFO     ] 2026-08-06 00:58:52,221 Global parallel computation enabled: 128 / 560
yt : [INFO     ] 2026-08-06 00:58:52,221 Global parallel computation enabled: 447 / 560
yt : [INFO     ] 2026-08-06 00:58:52,221 Global parallel computation enabled: 528 / 560
yt : [INFO     ] 2026-08-06 00:58:52,220 Global parallel computation enabled: 499 / 560
yt : [INFO     ] 2026-08-06 00:58:52,220 Global parallel computation enabled: 280 / 560
yt : [INFO     ] 2026-08-06 00:58:52,221 Global parallel computation enabled: 169 / 560
yt : [INFO     ] 2026-08-06 00:58:52,220 Global parallel computation enabled: 235 / 560
yt : [INFO     ] 2026-08-06 00:58:52,220 Global parallel computation enabled: 334 / 560
yt : [INFO     ] 2026-08-06 00:58:52,218 Global parallel computation enabled: 121 / 560
yt : [INFO     ] 2026-08-06 00:58:52,221 Global parallel computation enabled: 0 / 560
yt : [INFO     ] 2026-08-06 00:58:52,221 Global parallel computation enabled: 129 / 560
yt : [INFO     ] 2026-08-06 00:58:52,221 Global parallel computation enabled: 529 / 560
yt : [INFO     ] 2026-08-06 00:58:52,220 Global parallel computation enabled: 500 / 560
yt : [INFO     ] 2026-08-06 00:58:52,220 Global parallel computation enabled: 270 / 560
yt : [INFO     ] 2026-08-06 00:58:52,221 Global parallel computation enabled: 174 / 560
yt : [INFO     ] 2026-08-06 00:58:52,220 Global parallel computation enabled: 238 / 560
yt : [INFO     ] 2026-08-06 00:58:52,220 Global parallel computation enabled: 298 / 560
yt : [INFO     ] 2026-08-06 00:58:52,222 Global parallel computation enabled: 85 / 560
yt : [INFO     ] 2026-08-06 00:58:52,221 Global parallel computation enabled: 1 / 560
yt : [INFO     ] 2026-08-06 00:58:52,221 Global parallel computation enabled: 130 / 560
yt : [INFO     ] 2026-08-06 00:58:52,221 Global parallel computation enabled: 531 / 560
yt : [INFO     ] 2026-08-06 00:58:52,220 Global parallel computation enabled: 501 / 560
yt : [INFO     ] 2026-08-06 00:58:52,220 Global parallel computation enabled: 282 / 560
yt : [INFO     ] 2026-08-06 00:58:52,221 Global parallel computation enabled: 176 / 560
yt : [INFO     ] 2026-08-06 00:58:52,220 Global parallel computation enabled: 240 / 560
yt : [INFO     ] 2026-08-06 00:58:52,220 Global parallel computation enabled: 299 / 560
yt : [INFO     ] 2026-08-06 00:58:52,222 Global parallel computation enabled: 86 / 560
yt : [INFO     ] 2026-08-06 00:58:52,221 Global parallel computation enabled: 6 / 560
yt : [INFO     ] 2026-08-06 00:58:52,221 Global parallel computation enabled: 133 / 560
yt : [INFO     ] 2026-08-06 00:58:52,220 Global parallel computation enabled: 271 / 560
yt : [INFO     ] 2026-08-06 00:58:52,221 Global parallel computation enabled: 178 / 560
yt : [INFO     ] 2026-08-06 00:58:52,220 Global parallel computation enabled: 241 / 560
yt : [INFO     ] 2026-08-06 00:58:52,220 Global parallel computation enabled: 307 / 560
yt : [INFO     ] 2026-08-06 00:58:52,218 Global parallel computation enabled: 122 / 560
yt : [INFO     ] 2026-08-06 00:58:52,221 Global parallel computation enabled: 10 / 560
yt : [INFO     ] 2026-08-06 00:58:52,221 Global parallel computation enabled: 134 / 560
yt : [INFO     ] 2026-08-06 00:58:52,220 Global parallel computation enabled: 284 / 560
yt : [INFO     ] 2026-08-06 00:58:52,221 Global parallel computation enabled: 170 / 560
yt : [INFO     ] 2026-08-06 00:58:52,220 Global parallel computation enabled: 244 / 560
yt : [INFO     ] 2026-08-06 00:58:52,220 Global parallel computation enabled: 294 / 560
yt : [INFO     ] 2026-08-06 00:58:52,222 Global parallel computation enabled: 88 / 560
yt : [INFO     ] 2026-08-06 00:58:52,221 Global parallel computation enabled: 2 / 560
yt : [INFO     ] 2026-08-06 00:58:52,222 Global parallel computation enabled: 162 / 560
yt : [INFO     ] 2026-08-06 00:58:52,220 Global parallel computation enabled: 272 / 560
yt : [INFO     ] 2026-08-06 00:58:52,221 Global parallel computation enabled: 171 / 560
yt : [INFO     ] 2026-08-06 00:58:52,220 Global parallel computation enabled: 247 / 560
yt : [INFO     ] 2026-08-06 00:58:52,220 Global parallel computation enabled: 295 / 560
yt : [INFO     ] 2026-08-06 00:58:52,222 Global parallel computation enabled: 95 / 560
yt : [INFO     ] 2026-08-06 00:58:52,221 Global parallel computation enabled: 3 / 560
yt : [INFO     ] 2026-08-06 00:58:52,222 Global parallel computation enabled: 164 / 560
yt : [INFO     ] 2026-08-06 00:58:52,220 Global parallel computation enabled: 288 / 560
yt : [INFO     ] 2026-08-06 00:58:52,221 Global parallel computation enabled: 172 / 560
yt : [INFO     ] 2026-08-06 00:58:52,220 Global parallel computation enabled: 248 / 560
yt : [INFO     ] 2026-08-06 00:58:52,220 Global parallel computation enabled: 296 / 560
yt : [INFO     ] 2026-08-06 00:58:52,222 Global parallel computation enabled: 87 / 560
yt : [INFO     ] 2026-08-06 00:58:52,221 Global parallel computation enabled: 4 / 560
yt : [INFO     ] 2026-08-06 00:58:52,222 Global parallel computation enabled: 165 / 560
yt : [INFO     ] 2026-08-06 00:58:52,220 Global parallel computation enabled: 274 / 560
yt : [INFO     ] 2026-08-06 00:58:52,221 Global parallel computation enabled: 173 / 560
yt : [INFO     ] 2026-08-06 00:58:52,220 Global parallel computation enabled: 249 / 560
yt : [INFO     ] 2026-08-06 00:58:52,220 Global parallel computation enabled: 297 / 560
yt : [INFO     ] 2026-08-06 00:58:52,222 Global parallel computation enabled: 93 / 560
yt : [INFO     ] 2026-08-06 00:58:52,221 Global parallel computation enabled: 5 / 560
yt : [INFO     ] 2026-08-06 00:58:52,222 Global parallel computation enabled: 166 / 560
yt : [INFO     ] 2026-08-06 00:58:52,220 Global parallel computation enabled: 290 / 560
yt : [INFO     ] 2026-08-06 00:58:52,221 Global parallel computation enabled: 175 / 560
yt : [INFO     ] 2026-08-06 00:58:52,220 Global parallel computation enabled: 239 / 560
yt : [INFO     ] 2026-08-06 00:58:52,220 Global parallel computation enabled: 301 / 560
yt : [INFO     ] 2026-08-06 00:58:52,222 Global parallel computation enabled: 90 / 560
yt : [INFO     ] 2026-08-06 00:58:52,221 Global parallel computation enabled: 7 / 560
yt : [INFO     ] 2026-08-06 00:58:52,222 Global parallel computation enabled: 167 / 560
yt : [INFO     ] 2026-08-06 00:58:52,220 Global parallel computation enabled: 275 / 560
yt : [INFO     ] 2026-08-06 00:58:52,221 Global parallel computation enabled: 177 / 560
yt : [INFO     ] 2026-08-06 00:58:52,220 Global parallel computation enabled: 242 / 560
yt : [INFO     ] 2026-08-06 00:58:52,220 Global parallel computation enabled: 303 / 560
yt : [INFO     ] 2026-08-06 00:58:52,222 Global parallel computation enabled: 84 / 560
yt : [INFO     ] 2026-08-06 00:58:52,221 Global parallel computation enabled: 8 / 560
yt : [INFO     ] 2026-08-06 00:58:52,222 Global parallel computation enabled: 156 / 560
yt : [INFO     ] 2026-08-06 00:58:52,220 Global parallel computation enabled: 291 / 560
yt : [INFO     ] 2026-08-06 00:58:52,221 Global parallel computation enabled: 179 / 560
yt : [INFO     ] 2026-08-06 00:58:52,220 Global parallel computation enabled: 243 / 560
yt : [INFO     ] 2026-08-06 00:58:52,220 Global parallel computation enabled: 304 / 560
yt : [INFO     ] 2026-08-06 00:58:52,222 Global parallel computation enabled: 97 / 560
yt : [INFO     ] 2026-08-06 00:58:52,221 Global parallel computation enabled: 9 / 560
yt : [INFO     ] 2026-08-06 00:58:52,222 Global parallel computation enabled: 157 / 560
yt : [INFO     ] 2026-08-06 00:58:52,220 Global parallel computation enabled: 276 / 560
yt : [INFO     ] 2026-08-06 00:58:52,221 Global parallel computation enabled: 180 / 560
yt : [INFO     ] 2026-08-06 00:58:52,220 Global parallel computation enabled: 245 / 560
yt : [INFO     ] 2026-08-06 00:58:52,220 Global parallel computation enabled: 305 / 560
yt : [INFO     ] 2026-08-06 00:58:52,222 Global parallel computation enabled: 89 / 560
yt : [INFO     ] 2026-08-06 00:58:52,221 Global parallel computation enabled: 12 / 560
yt : [INFO     ] 2026-08-06 00:58:52,222 Global parallel computation enabled: 158 / 560
yt : [INFO     ] 2026-08-06 00:58:52,220 Global parallel computation enabled: 292 / 560
yt : [INFO     ] 2026-08-06 00:58:52,221 Global parallel computation enabled: 181 / 560
yt : [INFO     ] 2026-08-06 00:58:52,220 Global parallel computation enabled: 246 / 560
yt : [INFO     ] 2026-08-06 00:58:52,220 Global parallel computation enabled: 306 / 560
yt : [INFO     ] 2026-08-06 00:58:52,222 Global parallel computation enabled: 91 / 560
yt : [INFO     ] 2026-08-06 00:58:52,222 Global parallel computation enabled: 160 / 560
yt : [INFO     ] 2026-08-06 00:58:52,220 Global parallel computation enabled: 277 / 560
yt : [INFO     ] 2026-08-06 00:58:52,221 Global parallel computation enabled: 168 / 560
yt : [INFO     ] 2026-08-06 00:58:52,220 Global parallel computation enabled: 250 / 560
yt : [INFO     ] 2026-08-06 00:58:52,220 Global parallel computation enabled: 300 / 560
yt : [INFO     ] 2026-08-06 00:58:52,222 Global parallel computation enabled: 96 / 560
yt : [INFO     ] 2026-08-06 00:58:52,222 Global parallel computation enabled: 163 / 560
yt : [INFO     ] 2026-08-06 00:58:52,220 Global parallel computation enabled: 251 / 560
yt : [INFO     ] 2026-08-06 00:58:52,220 Global parallel computation enabled: 302 / 560
yt : [INFO     ] 2026-08-06 00:58:52,226 Global parallel computation enabled: 43 / 560
yt : [INFO     ] 2026-08-06 00:58:52,226 Global parallel computation enabled: 46 / 560
yt : [INFO     ] 2026-08-06 00:58:52,226 Global parallel computation enabled: 47 / 560
yt : [INFO     ] 2026-08-06 00:58:52,226 Global parallel computation enabled: 48 / 560
yt : [INFO     ] 2026-08-06 00:58:52,226 Global parallel computation enabled: 49 / 560
yt : [INFO     ] 2026-08-06 00:58:52,226 Global parallel computation enabled: 50 / 560
yt : [INFO     ] 2026-08-06 00:58:52,226 Global parallel computation enabled: 51 / 560
yt : [INFO     ] 2026-08-06 00:58:52,226 Global parallel computation enabled: 52 / 560
yt : [INFO     ] 2026-08-06 00:58:52,226 Global parallel computation enabled: 53 / 560
yt : [INFO     ] 2026-08-06 00:58:52,226 Global parallel computation enabled: 54 / 560
yt : [INFO     ] 2026-08-06 00:58:52,226 Global parallel computation enabled: 55 / 560
yt : [INFO     ] 2026-08-06 00:58:52,226 Global parallel computation enabled: 42 / 560
yt : [INFO     ] 2026-08-06 00:58:52,226 Global parallel computation enabled: 44 / 560
yt : [INFO     ] 2026-08-06 00:58:52,226 Global parallel computation enabled: 45 / 560
yt : [INFO     ] 2026-08-06 00:58:52,250 Global parallel computation enabled: 370 / 560
yt : [INFO     ] 2026-08-06 00:58:52,250 Global parallel computation enabled: 375 / 560
yt : [INFO     ] 2026-08-06 00:58:52,250 Global parallel computation enabled: 364 / 560
yt : [INFO     ] 2026-08-06 00:58:52,250 Global parallel computation enabled: 367 / 560
yt : [INFO     ] 2026-08-06 00:58:52,250 Global parallel computation enabled: 368 / 560
yt : [INFO     ] 2026-08-06 00:58:52,250 Global parallel computation enabled: 369 / 560
yt : [INFO     ] 2026-08-06 00:58:52,250 Global parallel computation enabled: 372 / 560
yt : [INFO     ] 2026-08-06 00:58:52,250 Global parallel computation enabled: 373 / 560
yt : [INFO     ] 2026-08-06 00:58:52,250 Global parallel computation enabled: 374 / 560
yt : [INFO     ] 2026-08-06 00:58:52,250 Global parallel computation enabled: 376 / 560
yt : [INFO     ] 2026-08-06 00:58:52,250 Global parallel computation enabled: 365 / 560
yt : [INFO     ] 2026-08-06 00:58:52,250 Global parallel computation enabled: 366 / 560
yt : [INFO     ] 2026-08-06 00:58:52,250 Global parallel computation enabled: 371 / 560
yt : [INFO     ] 2026-08-06 00:58:52,250 Global parallel computation enabled: 377 / 560
yt : [INFO     ] 2026-08-06 00:58:52,260 Global parallel computation enabled: 399 / 560
yt : [INFO     ] 2026-08-06 00:58:52,260 Global parallel computation enabled: 400 / 560
yt : [INFO     ] 2026-08-06 00:58:52,260 Global parallel computation enabled: 401 / 560
yt : [INFO     ] 2026-08-06 00:58:52,260 Global parallel computation enabled: 402 / 560
yt : [INFO     ] 2026-08-06 00:58:52,260 Global parallel computation enabled: 403 / 560
yt : [INFO     ] 2026-08-06 00:58:52,260 Global parallel computation enabled: 404 / 560
yt : [INFO     ] 2026-08-06 00:58:52,260 Global parallel computation enabled: 392 / 560
yt : [INFO     ] 2026-08-06 00:58:52,260 Global parallel computation enabled: 393 / 560
yt : [INFO     ] 2026-08-06 00:58:52,260 Global parallel computation enabled: 394 / 560
yt : [INFO     ] 2026-08-06 00:58:52,260 Global parallel computation enabled: 395 / 560
yt : [INFO     ] 2026-08-06 00:58:52,260 Global parallel computation enabled: 396 / 560
yt : [INFO     ] 2026-08-06 00:58:52,260 Global parallel computation enabled: 397 / 560
yt : [INFO     ] 2026-08-06 00:58:52,260 Global parallel computation enabled: 398 / 560
yt : [INFO     ] 2026-08-06 00:58:52,260 Global parallel computation enabled: 405 / 560
Finished calling initialize!
Finished calling initialize!
Finished calling initialize!
Finished calling initialize!
Finished calling initialize!
Finished calling initialize!
Finished calling initialize!
Finished calling initialize!
Finished calling initialize!
Finished calling initialize!
Finished calling initialize!
Finished calling initialize!
Finished calling initialize!
Finished calling initialize!
Finished calling initialize!
Finished calling initialize!
Finished calling initialize!
Finished calling initialize!
Finished calling initialize!
Finished calling initialize!
Finished calling initialize!
Finished calling initialize!
Finished calling initialize!
Finished calling initialize!
Finished calling initialize!
Finished calling initialize!
Finished calling initialize!
Finished calling initialize!
Finished calling initialize!
Finished calling initialize!
Finished calling initialize!
Finished calling initialize!
Finished calling initialize!
Finished calling initialize!
Finished calling initialize!
Finished calling initialize!
Finished calling initialize!
Finished calling initialize!
Finished calling initialize!
Finished calling initialize!
Finished calling initialize!
Finished calling initialize!
Finished calling initialize!
Finished calling initialize!
Finished calling initialize!
Finished calling initialize!
Finished calling initialize!
Finished calling initialize!
Finished calling initialize!
Finished calling initialize!
Finished calling initialize!
Finished calling initialize!
Finished calling initialize!
Finished calling initialize!
Finished calling initialize!
Finished calling initialize!
Finished calling initialize!
Finished calling initialize!
Finished calling initialize!
Finished calling initialize!
Finished calling initialize!
Finished calling initialize!
Finished calling initialize!
Finished calling initialize!
Finished calling initialize!
Finished calling initialize!
Finished calling initialize!
Finished calling initialize!
Finished calling initialize!
Finished calling initialize!
Finished calling initialize!
Finished calling initialize!
Finished calling initialize!
Finished calling initialize!
Finished calling initialize!
Finished calling initialize!
Finished calling initialize!
Finished calling initialize!
Finished calling initialize!
Finished calling initialize!
Finished calling initialize!
Finished calling initialize!
Finished calling initialize!
Finished calling initialize!
Finished calling initialize!
Finished calling initialize!
Finished calling initialize!
Finished calling initialize!
Finished calling initialize!
Finished calling initialize!
Finished calling initialize!
Finished calling initialize!
Finished calling initialize!
Finished calling initialize!
Finished calling initialize!
Finished calling initialize!
Finished calling initialize!
Finished calling initialize!
Finished calling initialize!
Finished calling initialize!
Finished calling initialize!
Finished calling initialize!
Finished calling initialize!
Finished calling initialize!
Finished calling initialize!
Finished calling initialize!
Finished calling initialize!
Finished calling initialize!
Finished calling initialize!
Finished calling initialize!
Finished calling initialize!
Finished calling initialize!
Finished calling initialize!
Finished calling initialize!
Finished calling initialize!
Finished calling initialize!
Finished calling initialize!
INITIALDT :::::::::::   0.00000000e+00
Finished calling initialize!
Finished calling initialize!
Finished calling initialize!
Finished calling initialize!
Finished calling initialize!
Finished calling initialize!
Finished calling initialize!
Finished calling initialize!
Finished calling initialize!
Finished calling initialize!
Finished calling initialize!
Finished calling initialize!
Finished calling initialize!
Finished calling initialize!
Finished calling initialize!
Finished calling initialize!
Finished calling initialize!
Finished calling initialize!
Finished calling initialize!
Finished calling initialize!
Finished calling initialize!
Finished calling initialize!
Finished calling initialize!
Finished calling initialize!
Finished calling initialize!
Finished calling initialize!
Finished calling initialize!
Finished calling initialize!
Finished calling initialize!
Finished calling initialize!
Finished calling initialize!
Finished calling initialize!
Finished calling initialize!
Finished calling initialize!
Finished calling initialize!
Finished calling initialize!
Finished calling initialize!
Finished calling initialize!
Finished calling initialize!
Finished calling initialize!
Finished calling initialize!
Finished calling initialize!
Finished calling initialize!
Finished calling initialize!
Finished calling initialize!
Finished calling initialize!
Finished calling initialize!
Finished calling initialize!
Finished calling initialize!
Finished calling initialize!
Finished calling initialize!
Finished calling initialize!
Finished calling initialize!
Finished calling initialize!
Finished calling initialize!
Finished calling initialize!
Finished calling initialize!
Finished calling initialize!
Finished calling initialize!
Finished calling initialize!
Finished calling initialize!
Finished calling initialize!
Finished calling initialize!
Finished calling initialize!
Finished calling initialize!
Finished calling initialize!
Finished calling initialize!
Finished calling initialize!
Finished calling initialize!
Finished calling initialize!
Finished calling initialize!
Finished calling initialize!
Finished calling initialize!
Finished calling initialize!
Finished calling initialize!
Finished calling initialize!
Finished calling initialize!
Finished calling initialize!
Finished calling initialize!
Finished calling initialize!
Finished calling initialize!
Finished calling initialize!
Finished calling initialize!
Finished calling initialize!
Finished calling initialize!
Finished calling initialize!
Finished calling initialize!
Finished calling initialize!
Finished calling initialize!
Finished calling initialize!
Finished calling initialize!
Finished calling initialize!
Finished calling initialize!
Finished calling initialize!
Finished calling initialize!
Finished calling initialize!
Finished calling initialize!
Finished calling initialize!
Finished calling initialize!
Finished calling initialize!
Finished calling initialize!
Finished calling initialize!
Finished calling initialize!
Finished calling initialize!
Finished calling initialize!
Finished calling initialize!
Finished calling initialize!
Finished calling initialize!
Finished calling initialize!
Finished calling initialize!
Finished calling initialize!
Finished calling initialize!
Finished calling initialize!
Finished calling initialize!
Finished calling initialize!
Finished calling initialize!
Finished calling initialize!
Finished calling initialize!
Finished calling initialize!
Finished calling initialize!
Finished calling initialize!
Finished calling initialize!
Finished calling initialize!
Finished calling initialize!
Finished calling initialize!
Finished calling initialize!
Finished calling initialize!
Finished calling initialize!
Finished calling initialize!
Finished calling initialize!
Finished calling initialize!
Finished calling initialize!
Finished calling initialize!
Finished calling initialize!
Finished calling initialize!
Finished calling initialize!
Finished calling initialize!
Finished calling initialize!
Finished calling initialize!
Finished calling initialize!
Finished calling initialize!
Finished calling initialize!
Finished calling initialize!
Finished calling initialize!
Finished calling initialize!
Finished calling initialize!
Finished calling initialize!
Finished calling initialize!
Finished calling initialize!
Finished calling initialize!
Finished calling initialize!
Finished calling initialize!
Finished calling initialize!
Finished calling initialize!
Finished calling initialize!
Finished calling initialize!
Finished calling initialize!
Finished calling initialize!
Finished calling initialize!
Finished calling initialize!
Finished calling initialize!
Finished calling initialize!
Finished calling initialize!
Finished calling initialize!
Finished calling initialize!
Finished calling initialize!
Finished calling initialize!
Finished calling initialize!
Finished calling initialize!
Finished calling initialize!
Finished calling initialize!
Finished calling initialize!
Finished calling initialize!
Finished calling initialize!
Finished calling initialize!
Finished calling initialize!
Finished calling initialize!
Finished calling initialize!
Finished calling initialize!
Finished calling initialize!
Finished calling initialize!
Finished calling initialize!
Finished calling initialize!
Finished calling initialize!
Finished calling initialize!
Finished calling initialize!
Finished calling initialize!
Finished calling initialize!
Finished calling initialize!
Finished calling initialize!
Finished calling initialize!
Finished calling initialize!
Finished calling initialize!
Finished calling initialize!
Finished calling initialize!
Finished calling initialize!
Finished calling initialize!
Finished calling initialize!
Finished calling initialize!
Finished calling initialize!
Finished calling initialize!
Finished calling initialize!
Finished calling initialize!
Finished calling initialize!
Finished calling initialize!
Finished calling initialize!
Finished calling initialize!
Finished calling initialize!
Finished calling initialize!
Finished calling initialize!
Finished calling initialize!
Finished calling initialize!
Finished calling initialize!
Finished calling initialize!
Finished calling initialize!
Finished calling initialize!
Finished calling initialize!
Finished calling initialize!
Finished calling initialize!
Finished calling initialize!
Finished calling initialize!
Finished calling initialize!
Finished calling initialize!
Finished calling initialize!
Finished calling initialize!
Finished calling initialize!
Finished calling initialize!
Finished calling initialize!
Finished calling initialize!
Finished calling initialize!
Finished calling initialize!
Finished calling initialize!
Finished calling initialize!
Finished calling initialize!
Finished calling initialize!
Finished calling initialize!
Finished calling initialize!
Finished calling initialize!
Finished calling initialize!
Finished calling initialize!
Finished calling initialize!
Finished calling initialize!
Finished calling initialize!
Finished calling initialize!
Finished calling initialize!
Finished calling initialize!
Finished calling initialize!
Finished calling initialize!
Finished calling initialize!
Finished calling initialize!
Finished calling initialize!
Finished calling initialize!
Finished calling initialize!
Finished calling initialize!
Finished calling initialize!
Finished calling initialize!
Finished calling initialize!
Finished calling initialize!
Finished calling initialize!
Finished calling initialize!
Finished calling initialize!
Finished calling initialize!
Finished calling initialize!
Finished calling initialize!
Finished calling initialize!
Finished calling initialize!
Finished calling initialize!
Finished calling initialize!
Finished calling initialize!
Finished calling initialize!
Finished calling initialize!
Finished calling initialize!
Finished calling initialize!
Finished calling initialize!
Finished calling initialize!
Finished calling initialize!
Finished calling initialize!
Finished calling initialize!
Finished calling initialize!
Finished calling initialize!
Finished calling initialize!
Finished calling initialize!
Finished calling initialize!
Finished calling initialize!
Finished calling initialize!
Finished calling initialize!
Finished calling initialize!
Finished calling initialize!
Finished calling initialize!
Finished calling initialize!
Finished calling initialize!
Finished calling initialize!
Finished calling initialize!
Finished calling initialize!
Finished calling initialize!
Finished calling initialize!
Finished calling initialize!
Finished calling initialize!
Finished calling initialize!
Finished calling initialize!
Finished calling initialize!
Finished calling initialize!
Finished calling initialize!
Finished calling initialize!
Finished calling initialize!
Finished calling initialize!
Finished calling initialize!
Finished calling initialize!
Finished calling initialize!
Finished calling initialize!
Finished calling initialize!
Finished calling initialize!
Finished calling initialize!
Finished calling initialize!
Finished calling initialize!
Finished calling initialize!
Finished calling initialize!
Finished calling initialize!
Finished calling initialize!
Finished calling initialize!
Finished calling initialize!
Finished calling initialize!
Finished calling initialize!
Finished calling initialize!
Finished calling initialize!
Finished calling initialize!
Finished calling initialize!
Finished calling initialize!
Finished calling initialize!
Finished calling initialize!
Finished calling initialize!
Finished calling initialize!
Finished calling initialize!
Finished calling initialize!
Finished calling initialize!
Finished calling initialize!
Finished calling initialize!
Finished calling initialize!
Finished calling initialize!
Finished calling initialize!
Finished calling initialize!
Finished calling initialize!
Finished calling initialize!
Finished calling initialize!
Finished calling initialize!
Finished calling initialize!
Finished calling initialize!
Finished calling initialize!
Finished calling initialize!
Finished calling initialize!
Finished calling initialize!
Finished calling initialize!
Finished calling initialize!
Finished calling initialize!
Finished calling initialize!
Finished calling initialize!
Finished calling initialize!
Finished calling initialize!
Finished calling initialize!
Finished calling initialize!
Finished calling initialize!
Finished calling initialize!
Finished calling initialize!
Finished calling initialize!
Finished calling initialize!
Finished calling initialize!
Finished calling initialize!
Finished calling initialize!
Finished calling initialize!
Finished calling initialize!
Finished calling initialize!
Finished calling initialize!
Finished calling initialize!
Finished calling initialize!
Finished calling initialize!
Finished calling initialize!
Finished calling initialize!
Finished calling initialize!
Finished calling initialize!
Finished calling initialize!
Finished calling initialize!
Finished calling initialize!
Finished calling initialize!
Finished calling initialize!
Finished calling initialize!
Finished calling initialize!
Finished calling initialize!
Finished calling initialize!
Finished calling initialize!
Finished calling initialize!
Finished calling initialize!
Finished calling initialize!
Finished calling initialize!
Finished calling initialize!
Finished calling initialize!
Finished calling initialize!
Finished calling initialize!
Finished calling initialize!
Finished calling initialize!
Finished calling initialize!
Finished calling initialize!
Finished calling initialize!
Finished calling initialize!
Finished calling initialize!
Finished calling initialize!
Finished calling initialize!
Finished calling initialize!
Finished calling initialize!
Finished calling initialize!
Finished calling initialize!
Finished calling initialize!
Finished calling initialize!
Finished calling initialize!
Finished calling initialize!
Finished calling initialize!
Finished calling initialize!
Finished calling initialize!
Finished calling initialize!
Finished calling initialize!
Finished calling initialize!
Finished calling initialize!
Finished calling initialize!
Finished calling initialize!
Finished calling initialize!
Finished calling initialize!
Finished calling initialize!
Finished calling initialize!
Finished calling initialize!
Finished calling initialize!
Finished calling initialize!
Finished calling initialize!
Finished calling initialize!
Finished calling initialize!
Finished calling initialize!
Finished calling initialize!
Finished calling initialize!
Finished calling initialize!
Finished calling initialize!
Finished calling initialize!
Finished calling initialize!
Finished calling initialize!
Finished calling initialize!
Finished calling initialize!
dt, Initialdt: 0.0661648 0 
TopGrid dt = 6.616479e-02     time = 25.286404181556    cycle = 522    z = 19.2799976375
dt, Initialdt: 0.0662138 0 
TopGrid dt = 6.621380e-02     time = 25.352568967977    cycle = 523    z = 19.244694831565
dt, Initialdt: 0.0662517 0 
TopGrid dt = 6.625167e-02     time = 25.41878277046    cycle = 524    z = 19.209519269639
dt, Initialdt: 0.06629 0 
TopGrid dt = 6.628998e-02     time = 25.485034443904    cycle = 525    z = 19.174476109976
dt, Initialdt: 0.0663284 0 
TopGrid dt = 6.632844e-02     time = 25.551324422818    cycle = 526    z = 19.139564329591
dt, Initialdt: 0.0663674 0 
TopGrid dt = 6.636736e-02     time = 25.617652861075    cycle = 527    z = 19.104783062166
dt, Initialdt: 0.0656471 0 
TopGrid dt = 6.564715e-02     time = 25.684020219296    cycle = 528    z = 19.070131160955
dt, Initialdt: 0.0657396 0 
TopGrid dt = 6.573963e-02     time = 25.749667367315    cycle = 529    z = 19.036001804917
dt, Initialdt: 0.0644172 0 
TopGrid dt = 6.441716e-02     time = 25.815406999534    cycle = 530    z = 19.001969388384
dt, Initialdt: 0.0619415 0 
TopGrid dt = 6.194151e-02     time = 25.879824164161    cycle = 531    z = 18.968761419764
dt, Initialdt: 0.0636857 0 
TopGrid dt = 6.368574e-02     time = 25.94176567355    cycle = 532    z = 18.936959356391
dt, Initialdt: 0.0643881 0 
TopGrid dt = 6.438809e-02     time = 26.005451411163    cycle = 533    z = 18.904393457739
dt, Initialdt: 0.064456 0 
TopGrid dt = 6.445597e-02     time = 26.069839505996    cycle = 534    z = 18.871603259882
dt, Initialdt: 0.0646411 0 
TopGrid dt = 6.464109e-02     time = 26.134295477034    cycle = 535    z = 18.83891341312
dt, Initialdt: 0.0648832 0 
TopGrid dt = 6.488324e-02     time = 26.198936568208    cycle = 536    z = 18.806264271612
dt, Initialdt: 0.0650982 0 
TopGrid dt = 6.509815e-02     time = 26.26381980772    cycle = 537    z = 18.773627527552
dt, Initialdt: 0.0651806 0 
TopGrid dt = 6.518061e-02     time = 26.328917961739    cycle = 538    z = 18.741017453777
*** Error in `/work2/11056/zwu/frontera/enzo_gh/data/251110/ic512_b_starnetlibyt/enzo_260427.exe': corrupted size vs. prev_size: 0x000000000b4c95b0 ***
======= Backtrace: =========
/lib64/libc.so.6(+0x7f474)[0x2b7ae9ef5474]
/lib64/libc.so.6(+0x8156b)[0x2b7ae9ef756b]
/work2/11056/zwu/frontera/enzo_gh/data/251110/ic512_b_starnetlibyt/enzo_260427.exe[0x47b90b]
/work2/11056/zwu/frontera/enzo_gh/data/251110/ic512_b_starnetlibyt/enzo_260427.exe[0x6248d9]
/work2/11056/zwu/frontera/enzo_gh/data/251110/ic512_b_starnetlibyt/enzo_260427.exe[0x657cd3]
/work2/11056/zwu/frontera/enzo_gh/data/251110/ic512_b_starnetlibyt/enzo_260427.exe[0x7cb52b]
/work2/11056/zwu/frontera/enzo_gh/data/251110/ic512_b_starnetlibyt/enzo_260427.exe[0x7c9ea9]
/work2/11056/zwu/frontera/enzo_gh/data/251110/ic512_b_starnetlibyt/enzo_260427.exe[0x4f50cc]
/work2/11056/zwu/frontera/enzo_gh/data/251110/ic512_b_starnetlibyt/enzo_260427.exe[0x4f4900]
/work2/11056/zwu/frontera/enzo_gh/data/251110/ic512_b_starnetlibyt/enzo_260427.exe[0x4f4900]
/work2/11056/zwu/frontera/enzo_gh/data/251110/ic512_b_starnetlibyt/enzo_260427.exe[0x4e282f]
/work2/11056/zwu/frontera/enzo_gh/data/251110/ic512_b_starnetlibyt/enzo_260427.exe[0x40888f]
/lib64/libc.so.6(__libc_start_main+0xf5)[0x2b7ae9e98555]
/work2/11056/zwu/frontera/enzo_gh/data/251110/ic512_b_starnetlibyt/enzo_260427.exe[0x408139]
======= Memory map: ========
00400000-00407000 r--p 00000000 3d8:ad14e 144134959974685995             /work2/11056/zwu/frontera/enzo_gh/data/251110/ic512_b_starnetlibyt/enzo_260427.exe
00407000-00a02000 r-xp 00007000 3d8:ad14e 144134959974685995             /work2/11056/zwu/frontera/enzo_gh/data/251110/ic512_b_starnetlibyt/enzo_260427.exe
00a02000-00af4000 r--p 00602000 3d8:ad14e 144134959974685995             /work2/11056/zwu/frontera/enzo_gh/data/251110/ic512_b_starnetlibyt/enzo_260427.exe
00af4000-00af7000 r--p 006f3000 3d8:ad14e 144134959974685995             /work2/11056/zwu/frontera/enzo_gh/data/251110/ic512_b_starnetlibyt/enzo_260427.exe
00af7000-00b3c000 rw-p 006f6000 3d8:ad14e 144134959974685995             /work2/11056/zwu/frontera/enzo_gh/data/251110/ic512_b_starnetlibyt/enzo_260427.exe
00b3c000-05a0c000 rw-p 00000000 00:00 0 
06008000-35800000 rw-p 00000000 00:00 0                                  [heap]
35800000-37e00000 rw-p 00000000 00:00 0                                  [heap]
37e00000-8595b000 rw-p 00000000 00:00 0                                  [heap]
2b7ae413b000-2b7ae415d000 r-xp 00000000 fd:00 402659036                  /usr/lib64/ld-2.17.so
2b7ae415d000-2b7ae415f000 rw-p 00000000 00:00 0 
2b7ae415f000-2b7ae4162000 r--p 00000000 3d8:ad14e 144134765124010327     /work2/11056/zwu/frontera/miniconda3/envs/libyt/lib/libz.so.1.3.2
2b7ae4162000-2b7ae4172000 r-xp 00003000 3d8:ad14e 144134765124010327     /work2/11056/zwu/frontera/miniconda3/envs/libyt/lib/libz.so.1.3.2
2b7ae4172000-2b7ae4178000 r--p 00013000 3d8:ad14e 144134765124010327     /work2/11056/zwu/frontera/miniconda3/envs/libyt/lib/libz.so.1.3.2
2b7ae4178000-2b7ae4179000 r--p 00019000 3d8:ad14e 144134765124010327     /work2/11056/zwu/frontera/miniconda3/envs/libyt/lib/libz.so.1.3.2
2b7ae4179000-2b7ae417a000 rw-p 0001a000 3d8:ad14e 144134765124010327     /work2/11056/zwu/frontera/miniconda3/envs/libyt/lib/libz.so.1.3.2
2b7ae417a000-2b7ae418a000 rw-p 00000000 00:00 0 
2b7ae418a000-2b7ae418b000 r--s 00500000 00:05 13706                      /dev/infiniband/uverbs0
2b7ae418b000-2b7ae418c000 r--s 00700000 00:05 13706                      /dev/infiniband/uverbs0
2b7ae418c000-2b7ae418d000 -w-s 00900000 00:05 13706                      /dev/infiniband/uverbs0
2b7ae418d000-2b7ae418e000 -w-s 00901000 00:05 13706                      /dev/infiniband/uverbs0
2b7ae418e000-2b7ae418f000 r--s 00500000 00:05 13706                      /dev/infiniband/uverbs0
2b7ae418f000-2b7ae4190000 r--s 00700000 00:05 13706                      /dev/infiniband/uverbs0
2b7ae4190000-2b7ae4191000 -w-s 00900000 00:05 13706                      /dev/infiniband/uverbs0
2b7ae4191000-2b7ae4192000 -w-s 00901000 00:05 13706                      /dev/infiniband/uverbs0
2b7ae4192000-2b7ae4193000 -w-s 00902000 00:05 13706                      /dev/infiniband/uverbs0
2b7ae4193000-2b7ae4194000 rw-s 00800000 00:05 13706                      /dev/infiniband/uverbs0
2b7ae4194000-2b7ae4195000 -w-s 00903000 00:05 13706                      /dev/infiniband/uverbs0
2b7ae4195000-2b7ae4198000 rw-p 00000000 00:00 0 
2b7ae4199000-2b7ae420e000 rw-p 00000000 00:00 0 
2b7ae420e000-2b7ae421f000 r--p 00000000 3d8:ad14e 144134765124072526     /work2/11056/zwu/frontera/enzo_gh/libyt_dev/libyt_wr/install/lib/libyt.so.0.5.0
2b7ae421f000-2b7ae429a000 r-xp 00011000 3d8:ad14e 144134765124072526     /work2/11056/zwu/frontera/enzo_gh/libyt_dev/libyt_wr/install/lib/libyt.so.0.5.0
2b7ae429a000-2b7ae42b7000 r--p 0008c000 3d8:ad14e 144134765124072526     /work2/11056/zwu/frontera/enzo_gh/libyt_dev/libyt_wr/install/lib/libyt.so.0.5.0
2b7ae42b7000-2b7ae42b8000 r--p 000a8000 3d8:ad14e 144134765124072526     /work2/11056/zwu/frontera/enzo_gh/libyt_dev/libyt_wr/install/lib/libyt.so.0.5.0
2b7ae42b8000-2b7ae42b9000 rw-p 000a9000 3d8:ad14e 144134765124072526     /work2/11056/zwu/frontera/enzo_gh/libyt_dev/libyt_wr/install/lib/libyt.so.0.5.0
2b7ae42b9000-2b7ae42ba000 rw-p 00000000 00:00 0 
2b7ae42ba000-2b7ae42be000 r--p 00000000 3d8:ad14e 144134765124008883     /work2/11056/zwu/frontera/miniconda3/envs/libyt/lib/libgcc_s.so.1
2b7ae42be000-2b7ae42e1000 r-xp 00004000 3d8:ad14e 144134765124008883     /work2/11056/zwu/frontera/miniconda3/envs/libyt/lib/libgcc_s.so.1
2b7ae42e1000-2b7ae42e5000 r--p 00027000 3d8:ad14e 144134765124008883     /work2/11056/zwu/frontera/miniconda3/envs/libyt/lib/libgcc_s.so.1
2b7ae42e5000-2b7ae42e6000 r--p 0002a000 3d8:ad14e 144134765124008883     /work2/11056/zwu/frontera/miniconda3/envs/libyt/lib/libgcc_s.so.1
2b7ae42e6000-2b7ae42e7000 rw-p 0002b000 3d8:ad14e 144134765124008883     /work2/11056/zwu/frontera/miniconda3/envs/libyt/lib/libgcc_s.so.1
2b7ae42e7000-2b7ae42e8000 r--p 00000000 fd:00 149357665                  /opt/apps/intel19/hdf5/1.10.4/x86_64/lib/libsz.so.2.0.0
2b7ae42e8000-2b7ae42f9000 r-xp 00001000 fd:00 149357665                  /opt/apps/intel19/hdf5/1.10.4/x86_64/lib/libsz.so.2.0.0
2b7ae42f9000-2b7ae42fb000 r--p 00012000 fd:00 149357665                  /opt/apps/intel19/hdf5/1.10.4/x86_64/lib/libsz.so.2.0.0
2b7ae42fb000-2b7ae42fc000 r--p 00013000 fd:00 149357665                  /opt/apps/intel19/hdf5/1.10.4/x86_64/lib/libsz.so.2.0.0
2b7ae42fc000-2b7ae42fd000 rw-p 00014000 fd:00 149357665                  /opt/apps/intel19/hdf5/1.10.4/x86_64/lib/libsz.so.2.0.0
2b7ae42fd000-2b7ae4305000 rw-p 00000000 00:00 0 
2b7ae4305000-2b7ae4308000 r--p 00000000 3d8:ad14e 144134765124008903     /work2/11056/zwu/frontera/miniconda3/envs/libyt/lib/libquadmath.so.0.0.0
2b7ae4308000-2b7ae4334000 r-xp 00003000 3d8:ad14e 144134765124008903     /work2/11056/zwu/frontera/miniconda3/envs/libyt/lib/libquadmath.so.0.0.0
2b7ae4334000-2b7ae434b000 r--p 0002f000 3d8:ad14e 144134765124008903     /work2/11056/zwu/frontera/miniconda3/envs/libyt/lib/libquadmath.so.0.0.0
2b7ae434b000-2b7ae434c000 r--p 00045000 3d8:ad14e 144134765124008903     /work2/11056/zwu/frontera/miniconda3/envs/libyt/lib/libquadmath.so.0.0.0
2b7ae434c000-2b7ae434d000 rw-p 00046000 3d8:ad14e 144134765124008903     /work2/11056/zwu/frontera/miniconda3/envs/libyt/lib/libquadmath.so.0.0.0
2b7ae434d000-2b7ae4355000 rw-p 00000000 00:00 0 
2b7ae4355000-2b7ae435c000 r--s 00000000 fd:00 269704338                  /usr/lib64/gconv/gconv-modules.cache
2b7ae435c000-2b7ae435d000 r--p 00021000 fd:00 402659036                  /usr/lib64/ld-2.17.so
2b7ae435d000-2b7ae435e000 rw-p 00022000 fd:00 402659036                  /usr/lib64/ld-2.17.so
2b7ae435e000-2b7ae435f000 rw-p 00000000 00:00 0 
2b7ae435f000-2b7ae43a8000 r--p 00000000 fd:00 138610773                  /opt/apps/intel19/hdf5/1.10.4/x86_64/lib/libhdf5.so.103.0.0
2b7ae43a8000-2b7ae46ca000 r-xp 00049000 fd:00 138610773                  /opt/apps/intel19/hdf5/1.10.4/x86_64/lib/libhdf5.so.103.0.0
2b7ae46ca000-2b7ae47e0000 r--p 0036b000 fd:00 138610773                  /opt/apps/intel19/hdf5/1.10.4/x86_64/lib/libhdf5.so.103.0.0
2b7ae47e0000-2b7ae47e1000 ---p 00481000 fd:00 138610773                  /opt/apps/intel19/hdf5/1.10.4/x86_64/lib/libhdf5.so.103.0.0
2b7ae47e1000-2b7ae47eb000 r--p 00481000 fd:00 138610773                  /opt/apps/intel19/hdf5/1.10.4/x86_64/lib/libhdf5.so.103.0.0
2b7ae47eb000-2b7ae47f5000 rw-p 0048b000 fd:00 138610773                  /opt/apps/intel19/hdf5/1.10.4/x86_64/lib/libhdf5.so.103.0.0
2b7ae47f5000-2b7ae47f8000 rw-p 00000000 00:00 0 
2b7ae47f8000-2b7ae48f9000 r-xp 00000000 fd:00 402659051                  /usr/lib64/libm-2.17.so
2b7ae48f9000-2b7ae4af8000 ---p 00101000 fd:00 402659051                  /usr/lib64/libm-2.17.so
2b7ae4af8000-2b7ae4af9000 r--p 00100000 fd:00 402659051                  /usr/lib64/libm-2.17.so
2b7ae4af9000-2b7ae4afa000 rw-p 00101000 fd:00 402659051                  /usr/lib64/libm-2.17.so
2b7ae4afa000-2b7ae4c34000 r-xp 00000000 fd:00 269115684                  /opt/intel/compilers_and_libraries_2019.5.281/linux/compiler/lib/intel64_lin/libifcore.so.5
2b7ae4c34000-2b7ae4e33000 ---p 0013a000 fd:00 269115684                  /opt/intel/compilers_and_libraries_2019.5.281/linux/compiler/lib/intel64_lin/libifcore.so.5
2b7ae4e33000-2b7ae4e36000 r--p 00139000 fd:00 269115684                  /opt/intel/compilers_and_libraries_2019.5.281/linux/compiler/lib/intel64_lin/libifcore.so.5
2b7ae4e36000-2b7ae4e39000 rw-p 0013c000 fd:00 269115684                  /opt/intel/compilers_and_libraries_2019.5.281/linux/compiler/lib/intel64_lin/libifcore.so.5
2b7ae4e39000-2b7ae4e57000 rw-p 00000000 00:00 0 
2b7ae4e57000-2b7ae5011000 r-xp 00000000 fd:00 286092539                  /opt/intel/compilers_and_libraries_2019.5.281/linux/compiler/lib/intel64_lin/libiomp5.so
2b7ae5011000-2b7ae5211000 ---p 001ba000 fd:00 286092539                  /opt/intel/compilers_and_libraries_2019.5.281/linux/compiler/lib/intel64_lin/libiomp5.so
2b7ae5211000-2b7ae5214000 r--p 001ba000 fd:00 286092539                  /opt/intel/compilers_and_libraries_2019.5.281/linux/compiler/lib/intel64_lin/libiomp5.so
2b7ae5214000-2b7ae521e000 rw-p 001bd000 fd:00 286092539                  /opt/intel/compilers_and_libraries_2019.5.281/linux/compiler/lib/intel64_lin/libiomp5.so
2b7ae521e000-2b7ae524c000 rw-p 00000000 00:00 0 
2b7ae524c000-2b7ae5270000 r--p 00000000 3d8:ad14e 144134765124016352     /work2/11056/zwu/frontera/miniconda3/envs/libyt/lib/libgfortran.so.5.0.0
2b7ae5270000-2b7ae5569000 r-xp 00024000 3d8:ad14e 144134765124016352     /work2/11056/zwu/frontera/miniconda3/envs/libyt/lib/libgfortran.so.5.0.0
2b7ae5569000-2b7ae55a0000 r--p 0031d000 3d8:ad14e 144134765124016352     /work2/11056/zwu/frontera/miniconda3/envs/libyt/lib/libgfortran.so.5.0.0
2b7ae55a0000-2b7ae55a1000 r--p 00354000 3d8:ad14e 144134765124016352     /work2/11056/zwu/frontera/miniconda3/envs/libyt/lib/libgfortran.so.5.0.0
2b7ae55a1000-2b7ae55a3000 rw-p 00355000 3d8:ad14e 144134765124016352     /work2/11056/zwu/frontera/miniconda3/envs/libyt/lib/libgfortran.so.5.0.0
2b7ae55a3000-2b7ae59ad000 r-xp 00000000 fd:00 269122396                  /opt/intel/compilers_and_libraries_2019.5.281/linux/compiler/lib/intel64_lin/libimf.so
2b7ae59ad000-2b7ae5bad000 ---p 0040a000 fd:00 269122396                  /opt/intel/compilers_and_libraries_2019.5.281/linux/compiler/lib/intel64_lin/libimf.so
2b7ae5bad000-2b7ae5bb4000 r--p 0040a000 fd:00 269122396                  /opt/intel/compilers_and_libraries_2019.5.281/linux/compiler/lib/intel64_lin/libimf.so
2b7ae5bb4000-2b7ae5c28000 rw-p 00411000 fd:00 269122396                  /opt/intel/compilers_and_libraries_2019.5.281/linux/compiler/lib/intel64_lin/libimf.so
2b7ae5c28000-2b7ae7430000 r-xp 00000000 fd:00 269122413                  /opt/intel/compilers_and_libraries_2019.5.281/linux/compiler/lib/intel64_lin/libsvml.so
2b7ae7430000-2b7ae7630000 ---p 01808000 fd:00 269122413                  /opt/intel/compilers_and_libraries_2019.5.281/linux/compiler/lib/intel64_lin/libsvml.so
2b7ae7630000-2b7ae7680000 r--p 01808000 fd:00 269122413                  /opt/intel/compilers_and_libraries_2019.5.281/linux/compiler/lib/intel64_lin/libsvml.so
2b7ae7680000-2b7ae76b4000 rw-p 01858000 fd:00 269122413                  /opt/intel/compilers_and_libraries_2019.5.281/linux/compiler/lib/intel64_lin/libsvml.so
2b7ae76b4000-2b7ae780c000 r-xp 00000000 fd:00 269122404                  /opt/intel/compilers_and_libraries_2019.5.281/linux/compiler/lib/intel64_lin/libirng.so
2b7ae780c000-2b7ae7a0b000 ---p 00158000 fd:00 269122404                  /opt/intel/compilers_and_libraries_2019.5.281/linux/compiler/lib/intel64_lin/libirng.so
2b7ae7a0b000-2b7ae7a0c000 r--p 00157000 fd:00 269122404                  /opt/intel/compilers_and_libraries_2019.5.281/linux/compiler/lib/intel64_lin/libirng.so
2b7ae7a0c000-2b7ae7a1f000 rw-p 00158000 fd:00 269122404                  /opt/intel/compilers_and_libraries_2019.5.281/linux/compiler/lib/intel64_lin/libirng.so
2b7ae7a1f000-2b7ae7a8d000 r-xp 00000000 fd:00 269122398                  /opt/intel/compilers_and_libraries_2019.5.281/linux/compiler/lib/intel64_lin/libintlc.so.5
2b7ae7a8d000-2b7ae7c8d000 ---p 0006e000 fd:00 269122398                  /opt/intel/compilers_and_libraries_2019.5.281/linux/compiler/lib/intel64_lin/libintlc.so.5
2b7ae7c8d000-2b7ae7c8e000 r--p 0006e000 fd:00 269122398                  /opt/intel/compilers_and_libraries_2019.5.281/linux/compiler/lib/intel64_lin/libintlc.so.5
2b7ae7c8e000-2b7ae7c8f000 rw-p 0006f000 fd:00 269122398                  /opt/intel/compilers_and_libraries_2019.5.281/linux/compiler/lib/intel64_lin/libintlc.so.5
2b7ae7c8f000-2b7ae7c91000 rw-p 00000000 00:00 0 
2b7ae7c91000-2b7ae7c98000 r-xp 00000000 fd:00 402659079                  /usr/lib64/librt-2.17.so
2b7ae7c98000-2b7ae7e97000 ---p 00007000 fd:00 402659079                  /usr/lib64/librt-2.17.so
2b7ae7e97000-2b7ae7e98000 r--p 00006000 fd:00 402659079                  /usr/lib64/librt-2.17.so
2b7ae7e98000-2b7ae7e99000 rw-p 00007000 fd:00 402659079                  /usr/lib64/librt-2.17.so
2b7ae7e99000-2b7ae7eb0000 r-xp 00000000 fd:00 402659074                  /usr/lib64/libpthread-2.17.so
2b7ae7eb0000-2b7ae80af000 ---p 00017000 fd:00 402659074                  /usr/lib64/libpthread-2.17.so
2b7ae80af000-2b7ae80b0000 r--p 00016000 fd:00 402659074                  /usr/lib64/libpthread-2.17.so
2b7ae80b0000-2b7ae80b1000 rw-p 00017000 fd:00 402659074                  /usr/lib64/libpthread-2.17.so
2b7ae80b1000-2b7ae80b5000 rw-p 00000000 00:00 0 
2b7ae80b5000-2b7ae80d3000 r-xp 00000000 fd:00 405711273                  /opt/intel/compilers_and_libraries_2020.4.304/linux/mpi/intel64/lib/libmpicxx.so.12.0.0
2b7ae80d3000-2b7ae82d2000 ---p 0001e000 fd:00 405711273                  /opt/intel/compilers_and_libraries_2020.4.304/linux/mpi/intel64/lib/libmpicxx.so.12.0.0
2b7ae82d2000-2b7ae82d3000 r--p 0001d000 fd:00 405711273                  /opt/intel/compilers_and_libraries_2020.4.304/linux/mpi/intel64/lib/libmpicxx.so.12.0.0
2b7ae82d3000-2b7ae82d5000 rw-p 0001e000 fd:00 405711273                  /opt/intel/compilers_and_libraries_2020.4.304/linux/mpi/intel64/lib/libmpicxx.so.12.0.0
2b7ae82d5000-2b7ae8467000 r-xp 00000000 fd:00 405711278                  /opt/intel/compilers_and_libraries_2020.4.304/linux/mpi/intel64/lib/libmpifort.so.12.0.0
2b7ae8467000-2b7ae8667000 ---p 00192000 fd:00 405711278                  /opt/intel/compilers_and_libraries_2020.4.304/linux/mpi/intel64/lib/libmpifort.so.12.0.0
2b7ae8667000-2b7ae866b000 r--p 00192000 fd:00 405711278                  /opt/intel/compilers_and_libraries_2020.4.304/linux/mpi/intel64/lib/libmpifort.so.12.0.0
2b7ae866b000-2b7ae866f000 rw-p 00196000 fd:00 405711278                  /opt/intel/compilers_and_libraries_2020.4.304/linux/mpi/intel64/lib/libmpifort.so.12.0.0
2b7ae866f000-2b7ae8693000 rw-p 00000000 00:00 0 
2b7ae8693000-2b7ae94c8000 r-xp 00000000 fd:00 296981697                  /opt/intel/compilers_and_libraries_2020.4.304/linux/mpi/intel64/lib/release/libmpi.so.12.0.0
2b7ae94c8000-2b7ae96c8000 ---p 00e35000 fd:00 296981697                  /opt/intel/compilers_and_libraries_2020.4.304/linux/mpi/intel64/lib/release/libmpi.so.12.0.0
2b7ae96c8000-2b7ae96d9000 r--p 00e35000 fd:00 296981697                  /opt/intel/compilers_and_libraries_2020.4.304/linux/mpi/intel64/lib/release/libmpi.so.12.0.0
2b7ae96d9000-2b7ae96ea000 rw-p 00e46000 fd:00 296981697                  /opt/intel/compilers_and_libraries_2020.4.304/linux/mpi/intel64/lib/release/libmpi.so.12.0.0
2b7ae96ea000-2b7ae99f3000 rw-p 00000000 00:00 0 
2b7ae99f3000-2b7ae99f5000 r-xp 00000000 fd:00 402659049                  /usr/lib64/libdl-2.17.so
2b7ae99f5000-2b7ae9bf5000 ---p 00002000 fd:00 402659049                  /usr/lib64/libdl-2.17.so
2b7ae9bf5000-2b7ae9bf6000 r--p 00002000 fd:00 402659049                  /usr/lib64/libdl-2.17.so
2b7ae9bf6000-2b7ae9bf7000 rw-p 00003000 fd:00 402659049                  /usr/lib64/libdl-2.17.so
2b7ae9bf7000-2b7ae9ca1000 r--p 00000000 3d8:ad14e 144134765124008209     /work2/11056/zwu/frontera/miniconda3/envs/libyt/lib/libstdc++.so.6.0.34
2b7ae9ca1000-2b7ae9dd2000 r-xp 000aa000 3d8:ad14e 144134765124008209     /work2/11056/zwu/frontera/miniconda3/envs/libyt/lib/libstdc++.so.6.0.34
2b7ae9dd2000-2b7ae9e60000 r--p 001db000 3d8:ad14e 144134765124008209     /work2/11056/zwu/frontera/miniconda3/envs/libyt/lib/libstdc++.so.6.0.34
2b7ae9e60000-2b7ae9e6f000 r--p 00268000 3d8:ad14e 144134765124008209     /work2/11056/zwu/frontera/miniconda3/envs/libyt/lib/libstdc++.so.6.0.34
2b7ae9e6f000-2b7ae9e72000 rw-p 00277000 3d8:ad14e 144134765124008209     /work2/11056/zwu/frontera/miniconda3/envs/libyt/lib/libstdc++.so.6.0.34
2b7ae9e72000-2b7ae9e76000 rw-p 00000000 00:00 0 
2b7ae9e76000-2b7ae9f6b000 r-xp 00000000 fd:00 402659043                  /usr/lib64/libc-2.17.so
2b7ae9f6b000-2b7ae9f6c000 r-xp 000f5000 fd:00 402659043                  /usr/lib64/libc-2.17.so
2b7ae9f6c000-2b7ae9f6e000 r-xp 000f6000 fd:00 402659043                  /usr/lib64/libc-2.17.so
2b7ae9f6e000-2b7ae9f70000 r-xp 000f8000 fd:00 402659043                  /usr/lib64/libc-2.17.so
2b7ae9f70000-2b7ae9f75000 r-xp 000fa000 fd:00 402659043                  /usr/lib64/libc-2.17.so
2b7ae9f75000-2b7ae9f77000 r-xp 000ff000 fd:00 402659043                  /usr/lib64/libc-2.17.so
2b7ae9f77000-2b7aea03a000 r-xp 00101000 fd:00 402659043                  /usr/lib64/libc-2.17.so
2b7aea03a000-2b7aea239000 ---p 001c4000 fd:00 402659043                  /usr/lib64/libc-2.17.so
2b7aea239000-2b7aea23d000 r--p 001c3000 fd:00 402659043                  /usr/lib64/libc-2.17.so
2b7aea23d000-2b7aea23f000 rw-p 001c7000 fd:00 402659043                  /usr/lib64/libc-2.17.so
2b7aea23f000-2b7aea244000 rw-p 00000000 00:00 0 
2b7aea244000-2b7aea2ca000 r--p 00000000 3d8:ad14e 144134765124014084     /work2/11056/zwu/frontera/miniconda3/envs/libyt/lib/libpython3.13.so.1.0
2b7aea2ca000-2b7aea572000 r-xp 00086000 3d8:ad14e 144134765124014084     /work2/11056/zwu/frontera/miniconda3/envs/libyt/lib/libpython3.13.so.1.0
2b7aea572000-2b7aea6ef000 r--p 0032e000 3d8:ad14e 144134765124014084     /work2/11056/zwu/frontera/miniconda3/envs/libyt/lib/libpython3.13.so.1.0
2b7aea6ef000-2b7aea741000 r--p 004aa000 3d8:ad14e 144134765124014084     /work2/11056/zwu/frontera/miniconda3/envs/libyt/lib/libpython3.13.so.1.0
2b7aea741000-2b7aea7c2000 rw-p 004fc000 3d8:ad14e 144134765124014084     /work2/11056/zwu/frontera/miniconda3/envs/libyt/lib/libpython3.13.so.1.0
2b7aea7c2000-2b7aea83b000 rw-p 00000000 00:00 0 
2b7aea83b000-2b7aea877000 r-xp 00000000 fd:00 402659875                  /usr/lib64/libreadline.so.6.2
2b7aea877000-2b7aeaa77000 ---p 0003c000 fd:00 402659875                  /usr/lib64/libreadline.so.6.2
2b7aeaa77000-2b7aeaa79000 r--p 0003c000 fd:00 402659875                  /usr/lib64/libreadline.so.6.2
2b7aeaa79000-2b7aeaa7f000 rw-p 0003e000 fd:00 402659875                  /usr/lib64/libreadline.so.6.2
2b7aeaa7f000-2b7aeaa81000 rw-p 00000000 00:00 0 
2b7aeaa81000-2b7aeaac0000 r-xp 00000000 fd:00 296981703                  /opt/intel/compilers_and_libraries_2020.4.304/linux/mpi/intel64/libfabric/lib/libfabric.so.1
2b7aeaac0000-2b7aeacc0000 ---p 0003f000 fd:00 296981703                  /opt/intel/compilers_and_libraries_2020.4.304/linux/mpi/intel64/libfabric/lib/libfabric.so.1
2b7aeacc0000-2b7aeacc3000 rw-p 0003f000 fd:00 296981703                  /opt/intel/compilers_and_libraries_2020.4.304/linux/mpi/intel64/libfabric/lib/libfabric.so.1
2b7aeacc3000-2b7aeacc5000 r-xp 00000000 fd:00 402659087                  /usr/lib64/libutil-2.17.so
2b7aeacc5000-2b7aeaec4000 ---p 00002000 fd:00 402659087                  /usr/lib64/libutil-2.17.so
2b7aeaec4000-2b7aeaec5000 r--p 00001000 fd:00 402659087                  /usr/lib64/libutil-2.17.so
2b7aeaec5000-2b7aeaec6000 rw-p 00002000 fd:00 402659087                  /usr/lib64/libutil-2.17.so
2b7aeaec6000-2b7aeaeeb000 r-xp 00000000 fd:00 402659498                  /usr/lib64/libtinfo.so.5.9
2b7aeaeeb000-2b7aeb0eb000 ---p 00025000 fd:00 402659498                  /usr/lib64/libtinfo.so.5.9
2b7aeb0eb000-2b7aeb0ef000 r--p 00025000 fd:00 402659498                  /usr/lib64/libtinfo.so.5.9
2b7aeb0ef000-2b7aeb0f0000 rw-p 00029000 fd:00 402659498                  /usr/lib64/libtinfo.so.5.9
2b7aeb0f0000-2b7aeb0fa000 r-xp 00000000 fd:00 405721862                  /usr/lib64/libnuma.so.1.0.0
2b7aeb0fa000-2b7aeb2fa000 ---p 0000a000 fd:00 405721862                  /usr/lib64/libnuma.so.1.0.0
2b7aeb2fa000-2b7aeb2fb000 r--p 0000a000 fd:00 405721862                  /usr/lib64/libnuma.so.1.0.0
2b7aeb2fb000-2b7aeb2fc000 rw-p 0000b000 fd:00 405721862                  /usr/lib64/libnuma.so.1.0.0
2b7aeb2fc000-2b7bc8026000 rw-s 00000000 00:13 835367                     /dev/shm/Intel_MPI_jnoug1 (deleted)
2b7bc8026000-2b7bc8073000 r-xp 00000000 fd:00 405711334                  /opt/intel/compilers_and_libraries_2020.4.304/linux/mpi/intel64/libfabric/lib/prov/libverbs-fi.so
2b7bc8073000-2b7bc8272000 ---p 0004d000 fd:00 405711334                  /opt/intel/compilers_and_libraries_2020.4.304/linux/mpi/intel64/libfabric/lib/prov/libverbs-fi.so
2b7bc8272000-2b7bc8276000 rw-p 0004c000 fd:00 405711334                  /opt/intel/compilers_and_libraries_2020.4.304/linux/mpi/intel64/libfabric/lib/prov/libverbs-fi.so
2b7bc8276000-2b7bc827a000 rw-p 00000000 00:00 0 
2b7bc827a000-2b7bc827c000 r--p 00000000 3d8:ad14e 144134765124013464     /work2/11056/zwu/frontera/miniconda3/envs/libyt/lib/python3.13/lib-dynload/grp.cpython-313-x86_64-linux-gnu.so
2b7bc827c000-2b7bc827d000 r-xp 00002000 3d8:ad14e 144134765124013464     /work2/11056/zwu/frontera/miniconda3/envs/libyt/lib/python3.13/lib-dynload/grp.cpython-313-x86_64-linux-gnu.so
2b7bc827d000-2b7bc827e000 r--p 00003000 3d8:ad14e 144134765124013464     /work2/11056/zwu/frontera/miniconda3/envs/libyt/lib/python3.13/lib-dynload/grp.cpython-313-x86_64-linux-gnu.so
2b7bc827e000-2b7bc827f000 r--p 00003000 3d8:ad14e 144134765124013464     /work2/11056/zwu/frontera/miniconda3/envs/libyt/lib/python3.13/lib-dynload/grp.cpython-313-x86_64-linux-gnu.so
2b7bc827f000-2b7bc8280000 rw-p 00004000 3d8:ad14e 144134765124013464     /work2/11056/zwu/frontera/miniconda3/envs/libyt/lib/python3.13/lib-dynload/grp.cpython-313-x86_64-linux-gnu.so
2b7bc8280000-2b7bc8284000 r--p 00000000 3d8:ad14e 144134765124012639     /work2/11056/zwu/frontera/miniconda3/envs/libyt/lib/python3.13/lib-dynload/math.cpython-313-x86_64-linux-gnu.so
2b7bc8284000-2b7bc828d000 r-xp 00004000 3d8:ad14e 144134765124012639     /work2/11056/zwu/frontera/miniconda3/envs/libyt/lib/python3.13/lib-dynload/math.cpython-313-x86_64-linux-gnu.so
2b7bc828d000-2b7bc8292000 r--p 0000d000 3d8:ad14e 144134765124012639     /work2/11056/zwu/frontera/miniconda3/envs/libyt/lib/python3.13/lib-dynload/math.cpython-313-x86_64-linux-gnu.so
2b7bc8292000-2b7bc8293000 r--p 00012000 3d8:ad14e 144134765124012639     /work2/11056/zwu/frontera/miniconda3/envs/libyt/lib/python3.13/lib-dynload/math.cpython-313-x86_64-linux-gnu.so
2b7bc8293000-2b7bc8294000 rw-p 00013000 3d8:ad14e 144134765124012639     /work2/11056/zwu/frontera/miniconda3/envs/libyt/lib/python3.13/lib-dynload/math.cpython-313-x86_64-linux-gnu.so
2b7bc8295000-2b7bc82ad000 r-xp 00000000 fd:00 402909939                  /usr/lib64/librdmacm.so.1.3.43.0
2b7bc82ad000-2b7bc84ac000 ---p 00018000 fd:00 402909939                  /usr/lib64/librdmacm.so.1.3.43.0
2b7bc84ac000-2b7bc84ad000 r--p 00017000 fd:00 402909939                  /usr/lib64/librdmacm.so.1.3.43.0
2b7bc84ad000-2b7bc84ae000 rw-p 00018000 fd:00 402909939                  /usr/lib64/librdmacm.so.1.3.43.0
2b7bc84ae000-2b7bc84af000 rw-p 00000000 00:00 0 
2b7bc84af000-2b7bc84cd000 r-xp 00000000 fd:00 402909901                  /usr/lib64/libibverbs.so.1.14.43.0
2b7bc84cd000-2b7bc86cc000 ---p 0001e000 fd:00 402909901                  /usr/lib64/libibverbs.so.1.14.43.0
2b7bc86cc000-2b7bc86cd000 r--p 0001d000 fd:00 402909901                  /usr/lib64/libibverbs.so.1.14.43.0
2b7bc86cd000-2b7bc86ce000 rw-p 0001e000 fd:00 402909901                  /usr/lib64/libibverbs.so.1.14.43.0
2b7bc86ce000-2b7bc86ec000 r-xp 00000000 fd:00 402661006                  /usr/lib64/libnl-3.so.200.23.0
2b7bc86ec000-2b7bc88ec000 ---p 0001e000 fd:00 402661006                  /usr/lib64/libnl-3.so.200.23.0
2b7bc88ec000-2b7bc88ee000 r--p 0001e000 fd:00 402661006                  /usr/lib64/libnl-3.so.200.23.0
2b7bc88ee000-2b7bc88ef000 rw-p 00020000 fd:00 402661006                  /usr/lib64/libnl-3.so.200.23.0
2b7bc88ef000-2b7bc8953000 r-xp 00000000 fd:00 402661013                  /usr/lib64/libnl-route-3.so.200.23.0
2b7bc8953000-2b7bc8b52000 ---p 00064000 fd:00 402661013                  /usr/lib64/libnl-route-3.so.200.23.0
2b7bc8b52000-2b7bc8b55000 r--p 00063000 fd:00 402661013                  /usr/lib64/libnl-route-3.so.200.23.0
2b7bc8b55000-2b7bc8b5a000 rw-p 00066000 fd:00 402661013                  /usr/lib64/libnl-route-3.so.200.23.0
2b7bc8b5a000-2b7bc8b5c000 rw-p 00000000 00:00 0 
2b7bc8b5c000-2b7bc8bcc000 r-xp 00000000 fd:00 402909907                  /usr/lib64/libmlx5.so.1.24.43.0
2b7bc8bcc000-2b7bc8dcc000 ---p 00070000 fd:00 402909907                  /usr/lib64/libmlx5.so.1.24.43.0
2b7bc8dcc000-2b7bc8dcd000 r--p 00070000 fd:00 402909907                  /usr/lib64/libmlx5.so.1.24.43.0
2b7bc8dcd000-2b7bc8dce000 rw-p 00071000 fd:00 402909907                  /usr/lib64/libmlx5.so.1.24.43.0
2b7bc8dce000-2b7bc8dd1000 rw-p 00000000 00:00 0 
2b7bc8dd1000-2b7bc8e0b000 r-xp 00000000 fd:00 405711333                  /opt/intel/compilers_and_libraries_2020.4.304/linux/mpi/intel64/libfabric/lib/prov/libtcp-fi.so
2b7bc8e0b000-2b7bc900b000 ---p 0003a000 fd:00 405711333                  /opt/intel/compilers_and_libraries_2020.4.304/linux/mpi/intel64/libfabric/lib/prov/libtcp-fi.so
2b7bc900b000-2b7bc900e000 rw-p 0003a000 fd:00 405711333                  /opt/intel/compilers_and_libraries_2020.4.304/linux/mpi/intel64/libfabric/lib/prov/libtcp-fi.so
2b7bc900e000-2b7bc9060000 r-xp 00000000 fd:00 405711332                  /opt/intel/compilers_and_libraries_2020.4.304/linux/mpi/intel64/libfabric/lib/prov/libsockets-fi.so
2b7bc9060000-2b7bc9260000 ---p 00052000 fd:00 405711332                  /opt/intel/compilers_and_libraries_2020.4.304/linux/mpi/intel64/libfabric/lib/prov/libsockets-fi.so
2b7bc9260000-2b7bc9263000 rw-p 00052000 fd:00 405711332                  /opt/intel/compilers_and_libraries_2020.4.304/linux/mpi/intel64/libfabric/lib/prov/libsockets-fi.so
2b7bc9263000-2b7bc92a0000 r-xp 00000000 fd:00 405711331                  /opt/intel/compilers_and_libraries_2020.4.304/linux/mpi/intel64/libfabric/lib/prov/libshm-fi.so
2b7bc92a0000-2b7bc949f000 ---p 0003d000 fd:00 405711331                  /opt/intel/compilers_and_libraries_2020.4.304/linux/mpi/intel64/libfabric/lib/prov/libshm-fi.so
2b7bc949f000-2b7bc94a2000 rw-p 0003c000 fd:00 405711331                  /opt/intel/compilers_and_libraries_2020.4.304/linux/mpi/intel64/libfabric/lib/prov/libshm-fi.so
2b7bc94a2000-2b7bc94ed000 r-xp 00000000 fd:00 405711330                  /opt/intel/compilers_and_libraries_2020.4.304/linux/mpi/intel64/libfabric/lib/prov/librxm-fi.so
2b7bc94ed000-2b7bc96ed000 ---p 0004b000 fd:00 405711330                  /opt/intel/compilers_and_libraries_2020.4.304/linux/mpi/intel64/libfabric/lib/prov/librxm-fi.so
2b7bc96ed000-2b7bc96f0000 rw-p 0004b000 fd:00 405711330                  /opt/intel/compilers_and_libraries_2020.4.304/linux/mpi/intel64/libfabric/lib/prov/librxm-fi.so
2b7bc96f0000-2b7bc972a000 r-xp 00000000 fd:00 405711328                  /opt/intel/compilers_and_libraries_2020.4.304/linux/mpi/intel64/libfabric/lib/prov/libmlx-fi.so
2b7bc972a000-2b7bc9929000 ---p 0003a000 fd:00 405711328                  /opt/intel/compilers_and_libraries_2020.4.304/linux/mpi/intel64/libfabric/lib/prov/libmlx-fi.so
2b7bc9929000-2b7bc992c000 rw-p 00039000 fd:00 405711328                  /opt/intel/compilers_and_libraries_2020.4.304/linux/mpi/intel64/libfabric/lib/prov/libmlx-fi.so
2b7bc992c000-2b7bc99e6000 r-xp 00000000 fd:00 402909924                  /usr/lib64/libucp.so.0.0.0
2b7bc99e6000-2b7bc9be6000 ---p 000ba000 fd:00 402909924                  /usr/lib64/libucp.so.0.0.0
2b7bc9be6000-2b7bc9be7000 r--p 000ba000 fd:00 402909924                  /usr/lib64/libucp.so.0.0.0
2b7bc9be7000-2b7bc9bee000 rw-p 000bb000 fd:00 402909924                  /usr/lib64/libucp.so.0.0.0
2b7bc9bee000-2b7bc9c21000 r-xp 00000000 fd:00 402909935                  /usr/lib64/libuct.so.0.0.0
2b7bc9c21000-2b7bc9e20000 ---p 00033000 fd:00 402909935                  /usr/lib64/libuct.so.0.0.0
2b7bc9e20000-2b7bc9e21000 r--p 00032000 fd:00 402909935                  /usr/lib64/libuct.so.0.0.0
2b7bc9e21000-2b7bc9e25000 rw-p 00033000 fd:00 402909935                  /usr/lib64/libuct.so.0.0.0
2b7bc9e25000-2b7bc9e26000 rw-p 00000000 00:00 0 
2b7bc9e26000-2b7bc9f83000 r-xp 00000000 fd:00 402909931                  /usr/lib64/libucs.so.0.0.0
2b7bc9f83000-2b7bca183000 ---p 0015d000 fd:00 402909931                  /usr/lib64/libucs.so.0.0.0
2b7bca183000-2b7bca196000 r--p 0015d000 fd:00 402909931                  /usr/lib64/libucs.so.0.0.0
2b7bca196000-2b7bca19e000 rw-p 00170000 fd:00 402909931                  /usr/lib64/libucs.so.0.0.0
2b7bca19e000-2b7bca1a7000 rw-p 00000000 00:00 0 
2b7bca1a7000-2b7bca1bd000 r-xp 00000000 fd:00 402909918                  /usr/lib64/libucm.so.0.0.0
2b7bca1bd000-2b7bca3bd000 ---p 00016000 fd:00 402909918                  /usr/lib64/libucm.so.0.0.0
2b7bca3bd000-2b7bca3be000 r--p 00016000 fd:00 402909918                  /usr/lib64/libucm.so.0.0.0
2b7bca3be000-2b7bca3bf000 rw-p 00017000 fd:00 402909918                  /usr/lib64/libucm.so.0.0.0
2b7bca3bf000-2b7bca3e3000 rw-p 00000000 00:00 0 
2b7bca3e3000-2b7bca463000 r-xp 00000000 fd:00 411682568                  /usr/lib64/ucx/libuct_ib.so.0.0.0
2b7bca463000-2b7bca662000 ---p 00080000 fd:00 411682568                  /usr/lib64/ucx/libuct_ib.so.0.0.0
2b7bca662000-2b7bca663000 r--p 0007f000 fd:00 411682568                  /usr/lib64/ucx/libuct_ib.so.0.0.0
2b7bca663000-2b7bca669000 rw-p 00080000 fd:00 411682568                  /usr/lib64/ucx/libuct_ib.so.0.0.0
2b7bca669000-2b7bca674000 r-xp 00000000 fd:00 411682583                  /usr/lib64/ucx/libuct_rdmacm.so.0.0.0
2b7bca674000-2b7bca873000 ---p 0000b000 fd:00 411682583                  /usr/lib64/ucx/libuct_rdmacm.so.0.0.0
2b7bca873000-2b7bca874000 r--p 0000a000 fd:00 411682583                  /usr/lib64/ucx/libuct_rdmacm.so.0.0.0
2b7bca874000-2b7bca875000 rw-p 0000b000 fd:00 411682583                  /usr/lib64/ucx/libuct_rdmacm.so.0.0.0
2b7bca875000-2b7bca879000 r-xp 00000000 fd:00 411682590                  /usr/lib64/ucx/libuct_cma.so.0.0.0
2b7bca879000-2b7bcaa78000 ---p 00004000 fd:00 411682590                  /usr/lib64/ucx/libuct_cma.so.0.0.0
2b7bcaa78000-2b7bcaa79000 r--p 00003000 fd:00 411682590                  /usr/lib64/ucx/libuct_cma.so.0.0.0
2b7bcaa79000-2b7bcaa7a000 rw-p 00004000 fd:00 411682590                  /usr/lib64/ucx/libuct_cma.so.0.0.0
2b7bcaa7a000-2b7bcaa7f000 r-xp 00000000 fd:00 403450917                  /usr/lib64/ucx/libuct_knem.so.0.0.0
2b7bcaa7f000-2b7bcac7e000 ---p 00005000 fd:00 403450917                  /usr/lib64/ucx/libuct_knem.so.0.0.0
2b7bcac7e000-2b7bcac7f000 r--p 00004000 fd:00 403450917                  /usr/lib64/ucx/libuct_knem.so.0.0.0
2b7bcac7f000-2b7bcac80000 rw-p 00005000 fd:00 403450917                  /usr/lib64/ucx/libuct_knem.so.0.0.0
2b7bcac80000-2b7bcac84000 r-xp 00000000 fd:00 411682576                  /usr/lib64/ucx/libuct_xpmem.so.0.0.0
2b7bcac84000-2b7bcae83000 ---p 00004000 fd:00 411682576                  /usr/lib64/ucx/libuct_xpmem.so.0.0.0
2b7bcae83000-2b7bcae84000 r--p 00003000 fd:00 411682576                  /usr/lib64/ucx/libuct_xpmem.so.0.0.0
2b7bcae84000-2b7bcae85000 rw-p 00004000 fd:00 411682576                  /usr/lib64/ucx/libuct_xpmem.so.0.0.0
2b7bcae85000-2b7bcae86000 r-xp 00000000 fd:00 402914953                  /usr/lib64/libxpmem.so.0.0.0
2b7bcae86000-2b7bcb086000 ---p 00001000 fd:00 402914953                  /usr/lib64/libxpmem.so.0.0.0
2b7bcb086000-2b7bcb087000 r--p 00001000 fd:00 402914953                  /usr/lib64/libxpmem.so.0.0.0
2b7bcb087000-2b7bcb088000 rw-p 00002000 fd:00 402914953                  /usr/lib64/libxpmem.so.0.0.0
2b7bcb088000-2b7bcb089000 ---p 00000000 00:00 0 
2b7bcb089000-2b7bcb4df000 rw-p 00000000 00:00 0 
2b7bcb4df000-2b7bcb4e5000 r--p 00000000 3d8:ad14e 144134765124012662     /work2/11056/zwu/frontera/miniconda3/envs/libyt/lib/python3.13/lib-dynload/_datetime.cpython-313-x86_64-linux-gnu.so
2b7bcb4e5000-2b7bcb4f8000 r-xp 00006000 3d8:ad14e 144134765124012662     /work2/11056/zwu/frontera/miniconda3/envs/libyt/lib/python3.13/lib-dynload/_datetime.cpython-313-x86_64-linux-gnu.so
2b7bcb4f8000-2b7bcb4fe000 r--p 00019000 3d8:ad14e 144134765124012662     /work2/11056/zwu/frontera/miniconda3/envs/libyt/lib/python3.13/lib-dynload/_datetime.cpython-313-x86_64-linux-gnu.so
2b7bcb4fe000-2b7bcb4ff000 r--p 0001f000 3d8:ad14e 144134765124012662     /work2/11056/zwu/frontera/miniconda3/envs/libyt/lib/python3.13/lib-dynload/_datetime.cpython-313-x86_64-linux-gnu.so
2b7bcb4ff000-2b7bcb502000 rw-p 00020000 3d8:ad14e 144134765124012662     /work2/11056/zwu/frontera/miniconda3/envs/libyt/lib/python3.13/lib-dynload/_datetime.cpython-313-x86_64-linux-gnu.so
2b7bcb502000-2b7bcb503000 r--p 00000000 3d8:ad14e 144134765124012357     /work2/11056/zwu/frontera/miniconda3/envs/libyt/lib/python3.13/lib-dynload/_contextvars.cpython-313-x86_64-linux-gnu.so
2b7bcb503000-2b7bcb504000 r-xp 00001000 3d8:ad14e 144134765124012357     /work2/11056/zwu/frontera/miniconda3/envs/libyt/lib/python3.13/lib-dynload/_contextvars.cpython-313-x86_64-linux-gnu.so
2b7bcb504000-2b7bcb505000 r--p 00002000 3d8:ad14e 144134765124012357     /work2/11056/zwu/frontera/miniconda3/envs/libyt/lib/python3.13/lib-dynload/_contextvars.cpython-313-x86_64-linux-gnu.so
2b7bcb505000-2b7bcb506000 r--p 00002000 3d8:ad14e 144134765124012357     /work2/11056/zwu/frontera/miniconda3/envs/libyt/lib/python3.13/lib-dynload/_contextvars.cpython-313-x86_64-linux-gnu.so
2b7bcb506000-2b7bcb507000 rw-p 00003000 3d8:ad14e 144134765124012357     /work2/11056/zwu/frontera/miniconda3/envs/libyt/lib/python3.13/lib-dynload/_contextvars.cpython-313-x86_64-linux-gnu.so
2b7bcb507000-2b7bcb509000 r--p 00000000 3d8:ad14e 144134765124013245     /work2/11056/zwu/frontera/miniconda3/envs/libyt/lib/python3.13/lib-dynload/_opcode.cpython-313-x86_64-linux-gnu.so
2b7bcb509000-2b7bcb50b000 r-xp 00002000 3d8:ad14e 144134765124013245     /work2/11056/zwu/frontera/miniconda3/envs/libyt/lib/python3.13/lib-dynload/_opcode.cpython-313-x86_64-linux-gnu.so
2b7bcb50b000-2b7bcb50c000 r--p 00004000 3d8:ad14e 144134765124013245     /work2/11056/zwu/frontera/miniconda3/envs/libyt/lib/python3.13/lib-dynload/_opcode.cpython-313-x86_64-linux-gnu.so
2b7bcb50c000-2b7bcb50d000 r--p 00005000 3d8:ad14e 144134765124013245     /work2/11056/zwu/frontera/miniconda3/envs/libyt/lib/python3.13/lib-dynload/_opcode.cpython-313-x86_64-linux-gnu.so
2b7bcb50d000-2b7bcb50e000 rw-p 00006000 3d8:ad14e 144134765124013245     /work2/11056/zwu/frontera/miniconda3/envs/libyt/lib/python3.13/lib-dynload/_opcode.cpython-313-x86_64-linux-gnu.so
2b7bcb50e000-2b7bcb512000 r--p 00000000 3d8:ad14e 144134765124012947     /work2/11056/zwu/frontera/miniconda3/envs/libyt/lib/python3.13/lib-dynload/_struct.cpython-313-x86_64-linux-gnu.so
2b7bcb512000-2b7bcb517000 r-xp 00004000 3d8:ad14e 144134765124012947     /work2/11056/zwu/frontera/miniconda3/envs/libyt/lib/python3.13/lib-dynload/_struct.cpython-313-x86_64-linux-gnu.so
2b7bcb517000-2b7bcb51b000 r--p 00009000 3d8:ad14e 144134765124012947     /work2/11056/zwu/frontera/miniconda3/envs/libyt/lib/python3.13/lib-dynload/_struct.cpython-313-x86_64-linux-gnu.so
2b7bcb51b000-2b7bcb51c000 r--p 0000c000 3d8:ad14e 144134765124012947     /work2/11056/zwu/frontera/miniconda3/envs/libyt/lib/python3.13/lib-dynload/_struct.cpython-313-x86_64-linux-gnu.so
2b7bcb51c000-2b7bcb51d000 rw-p 0000d000 3d8:ad14e 144134765124012947     /work2/11056/zwu/frontera/miniconda3/envs/libyt/lib/python3.13/lib-dynload/_struct.cpython-313-x86_64-linux-gnu.so
2b7bcb51d000-2b7bcb522000 r--p 00000000 3d8:ad14e 144134765124010905     /work2/11056/zwu/frontera/miniconda3/envs/libyt/lib/python3.13/lib-dynload/_pickle.cpython-313-x86_64-linux-gnu.so
2b7bcb522000-2b7bcb534000 r-xp 00005000 3d8:ad14e 144134765124010905     /work2/11056/zwu/frontera/miniconda3/envs/libyt/lib/python3.13/lib-dynload/_pickle.cpython-313-x86_64-linux-gnu.so
2b7bcb534000-2b7bcb53a000 r--p 00017000 3d8:ad14e 144134765124010905     /work2/11056/zwu/frontera/miniconda3/envs/libyt/lib/python3.13/lib-dynload/_pickle.cpython-313-x86_64-linux-gnu.so
2b7bcb53a000-2b7bcb53b000 r--p 0001d000 3d8:ad14e 144134765124010905     /work2/11056/zwu/frontera/miniconda3/envs/libyt/lib/python3.13/lib-dynload/_pickle.cpython-313-x86_64-linux-gnu.so
2b7bcb53b000-2b7bcb53c000 rw-p 0001e000 3d8:ad14e 144134765124010905     /work2/11056/zwu/frontera/miniconda3/envs/libyt/lib/python3.13/lib-dynload/_pickle.cpython-313-x86_64-linux-gnu.so
2b7bcb53c000-2b7bcb543000 r--p 00000000 3d8:ad14e 144134765124012987     /work2/11056/zwu/frontera/miniconda3/envs/libyt/lib/python3.13/lib-dynload/_ctypes.cpython-313-x86_64-linux-gnu.so
2b7bcb543000-2b7bcb553000 r-xp 00007000 3d8:ad14e 144134765124012987     /work2/11056/zwu/frontera/miniconda3/envs/libyt/lib/python3.13/lib-dynload/_ctypes.cpython-313-x86_64-linux-gnu.so
2b7bcb553000-2b7bcb55a000 r--p 00017000 3d8:ad14e 144134765124012987     /work2/11056/zwu/frontera/miniconda3/envs/libyt/lib/python3.13/lib-dynload/_ctypes.cpython-313-x86_64-linux-gnu.so
2b7bcb55a000-2b7bcb55b000 r--p 0001e000 3d8:ad14e 144134765124012987     /work2/11056/zwu/frontera/miniconda3/envs/libyt/lib/python3.13/lib-dynload/_ctypes.cpython-313-x86_64-linux-gnu.so
2b7bcb55b000-2b7bcb55d000 rw-p 0001f000 3d8:ad14e 144134765124012987     /work2/11056/zwu/frontera/miniconda3/envs/libyt/lib/python3.13/lib-dynload/_ctypes.cpython-313-x86_64-linux-gnu.so
2b7bcb55d000-2b7bcb55f000 r--p 00000000 3d8:ad14e 144134765124010366     /work2/11056/zwu/frontera/miniconda3/envs/libyt/lib/libffi.so.8.2.0
2b7bcb55f000-2b7bcb565000 r-xp 00002000 3d8:ad14e 144134765124010366     /work2/11056/zwu/frontera/miniconda3/envs/libyt/lib/libffi.so.8.2.0
2b7bcb565000-2b7bcb567000 r--p 00008000 3d8:ad14e 144134765124010366     /work2/11056/zwu/frontera/miniconda3/envs/libyt/lib/libffi.so.8.2.0
2b7bcb567000-2b7bcb568000 r--p 00009000 3d8:ad14e 144134765124010366     /work2/11056/zwu/frontera/miniconda3/envs/libyt/lib/libffi.so.8.2.0
2b7bcb568000-2b7bcb569000 rw-p 0000a000 3d8:ad14e 144134765124010366     /work2/11056/zwu/frontera/miniconda3/envs/libyt/lib/libffi.so.8.2.0
2b7bcb56c000-2b7bcb8b2000 rw-p 00000000 00:00 0 
2b7bcb8b2000-2b7bcb8b4000 r--p 00000000 3d8:ad14e 144134765124012000     /work2/11056/zwu/frontera/miniconda3/envs/libyt/lib/python3.13/lib-dynload/_bisect.cpython-313-x86_64-linux-gnu.so
2b7bcb8b4000-2b7bcb8b6000 r-xp 00002000 3d8:ad14e 144134765124012000     /work2/11056/zwu/frontera/miniconda3/envs/libyt/lib/python3.13/lib-dynload/_bisect.cpython-313-x86_64-linux-gnu.so
2b7bcb8b6000-2b7bcb8b7000 r--p 00004000 3d8:ad14e 144134765124012000     /work2/11056/zwu/frontera/miniconda3/envs/libyt/lib/python3.13/lib-dynload/_bisect.cpython-313-x86_64-linux-gnu.so
2b7bcb8b7000-2b7bcb8b8000 r--p 00005000 3d8:ad14e 144134765124012000     /work2/11056/zwu/frontera/miniconda3/envs/libyt/lib/python3.13/lib-dynload/_bisect.cpython-313-x86_64-linux-gnu.so
2b7bcb8b8000-2b7bcb8b9000 rw-p 00006000 3d8:ad14e 144134765124012000     /work2/11056/zwu/frontera/miniconda3/envs/libyt/lib/python3.13/lib-dynload/_bisect.cpython-313-x86_64-linux-gnu.so
2b7bcb8b9000-2b7bcbfe0000 rw-p 00000000 00:00 0 
2b7bcbfe0000-2b7bcbfe3000 r--p 00000000 3d8:ad14e 144134765124013208     /work2/11056/zwu/frontera/miniconda3/envs/libyt/lib/python3.13/lib-dynload/_json.cpython-313-x86_64-linux-gnu.so
2b7bcbfe3000-2b7bcbfe9000 r-xp 00003000 3d8:ad14e 144134765124013208     /work2/11056/zwu/frontera/miniconda3/envs/libyt/lib/python3.13/lib-dynload/_json.cpython-313-x86_64-linux-gnu.so
2b7bcbfe9000-2b7bcbfeb000 r--p 00009000 3d8:ad14e 144134765124013208     /work2/11056/zwu/frontera/miniconda3/envs/libyt/lib/python3.13/lib-dynload/_json.cpython-313-x86_64-linux-gnu.so
2b7bcbfeb000-2b7bcbfec000 r--p 0000a000 3d8:ad14e 144134765124013208     /work2/11056/zwu/frontera/miniconda3/envs/libyt/lib/python3.13/lib-dynload/_json.cpython-313-x86_64-linux-gnu.so
2b7bcbfec000-2b7bcbfed000 rw-p 0000b000 3d8:ad14e 144134765124013208     /work2/11056/zwu/frontera/miniconda3/envs/libyt/lib/python3.13/lib-dynload/_json.cpython-313-x86_64-linux-gnu.so
2b7bcbfed000-2b7bcbff1000 r--p 00000000 3d8:ad14e 144134765124011709     /work2/11056/zwu/frontera/miniconda3/envs/libyt/lib/python3.13/lib-dynload/_hashlib.cpython-313-x86_64-linux-gnu.so
2b7bcbff1000-2b7bcbff7000 r-xp 00004000 3d8:ad14e 144134765124011709     /work2/11056/zwu/frontera/miniconda3/envs/libyt/lib/python3.13/lib-dynload/_hashlib.cpython-313-x86_64-linux-gnu.so
2b7bcbff7000-2b7bcbffb000 r--p 0000a000 3d8:ad14e 144134765124011709     /work2/11056/zwu/frontera/miniconda3/envs/libyt/lib/python3.13/lib-dynload/_hashlib.cpython-313-x86_64-linux-gnu.so
2b7bcbffb000-2b7bcbffc000 r--p 0000e000 3d8:ad14e 144134765124011709     /work2/11056/zwu/frontera/miniconda3/envs/libyt/lib/python3.13/lib-dynload/_hashlib.cpython-313-x86_64-linux-gnu.so
2b7bcbffc000-2b7bcbffd000 rw-p 0000f000 3d8:ad14e 144134765124011709     /work2/11056/zwu/frontera/miniconda3/envs/libyt/lib/python3.13/lib-dynload/_hashlib.cpython-313-x86_64-linux-gnu.so
2b7bcc000000-2b7bcc021000 rw-p 00000000 00:00 0 
2b7bcc021000-2b7bd0000000 ---p 00000000 00:00 0 
2b7bd0000000-2b7bd0200000 rw-p 00000000 00:00 0 
2b7bd0200000-2b7bd2800000 rw-p 00000000 00:00 0 
2b7bd2800000-2b7be0fba000 rw-p 00000000 00:00 0 
2b7be0fba000-2b7be74fd000 r--p 00000000 fd:00 268598126                  /usr/lib/locale/locale-archive
2b7be74fd000-2b7be75fd000 rw-p 00000000 00:00 0 
2b7be75fd000-2b7be7627000 r--p 00000000 3d8:ad14e 144134765124016696     /work2/11056/zwu/frontera/miniconda3/envs/libyt/lib/python3.13/site-packages/numpy/_core/_multiarray_umath.cpython-313-x86_64-linux-gnu.so
2b7be7627000-2b7be7c8c000 r-xp 0002a000 3d8:ad14e 144134765124016696     /work2/11056/zwu/frontera/miniconda3/envs/libyt/lib/python3.13/site-packages/numpy/_core/_multiarray_umath.cpython-313-x86_64-linux-gnu.so
2b7be7c8c000-2b7be7e0b000 r--p 0068f000 3d8:ad14e 144134765124016696     /work2/11056/zwu/frontera/miniconda3/envs/libyt/lib/python3.13/site-packages/numpy/_core/_multiarray_umath.cpython-313-x86_64-linux-gnu.so
2b7be7e0b000-2b7be7e0f000 r--p 0080e000 3d8:ad14e 144134765124016696     /work2/11056/zwu/frontera/miniconda3/envs/libyt/lib/python3.13/site-packages/numpy/_core/_multiarray_umath.cpython-313-x86_64-linux-gnu.so
2b7be7e0f000-2b7be7e30000 rw-p 00812000 3d8:ad14e 144134765124016696     /work2/11056/zwu/frontera/miniconda3/envs/libyt/lib/python3.13/site-packages/numpy/_core/_multiarray_umath.cpython-313-x86_64-linux-gnu.so
2b7be7e30000-2b7be7e48000 rw-p 00000000 00:00 0 
2b7be7e48000-2b7be7fb5000 r--p 00000000 3d8:ad14e 144134765124016387     /work2/11056/zwu/frontera/miniconda3/envs/libyt/lib/libopenblasp-r0.3.32.so
2b7be7fb5000-2b7be7fb6000 r-xp 0016d000 3d8:ad14e 144134765124016387     /work2/11056/zwu/frontera/miniconda3/envs/libyt/lib/libopenblasp-r0.3.32.so
2b7be7fb6000-2b7be7fb8000 ---p 0016e000 3d8:ad14e 144134765124016387     /work2/11056/zwu/frontera/miniconda3/envs/libyt/lib/libopenblasp-r0.3.32.so
2b7be7fb8000-2b7bea217000 r-xp 00170000 3d8:ad14e 144134765124016387     /work2/11056/zwu/frontera/miniconda3/envs/libyt/lib/libopenblasp-r0.3.32.so
2b7bea217000-2b7bea467000 r--p 023cf000 3d8:ad14e 144134765124016387     /work2/11056/zwu/frontera/miniconda3/envs/libyt/lib/libopenblasp-r0.3.32.so
2b7bea467000-2b7bea477000 r--p 0261e000 3d8:ad14e 144134765124016387     /work2/11056/zwu/frontera/miniconda3/envs/libyt/lib/libopenblasp-r0.3.32.so
2b7bea477000-2b7bea48f000 rw-p 0262e000 3d8:ad14e 144134765124016387     /work2/11056/zwu/frontera/miniconda3/envs/libyt/lib/libopenblasp-r0.3.32.so
2b7bea48f000-2b7bea4a4000 rw-p 00000000 00:00 0 
2b7bea4a4000-2b7bf24a4000 rw-p 00000000 00:00 0 
2b7bf24a4000-2b7bf28a4000 rw-p 00000000 00:00 0 
2b7bf28a4000-2b7bf28a7000 r--p 00000000 3d8:ad14e 144134765124017909     /work2/11056/zwu/frontera/miniconda3/envs/libyt/lib/python3.13/site-packages/numpy/linalg/_umath_linalg.cpython-313-x86_64-linux-gnu.so
2b7bf28a7000-2b7bf28c2000 r-xp 00003000 3d8:ad14e 144134765124017909     /work2/11056/zwu/frontera/miniconda3/envs/libyt/lib/python3.13/site-packages/numpy/linalg/_umath_linalg.cpython-313-x86_64-linux-gnu.so
2b7bf28c2000-2b7bf28c6000 r--p 0001e000 3d8:ad14e 144134765124017909     /work2/11056/zwu/frontera/miniconda3/envs/libyt/lib/python3.13/site-packages/numpy/linalg/_umath_linalg.cpython-313-x86_64-linux-gnu.so
2b7bf28c6000-2b7bf28c7000 r--p 00021000 3d8:ad14e 144134765124017909     /work2/11056/zwu/frontera/miniconda3/envs/libyt/lib/python3.13/site-packages/numpy/linalg/_umath_linalg.cpython-313-x86_64-linux-gnu.so
2b7bf28c7000-2b7bf28c8000 rw-p 00022000 3d8:ad14e 144134765124017909     /work2/11056/zwu/frontera/miniconda3/envs/libyt/lib/python3.13/site-packages/numpy/linalg/_umath_linalg.cpython-313-x86_64-linux-gnu.so
2b7bf28c8000-2b7bf2ac8000 rw-p 00000000 00:00 0 
2b7bf2ac8000-2b7bf2bb7000 r--p 00000000 3d8:ad14e 144134765124014059     /work2/11056/zwu/frontera/miniconda3/envs/libyt/lib/libcrypto.so.3
2b7bf2bb7000-2b7bf2f1a000 r-xp 000ef000 3d8:ad14e 144134765124014059     /work2/11056/zwu/frontera/miniconda3/envs/libyt/lib/libcrypto.so.3
2b7bf2f1a000-2b7bf3051000 r--p 00452000 3d8:ad14e 144134765124014059     /work2/11056/zwu/frontera/miniconda3/envs/libyt/lib/libcrypto.so.3
2b7bf3051000-2b7bf30d3000 r--p 00588000 3d8:ad14e 144134765124014059     /work2/11056/zwu/frontera/miniconda3/envs/libyt/lib/libcrypto.so.3
2b7bf30d3000-2b7bf30d6000 rw-p 0060a000 3d8:ad14e 144134765124014059     /work2/11056/zwu/frontera/miniconda3/envs/libyt/lib/libcrypto.so.3
2b7bf30d6000-2b7bf30d9000 rw-p 00000000 00:00 0 
2b7bf30d9000-2b7bf30db000 r--p 00000000 3d8:ad14e 144134765124013472     /work2/11056/zwu/frontera/miniconda3/envs/libyt/lib/python3.13/lib-dynload/_blake2.cpython-313-x86_64-linux-gnu.so
2b7bf30db000-2b7bf30e2000 r-xp 00002000 3d8:ad14e 144134765124013472     /work2/11056/zwu/frontera/miniconda3/envs/libyt/lib/python3.13/lib-dynload/_blake2.cpython-313-x86_64-linux-gnu.so
2b7bf30e2000-2b7bf30e4000 r--p 00009000 3d8:ad14e 144134765124013472     /work2/11056/zwu/frontera/miniconda3/envs/libyt/lib/python3.13/lib-dynload/_blake2.cpython-313-x86_64-linux-gnu.so
2b7bf30e4000-2b7bf30e5000 r--p 0000a000 3d8:ad14e 144134765124013472     /work2/11056/zwu/frontera/miniconda3/envs/libyt/lib/python3.13/lib-dynload/_blake2.cpython-313-x86_64-linux-gnu.so
2b7bf30e5000-2b7bf30e6000 rw-p 0000b000 3d8:ad14e 144134765124013472     /work2/11056/zwu/frontera/miniconda3/envs/libyt/lib/python3.13/lib-dynload/_blake2.cpython-313-x86_64-linux-gnu.so
2b7bf30e6000-2b7bf30fa000 r--p 00000000 3d8:ad14e 144134765124033590     /work2/11056/zwu/frontera/miniconda3/envs/libyt/lib/python3.13/site-packages/gmpy2/gmpy2.cpython-313-x86_64-linux-gnu.so
2b7bf30fa000-2b7bf316a000 r-xp 00014000 3d8:ad14e 144134765124033590     /work2/11056/zwu/frontera/miniconda3/envs/libyt/lib/python3.13/site-packages/gmpy2/gmpy2.cpython-313-x86_64-linux-gnu.so
2b7bf316a000-2b7bf318d000 r--p 00084000 3d8:ad14e 144134765124033590     /work2/11056/zwu/frontera/miniconda3/envs/libyt/lib/python3.13/site-packages/gmpy2/gmpy2.cpython-313-x86_64-linux-gnu.so
2b7bf318d000-2b7bf318f000 r--p 000a6000 3d8:ad14e 144134765124033590     /work2/11056/zwu/frontera/miniconda3/envs/libyt/lib/python3.13/site-packages/gmpy2/gmpy2.cpython-313-x86_64-linux-gnu.so
2b7bf318f000-2b7bf3195000 rw-p 000a8000 3d8:ad14e 144134765124033590     /work2/11056/zwu/frontera/miniconda3/envs/libyt/lib/python3.13/site-packages/gmpy2/gmpy2.cpython-313-x86_64-linux-gnu.so
2b7bf3195000-2b7bf319c000 r--p 00000000 3d8:ad14e 144134765124034231     /work2/11056/zwu/frontera/miniconda3/envs/libyt/lib/libmpc.so.3.4.0
2b7bf319c000-2b7bf31b3000 r-xp 00007000 3d8:ad14e 144134765124034231     /work2/11056/zwu/frontera/miniconda3/envs/libyt/lib/libmpc.so.3.4.0
2b7bf31b3000-2b7bf31b6000 r--p 0001e000 3d8:ad14e 144134765124034231     /work2/11056/zwu/frontera/miniconda3/envs/libyt/lib/libmpc.so.3.4.0
2b7bf31b6000-2b7bf31b7000 r--p 00021000 3d8:ad14e 144134765124034231     /work2/11056/zwu/frontera/miniconda3/envs/libyt/lib/libmpc.so.3.4.0
2b7bf31b7000-2b7bf31b8000 rw-p 00022000 3d8:ad14e 144134765124034231     /work2/11056/zwu/frontera/miniconda3/envs/libyt/lib/libmpc.so.3.4.0
2b7bf31b8000-2b7bf31c8000 r--p 00000000 3d8:ad14e 144134765124031173     /work2/11056/zwu/frontera/miniconda3/envs/libyt/lib/libmpfr.so.6.2.2
2b7bf31c8000-2b7bf3254000 r-xp 00010000 3d8:ad14e 144134765124031173     /work2/11056/zwu/frontera/miniconda3/envs/libyt/lib/libmpfr.so.6.2.2
2b7bf3254000-2b7bf326a000 r--p 0009c000 3d8:ad14e 144134765124031173     /work2/11056/zwu/frontera/miniconda3/envs/libyt/lib/libmpfr.so.6.2.2
2b7bf326a000-2b7bf326d000 r--p 000b1000 3d8:ad14e 144134765124031173     /work2/11056/zwu/frontera/miniconda3/envs/libyt/lib/libmpfr.so.6.2.2
2b7bf326d000-2b7bf3276000 rw-p 000b4000 3d8:ad14e 144134765124031173     /work2/11056/zwu/frontera/miniconda3/envs/libyt/lib/libmpfr.so.6.2.2
2b7bf3276000-2b7bf3289000 r--p 00000000 3d8:ad14e 144131832097572289     /work2/11056/zwu/frontera/miniconda3/envs/libyt/lib/libgmp.so.10.5.0
2b7bf3289000-2b7bf3304000 r-xp 00013000 3d8:ad14e 144131832097572289     /work2/11056/zwu/frontera/miniconda3/envs/libyt/lib/libgmp.so.10.5.0
2b7bf3304000-2b7bf331b000 r--p 0008e000 3d8:ad14e 144131832097572289     /work2/11056/zwu/frontera/miniconda3/envs/libyt/lib/libgmp.so.10.5.0
2b7bf331b000-2b7bf331d000 r--p 000a5000 3d8:ad14e 144131832097572289     /work2/11056/zwu/frontera/miniconda3/envs/libyt/lib/libgmp.so.10.5.0
2b7bf331d000-2b7bf331e000 rw-p 000a7000 3d8:ad14e 144131832097572289     /work2/11056/zwu/frontera/miniconda3/envs/libyt/lib/libgmp.so.10.5.0
2b7bf331e000-2b7bf3322000 rw-p 00000000 00:00 0 
2b7bf3322000-2b7bf3324000 r--p 00000000 3d8:ad14e 144134765124013768     /work2/11056/zwu/frontera/miniconda3/envs/libyt/lib/python3.13/lib-dynload/binascii.cpython-313-x86_64-linux-gnu.so
2b7bf3324000-2b7bf3327000 r-xp 00002000 3d8:ad14e 144134765124013768     /work2/11056/zwu/frontera/miniconda3/envs/libyt/lib/python3.13/lib-dynload/binascii.cpython-313-x86_64-linux-gnu.so
2b7bf3327000-2b7bf3329000 r--p 00005000 3d8:ad14e 144134765124013768     /work2/11056/zwu/frontera/miniconda3/envs/libyt/lib/python3.13/lib-dynload/binascii.cpython-313-x86_64-linux-gnu.so
2b7bf3329000-2b7bf332a000 r--p 00006000 3d8:ad14e 144134765124013768     /work2/11056/zwu/frontera/miniconda3/envs/libyt/lib/python3.13/lib-dynload/binascii.cpython-313-x86_64-linux-gnu.so
2b7bf332a000-2b7bf332b000 rw-p 00007000 3d8:ad14e 144134765124013768     /work2/11056/zwu/frontera/miniconda3/envs/libyt/lib/python3.13/lib-dynload/binascii.cpython-313-x86_64-linux-gnu.so
2b7bf332b000-2b7bf332e000 r--p 00000000 3d8:ad14e 144134765124011395     /work2/11056/zwu/frontera/miniconda3/envs/libyt/lib/python3.13/lib-dynload/zlib.cpython-313-x86_64-linux-gnu.so
2b7bf332e000-2b7bf3332000 r-xp 00003000 3d8:ad14e 144134765124011395     /work2/11056/zwu/frontera/miniconda3/envs/libyt/lib/python3.13/lib-dynload/zlib.cpython-313-x86_64-linux-gnu.so
2b7bf3332000-2b7bf3335000 r--p 00007000 3d8:ad14e 144134765124011395     /work2/11056/zwu/frontera/miniconda3/envs/libyt/lib/python3.13/lib-dynload/zlib.cpython-313-x86_64-linux-gnu.so
2b7bf3335000-2b7bf3336000 r--p 0000a000 3d8:ad14e 144134765124011395     /work2/11056/zwu/frontera/miniconda3/envs/libyt/lib/python3.13/lib-dynload/zlib.cpython-313-x86_64-linux-gnu.so
2b7bf3336000-2b7bf3337000 rw-p 0000b000 3d8:ad14e 144134765124011395     /work2/11056/zwu/frontera/miniconda3/envs/libyt/lib/python3.13/lib-dynload/zlib.cpython-313-x86_64-linux-gnu.so
2b7bf3337000-2b7bf3339000 r--p 00000000 3d8:ad14e 144134765124013573     /work2/11056/zwu/frontera/miniconda3/envs/libyt/lib/python3.13/lib-dynload/_bz2.cpython-313-x86_64-linux-gnu.so
2b7bf3339000-2b7bf333b000 r-xp 00002000 3d8:ad14e 144134765124013573     /work2/11056/zwu/frontera/miniconda3/envs/libyt/lib/python3.13/lib-dynload/_bz2.cpython-313-x86_64-linux-gnu.so
2b7bf333b000-2b7bf333d000 r--p 00004000 3d8:ad14e 144134765124013573     /work2/11056/zwu/frontera/miniconda3/envs/libyt/lib/python3.13/lib-dynload/_bz2.cpython-313-x86_64-linux-gnu.so
2b7bf333d000-2b7bf333e000 r--p 00005000 3d8:ad14e 144134765124013573     /work2/11056/zwu/frontera/miniconda3/envs/libyt/lib/python3.13/lib-dynload/_bz2.cpython-313-x86_64-linux-gnu.so
2b7bf333e000-2b7bf333f000 rw-p 00006000 3d8:ad14e 144134765124013573     /work2/11056/zwu/frontera/miniconda3/envs/libyt/lib/python3.13/lib-dynload/_bz2.cpython-313-x86_64-linux-gnu.so
2b7bf333f000-2b7bf3341000 r--p 00000000 3d8:ad14e 144134765124009983     /work2/11056/zwu/frontera/miniconda3/envs/libyt/lib/libbz2.so.1.0.8
2b7bf3341000-2b7bf3350000 r-xp 00002000 3d8:ad14e 144134765124009983     /work2/11056/zwu/frontera/miniconda3/envs/libyt/lib/libbz2.so.1.0.8
2b7bf3350000-2b7bf3352000 r--p 00011000 3d8:ad14e 144134765124009983     /work2/11056/zwu/frontera/miniconda3/envs/libyt/lib/libbz2.so.1.0.8
2b7bf3352000-2b7bf3353000 r--p 00012000 3d8:ad14e 144134765124009983     /work2/11056/zwu/frontera/miniconda3/envs/libyt/lib/libbz2.so.1.0.8
2b7bf3353000-2b7bf3354000 rw-p 00013000 3d8:ad14e 144134765124009983     /work2/11056/zwu/frontera/miniconda3/envs/libyt/lib/libbz2.so.1.0.8
2b7bf3354000-2b7bf3357000 r--p 00000000 3d8:ad14e 144134765124012860     /work2/11056/zwu/frontera/miniconda3/envs/libyt/lib/python3.13/lib-dynload/_lzma.cpython-313-x86_64-linux-gnu.so
2b7bf3357000-2b7bf335b000 r-xp 00003000 3d8:ad14e 144134765124012860     /work2/11056/zwu/frontera/miniconda3/envs/libyt/lib/python3.13/lib-dynload/_lzma.cpython-313-x86_64-linux-gnu.so
2b7bf335b000-2b7bf335e000 r--p 00007000 3d8:ad14e 144134765124012860     /work2/11056/zwu/frontera/miniconda3/envs/libyt/lib/python3.13/lib-dynload/_lzma.cpython-313-x86_64-linux-gnu.so
2b7bf335e000-2b7bf335f000 r--p 00009000 3d8:ad14e 144134765124012860     /work2/11056/zwu/frontera/miniconda3/envs/libyt/lib/python3.13/lib-dynload/_lzma.cpython-313-x86_64-linux-gnu.so
2b7bf335f000-2b7bf3360000 rw-p 0000a000 3d8:ad14e 144134765124012860     /work2/11056/zwu/frontera/miniconda3/envs/libyt/lib/python3.13/lib-dynload/_lzma.cpython-313-x86_64-linux-gnu.so
2b7bf3360000-2b7bf3365000 r--p 00000000 3d8:ad14e 144134765124010171     /work2/11056/zwu/frontera/miniconda3/envs/libyt/lib/liblzma.so.5
2b7bf3365000-2b7bf3383000 r-xp 00005000 3d8:ad14e 144134765124010171     /work2/11056/zwu/frontera/miniconda3/envs/libyt/lib/liblzma.so.5
2b7bf3383000-2b7bf338f000 r--p 00023000 3d8:ad14e 144134765124010171     /work2/11056/zwu/frontera/miniconda3/envs/libyt/lib/liblzma.so.5
2b7bf338f000-2b7bf3390000 r--p 0002f000 3d8:ad14e 144134765124010171     /work2/11056/zwu/frontera/miniconda3/envs/libyt/lib/liblzma.so.5
2b7bf3390000-2b7bf3391000 rw-p 00030000 3d8:ad14e 144134765124010171     /work2/11056/zwu/frontera/miniconda3/envs/libyt/lib/liblzma.so.5
2b7bf3391000-2b7bf3491000 rw-p 00000000 00:00 0 
2b7bf3491000-2b7bf3493000 r--p 00000000 3d8:ad14e 144134765124013736     /work2/11056/zwu/frontera/miniconda3/envs/libyt/lib/python3.13/lib-dynload/_random.cpython-313-x86_64-linux-gnu.so
2b7bf3493000-2b7bf3495000 r-xp 00002000 3d8:ad14e 144134765124013736     /work2/11056/zwu/frontera/miniconda3/envs/libyt/lib/python3.13/lib-dynload/_random.cpython-313-x86_64-linux-gnu.so
2b7bf3495000-2b7bf3496000 r--p 00004000 3d8:ad14e 144134765124013736     /work2/11056/zwu/frontera/miniconda3/envs/libyt/lib/python3.13/lib-dynload/_random.cpython-313-x86_64-linux-gnu.so
2b7bf3496000-2b7bf3497000 r--p 00004000 3d8:ad14e 144134765124013736     /work2/11056/zwu/frontera/miniconda3/envs/libyt/lib/python3.13/lib-dynload/_random.cpython-313-x86_64-linux-gnu.so
2b7bf3497000-2b7bf3498000 rw-p 00005000 3d8:ad14e 144134765124013736     /work2/11056/zwu/frontera/miniconda3/envs/libyt/lib/python3.13/lib-dynload/_random.cpython-313-x86_64-linux-gnu.so
2b7bf3498000-2b7bf3598000 rw-p 00000000 00:00 0 
2b7bf3598000-2b7bf359a000 r--p 00000000 3d8:ad14e 144134765124011825     /work2/11056/zwu/frontera/miniconda3/envs/libyt/lib/python3.13/lib-dynload/cmath.cpython-313-x86_64-linux-gnu.so
2b7bf359a000-2b7bf35a3000 r-xp 00002000 3d8:ad14e 144134765124011825     /work2/11056/zwu/frontera/miniconda3/envs/libyt/lib/python3.13/lib-dynload/cmath.cpython-313-x86_64-linux-gnu.so
2b7bf35a3000-2b7bf35a5000 r--p 0000b000 3d8:ad14e 144134765124011825     /work2/11056/zwu/frontera/miniconda3/envs/libyt/lib/python3.13/lib-dynload/cmath.cpython-313-x86_64-linux-gnu.so
2b7bf35a5000-2b7bf35a6000 r--p 0000c000 3d8:ad14e 144134765124011825     /work2/11056/zwu/frontera/miniconda3/envs/libyt/lib/python3.13/lib-dynload/cmath.cpython-313-x86_64-linux-gnu.so
2b7bf35a6000-2b7bf35a7000 rw-p 0000d000 3d8:ad14e 144134765124011825     /work2/11056/zwu/frontera/miniconda3/envs/libyt/lib/python3.13/lib-dynload/cmath.cpython-313-x86_64-linux-gnu.so
2b7bf35a7000-2b7bf38a9000 rw-p 00000000 00:00 0 
2b7bf38a9000-2b7bf38b2000 r--p 00000000 3d8:ad14e 144134765124012030     /work2/11056/zwu/frontera/miniconda3/envs/libyt/lib/python3.13/lib-dynload/_decimal.cpython-313-x86_64-linux-gnu.so
2b7bf38b2000-2b7bf38c8000 r-xp 00009000 3d8:ad14e 144134765124012030     /work2/11056/zwu/frontera/miniconda3/envs/libyt/lib/python3.13/lib-dynload/_decimal.cpython-313-x86_64-linux-gnu.so
2b7bf38c8000-2b7bf38d5000 r--p 0001f000 3d8:ad14e 144134765124012030     /work2/11056/zwu/frontera/miniconda3/envs/libyt/lib/python3.13/lib-dynload/_decimal.cpython-313-x86_64-linux-gnu.so
2b7bf38d5000-2b7bf38d6000 r--p 0002b000 3d8:ad14e 144134765124012030     /work2/11056/zwu/frontera/miniconda3/envs/libyt/lib/python3.13/lib-dynload/_decimal.cpython-313-x86_64-linux-gnu.so
2b7bf38d6000-2b7bf38d9000 rw-p 0002c000 3d8:ad14e 144134765124012030     /work2/11056/zwu/frontera/miniconda3/envs/libyt/lib/python3.13/lib-dynload/_decimal.cpython-313-x86_64-linux-gnu.so
2b7bf38d9000-2b7bf38e1000 r--p 00000000 3d8:ad14e 144134765124010257     /work2/11056/zwu/frontera/miniconda3/envs/libyt/lib/libmpdec.so.4.0.0
2b7bf38e1000-2b7bf3902000 r-xp 00008000 3d8:ad14e 144134765124010257     /work2/11056/zwu/frontera/miniconda3/envs/libyt/lib/libmpdec.so.4.0.0
2b7bf3902000-2b7bf3909000 r--p 00029000 3d8:ad14e 144134765124010257     /work2/11056/zwu/frontera/miniconda3/envs/libyt/lib/libmpdec.so.4.0.0
2b7bf3909000-2b7bf390a000 r--p 00030000 3d8:ad14e 144134765124010257     /work2/11056/zwu/frontera/miniconda3/envs/libyt/lib/libmpdec.so.4.0.0
2b7bf390a000-2b7bf390b000 rw-p 00031000 3d8:ad14e 144134765124010257     /work2/11056/zwu/frontera/miniconda3/envs/libyt/lib/libmpdec.so.4.0.0
2b7bf390b000-2b7bf3d0b000 rw-p 00000000 00:00 0 
2b7bf3d0b000-2b7bf3d0f000 r--p 00000000 3d8:ad14e 144134765124013676     /work2/11056/zwu/frontera/miniconda3/envs/libyt/lib/python3.13/lib-dynload/array.cpython-313-x86_64-linux-gnu.so
2b7bf3d0f000-2b7bf3d16000 r-xp 00004000 3d8:ad14e 144134765124013676     /work2/11056/zwu/frontera/miniconda3/envs/libyt/lib/python3.13/lib-dynload/array.cpython-313-x86_64-linux-gnu.so
2b7bf3d16000-2b7bf3d1b000 r--p 0000b000 3d8:ad14e 144134765124013676     /work2/11056/zwu/frontera/miniconda3/envs/libyt/lib/python3.13/lib-dynload/array.cpython-313-x86_64-linux-gnu.so
2b7bf3d1b000-2b7bf3d1c000 r--p 0000f000 3d8:ad14e 144134765124013676     /work2/11056/zwu/frontera/miniconda3/envs/libyt/lib/python3.13/lib-dynload/array.cpython-313-x86_64-linux-gnu.so
2b7bf3d1c000-2b7bf3d1d000 rw-p 00010000 3d8:ad14e 144134765124013676     /work2/11056/zwu/frontera/miniconda3/envs/libyt/lib/python3.13/lib-dynload/array.cpython-313-x86_64-linux-gnu.so
2b7bf3d1d000-2b7bf3e1d000 rw-p 00000000 00:00 0 
2b7bf3e1d000-2b7bf3e20000 r--p 00000000 3d8:ad14e 144134765124013795     /work2/11056/zwu/frontera/miniconda3/envs/libyt/lib/python3.13/lib-dynload/unicodedata.cpython-313-x86_64-linux-gnu.so
2b7bf3e20000-2b7bf3e24000 r-xp 00003000 3d8:ad14e 144134765124013795     /work2/11056/zwu/frontera/miniconda3/envs/libyt/lib/python3.13/lib-dynload/unicodedata.cpython-313-x86_64-linux-gnu.so
2b7bf3e24000-2b7bf3ec7000 r--p 00007000 3d8:ad14e 144134765124013795     /work2/11056/zwu/frontera/miniconda3/envs/libyt/lib/python3.13/lib-dynload/unicodedata.cpython-313-x86_64-linux-gnu.so
2b7bf3ec7000-2b7bf3ec8000 r--p 000aa000 3d8:ad14e 144134765124013795     /work2/11056/zwu/frontera/miniconda3/envs/libyt/lib/python3.13/lib-dynload/unicodedata.cpython-313-x86_64-linux-gnu.so
2b7bf3ec8000-2b7bf3ec9000 rw-p 000ab000 3d8:ad14e 144134765124013795     /work2/11056/zwu/frontera/miniconda3/envs/libyt/lib/python3.13/lib-dynload/unicodedata.cpython-313-x86_64-linux-gnu.so
2b7bf3ec9000-2b7bf42c9000 rw-p 00000000 00:00 0 
2b7bf42c9000-2b7bf42cb000 r--p 00000000 3d8:ad14e 144134765124011950     /work2/11056/zwu/frontera/miniconda3/envs/libyt/lib/python3.13/lib-dynload/fcntl.cpython-313-x86_64-linux-gnu.so
2b7bf42cb000-2b7bf42cd000 r-xp 00002000 3d8:ad14e 144134765124011950     /work2/11056/zwu/frontera/miniconda3/envs/libyt/lib/python3.13/lib-dynload/fcntl.cpython-313-x86_64-linux-gnu.so
2b7bf42cd000-2b7bf42cf000 r--p 00004000 3d8:ad14e 144134765124011950     /work2/11056/zwu/frontera/miniconda3/envs/libyt/lib/python3.13/lib-dynload/fcntl.cpython-313-x86_64-linux-gnu.so
2b7bf42cf000-2b7bf42d0000 r--p 00005000 3d8:ad14e 144134765124011950     /work2/11056/zwu/frontera/miniconda3/envs/libyt/lib/python3.13/lib-dynload/fcntl.cpython-313-x86_64-linux-gnu.so
2b7bf42d0000-2b7bf42d1000 rw-p 00006000 3d8:ad14e 144134765124011950     /work2/11056/zwu/frontera/miniconda3/envs/libyt/lib/python3.13/lib-dynload/fcntl.cpython-313-x86_64-linux-gnu.so
2b7bf42d1000-2b7bf42d3000 r--p 00000000 3d8:ad14e 144134765124010960     /work2/11056/zwu/frontera/miniconda3/envs/libyt/lib/python3.13/lib-dynload/_posixsubprocess.cpython-313-x86_64-linux-gnu.so
2b7bf42d3000-2b7bf42d6000 r-xp 00002000 3d8:ad14e 144134765124010960     /work2/11056/zwu/frontera/miniconda3/envs/libyt/lib/python3.13/lib-dynload/_posixsubprocess.cpython-313-x86_64-linux-gnu.so
2b7bf42d6000-2b7bf42d7000 r--p 00005000 3d8:ad14e 144134765124010960     /work2/11056/zwu/frontera/miniconda3/envs/libyt/lib/python3.13/lib-dynload/_posixsubprocess.cpython-313-x86_64-linux-gnu.so
2b7bf42d7000-2b7bf42d8000 r--p 00006000 3d8:ad14e 144134765124010960     /work2/11056/zwu/frontera/miniconda3/envs/libyt/lib/python3.13/lib-dynload/_posixsubprocess.cpython-313-x86_64-linux-gnu.so
2b7bf42d8000-2b7bf42d9000 rw-p 00007000 3d8:ad14e 144134765124010960     /work2/11056/zwu/frontera/miniconda3/envs/libyt/lib/python3.13/lib-dynload/_posixsubprocess.cpython-313-x86_64-linux-gnu.so
2b7bf42d9000-2b7bf42dc000 r--p 00000000 3d8:ad14e 144134765124013617     /work2/11056/zwu/frontera/miniconda3/envs/libyt/lib/python3.13/lib-dynload/select.cpython-313-x86_64-linux-gnu.so
2b7bf42dc000-2b7bf42df000 r-xp 00003000 3d8:ad14e 144134765124013617     /work2/11056/zwu/frontera/miniconda3/envs/libyt/lib/python3.13/lib-dynload/select.cpython-313-x86_64-linux-gnu.so
2b7bf42df000-2b7bf42e1000 r--p 00006000 3d8:ad14e 144134765124013617     /work2/11056/zwu/frontera/miniconda3/envs/libyt/lib/python3.13/lib-dynload/select.cpython-313-x86_64-linux-gnu.so
2b7bf42e1000-2b7bf42e2000 r--p 00008000 3d8:ad14e 144134765124013617     /work2/11056/zwu/frontera/miniconda3/envs/libyt/lib/python3.13/lib-dynload/select.cpython-313-x86_64-linux-gnu.so
2b7bf42e2000-2b7bf42e3000 rw-p 00009000 3d8:ad14e 144134765124013617     /work2/11056/zwu/frontera/miniconda3/envs/libyt/lib/python3.13/lib-dynload/select.cpython-313-x86_64-linux-gnu.so
2b7bf42e3000-2b7bf4ee3000 rw-p 00000000 00:00 0 
2b7bf4ee3000-2b7bf4ee4000 r--p 00000000 3d8:ad14e 144134765124013189     /work2/11056/zwu/frontera/miniconda3/envs/libyt/lib/python3.13/lib-dynload/_heapq.cpython-313-x86_64-linux-gnu.so
2b7bf4ee4000-2b7bf4ee7000 r-xp 00001000 3d8:ad14e 144134765124013189     /work2/11056/zwu/frontera/miniconda3/envs/libyt/lib/python3.13/lib-dynload/_heapq.cpython-313-x86_64-linux-gnu.so
2b7bf4ee7000-2b7bf4eea000 r--p 00004000 3d8:ad14e 144134765124013189     /work2/11056/zwu/frontera/miniconda3/envs/libyt/lib/python3.13/lib-dynload/_heapq.cpython-313-x86_64-linux-gnu.so
2b7bf4eea000-2b7bf4eeb000 r--p 00006000 3d8:ad14e 144134765124013189     /work2/11056/zwu/frontera/miniconda3/envs/libyt/lib/python3.13/lib-dynload/_heapq.cpython-313-x86_64-linux-gnu.so
2b7bf4eeb000-2b7bf4eec000 rw-p 00007000 3d8:ad14e 144134765124013189     /work2/11056/zwu/frontera/miniconda3/envs/libyt/lib/python3.13/lib-dynload/_heapq.cpython-313-x86_64-linux-gnu.so
2b7bf4eec000-2b7bf4eee000 r--p 00000000 3d8:ad14e 144134765124013024     /work2/11056/zwu/frontera/miniconda3/envs/libyt/lib/python3.13/lib-dynload/_queue.cpython-313-x86_64-linux-gnu.so
2b7bf4eee000-2b7bf4eef000 r-xp 00002000 3d8:ad14e 144134765124013024     /work2/11056/zwu/frontera/miniconda3/envs/libyt/lib/python3.13/lib-dynload/_queue.cpython-313-x86_64-linux-gnu.so
2b7bf4eef000-2b7bf4ef0000 r--p 00003000 3d8:ad14e 144134765124013024     /work2/11056/zwu/frontera/miniconda3/envs/libyt/lib/python3.13/lib-dynload/_queue.cpython-313-x86_64-linux-gnu.so
2b7bf4ef0000-2b7bf4ef1000 r--p 00003000 3d8:ad14e 144134765124013024     /work2/11056/zwu/frontera/miniconda3/envs/libyt/lib/python3.13/lib-dynload/_queue.cpython-313-x86_64-linux-gnu.so
2b7bf4ef1000-2b7bf4ef2000 rw-p 00004000 3d8:ad14e 144134765124013024     /work2/11056/zwu/frontera/miniconda3/envs/libyt/lib/python3.13/lib-dynload/_queue.cpython-313-x86_64-linux-gnu.so
2b7bf4ef2000-2b7bf50f2000 rw-p 00000000 00:00 0 
2b7bf50f2000-2b7bf50f3000 r--p 00000000 3d8:ad14e 144134765124013751     /work2/11056/zwu/frontera/miniconda3/envs/libyt/lib/python3.13/lib-dynload/_uuid.cpython-313-x86_64-linux-gnu.so
2b7bf50f3000-2b7bf50f4000 r-xp 00001000 3d8:ad14e 144134765124013751     /work2/11056/zwu/frontera/miniconda3/envs/libyt/lib/python3.13/lib-dynload/_uuid.cpython-313-x86_64-linux-gnu.so
2b7bf50f4000-2b7bf50f5000 r--p 00002000 3d8:ad14e 144134765124013751     /work2/11056/zwu/frontera/miniconda3/envs/libyt/lib/python3.13/lib-dynload/_uuid.cpython-313-x86_64-linux-gnu.so
2b7bf50f5000-2b7bf50f6000 r--p 00002000 3d8:ad14e 144134765124013751     /work2/11056/zwu/frontera/miniconda3/envs/libyt/lib/python3.13/lib-dynload/_uuid.cpython-313-x86_64-linux-gnu.so
2b7bf50f6000-2b7bf50f7000 rw-p 00003000 3d8:ad14e 144134765124013751     /work2/11056/zwu/frontera/miniconda3/envs/libyt/lib/python3.13/lib-dynload/_uuid.cpython-313-x86_64-linux-gnu.so
2b7bf50f7000-2b7bf50f9000 r--p 00000000 3d8:ad14e 144134765124013890     /work2/11056/zwu/frontera/miniconda3/envs/libyt/lib/libuuid.so.1.3.0
2b7bf50f9000-2b7bf50fd000 r-xp 00002000 3d8:ad14e 144134765124013890     /work2/11056/zwu/frontera/miniconda3/envs/libyt/lib/libuuid.so.1.3.0
2b7bf50fd000-2b7bf50fe000 r--p 00006000 3d8:ad14e 144134765124013890     /work2/11056/zwu/frontera/miniconda3/envs/libyt/lib/libuuid.so.1.3.0
2b7bf50fe000-2b7bf50ff000 r--p 00007000 3d8:ad14e 144134765124013890     /work2/11056/zwu/frontera/miniconda3/envs/libyt/lib/libuuid.so.1.3.0
2b7bf50ff000-2b7bf5100000 rw-p 00008000 3d8:ad14e 144134765124013890     /work2/11056/zwu/frontera/miniconda3/envs/libyt/lib/libuuid.so.1.3.0
2b7bf5100000-2b7bf5106000 r--p 00000000 3d8:ad14e 144134765124033271     /work2/11056/zwu/frontera/miniconda3/envs/libyt/lib/python3.13/site-packages/matplotlib/_c_internal_utils.cpython-313-x86_64-linux-gnu.so
2b7bf5106000-2b7bf5120000 r-xp 00006000 3d8:ad14e 144134765124033271     /work2/11056/zwu/frontera/miniconda3/envs/libyt/lib/python3.13/site-packages/matplotlib/_c_internal_utils.cpython-313-x86_64-linux-gnu.so
2b7bf5120000-2b7bf5126000 r--p 00020000 3d8:ad14e 144134765124033271     /work2/11056/zwu/frontera/miniconda3/envs/libyt/lib/python3.13/site-packages/matplotlib/_c_internal_utils.cpython-313-x86_64-linux-gnu.so
2b7bf5126000-2b7bf5127000 r--p 00026000 3d8:ad14e 144134765124033271     /work2/11056/zwu/frontera/miniconda3/envs/libyt/lib/python3.13/site-packages/matplotlib/_c_internal_utils.cpython-313-x86_64-linux-gnu.so
2b7bf5127000-2b7bf5128000 rw-p 00027000 3d8:ad14e 144134765124033271     /work2/11056/zwu/frontera/miniconda3/envs/libyt/lib/python3.13/site-packages/matplotlib/_c_internal_utils.cpython-313-x86_64-linux-gnu.so
2b7bf5128000-2b7bf5228000 rw-p 00000000 00:00 0 
2b7bf5228000-2b7bf523b000 r--p 00000000 3d8:ad14e 144134765124029085     /work2/11056/zwu/frontera/miniconda3/envs/libyt/lib/python3.13/site-packages/PIL/_imaging.cpython-313-x86_64-linux-gnu.so
2b7bf523b000-2b7bf52ac000 r-xp 00013000 3d8:ad14e 144134765124029085     /work2/11056/zwu/frontera/miniconda3/envs/libyt/lib/python3.13/site-packages/PIL/_imaging.cpython-313-x86_64-linux-gnu.so
2b7bf52ac000-2b7bf52bd000 r--p 00084000 3d8:ad14e 144134765124029085     /work2/11056/zwu/frontera/miniconda3/envs/libyt/lib/python3.13/site-packages/PIL/_imaging.cpython-313-x86_64-linux-gnu.so
2b7bf52bd000-2b7bf52c1000 r--p 00095000 3d8:ad14e 144134765124029085     /work2/11056/zwu/frontera/miniconda3/envs/libyt/lib/python3.13/site-packages/PIL/_imaging.cpython-313-x86_64-linux-gnu.so
2b7bf52c1000-2b7bf52c4000 rw-p 00099000 3d8:ad14e 144134765124029085     /work2/11056/zwu/frontera/miniconda3/envs/libyt/lib/python3.13/site-packages/PIL/_imaging.cpython-313-x86_64-linux-gnu.so
2b7bf52c4000-2b7bf52ce000 r--p 00000000 3d8:ad14e 144134765124032559     /work2/11056/zwu/frontera/miniconda3/envs/libyt/lib/libtiff.so.6.2.0
2b7bf52ce000-2b7bf5325000 r-xp 0000a000 3d8:ad14e 144134765124032559     /work2/11056/zwu/frontera/miniconda3/envs/libyt/lib/libtiff.so.6.2.0
2b7bf5325000-2b7bf5357000 r--p 00061000 3d8:ad14e 144134765124032559     /work2/11056/zwu/frontera/miniconda3/envs/libyt/lib/libtiff.so.6.2.0
2b7bf5357000-2b7bf535c000 r--p 00092000 3d8:ad14e 144134765124032559     /work2/11056/zwu/frontera/miniconda3/envs/libyt/lib/libtiff.so.6.2.0
2b7bf535c000-2b7bf535d000 rw-p 00097000 3d8:ad14e 144134765124032559     /work2/11056/zwu/frontera/miniconda3/envs/libyt/lib/libtiff.so.6.2.0
2b7bf535d000-2b7bf5364000 r--p 00000000 3d8:ad14e 144134765124033267     /work2/11056/zwu/frontera/miniconda3/envs/libyt/lib/libjpeg.so.8.3.2
2b7bf5364000-2b7bf53fc000 r-xp 00007000 3d8:ad14e 144134765124033267     /work2/11056/zwu/frontera/miniconda3/envs/libyt/lib/libjpeg.so.8.3.2
2b7bf53fc000-2b7bf5425000 r--p 0009f000 3d8:ad14e 144134765124033267     /work2/11056/zwu/frontera/miniconda3/envs/libyt/lib/libjpeg.so.8.3.2
2b7bf5425000-2b7bf5426000 r--p 000c8000 3d8:ad14e 144134765124033267     /work2/11056/zwu/frontera/miniconda3/envs/libyt/lib/libjpeg.so.8.3.2
2b7bf5426000-2b7bf5427000 rw-p 000c9000 3d8:ad14e 144134765124033267     /work2/11056/zwu/frontera/miniconda3/envs/libyt/lib/libjpeg.so.8.3.2
2b7bf5427000-2b7bf5430000 r--p 00000000 3d8:ad14e 144131832282144881     /work2/11056/zwu/frontera/miniconda3/envs/libyt/lib/libopenjp2.so.2.5.4
2b7bf5430000-2b7bf5487000 r-xp 00009000 3d8:ad14e 144131832282144881     /work2/11056/zwu/frontera/miniconda3/envs/libyt/lib/libopenjp2.so.2.5.4
2b7bf5487000-2b7bf549a000 r--p 00060000 3d8:ad14e 144131832282144881     /work2/11056/zwu/frontera/miniconda3/envs/libyt/lib/libopenjp2.so.2.5.4
2b7bf549a000-2b7bf549c000 r--p 00072000 3d8:ad14e 144131832282144881     /work2/11056/zwu/frontera/miniconda3/envs/libyt/lib/libopenjp2.so.2.5.4
2b7bf549c000-2b7bf549d000 rw-p 00074000 3d8:ad14e 144131832282144881     /work2/11056/zwu/frontera/miniconda3/envs/libyt/lib/libopenjp2.so.2.5.4
2b7bf549d000-2b7bf54a0000 r--p 00000000 3d8:ad14e 144134765124034036     /work2/11056/zwu/frontera/miniconda3/envs/libyt/lib/libz-ng.so.2.3.3
2b7bf54a0000-2b7bf54be000 r-xp 00003000 3d8:ad14e 144134765124034036     /work2/11056/zwu/frontera/miniconda3/envs/libyt/lib/libz-ng.so.2.3.3
2b7bf54be000-2b7bf54c8000 r--p 00021000 3d8:ad14e 144134765124034036     /work2/11056/zwu/frontera/miniconda3/envs/libyt/lib/libz-ng.so.2.3.3
2b7bf54c8000-2b7bf54c9000 r--p 0002a000 3d8:ad14e 144134765124034036     /work2/11056/zwu/frontera/miniconda3/envs/libyt/lib/libz-ng.so.2.3.3
2b7bf54c9000-2b7bf54ca000 rw-p 0002b000 3d8:ad14e 144134765124034036     /work2/11056/zwu/frontera/miniconda3/envs/libyt/lib/libz-ng.so.2.3.3
2b7bf54ca000-2b7bf54d8000 r--p 00000000 3d8:ad14e 144134765124032818     /work2/11056/zwu/frontera/miniconda3/envs/libyt/lib/libxcb.so.1.1.0
2b7bf54d8000-2b7bf54ec000 r-xp 0000e000 3d8:ad14e 144134765124032818     /work2/11056/zwu/frontera/miniconda3/envs/libyt/lib/libxcb.so.1.1.0
2b7bf54ec000-2b7bf54f5000 r--p 00022000 3d8:ad14e 144134765124032818     /work2/11056/zwu/frontera/miniconda3/envs/libyt/lib/libxcb.so.1.1.0
2b7bf54f5000-2b7bf54f6000 r--p 0002a000 3d8:ad14e 144134765124032818     /work2/11056/zwu/frontera/miniconda3/envs/libyt/lib/libxcb.so.1.1.0
2b7bf54f6000-2b7bf54f7000 rw-p 0002b000 3d8:ad14e 144134765124032818     /work2/11056/zwu/frontera/miniconda3/envs/libyt/lib/libxcb.so.1.1.0
2b7bf54f7000-2b7bf54fb000 r--p 00000000 3d8:ad14e 144131832282144317     /work2/11056/zwu/frontera/miniconda3/envs/libyt/lib/libwebp.so.7.2.0
2b7bf54fb000-2b7bf5596000 r-xp 00004000 3d8:ad14e 144131832282144317     /work2/11056/zwu/frontera/miniconda3/envs/libyt/lib/libwebp.so.7.2.0
2b7bf5596000-2b7bf55aa000 r--p 0009f000 3d8:ad14e 144131832282144317     /work2/11056/zwu/frontera/miniconda3/envs/libyt/lib/libwebp.so.7.2.0
2b7bf55aa000-2b7bf55ab000 r--p 000b2000 3d8:ad14e 144131832282144317     /work2/11056/zwu/frontera/miniconda3/envs/libyt/lib/libwebp.so.7.2.0
2b7bf55ab000-2b7bf55ac000 rw-p 000b3000 3d8:ad14e 144131832282144317     /work2/11056/zwu/frontera/miniconda3/envs/libyt/lib/libwebp.so.7.2.0
2b7bf55ac000-2b7bf55ad000 rw-p 00000000 00:00 0 
2b7bf55ad000-2b7bf55bb000 r--p 00000000 3d8:ad14e 144134765124010151     /work2/11056/zwu/frontera/miniconda3/envs/libyt/lib/libzstd.so.1.5.7
2b7bf55bb000-2b7bf56ae000 r-xp 0000e000 3d8:ad14e 144134765124010151     /work2/11056/zwu/frontera/miniconda3/envs/libyt/lib/libzstd.so.1.5.7
2b7bf56ae000-2b7bf56c4000 r--p 00101000 3d8:ad14e 144134765124010151     /work2/11056/zwu/frontera/miniconda3/envs/libyt/lib/libzstd.so.1.5.7
2b7bf56c4000-2b7bf56c5000 r--p 00117000 3d8:ad14e 144134765124010151     /work2/11056/zwu/frontera/miniconda3/envs/libyt/lib/libzstd.so.1.5.7
2b7bf56c5000-2b7bf56c6000 rw-p 00118000 3d8:ad14e 144134765124010151     /work2/11056/zwu/frontera/miniconda3/envs/libyt/lib/libzstd.so.1.5.7
2b7bf56c6000-2b7bf56d3000 r--p 00000000 3d8:ad14e 144134765124033483     /work2/11056/zwu/frontera/miniconda3/envs/libyt/lib/libLerc.so.4
2b7bf56d3000-2b7bf5788000 r-xp 0000d000 3d8:ad14e 144134765124033483     /work2/11056/zwu/frontera/miniconda3/envs/libyt/lib/libLerc.so.4
2b7bf5788000-2b7bf5793000 r--p 000c2000 3d8:ad14e 144134765124033483     /work2/11056/zwu/frontera/miniconda3/envs/libyt/lib/libLerc.so.4
2b7bf5793000-2b7bf5794000 r--p 000cc000 3d8:ad14e 144134765124033483     /work2/11056/zwu/frontera/miniconda3/envs/libyt/lib/libLerc.so.4
2b7bf5794000-2b7bf5795000 rw-p 000cd000 3d8:ad14e 144134765124033483     /work2/11056/zwu/frontera/miniconda3/envs/libyt/lib/libLerc.so.4
2b7bf5795000-2b7bf5796000 r--p 00000000 3d8:ad14e 144134765124034809     /work2/11056/zwu/frontera/miniconda3/envs/libyt/lib/libdeflate.so.0
2b7bf5796000-2b7bf57a7000 r-xp 00001000 3d8:ad14e 144134765124034809     /work2/11056/zwu/frontera/miniconda3/envs/libyt/lib/libdeflate.so.0
2b7bf57a7000-2b7bf57ac000 r--p 00012000 3d8:ad14e 144134765124034809     /work2/11056/zwu/frontera/miniconda3/envs/libyt/lib/libdeflate.so.0
2b7bf57ac000-2b7bf57ad000 r--p 00016000 3d8:ad14e 144134765124034809     /work2/11056/zwu/frontera/miniconda3/envs/libyt/lib/libdeflate.so.0
2b7bf57ad000-2b7bf57ae000 rw-p 00017000 3d8:ad14e 144134765124034809     /work2/11056/zwu/frontera/miniconda3/envs/libyt/lib/libdeflate.so.0
2b7bf57ae000-2b7bf57af000 r--p 00000000 3d8:ad14e 144134765124035399     /work2/11056/zwu/frontera/miniconda3/envs/libyt/lib/libXau.so.6.0.0
2b7bf57af000-2b7bf57b0000 r-xp 00001000 3d8:ad14e 144134765124035399     /work2/11056/zwu/frontera/miniconda3/envs/libyt/lib/libXau.so.6.0.0
2b7bf57b0000-2b7bf57b1000 r--p 00002000 3d8:ad14e 144134765124035399     /work2/11056/zwu/frontera/miniconda3/envs/libyt/lib/libXau.so.6.0.0
2b7bf57b1000-2b7bf57b2000 r--p 00002000 3d8:ad14e 144134765124035399     /work2/11056/zwu/frontera/miniconda3/envs/libyt/lib/libXau.so.6.0.0
2b7bf57b2000-2b7bf57b3000 rw-p 00003000 3d8:ad14e 144134765124035399     /work2/11056/zwu/frontera/miniconda3/envs/libyt/lib/libXau.so.6.0.0
2b7bf57b3000-2b7bf57b5000 r--p 00000000 3d8:ad14e 144134765124035348     /work2/11056/zwu/frontera/miniconda3/envs/libyt/lib/libXdmcp.so.6.0.0
2b7bf57b5000-2b7bf57b7000 r-xp 00002000 3d8:ad14e 144134765124035348     /work2/11056/zwu/frontera/miniconda3/envs/libyt/lib/libXdmcp.so.6.0.0
2b7bf57b7000-2b7bf57b9000 r--p 00004000 3d8:ad14e 144134765124035348     /work2/11056/zwu/frontera/miniconda3/envs/libyt/lib/libXdmcp.so.6.0.0
2b7bf57b9000-2b7bf57ba000 r--p 00005000 3d8:ad14e 144134765124035348     /work2/11056/zwu/frontera/miniconda3/envs/libyt/lib/libXdmcp.so.6.0.0
2b7bf57ba000-2b7bf57bb000 rw-p 00006000 3d8:ad14e 144134765124035348     /work2/11056/zwu/frontera/miniconda3/envs/libyt/lib/libXdmcp.so.6.0.0
2b7bf57bb000-2b7bf57bc000 r--p 00000000 3d8:ad14e 144131832282144283     /work2/11056/zwu/frontera/miniconda3/envs/libyt/lib/libsharpyuv.so.0.1.2
2b7bf57bc000-2b7bf57c4000 r-xp 00001000 3d8:ad14e 144131832282144283     /work2/11056/zwu/frontera/miniconda3/envs/libyt/lib/libsharpyuv.so.0.1.2
2b7bf57c4000-2b7bf57c5000 r--p 00009000 3d8:ad14e 144131832282144283     /work2/11056/zwu/frontera/miniconda3/envs/libyt/lib/libsharpyuv.so.0.1.2
2b7bf57c5000-2b7bf57c6000 r--p 00009000 3d8:ad14e 144131832282144283     /work2/11056/zwu/frontera/miniconda3/envs/libyt/lib/libsharpyuv.so.0.1.2
2b7bf57c6000-2b7bf57c7000 rw-p 0000a000 3d8:ad14e 144131832282144283     /work2/11056/zwu/frontera/miniconda3/envs/libyt/lib/libsharpyuv.so.0.1.2
2b7bf57c7000-2b7bf58c8000 rw-p 00000000 00:00 0 
2b7bf58c8000-2b7bf58cf000 r--p 00000000 3d8:ad14e 144134765124032264     /work2/11056/zwu/frontera/miniconda3/envs/libyt/lib/python3.13/site-packages/matplotlib/_path.cpython-313-x86_64-linux-gnu.so
2b7bf58cf000-2b7bf590e000 r-xp 00007000 3d8:ad14e 144134765124032264     /work2/11056/zwu/frontera/miniconda3/envs/libyt/lib/python3.13/site-packages/matplotlib/_path.cpython-313-x86_64-linux-gnu.so
2b7bf590e000-2b7bf591b000 r--p 00046000 3d8:ad14e 144134765124032264     /work2/11056/zwu/frontera/miniconda3/envs/libyt/lib/python3.13/site-packages/matplotlib/_path.cpython-313-x86_64-linux-gnu.so
2b7bf591b000-2b7bf591c000 r--p 00053000 3d8:ad14e 144134765124032264     /work2/11056/zwu/frontera/miniconda3/envs/libyt/lib/python3.13/site-packages/matplotlib/_path.cpython-313-x86_64-linux-gnu.so
2b7bf591c000-2b7bf591d000 rw-p 00054000 3d8:ad14e 144134765124032264     /work2/11056/zwu/frontera/miniconda3/envs/libyt/lib/python3.13/site-packages/matplotlib/_path.cpython-313-x86_64-linux-gnu.so
2b7bf591d000-2b7bf591e000 rw-p 00000000 00:00 0 
2b7bf591e000-2b7bf5925000 r--p 00000000 3d8:ad14e 144134765124033090     /work2/11056/zwu/frontera/miniconda3/envs/libyt/lib/python3.13/site-packages/matplotlib/_image.cpython-313-x86_64-linux-gnu.so
2b7bf5925000-2b7bf596d000 r-xp 00007000 3d8:ad14e 144134765124033090     /work2/11056/zwu/frontera/miniconda3/envs/libyt/lib/python3.13/site-packages/matplotlib/_image.cpython-313-x86_64-linux-gnu.so
2b7bf596d000-2b7bf5979000 r--p 0004f000 3d8:ad14e 144134765124033090     /work2/11056/zwu/frontera/miniconda3/envs/libyt/lib/python3.13/site-packages/matplotlib/_image.cpython-313-x86_64-linux-gnu.so
2b7bf5979000-2b7bf597a000 r--p 0005b000 3d8:ad14e 144134765124033090     /work2/11056/zwu/frontera/miniconda3/envs/libyt/lib/python3.13/site-packages/matplotlib/_image.cpython-313-x86_64-linux-gnu.so
2b7bf597a000-2b7bf597b000 rw-p 0005c000 3d8:ad14e 144134765124033090     /work2/11056/zwu/frontera/miniconda3/envs/libyt/lib/python3.13/site-packages/matplotlib/_image.cpython-313-x86_64-linux-gnu.so
2b7bf597b000-2b7bf5c7c000 rw-p 00000000 00:00 0 
2b7bf5c7c000-2b7bf5c86000 r--p 00000000 3d8:ad14e 144134765124031774     /work2/11056/zwu/frontera/miniconda3/envs/libyt/lib/python3.13/site-packages/matplotlib/ft2font.cpython-313-x86_64-linux-gnu.so
2b7bf5c86000-2b7bf5cd5000 r-xp 0000a000 3d8:ad14e 144134765124031774     /work2/11056/zwu/frontera/miniconda3/envs/libyt/lib/python3.13/site-packages/matplotlib/ft2font.cpython-313-x86_64-linux-gnu.so
2b7bf5cd5000-2b7bf5cec000 r--p 00059000 3d8:ad14e 144134765124031774     /work2/11056/zwu/frontera/miniconda3/envs/libyt/lib/python3.13/site-packages/matplotlib/ft2font.cpython-313-x86_64-linux-gnu.so
2b7bf5cec000-2b7bf5cee000 r--p 0006f000 3d8:ad14e 144134765124031774     /work2/11056/zwu/frontera/miniconda3/envs/libyt/lib/python3.13/site-packages/matplotlib/ft2font.cpython-313-x86_64-linux-gnu.so
2b7bf5cee000-2b7bf5cef000 rw-p 00071000 3d8:ad14e 144134765124031774     /work2/11056/zwu/frontera/miniconda3/envs/libyt/lib/python3.13/site-packages/matplotlib/ft2font.cpython-313-x86_64-linux-gnu.so
2b7bf5cef000-2b7bf5cfd000 r--p 00000000 3d8:ad14e 144134765124033074     /work2/11056/zwu/frontera/miniconda3/envs/libyt/lib/libfreetype.so.6.20.6
2b7bf5cfd000-2b7bf5d7f000 r-xp 0000e000 3d8:ad14e 144134765124033074     /work2/11056/zwu/frontera/miniconda3/envs/libyt/lib/libfreetype.so.6.20.6
2b7bf5d7f000-2b7bf5da9000 r--p 00090000 3d8:ad14e 144134765124033074     /work2/11056/zwu/frontera/miniconda3/envs/libyt/lib/libfreetype.so.6.20.6
2b7bf5da9000-2b7bf5db1000 r--p 000b9000 3d8:ad14e 144134765124033074     /work2/11056/zwu/frontera/miniconda3/envs/libyt/lib/libfreetype.so.6.20.6
2b7bf5db1000-2b7bf5db2000 rw-p 000c1000 3d8:ad14e 144134765124033074     /work2/11056/zwu/frontera/miniconda3/envs/libyt/lib/libfreetype.so.6.20.6
2b7bf5db2000-2b7bf5db9000 r--p 00000000 3d8:ad14e 144134765124033492     /work2/11056/zwu/frontera/miniconda3/envs/libyt/lib/libpng16.so.16.58.0
2b7bf5db9000-2b7bf5de4000 r-xp 00007000 3d8:ad14e 144134765124033492     /work2/11056/zwu/frontera/miniconda3/envs/libyt/lib/libpng16.so.16.58.0
2b7bf5de4000-2b7bf5def000 r--p 00032000 3d8:ad14e 144134765124033492     /work2/11056/zwu/frontera/miniconda3/envs/libyt/lib/libpng16.so.16.58.0
2b7bf5def000-2b7bf5df0000 r--p 0003d000 3d8:ad14e 144134765124033492     /work2/11056/zwu/frontera/miniconda3/envs/libyt/lib/libpng16.so.16.58.0
2b7bf5df0000-2b7bf5df1000 rw-p 0003e000 3d8:ad14e 144134765124033492     /work2/11056/zwu/frontera/miniconda3/envs/libyt/lib/libpng16.so.16.58.0
2b7bf5df1000-2b7bf5df7000 r--p 00000000 3d8:ad14e 144134765124034652     /work2/11056/zwu/frontera/miniconda3/envs/libyt/lib/python3.13/site-packages/kiwisolver/_cext.cpython-313-x86_64-linux-gnu.so
2b7bf5df7000-2b7bf5e11000 r-xp 00006000 3d8:ad14e 144134765124034652     /work2/11056/zwu/frontera/miniconda3/envs/libyt/lib/python3.13/site-packages/kiwisolver/_cext.cpython-313-x86_64-linux-gnu.so
2b7bf5e11000-2b7bf5e16000 r--p 00020000 3d8:ad14e 144134765124034652     /work2/11056/zwu/frontera/miniconda3/envs/libyt/lib/python3.13/site-packages/kiwisolver/_cext.cpython-313-x86_64-linux-gnu.so
2b7bf5e16000-2b7bf5e17000 r--p 00025000 3d8:ad14e 144134765124034652     /work2/11056/zwu/frontera/miniconda3/envs/libyt/lib/python3.13/site-packages/kiwisolver/_cext.cpython-313-x86_64-linux-gnu.so
2b7bf5e17000-2b7bf5e18000 rw-p 00026000 3d8:ad14e 144134765124034652     /work2/11056/zwu/frontera/miniconda3/envs/libyt/lib/python3.13/site-packages/kiwisolver/_cext.cpython-313-x86_64-linux-gnu.so
2b7bf5e18000-2b7bf6018000 rw-p 00000000 00:00 0 
2b7bf6018000-2b7bf6027000 r--p 00000000 3d8:ad14e 144134765124035596     /work2/11056/zwu/frontera/miniconda3/envs/libyt/lib/python3.13/site-packages/yt/geometry/selection_routines.cpython-313-x86_64-linux-gnu.so
2b7bf6027000-2b7bf60c5000 r-xp 0000f000 3d8:ad14e 144134765124035596     /work2/11056/zwu/frontera/miniconda3/envs/libyt/lib/python3.13/site-packages/yt/geometry/selection_routines.cpython-313-x86_64-linux-gnu.so
2b7bf60c5000-2b7bf60de000 r--p 000ad000 3d8:ad14e 144134765124035596     /work2/11056/zwu/frontera/miniconda3/envs/libyt/lib/python3.13/site-packages/yt/geometry/selection_routines.cpython-313-x86_64-linux-gnu.so
2b7bf60de000-2b7bf60e0000 r--p 000c6000 3d8:ad14e 144134765124035596     /work2/11056/zwu/frontera/miniconda3/envs/libyt/lib/python3.13/site-packages/yt/geometry/selection_routines.cpython-313-x86_64-linux-gnu.so
2b7bf60e0000-2b7bf60e8000 rw-p 000c8000 3d8:ad14e 144134765124035596     /work2/11056/zwu/frontera/miniconda3/envs/libyt/lib/python3.13/site-packages/yt/geometry/selection_routines.cpython-313-x86_64-linux-gnu.so
2b7bf60e8000-2b7bf60eb000 rw-p 00000000 00:00 0 
2b7bf60eb000-2b7bf60f4000 r--p 00000000 3d8:ad14e 144134765124035558     /work2/11056/zwu/frontera/miniconda3/envs/libyt/lib/python3.13/site-packages/yt/geometry/oct_visitors.cpython-313-x86_64-linux-gnu.so
2b7bf60f4000-2b7bf615e000 r-xp 00009000 3d8:ad14e 144134765124035558     /work2/11056/zwu/frontera/miniconda3/envs/libyt/lib/python3.13/site-packages/yt/geometry/oct_visitors.cpython-313-x86_64-linux-gnu.so
2b7bf615e000-2b7bf616d000 r--p 00073000 3d8:ad14e 144134765124035558     /work2/11056/zwu/frontera/miniconda3/envs/libyt/lib/python3.13/site-packages/yt/geometry/oct_visitors.cpython-313-x86_64-linux-gnu.so
2b7bf616d000-2b7bf616f000 r--p 00081000 3d8:ad14e 144134765124035558     /work2/11056/zwu/frontera/miniconda3/envs/libyt/lib/python3.13/site-packages/yt/geometry/oct_visitors.cpython-313-x86_64-linux-gnu.so
2b7bf616f000-2b7bf6175000 rw-p 00083000 3d8:ad14e 144134765124035558     /work2/11056/zwu/frontera/miniconda3/envs/libyt/lib/python3.13/site-packages/yt/geometry/oct_visitors.cpython-313-x86_64-linux-gnu.so
2b7bf6175000-2b7bf6176000 rw-p 00000000 00:00 0 
2b7bf6176000-2b7bf617d000 r--p 00000000 3d8:ad14e 144134765124036838     /work2/11056/zwu/frontera/miniconda3/envs/libyt/lib/python3.13/site-packages/yt/utilities/lib/allocation_container.cpython-313-x86_64-linux-gnu.so
2b7bf617d000-2b7bf619e000 r-xp 00007000 3d8:ad14e 144134765124036838     /work2/11056/zwu/frontera/miniconda3/envs/libyt/lib/python3.13/site-packages/yt/utilities/lib/allocation_container.cpython-313-x86_64-linux-gnu.so
2b7bf619e000-2b7bf61a6000 r--p 00028000 3d8:ad14e 144134765124036838     /work2/11056/zwu/frontera/miniconda3/envs/libyt/lib/python3.13/site-packages/yt/utilities/lib/allocation_container.cpython-313-x86_64-linux-gnu.so
2b7bf61a6000-2b7bf61a7000 r--p 0002f000 3d8:ad14e 144134765124036838     /work2/11056/zwu/frontera/miniconda3/envs/libyt/lib/python3.13/site-packages/yt/utilities/lib/allocation_container.cpython-313-x86_64-linux-gnu.so
2b7bf61a7000-2b7bf61a9000 rw-p 00030000 3d8:ad14e 144134765124036838     /work2/11056/zwu/frontera/miniconda3/envs/libyt/lib/python3.13/site-packages/yt/utilities/lib/allocation_container.cpython-313-x86_64-linux-gnu.so
2b7bf61a9000-2b7bf61aa000 rw-p 00000000 00:00 0 
2b7bf61aa000-2b7bf61b3000 r--p 00000000 3d8:ad14e 144134765124036537     /work2/11056/zwu/frontera/miniconda3/envs/libyt/lib/python3.13/site-packages/yt/geometry/oct_container.cpython-313-x86_64-linux-gnu.so
2b7bf61b3000-2b7bf6210000 r-xp 00009000 3d8:ad14e 144134765124036537     /work2/11056/zwu/frontera/miniconda3/envs/libyt/lib/python3.13/site-packages/yt/geometry/oct_container.cpython-313-x86_64-linux-gnu.so
2b7bf6210000-2b7bf621d000 r--p 00066000 3d8:ad14e 144134765124036537     /work2/11056/zwu/frontera/miniconda3/envs/libyt/lib/python3.13/site-packages/yt/geometry/oct_container.cpython-313-x86_64-linux-gnu.so
2b7bf621d000-2b7bf621f000 r--p 00072000 3d8:ad14e 144134765124036537     /work2/11056/zwu/frontera/miniconda3/envs/libyt/lib/python3.13/site-packages/yt/geometry/oct_container.cpython-313-x86_64-linux-gnu.so
2b7bf621f000-2b7bf6222000 rw-p 00074000 3d8:ad14e 144134765124036537     /work2/11056/zwu/frontera/miniconda3/envs/libyt/lib/python3.13/site-packages/yt/geometry/oct_container.cpython-313-x86_64-linux-gnu.so
2b7bf6222000-2b7bf6223000 rw-p 00000000 00:00 0 
2b7bf6223000-2b7bf6225000 r--p 00000000 3d8:ad14e 144134765124035953     /work2/11056/zwu/frontera/miniconda3/envs/libyt/lib/python3.13/site-packages/yt/geometry/grid_visitors.cpython-313-x86_64-linux-gnu.so
2b7bf6225000-2b7bf6227000 r-xp 00002000 3d8:ad14e 144134765124035953     /work2/11056/zwu/frontera/miniconda3/envs/libyt/lib/python3.13/site-packages/yt/geometry/grid_visitors.cpython-313-x86_64-linux-gnu.so
2b7bf6227000-2b7bf6228000 r--p 00004000 3d8:ad14e 144134765124035953     /work2/11056/zwu/frontera/miniconda3/envs/libyt/lib/python3.13/site-packages/yt/geometry/grid_visitors.cpython-313-x86_64-linux-gnu.so
2b7bf6228000-2b7bf6229000 r--p 00005000 3d8:ad14e 144134765124035953     /work2/11056/zwu/frontera/miniconda3/envs/libyt/lib/python3.13/site-packages/yt/geometry/grid_visitors.cpython-313-x86_64-linux-gnu.so
2b7bf6229000-2b7bf622a000 rw-p 00006000 3d8:ad14e 144134765124035953     /work2/11056/zwu/frontera/miniconda3/envs/libyt/lib/python3.13/site-packages/yt/geometry/grid_visitors.cpython-313-x86_64-linux-gnu.so
2b7bf622a000-2b7bf622f000 r--p 00000000 3d8:ad14e 144134765124036378     /work2/11056/zwu/frontera/miniconda3/envs/libyt/lib/python3.13/site-packages/yt/utilities/lib/bitarray.cpython-313-x86_64-linux-gnu.so
2b7bf622f000-2b7bf623e000 r-xp 00005000 3d8:ad14e 144134765124036378     /work2/11056/zwu/frontera/miniconda3/envs/libyt/lib/python3.13/site-packages/yt/utilities/lib/bitarray.cpython-313-x86_64-linux-gnu.so
2b7bf623e000-2b7bf6243000 r--p 00014000 3d8:ad14e 144134765124036378     /work2/11056/zwu/frontera/miniconda3/envs/libyt/lib/python3.13/site-packages/yt/utilities/lib/bitarray.cpython-313-x86_64-linux-gnu.so
2b7bf6243000-2b7bf6244000 r--p 00019000 3d8:ad14e 144134765124036378     /work2/11056/zwu/frontera/miniconda3/envs/libyt/lib/python3.13/site-packages/yt/utilities/lib/bitarray.cpython-313-x86_64-linux-gnu.so
2b7bf6244000-2b7bf6245000 rw-p 0001a000 3d8:ad14e 144134765124036378     /work2/11056/zwu/frontera/miniconda3/envs/libyt/lib/python3.13/site-packages/yt/utilities/lib/bitarray.cpython-313-x86_64-linux-gnu.so
2b7bf6245000-2b7bf6246000 rw-p 00000000 00:00 0 
2b7bf6246000-2b7bf624b000 r--p 00000000 3d8:ad14e 144134765124036200     /work2/11056/zwu/frontera/miniconda3/envs/libyt/lib/python3.13/site-packages/yt/utilities/lib/partitioned_grid.cpython-313-x86_64-linux-gnu.so
2b7bf624b000-2b7bf6258000 r-xp 00005000 3d8:ad14e 144134765124036200     /work2/11056/zwu/frontera/miniconda3/envs/libyt/lib/python3.13/site-packages/yt/utilities/lib/partitioned_grid.cpython-313-x86_64-linux-gnu.so
2b7bf6258000-2b7bf625c000 r--p 00012000 3d8:ad14e 144134765124036200     /work2/11056/zwu/frontera/miniconda3/envs/libyt/lib/python3.13/site-packages/yt/utilities/lib/partitioned_grid.cpython-313-x86_64-linux-gnu.so
2b7bf625c000-2b7bf625d000 r--p 00016000 3d8:ad14e 144134765124036200     /work2/11056/zwu/frontera/miniconda3/envs/libyt/lib/python3.13/site-packages/yt/utilities/lib/partitioned_grid.cpython-313-x86_64-linux-gnu.so
2b7bf625d000-2b7bf625e000 rw-p 00017000 3d8:ad14e 144134765124036200     /work2/11056/zwu/frontera/miniconda3/envs/libyt/lib/python3.13/site-packages/yt/utilities/lib/partitioned_grid.cpython-313-x86_64-linux-gnu.so
2b7bf625e000-2b7bf6267000 r--p 00000000 3d8:ad14e 144134765124036460     /work2/11056/zwu/frontera/miniconda3/envs/libyt/lib/python3.13/site-packages/yt/utilities/lib/image_samplers.cpython-313-x86_64-linux-gnu.so
2b7bf6267000-2b7bf629f000 r-xp 00009000 3d8:ad14e 144134765124036460     /work2/11056/zwu/frontera/miniconda3/envs/libyt/lib/python3.13/site-packages/yt/utilities/lib/image_samplers.cpython-313-x86_64-linux-gnu.so
2b7bf629f000-2b7bf62aa000 r--p 00041000 3d8:ad14e 144134765124036460     /work2/11056/zwu/frontera/miniconda3/envs/libyt/lib/python3.13/site-packages/yt/utilities/lib/image_samplers.cpython-313-x86_64-linux-gnu.so
2b7bf62aa000-2b7bf62ac000 r--p 0004b000 3d8:ad14e 144134765124036460     /work2/11056/zwu/frontera/miniconda3/envs/libyt/lib/python3.13/site-packages/yt/utilities/lib/image_samplers.cpython-313-x86_64-linux-gnu.so
2b7bf62ac000-2b7bf62af000 rw-p 0004d000 3d8:ad14e 144134765124036460     /work2/11056/zwu/frontera/miniconda3/envs/libyt/lib/python3.13/site-packages/yt/utilities/lib/image_samplers.cpython-313-x86_64-linux-gnu.so
2b7bf62af000-2b7bf62b0000 rw-p 00000000 00:00 0 
2b7bf62b0000-2b7bf62bd000 r--p 00000000 3d8:ad14e 144134765124010023     /work2/11056/zwu/frontera/miniconda3/envs/libyt/lib/libgomp.so.1.0.0
2b7bf62bd000-2b7bf62f6000 r-xp 0000d000 3d8:ad14e 144134765124010023     /work2/11056/zwu/frontera/miniconda3/envs/libyt/lib/libgomp.so.1.0.0
2b7bf62f6000-2b7bf6304000 r--p 00046000 3d8:ad14e 144134765124010023     /work2/11056/zwu/frontera/miniconda3/envs/libyt/lib/libgomp.so.1.0.0
2b7bf6304000-2b7bf6305000 r--p 00054000 3d8:ad14e 144134765124010023     /work2/11056/zwu/frontera/miniconda3/envs/libyt/lib/libgomp.so.1.0.0
2b7bf6305000-2b7bf6306000 rw-p 00055000 3d8:ad14e 144134765124010023     /work2/11056/zwu/frontera/miniconda3/envs/libyt/lib/libgomp.so.1.0.0
2b7bf6306000-2b7bf630c000 r--p 00000000 3d8:ad14e 144134765124035940     /work2/11056/zwu/frontera/miniconda3/envs/libyt/lib/python3.13/site-packages/yt/utilities/lib/_octree_raytracing.cpython-313-x86_64-linux-gnu.so
2b7bf630c000-2b7bf6329000 r-xp 00006000 3d8:ad14e 144134765124035940     /work2/11056/zwu/frontera/miniconda3/envs/libyt/lib/python3.13/site-packages/yt/utilities/lib/_octree_raytracing.cpython-313-x86_64-linux-gnu.so
2b7bf6329000-2b7bf6330000 r--p 00023000 3d8:ad14e 144134765124035940     /work2/11056/zwu/frontera/miniconda3/envs/libyt/lib/python3.13/site-packages/yt/utilities/lib/_octree_raytracing.cpython-313-x86_64-linux-gnu.so
2b7bf6330000-2b7bf6331000 r--p 0002a000 3d8:ad14e 144134765124035940     /work2/11056/zwu/frontera/miniconda3/envs/libyt/lib/python3.13/site-packages/yt/utilities/lib/_octree_raytracing.cpython-313-x86_64-linux-gnu.so
2b7bf6331000-2b7bf6333000 rw-p 0002b000 3d8:ad14e 144134765124035940     /work2/11056/zwu/frontera/miniconda3/envs/libyt/lib/python3.13/site-packages/yt/utilities/lib/_octree_raytracing.cpython-313-x86_64-linux-gnu.so
2b7bf6333000-2b7bf6339000 r--p 00000000 3d8:ad14e 144134765124035605     /work2/11056/zwu/frontera/miniconda3/envs/libyt/lib/python3.13/site-packages/yt/utilities/lib/lenses.cpython-313-x86_64-linux-gnu.so
2b7bf6339000-2b7bf6353000 r-xp 00006000 3d8:ad14e 144134765124035605     /work2/11056/zwu/frontera/miniconda3/envs/libyt/lib/python3.13/site-packages/yt/utilities/lib/lenses.cpython-313-x86_64-linux-gnu.so
2b7bf6353000-2b7bf6358000 r--p 00020000 3d8:ad14e 144134765124035605     /work2/11056/zwu/frontera/miniconda3/envs/libyt/lib/python3.13/site-packages/yt/utilities/lib/lenses.cpython-313-x86_64-linux-gnu.so
2b7bf6358000-2b7bf6359000 r--p 00025000 3d8:ad14e 144134765124035605     /work2/11056/zwu/frontera/miniconda3/envs/libyt/lib/python3.13/site-packages/yt/utilities/lib/lenses.cpython-313-x86_64-linux-gnu.so
2b7bf6359000-2b7bf635a000 rw-p 00026000 3d8:ad14e 144134765124035605     /work2/11056/zwu/frontera/miniconda3/envs/libyt/lib/python3.13/site-packages/yt/utilities/lib/lenses.cpython-313-x86_64-linux-gnu.so
2b7bf635a000-2b7bf635b000 rw-p 00000000 00:00 0 
2b7bf635b000-2b7bf6362000 r--p 00000000 3d8:ad14e 144134765124035462     /work2/11056/zwu/frontera/miniconda3/envs/libyt/lib/python3.13/site-packages/yt/utilities/lib/grid_traversal.cpython-313-x86_64-linux-gnu.so
2b7bf6362000-2b7bf6387000 r-xp 00007000 3d8:ad14e 144134765124035462     /work2/11056/zwu/frontera/miniconda3/envs/libyt/lib/python3.13/site-packages/yt/utilities/lib/grid_traversal.cpython-313-x86_64-linux-gnu.so
2b7bf6387000-2b7bf638f000 r--p 0002c000 3d8:ad14e 144134765124035462     /work2/11056/zwu/frontera/miniconda3/envs/libyt/lib/python3.13/site-packages/yt/utilities/lib/grid_traversal.cpython-313-x86_64-linux-gnu.so
2b7bf638f000-2b7bf6390000 r--p 00033000 3d8:ad14e 144134765124035462     /work2/11056/zwu/frontera/miniconda3/envs/libyt/lib/python3.13/site-packages/yt/utilities/lib/grid_traversal.cpython-313-x86_64-linux-gnu.so
2b7bf6390000-2b7bf6392000 rw-p 00034000 3d8:ad14e 144134765124035462     /work2/11056/zwu/frontera/miniconda3/envs/libyt/lib/python3.13/site-packages/yt/utilities/lib/grid_traversal.cpython-313-x86_64-linux-gnu.so
2b7bf6392000-2b7bf6398000 r--p 00000000 3d8:ad14e 144134765124036044     /work2/11056/zwu/frontera/miniconda3/envs/libyt/lib/python3.13/site-packages/yt/utilities/lib/fnv_hash.cpython-313-x86_64-linux-gnu.so
2b7bf6398000-2b7bf63b4000 r-xp 00006000 3d8:ad14e 144134765124036044     /work2/11056/zwu/frontera/miniconda3/envs/libyt/lib/python3.13/site-packages/yt/utilities/lib/fnv_hash.cpython-313-x86_64-linux-gnu.so
2b7bf63b4000-2b7bf63bb000 r--p 00022000 3d8:ad14e 144134765124036044     /work2/11056/zwu/frontera/miniconda3/envs/libyt/lib/python3.13/site-packages/yt/utilities/lib/fnv_hash.cpython-313-x86_64-linux-gnu.so
2b7bf63bb000-2b7bf63bc000 r--p 00028000 3d8:ad14e 144134765124036044     /work2/11056/zwu/frontera/miniconda3/envs/libyt/lib/python3.13/site-packages/yt/utilities/lib/fnv_hash.cpython-313-x86_64-linux-gnu.so
2b7bf63bc000-2b7bf63be000 rw-p 00029000 3d8:ad14e 144134765124036044     /work2/11056/zwu/frontera/miniconda3/envs/libyt/lib/python3.13/site-packages/yt/utilities/lib/fnv_hash.cpython-313-x86_64-linux-gnu.so
2b7bf63be000-2b7bf63c7000 r--p 00000000 3d8:ad14e 144134765124036525     /work2/11056/zwu/frontera/miniconda3/envs/libyt/lib/python3.13/site-packages/yt/utilities/lib/misc_utilities.cpython-313-x86_64-linux-gnu.so
2b7bf63c7000-2b7bf6427000 r-xp 00009000 3d8:ad14e 144134765124036525     /work2/11056/zwu/frontera/miniconda3/envs/libyt/lib/python3.13/site-packages/yt/utilities/lib/misc_utilities.cpython-313-x86_64-linux-gnu.so
2b7bf6427000-2b7bf6432000 r--p 00069000 3d8:ad14e 144134765124036525     /work2/11056/zwu/frontera/miniconda3/envs/libyt/lib/python3.13/site-packages/yt/utilities/lib/misc_utilities.cpython-313-x86_64-linux-gnu.so
2b7bf6432000-2b7bf6434000 r--p 00073000 3d8:ad14e 144134765124036525     /work2/11056/zwu/frontera/miniconda3/envs/libyt/lib/python3.13/site-packages/yt/utilities/lib/misc_utilities.cpython-313-x86_64-linux-gnu.so
2b7bf6434000-2b7bf6436000 rw-p 00075000 3d8:ad14e 144134765124036525     /work2/11056/zwu/frontera/miniconda3/envs/libyt/lib/python3.13/site-packages/yt/utilities/lib/misc_utilities.cpython-313-x86_64-linux-gnu.so
2b7bf6436000-2b7bf6438000 rw-p 00000000 00:00 0 
2b7bf6438000-2b7bf643f000 r--p 00000000 3d8:ad14e 144134765124035740     /work2/11056/zwu/frontera/miniconda3/envs/libyt/lib/python3.13/site-packages/yt/utilities/lib/particle_mesh_operations.cpython-313-x86_64-linux-gnu.so
2b7bf643f000-2b7bf646f000 r-xp 00007000 3d8:ad14e 144134765124035740     /work2/11056/zwu/frontera/miniconda3/envs/libyt/lib/python3.13/site-packages/yt/utilities/lib/particle_mesh_operations.cpython-313-x86_64-linux-gnu.so
2b7bf646f000-2b7bf6477000 r--p 00037000 3d8:ad14e 144134765124035740     /work2/11056/zwu/frontera/miniconda3/envs/libyt/lib/python3.13/site-packages/yt/utilities/lib/particle_mesh_operations.cpython-313-x86_64-linux-gnu.so
2b7bf6477000-2b7bf6478000 r--p 0003f000 3d8:ad14e 144134765124035740     /work2/11056/zwu/frontera/miniconda3/envs/libyt/lib/python3.13/site-packages/yt/utilities/lib/particle_mesh_operations.cpython-313-x86_64-linux-gnu.so
2b7bf6478000-2b7bf647a000 rw-p 00040000 3d8:ad14e 144134765124035740     /work2/11056/zwu/frontera/miniconda3/envs/libyt/lib/python3.13/site-packages/yt/utilities/lib/particle_mesh_operations.cpython-313-x86_64-linux-gnu.so
2b7bf647a000-2b7bf647b000 rw-p 00000000 00:00 0 
2b7bf647b000-2b7bf6482000 r--p 00000000 3d8:ad14e 144134765124036749     /work2/11056/zwu/frontera/miniconda3/envs/libyt/lib/python3.13/site-packages/yt/utilities/lib/image_utilities.cpython-313-x86_64-linux-gnu.so
2b7bf6482000-2b7bf64b1000 r-xp 00007000 3d8:ad14e 144134765124036749     /work2/11056/zwu/frontera/miniconda3/envs/libyt/lib/python3.13/site-packages/yt/utilities/lib/image_utilities.cpython-313-x86_64-linux-gnu.so
2b7bf64b1000-2b7bf64b9000 r--p 00036000 3d8:ad14e 144134765124036749     /work2/11056/zwu/frontera/miniconda3/envs/libyt/lib/python3.13/site-packages/yt/utilities/lib/image_utilities.cpython-313-x86_64-linux-gnu.so
2b7bf64b9000-2b7bf64ba000 r--p 0003e000 3d8:ad14e 144134765124036749     /work2/11056/zwu/frontera/miniconda3/envs/libyt/lib/python3.13/site-packages/yt/utilities/lib/image_utilities.cpython-313-x86_64-linux-gnu.so
2b7bf64ba000-2b7bf64bc000 rw-p 0003f000 3d8:ad14e 144134765124036749     /work2/11056/zwu/frontera/miniconda3/envs/libyt/lib/python3.13/site-packages/yt/utilities/lib/image_utilities.cpython-313-x86_64-linux-gnu.so
2b7bf64bc000-2b7bf65bc000 rw-p 00000000 00:00 0 
2b7bf65bc000-2b7bf65c1000 r--p 00000000 3d8:ad14e 144134765124011883     /work2/11056/zwu/frontera/miniconda3/envs/libyt/lib/python3.13/lib-dynload/_socket.cpython-313-x86_64-linux-gnu.so
2b7bf65c1000-2b7bf65ca000 r-xp 00005000 3d8:ad14e 144134765124011883     /work2/11056/zwu/frontera/miniconda3/envs/libyt/lib/python3.13/lib-dynload/_socket.cpython-313-x86_64-linux-gnu.so
2b7bf65ca000-2b7bf65d3000 r--p 0000e000 3d8:ad14e 144134765124011883     /work2/11056/zwu/frontera/miniconda3/envs/libyt/lib/python3.13/lib-dynload/_socket.cpython-313-x86_64-linux-gnu.so
2b7bf65d3000-2b7bf65d4000 r--p 00016000 3d8:ad14e 144134765124011883     /work2/11056/zwu/frontera/miniconda3/envs/libyt/lib/python3.13/lib-dynload/_socket.cpython-313-x86_64-linux-gnu.so
2b7bf65d4000-2b7bf65d5000 rw-p 00017000 3d8:ad14e 144134765124011883     /work2/11056/zwu/frontera/miniconda3/envs/libyt/lib/python3.13/lib-dynload/_socket.cpython-313-x86_64-linux-gnu.so
2b7bf65d5000-2b7bf65da000 r--p 00000000 3d8:ad14e 144134765124013545     /work2/11056/zwu/frontera/miniconda3/envs/libyt/lib/python3.13/lib-dynload/pyexpat.cpython-313-x86_64-linux-gnu.so
2b7bf65da000-2b7bf65df000 r-xp 00005000 3d8:ad14e 144134765124013545     /work2/11056/zwu/frontera/miniconda3/envs/libyt/lib/python3.13/lib-dynload/pyexpat.cpython-313-x86_64-linux-gnu.so
2b7bf65df000-2b7bf65e3000 r--p 0000a000 3d8:ad14e 144134765124013545     /work2/11056/zwu/frontera/miniconda3/envs/libyt/lib/python3.13/lib-dynload/pyexpat.cpython-313-x86_64-linux-gnu.so
2b7bf65e3000-2b7bf65e4000 r--p 0000e000 3d8:ad14e 144134765124013545     /work2/11056/zwu/frontera/miniconda3/envs/libyt/lib/python3.13/lib-dynload/pyexpat.cpython-313-x86_64-linux-gnu.so
2b7bf65e4000-2b7bf65e6000 rw-p 0000f000 3d8:ad14e 144134765124013545     /work2/11056/zwu/frontera/miniconda3/envs/libyt/lib/python3.13/lib-dynload/pyexpat.cpython-313-x86_64-linux-gnu.so
2b7bf65e6000-2b7bf65ea000 r--p 00000000 3d8:ad14e 144134765124010281     /work2/11056/zwu/frontera/miniconda3/envs/libyt/lib/libexpat.so.1.11.3
2b7bf65ea000-2b7bf6607000 r-xp 00004000 3d8:ad14e 144134765124010281     /work2/11056/zwu/frontera/miniconda3/envs/libyt/lib/libexpat.so.1.11.3
2b7bf6607000-2b7bf660f000 r--p 00021000 3d8:ad14e 144134765124010281     /work2/11056/zwu/frontera/miniconda3/envs/libyt/lib/libexpat.so.1.11.3
2b7bf660f000-2b7bf6611000 r--p 00029000 3d8:ad14e 144134765124010281     /work2/11056/zwu/frontera/miniconda3/envs/libyt/lib/libexpat.so.1.11.3
2b7bf6611000-2b7bf6612000 rw-p 0002b000 3d8:ad14e 144134765124010281     /work2/11056/zwu/frontera/miniconda3/envs/libyt/lib/libexpat.so.1.11.3
2b7bf6612000-2b7bf6d12000 rw-p 00000000 00:00 0 
2b7bf6d12000-2b7bf6d17000 r--p 00000000 3d8:ad14e 144134765124036458     /work2/11056/zwu/frontera/miniconda3/envs/libyt/lib/python3.13/site-packages/yt/utilities/lib/quad_tree.cpython-313-x86_64-linux-gnu.so
2b7bf6d17000-2b7bf6d30000 r-xp 00005000 3d8:ad14e 144134765124036458     /work2/11056/zwu/frontera/miniconda3/envs/libyt/lib/python3.13/site-packages/yt/utilities/lib/quad_tree.cpython-313-x86_64-linux-gnu.so
2b7bf6d30000-2b7bf6d35000 r--p 0001e000 3d8:ad14e 144134765124036458     /work2/11056/zwu/frontera/miniconda3/envs/libyt/lib/python3.13/site-packages/yt/utilities/lib/quad_tree.cpython-313-x86_64-linux-gnu.so
2b7bf6d35000-2b7bf6d36000 r--p 00023000 3d8:ad14e 144134765124036458     /work2/11056/zwu/frontera/miniconda3/envs/libyt/lib/python3.13/site-packages/yt/utilities/lib/quad_tree.cpython-313-x86_64-linux-gnu.so
2b7bf6d36000-2b7bf6d37000 rw-p 00024000 3d8:ad14e 144134765124036458     /work2/11056/zwu/frontera/miniconda3/envs/libyt/lib/python3.13/site-packages/yt/utilities/lib/quad_tree.cpython-313-x86_64-linux-gnu.so
2b7bf6d37000-2b7bf6d38000 rw-p 00000000 00:00 0 
2b7bf6d38000-2b7bf6d40000 r--p 00000000 3d8:ad14e 144134765124034768     /work2/11056/zwu/frontera/miniconda3/envs/libyt/lib/python3.13/site-packages/yt/geometry/grid_container.cpython-313-x86_64-linux-gnu.so
2b7bf6d40000-2b7bf6d76000 r-xp 00008000 3d8:ad14e 144134765124034768     /work2/11056/zwu/frontera/miniconda3/envs/libyt/lib/python3.13/site-packages/yt/geometry/grid_container.cpython-313-x86_64-linux-gnu.so
2b7bf6d76000-2b7bf6d80000 r--p 0003e000 3d8:ad14e 144134765124034768     /work2/11056/zwu/frontera/miniconda3/envs/libyt/lib/python3.13/site-packages/yt/geometry/grid_container.cpython-313-x86_64-linux-gnu.so
2b7bf6d80000-2b7bf6d82000 r--p 00047000 3d8:ad14e 144134765124034768     /work2/11056/zwu/frontera/miniconda3/envs/libyt/lib/python3.13/site-packages/yt/geometry/grid_container.cpython-313-x86_64-linux-gnu.so
2b7bf6d82000-2b7bf6d85000 rw-p 00049000 3d8:ad14e 144134765124034768     /work2/11056/zwu/frontera/miniconda3/envs/libyt/lib/python3.13/site-packages/yt/geometry/grid_container.cpython-313-x86_64-linux-gnu.so
2b7bf6d85000-2b7bf6d86000 rw-p 00000000 00:00 0 
2b7bf6d86000-2b7bf6d8e000 r--p 00000000 3d8:ad14e 144134765124035387     /work2/11056/zwu/frontera/miniconda3/envs/libyt/lib/python3.13/site-packages/yt/utilities/lib/amr_kdtools.cpython-313-x86_64-linux-gnu.so
2b7bf6d8e000-2b7bf6dd8000 r-xp 00008000 3d8:ad14e 144134765124035387     /work2/11056/zwu/frontera/miniconda3/envs/libyt/lib/python3.13/site-packages/yt/utilities/lib/amr_kdtools.cpython-313-x86_64-linux-gnu.so
2b7bf6dd8000-2b7bf6de3000 r--p 00052000 3d8:ad14e 144134765124035387     /work2/11056/zwu/frontera/miniconda3/envs/libyt/lib/python3.13/site-packages/yt/utilities/lib/amr_kdtools.cpython-313-x86_64-linux-gnu.so
2b7bf6de3000-2b7bf6de4000 r--p 0005d000 3d8:ad14e 144134765124035387     /work2/11056/zwu/frontera/miniconda3/envs/libyt/lib/python3.13/site-packages/yt/utilities/lib/amr_kdtools.cpython-313-x86_64-linux-gnu.so
2b7bf6de4000-2b7bf6de7000 rw-p 0005e000 3d8:ad14e 144134765124035387     /work2/11056/zwu/frontera/miniconda3/envs/libyt/lib/python3.13/site-packages/yt/utilities/lib/amr_kdtools.cpython-313-x86_64-linux-gnu.so
2b7bf6de7000-2b7bf6ee8000 rw-p 00000000 00:00 0 
2b7bf6ee8000-2b7bf6eec000 r--p 00000000 3d8:ad14e 144134765124035190     /work2/11056/zwu/frontera/miniconda3/envs/libyt/lib/python3.13/site-packages/yt/utilities/lib/marching_cubes.cpython-313-x86_64-linux-gnu.so
2b7bf6eec000-2b7bf6efa000 r-xp 00004000 3d8:ad14e 144134765124035190     /work2/11056/zwu/frontera/miniconda3/envs/libyt/lib/python3.13/site-packages/yt/utilities/lib/marching_cubes.cpython-313-x86_64-linux-gnu.so
2b7bf6efa000-2b7bf6efe000 r--p 00012000 3d8:ad14e 144134765124035190     /work2/11056/zwu/frontera/miniconda3/envs/libyt/lib/python3.13/site-packages/yt/utilities/lib/marching_cubes.cpython-313-x86_64-linux-gnu.so
2b7bf6efe000-2b7bf6eff000 r--p 00015000 3d8:ad14e 144134765124035190     /work2/11056/zwu/frontera/miniconda3/envs/libyt/lib/python3.13/site-packages/yt/utilities/lib/marching_cubes.cpython-313-x86_64-linux-gnu.so
2b7bf6eff000-2b7bf6f04000 rw-p 00016000 3d8:ad14e 144134765124035190     /work2/11056/zwu/frontera/miniconda3/envs/libyt/lib/python3.13/site-packages/yt/utilities/lib/marching_cubes.cpython-313-x86_64-linux-gnu.so
2b7bf6f04000-2b7bf6f0d000 r--p 00000000 3d8:ad14e 144134765124035333     /work2/11056/zwu/frontera/miniconda3/envs/libyt/lib/python3.13/site-packages/yt/geometry/particle_deposit.cpython-313-x86_64-linux-gnu.so
2b7bf6f0d000-2b7bf6f4c000 r-xp 00009000 3d8:ad14e 144134765124035333     /work2/11056/zwu/frontera/miniconda3/envs/libyt/lib/python3.13/site-packages/yt/geometry/particle_deposit.cpython-313-x86_64-linux-gnu.so
2b7bf6f4c000-2b7bf6f58000 r--p 00048000 3d8:ad14e 144134765124035333     /work2/11056/zwu/frontera/miniconda3/envs/libyt/lib/python3.13/site-packages/yt/geometry/particle_deposit.cpython-313-x86_64-linux-gnu.so
2b7bf6f58000-2b7bf6f5a000 r--p 00053000 3d8:ad14e 144134765124035333     /work2/11056/zwu/frontera/miniconda3/envs/libyt/lib/python3.13/site-packages/yt/geometry/particle_deposit.cpython-313-x86_64-linux-gnu.so
2b7bf6f5a000-2b7bf6f5e000 rw-p 00055000 3d8:ad14e 144134765124035333     /work2/11056/zwu/frontera/miniconda3/envs/libyt/lib/python3.13/site-packages/yt/geometry/particle_deposit.cpython-313-x86_64-linux-gnu.so
2b7bf6f5e000-2b7bf6f5f000 rw-p 00000000 00:00 0 
2b7bf6f5f000-2b7bf6f63000 r--p 00000000 3d8:ad14e 144134765124034726     /work2/11056/zwu/frontera/miniconda3/envs/libyt/lib/python3.13/site-packages/yt/utilities/lib/interpolators.cpython-313-x86_64-linux-gnu.so
2b7bf6f63000-2b7bf6f77000 r-xp 00004000 3d8:ad14e 144134765124034726     /work2/11056/zwu/frontera/miniconda3/envs/libyt/lib/python3.13/site-packages/yt/utilities/lib/interpolators.cpython-313-x86_64-linux-gnu.so
2b7bf6f77000-2b7bf6f7b000 r--p 00018000 3d8:ad14e 144134765124034726     /work2/11056/zwu/frontera/miniconda3/envs/libyt/lib/python3.13/site-packages/yt/utilities/lib/interpolators.cpython-313-x86_64-linux-gnu.so
2b7bf6f7b000-2b7bf6f7c000 r--p 0001b000 3d8:ad14e 144134765124034726     /work2/11056/zwu/frontera/miniconda3/envs/libyt/lib/python3.13/site-packages/yt/utilities/lib/interpolators.cpython-313-x86_64-linux-gnu.so
2b7bf6f7c000-2b7bf6f7d000 rw-p 0001c000 3d8:ad14e 144134765124034726     /work2/11056/zwu/frontera/miniconda3/envs/libyt/lib/python3.13/site-packages/yt/utilities/lib/interpolators.cpython-313-x86_64-linux-gnu.so
2b7bf6f7d000-2b7bf6f83000 r--p 00000000 3d8:ad14e 144134765124036547     /work2/11056/zwu/frontera/miniconda3/envs/libyt/lib/python3.13/site-packages/yt/utilities/lib/mesh_utilities.cpython-313-x86_64-linux-gnu.so
2b7bf6f83000-2b7bf6fa4000 r-xp 00006000 3d8:ad14e 144134765124036547     /work2/11056/zwu/frontera/miniconda3/envs/libyt/lib/python3.13/site-packages/yt/utilities/lib/mesh_utilities.cpython-313-x86_64-linux-gnu.so
2b7bf6fa4000-2b7bf6fab000 r--p 00027000 3d8:ad14e 144134765124036547     /work2/11056/zwu/frontera/miniconda3/envs/libyt/lib/python3.13/site-packages/yt/utilities/lib/mesh_utilities.cpython-313-x86_64-linux-gnu.so
2b7bf6fab000-2b7bf6fac000 r--p 0002e000 3d8:ad14e 144134765124036547     /work2/11056/zwu/frontera/miniconda3/envs/libyt/lib/python3.13/site-packages/yt/utilities/lib/mesh_utilities.cpython-313-x86_64-linux-gnu.so
2b7bf6fac000-2b7bf6fae000 rw-p 0002f000 3d8:ad14e 144134765124036547     /work2/11056/zwu/frontera/miniconda3/envs/libyt/lib/python3.13/site-packages/yt/utilities/lib/mesh_utilities.cpython-313-x86_64-linux-gnu.so
2b7bf6fae000-2b7bf6fb6000 r--p 00000000 3d8:ad14e 144134765124035212     /work2/11056/zwu/frontera/miniconda3/envs/libyt/lib/python3.13/site-packages/yt/geometry/particle_smooth.cpython-313-x86_64-linux-gnu.so
2b7bf6fb6000-2b7bf6ff4000 r-xp 00008000 3d8:ad14e 144134765124035212     /work2/11056/zwu/frontera/miniconda3/envs/libyt/lib/python3.13/site-packages/yt/geometry/particle_smooth.cpython-313-x86_64-linux-gnu.so
2b7bf6ff4000-2b7bf6ffe000 r--p 00046000 3d8:ad14e 144134765124035212     /work2/11056/zwu/frontera/miniconda3/envs/libyt/lib/python3.13/site-packages/yt/geometry/particle_smooth.cpython-313-x86_64-linux-gnu.so
2b7bf6ffe000-2b7bf7000000 r--p 0004f000 3d8:ad14e 144134765124035212     /work2/11056/zwu/frontera/miniconda3/envs/libyt/lib/python3.13/site-packages/yt/geometry/particle_smooth.cpython-313-x86_64-linux-gnu.so
2b7bf7000000-2b7bf7003000 rw-p 00051000 3d8:ad14e 144134765124035212     /work2/11056/zwu/frontera/miniconda3/envs/libyt/lib/python3.13/site-packages/yt/geometry/particle_smooth.cpython-313-x86_64-linux-gnu.so
2b7bf7003000-2b7bf7004000 rw-p 00000000 00:00 0 
2b7bf7004000-2b7bf700a000 r--p 00000000 3d8:ad14e 144134765124036355     /work2/11056/zwu/frontera/miniconda3/envs/libyt/lib/python3.13/site-packages/yt/utilities/lib/distance_queue.cpython-313-x86_64-linux-gnu.so
2b7bf700a000-2b7bf7029000 r-xp 00006000 3d8:ad14e 144134765124036355     /work2/11056/zwu/frontera/miniconda3/envs/libyt/lib/python3.13/site-packages/yt/utilities/lib/distance_queue.cpython-313-x86_64-linux-gnu.so
2b7bf7029000-2b7bf7031000 r--p 00025000 3d8:ad14e 144134765124036355     /work2/11056/zwu/frontera/miniconda3/envs/libyt/lib/python3.13/site-packages/yt/utilities/lib/distance_queue.cpython-313-x86_64-linux-gnu.so
2b7bf7031000-2b7bf7032000 r--p 0002c000 3d8:ad14e 144134765124036355     /work2/11056/zwu/frontera/miniconda3/envs/libyt/lib/python3.13/site-packages/yt/utilities/lib/distance_queue.cpython-313-x86_64-linux-gnu.so
2b7bf7032000-2b7bf7034000 rw-p 0002d000 3d8:ad14e 144134765124036355     /work2/11056/zwu/frontera/miniconda3/envs/libyt/lib/python3.13/site-packages/yt/utilities/lib/distance_queue.cpython-313-x86_64-linux-gnu.so
2b7bf7034000-2b7bf7035000 rw-p 00000000 00:00 0 
2b7bf7035000-2b7bf7041000 r--p 00000000 3d8:ad14e 144134765124036623     /work2/11056/zwu/frontera/miniconda3/envs/libyt/lib/python3.13/site-packages/yt/geometry/particle_oct_container.cpython-313-x86_64-linux-gnu.so
2b7bf7041000-2b7bf70dc000 r-xp 0000c000 3d8:ad14e 144134765124036623     /work2/11056/zwu/frontera/miniconda3/envs/libyt/lib/python3.13/site-packages/yt/geometry/particle_oct_container.cpython-313-x86_64-linux-gnu.so
2b7bf70dc000-2b7bf70f0000 r--p 000a7000 3d8:ad14e 144134765124036623     /work2/11056/zwu/frontera/miniconda3/envs/libyt/lib/python3.13/site-packages/yt/geometry/particle_oct_container.cpython-313-x86_64-linux-gnu.so
2b7bf70f0000-2b7bf70f2000 r--p 000ba000 3d8:ad14e 144134765124036623     /work2/11056/zwu/frontera/miniconda3/envs/libyt/lib/python3.13/site-packages/yt/geometry/particle_oct_container.cpython-313-x86_64-linux-gnu.so
2b7bf70f2000-2b7bf70f6000 rw-p 000bc000 3d8:ad14e 144134765124036623     /work2/11056/zwu/frontera/miniconda3/envs/libyt/lib/python3.13/site-packages/yt/geometry/particle_oct_container.cpython-313-x86_64-linux-gnu.so
2b7bf70f6000-2b7bf70f8000 rw-p 00000000 00:00 0 
2b7bf70f8000-2b7bf7103000 r--p 00000000 3d8:ad14e 144131832097572340     /work2/11056/zwu/frontera/miniconda3/envs/libyt/lib/python3.13/site-packages/ewah_bool_utils/ewah_bool_wrap.cpython-313-x86_64-linux-gnu.so
2b7bf7103000-2b7bf7151000 r-xp 0000b000 3d8:ad14e 144131832097572340     /work2/11056/zwu/frontera/miniconda3/envs/libyt/lib/python3.13/site-packages/ewah_bool_utils/ewah_bool_wrap.cpython-313-x86_64-linux-gnu.so
2b7bf7151000-2b7bf7161000 r--p 00059000 3d8:ad14e 144131832097572340     /work2/11056/zwu/frontera/miniconda3/envs/libyt/lib/python3.13/site-packages/ewah_bool_utils/ewah_bool_wrap.cpython-313-x86_64-linux-gnu.so
2b7bf7161000-2b7bf7163000 r--p 00069000 3d8:ad14e 144131832097572340     /work2/11056/zwu/frontera/miniconda3/envs/libyt/lib/python3.13/site-packages/ewah_bool_utils/ewah_bool_wrap.cpython-313-x86_64-linux-gnu.so
2b7bf7163000-2b7bf7166000 rw-p 0006b000 3d8:ad14e 144131832097572340     /work2/11056/zwu/frontera/miniconda3/envs/libyt/lib/python3.13/site-packages/ewah_bool_utils/ewah_bool_wrap.cpython-313-x86_64-linux-gnu.so
2b7bf7166000-2b7bf7168000 rw-p 00000000 00:00 0 
2b7bf7168000-2b7bf716d000 r--p 00000000 3d8:ad14e 144131832097572337     /work2/11056/zwu/frontera/miniconda3/envs/libyt/lib/python3.13/site-packages/ewah_bool_utils/morton_utils.cpython-313-x86_64-linux-gnu.so
2b7bf716d000-2b7bf7183000 r-xp 00005000 3d8:ad14e 144131832097572337     /work2/11056/zwu/frontera/miniconda3/envs/libyt/lib/python3.13/site-packages/ewah_bool_utils/morton_utils.cpython-313-x86_64-linux-gnu.so
2b7bf7183000-2b7bf7188000 r--p 0001b000 3d8:ad14e 144131832097572337     /work2/11056/zwu/frontera/miniconda3/envs/libyt/lib/python3.13/site-packages/ewah_bool_utils/morton_utils.cpython-313-x86_64-linux-gnu.so
2b7bf7188000-2b7bf7189000 r--p 00020000 3d8:ad14e 144131832097572337     /work2/11056/zwu/frontera/miniconda3/envs/libyt/lib/python3.13/site-packages/ewah_bool_utils/morton_utils.cpython-313-x86_64-linux-gnu.so
2b7bf7189000-2b7bf718a000 rw-p 00021000 3d8:ad14e 144131832097572337     /work2/11056/zwu/frontera/miniconda3/envs/libyt/lib/python3.13/site-packages/ewah_bool_utils/morton_utils.cpython-313-x86_64-linux-gnu.so
2b7bf718a000-2b7bf728b000 rw-p 00000000 00:00 0 
2b7bf728b000-2b7bf7294000 r--p 00000000 3d8:ad14e 144134765124036053     /work2/11056/zwu/frontera/miniconda3/envs/libyt/lib/python3.13/site-packages/yt/utilities/lib/geometry_utils.cpython-313-x86_64-linux-gnu.so
2b7bf7294000-2b7bf7334000 r-xp 00009000 3d8:ad14e 144134765124036053     /work2/11056/zwu/frontera/miniconda3/envs/libyt/lib/python3.13/site-packages/yt/utilities/lib/geometry_utils.cpython-313-x86_64-linux-gnu.so
2b7bf7334000-2b7bf7341000 r--p 000a9000 3d8:ad14e 144134765124036053     /work2/11056/zwu/frontera/miniconda3/envs/libyt/lib/python3.13/site-packages/yt/utilities/lib/geometry_utils.cpython-313-x86_64-linux-gnu.so
2b7bf7341000-2b7bf7343000 r--p 000b5000 3d8:ad14e 144134765124036053     /work2/11056/zwu/frontera/miniconda3/envs/libyt/lib/python3.13/site-packages/yt/utilities/lib/geometry_utils.cpython-313-x86_64-linux-gnu.so
2b7bf7343000-2b7bf7345000 rw-p 000b7000 3d8:ad14e 144134765124036053     /work2/11056/zwu/frontera/miniconda3/envs/libyt/lib/python3.13/site-packages/yt/utilities/lib/geometry_utils.cpython-313-x86_64-linux-gnu.so
2b7bf7345000-2b7bf7347000 rw-p 00000000 00:00 0 
2b7bf7347000-2b7bf7351000 r--p 00000000 3d8:ad14e 144134765124036802     /work2/11056/zwu/frontera/miniconda3/envs/libyt/lib/python3.13/site-packages/yt/utilities/lib/pixelization_routines.cpython-313-x86_64-linux-gnu.so
2b7bf7351000-2b7bf73f7000 r-xp 0000a000 3d8:ad14e 144134765124036802     /work2/11056/zwu/frontera/miniconda3/envs/libyt/lib/python3.13/site-packages/yt/utilities/lib/pixelization_routines.cpython-313-x86_64-linux-gnu.so
2b7bf73f7000-2b7bf7405000 r--p 000b0000 3d8:ad14e 144134765124036802     /work2/11056/zwu/frontera/miniconda3/envs/libyt/lib/python3.13/site-packages/yt/utilities/lib/pixelization_routines.cpython-313-x86_64-linux-gnu.so
2b7bf7405000-2b7bf7407000 r--p 000bd000 3d8:ad14e 144134765124036802     /work2/11056/zwu/frontera/miniconda3/envs/libyt/lib/python3.13/site-packages/yt/utilities/lib/pixelization_routines.cpython-313-x86_64-linux-gnu.so
2b7bf7407000-2b7bf7409000 rw-p 000bf000 3d8:ad14e 144134765124036802     /work2/11056/zwu/frontera/miniconda3/envs/libyt/lib/python3.13/site-packages/yt/utilities/lib/pixelization_routines.cpython-313-x86_64-linux-gnu.so
2b7bf7409000-2b7bf740b000 rw-p 00000000 00:00 0 
2b7bf740b000-2b7bf7413000 r--p 00000000 3d8:ad14e 144134765124034210     /work2/11056/zwu/frontera/miniconda3/envs/libyt/lib/python3.13/site-packages/yt/utilities/lib/element_mappings.cpython-313-x86_64-linux-gnu.so
2b7bf7413000-2b7bf7450000 r-xp 00008000 3d8:ad14e 144134765124034210     /work2/11056/zwu/frontera/miniconda3/envs/libyt/lib/python3.13/site-packages/yt/utilities/lib/element_mappings.cpython-313-x86_64-linux-gnu.so
2b7bf7450000-2b7bf745c000 r--p 00045000 3d8:ad14e 144134765124034210     /work2/11056/zwu/frontera/miniconda3/envs/libyt/lib/python3.13/site-packages/yt/utilities/lib/element_mappings.cpython-313-x86_64-linux-gnu.so
2b7bf745c000-2b7bf745d000 r--p 00051000 3d8:ad14e 144134765124034210     /work2/11056/zwu/frontera/miniconda3/envs/libyt/lib/python3.13/site-packages/yt/utilities/lib/element_mappings.cpython-313-x86_64-linux-gnu.so
2b7bf745d000-2b7bf7461000 rw-p 00052000 3d8:ad14e 144134765124034210     /work2/11056/zwu/frontera/miniconda3/envs/libyt/lib/python3.13/site-packages/yt/utilities/lib/element_mappings.cpython-313-x86_64-linux-gnu.so
2b7bf7461000-2b7bf7462000 rw-p 00000000 00:00 0 
2b7bf7462000-2b7bf7464000 r--p 00000000 3d8:ad14e 144134765124036546     /work2/11056/zwu/frontera/miniconda3/envs/libyt/lib/python3.13/site-packages/yt/utilities/lib/autogenerated_element_samplers.cpython-313-x86_64-linux-gnu.so
2b7bf7464000-2b7bf7468000 r-xp 00002000 3d8:ad14e 144134765124036546     /work2/11056/zwu/frontera/miniconda3/envs/libyt/lib/python3.13/site-packages/yt/utilities/lib/autogenerated_element_samplers.cpython-313-x86_64-linux-gnu.so
2b7bf7468000-2b7bf7469000 r--p 00006000 3d8:ad14e 144134765124036546     /work2/11056/zwu/frontera/miniconda3/envs/libyt/lib/python3.13/site-packages/yt/utilities/lib/autogenerated_element_samplers.cpython-313-x86_64-linux-gnu.so
2b7bf7469000-2b7bf746a000 r--p 00006000 3d8:ad14e 144134765124036546     /work2/11056/zwu/frontera/miniconda3/envs/libyt/lib/python3.13/site-packages/yt/utilities/lib/autogenerated_element_samplers.cpython-313-x86_64-linux-gnu.so
2b7bf746a000-2b7bf746b000 rw-p 00007000 3d8:ad14e 144134765124036546     /work2/11056/zwu/frontera/miniconda3/envs/libyt/lib/python3.13/site-packages/yt/utilities/lib/autogenerated_element_samplers.cpython-313-x86_64-linux-gnu.so
2b7bf746b000-2b7bf7472000 r--p 00000000 3d8:ad14e 144134765124036309     /work2/11056/zwu/frontera/miniconda3/envs/libyt/lib/python3.13/site-packages/yt/utilities/lib/bounded_priority_queue.cpython-313-x86_64-linux-gnu.so
2b7bf7472000-2b7bf7499000 r-xp 00007000 3d8:ad14e 144134765124036309     /work2/11056/zwu/frontera/miniconda3/envs/libyt/lib/python3.13/site-packages/yt/utilities/lib/bounded_priority_queue.cpython-313-x86_64-linux-gnu.so
2b7bf7499000-2b7bf74a1000 r--p 0002e000 3d8:ad14e 144134765124036309     /work2/11056/zwu/frontera/miniconda3/envs/libyt/lib/python3.13/site-packages/yt/utilities/lib/bounded_priority_queue.cpython-313-x86_64-linux-gnu.so
2b7bf74a1000-2b7bf74a2000 r--p 00036000 3d8:ad14e 144134765124036309     /work2/11056/zwu/frontera/miniconda3/envs/libyt/lib/python3.13/site-packages/yt/utilities/lib/bounded_priority_queue.cpython-313-x86_64-linux-gnu.so
2b7bf74a2000-2b7bf74a4000 rw-p 00037000 3d8:ad14e 144134765124036309     /work2/11056/zwu/frontera/miniconda3/envs/libyt/lib/python3.13/site-packages/yt/utilities/lib/bounded_priority_queue.cpython-313-x86_64-linux-gnu.so
2b7bf74a4000-2b7bf74a5000 rw-p 00000000 00:00 0 
2b7bf74a5000-2b7bf74ae000 r--p 00000000 3d8:ad14e 144134765124036156     /work2/11056/zwu/frontera/miniconda3/envs/libyt/lib/python3.13/site-packages/yt/utilities/lib/cykdtree/kdtree.cpython-313-x86_64-linux-gnu.so
2b7bf74ae000-2b7bf74ea000 r-xp 00009000 3d8:ad14e 144134765124036156     /work2/11056/zwu/frontera/miniconda3/envs/libyt/lib/python3.13/site-packages/yt/utilities/lib/cykdtree/kdtree.cpython-313-x86_64-linux-gnu.so
2b7bf74ea000-2b7bf74f6000 r--p 00045000 3d8:ad14e 144134765124036156     /work2/11056/zwu/frontera/miniconda3/envs/libyt/lib/python3.13/site-packages/yt/utilities/lib/cykdtree/kdtree.cpython-313-x86_64-linux-gnu.so
2b7bf74f6000-2b7bf74f8000 r--p 00050000 3d8:ad14e 144134765124036156     /work2/11056/zwu/frontera/miniconda3/envs/libyt/lib/python3.13/site-packages/yt/utilities/lib/cykdtree/kdtree.cpython-313-x86_64-linux-gnu.so
2b7bf74f8000-2b7bf74fb000 rw-p 00052000 3d8:ad14e 144134765124036156     /work2/11056/zwu/frontera/miniconda3/envs/libyt/lib/python3.13/site-packages/yt/utilities/lib/cykdtree/kdtree.cpython-313-x86_64-linux-gnu.so
2b7bf74fb000-2b7bf7502000 r--p 00000000 3d8:ad14e 144134765124036969     /work2/11056/zwu/frontera/miniconda3/envs/libyt/lib/python3.13/site-packages/yt/utilities/lib/particle_kdtree_tools.cpython-313-x86_64-linux-gnu.so
2b7bf7502000-2b7bf7526000 r-xp 00007000 3d8:ad14e 144134765124036969     /work2/11056/zwu/frontera/miniconda3/envs/libyt/lib/python3.13/site-packages/yt/utilities/lib/particle_kdtree_tools.cpython-313-x86_64-linux-gnu.so
2b7bf7526000-2b7bf752e000 r--p 0002b000 3d8:ad14e 144134765124036969     /work2/11056/zwu/frontera/miniconda3/envs/libyt/lib/python3.13/site-packages/yt/utilities/lib/particle_kdtree_tools.cpython-313-x86_64-linux-gnu.so
2b7bf752e000-2b7bf752f000 r--p 00033000 3d8:ad14e 144134765124036969     /work2/11056/zwu/frontera/miniconda3/envs/libyt/lib/python3.13/site-packages/yt/utilities/lib/particle_kdtree_tools.cpython-313-x86_64-linux-gnu.so
2b7bf752f000-2b7bf7531000 rw-p 00034000 3d8:ad14e 144134765124036969     /work2/11056/zwu/frontera/miniconda3/envs/libyt/lib/python3.13/site-packages/yt/utilities/lib/particle_kdtree_tools.cpython-313-x86_64-linux-gnu.so
2b7bf7531000-2b7bf7538000 r--p 00000000 3d8:ad14e 144134765124036844     /work2/11056/zwu/frontera/miniconda3/envs/libyt/lib/python3.13/site-packages/yt/utilities/lib/cyoctree.cpython-313-x86_64-linux-gnu.so
2b7bf7538000-2b7bf7565000 r-xp 00007000 3d8:ad14e 144134765124036844     /work2/11056/zwu/frontera/miniconda3/envs/libyt/lib/python3.13/site-packages/yt/utilities/lib/cyoctree.cpython-313-x86_64-linux-gnu.so
2b7bf7565000-2b7bf756e000 r--p 00034000 3d8:ad14e 144134765124036844     /work2/11056/zwu/frontera/miniconda3/envs/libyt/lib/python3.13/site-packages/yt/utilities/lib/cyoctree.cpython-313-x86_64-linux-gnu.so
2b7bf756e000-2b7bf756f000 r--p 0003d000 3d8:ad14e 144134765124036844     /work2/11056/zwu/frontera/miniconda3/envs/libyt/lib/python3.13/site-packages/yt/utilities/lib/cyoctree.cpython-313-x86_64-linux-gnu.so
2b7bf756f000-2b7bf7571000 rw-p 0003e000 3d8:ad14e 144134765124036844     /work2/11056/zwu/frontera/miniconda3/envs/libyt/lib/python3.13/site-packages/yt/utilities/lib/cyoctree.cpython-313-x86_64-linux-gnu.so
2b7bf7571000-2b7bf7672000 rw-p 00000000 00:00 0 
2b7bf7672000-2b7bf7679000 r--p 00000000 3d8:ad14e 144134765124035799     /work2/11056/zwu/frontera/miniconda3/envs/libyt/lib/python3.13/site-packages/yt/utilities/lib/bounding_volume_hierarchy.cpython-313-x86_64-linux-gnu.so
2b7bf7679000-2b7bf769a000 r-xp 00007000 3d8:ad14e 144134765124035799     /work2/11056/zwu/frontera/miniconda3/envs/libyt/lib/python3.13/site-packages/yt/utilities/lib/bounding_volume_hierarchy.cpython-313-x86_64-linux-gnu.so
2b7bf769a000-2b7bf76a2000 r--p 00028000 3d8:ad14e 144134765124035799     /work2/11056/zwu/frontera/miniconda3/envs/libyt/lib/python3.13/site-packages/yt/utilities/lib/bounding_volume_hierarchy.cpython-313-x86_64-linux-gnu.so
2b7bf76a2000-2b7bf76a3000 r--p 00030000 3d8:ad14e 144134765124035799     /work2/11056/zwu/frontera/miniconda3/envs/libyt/lib/python3.13/site-packages/yt/utilities/lib/bounding_volume_hierarchy.cpython-313-x86_64-linux-gnu.so
2b7bf76a3000-2b7bf76a5000 rw-p 00031000 3d8:ad14e 144134765124035799     /work2/11056/zwu/frontera/miniconda3/envs/libyt/lib/python3.13/site-packages/yt/utilities/lib/bounding_volume_hierarchy.cpython-313-x86_64-linux-gnu.so
2b7bf76a5000-2b7bf76a6000 rw-p 00000000 00:00 0 
2b7bf76a6000-2b7bf76a8000 r--p 00000000 3d8:ad14e 144134765124037060     /work2/11056/zwu/frontera/miniconda3/envs/libyt/lib/python3.13/site-packages/yt/utilities/lib/primitives.cpython-313-x86_64-linux-gnu.so
2b7bf76a8000-2b7bf76ae000 r-xp 00002000 3d8:ad14e 144134765124037060     /work2/11056/zwu/frontera/miniconda3/envs/libyt/lib/python3.13/site-packages/yt/utilities/lib/primitives.cpython-313-x86_64-linux-gnu.so
2b7bf76ae000-2b7bf76b0000 r--p 00008000 3d8:ad14e 144134765124037060     /work2/11056/zwu/frontera/miniconda3/envs/libyt/lib/python3.13/site-packages/yt/utilities/lib/primitives.cpython-313-x86_64-linux-gnu.so
2b7bf76b0000-2b7bf76b1000 r--p 00009000 3d8:ad14e 144134765124037060     /work2/11056/zwu/frontera/miniconda3/envs/libyt/lib/python3.13/site-packages/yt/utilities/lib/primitives.cpython-313-x86_64-linux-gnu.so
2b7bf76b1000-2b7bf76b2000 rw-p 0000a000 3d8:ad14e 144134765124037060     /work2/11056/zwu/frontera/miniconda3/envs/libyt/lib/python3.13/site-packages/yt/utilities/lib/primitives.cpython-313-x86_64-linux-gnu.so
2b7bf76b2000-2b7bf76b7000 r--p 00000000 3d8:ad14e 144134765124037015     /work2/11056/zwu/frontera/miniconda3/envs/libyt/lib/python3.13/site-packages/yt/utilities/lib/basic_octree.cpython-313-x86_64-linux-gnu.so
2b7bf76b7000-2b7bf76cb000 r-xp 00005000 3d8:ad14e 144134765124037015     /work2/11056/zwu/frontera/miniconda3/envs/libyt/lib/python3.13/site-packages/yt/utilities/lib/basic_octree.cpython-313-x86_64-linux-gnu.so
2b7bf76cb000-2b7bf76d0000 r--p 00019000 3d8:ad14e 144134765124037015     /work2/11056/zwu/frontera/miniconda3/envs/libyt/lib/python3.13/site-packages/yt/utilities/lib/basic_octree.cpython-313-x86_64-linux-gnu.so
2b7bf76d0000-2b7bf76d1000 r--p 0001e000 3d8:ad14e 144134765124037015     /work2/11056/zwu/frontera/miniconda3/envs/libyt/lib/python3.13/site-packages/yt/utilities/lib/basic_octree.cpython-313-x86_64-linux-gnu.so
2b7bf76d1000-2b7bf76d2000 rw-p 0001f000 3d8:ad14e 144134765124037015     /work2/11056/zwu/frontera/miniconda3/envs/libyt/lib/python3.13/site-packages/yt/utilities/lib/basic_octree.cpython-313-x86_64-linux-gnu.so
2b7bf76d2000-2b7bf76d3000 rw-p 00000000 00:00 0 
2b7bf76d3000-2b7bf76db000 r--p 00000000 3d8:ad14e 144134765124036296     /work2/11056/zwu/frontera/miniconda3/envs/libyt/lib/python3.13/site-packages/yt/utilities/lib/contour_finding.cpython-313-x86_64-linux-gnu.so
2b7bf76db000-2b7bf771e000 r-xp 00008000 3d8:ad14e 144134765124036296     /work2/11056/zwu/frontera/miniconda3/envs/libyt/lib/python3.13/site-packages/yt/utilities/lib/contour_finding.cpython-313-x86_64-linux-gnu.so
2b7bf771e000-2b7bf7729000 r--p 0004b000 3d8:ad14e 144134765124036296     /work2/11056/zwu/frontera/miniconda3/envs/libyt/lib/python3.13/site-packages/yt/utilities/lib/contour_finding.cpython-313-x86_64-linux-gnu.so
2b7bf7729000-2b7bf772b000 r--p 00055000 3d8:ad14e 144134765124036296     /work2/11056/zwu/frontera/miniconda3/envs/libyt/lib/python3.13/site-packages/yt/utilities/lib/contour_finding.cpython-313-x86_64-linux-gnu.so
2b7bf772b000-2b7bf772e000 rw-p 00057000 3d8:ad14e 144134765124036296     /work2/11056/zwu/frontera/miniconda3/envs/libyt/lib/python3.13/site-packages/yt/utilities/lib/contour_finding.cpython-313-x86_64-linux-gnu.so
2b7bf772e000-2b7bf772f000 rw-p 00000000 00:00 0 
2b7bf772f000-2b7bf7734000 r--p 00000000 3d8:ad14e 144134765124036963     /work2/11056/zwu/frontera/miniconda3/envs/libyt/lib/python3.13/site-packages/yt/utilities/lib/depth_first_octree.cpython-313-x86_64-linux-gnu.so
2b7bf7734000-2b7bf7747000 r-xp 00005000 3d8:ad14e 144134765124036963     /work2/11056/zwu/frontera/miniconda3/envs/libyt/lib/python3.13/site-packages/yt/utilities/lib/depth_first_octree.cpython-313-x86_64-linux-gnu.so
2b7bf7747000-2b7bf774c000 r--p 00018000 3d8:ad14e 144134765124036963     /work2/11056/zwu/frontera/miniconda3/envs/libyt/lib/python3.13/site-packages/yt/utilities/lib/depth_first_octree.cpython-313-x86_64-linux-gnu.so
2b7bf774c000-2b7bf774d000 r--p 0001c000 3d8:ad14e 144134765124036963     /work2/11056/zwu/frontera/miniconda3/envs/libyt/lib/python3.13/site-packages/yt/utilities/lib/depth_first_octree.cpython-313-x86_64-linux-gnu.so
2b7bf774d000-2b7bf774f000 rw-p 0001d000 3d8:ad14e 144134765124036963     /work2/11056/zwu/frontera/miniconda3/envs/libyt/lib/python3.13/site-packages/yt/utilities/lib/depth_first_octree.cpython-313-x86_64-linux-gnu.so
2b7bf774f000-2b7bf7754000 r--p 00000000 3d8:ad14e 144134765124035794     /work2/11056/zwu/frontera/miniconda3/envs/libyt/lib/python3.13/site-packages/yt/utilities/lib/fortran_reader.cpython-313-x86_64-linux-gnu.so
2b7bf7754000-2b7bf7766000 r-xp 00005000 3d8:ad14e 144134765124035794     /work2/11056/zwu/frontera/miniconda3/envs/libyt/lib/python3.13/site-packages/yt/utilities/lib/fortran_reader.cpython-313-x86_64-linux-gnu.so
2b7bf7766000-2b7bf776a000 r--p 00017000 3d8:ad14e 144134765124035794     /work2/11056/zwu/frontera/miniconda3/envs/libyt/lib/python3.13/site-packages/yt/utilities/lib/fortran_reader.cpython-313-x86_64-linux-gnu.so
2b7bf776a000-2b7bf776b000 r--p 0001b000 3d8:ad14e 144134765124035794     /work2/11056/zwu/frontera/miniconda3/envs/libyt/lib/python3.13/site-packages/yt/utilities/lib/fortran_reader.cpython-313-x86_64-linux-gnu.so
2b7bf776b000-2b7bf776c000 rw-p 0001c000 3d8:ad14e 144134765124035794     /work2/11056/zwu/frontera/miniconda3/envs/libyt/lib/python3.13/site-packages/yt/utilities/lib/fortran_reader.cpython-313-x86_64-linux-gnu.so
2b7bf776c000-2b7bf7770000 r--p 00000000 3d8:ad14e 144134765124035864     /work2/11056/zwu/frontera/miniconda3/envs/libyt/lib/python3.13/site-packages/yt/utilities/lib/line_integral_convolution.cpython-313-x86_64-linux-gnu.so
2b7bf7770000-2b7bf7779000 r-xp 00004000 3d8:ad14e 144134765124035864     /work2/11056/zwu/frontera/miniconda3/envs/libyt/lib/python3.13/site-packages/yt/utilities/lib/line_integral_convolution.cpython-313-x86_64-linux-gnu.so
2b7bf7779000-2b7bf777c000 r--p 0000d000 3d8:ad14e 144134765124035864     /work2/11056/zwu/frontera/miniconda3/envs/libyt/lib/python3.13/site-packages/yt/utilities/lib/line_integral_convolution.cpython-313-x86_64-linux-gnu.so
2b7bf777c000-2b7bf777d000 r--p 0000f000 3d8:ad14e 144134765124035864     /work2/11056/zwu/frontera/miniconda3/envs/libyt/lib/python3.13/site-packages/yt/utilities/lib/line_integral_convolution.cpython-313-x86_64-linux-gnu.so
2b7bf777d000-2b7bf777e000 rw-p 00010000 3d8:ad14e 144134765124035864     /work2/11056/zwu/frontera/miniconda3/envs/libyt/lib/python3.13/site-packages/yt/utilities/lib/line_integral_convolution.cpython-313-x86_64-linux-gnu.so
2b7bf777e000-2b7bf7782000 r--p 00000000 3d8:ad14e 144134765124035838     /work2/11056/zwu/frontera/miniconda3/envs/libyt/lib/python3.13/site-packages/yt/utilities/lib/points_in_volume.cpython-313-x86_64-linux-gnu.so
2b7bf7782000-2b7bf7792000 r-xp 00004000 3d8:ad14e 144134765124035838     /work2/11056/zwu/frontera/miniconda3/envs/libyt/lib/python3.13/site-packages/yt/utilities/lib/points_in_volume.cpython-313-x86_64-linux-gnu.so
2b7bf7792000-2b7bf7796000 r--p 00014000 3d8:ad14e 144134765124035838     /work2/11056/zwu/frontera/miniconda3/envs/libyt/lib/python3.13/site-packages/yt/utilities/lib/points_in_volume.cpython-313-x86_64-linux-gnu.so
2b7bf7796000-2b7bf7797000 r--p 00017000 3d8:ad14e 144134765124035838     /work2/11056/zwu/frontera/miniconda3/envs/libyt/lib/python3.13/site-packages/yt/utilities/lib/points_in_volume.cpython-313-x86_64-linux-gnu.so
2b7bf7797000-2b7bf7798000 rw-p 00018000 3d8:ad14e 144134765124035838     /work2/11056/zwu/frontera/miniconda3/envs/libyt/lib/python3.13/site-packages/yt/utilities/lib/points_in_volume.cpython-313-x86_64-linux-gnu.so
2b7bf7798000-2b7bf779c000 r--p 00000000 3d8:ad14e 144134765124035690     /work2/11056/zwu/frontera/miniconda3/envs/libyt/lib/python3.13/site-packages/yt/utilities/lib/write_array.cpython-313-x86_64-linux-gnu.so
2b7bf779c000-2b7bf77a7000 r-xp 00004000 3d8:ad14e 144134765124035690     /work2/11056/zwu/frontera/miniconda3/envs/libyt/lib/python3.13/site-packages/yt/utilities/lib/write_array.cpython-313-x86_64-linux-gnu.so
2b7bf77a7000-2b7bf77aa000 r--p 0000f000 3d8:ad14e 144134765124035690     /work2/11056/zwu/frontera/miniconda3/envs/libyt/lib/python3.13/site-packages/yt/utilities/lib/write_array.cpython-313-x86_64-linux-gnu.so
2b7bf77aa000-2b7bf77ab000 r--p 00012000 3d8:ad14e 144134765124035690     /work2/11056/zwu/frontera/miniconda3/envs/libyt/lib/python3.13/site-packages/yt/utilities/lib/write_array.cpython-313-x86_64-linux-gnu.so
2b7bf77ab000-2b7bf77ac000 rw-p 00013000 3d8:ad14e 144134765124035690     /work2/11056/zwu/frontera/miniconda3/envs/libyt/lib/python3.13/site-packages/yt/utilities/lib/write_array.cpython-313-x86_64-linux-gnu.so
2b7bf77ac000-2b7bf78ac000 rw-p 00000000 00:00 0 
2b7bf78ac000-2b7bf78b3000 r--p 00000000 3d8:ad14e 144134765124035262     /work2/11056/zwu/frontera/miniconda3/envs/libyt/lib/python3.13/site-packages/yt/utilities/lib/mesh_triangulation.cpython-313-x86_64-linux-gnu.so
2b7bf78b3000-2b7bf78dc000 r-xp 00007000 3d8:ad14e 144134765124035262     /work2/11056/zwu/frontera/miniconda3/envs/libyt/lib/python3.13/site-packages/yt/utilities/lib/mesh_triangulation.cpython-313-x86_64-linux-gnu.so
2b7bf78dc000-2b7bf78e4000 r--p 00030000 3d8:ad14e 144134765124035262     /work2/11056/zwu/frontera/miniconda3/envs/libyt/lib/python3.13/site-packages/yt/utilities/lib/mesh_triangulation.cpython-313-x86_64-linux-gnu.so
2b7bf78e4000-2b7bf78e5000 r--p 00038000 3d8:ad14e 144134765124035262     /work2/11056/zwu/frontera/miniconda3/envs/libyt/lib/python3.13/site-packages/yt/utilities/lib/mesh_triangulation.cpython-313-x86_64-linux-gnu.so
2b7bf78e5000-2b7bf78e7000 rw-p 00039000 3d8:ad14e 144134765124035262     /work2/11056/zwu/frontera/miniconda3/envs/libyt/lib/python3.13/site-packages/yt/utilities/lib/mesh_triangulation.cpython-313-x86_64-linux-gnu.so
2b7bf78e7000-2b7bf78e8000 rw-p 00000000 00:00 0 
2b7bf78e8000-2b7bf790c000 r--p 00000000 3d8:ad14e 144134765124018686     /work2/11056/zwu/frontera/miniconda3/envs/libyt/lib/python3.13/site-packages/mpi4py/MPI.cpython-313-x86_64-linux-gnu.so
2b7bf790c000-2b7bf7ba6000 r-xp 00024000 3d8:ad14e 144134765124018686     /work2/11056/zwu/frontera/miniconda3/envs/libyt/lib/python3.13/site-packages/mpi4py/MPI.cpython-313-x86_64-linux-gnu.so
2b7bf7ba6000-2b7bf7c14000 r--p 002be000 3d8:ad14e 144134765124018686     /work2/11056/zwu/frontera/miniconda3/envs/libyt/lib/python3.13/site-packages/mpi4py/MPI.cpython-313-x86_64-linux-gnu.so
2b7bf7c14000-2b7bf7c15000 r--p 0032c000 3d8:ad14e 144134765124018686     /work2/11056/zwu/frontera/miniconda3/envs/libyt/lib/python3.13/site-packages/mpi4py/MPI.cpython-313-x86_64-linux-gnu.so
2b7bf7c15000-2b7bf7c27000 rw-p 0032d000 3d8:ad14e 144134765124018686     /work2/11056/zwu/frontera/miniconda3/envs/libyt/lib/python3.13/site-packages/mpi4py/MPI.cpython-313-x86_64-linux-gnu.so
2b7bf7c27000-2b7bf7e00000 rw-p 00000000 00:00 0 
2b7bf7e00000-2b7bf8800000 rw-p 00000000 00:00 0 
2b7bf8800000-2b7bf8b2f000 rw-p 00000000 00:00 0 
2b7bf8b2f000-2b7bf8b30000 r--p 00000000 3d8:ad14e 144134881776061359     /work2/11056/zwu/frontera/miniconda3/envs/libyt/lib/python3.13/site-packages/torch/lib/libtorch_global_deps.so
2b7bf8b30000-2b7bf8b31000 r-xp 00001000 3d8:ad14e 144134881776061359     /work2/11056/zwu/frontera/miniconda3/envs/libyt/lib/python3.13/site-packages/torch/lib/libtorch_global_deps.so
2b7bf8b31000-2b7bf8b32000 r--p 00002000 3d8:ad14e 144134881776061359     /work2/11056/zwu/frontera/miniconda3/envs/libyt/lib/python3.13/site-packages/torch/lib/libtorch_global_deps.so
2b7bf8b32000-2b7bf8b33000 r--p 00002000 3d8:ad14e 144134881776061359     /work2/11056/zwu/frontera/miniconda3/envs/libyt/lib/python3.13/site-packages/torch/lib/libtorch_global_deps.so
2b7bf8b33000-2b7bf8b34000 rw-p 00003000 3d8:ad14e 144134881776061359     /work2/11056/zwu/frontera/miniconda3/envs/libyt/lib/python3.13/site-packages/torch/lib/libtorch_global_deps.so
2b7bf8b34000-2b7bf8b35000 rw-p 00004000 3d8:ad14e 144134881776061359     /work2/11056/zwu/frontera/miniconda3/envs/libyt/lib/python3.13/site-packages/torch/lib/libtorch_global_deps.so
2b7bf8b35000-2b7bf8b36000 rw-p 00005000 3d8:ad14e 144134881776061359     /work2/11056/zwu/frontera/miniconda3/envs/libyt/lib/python3.13/site-packages/torch/lib/libtorch_global_deps.so
2b7bf8b36000-2b7bf8bdd000 r-xp 00000000 3d8:ad14e 144134881776058613     /work2/11056/zwu/frontera/miniconda3/envs/libyt/lib/python3.13/site-packages/nvidia/cuda_runtime/lib/libcudart.so.12
2b7bf8bdd000-2b7bf8ddd000 ---p 000a7000 3d8:ad14e 144134881776058613     /work2/11056/zwu/frontera/miniconda3/envs/libyt/lib/python3.13/site-packages/nvidia/cuda_runtime/lib/libcudart.so.12
2b7bf8ddd000-2b7bf8de2000 r--p 000a7000 3d8:ad14e 144134881776058613     /work2/11056/zwu/frontera/miniconda3/envs/libyt/lib/python3.13/site-packages/nvidia/cuda_runtime/lib/libcudart.so.12
2b7bf8de2000-2b7bf8de3000 rw-p 000ac000 3d8:ad14e 144134881776058613     /work2/11056/zwu/frontera/miniconda3/envs/libyt/lib/python3.13/site-packages/nvidia/cuda_runtime/lib/libcudart.so.12
2b7bf8de3000-2b7bf8de5000 rw-p 00000000 00:00 0 
2b7bf8de5000-2b7bf8e0a000 r-xp 00000000 3d8:ad14e 144134881776061357     /work2/11056/zwu/frontera/miniconda3/envs/libyt/lib/python3.13/site-packages/torch/lib/libgomp-a34b3233.so.1
2b7bf8e0a000-2b7bf9009000 ---p 00025000 3d8:ad14e 144134881776061357     /work2/11056/zwu/frontera/miniconda3/envs/libyt/lib/python3.13/site-packages/torch/lib/libgomp-a34b3233.so.1
2b7bf9009000-2b7bf900a000 r--p 00024000 3d8:ad14e 144134881776061357     /work2/11056/zwu/frontera/miniconda3/envs/libyt/lib/python3.13/site-packages/torch/lib/libgomp-a34b3233.so.1
2b7bf900a000-2b7bf900b000 rw-p 00025000 3d8:ad14e 144134881776061357     /work2/11056/zwu/frontera/miniconda3/envs/libyt/lib/python3.13/site-packages/torch/lib/libgomp-a34b3233.so.1
2b7bf900b000-2b7bf900f000 rw-p 00026000 3d8:ad14e 144134881776061357     /work2/11056/zwu/frontera/miniconda3/envs/libyt/lib/python3.13/site-packages/torch/lib/libgomp-a34b3233.so.1
2b7bf900f000-2b7bfc2a7000 r-xp 00000000 3d8:ad14e 144134881776058638     /work2/11056/zwu/frontera/miniconda3/envs/libyt/lib/python3.13/site-packages/nvidia/cuda_nvrtc/lib/libnvrtc.so.12
2b7bfc2a7000-2b7bfc4a7000 ---p 03298000 3d8:ad14e 144134881776058638     /work2/11056/zwu/frontera/miniconda3/envs/libyt/lib/python3.13/site-packages/nvidia/cuda_nvrtc/lib/libnvrtc.so.12
2b7bfc4a7000-2b7bfcac6000 r--p 03298000 3d8:ad14e 144134881776058638     /work2/11056/zwu/frontera/miniconda3/envs/libyt/lib/python3.13/site-packages/nvidia/cuda_nvrtc/lib/libnvrtc.so.12
2b7bfcac6000-2b7bfcbab000 rw-p 038b7000 3d8:ad14e 144134881776058638     /work2/11056/zwu/frontera/miniconda3/envs/libyt/lib/python3.13/site-packages/nvidia/cuda_nvrtc/lib/libnvrtc.so.12
2b7bfcbab000-2b7bfccaa000 rw-p 00000000 00:00 0 
2b7bfccaa000-2b7bfccac000 rw-p 0399d000 3d8:ad14e 144134881776058638     /work2/11056/zwu/frontera/miniconda3/envs/libyt/lib/python3.13/site-packages/nvidia/cuda_nvrtc/lib/libnvrtc.so.12
2b7bfccac000-2b7bff989000 r-xp 00000000 3d8:ad14e 144134881776058404     /work2/11056/zwu/frontera/miniconda3/envs/libyt/lib/python3.13/site-packages/nvidia/nvjitlink/lib/libnvJitLink.so.12
2b7bff989000-2b7bffb89000 ---p 02cdd000 3d8:ad14e 144134881776058404     /work2/11056/zwu/frontera/miniconda3/envs/libyt/lib/python3.13/site-packages/nvidia/nvjitlink/lib/libnvJitLink.so.12
2b7bffb89000-2b7c00156000 r--p 02cdd000 3d8:ad14e 144134881776058404     /work2/11056/zwu/frontera/miniconda3/envs/libyt/lib/python3.13/site-packages/nvidia/nvjitlink/lib/libnvJitLink.so.12
2b7c00156000-2b7c001c9000 rw-p 032aa000 3d8:ad14e 144134881776058404     /work2/11056/zwu/frontera/miniconda3/envs/libyt/lib/python3.13/site-packages/nvidia/nvjitlink/lib/libnvJitLink.so.12
2b7c001c9000-2b7c0023f000 rw-p 00000000 00:00 0 
2b7c0023f000-2b7c00240000 r--p 00000000 3d8:ad14e 144134881776071753     /work2/11056/zwu/frontera/miniconda3/envs/libyt/lib/python3.13/site-packages/torch/_C.cpython-313-x86_64-linux-gnu.so
2b7c00240000-2b7c00241000 r-xp 00001000 3d8:ad14e 144134881776071753     /work2/11056/zwu/frontera/miniconda3/envs/libyt/lib/python3.13/site-packages/torch/_C.cpython-313-x86_64-linux-gnu.so
2b7c00241000-2b7c00242000 r--p 00002000 3d8:ad14e 144134881776071753     /work2/11056/zwu/frontera/miniconda3/envs/libyt/lib/python3.13/site-packages/torch/_C.cpython-313-x86_64-linux-gnu.so
2b7c00242000-2b7c00243000 r--p 00002000 3d8:ad14e 144134881776071753     /work2/11056/zwu/frontera/miniconda3/envs/libyt/lib/python3.13/site-packages/torch/_C.cpython-313-x86_64-linux-gnu.so
2b7c00243000-2b7c00244000 rw-p 00003000 3d8:ad14e 144134881776071753     /work2/11056/zwu/frontera/miniconda3/envs/libyt/lib/python3.13/site-packages/torch/_C.cpython-313-x86_64-linux-gnu.so
2b7c00244000-2b7c00245000 rw-p 00008000 3d8:ad14e 144134881776071753     /work2/11056/zwu/frontera/miniconda3/envs/libyt/lib/python3.13/site-packages/torch/_C.cpython-313-x86_64-linux-gnu.so
2b7c00245000-2b7c004e0000 r--p 00000000 3d8:ad14e 144134881776061358     /work2/11056/zwu/frontera/miniconda3/envs/libyt/lib/python3.13/site-packages/torch/lib/libtorch_python.so
2b7c004e0000-2b7c01184000 r-xp 0029b000 3d8:ad14e 144134881776061358     /work2/11056/zwu/frontera/miniconda3/envs/libyt/lib/python3.13/site-packages/torch/lib/libtorch_python.so
2b7c01184000-2b7c01562000 r--p 00f3f000 3d8:ad14e 144134881776061358     /work2/11056/zwu/frontera/miniconda3/envs/libyt/lib/python3.13/site-packages/torch/lib/libtorch_python.so
2b7c01562000-2b7c01563000 ---p 0131d000 3d8:ad14e 144134881776061358     /work2/11056/zwu/frontera/miniconda3/envs/libyt/lib/python3.13/site-packages/torch/lib/libtorch_python.so
2b7c01563000-2b7c01584000 r--p 0131d000 3d8:ad14e 144134881776061358     /work2/11056/zwu/frontera/miniconda3/envs/libyt/lib/python3.13/site-packages/torch/lib/libtorch_python.so
2b7c01584000-2b7c015e5000 rw-p 0133e000 3d8:ad14e 144134881776061358     /work2/11056/zwu/frontera/miniconda3/envs/libyt/lib/python3.13/site-packages/torch/lib/libtorch_python.so
2b7c015e5000-2b7c0164f000 rw-p 00000000 00:00 0 
2b7c0164f000-2b7c017c2000 rw-p 01abe000 3d8:ad14e 144134881776061358     /work2/11056/zwu/frontera/miniconda3/envs/libyt/lib/python3.13/site-packages/torch/lib/libtorch_python.so
2b7c017c2000-2b7c017ce000 r--p 00000000 3d8:ad14e 144134881776061363     /work2/11056/zwu/frontera/miniconda3/envs/libyt/lib/python3.13/site-packages/torch/lib/libtorch.so
2b7c017ce000-2b7c017d9000 r-xp 0000c000 3d8:ad14e 144134881776061363     /work2/11056/zwu/frontera/miniconda3/envs/libyt/lib/python3.13/site-packages/torch/lib/libtorch.so
2b7c017d9000-2b7c017de000 r--p 00017000 3d8:ad14e 144134881776061363     /work2/11056/zwu/frontera/miniconda3/envs/libyt/lib/python3.13/site-packages/torch/lib/libtorch.so
2b7c017de000-2b7c017df000 ---p 0001c000 3d8:ad14e 144134881776061363     /work2/11056/zwu/frontera/miniconda3/envs/libyt/lib/python3.13/site-packages/torch/lib/libtorch.so
2b7c017df000-2b7c017e0000 r--p 0001c000 3d8:ad14e 144134881776061363     /work2/11056/zwu/frontera/miniconda3/envs/libyt/lib/python3.13/site-packages/torch/lib/libtorch.so
2b7c017e0000-2b7c017e1000 rw-p 0001d000 3d8:ad14e 144134881776061363     /work2/11056/zwu/frontera/miniconda3/envs/libyt/lib/python3.13/site-packages/torch/lib/libtorch.so
2b7c017e1000-2b7c017e8000 rw-p 00029000 3d8:ad14e 144134881776061363     /work2/11056/zwu/frontera/miniconda3/envs/libyt/lib/python3.13/site-packages/torch/lib/libtorch.so
2b7c017e8000-2b7c017eb000 r--p 00000000 3d8:ad14e 144134881776061364     /work2/11056/zwu/frontera/miniconda3/envs/libyt/lib/python3.13/site-packages/torch/lib/libshm.so
2b7c017eb000-2b7c017ee000 r-xp 00003000 3d8:ad14e 144134881776061364     /work2/11056/zwu/frontera/miniconda3/envs/libyt/lib/python3.13/site-packages/torch/lib/libshm.so
2b7c017ee000-2b7c017ef000 r--p 00006000 3d8:ad14e 144134881776061364     /work2/11056/zwu/frontera/miniconda3/envs/libyt/lib/python3.13/site-packages/torch/lib/libshm.so
2b7c017ef000-2b7c017f0000 ---p 00007000 3d8:ad14e 144134881776061364     /work2/11056/zwu/frontera/miniconda3/envs/libyt/lib/python3.13/site-packages/torch/lib/libshm.so
2b7c017f0000-2b7c017f1000 r--p 00007000 3d8:ad14e 144134881776061364     /work2/11056/zwu/frontera/miniconda3/envs/libyt/lib/python3.13/site-packages/torch/lib/libshm.so
2b7c017f1000-2b7c017f2000 rw-p 00008000 3d8:ad14e 144134881776061364     /work2/11056/zwu/frontera/miniconda3/envs/libyt/lib/python3.13/site-packages/torch/lib/libshm.so
2b7c017f2000-2b7c017f3000 rw-p 0000b000 3d8:ad14e 144134881776061364     /work2/11056/zwu/frontera/miniconda3/envs/libyt/lib/python3.13/site-packages/torch/lib/libshm.so
2b7c017f3000-2b7c017f4000 rw-p 0000c000 3d8:ad14e 144134881776061364     /work2/11056/zwu/frontera/miniconda3/envs/libyt/lib/python3.13/site-packages/torch/lib/libshm.so
2b7c017f4000-2b7c027d0000 r--p 00000000 3d8:ad14e 144134881776061362     /work2/11056/zwu/frontera/miniconda3/envs/libyt/lib/python3.13/site-packages/torch/lib/libtorch_cpu.so
2b7c027d0000-2b7c12f35000 r-xp 00fdc000 3d8:ad14e 144134881776061362     /work2/11056/zwu/frontera/miniconda3/envs/libyt/lib/python3.13/site-packages/torch/lib/libtorch_cpu.so
2b7c12f35000-2b7c158b7000 r--p 11741000 3d8:ad14e 144134881776061362     /work2/11056/zwu/frontera/miniconda3/envs/libyt/lib/python3.13/site-packages/torch/lib/libtorch_cpu.so
2b7c158b7000-2b7c158b8000 ---p 140c3000 3d8:ad14e 144134881776061362     /work2/11056/zwu/frontera/miniconda3/envs/libyt/lib/python3.13/site-packages/torch/lib/libtorch_cpu.so
2b7c158b8000-2b7c15b10000 r--p 140c3000 3d8:ad14e 144134881776061362     /work2/11056/zwu/frontera/miniconda3/envs/libyt/lib/python3.13/site-packages/torch/lib/libtorch_cpu.so
2b7c15b10000-2b7c15bcd000 rw-p 1431b000 3d8:ad14e 144134881776061362     /work2/11056/zwu/frontera/miniconda3/envs/libyt/lib/python3.13/site-packages/torch/lib/libtorch_cpu.so
2b7c15bcd000-2b7c15c74000 rw-p 00000000 00:00 0 
2b7c15c74000-2b7c162d3000 rw-p 19928000 3d8:ad14e 144134881776061362     /work2/11056/zwu/frontera/miniconda3/envs/libyt/lib/python3.13/site-packages/torch/lib/libtorch_cpu.so
2b7c162d3000-2b7c168b0000 rw-p 19f87000 3d8:ad14e 144134881776061362     /work2/11056/zwu/frontera/miniconda3/envs/libyt/lib/python3.13/site-packages/torch/lib/libtorch_cpu.so
2b7c168b0000-2b7c176a8000 r--p 00000000 3d8:ad14e 144134881776061361     /work2/11056/zwu/frontera/miniconda3/envs/libyt/lib/python3.13/site-packages/torch/lib/libtorch_cuda.so
2b7c176a8000-2b7c1a47f000 r-xp 00df8000 3d8:ad14e 144134881776061361     /work2/11056/zwu/frontera/miniconda3/envs/libyt/lib/python3.13/site-packages/torch/lib/libtorch_cuda.so
2b7c1a47f000-2b7c4a196000 r--p 03bcf000 3d8:ad14e 144134881776061361     /work2/11056/zwu/frontera/miniconda3/envs/libyt/lib/python3.13/site-packages/torch/lib/libtorch_cuda.so
2b7c4a196000-2b7c4a206000 r--p 338e5000 3d8:ad14e 144134881776061361     /work2/11056/zwu/frontera/miniconda3/envs/libyt/lib/python3.13/site-packages/torch/lib/libtorch_cuda.so
2b7c4a206000-2b7c4a229000 rw-p 33955000 3d8:ad14e 144134881776061361     /work2/11056/zwu/frontera/miniconda3/envs/libyt/lib/python3.13/site-packages/torch/lib/libtorch_cuda.so
2b7c4a229000-2b7c4af3c000 rw-p 00000000 00:00 0 
2b7c4af3c000-2b7c4ba58000 rw-p 351bb000 3d8:ad14e 144134881776061361     /work2/11056/zwu/frontera/miniconda3/envs/libyt/lib/python3.13/site-packages/torch/lib/libtorch_cuda.so
2b7c4ba58000-2b7c4ba6a000 r--p 00000000 3d8:ad14e 144134881776061366     /work2/11056/zwu/frontera/miniconda3/envs/libyt/lib/python3.13/site-packages/torch/lib/libc10_cuda.so
2b7c4ba6a000-2b7c4bac6000 r-xp 00012000 3d8:ad14e 144134881776061366     /work2/11056/zwu/frontera/miniconda3/envs/libyt/lib/python3.13/site-packages/torch/lib/libc10_cuda.so
2b7c4bac6000-2b7c4badc000 r--p 0006e000 3d8:ad14e 144134881776061366     /work2/11056/zwu/frontera/miniconda3/envs/libyt/lib/python3.13/site-packages/torch/lib/libc10_cuda.so
2b7c4badc000-2b7c4badd000 ---p 00084000 3d8:ad14e 144134881776061366     /work2/11056/zwu/frontera/miniconda3/envs/libyt/lib/python3.13/site-packages/torch/lib/libc10_cuda.so
2b7c4badd000-2b7c4bade000 r--p 00084000 3d8:ad14e 144134881776061366     /work2/11056/zwu/frontera/miniconda3/envs/libyt/lib/python3.13/site-packages/torch/lib/libc10_cuda.so
2b7c4bade000-2b7c4badf000 rw-p 00085000 3d8:ad14e 144134881776061366     /work2/11056/zwu/frontera/miniconda3/envs/libyt/lib/python3.13/site-packages/torch/lib/libc10_cuda.so
2b7c4badf000-2b7c4bb05000 rw-p 00000000 00:00 0 
2b7c4bb05000-2b7c4bb0f000 rw-p 000a7000 3d8:ad14e 144134881776061366     /work2/11056/zwu/frontera/miniconda3/envs/libyt/lib/python3.13/site-packages/torch/lib/libc10_cuda.so
2b7c4bb0f000-2b7c4bb3e000 r--p 00000000 3d8:ad14e 144134881776061367     /work2/11056/zwu/frontera/miniconda3/envs/libyt/lib/python3.13/site-packages/torch/lib/libc10.so
2b7c4bb3e000-2b7c4bbd9000 r-xp 0002f000 3d8:ad14e 144134881776061367     /work2/11056/zwu/frontera/miniconda3/envs/libyt/lib/python3.13/site-packages/torch/lib/libc10.so
2b7c4bbd9000-2b7c4bc0c000 r--p 000ca000 3d8:ad14e 144134881776061367     /work2/11056/zwu/frontera/miniconda3/envs/libyt/lib/python3.13/site-packages/torch/lib/libc10.so
2b7c4bc0c000-2b7c4bc0f000 r--p 000fc000 3d8:ad14e 144134881776061367     /work2/11056/zwu/frontera/miniconda3/envs/libyt/lib/python3.13/site-packages/torch/lib/libc10.so
2b7c4bc0f000-2b7c4bc15000 rw-p 000ff000 3d8:ad14e 144134881776061367     /work2/11056/zwu/frontera/miniconda3/envs/libyt/lib/python3.13/site-packages/torch/lib/libc10.so
2b7c4bc15000-2b7c4bc18000 rw-p 00000000 00:00 0 
2b7c4bc18000-2b7c4bc31000 rw-p 0014b000 3d8:ad14e 144134881776061367     /work2/11056/zwu/frontera/miniconda3/envs/libyt/lib/python3.13/site-packages/torch/lib/libc10.so
2b7c4bc31000-2b7c4bc49000 r-xp 00000000 3d8:ad14e 144134881776060270     /work2/11056/zwu/frontera/miniconda3/envs/libyt/lib/python3.13/site-packages/nvidia/cudnn/lib/libcudnn.so.9
2b7c4bc49000-2b7c4be49000 ---p 00018000 3d8:ad14e 144134881776060270     /work2/11056/zwu/frontera/miniconda3/envs/libyt/lib/python3.13/site-packages/nvidia/cudnn/lib/libcudnn.so.9
2b7c4be49000-2b7c4be4a000 r--p 00018000 3d8:ad14e 144134881776060270     /work2/11056/zwu/frontera/miniconda3/envs/libyt/lib/python3.13/site-packages/nvidia/cudnn/lib/libcudnn.so.9
2b7c4be4a000-2b7c4be4b000 rw-p 00019000 3d8:ad14e 144134881776060270     /work2/11056/zwu/frontera/miniconda3/envs/libyt/lib/python3.13/site-packages/nvidia/cudnn/lib/libcudnn.so.9
2b7c4be4b000-2b7c4c4c9000 r-xp 00000000 3d8:ad14e 144134881776058698     /work2/11056/zwu/frontera/miniconda3/envs/libyt/lib/python3.13/site-packages/nvidia/cuda_cupti/lib/libcupti.so.12
2b7c4c4c9000-2b7c4c6c8000 ---p 0067e000 3d8:ad14e 144134881776058698     /work2/11056/zwu/frontera/miniconda3/envs/libyt/lib/python3.13/site-packages/nvidia/cuda_cupti/lib/libcupti.so.12
2b7c4c6c8000-2b7c4c717000 r--p 0067d000 3d8:ad14e 144134881776058698     /work2/11056/zwu/frontera/miniconda3/envs/libyt/lib/python3.13/site-packages/nvidia/cuda_cupti/lib/libcupti.so.12
2b7c4c717000-2b7c4c7af000 rw-p 006cc000 3d8:ad14e 144134881776058698     /work2/11056/zwu/frontera/miniconda3/envs/libyt/lib/python3.13/site-packages/nvidia/cuda_cupti/lib/libcupti.so.12
2b7c4c7af000-2b7c4c7e8000 rw-p 00000000 00:00 0 
2b7c4c7e8000-2b7c5d401000 r-xp 00000000 3d8:ad14e 144134881776060233     /work2/11056/zwu/frontera/miniconda3/envs/libyt/lib/python3.13/site-packages/nvidia/cusparse/lib/libcusparse.so.12
2b7c5d401000-2b7c5d601000 ---p 10c19000 3d8:ad14e 144134881776060233     /work2/11056/zwu/frontera/miniconda3/envs/libyt/lib/python3.13/site-packages/nvidia/cusparse/lib/libcusparse.so.12
2b7c5d601000-2b7c5d610000 r--p 10c19000 3d8:ad14e 144134881776060233     /work2/11056/zwu/frontera/miniconda3/envs/libyt/lib/python3.13/site-packages/nvidia/cusparse/lib/libcusparse.so.12
2b7c5d610000-2b7c5d62c000 rw-p 10c28000 3d8:ad14e 144134881776060233     /work2/11056/zwu/frontera/miniconda3/envs/libyt/lib/python3.13/site-packages/nvidia/cusparse/lib/libcusparse.so.12
2b7c5d62c000-2b7c5d631000 rw-p 00000000 00:00 0 
2b7c5d631000-2b7c5d636000 rw-p 10c44000 3d8:ad14e 144134881776060233     /work2/11056/zwu/frontera/miniconda3/envs/libyt/lib/python3.13/site-packages/nvidia/cusparse/lib/libcusparse.so.12
2b7c5d636000-2b7c5dfe7000 r-xp 00000000 3d8:ad14e 144134881776058496     /work2/11056/zwu/frontera/miniconda3/envs/libyt/lib/python3.13/site-packages/nvidia/cufft/lib/libcufft.so.11
2b7c5dfe7000-2b7c5e1e6000 ---p 009b1000 3d8:ad14e 144134881776058496     /work2/11056/zwu/frontera/miniconda3/envs/libyt/lib/python3.13/site-packages/nvidia/cufft/lib/libcufft.so.11
2b7c5e1e6000-2b7c5e1f3000 r--p 009b0000 3d8:ad14e 144134881776058496     /work2/11056/zwu/frontera/miniconda3/envs/libyt/lib/python3.13/site-packages/nvidia/cufft/lib/libcufft.so.11
2b7c5e1f3000-2b7c6ef88000 rw-p 009bd000 3d8:ad14e 144134881776058496     /work2/11056/zwu/frontera/miniconda3/envs/libyt/lib/python3.13/site-packages/nvidia/cufft/lib/libcufft.so.11
2b7c6ef88000-2b7c6f233000 rw-p 00000000 00:00 0 
2b7c6f233000-2b7c7ba68000 r-xp 00000000 3d8:ad14e 144134881776053875     /work2/11056/zwu/frontera/miniconda3/envs/libyt/lib/python3.13/site-packages/cusparselt/lib/libcusparseLt.so.0
2b7c7ba68000-2b7c7bc68000 ---p 0c835000 3d8:ad14e 144134881776053875     /work2/11056/zwu/frontera/miniconda3/envs/libyt/lib/python3.13/site-packages/cusparselt/lib/libcusparseLt.so.0
2b7c7bc68000-2b7c7bc8a000 r--p 0c835000 3d8:ad14e 144134881776053875     /work2/11056/zwu/frontera/miniconda3/envs/libyt/lib/python3.13/site-packages/cusparselt/lib/libcusparseLt.so.0
2b7c7bc8a000-2b7c7bc90000 rw-p 0c857000 3d8:ad14e 144134881776053875     /work2/11056/zwu/frontera/miniconda3/envs/libyt/lib/python3.13/site-packages/cusparselt/lib/libcusparseLt.so.0
2b7c7bc90000-2b7c7be81000 rw-p 00000000 00:00 0 
2b7c7be81000-2b7c7c0e4000 rw-p 0c85e000 3d8:ad14e 144134881776053875     /work2/11056/zwu/frontera/miniconda3/envs/libyt/lib/python3.13/site-packages/cusparselt/lib/libcusparseLt.so.0
2b7c7c0e4000-2b7c808c0000 r-xp 00000000 3d8:ad14e 144134881776058469     /work2/11056/zwu/frontera/miniconda3/envs/libyt/lib/python3.13/site-packages/nvidia/curand/lib/libcurand.so.10
2b7c808c0000-2b7c80ac0000 ---p 047dc000 3d8:ad14e 144134881776058469     /work2/11056/zwu/frontera/miniconda3/envs/libyt/lib/python3.13/site-packages/nvidia/curand/lib/libcurand.so.10
2b7c80ac0000-2b7c80ac6000 r--p 047dc000 3d8:ad14e 144134881776058469     /work2/11056/zwu/frontera/miniconda3/envs/libyt/lib/python3.13/site-packages/nvidia/curand/lib/libcurand.so.10
2b7c80ac6000-2b7c81ef2000 rw-p 047e2000 3d8:ad14e 144134881776058469     /work2/11056/zwu/frontera/miniconda3/envs/libyt/lib/python3.13/site-packages/nvidia/curand/lib/libcurand.so.10
2b7c81ef2000-2b7c8252a000 rw-p 00000000 00:00 0 
2b7c8252a000-2b7c88d9e000 r-xp 00000000 3d8:ad14e 144134881776058730     /work2/11056/zwu/frontera/miniconda3/envs/libyt/lib/python3.13/site-packages/nvidia/cublas/lib/libcublas.so.12
2b7c88d9e000-2b7c88f9e000 ---p 06874000 3d8:ad14e 144134881776058730     /work2/11056/zwu/frontera/miniconda3/envs/libyt/lib/python3.13/site-packages/nvidia/cublas/lib/libcublas.so.12
2b7c88f9e000-2b7c88faa000 r--p 06874000 3d8:ad14e 144134881776058730     /work2/11056/zwu/frontera/miniconda3/envs/libyt/lib/python3.13/site-packages/nvidia/cublas/lib/libcublas.so.12
2b7c88faa000-2b7c88fb1000 rw-p 06880000 3d8:ad14e 144134881776058730     /work2/11056/zwu/frontera/miniconda3/envs/libyt/lib/python3.13/site-packages/nvidia/cublas/lib/libcublas.so.12
2b7c88fb1000-2b7c88fbc000 rw-p 00000000 00:00 0 
2b7c88fbc000-2b7c9f962000 r-xp 00000000 3d8:ad14e 144134881776058731     /work2/11056/zwu/frontera/miniconda3/envs/libyt/lib/python3.13/site-packages/nvidia/cublas/lib/libcublasLt.so.12
2b7c9f962000-2b7c9fb62000 ---p 169a6000 3d8:ad14e 144134881776058731     /work2/11056/zwu/frontera/miniconda3/envs/libyt/lib/python3.13/site-packages/nvidia/cublas/lib/libcublasLt.so.12
2b7c9fb62000-2b7c9fd96000 r--p 169a6000 3d8:ad14e 144134881776058731     /work2/11056/zwu/frontera/miniconda3/envs/libyt/lib/python3.13/site-packages/nvidia/cublas/lib/libcublasLt.so.12
2b7c9fd96000-2b7ca3733000 rw-p 16bda000 3d8:ad14e 144134881776058731     /work2/11056/zwu/frontera/miniconda3/envs/libyt/lib/python3.13/site-packages/nvidia/cublas/lib/libcublasLt.so.12
2b7ca3733000-2b7ca6f18000 rw-p 00000000 00:00 0 
2b7ca6f18000-2b7cb54d8000 r-xp 00000000 3d8:ad14e 144134881776058429     /work2/11056/zwu/frontera/miniconda3/envs/libyt/lib/python3.13/site-packages/nvidia/nccl/lib/libnccl.so.2
2b7cb54d8000-2b7cb56d8000 ---p 0e5c0000 3d8:ad14e 144134881776058429     /work2/11056/zwu/frontera/miniconda3/envs/libyt/lib/python3.13/site-packages/nvidia/nccl/lib/libnccl.so.2
2b7cb56d8000-2b7cb56e1000 r--p 0e5c0000 3d8:ad14e 144134881776058429     /work2/11056/zwu/frontera/miniconda3/envs/libyt/lib/python3.13/site-packages/nvidia/nccl/lib/libnccl.so.2
2b7cb56e1000-2b7cb56ed000 rw-p 0e5c9000 3d8:ad14e 144134881776058429     /work2/11056/zwu/frontera/miniconda3/envs/libyt/lib/python3.13/site-packages/nvidia/nccl/lib/libnccl.so.2
2b7cb56ed000-2b7cb5703000 rw-p 00000000 00:00 0 
2b7cb5703000-2b7cb5706000 r--p 00000000 3d8:ad14e 144134765124011961     /work2/11056/zwu/frontera/miniconda3/envs/libyt/lib/python3.13/lib-dynload/mmap.cpython-313-x86_64-linux-gnu.so
2b7cb5706000-2b7cb5709000 r-xp 00003000 3d8:ad14e 144134765124011961     /work2/11056/zwu/frontera/miniconda3/envs/libyt/lib/python3.13/lib-dynload/mmap.cpython-313-x86_64-linux-gnu.so
2b7cb5709000-2b7cb570b000 r--p 00006000 3d8:ad14e 144134765124011961     /work2/11056/zwu/frontera/miniconda3/envs/libyt/lib/python3.13/lib-dynload/mmap.cpython-313-x86_64-linux-gnu.so
2b7cb570b000-2b7cb570c000 r--p 00007000 3d8:ad14e 144134765124011961     /work2/11056/zwu/frontera/miniconda3/envs/libyt/lib/python3.13/lib-dynload/mmap.cpython-313-x86_64-linux-gnu.so
2b7cb570c000-2b7cb570d000 rw-p 00008000 3d8:ad14e 144134765124011961     /work2/11056/zwu/frontera/miniconda3/envs/libyt/lib/python3.13/lib-dynload/mmap.cpython-313-x86_64-linux-gnu.so
2b7cb570d000-2b7cb570f000 r--p 00000000 3d8:ad14e 144134765124013368     /work2/11056/zwu/frontera/miniconda3/envs/libyt/lib/python3.13/lib-dynload/_multiprocessing.cpython-313-x86_64-linux-gnu.so
2b7cb570f000-2b7cb5710000 r-xp 00002000 3d8:ad14e 144134765124013368     /work2/11056/zwu/frontera/miniconda3/envs/libyt/lib/python3.13/lib-dynload/_multiprocessing.cpython-313-x86_64-linux-gnu.so
2b7cb5710000-2b7cb5711000 r--p 00003000 3d8:ad14e 144134765124013368     /work2/11056/zwu/frontera/miniconda3/envs/libyt/lib/python3.13/lib-dynload/_multiprocessing.cpython-313-x86_64-linux-gnu.so
2b7cb5711000-2b7cb5712000 r--p 00003000 3d8:ad14e 144134765124013368     /work2/11056/zwu/frontera/miniconda3/envs/libyt/lib/python3.13/lib-dynload/_multiprocessing.cpython-313-x86_64-linux-gnu.so
2b7cb5712000-2b7cb5713000 rw-p 00004000 3d8:ad14e 144134765124013368     /work2/11056/zwu/frontera/miniconda3/envs/libyt/lib/python3.13/lib-dynload/_multiprocessing.cpython-313-x86_64-linux-gnu.so
2b7cb5713000-2b7cb5715000 r--p 00000000 3d8:ad14e 144134765124011931     /work2/11056/zwu/frontera/miniconda3/envs/libyt/lib/python3.13/lib-dynload/resource.cpython-313-x86_64-linux-gnu.so
2b7cb5715000-2b7cb5717000 r-xp 00002000 3d8:ad14e 144134765124011931     /work2/11056/zwu/frontera/miniconda3/envs/libyt/lib/python3.13/lib-dynload/resource.cpython-313-x86_64-linux-gnu.so
2b7cb5717000-2b7cb5718000 r--p 00004000 3d8:ad14e 144134765124011931     /work2/11056/zwu/frontera/miniconda3/envs/libyt/lib/python3.13/lib-dynload/resource.cpython-313-x86_64-linux-gnu.so
2b7cb5718000-2b7cb5719000 r--p 00004000 3d8:ad14e 144134765124011931     /work2/11056/zwu/frontera/miniconda3/envs/libyt/lib/python3.13/lib-dynload/resource.cpython-313-x86_64-linux-gnu.so
2b7cb5719000-2b7cb571a000 rw-p 00005000 3d8:ad14e 144134765124011931     /work2/11056/zwu/frontera/miniconda3/envs/libyt/lib/python3.13/lib-dynload/resource.cpython-313-x86_64-linux-gnu.so
2b7cb5722000-2b7cb576d000 r-xp 00000000 fd:00 404455870                  /usr/lib64/libmemkind.so.0.0.1
2b7cb576d000-2b7cb596d000 ---p 0004b000 fd:00 404455870                  /usr/lib64/libmemkind.so.0.0.1
2b7cb596d000-2b7cb5972000 r--p 0004b000 fd:00 404455870                  /usr/lib64/libmemkind.so.0.0.1
2b7cb5972000-2b7cb5975000 rw-p 00050000 fd:00 404455870                  /usr/lib64/libmemkind.so.0.0.1
2b7cb5975000-2b7cb5da2000 rw-p 00000000 00:00 0 
2b7cb5da2000-2b7cb5f8c000 ---p 00000000 00:00 0 
2b7cb5f8c000-2b7cb73dc000 rw-p 00000000 00:00 0 
2b7cb73dc000-2b7cb73f0000 r--p 00000000 3d8:ad14e 144134765124011647     /work2/11056/zwu/frontera/miniconda3/envs/libyt/lib/python3.13/lib-dynload/_ssl.cpython-313-x86_64-linux-gnu.so
2b7cb73f0000-2b7cb73fa000 r-xp 00014000 3d8:ad14e 144134765124011647     /work2/11056/zwu/frontera/miniconda3/envs/libyt/lib/python3.13/lib-dynload/_ssl.cpython-313-x86_64-linux-gnu.so
2b7cb73fa000-2b7cb7408000 r--p 0001e000 3d8:ad14e 144134765124011647     /work2/11056/zwu/frontera/miniconda3/envs/libyt/lib/python3.13/lib-dynload/_ssl.cpython-313-x86_64-linux-gnu.so
2b7cb7408000-2b7cb7409000 r--p 0002c000 3d8:ad14e 144134765124011647     /work2/11056/zwu/frontera/miniconda3/envs/libyt/lib/python3.13/lib-dynload/_ssl.cpython-313-x86_64-linux-gnu.so
2b7cb7409000-2b7cb7411000 rw-p 0002d000 3d8:ad14e 144134765124011647     /work2/11056/zwu/frontera/miniconda3/envs/libyt/lib/python3.13/lib-dynload/_ssl.cpython-313-x86_64-linux-gnu.so
2b7cb7411000-2b7cb7435000 r--p 00000000 3d8:ad14e 144134765124008460     /work2/11056/zwu/frontera/miniconda3/envs/libyt/lib/libssl.so.3
2b7cb7435000-2b7cb74cf000 r-xp 00024000 3d8:ad14e 144134765124008460     /work2/11056/zwu/frontera/miniconda3/envs/libyt/lib/libssl.so.3
2b7cb74cf000-2b7cb74ff000 r--p 000be000 3d8:ad14e 144134765124008460     /work2/11056/zwu/frontera/miniconda3/envs/libyt/lib/libssl.so.3
2b7cb74ff000-2b7cb7509000 r--p 000ee000 3d8:ad14e 144134765124008460     /work2/11056/zwu/frontera/miniconda3/envs/libyt/lib/libssl.so.3
2b7cb7509000-2b7cb750d000 rw-p 000f8000 3d8:ad14e 144134765124008460     /work2/11056/zwu/frontera/miniconda3/envs/libyt/lib/libssl.so.3
2b7cb750d000-2b7cb790d000 rw-p 00000000 00:00 0 
2b7cb790d000-2b7cb7912000 r--p 00000000 3d8:ad14e 144134765124012998     /work2/11056/zwu/frontera/miniconda3/envs/libyt/lib/python3.13/lib-dynload/_asyncio.cpython-313-x86_64-linux-gnu.so
2b7cb7912000-2b7cb7918000 r-xp 00005000 3d8:ad14e 144134765124012998     /work2/11056/zwu/frontera/miniconda3/envs/libyt/lib/python3.13/lib-dynload/_asyncio.cpython-313-x86_64-linux-gnu.so
2b7cb7918000-2b7cb791c000 r--p 0000b000 3d8:ad14e 144134765124012998     /work2/11056/zwu/frontera/miniconda3/envs/libyt/lib/python3.13/lib-dynload/_asyncio.cpython-313-x86_64-linux-gnu.so
2b7cb791c000-2b7cb791d000 r--p 0000f000 3d8:ad14e 144134765124012998     /work2/11056/zwu/frontera/miniconda3/envs/libyt/lib/python3.13/lib-dynload/_asyncio.cpython-313-x86_64-linux-gnu.so
2b7cb791d000-2b7cb791f000 rw-p 00010000 3d8:ad14e 144134765124012998     /work2/11056/zwu/frontera/miniconda3/envs/libyt/lib/python3.13/lib-dynload/_asyncio.cpython-313-x86_64-linux-gnu.so
2b7cb791f000-2b7cc17e2000 rw-p 00000000 00:00 0 
2b7cc17e2000-2b7cc17e7000 r--p 00000000 3d8:ad14e 144134765124018054     /work2/11056/zwu/frontera/miniconda3/envs/libyt/lib/python3.13/site-packages/numpy/random/_bounded_integers.cpython-313-x86_64-linux-gnu.so
2b7cc17e7000-2b7cc1825000 r-xp 00005000 3d8:ad14e 144134765124018054     /work2/11056/zwu/frontera/miniconda3/envs/libyt/lib/python3.13/site-packages/numpy/random/_bounded_integers.cpython-313-x86_64-linux-gnu.so
2b7cc1825000-2b7cc182d000 r--p 00043000 3d8:ad14e 144134765124018054     /work2/11056/zwu/frontera/miniconda3/envs/libyt/lib/python3.13/site-packages/numpy/random/_bounded_integers.cpython-313-x86_64-linux-gnu.so
2b7cc182d000-2b7cc182e000 r--p 0004b000 3d8:ad14e 144134765124018054     /work2/11056/zwu/frontera/miniconda3/envs/libyt/lib/python3.13/site-packages/numpy/random/_bounded_integers.cpython-313-x86_64-linux-gnu.so
2b7cc182e000-2b7cc182f000 rw-p 0004c000 3d8:ad14e 144134765124018054     /work2/11056/zwu/frontera/miniconda3/envs/libyt/lib/python3.13/site-packages/numpy/random/_bounded_integers.cpython-313-x86_64-linux-gnu.so
2b7cc182f000-2b7cc1835000 r--p 00000000 3d8:ad14e 144134765124018089     /work2/11056/zwu/frontera/miniconda3/envs/libyt/lib/python3.13/site-packages/numpy/random/bit_generator.cpython-313-x86_64-linux-gnu.so
2b7cc1835000-2b7cc1850000 r-xp 00006000 3d8:ad14e 144134765124018089     /work2/11056/zwu/frontera/miniconda3/envs/libyt/lib/python3.13/site-packages/numpy/random/bit_generator.cpython-313-x86_64-linux-gnu.so
2b7cc1850000-2b7cc1859000 r--p 00021000 3d8:ad14e 144134765124018089     /work2/11056/zwu/frontera/miniconda3/envs/libyt/lib/python3.13/site-packages/numpy/random/bit_generator.cpython-313-x86_64-linux-gnu.so
2b7cc1859000-2b7cc185a000 r--p 0002a000 3d8:ad14e 144134765124018089     /work2/11056/zwu/frontera/miniconda3/envs/libyt/lib/python3.13/site-packages/numpy/random/bit_generator.cpython-313-x86_64-linux-gnu.so
2b7cc185a000-2b7cc185c000 rw-p 0002b000 3d8:ad14e 144134765124018089     /work2/11056/zwu/frontera/miniconda3/envs/libyt/lib/python3.13/site-packages/numpy/random/bit_generator.cpython-313-x86_64-linux-gnu.so
2b7cc185c000-2b7cc1861000 r--p 00000000 3d8:ad14e 144134765124018057     /work2/11056/zwu/frontera/miniconda3/envs/libyt/lib/python3.13/site-packages/numpy/random/_common.cpython-313-x86_64-linux-gnu.so
2b7cc1861000-2b7cc1893000 r-xp 00005000 3d8:ad14e 144134765124018057     /work2/11056/zwu/frontera/miniconda3/envs/libyt/lib/python3.13/site-packages/numpy/random/_common.cpython-313-x86_64-linux-gnu.so
2b7cc1893000-2b7cc1897000 r--p 00037000 3d8:ad14e 144134765124018057     /work2/11056/zwu/frontera/miniconda3/envs/libyt/lib/python3.13/site-packages/numpy/random/_common.cpython-313-x86_64-linux-gnu.so
2b7cc1897000-2b7cc1898000 r--p 0003a000 3d8:ad14e 144134765124018057     /work2/11056/zwu/frontera/miniconda3/envs/libyt/lib/python3.13/site-packages/numpy/random/_common.cpython-313-x86_64-linux-gnu.so
2b7cc1898000-2b7cc1899000 rw-p 0003b000 3d8:ad14e 144134765124018057     /work2/11056/zwu/frontera/miniconda3/envs/libyt/lib/python3.13/site-packages/numpy/random/_common.cpython-313-x86_64-linux-gnu.so
2b7cc1899000-2b7cc18a3000 r--p 00000000 3d8:ad14e 144134765124018077     /work2/11056/zwu/frontera/miniconda3/envs/libyt/lib/python3.13/site-packages/numpy/random/_generator.cpython-313-x86_64-linux-gnu.so
2b7cc18a3000-2b7cc190e000 r-xp 0000a000 3d8:ad14e 144134765124018077     /work2/11056/zwu/frontera/miniconda3/envs/libyt/lib/python3.13/site-packages/numpy/random/_generator.cpython-313-x86_64-linux-gnu.so
2b7cc190e000-2b7cc194a000 r--p 00075000 3d8:ad14e 144134765124018077     /work2/11056/zwu/frontera/miniconda3/envs/libyt/lib/python3.13/site-packages/numpy/random/_generator.cpython-313-x86_64-linux-gnu.so
2b7cc194a000-2b7cc194b000 r--p 000b1000 3d8:ad14e 144134765124018077     /work2/11056/zwu/frontera/miniconda3/envs/libyt/lib/python3.13/site-packages/numpy/random/_generator.cpython-313-x86_64-linux-gnu.so
2b7cc194b000-2b7cc194e000 rw-p 000b2000 3d8:ad14e 144134765124018077     /work2/11056/zwu/frontera/miniconda3/envs/libyt/lib/python3.13/site-packages/numpy/random/_generator.cpython-313-x86_64-linux-gnu.so
2b7cc194e000-2b7cc194f000 rw-p 00000000 00:00 0 
2b7cc194f000-2b7cc1954000 r--p 00000000 3d8:ad14e 144134765124018081     /work2/11056/zwu/frontera/miniconda3/envs/libyt/lib/python3.13/site-packages/numpy/random/_pcg64.cpython-313-x86_64-linux-gnu.so
2b7cc1954000-2b7cc1963000 r-xp 00005000 3d8:ad14e 144134765124018081     /work2/11056/zwu/frontera/miniconda3/envs/libyt/lib/python3.13/site-packages/numpy/random/_pcg64.cpython-313-x86_64-linux-gnu.so
2b7cc1963000-2b7cc1969000 r--p 00014000 3d8:ad14e 144134765124018081     /work2/11056/zwu/frontera/miniconda3/envs/libyt/lib/python3.13/site-packages/numpy/random/_pcg64.cpython-313-x86_64-linux-gnu.so
2b7cc1969000-2b7cc196a000 r--p 00019000 3d8:ad14e 144134765124018081     /work2/11056/zwu/frontera/miniconda3/envs/libyt/lib/python3.13/site-packages/numpy/random/_pcg64.cpython-313-x86_64-linux-gnu.so
2b7cc196a000-2b7cc196b000 rw-p 0001a000 3d8:ad14e 144134765124018081     /work2/11056/zwu/frontera/miniconda3/envs/libyt/lib/python3.13/site-packages/numpy/random/_pcg64.cpython-313-x86_64-linux-gnu.so
2b7cc196b000-2b7cc196c000 rw-p 00000000 00:00 0 
2b7cc196c000-2b7cc1970000 r--p 00000000 3d8:ad14e 144134765124018079     /work2/11056/zwu/frontera/miniconda3/envs/libyt/lib/python3.13/site-packages/numpy/random/_mt19937.cpython-313-x86_64-linux-gnu.so
2b7cc1970000-2b7cc197e000 r-xp 00004000 3d8:ad14e 144134765124018079     /work2/11056/zwu/frontera/miniconda3/envs/libyt/lib/python3.13/site-packages/numpy/random/_mt19937.cpython-313-x86_64-linux-gnu.so
2b7cc197e000-2b7cc1984000 r--p 00012000 3d8:ad14e 144134765124018079     /work2/11056/zwu/frontera/miniconda3/envs/libyt/lib/python3.13/site-packages/numpy/random/_mt19937.cpython-313-x86_64-linux-gnu.so
2b7cc1984000-2b7cc1985000 r--p 00017000 3d8:ad14e 144134765124018079     /work2/11056/zwu/frontera/miniconda3/envs/libyt/lib/python3.13/site-packages/numpy/random/_mt19937.cpython-313-x86_64-linux-gnu.so
2b7cc1985000-2b7cc1986000 rw-p 00018000 3d8:ad14e 144134765124018079     /work2/11056/zwu/frontera/miniconda3/envs/libyt/lib/python3.13/site-packages/numpy/random/_mt19937.cpython-313-x86_64-linux-gnu.so
2b7cc1986000-2b7cc198b000 r--p 00000000 3d8:ad14e 144134765124018083     /work2/11056/zwu/frontera/miniconda3/envs/libyt/lib/python3.13/site-packages/numpy/random/_philox.cpython-313-x86_64-linux-gnu.so
2b7cc198b000-2b7cc1996000 r-xp 00005000 3d8:ad14e 144134765124018083     /work2/11056/zwu/frontera/miniconda3/envs/libyt/lib/python3.13/site-packages/numpy/random/_philox.cpython-313-x86_64-linux-gnu.so
2b7cc1996000-2b7cc199b000 r--p 00010000 3d8:ad14e 144134765124018083     /work2/11056/zwu/frontera/miniconda3/envs/libyt/lib/python3.13/site-packages/numpy/random/_philox.cpython-313-x86_64-linux-gnu.so
2b7cc199b000-2b7cc199c000 r--p 00014000 3d8:ad14e 144134765124018083     /work2/11056/zwu/frontera/miniconda3/envs/libyt/lib/python3.13/site-packages/numpy/random/_philox.cpython-313-x86_64-linux-gnu.so
2b7cc199c000-2b7cc199d000 rw-p 00015000 3d8:ad14e 144134765124018083     /work2/11056/zwu/frontera/miniconda3/envs/libyt/lib/python3.13/site-packages/numpy/random/_philox.cpython-313-x86_64-linux-gnu.so
2b7cc199d000-2b7cc19a1000 r--p 00000000 3d8:ad14e 144134765124018087     /work2/11056/zwu/frontera/miniconda3/envs/libyt/lib/python3.13/site-packages/numpy/random/_sfc64.cpython-313-x86_64-linux-gnu.so
2b7cc19a1000-2b7cc19a9000 r-xp 00004000 3d8:ad14e 144134765124018087     /work2/11056/zwu/frontera/miniconda3/envs/libyt/lib/python3.13/site-packages/numpy/random/_sfc64.cpython-313-x86_64-linux-gnu.so
2b7cc19a9000-2b7cc19ac000 r--p 0000c000 3d8:ad14e 144134765124018087     /work2/11056/zwu/frontera/miniconda3/envs/libyt/lib/python3.13/site-packages/numpy/random/_sfc64.cpython-313-x86_64-linux-gnu.so
2b7cc19ac000-2b7cc19ad000 r--p 0000f000 3d8:ad14e 144134765124018087     /work2/11056/zwu/frontera/miniconda3/envs/libyt/lib/python3.13/site-packages/numpy/random/_sfc64.cpython-313-x86_64-linux-gnu.so
2b7cc19ad000-2b7cc19ae000 rw-p 00010000 3d8:ad14e 144134765124018087     /work2/11056/zwu/frontera/miniconda3/envs/libyt/lib/python3.13/site-packages/numpy/random/_sfc64.cpython-313-x86_64-linux-gnu.so
2b7cc19ae000-2b7cc19b5000 r--p 00000000 3d8:ad14e 144134765124018095     /work2/11056/zwu/frontera/miniconda3/envs/libyt/lib/python3.13/site-packages/numpy/random/mtrand.cpython-313-x86_64-linux-gnu.so
2b7cc19b5000-2b7cc1a00000 r-xp 00007000 3d8:ad14e 144134765124018095     /work2/11056/zwu/frontera/miniconda3/envs/libyt/lib/python3.13/site-packages/numpy/random/mtrand.cpython-313-x86_64-linux-gnu.so
2b7cc1a00000-2b7cc1a37000 r--p 00052000 3d8:ad14e 144134765124018095     /work2/11056/zwu/frontera/miniconda3/envs/libyt/lib/python3.13/site-packages/numpy/random/mtrand.cpython-313-x86_64-linux-gnu.so
2b7cc1a37000-2b7cc1a38000 r--p 00089000 3d8:ad14e 144134765124018095     /work2/11056/zwu/frontera/miniconda3/envs/libyt/lib/python3.13/site-packages/numpy/random/mtrand.cpython-313-x86_64-linux-gnu.so
2b7cc1a38000-2b7cc1a3a000 rw-p 0008a000 3d8:ad14e 144134765124018095     /work2/11056/zwu/frontera/miniconda3/envs/libyt/lib/python3.13/site-packages/numpy/random/mtrand.cpython-313-x86_64-linux-gnu.so
2b7cc1a3a000-2b7cc1b3b000 rw-p 00000000 00:00 0 
2b7cc1b3b000-2b7cc1b3e000 r--p 00000000 3d8:ad14e 144134765124017732     /work2/11056/zwu/frontera/miniconda3/envs/libyt/lib/python3.13/site-packages/numpy/fft/_pocketfft_umath.cpython-313-x86_64-linux-gnu.so
2b7cc1b3e000-2b7cc1bac000 r-xp 00003000 3d8:ad14e 144134765124017732     /work2/11056/zwu/frontera/miniconda3/envs/libyt/lib/python3.13/site-packages/numpy/fft/_pocketfft_umath.cpython-313-x86_64-linux-gnu.so
2b7cc1bac000-2b7cc1bb2000 r--p 00071000 3d8:ad14e 144134765124017732     /work2/11056/zwu/frontera/miniconda3/envs/libyt/lib/python3.13/site-packages/numpy/fft/_pocketfft_umath.cpython-313-x86_64-linux-gnu.so
2b7cc1bb2000-2b7cc1bb3000 r--p 00076000 3d8:ad14e 144134765124017732     /work2/11056/zwu/frontera/miniconda3/envs/libyt/lib/python3.13/site-packages/numpy/fft/_pocketfft_umath.cpython-313-x86_64-linux-gnu.so
2b7cc1bb3000-2b7cc1bb4000 rw-p 00077000 3d8:ad14e 144134765124017732     /work2/11056/zwu/frontera/miniconda3/envs/libyt/lib/python3.13/site-packages/numpy/fft/_pocketfft_umath.cpython-313-x86_64-linux-gnu.so
2b7cc1bb4000-2b7cc25b4000 rw-p 00000000 00:00 0 
2b7cc25b4000-2b7cc2b74000 rwxp 00000000 00:00 0 
2b7cc2b74000-2b7cc3099000 rw-p 00000000 00:00 0 
2b7cc3099000-2b7cc30a1000 r--p 00000000 3d8:ad14e 144134765124032312     /work2/11056/zwu/frontera/miniconda3/envs/libyt/lib/python3.13/site-packages/matplotlib/backends/_backend_agg.cpython-313-x86_64-linux-gnu.so
2b7cc30a1000-2b7cc30ff000 r-xp 00008000 3d8:ad14e 144134765124032312     /work2/11056/zwu/frontera/miniconda3/envs/libyt/lib/python3.13/site-packages/matplotlib/backends/_backend_agg.cpython-313-x86_64-linux-gnu.so
2b7cc30ff000-2b7cc310f000 r--p 00066000 3d8:ad14e 144134765124032312     /work2/11056/zwu/frontera/miniconda3/envs/libyt/lib/python3.13/site-packages/matplotlib/backends/_backend_agg.cpython-313-x86_64-linux-gnu.so
2b7cc310f000-2b7cc3111000 r--p 00075000 3d8:ad14e 144134765124032312     /work2/11056/zwu/frontera/miniconda3/envs/libyt/lib/python3.13/site-packages/matplotlib/backends/_backend_agg.cpython-313-x86_64-linux-gnu.so
2b7cc3111000-2b7cc3112000 rw-p 00077000 3d8:ad14e 144134765124032312     /work2/11056/zwu/frontera/miniconda3/envs/libyt/lib/python3.13/site-packages/matplotlib/backends/_backend_agg.cpython-313-x86_64-linux-gnu.so
2b7cc3112000-2b7cc3313000 rw-p 00000000 00:00 0 
2b7cc3313000-2b7ccb313000 rw-p 00000000 00:00 0 
2b7ccb313000-2b7ccdd5d000 rw-p 00000000 00:00 0 
7f0000000000-7f0003000000 rw-p 00000000 00:00 0 
7f1000000000-7f1000200000 rw-p 00000000 00:00 0 
7f2000000000-7f2002600000 rw-p 00000000 00:00 0 
7fffbfa7c000-7fffc0187000 rw-p 00000000 00:00 0                          [stack]
7fffc01c5000-7fffc01c7000 r-xp 00000000 00:00 0                          [vdso]
ffffffffff600000-ffffffffff601000 r-xp 00000000 00:00 0                  [vsyscall]
