/home1/11056/zwu/.bashrc: line 30: conda: command not found
/home1/11056/zwu/.bashrc: line 30: conda: command not found
/home1/11056/zwu/.bashrc: line 30: conda: command not found
/home1/11056/zwu/.bashrc: line 30: conda: command not found
/home1/11056/zwu/.bashrc: line 30: conda: command not found
/home1/11056/zwu/.bashrc: line 30: conda: command not found
/home1/11056/zwu/.bashrc: line 30: conda: command not found
/home1/11056/zwu/.bashrc: line 30: conda: command not found
/home1/11056/zwu/.bashrc: line 30: conda: command not found
/home1/11056/zwu/.bashrc: line 30: conda: command not found
/home1/11056/zwu/.bashrc: line 30: conda: command not found
/home1/11056/zwu/.bashrc: line 30: conda: command not found
/home1/11056/zwu/.bashrc: line 30: conda: command not found
/home1/11056/zwu/.bashrc: line 30: conda: command not found
/home1/11056/zwu/.bashrc: line 30: conda: command not found
/home1/11056/zwu/.bashrc: line 30: conda: command not found
/home1/11056/zwu/.bashrc: line 30: conda: command not found
/home1/11056/zwu/.bashrc: line 30: conda: command not found
/home1/11056/zwu/.bashrc: line 30: conda: command not found
warning: the following parameter line was not interpreted:
use_grackle                 = 1
warning: the following parameter line was not interpreted:
with_radiative_cooling      = 1
warning: the following parameter line was not interpreted:
use_volumetric_heating_rate = 0
warning: the following parameter line was not interpreted:
use_specific_heating_rate   = 0
warning: the following parameter line was not interpreted:
self_shielding_method       = 1
warning: the following parameter line was not interpreted:
H2_self_shielding           = 0
warning: the following parameter line was not interpreted:
UVbackground                = 1
warning: the following parameter line was not interpreted:
Compton_xray_heating        = 0
warning: the following parameter line was not interpreted:
LWbackground_intensity      = 0.000000
warning: the following parameter line was not interpreted:
LWbackground_sawtooth_suppression = 0
warning: the following parameter line was not interpreted:
dust_chemistry              = 0
warning: the following parameter line was not interpreted:
local_dust_to_gas_ratio     = 0.009387
warning: the following parameter line was not interpreted:
use_isrf_field              = 0
warning: the following parameter line was not interpreted:
use_dust_density_field      = 0
Output to Global Dir .
Successfully read ParameterFile z_0015/z_0015.
yt : [INFO     ] 2026-07-29 19:52:54,932 Global parallel computation enabled: 392 / 560
yt : [INFO     ] 2026-07-29 19:52:54,932 Global parallel computation enabled: 396 / 560
yt : [INFO     ] 2026-07-29 19:52:54,932 Global parallel computation enabled: 400 / 560
yt : [INFO     ] 2026-07-29 19:52:54,932 Global parallel computation enabled: 398 / 560
yt : [INFO     ] 2026-07-29 19:52:54,932 Global parallel computation enabled: 401 / 560
yt : [INFO     ] 2026-07-29 19:52:54,934 Global parallel computation enabled: 224 / 560
yt : [INFO     ] 2026-07-29 19:52:54,932 Global parallel computation enabled: 404 / 560
yt : [INFO     ] 2026-07-29 19:52:54,934 Global parallel computation enabled: 226 / 560
yt : [INFO     ] 2026-07-29 19:52:54,932 Global parallel computation enabled: 405 / 560
yt : [INFO     ] 2026-07-29 19:52:54,934 Global parallel computation enabled: 265 / 560
yt : [INFO     ] 2026-07-29 19:52:54,934 Global parallel computation enabled: 377 / 560
yt : [INFO     ] 2026-07-29 19:52:54,934 Global parallel computation enabled: 231 / 560
yt : [INFO     ] 2026-07-29 19:52:54,932 Global parallel computation enabled: 411 / 560
yt : [INFO     ] 2026-07-29 19:52:54,934 Global parallel computation enabled: 381 / 560
yt : [INFO     ] 2026-07-29 19:52:54,934 Global parallel computation enabled: 236 / 560
yt : [INFO     ] 2026-07-29 19:52:54,932 Global parallel computation enabled: 419 / 560
yt : [INFO     ] 2026-07-29 19:52:54,934 Global parallel computation enabled: 266 / 560
yt : [INFO     ] 2026-07-29 19:52:54,934 Global parallel computation enabled: 384 / 560
yt : [INFO     ] 2026-07-29 19:52:54,934 Global parallel computation enabled: 237 / 560
yt : [INFO     ] 2026-07-29 19:52:54,934 Global parallel computation enabled: 516 / 560
yt : [INFO     ] 2026-07-29 19:52:54,932 Global parallel computation enabled: 89 / 560
yt : [INFO     ] 2026-07-29 19:52:54,932 Global parallel computation enabled: 408 / 560
yt : [INFO     ] 2026-07-29 19:52:54,934 Global parallel computation enabled: 271 / 560
yt : [INFO     ] 2026-07-29 19:52:54,934 Global parallel computation enabled: 387 / 560
yt : [INFO     ] 2026-07-29 19:52:54,934 Global parallel computation enabled: 179 / 560
yt : [INFO     ] 2026-07-29 19:52:54,934 Global parallel computation enabled: 487 / 560
yt : [INFO     ] 2026-07-29 19:52:54,932 Global parallel computation enabled: 4 / 560
yt : [INFO     ] 2026-07-29 19:52:54,934 Global parallel computation enabled: 535 / 560
yt : [INFO     ] 2026-07-29 19:52:54,934 Global parallel computation enabled: 238 / 560
yt : [INFO     ] 2026-07-29 19:52:54,934 Global parallel computation enabled: 518 / 560
yt : [INFO     ] 2026-07-29 19:52:54,932 Global parallel computation enabled: 95 / 560
yt : [INFO     ] 2026-07-29 19:52:54,932 Global parallel computation enabled: 416 / 560
yt : [INFO     ] 2026-07-29 19:52:54,934 Global parallel computation enabled: 275 / 560
yt : [INFO     ] 2026-07-29 19:52:54,934 Global parallel computation enabled: 388 / 560
yt : [INFO     ] 2026-07-29 19:52:54,934 Global parallel computation enabled: 182 / 560
yt : [INFO     ] 2026-07-29 19:52:54,934 Global parallel computation enabled: 488 / 560
yt : [INFO     ] 2026-07-29 19:52:54,932 Global parallel computation enabled: 15 / 560
yt : [INFO     ] 2026-07-29 19:52:54,934 Global parallel computation enabled: 541 / 560
yt : [INFO     ] 2026-07-29 19:52:54,934 Global parallel computation enabled: 240 / 560
yt : [INFO     ] 2026-07-29 19:52:54,934 Global parallel computation enabled: 522 / 560
yt : [INFO     ] 2026-07-29 19:52:54,932 Global parallel computation enabled: 99 / 560
yt : [INFO     ] 2026-07-29 19:52:54,932 Global parallel computation enabled: 406 / 560
yt : [INFO     ] 2026-07-29 19:52:54,934 Global parallel computation enabled: 279 / 560
yt : [INFO     ] 2026-07-29 19:52:54,934 Global parallel computation enabled: 364 / 560
yt : [INFO     ] 2026-07-29 19:52:54,934 Global parallel computation enabled: 184 / 560
yt : [INFO     ] 2026-07-29 19:52:54,934 Global parallel computation enabled: 144 / 560
yt : [INFO     ] 2026-07-29 19:52:54,934 Global parallel computation enabled: 492 / 560
yt : [INFO     ] 2026-07-29 19:52:54,932 Global parallel computation enabled: 16 / 560
yt : [INFO     ] 2026-07-29 19:52:54,934 Global parallel computation enabled: 542 / 560
yt : [INFO     ] 2026-07-29 19:52:54,934 Global parallel computation enabled: 242 / 560
yt : [INFO     ] 2026-07-29 19:52:54,934 Global parallel computation enabled: 525 / 560
yt : [INFO     ] 2026-07-29 19:52:54,932 Global parallel computation enabled: 100 / 560
yt : [INFO     ] 2026-07-29 19:52:54,934 Global parallel computation enabled: 280 / 560
yt : [INFO     ] 2026-07-29 19:52:54,932 Global parallel computation enabled: 410 / 560
yt : [INFO     ] 2026-07-29 19:52:54,934 Global parallel computation enabled: 252 / 560
yt : [INFO     ] 2026-07-29 19:52:54,934 Global parallel computation enabled: 365 / 560
yt : [INFO     ] 2026-07-29 19:52:54,934 Global parallel computation enabled: 193 / 560
yt : [INFO     ] 2026-07-29 19:52:54,934 Global parallel computation enabled: 137 / 560
yt : [INFO     ] 2026-07-29 19:52:54,934 Global parallel computation enabled: 498 / 560
yt : [INFO     ] 2026-07-29 19:52:54,932 Global parallel computation enabled: 23 / 560
yt : [INFO     ] 2026-07-29 19:52:54,934 Global parallel computation enabled: 543 / 560
yt : [INFO     ] 2026-07-29 19:52:54,934 Global parallel computation enabled: 244 / 560
yt : [INFO     ] 2026-07-29 19:52:54,934 Global parallel computation enabled: 526 / 560
yt : [INFO     ] 2026-07-29 19:52:54,932 Global parallel computation enabled: 103 / 560
yt : [INFO     ] 2026-07-29 19:52:54,935 Global parallel computation enabled: 420 / 560
yt : [INFO     ] 2026-07-29 19:52:54,934 Global parallel computation enabled: 281 / 560
yt : [INFO     ] 2026-07-29 19:52:54,932 Global parallel computation enabled: 415 / 560
yt : [INFO     ] 2026-07-29 19:52:54,934 Global parallel computation enabled: 253 / 560
yt : [INFO     ] 2026-07-29 19:52:54,934 Global parallel computation enabled: 366 / 560
yt : [INFO     ] 2026-07-29 19:52:54,934 Global parallel computation enabled: 194 / 560
yt : [INFO     ] 2026-07-29 19:52:54,934 Global parallel computation enabled: 146 / 560
yt : [INFO     ] 2026-07-29 19:52:54,934 Global parallel computation enabled: 476 / 560
yt : [INFO     ] 2026-07-29 19:52:54,932 Global parallel computation enabled: 2 / 560
yt : [INFO     ] 2026-07-29 19:52:54,934 Global parallel computation enabled: 544 / 560
yt : [INFO     ] 2026-07-29 19:52:54,934 Global parallel computation enabled: 249 / 560
yt : [INFO     ] 2026-07-29 19:52:54,934 Global parallel computation enabled: 527 / 560
yt : [INFO     ] 2026-07-29 19:52:54,932 Global parallel computation enabled: 105 / 560
yt : [INFO     ] 2026-07-29 19:52:54,935 Global parallel computation enabled: 421 / 560
yt : [INFO     ] 2026-07-29 19:52:54,934 Global parallel computation enabled: 283 / 560
yt : [INFO     ] 2026-07-29 19:52:54,934 Global parallel computation enabled: 451 / 560
yt : [INFO     ] 2026-07-29 19:52:54,932 Global parallel computation enabled: 393 / 560
yt : [INFO     ] 2026-07-29 19:52:54,934 Global parallel computation enabled: 254 / 560
yt : [INFO     ] 2026-07-29 19:52:54,934 Global parallel computation enabled: 350 / 560
yt : [INFO     ] 2026-07-29 19:52:54,934 Global parallel computation enabled: 372 / 560
yt : [INFO     ] 2026-07-29 19:52:54,934 Global parallel computation enabled: 168 / 560
yt : [INFO     ] 2026-07-29 19:52:54,934 Global parallel computation enabled: 112 / 560
yt : [INFO     ] 2026-07-29 19:52:54,934 Global parallel computation enabled: 477 / 560
yt : [INFO     ] 2026-07-29 19:52:54,932 Global parallel computation enabled: 3 / 560
yt : [INFO     ] 2026-07-29 19:52:54,934 Global parallel computation enabled: 549 / 560
yt : [INFO     ] 2026-07-29 19:52:54,934 Global parallel computation enabled: 225 / 560
yt : [INFO     ] 2026-07-29 19:52:54,934 Global parallel computation enabled: 531 / 560
yt : [INFO     ] 2026-07-29 19:52:54,932 Global parallel computation enabled: 109 / 560
yt : [INFO     ] 2026-07-29 19:52:54,935 Global parallel computation enabled: 422 / 560
yt : [INFO     ] 2026-07-29 19:52:54,934 Global parallel computation enabled: 284 / 560
yt : [INFO     ] 2026-07-29 19:52:54,934 Global parallel computation enabled: 460 / 560
yt : [INFO     ] 2026-07-29 19:52:54,932 Global parallel computation enabled: 395 / 560
yt : [INFO     ] 2026-07-29 19:52:54,934 Global parallel computation enabled: 255 / 560
yt : [INFO     ] 2026-07-29 19:52:54,934 Global parallel computation enabled: 351 / 560
yt : [INFO     ] 2026-07-29 19:52:54,934 Global parallel computation enabled: 310 / 560
yt : [INFO     ] 2026-07-29 19:52:54,934 Global parallel computation enabled: 373 / 560
yt : [INFO     ] 2026-07-29 19:52:54,934 Global parallel computation enabled: 169 / 560
yt : [INFO     ] 2026-07-29 19:52:54,934 Global parallel computation enabled: 113 / 560
yt : [INFO     ] 2026-07-29 19:52:54,934 Global parallel computation enabled: 478 / 560
yt : [INFO     ] 2026-07-29 19:52:54,932 Global parallel computation enabled: 5 / 560
yt : [INFO     ] 2026-07-29 19:52:54,934 Global parallel computation enabled: 556 / 560
yt : [INFO     ] 2026-07-29 19:52:54,934 Global parallel computation enabled: 227 / 560
yt : [INFO     ] 2026-07-29 19:52:54,934 Global parallel computation enabled: 504 / 560
yt : [INFO     ] 2026-07-29 19:52:54,932 Global parallel computation enabled: 84 / 560
yt : [INFO     ] 2026-07-29 19:52:54,935 Global parallel computation enabled: 428 / 560
yt : [INFO     ] 2026-07-29 19:52:54,934 Global parallel computation enabled: 292 / 560
yt : [INFO     ] 2026-07-29 19:52:54,934 Global parallel computation enabled: 461 / 560
yt : [INFO     ] 2026-07-29 19:52:54,932 Global parallel computation enabled: 414 / 560
yt : [INFO     ] 2026-07-29 19:52:54,934 Global parallel computation enabled: 256 / 560
yt : [INFO     ] 2026-07-29 19:52:54,934 Global parallel computation enabled: 354 / 560
yt : [INFO     ] 2026-07-29 19:52:54,934 Global parallel computation enabled: 319 / 560
yt : [INFO     ] 2026-07-29 19:52:54,934 Global parallel computation enabled: 374 / 560
yt : [INFO     ] 2026-07-29 19:52:54,934 Global parallel computation enabled: 170 / 560
yt : [INFO     ] 2026-07-29 19:52:54,934 Global parallel computation enabled: 117 / 560
yt : [INFO     ] 2026-07-29 19:52:54,934 Global parallel computation enabled: 479 / 560
yt : [INFO     ] 2026-07-29 19:52:54,932 Global parallel computation enabled: 6 / 560
yt : [INFO     ] 2026-07-29 19:52:54,934 Global parallel computation enabled: 558 / 560
yt : [INFO     ] 2026-07-29 19:52:54,934 Global parallel computation enabled: 228 / 560
yt : [INFO     ] 2026-07-29 19:52:54,934 Global parallel computation enabled: 505 / 560
yt : [INFO     ] 2026-07-29 19:52:54,932 Global parallel computation enabled: 85 / 560
yt : [INFO     ] 2026-07-29 19:52:54,935 Global parallel computation enabled: 431 / 560
yt : [INFO     ] 2026-07-29 19:52:54,934 Global parallel computation enabled: 295 / 560
yt : [INFO     ] 2026-07-29 19:52:54,934 Global parallel computation enabled: 463 / 560
yt : [INFO     ] 2026-07-29 19:52:54,932 Global parallel computation enabled: 418 / 560
yt : [INFO     ] 2026-07-29 19:52:54,934 Global parallel computation enabled: 257 / 560
yt : [INFO     ] 2026-07-29 19:52:54,934 Global parallel computation enabled: 355 / 560
yt : [INFO     ] 2026-07-29 19:52:54,934 Global parallel computation enabled: 335 / 560
yt : [INFO     ] 2026-07-29 19:52:54,934 Global parallel computation enabled: 378 / 560
yt : [INFO     ] 2026-07-29 19:52:54,934 Global parallel computation enabled: 171 / 560
yt : [INFO     ] 2026-07-29 19:52:54,934 Global parallel computation enabled: 118 / 560
yt : [INFO     ] 2026-07-29 19:52:54,934 Global parallel computation enabled: 480 / 560
yt : [INFO     ] 2026-07-29 19:52:54,932 Global parallel computation enabled: 7 / 560
yt : [INFO     ] 2026-07-29 19:52:54,934 Global parallel computation enabled: 532 / 560
yt : [INFO     ] 2026-07-29 19:52:54,934 Global parallel computation enabled: 229 / 560
yt : [INFO     ] 2026-07-29 19:52:54,934 Global parallel computation enabled: 506 / 560
yt : [INFO     ] 2026-07-29 19:52:54,932 Global parallel computation enabled: 86 / 560
yt : [INFO     ] 2026-07-29 19:52:54,935 Global parallel computation enabled: 436 / 560
yt : [INFO     ] 2026-07-29 19:52:54,934 Global parallel computation enabled: 296 / 560
yt : [INFO     ] 2026-07-29 19:52:54,934 Global parallel computation enabled: 465 / 560
yt : [INFO     ] 2026-07-29 19:52:54,932 Global parallel computation enabled: 397 / 560
yt : [INFO     ] 2026-07-29 19:52:54,934 Global parallel computation enabled: 258 / 560
yt : [INFO     ] 2026-07-29 19:52:54,934 Global parallel computation enabled: 359 / 560
yt : [INFO     ] 2026-07-29 19:52:54,935 Global parallel computation enabled: 308 / 560
yt : [INFO     ] 2026-07-29 19:52:54,934 Global parallel computation enabled: 379 / 560
yt : [INFO     ] 2026-07-29 19:52:54,934 Global parallel computation enabled: 172 / 560
yt : [INFO     ] 2026-07-29 19:52:54,934 Global parallel computation enabled: 121 / 560
yt : [INFO     ] 2026-07-29 19:52:54,934 Global parallel computation enabled: 481 / 560
yt : [INFO     ] 2026-07-29 19:52:54,932 Global parallel computation enabled: 8 / 560
yt : [INFO     ] 2026-07-29 19:52:54,934 Global parallel computation enabled: 533 / 560
yt : [INFO     ] 2026-07-29 19:52:54,934 Global parallel computation enabled: 230 / 560
yt : [INFO     ] 2026-07-29 19:52:54,934 Global parallel computation enabled: 507 / 560
yt : [INFO     ] 2026-07-29 19:52:54,932 Global parallel computation enabled: 87 / 560
yt : [INFO     ] 2026-07-29 19:52:54,935 Global parallel computation enabled: 438 / 560
yt : [INFO     ] 2026-07-29 19:52:54,934 Global parallel computation enabled: 298 / 560
yt : [INFO     ] 2026-07-29 19:52:54,934 Global parallel computation enabled: 468 / 560
yt : [INFO     ] 2026-07-29 19:52:54,932 Global parallel computation enabled: 403 / 560
yt : [INFO     ] 2026-07-29 19:52:54,934 Global parallel computation enabled: 259 / 560
yt : [INFO     ] 2026-07-29 19:52:54,934 Global parallel computation enabled: 361 / 560
yt : [INFO     ] 2026-07-29 19:52:54,935 Global parallel computation enabled: 309 / 560
yt : [INFO     ] 2026-07-29 19:52:54,934 Global parallel computation enabled: 380 / 560
yt : [INFO     ] 2026-07-29 19:52:54,934 Global parallel computation enabled: 173 / 560
yt : [INFO     ] 2026-07-29 19:52:54,934 Global parallel computation enabled: 122 / 560
yt : [INFO     ] 2026-07-29 19:52:54,934 Global parallel computation enabled: 482 / 560
yt : [INFO     ] 2026-07-29 19:52:54,932 Global parallel computation enabled: 9 / 560
yt : [INFO     ] 2026-07-29 19:52:54,934 Global parallel computation enabled: 534 / 560
yt : [INFO     ] 2026-07-29 19:52:54,934 Global parallel computation enabled: 232 / 560
yt : [INFO     ] 2026-07-29 19:52:54,934 Global parallel computation enabled: 508 / 560
yt : [INFO     ] 2026-07-29 19:52:54,932 Global parallel computation enabled: 88 / 560
yt : [INFO     ] 2026-07-29 19:52:54,935 Global parallel computation enabled: 441 / 560
yt : [INFO     ] 2026-07-29 19:52:54,934 Global parallel computation enabled: 299 / 560
yt : [INFO     ] 2026-07-29 19:52:54,934 Global parallel computation enabled: 470 / 560
yt : [INFO     ] 2026-07-29 19:52:54,932 Global parallel computation enabled: 412 / 560
yt : [INFO     ] 2026-07-29 19:52:54,934 Global parallel computation enabled: 260 / 560
yt : [INFO     ] 2026-07-29 19:52:54,934 Global parallel computation enabled: 337 / 560
yt : [INFO     ] 2026-07-29 19:52:54,934 Global parallel computation enabled: 311 / 560
yt : [INFO     ] 2026-07-29 19:52:54,934 Global parallel computation enabled: 382 / 560
yt : [INFO     ] 2026-07-29 19:52:54,934 Global parallel computation enabled: 174 / 560
yt : [INFO     ] 2026-07-29 19:52:54,934 Global parallel computation enabled: 123 / 560
yt : [INFO     ] 2026-07-29 19:52:54,934 Global parallel computation enabled: 483 / 560
yt : [INFO     ] 2026-07-29 19:52:54,932 Global parallel computation enabled: 10 / 560
yt : [INFO     ] 2026-07-29 19:52:54,934 Global parallel computation enabled: 536 / 560
yt : [INFO     ] 2026-07-29 19:52:54,934 Global parallel computation enabled: 233 / 560
yt : [INFO     ] 2026-07-29 19:52:54,934 Global parallel computation enabled: 509 / 560
yt : [INFO     ] 2026-07-29 19:52:54,932 Global parallel computation enabled: 90 / 560
yt : [INFO     ] 2026-07-29 19:52:54,935 Global parallel computation enabled: 444 / 560
yt : [INFO     ] 2026-07-29 19:52:54,934 Global parallel computation enabled: 303 / 560
yt : [INFO     ] 2026-07-29 19:52:54,934 Global parallel computation enabled: 472 / 560
yt : [INFO     ] 2026-07-29 19:52:54,932 Global parallel computation enabled: 417 / 560
yt : [INFO     ] 2026-07-29 19:52:54,934 Global parallel computation enabled: 261 / 560
yt : [INFO     ] 2026-07-29 19:52:54,934 Global parallel computation enabled: 338 / 560
yt : [INFO     ] 2026-07-29 19:52:54,935 Global parallel computation enabled: 312 / 560
yt : [INFO     ] 2026-07-29 19:52:54,934 Global parallel computation enabled: 383 / 560
yt : [INFO     ] 2026-07-29 19:52:54,934 Global parallel computation enabled: 176 / 560
yt : [INFO     ] 2026-07-29 19:52:54,934 Global parallel computation enabled: 125 / 560
yt : [INFO     ] 2026-07-29 19:52:54,934 Global parallel computation enabled: 484 / 560
yt : [INFO     ] 2026-07-29 19:52:54,932 Global parallel computation enabled: 11 / 560
yt : [INFO     ] 2026-07-29 19:52:54,934 Global parallel computation enabled: 537 / 560
yt : [INFO     ] 2026-07-29 19:52:54,934 Global parallel computation enabled: 234 / 560
yt : [INFO     ] 2026-07-29 19:52:54,934 Global parallel computation enabled: 510 / 560
yt : [INFO     ] 2026-07-29 19:52:54,932 Global parallel computation enabled: 91 / 560
yt : [INFO     ] 2026-07-29 19:52:54,935 Global parallel computation enabled: 423 / 560
yt : [INFO     ] 2026-07-29 19:52:54,934 Global parallel computation enabled: 304 / 560
yt : [INFO     ] 2026-07-29 19:52:54,934 Global parallel computation enabled: 473 / 560
yt : [INFO     ] 2026-07-29 19:52:54,932 Global parallel computation enabled: 394 / 560
yt : [INFO     ] 2026-07-29 19:52:54,934 Global parallel computation enabled: 262 / 560
yt : [INFO     ] 2026-07-29 19:52:54,934 Global parallel computation enabled: 339 / 560
yt : [INFO     ] 2026-07-29 19:52:54,935 Global parallel computation enabled: 313 / 560
yt : [INFO     ] 2026-07-29 19:52:54,934 Global parallel computation enabled: 385 / 560
yt : [INFO     ] 2026-07-29 19:52:54,934 Global parallel computation enabled: 177 / 560
yt : [INFO     ] 2026-07-29 19:52:54,934 Global parallel computation enabled: 126 / 560
yt : [INFO     ] 2026-07-29 19:52:54,934 Global parallel computation enabled: 485 / 560
yt : [INFO     ] 2026-07-29 19:52:54,932 Global parallel computation enabled: 12 / 560
yt : [INFO     ] 2026-07-29 19:52:54,934 Global parallel computation enabled: 538 / 560
yt : [INFO     ] 2026-07-29 19:52:54,934 Global parallel computation enabled: 235 / 560
yt : [INFO     ] 2026-07-29 19:52:54,934 Global parallel computation enabled: 511 / 560
yt : [INFO     ] 2026-07-29 19:52:54,932 Global parallel computation enabled: 92 / 560
yt : [INFO     ] 2026-07-29 19:52:54,935 Global parallel computation enabled: 424 / 560
yt : [INFO     ] 2026-07-29 19:52:54,934 Global parallel computation enabled: 282 / 560
yt : [INFO     ] 2026-07-29 19:52:54,934 Global parallel computation enabled: 474 / 560
yt : [INFO     ] 2026-07-29 19:52:54,932 Global parallel computation enabled: 399 / 560
yt : [INFO     ] 2026-07-29 19:52:54,934 Global parallel computation enabled: 263 / 560
yt : [INFO     ] 2026-07-29 19:52:54,934 Global parallel computation enabled: 340 / 560
yt : [INFO     ] 2026-07-29 19:52:54,934 Global parallel computation enabled: 314 / 560
yt : [INFO     ] 2026-07-29 19:52:54,934 Global parallel computation enabled: 386 / 560
yt : [INFO     ] 2026-07-29 19:52:54,934 Global parallel computation enabled: 178 / 560
yt : [INFO     ] 2026-07-29 19:52:54,934 Global parallel computation enabled: 127 / 560
yt : [INFO     ] 2026-07-29 19:52:54,934 Global parallel computation enabled: 486 / 560
yt : [INFO     ] 2026-07-29 19:52:54,932 Global parallel computation enabled: 14 / 560
yt : [INFO     ] 2026-07-29 19:52:54,934 Global parallel computation enabled: 539 / 560
yt : [INFO     ] 2026-07-29 19:52:54,934 Global parallel computation enabled: 239 / 560
yt : [INFO     ] 2026-07-29 19:52:54,934 Global parallel computation enabled: 512 / 560
yt : [INFO     ] 2026-07-29 19:52:54,932 Global parallel computation enabled: 93 / 560
yt : [INFO     ] 2026-07-29 19:52:54,935 Global parallel computation enabled: 426 / 560
yt : [INFO     ] 2026-07-29 19:52:54,934 Global parallel computation enabled: 285 / 560
yt : [INFO     ] 2026-07-29 19:52:54,934 Global parallel computation enabled: 475 / 560
yt : [INFO     ] 2026-07-29 19:52:54,932 Global parallel computation enabled: 402 / 560
yt : [INFO     ] 2026-07-29 19:52:54,934 Global parallel computation enabled: 264 / 560
yt : [INFO     ] 2026-07-29 19:52:54,934 Global parallel computation enabled: 341 / 560
yt : [INFO     ] 2026-07-29 19:52:54,935 Global parallel computation enabled: 315 / 560
yt : [INFO     ] 2026-07-29 19:52:54,934 Global parallel computation enabled: 389 / 560
yt : [INFO     ] 2026-07-29 19:52:54,934 Global parallel computation enabled: 180 / 560
yt : [INFO     ] 2026-07-29 19:52:54,934 Global parallel computation enabled: 128 / 560
yt : [INFO     ] 2026-07-29 19:52:54,934 Global parallel computation enabled: 489 / 560
yt : [INFO     ] 2026-07-29 19:52:54,932 Global parallel computation enabled: 17 / 560
yt : [INFO     ] 2026-07-29 19:52:54,934 Global parallel computation enabled: 540 / 560
yt : [INFO     ] 2026-07-29 19:52:54,934 Global parallel computation enabled: 241 / 560
yt : [INFO     ] 2026-07-29 19:52:54,934 Global parallel computation enabled: 513 / 560
yt : [INFO     ] 2026-07-29 19:52:54,933 Global parallel computation enabled: 62 / 560
yt : [INFO     ] 2026-07-29 19:52:54,935 Global parallel computation enabled: 427 / 560
yt : [INFO     ] 2026-07-29 19:52:54,934 Global parallel computation enabled: 286 / 560
yt : [INFO     ] 2026-07-29 19:52:54,934 Global parallel computation enabled: 448 / 560
yt : [INFO     ] 2026-07-29 19:52:54,932 Global parallel computation enabled: 407 / 560
yt : [INFO     ] 2026-07-29 19:52:54,934 Global parallel computation enabled: 267 / 560
yt : [INFO     ] 2026-07-29 19:52:54,934 Global parallel computation enabled: 342 / 560
yt : [INFO     ] 2026-07-29 19:52:54,935 Global parallel computation enabled: 316 / 560
yt : [INFO     ] 2026-07-29 19:52:54,934 Global parallel computation enabled: 390 / 560
yt : [INFO     ] 2026-07-29 19:52:54,934 Global parallel computation enabled: 181 / 560
yt : [INFO     ] 2026-07-29 19:52:54,934 Global parallel computation enabled: 129 / 560
yt : [INFO     ] 2026-07-29 19:52:54,934 Global parallel computation enabled: 490 / 560
yt : [INFO     ] 2026-07-29 19:52:54,932 Global parallel computation enabled: 18 / 560
yt : [INFO     ] 2026-07-29 19:52:54,934 Global parallel computation enabled: 545 / 560
yt : [INFO     ] 2026-07-29 19:52:54,934 Global parallel computation enabled: 243 / 560
yt : [INFO     ] 2026-07-29 19:52:54,934 Global parallel computation enabled: 514 / 560
yt : [INFO     ] 2026-07-29 19:52:54,932 Global parallel computation enabled: 94 / 560
yt : [INFO     ] 2026-07-29 19:52:54,935 Global parallel computation enabled: 429 / 560
yt : [INFO     ] 2026-07-29 19:52:54,934 Global parallel computation enabled: 287 / 560
yt : [INFO     ] 2026-07-29 19:52:54,934 Global parallel computation enabled: 449 / 560
yt : [INFO     ] 2026-07-29 19:52:54,932 Global parallel computation enabled: 409 / 560
yt : [INFO     ] 2026-07-29 19:52:54,934 Global parallel computation enabled: 268 / 560
yt : [INFO     ] 2026-07-29 19:52:54,934 Global parallel computation enabled: 343 / 560
yt : [INFO     ] 2026-07-29 19:52:54,935 Global parallel computation enabled: 317 / 560
yt : [INFO     ] 2026-07-29 19:52:54,934 Global parallel computation enabled: 391 / 560
yt : [INFO     ] 2026-07-29 19:52:54,934 Global parallel computation enabled: 183 / 560
yt : [INFO     ] 2026-07-29 19:52:54,934 Global parallel computation enabled: 130 / 560
yt : [INFO     ] 2026-07-29 19:52:54,934 Global parallel computation enabled: 491 / 560
yt : [INFO     ] 2026-07-29 19:52:54,932 Global parallel computation enabled: 20 / 560
yt : [INFO     ] 2026-07-29 19:52:54,934 Global parallel computation enabled: 546 / 560
yt : [INFO     ] 2026-07-29 19:52:54,934 Global parallel computation enabled: 245 / 560
yt : [INFO     ] 2026-07-29 19:52:54,934 Global parallel computation enabled: 515 / 560
yt : [INFO     ] 2026-07-29 19:52:54,933 Global parallel computation enabled: 59 / 560
yt : [INFO     ] 2026-07-29 19:52:54,935 Global parallel computation enabled: 430 / 560
yt : [INFO     ] 2026-07-29 19:52:54,934 Global parallel computation enabled: 288 / 560
yt : [INFO     ] 2026-07-29 19:52:54,934 Global parallel computation enabled: 450 / 560
yt : [INFO     ] 2026-07-29 19:52:54,932 Global parallel computation enabled: 413 / 560
yt : [INFO     ] 2026-07-29 19:52:54,934 Global parallel computation enabled: 269 / 560
yt : [INFO     ] 2026-07-29 19:52:54,934 Global parallel computation enabled: 344 / 560
yt : [INFO     ] 2026-07-29 19:52:54,934 Global parallel computation enabled: 318 / 560
yt : [INFO     ] 2026-07-29 19:52:54,934 Global parallel computation enabled: 367 / 560
yt : [INFO     ] 2026-07-29 19:52:54,934 Global parallel computation enabled: 185 / 560
yt : [INFO     ] 2026-07-29 19:52:54,934 Global parallel computation enabled: 131 / 560
yt : [INFO     ] 2026-07-29 19:52:54,934 Global parallel computation enabled: 493 / 560
yt : [INFO     ] 2026-07-29 19:52:54,932 Global parallel computation enabled: 22 / 560
yt : [INFO     ] 2026-07-29 19:52:54,934 Global parallel computation enabled: 547 / 560
yt : [INFO     ] 2026-07-29 19:52:54,934 Global parallel computation enabled: 246 / 560
yt : [INFO     ] 2026-07-29 19:52:54,934 Global parallel computation enabled: 517 / 560
yt : [INFO     ] 2026-07-29 19:52:54,932 Global parallel computation enabled: 96 / 560
yt : [INFO     ] 2026-07-29 19:52:54,935 Global parallel computation enabled: 433 / 560
yt : [INFO     ] 2026-07-29 19:52:54,934 Global parallel computation enabled: 289 / 560
yt : [INFO     ] 2026-07-29 19:52:54,934 Global parallel computation enabled: 452 / 560
yt : [INFO     ] 2026-07-29 19:52:54,934 Global parallel computation enabled: 270 / 560
yt : [INFO     ] 2026-07-29 19:52:54,934 Global parallel computation enabled: 345 / 560
yt : [INFO     ] 2026-07-29 19:52:54,935 Global parallel computation enabled: 320 / 560
yt : [INFO     ] 2026-07-29 19:52:54,935 Global parallel computation enabled: 368 / 560
yt : [INFO     ] 2026-07-29 19:52:54,934 Global parallel computation enabled: 186 / 560
yt : [INFO     ] 2026-07-29 19:52:54,934 Global parallel computation enabled: 132 / 560
yt : [INFO     ] 2026-07-29 19:52:54,934 Global parallel computation enabled: 494 / 560
yt : [INFO     ] 2026-07-29 19:52:54,932 Global parallel computation enabled: 24 / 560
yt : [INFO     ] 2026-07-29 19:52:54,934 Global parallel computation enabled: 548 / 560
yt : [INFO     ] 2026-07-29 19:52:54,934 Global parallel computation enabled: 247 / 560
yt : [INFO     ] 2026-07-29 19:52:54,934 Global parallel computation enabled: 519 / 560
yt : [INFO     ] 2026-07-29 19:52:54,933 Global parallel computation enabled: 80 / 560
yt : [INFO     ] 2026-07-29 19:52:54,935 Global parallel computation enabled: 434 / 560
yt : [INFO     ] 2026-07-29 19:52:54,934 Global parallel computation enabled: 290 / 560
yt : [INFO     ] 2026-07-29 19:52:54,934 Global parallel computation enabled: 453 / 560
yt : [INFO     ] 2026-07-29 19:52:54,934 Global parallel computation enabled: 272 / 560
yt : [INFO     ] 2026-07-29 19:52:54,934 Global parallel computation enabled: 346 / 560
yt : [INFO     ] 2026-07-29 19:52:54,935 Global parallel computation enabled: 321 / 560
yt : [INFO     ] 2026-07-29 19:52:54,935 Global parallel computation enabled: 369 / 560
yt : [INFO     ] 2026-07-29 19:52:54,934 Global parallel computation enabled: 187 / 560
yt : [INFO     ] 2026-07-29 19:52:54,934 Global parallel computation enabled: 133 / 560
yt : [INFO     ] 2026-07-29 19:52:54,934 Global parallel computation enabled: 495 / 560
yt : [INFO     ] 2026-07-29 19:52:54,932 Global parallel computation enabled: 25 / 560
yt : [INFO     ] 2026-07-29 19:52:54,934 Global parallel computation enabled: 550 / 560
yt : [INFO     ] 2026-07-29 19:52:54,934 Global parallel computation enabled: 248 / 560
yt : [INFO     ] 2026-07-29 19:52:54,934 Global parallel computation enabled: 520 / 560
yt : [INFO     ] 2026-07-29 19:52:54,932 Global parallel computation enabled: 97 / 560
yt : [INFO     ] 2026-07-29 19:52:54,935 Global parallel computation enabled: 437 / 560
yt : [INFO     ] 2026-07-29 19:52:54,934 Global parallel computation enabled: 291 / 560
yt : [INFO     ] 2026-07-29 19:52:54,934 Global parallel computation enabled: 454 / 560
yt : [INFO     ] 2026-07-29 19:52:54,934 Global parallel computation enabled: 273 / 560
yt : [INFO     ] 2026-07-29 19:52:54,934 Global parallel computation enabled: 347 / 560
yt : [INFO     ] 2026-07-29 19:52:54,935 Global parallel computation enabled: 322 / 560
yt : [INFO     ] 2026-07-29 19:52:54,934 Global parallel computation enabled: 370 / 560
yt : [INFO     ] 2026-07-29 19:52:54,934 Global parallel computation enabled: 188 / 560
yt : [INFO     ] 2026-07-29 19:52:54,934 Global parallel computation enabled: 136 / 560
yt : [INFO     ] 2026-07-29 19:52:54,934 Global parallel computation enabled: 496 / 560
yt : [INFO     ] 2026-07-29 19:52:54,932 Global parallel computation enabled: 26 / 560
yt : [INFO     ] 2026-07-29 19:52:54,934 Global parallel computation enabled: 551 / 560
yt : [INFO     ] 2026-07-29 19:52:54,934 Global parallel computation enabled: 250 / 560
yt : [INFO     ] 2026-07-29 19:52:54,934 Global parallel computation enabled: 521 / 560
yt : [INFO     ] 2026-07-29 19:52:54,933 Global parallel computation enabled: 73 / 560
yt : [INFO     ] 2026-07-29 19:52:54,935 Global parallel computation enabled: 440 / 560
yt : [INFO     ] 2026-07-29 19:52:54,934 Global parallel computation enabled: 293 / 560
yt : [INFO     ] 2026-07-29 19:52:54,934 Global parallel computation enabled: 455 / 560
yt : [INFO     ] 2026-07-29 19:52:54,934 Global parallel computation enabled: 274 / 560
yt : [INFO     ] 2026-07-29 19:52:54,934 Global parallel computation enabled: 348 / 560
yt : [INFO     ] 2026-07-29 19:52:54,935 Global parallel computation enabled: 323 / 560
yt : [INFO     ] 2026-07-29 19:52:54,935 Global parallel computation enabled: 371 / 560
yt : [INFO     ] 2026-07-29 19:52:54,934 Global parallel computation enabled: 189 / 560
yt : [INFO     ] 2026-07-29 19:52:54,934 Global parallel computation enabled: 138 / 560
yt : [INFO     ] 2026-07-29 19:52:54,934 Global parallel computation enabled: 497 / 560
yt : [INFO     ] 2026-07-29 19:52:54,932 Global parallel computation enabled: 0 / 560
yt : [INFO     ] 2026-07-29 19:52:54,934 Global parallel computation enabled: 552 / 560
yt : [INFO     ] 2026-07-29 19:52:54,934 Global parallel computation enabled: 251 / 560
yt : [INFO     ] 2026-07-29 19:52:54,934 Global parallel computation enabled: 523 / 560
yt : [INFO     ] 2026-07-29 19:52:54,933 Global parallel computation enabled: 82 / 560
yt : [INFO     ] 2026-07-29 19:52:54,935 Global parallel computation enabled: 443 / 560
yt : [INFO     ] 2026-07-29 19:52:54,934 Global parallel computation enabled: 294 / 560
yt : [INFO     ] 2026-07-29 19:52:54,934 Global parallel computation enabled: 456 / 560
yt : [INFO     ] 2026-07-29 19:52:54,934 Global parallel computation enabled: 276 / 560
yt : [INFO     ] 2026-07-29 19:52:54,934 Global parallel computation enabled: 349 / 560
yt : [INFO     ] 2026-07-29 19:52:54,935 Global parallel computation enabled: 324 / 560
yt : [INFO     ] 2026-07-29 19:52:54,935 Global parallel computation enabled: 375 / 560
yt : [INFO     ] 2026-07-29 19:52:54,934 Global parallel computation enabled: 190 / 560
yt : [INFO     ] 2026-07-29 19:52:54,934 Global parallel computation enabled: 139 / 560
yt : [INFO     ] 2026-07-29 19:52:54,934 Global parallel computation enabled: 499 / 560
yt : [INFO     ] 2026-07-29 19:52:54,932 Global parallel computation enabled: 1 / 560
yt : [INFO     ] 2026-07-29 19:52:54,934 Global parallel computation enabled: 553 / 560
yt : [INFO     ] 2026-07-29 19:52:54,934 Global parallel computation enabled: 524 / 560
yt : [INFO     ] 2026-07-29 19:52:54,932 Global parallel computation enabled: 98 / 560
yt : [INFO     ] 2026-07-29 19:52:54,935 Global parallel computation enabled: 447 / 560
yt : [INFO     ] 2026-07-29 19:52:54,934 Global parallel computation enabled: 297 / 560
yt : [INFO     ] 2026-07-29 19:52:54,934 Global parallel computation enabled: 457 / 560
yt : [INFO     ] 2026-07-29 19:52:54,934 Global parallel computation enabled: 277 / 560
yt : [INFO     ] 2026-07-29 19:52:54,934 Global parallel computation enabled: 352 / 560
yt : [INFO     ] 2026-07-29 19:52:54,935 Global parallel computation enabled: 325 / 560
yt : [INFO     ] 2026-07-29 19:52:54,935 Global parallel computation enabled: 376 / 560
yt : [INFO     ] 2026-07-29 19:52:54,934 Global parallel computation enabled: 191 / 560
yt : [INFO     ] 2026-07-29 19:52:54,933 Global parallel computation enabled: 141 / 560
yt : [INFO     ] 2026-07-29 19:52:54,934 Global parallel computation enabled: 500 / 560
yt : [INFO     ] 2026-07-29 19:52:54,932 Global parallel computation enabled: 13 / 560
yt : [INFO     ] 2026-07-29 19:52:54,934 Global parallel computation enabled: 554 / 560
yt : [INFO     ] 2026-07-29 19:52:54,934 Global parallel computation enabled: 528 / 560
yt : [INFO     ] 2026-07-29 19:52:54,933 Global parallel computation enabled: 57 / 560
yt : [INFO     ] 2026-07-29 19:52:54,935 Global parallel computation enabled: 425 / 560
yt : [INFO     ] 2026-07-29 19:52:54,934 Global parallel computation enabled: 300 / 560
yt : [INFO     ] 2026-07-29 19:52:54,934 Global parallel computation enabled: 458 / 560
yt : [INFO     ] 2026-07-29 19:52:54,934 Global parallel computation enabled: 278 / 560
yt : [INFO     ] 2026-07-29 19:52:54,934 Global parallel computation enabled: 353 / 560
yt : [INFO     ] 2026-07-29 19:52:54,935 Global parallel computation enabled: 326 / 560
yt : [INFO     ] 2026-07-29 19:52:54,934 Global parallel computation enabled: 192 / 560
yt : [INFO     ] 2026-07-29 19:52:54,934 Global parallel computation enabled: 114 / 560
yt : [INFO     ] 2026-07-29 19:52:54,934 Global parallel computation enabled: 501 / 560
yt : [INFO     ] 2026-07-29 19:52:54,932 Global parallel computation enabled: 19 / 560
yt : [INFO     ] 2026-07-29 19:52:54,934 Global parallel computation enabled: 555 / 560
yt : [INFO     ] 2026-07-29 19:52:54,934 Global parallel computation enabled: 529 / 560
yt : [INFO     ] 2026-07-29 19:52:54,933 Global parallel computation enabled: 75 / 560
yt : [INFO     ] 2026-07-29 19:52:54,935 Global parallel computation enabled: 432 / 560
yt : [INFO     ] 2026-07-29 19:52:54,934 Global parallel computation enabled: 301 / 560
yt : [INFO     ] 2026-07-29 19:52:54,934 Global parallel computation enabled: 459 / 560
yt : [INFO     ] 2026-07-29 19:52:54,934 Global parallel computation enabled: 356 / 560
yt : [INFO     ] 2026-07-29 19:52:54,935 Global parallel computation enabled: 327 / 560
yt : [INFO     ] 2026-07-29 19:52:54,934 Global parallel computation enabled: 195 / 560
yt : [INFO     ] 2026-07-29 19:52:54,934 Global parallel computation enabled: 115 / 560
yt : [INFO     ] 2026-07-29 19:52:54,934 Global parallel computation enabled: 502 / 560
yt : [INFO     ] 2026-07-29 19:52:54,932 Global parallel computation enabled: 21 / 560
yt : [INFO     ] 2026-07-29 19:52:54,934 Global parallel computation enabled: 557 / 560
yt : [INFO     ] 2026-07-29 19:52:54,934 Global parallel computation enabled: 530 / 560
yt : [INFO     ] 2026-07-29 19:52:54,932 Global parallel computation enabled: 101 / 560
yt : [INFO     ] 2026-07-29 19:52:54,935 Global parallel computation enabled: 435 / 560
yt : [INFO     ] 2026-07-29 19:52:54,934 Global parallel computation enabled: 302 / 560
yt : [INFO     ] 2026-07-29 19:52:54,934 Global parallel computation enabled: 462 / 560
yt : [INFO     ] 2026-07-29 19:52:54,934 Global parallel computation enabled: 357 / 560
yt : [INFO     ] 2026-07-29 19:52:54,935 Global parallel computation enabled: 328 / 560
yt : [INFO     ] 2026-07-29 19:52:54,934 Global parallel computation enabled: 175 / 560
yt : [INFO     ] 2026-07-29 19:52:54,934 Global parallel computation enabled: 116 / 560
yt : [INFO     ] 2026-07-29 19:52:54,934 Global parallel computation enabled: 503 / 560
yt : [INFO     ] 2026-07-29 19:52:54,932 Global parallel computation enabled: 27 / 560
yt : [INFO     ] 2026-07-29 19:52:54,934 Global parallel computation enabled: 559 / 560
yt : [INFO     ] 2026-07-29 19:52:54,933 Global parallel computation enabled: 70 / 560
yt : [INFO     ] 2026-07-29 19:52:54,935 Global parallel computation enabled: 439 / 560
yt : [INFO     ] 2026-07-29 19:52:54,934 Global parallel computation enabled: 305 / 560
yt : [INFO     ] 2026-07-29 19:52:54,934 Global parallel computation enabled: 464 / 560
yt : [INFO     ] 2026-07-29 19:52:54,934 Global parallel computation enabled: 358 / 560
yt : [INFO     ] 2026-07-29 19:52:54,935 Global parallel computation enabled: 329 / 560
yt : [INFO     ] 2026-07-29 19:52:54,934 Global parallel computation enabled: 196 / 560
yt : [INFO     ] 2026-07-29 19:52:54,934 Global parallel computation enabled: 119 / 560
yt : [INFO     ] 2026-07-29 19:52:54,933 Global parallel computation enabled: 32 / 560
yt : [INFO     ] 2026-07-29 19:52:54,933 Global parallel computation enabled: 81 / 560
yt : [INFO     ] 2026-07-29 19:52:54,935 Global parallel computation enabled: 442 / 560
yt : [INFO     ] 2026-07-29 19:52:54,934 Global parallel computation enabled: 306 / 560
yt : [INFO     ] 2026-07-29 19:52:54,934 Global parallel computation enabled: 466 / 560
yt : [INFO     ] 2026-07-29 19:52:54,934 Global parallel computation enabled: 360 / 560
yt : [INFO     ] 2026-07-29 19:52:54,935 Global parallel computation enabled: 330 / 560
yt : [INFO     ] 2026-07-29 19:52:54,934 Global parallel computation enabled: 215 / 560
yt : [INFO     ] 2026-07-29 19:52:54,934 Global parallel computation enabled: 120 / 560
yt : [INFO     ] 2026-07-29 19:52:54,933 Global parallel computation enabled: 34 / 560
yt : [INFO     ] 2026-07-29 19:52:54,932 Global parallel computation enabled: 102 / 560
yt : [INFO     ] 2026-07-29 19:52:54,935 Global parallel computation enabled: 445 / 560
yt : [INFO     ] 2026-07-29 19:52:54,934 Global parallel computation enabled: 307 / 560
yt : [INFO     ] 2026-07-29 19:52:54,934 Global parallel computation enabled: 467 / 560
yt : [INFO     ] 2026-07-29 19:52:54,934 Global parallel computation enabled: 362 / 560
yt : [INFO     ] 2026-07-29 19:52:54,935 Global parallel computation enabled: 331 / 560
yt : [INFO     ] 2026-07-29 19:52:54,934 Global parallel computation enabled: 216 / 560
yt : [INFO     ] 2026-07-29 19:52:54,934 Global parallel computation enabled: 124 / 560
yt : [INFO     ] 2026-07-29 19:52:54,933 Global parallel computation enabled: 58 / 560
yt : [INFO     ] 2026-07-29 19:52:54,935 Global parallel computation enabled: 446 / 560
yt : [INFO     ] 2026-07-29 19:52:54,934 Global parallel computation enabled: 469 / 560
yt : [INFO     ] 2026-07-29 19:52:54,934 Global parallel computation enabled: 363 / 560
yt : [INFO     ] 2026-07-29 19:52:54,935 Global parallel computation enabled: 332 / 560
yt : [INFO     ] 2026-07-29 19:52:54,934 Global parallel computation enabled: 221 / 560
yt : [INFO     ] 2026-07-29 19:52:54,934 Global parallel computation enabled: 134 / 560
yt : [INFO     ] 2026-07-29 19:52:54,933 Global parallel computation enabled: 35 / 560
yt : [INFO     ] 2026-07-29 19:52:54,933 Global parallel computation enabled: 61 / 560
yt : [INFO     ] 2026-07-29 19:52:54,934 Global parallel computation enabled: 471 / 560
yt : [INFO     ] 2026-07-29 19:52:54,934 Global parallel computation enabled: 336 / 560
yt : [INFO     ] 2026-07-29 19:52:54,935 Global parallel computation enabled: 333 / 560
yt : [INFO     ] 2026-07-29 19:52:54,934 Global parallel computation enabled: 197 / 560
yt : [INFO     ] 2026-07-29 19:52:54,934 Global parallel computation enabled: 135 / 560
yt : [INFO     ] 2026-07-29 19:52:54,933 Global parallel computation enabled: 36 / 560
yt : [INFO     ] 2026-07-29 19:52:54,933 Global parallel computation enabled: 65 / 560
yt : [INFO     ] 2026-07-29 19:52:54,935 Global parallel computation enabled: 334 / 560
yt : [INFO     ] 2026-07-29 19:52:54,934 Global parallel computation enabled: 198 / 560
yt : [INFO     ] 2026-07-29 19:52:54,934 Global parallel computation enabled: 145 / 560
yt : [INFO     ] 2026-07-29 19:52:54,933 Global parallel computation enabled: 37 / 560
yt : [INFO     ] 2026-07-29 19:52:54,933 Global parallel computation enabled: 71 / 560
yt : [INFO     ] 2026-07-29 19:52:54,934 Global parallel computation enabled: 199 / 560
yt : [INFO     ] 2026-07-29 19:52:54,933 Global parallel computation enabled: 147 / 560
yt : [INFO     ] 2026-07-29 19:52:54,933 Global parallel computation enabled: 39 / 560
yt : [INFO     ] 2026-07-29 19:52:54,933 Global parallel computation enabled: 83 / 560
yt : [INFO     ] 2026-07-29 19:52:54,934 Global parallel computation enabled: 200 / 560
yt : [INFO     ] 2026-07-29 19:52:54,933 Global parallel computation enabled: 148 / 560
yt : [INFO     ] 2026-07-29 19:52:54,933 Global parallel computation enabled: 50 / 560
yt : [INFO     ] 2026-07-29 19:52:54,932 Global parallel computation enabled: 104 / 560
yt : [INFO     ] 2026-07-29 19:52:54,934 Global parallel computation enabled: 201 / 560
yt : [INFO     ] 2026-07-29 19:52:54,933 Global parallel computation enabled: 152 / 560
yt : [INFO     ] 2026-07-29 19:52:54,933 Global parallel computation enabled: 52 / 560
yt : [INFO     ] 2026-07-29 19:52:54,933 Global parallel computation enabled: 63 / 560
yt : [INFO     ] 2026-07-29 19:52:54,934 Global parallel computation enabled: 202 / 560
yt : [INFO     ] 2026-07-29 19:52:54,933 Global parallel computation enabled: 154 / 560
yt : [INFO     ] 2026-07-29 19:52:54,933 Global parallel computation enabled: 28 / 560
yt : [INFO     ] 2026-07-29 19:52:54,933 Global parallel computation enabled: 66 / 560
yt : [INFO     ] 2026-07-29 19:52:54,934 Global parallel computation enabled: 203 / 560
yt : [INFO     ] 2026-07-29 19:52:54,933 Global parallel computation enabled: 155 / 560
yt : [INFO     ] 2026-07-29 19:52:54,933 Global parallel computation enabled: 29 / 560
yt : [INFO     ] 2026-07-29 19:52:54,933 Global parallel computation enabled: 68 / 560
yt : [INFO     ] 2026-07-29 19:52:54,934 Global parallel computation enabled: 204 / 560
yt : [INFO     ] 2026-07-29 19:52:54,934 Global parallel computation enabled: 156 / 560
yt : [INFO     ] 2026-07-29 19:52:54,933 Global parallel computation enabled: 30 / 560
yt : [INFO     ] 2026-07-29 19:52:54,933 Global parallel computation enabled: 69 / 560
yt : [INFO     ] 2026-07-29 19:52:54,934 Global parallel computation enabled: 205 / 560
yt : [INFO     ] 2026-07-29 19:52:54,933 Global parallel computation enabled: 157 / 560
yt : [INFO     ] 2026-07-29 19:52:54,933 Global parallel computation enabled: 31 / 560
yt : [INFO     ] 2026-07-29 19:52:54,933 Global parallel computation enabled: 72 / 560
yt : [INFO     ] 2026-07-29 19:52:54,934 Global parallel computation enabled: 206 / 560
yt : [INFO     ] 2026-07-29 19:52:54,934 Global parallel computation enabled: 158 / 560
yt : [INFO     ] 2026-07-29 19:52:54,933 Global parallel computation enabled: 33 / 560
yt : [INFO     ] 2026-07-29 19:52:54,933 Global parallel computation enabled: 74 / 560
yt : [INFO     ] 2026-07-29 19:52:54,934 Global parallel computation enabled: 207 / 560
yt : [INFO     ] 2026-07-29 19:52:54,933 Global parallel computation enabled: 159 / 560
yt : [INFO     ] 2026-07-29 19:52:54,933 Global parallel computation enabled: 38 / 560
yt : [INFO     ] 2026-07-29 19:52:54,933 Global parallel computation enabled: 77 / 560
yt : [INFO     ] 2026-07-29 19:52:54,934 Global parallel computation enabled: 208 / 560
yt : [INFO     ] 2026-07-29 19:52:54,934 Global parallel computation enabled: 160 / 560
yt : [INFO     ] 2026-07-29 19:52:54,933 Global parallel computation enabled: 40 / 560
yt : [INFO     ] 2026-07-29 19:52:54,933 Global parallel computation enabled: 78 / 560
yt : [INFO     ] 2026-07-29 19:52:54,934 Global parallel computation enabled: 209 / 560
yt : [INFO     ] 2026-07-29 19:52:54,934 Global parallel computation enabled: 161 / 560
yt : [INFO     ] 2026-07-29 19:52:54,933 Global parallel computation enabled: 41 / 560
yt : [INFO     ] 2026-07-29 19:52:54,933 Global parallel computation enabled: 79 / 560
yt : [INFO     ] 2026-07-29 19:52:54,934 Global parallel computation enabled: 210 / 560
yt : [INFO     ] 2026-07-29 19:52:54,933 Global parallel computation enabled: 162 / 560
yt : [INFO     ] 2026-07-29 19:52:54,933 Global parallel computation enabled: 42 / 560
yt : [INFO     ] 2026-07-29 19:52:54,932 Global parallel computation enabled: 106 / 560
yt : [INFO     ] 2026-07-29 19:52:54,934 Global parallel computation enabled: 211 / 560
yt : [INFO     ] 2026-07-29 19:52:54,934 Global parallel computation enabled: 163 / 560
yt : [INFO     ] 2026-07-29 19:52:54,933 Global parallel computation enabled: 43 / 560
yt : [INFO     ] 2026-07-29 19:52:54,933 Global parallel computation enabled: 56 / 560
yt : [INFO     ] 2026-07-29 19:52:54,934 Global parallel computation enabled: 212 / 560
yt : [INFO     ] 2026-07-29 19:52:54,934 Global parallel computation enabled: 164 / 560
yt : [INFO     ] 2026-07-29 19:52:54,933 Global parallel computation enabled: 44 / 560
yt : [INFO     ] 2026-07-29 19:52:54,933 Global parallel computation enabled: 60 / 560
yt : [INFO     ] 2026-07-29 19:52:54,934 Global parallel computation enabled: 213 / 560
yt : [INFO     ] 2026-07-29 19:52:54,933 Global parallel computation enabled: 165 / 560
yt : [INFO     ] 2026-07-29 19:52:54,933 Global parallel computation enabled: 45 / 560
yt : [INFO     ] 2026-07-29 19:52:54,933 Global parallel computation enabled: 64 / 560
yt : [INFO     ] 2026-07-29 19:52:54,934 Global parallel computation enabled: 214 / 560
yt : [INFO     ] 2026-07-29 19:52:54,933 Global parallel computation enabled: 166 / 560
yt : [INFO     ] 2026-07-29 19:52:54,933 Global parallel computation enabled: 46 / 560
yt : [INFO     ] 2026-07-29 19:52:54,933 Global parallel computation enabled: 67 / 560
yt : [INFO     ] 2026-07-29 19:52:54,934 Global parallel computation enabled: 217 / 560
yt : [INFO     ] 2026-07-29 19:52:54,933 Global parallel computation enabled: 140 / 560
yt : [INFO     ] 2026-07-29 19:52:54,933 Global parallel computation enabled: 47 / 560
yt : [INFO     ] 2026-07-29 19:52:54,933 Global parallel computation enabled: 76 / 560
yt : [INFO     ] 2026-07-29 19:52:54,934 Global parallel computation enabled: 218 / 560
yt : [INFO     ] 2026-07-29 19:52:54,934 Global parallel computation enabled: 142 / 560
yt : [INFO     ] 2026-07-29 19:52:54,933 Global parallel computation enabled: 48 / 560
yt : [INFO     ] 2026-07-29 19:52:54,932 Global parallel computation enabled: 107 / 560
yt : [INFO     ] 2026-07-29 19:52:54,934 Global parallel computation enabled: 219 / 560
yt : [INFO     ] 2026-07-29 19:52:54,934 Global parallel computation enabled: 143 / 560
yt : [INFO     ] 2026-07-29 19:52:54,933 Global parallel computation enabled: 49 / 560
yt : [INFO     ] 2026-07-29 19:52:54,932 Global parallel computation enabled: 108 / 560
yt : [INFO     ] 2026-07-29 19:52:54,934 Global parallel computation enabled: 220 / 560
yt : [INFO     ] 2026-07-29 19:52:54,933 Global parallel computation enabled: 149 / 560
yt : [INFO     ] 2026-07-29 19:52:54,933 Global parallel computation enabled: 51 / 560
yt : [INFO     ] 2026-07-29 19:52:54,932 Global parallel computation enabled: 110 / 560
yt : [INFO     ] 2026-07-29 19:52:54,934 Global parallel computation enabled: 222 / 560
yt : [INFO     ] 2026-07-29 19:52:54,933 Global parallel computation enabled: 150 / 560
yt : [INFO     ] 2026-07-29 19:52:54,933 Global parallel computation enabled: 53 / 560
yt : [INFO     ] 2026-07-29 19:52:54,932 Global parallel computation enabled: 111 / 560
yt : [INFO     ] 2026-07-29 19:52:54,934 Global parallel computation enabled: 223 / 560
yt : [INFO     ] 2026-07-29 19:52:54,933 Global parallel computation enabled: 151 / 560
yt : [INFO     ] 2026-07-29 19:52:54,933 Global parallel computation enabled: 54 / 560
yt : [INFO     ] 2026-07-29 19:52:54,933 Global parallel computation enabled: 153 / 560
yt : [INFO     ] 2026-07-29 19:52:54,933 Global parallel computation enabled: 55 / 560
yt : [INFO     ] 2026-07-29 19:52:54,933 Global parallel computation enabled: 167 / 560
Finished calling initialize!
Finished calling initialize!
Finished calling initialize!
Finished calling initialize!
Finished calling initialize!
Finished calling initialize!
Finished calling initialize!
Finished calling initialize!
Finished calling initialize!
Finished calling initialize!
Finished calling initialize!
Finished calling initialize!
Finished calling initialize!
Finished calling initialize!
Finished calling initialize!
Finished calling initialize!
Finished calling initialize!
Finished calling initialize!
Finished calling initialize!
Finished calling initialize!
Finished calling initialize!
Finished calling initialize!
Finished calling initialize!
Finished calling initialize!
Finished calling initialize!
Finished calling initialize!
Finished calling initialize!
Finished calling initialize!
Finished calling initialize!
Finished calling initialize!
Finished calling initialize!
Finished calling initialize!
Finished calling initialize!
Finished calling initialize!
Finished calling initialize!
Finished calling initialize!
Finished calling initialize!
Finished calling initialize!
Finished calling initialize!
Finished calling initialize!
Finished calling initialize!
Finished calling initialize!
Finished calling initialize!
Finished calling initialize!
Finished calling initialize!
Finished calling initialize!
Finished calling initialize!
Finished calling initialize!
Finished calling initialize!
Finished calling initialize!
Finished calling initialize!
Finished calling initialize!
Finished calling initialize!
Finished calling initialize!
Finished calling initialize!
Finished calling initialize!
Finished calling initialize!
Finished calling initialize!
Finished calling initialize!
Finished calling initialize!
Finished calling initialize!
Finished calling initialize!
Finished calling initialize!
Finished calling initialize!
Finished calling initialize!
Finished calling initialize!
Finished calling initialize!
Finished calling initialize!
Finished calling initialize!
Finished calling initialize!
Finished calling initialize!
Finished calling initialize!
Finished calling initialize!
Finished calling initialize!
Finished calling initialize!
Finished calling initialize!
Finished calling initialize!
Finished calling initialize!
Finished calling initialize!
Finished calling initialize!
Finished calling initialize!
Finished calling initialize!
Finished calling initialize!
Finished calling initialize!
Finished calling initialize!
Finished calling initialize!
Finished calling initialize!
Finished calling initialize!
Finished calling initialize!
Finished calling initialize!
Finished calling initialize!
Finished calling initialize!
Finished calling initialize!
Finished calling initialize!
Finished calling initialize!
Finished calling initialize!
Finished calling initialize!
Finished calling initialize!
Finished calling initialize!
Finished calling initialize!
Finished calling initialize!
Finished calling initialize!
Finished calling initialize!
Finished calling initialize!
Finished calling initialize!
Finished calling initialize!
Finished calling initialize!
Finished calling initialize!
Finished calling initialize!
Finished calling initialize!
Finished calling initialize!
Finished calling initialize!
Finished calling initialize!
Finished calling initialize!
Finished calling initialize!
Finished calling initialize!
Finished calling initialize!
Finished calling initialize!
Finished calling initialize!
Finished calling initialize!
Finished calling initialize!
Finished calling initialize!
Finished calling initialize!
Finished calling initialize!
Finished calling initialize!
Finished calling initialize!
Finished calling initialize!
Finished calling initialize!
Finished calling initialize!
Finished calling initialize!
Finished calling initialize!
Finished calling initialize!
Finished calling initialize!
Finished calling initialize!
Finished calling initialize!
Finished calling initialize!
Finished calling initialize!
Finished calling initialize!
Finished calling initialize!
Finished calling initialize!
Finished calling initialize!
Finished calling initialize!
Finished calling initialize!
Finished calling initialize!
Finished calling initialize!
Finished calling initialize!
Finished calling initialize!
Finished calling initialize!
Finished calling initialize!
Finished calling initialize!
Finished calling initialize!
Finished calling initialize!
Finished calling initialize!
Finished calling initialize!
Finished calling initialize!
Finished calling initialize!
Finished calling initialize!
Finished calling initialize!
Finished calling initialize!
Finished calling initialize!
Finished calling initialize!
Finished calling initialize!
Finished calling initialize!
Finished calling initialize!
Finished calling initialize!
Finished calling initialize!
Finished calling initialize!
Finished calling initialize!
Finished calling initialize!
Finished calling initialize!
Finished calling initialize!
Finished calling initialize!
Finished calling initialize!
Finished calling initialize!
Finished calling initialize!
Finished calling initialize!
Finished calling initialize!
Finished calling initialize!
Finished calling initialize!
Finished calling initialize!
Finished calling initialize!
Finished calling initialize!
Finished calling initialize!
Finished calling initialize!
Finished calling initialize!
Finished calling initialize!
Finished calling initialize!
Finished calling initialize!
Finished calling initialize!
Finished calling initialize!
Finished calling initialize!
Finished calling initialize!
Finished calling initialize!
Finished calling initialize!
Finished calling initialize!
Finished calling initialize!
Finished calling initialize!
Finished calling initialize!
Finished calling initialize!
Finished calling initialize!
Finished calling initialize!
Finished calling initialize!
Finished calling initialize!
Finished calling initialize!
Finished calling initialize!
Finished calling initialize!
Finished calling initialize!
Finished calling initialize!
Finished calling initialize!
Finished calling initialize!
Finished calling initialize!
Finished calling initialize!
Finished calling initialize!
Finished calling initialize!
Finished calling initialize!
Finished calling initialize!
Finished calling initialize!
Finished calling initialize!
Finished calling initialize!
Finished calling initialize!
Finished calling initialize!
Finished calling initialize!
Finished calling initialize!
Finished calling initialize!
Finished calling initialize!
Finished calling initialize!
Finished calling initialize!
Finished calling initialize!
Finished calling initialize!
Finished calling initialize!
Finished calling initialize!
Finished calling initialize!
Finished calling initialize!
Finished calling initialize!
Finished calling initialize!
Finished calling initialize!
Finished calling initialize!
Finished calling initialize!
Finished calling initialize!
Finished calling initialize!
Finished calling initialize!
Finished calling initialize!
Finished calling initialize!
Finished calling initialize!
Finished calling initialize!
Finished calling initialize!
Finished calling initialize!
Finished calling initialize!
Finished calling initialize!
Finished calling initialize!
Finished calling initialize!
Finished calling initialize!
Finished calling initialize!
Finished calling initialize!
Finished calling initialize!
Finished calling initialize!
Finished calling initialize!
Finished calling initialize!
Finished calling initialize!
Finished calling initialize!
Finished calling initialize!
Finished calling initialize!
Finished calling initialize!
Finished calling initialize!
Finished calling initialize!
Finished calling initialize!
Finished calling initialize!
Finished calling initialize!
Finished calling initialize!
Finished calling initialize!
Finished calling initialize!
Finished calling initialize!
Finished calling initialize!
Finished calling initialize!
Finished calling initialize!
Finished calling initialize!
Finished calling initialize!
Finished calling initialize!
Finished calling initialize!
Finished calling initialize!
Finished calling initialize!
Finished calling initialize!
Finished calling initialize!
Finished calling initialize!
Finished calling initialize!
Finished calling initialize!
Finished calling initialize!
Finished calling initialize!
Finished calling initialize!
Finished calling initialize!
Finished calling initialize!
Finished calling initialize!
Finished calling initialize!
Finished calling initialize!
Finished calling initialize!
Finished calling initialize!
Finished calling initialize!
Finished calling initialize!
Finished calling initialize!
Finished calling initialize!
Finished calling initialize!
Finished calling initialize!
Finished calling initialize!
Finished calling initialize!
Finished calling initialize!
Finished calling initialize!
Finished calling initialize!
Finished calling initialize!
Finished calling initialize!
Finished calling initialize!
Finished calling initialize!
Finished calling initialize!
Finished calling initialize!
Finished calling initialize!
Finished calling initialize!
Finished calling initialize!
Finished calling initialize!
Finished calling initialize!
Finished calling initialize!
Finished calling initialize!
Finished calling initialize!
Finished calling initialize!
Finished calling initialize!
Finished calling initialize!
Finished calling initialize!
Finished calling initialize!
Finished calling initialize!
Finished calling initialize!
Finished calling initialize!
Finished calling initialize!
Finished calling initialize!
Finished calling initialize!
Finished calling initialize!
Finished calling initialize!
Finished calling initialize!
Finished calling initialize!
Finished calling initialize!
Finished calling initialize!
Finished calling initialize!
Finished calling initialize!
Finished calling initialize!
Finished calling initialize!
Finished calling initialize!
Finished calling initialize!
Finished calling initialize!
Finished calling initialize!
Finished calling initialize!
Finished calling initialize!
Finished calling initialize!
Finished calling initialize!
Finished calling initialize!
Finished calling initialize!
Finished calling initialize!
Finished calling initialize!
Finished calling initialize!
Finished calling initialize!
Finished calling initialize!
Finished calling initialize!
Finished calling initialize!
Finished calling initialize!
Finished calling initialize!
Finished calling initialize!
Finished calling initialize!
Finished calling initialize!
Finished calling initialize!
Finished calling initialize!
Finished calling initialize!
Finished calling initialize!
Finished calling initialize!
Finished calling initialize!
Finished calling initialize!
Finished calling initialize!
Finished calling initialize!
Finished calling initialize!
Finished calling initialize!
Finished calling initialize!
Finished calling initialize!
Finished calling initialize!
Finished calling initialize!
Finished calling initialize!
Finished calling initialize!
Finished calling initialize!
Finished calling initialize!
Finished calling initialize!
Finished calling initialize!
Finished calling initialize!
Finished calling initialize!
Finished calling initialize!
Finished calling initialize!
Finished calling initialize!
Finished calling initialize!
Finished calling initialize!
Finished calling initialize!
Finished calling initialize!
Finished calling initialize!
Finished calling initialize!
Finished calling initialize!
Finished calling initialize!
Finished calling initialize!
Finished calling initialize!
Finished calling initialize!
Finished calling initialize!
Finished calling initialize!
Finished calling initialize!
Finished calling initialize!
Finished calling initialize!
Finished calling initialize!
Finished calling initialize!
Finished calling initialize!
INITIALDT :::::::::::   0.00000000e+00
Finished calling initialize!
Finished calling initialize!
Finished calling initialize!
Finished calling initialize!
Finished calling initialize!
Finished calling initialize!
Finished calling initialize!
Finished calling initialize!
Finished calling initialize!
Finished calling initialize!
Finished calling initialize!
Finished calling initialize!
Finished calling initialize!
Finished calling initialize!
Finished calling initialize!
Finished calling initialize!
Finished calling initialize!
Finished calling initialize!
Finished calling initialize!
Finished calling initialize!
Finished calling initialize!
Finished calling initialize!
Finished calling initialize!
Finished calling initialize!
Finished calling initialize!
Finished calling initialize!
Finished calling initialize!
Finished calling initialize!
Finished calling initialize!
Finished calling initialize!
Finished calling initialize!
Finished calling initialize!
Finished calling initialize!
Finished calling initialize!
Finished calling initialize!
Finished calling initialize!
Finished calling initialize!
Finished calling initialize!
Finished calling initialize!
Finished calling initialize!
Finished calling initialize!
Finished calling initialize!
Finished calling initialize!
Finished calling initialize!
Finished calling initialize!
Finished calling initialize!
Finished calling initialize!
Finished calling initialize!
Finished calling initialize!
Finished calling initialize!
Finished calling initialize!
Finished calling initialize!
Finished calling initialize!
Finished calling initialize!
Finished calling initialize!
Finished calling initialize!
Finished calling initialize!
Finished calling initialize!
Finished calling initialize!
Finished calling initialize!
Finished calling initialize!
Finished calling initialize!
Finished calling initialize!
Finished calling initialize!
Finished calling initialize!
Finished calling initialize!
Finished calling initialize!
Finished calling initialize!
Finished calling initialize!
Finished calling initialize!
Finished calling initialize!
Finished calling initialize!
Finished calling initialize!
Finished calling initialize!
Finished calling initialize!
Finished calling initialize!
Finished calling initialize!
Finished calling initialize!
Finished calling initialize!
Finished calling initialize!
Finished calling initialize!
Finished calling initialize!
Finished calling initialize!
Finished calling initialize!
Finished calling initialize!
Finished calling initialize!
Finished calling initialize!
Finished calling initialize!
Finished calling initialize!
Finished calling initialize!
Finished calling initialize!
Finished calling initialize!
Finished calling initialize!
Finished calling initialize!
Finished calling initialize!
Finished calling initialize!
Finished calling initialize!
Finished calling initialize!
Finished calling initialize!
Finished calling initialize!
Finished calling initialize!
Finished calling initialize!
Finished calling initialize!
Finished calling initialize!
Finished calling initialize!
Finished calling initialize!
Finished calling initialize!
Finished calling initialize!
Finished calling initialize!
Finished calling initialize!
Finished calling initialize!
Finished calling initialize!
Finished calling initialize!
Finished calling initialize!
Finished calling initialize!
Finished calling initialize!
Finished calling initialize!
Finished calling initialize!
Finished calling initialize!
Finished calling initialize!
Finished calling initialize!
Finished calling initialize!
Finished calling initialize!
Finished calling initialize!
Finished calling initialize!
Finished calling initialize!
Finished calling initialize!
Finished calling initialize!
Finished calling initialize!
Finished calling initialize!
Finished calling initialize!
Finished calling initialize!
Finished calling initialize!
Finished calling initialize!
Finished calling initialize!
Finished calling initialize!
Finished calling initialize!
Finished calling initialize!
Finished calling initialize!
Finished calling initialize!
Finished calling initialize!
Finished calling initialize!
Finished calling initialize!
Finished calling initialize!
Finished calling initialize!
Finished calling initialize!
Finished calling initialize!
Finished calling initialize!
Finished calling initialize!
Finished calling initialize!
Finished calling initialize!
dt, Initialdt: 0.0661648 0 
TopGrid dt = 6.616479e-02     time = 25.286404181556    cycle = 522    z = 19.2799976375
dt, Initialdt: 0.0662138 0 
TopGrid dt = 6.621380e-02     time = 25.352568967977    cycle = 523    z = 19.244694831565
dt, Initialdt: 0.0662517 0 
TopGrid dt = 6.625167e-02     time = 25.418782770543    cycle = 524    z = 19.209519269595
dt, Initialdt: 0.06629 0 
TopGrid dt = 6.628998e-02     time = 25.485034444232    cycle = 525    z = 19.174476109803
dt, Initialdt: 0.0663284 0 
TopGrid dt = 6.632844e-02     time = 25.551324423345    cycle = 526    z = 19.139564329315
dt, Initialdt: 0.0663674 0 
TopGrid dt = 6.636736e-02     time = 25.617652861669    cycle = 527    z = 19.104783061855
dt, Initialdt: 0.0656471 0 
TopGrid dt = 6.564715e-02     time = 25.684020219974    cycle = 528    z = 19.070131160602
dt, Initialdt: 0.0657396 0 
TopGrid dt = 6.573963e-02     time = 25.749667367634    cycle = 529    z = 19.036001804752
dt, Initialdt: 0.0644172 0 
TopGrid dt = 6.441716e-02     time = 25.815406999486    cycle = 530    z = 19.001969388408
dt, Initialdt: 0.0619415 0 
TopGrid dt = 6.194151e-02     time = 25.879824164383    cycle = 531    z = 18.968761419649
dt, Initialdt: 0.0636857 0 
TopGrid dt = 6.368574e-02     time = 25.941765673091    cycle = 532    z = 18.936959356626
dt, Initialdt: 0.0643881 0 
TopGrid dt = 6.438809e-02     time = 26.005451409649    cycle = 533    z = 18.904393458511
dt, Initialdt: 0.064456 0 
TopGrid dt = 6.445597e-02     time = 26.069839503128    cycle = 534    z = 18.871603261339
dt, Initialdt: 0.0646411 0 
TopGrid dt = 6.464109e-02     time = 26.134295473012    cycle = 535    z = 18.838913415156
dt, Initialdt: 0.0648832 0 
TopGrid dt = 6.488324e-02     time = 26.198936562192    cycle = 536    z = 18.806264274644
dt, Initialdt: 0.0650982 0 
TopGrid dt = 6.509815e-02     time = 26.263819798681    cycle = 537    z = 18.773627532089
dt, Initialdt: 0.0651806 0 
TopGrid dt = 6.518061e-02     time = 26.32891794974    cycle = 538    z = 18.741017459775
*** Error in `/work2/11056/zwu/frontera/enzo_gh/data/251110/ic512_b_starnetlibyt/enzo_260427.exe': corrupted size vs. prev_size: 0x000000001be19f50 ***
======= Backtrace: =========
/lib64/libc.so.6(+0x7f474)[0x2ada014a8474]
/lib64/libc.so.6(+0x8156b)[0x2ada014aa56b]
/work2/11056/zwu/frontera/enzo_gh/data/251110/ic512_b_starnetlibyt/enzo_260427.exe[0x47b90b]
/work2/11056/zwu/frontera/enzo_gh/data/251110/ic512_b_starnetlibyt/enzo_260427.exe[0x6248d9]
/work2/11056/zwu/frontera/enzo_gh/data/251110/ic512_b_starnetlibyt/enzo_260427.exe[0x6f576d]
/work2/11056/zwu/frontera/enzo_gh/data/251110/ic512_b_starnetlibyt/enzo_260427.exe[0x7cb9e5]
/work2/11056/zwu/frontera/enzo_gh/data/251110/ic512_b_starnetlibyt/enzo_260427.exe[0x7ca081]
/work2/11056/zwu/frontera/enzo_gh/data/251110/ic512_b_starnetlibyt/enzo_260427.exe[0x4f50cc]
/work2/11056/zwu/frontera/enzo_gh/data/251110/ic512_b_starnetlibyt/enzo_260427.exe[0x4f4900]
/work2/11056/zwu/frontera/enzo_gh/data/251110/ic512_b_starnetlibyt/enzo_260427.exe[0x4f4900]
/work2/11056/zwu/frontera/enzo_gh/data/251110/ic512_b_starnetlibyt/enzo_260427.exe[0x4e282f]
/work2/11056/zwu/frontera/enzo_gh/data/251110/ic512_b_starnetlibyt/enzo_260427.exe[0x40888f]
/lib64/libc.so.6(__libc_start_main+0xf5)[0x2ada0144b555]
/work2/11056/zwu/frontera/enzo_gh/data/251110/ic512_b_starnetlibyt/enzo_260427.exe[0x408139]
======= Memory map: ========
00400000-00407000 r--p 00000000 3d8:ad14e 144134959974685995             /work2/11056/zwu/frontera/enzo_gh/data/251110/ic512_b_starnetlibyt/enzo_260427.exe
00407000-00a02000 r-xp 00007000 3d8:ad14e 144134959974685995             /work2/11056/zwu/frontera/enzo_gh/data/251110/ic512_b_starnetlibyt/enzo_260427.exe
00a02000-00af4000 r--p 00602000 3d8:ad14e 144134959974685995             /work2/11056/zwu/frontera/enzo_gh/data/251110/ic512_b_starnetlibyt/enzo_260427.exe
00af4000-00af7000 r--p 006f3000 3d8:ad14e 144134959974685995             /work2/11056/zwu/frontera/enzo_gh/data/251110/ic512_b_starnetlibyt/enzo_260427.exe
00af7000-00b3c000 rw-p 006f6000 3d8:ad14e 144134959974685995             /work2/11056/zwu/frontera/enzo_gh/data/251110/ic512_b_starnetlibyt/enzo_260427.exe
00b3c000-05a0c000 rw-p 00000000 00:00 0 
07180000-0754f000 rw-p 00000000 00:00 0                                  [heap]
0754f000-07551000 rw-p 00000000 00:00 0                                  [heap]
07551000-07552000 rw-p 00000000 00:00 0                                  [heap]
07552000-075d2000 rw-p 00000000 00:00 0                                  [heap]
075d2000-075d3000 rw-p 00000000 00:00 0                                  [heap]
075d3000-075f3000 rw-p 00000000 00:00 0                                  [heap]
075f3000-07600000 rw-p 00000000 00:00 0                                  [heap]
07600000-07680000 rw-p 00000000 00:00 0                                  [heap]
07680000-07681000 rw-p 00000000 00:00 0                                  [heap]
07681000-07701000 rw-p 00000000 00:00 0                                  [heap]
07701000-0772a000 rw-p 00000000 00:00 0                                  [heap]
0772a000-0774a000 rw-p 00000000 00:00 0                                  [heap]
0774a000-0f95c000 rw-p 00000000 00:00 0                                  [heap]
0f95c000-0f964000 rw-p 00000000 00:00 0                                  [heap]
0f964000-0f965000 rw-p 00000000 00:00 0                                  [heap]
0f965000-0f96d000 rw-p 00000000 00:00 0                                  [heap]
0f96d000-0f96e000 rw-p 00000000 00:00 0                                  [heap]
0f96e000-0f976000 rw-p 00000000 00:00 0                                  [heap]
0f976000-0f977000 rw-p 00000000 00:00 0                                  [heap]
0f977000-0f97f000 rw-p 00000000 00:00 0                                  [heap]
0f97f000-0f980000 rw-p 00000000 00:00 0                                  [heap]
0f980000-0f988000 rw-p 00000000 00:00 0                                  [heap]
0f988000-0f989000 rw-p 00000000 00:00 0                                  [heap]
0f989000-0f991000 rw-p 00000000 00:00 0                                  [heap]
0f991000-0f997000 rw-p 00000000 00:00 0                                  [heap]
0f997000-0f99f000 rw-p 00000000 00:00 0                                  [heap]
0f99f000-0faec000 rw-p 00000000 00:00 0                                  [heap]
0faec000-0faf4000 rw-p 00000000 00:00 0                                  [heap]
0faf4000-0fbe9000 rw-p 00000000 00:00 0                                  [heap]
0fbe9000-0fbf1000 rw-p 00000000 00:00 0                                  [heap]
0fbf1000-0fc04000 rw-p 00000000 00:00 0                                  [heap]
0fc04000-0fc0c000 rw-p 00000000 00:00 0                                  [heap]
0fc0c000-0fc1b000 rw-p 00000000 00:00 0                                  [heap]
0fc1b000-0fc23000 rw-p 00000000 00:00 0                                  [heap]
0fc23000-0fc44000 rw-p 00000000 00:00 0                                  [heap]
0fc44000-0fc4c000 rw-p 00000000 00:00 0                                  [heap]
0fc4c000-0fc4d000 rw-p 00000000 00:00 0                                  [heap]
0fc4d000-0fc55000 rw-p 00000000 00:00 0                                  [heap]
0fc55000-0fc5d000 rw-p 00000000 00:00 0                                  [heap]
0fc5d000-0fc65000 rw-p 00000000 00:00 0                                  [heap]
0fc65000-0fc66000 rw-p 00000000 00:00 0                                  [heap]
0fc66000-0fc6e000 rw-p 00000000 00:00 0                                  [heap]
0fc6e000-0fc81000 rw-p 00000000 00:00 0                                  [heap]
0fc81000-0fc89000 rw-p 00000000 00:00 0                                  [heap]
0fc89000-0fc8b000 rw-p 00000000 00:00 0                                  [heap]
0fc8b000-0fc93000 rw-p 00000000 00:00 0                                  [heap]
0fc93000-0fc94000 rw-p 00000000 00:00 0                                  [heap]
0fc94000-0fc9c000 rw-p 00000000 00:00 0                                  [heap]
0fc9c000-0fc9e000 rw-p 00000000 00:00 0                                  [heap]
0fc9e000-0fca6000 rw-p 00000000 00:00 0                                  [heap]
0fca6000-0fd7f000 rw-p 00000000 00:00 0                                  [heap]
0fd7f000-0fd87000 rw-p 00000000 00:00 0                                  [heap]
0fd87000-0fe30000 rw-p 00000000 00:00 0                                  [heap]
0fe30000-0fe38000 rw-p 00000000 00:00 0                                  [heap]
0fe38000-0ff00000 rw-p 00000000 00:00 0                                  [heap]
0ff00000-0ff08000 rw-p 00000000 00:00 0                                  [heap]
0ff08000-0ffca000 rw-p 00000000 00:00 0                                  [heap]
0ffca000-0ffd2000 rw-p 00000000 00:00 0                                  [heap]
0ffd2000-1029b000 rw-p 00000000 00:00 0                                  [heap]
1029b000-102a3000 rw-p 00000000 00:00 0                                  [heap]
102a3000-102af000 rw-p 00000000 00:00 0                                  [heap]
102af000-102b7000 rw-p 00000000 00:00 0                                  [heap]
102b7000-1e8a8000 rw-p 00000000 00:00 0                                  [heap]
1e8a8000-1e8b0000 rw-p 00000000 00:00 0                                  [heap]
1e8b0000-251a0000 rw-p 00000000 00:00 0                                  [heap]
251a0000-251a8000 rw-p 00000000 00:00 0                                  [heap]
251a8000-565d0000 rw-p 00000000 00:00 0                                  [heap]
565d0000-565d8000 rw-p 00000000 00:00 0                                  [heap]
565d8000-565e6000 rw-p 00000000 00:00 0                                  [heap]
565e6000-565ee000 rw-p 00000000 00:00 0                                  [heap]
565ee000-56602000 rw-p 00000000 00:00 0                                  [heap]
56602000-5660a000 rw-p 00000000 00:00 0                                  [heap]
5660a000-56618000 rw-p 00000000 00:00 0                                  [heap]
56618000-56620000 rw-p 00000000 00:00 0                                  [heap]
56620000-5662e000 rw-p 00000000 00:00 0                                  [heap]
5662e000-56636000 rw-p 00000000 00:00 0                                  [heap]
56636000-58400000 rw-p 00000000 00:00 0                                  [heap]
58400000-5aa00000 rw-p 00000000 00:00 0                                  [heap]
5aa00000-5aa21000 rw-p 00000000 00:00 0                                  [heap]
2ad9fb6ee000-2ad9fb710000 r-xp 00000000 fd:00 402712696                  /usr/lib64/ld-2.17.so
2ad9fb710000-2ad9fb713000 rw-p 00000000 00:00 0 
2ad9fb713000-2ad9fb716000 r--p 00000000 3d8:ad14e 144134765124010327     /work2/11056/zwu/frontera/miniconda3/envs/libyt/lib/libz.so.1.3.2
2ad9fb716000-2ad9fb726000 r-xp 00003000 3d8:ad14e 144134765124010327     /work2/11056/zwu/frontera/miniconda3/envs/libyt/lib/libz.so.1.3.2
2ad9fb726000-2ad9fb72c000 r--p 00013000 3d8:ad14e 144134765124010327     /work2/11056/zwu/frontera/miniconda3/envs/libyt/lib/libz.so.1.3.2
2ad9fb72c000-2ad9fb72d000 r--p 00019000 3d8:ad14e 144134765124010327     /work2/11056/zwu/frontera/miniconda3/envs/libyt/lib/libz.so.1.3.2
2ad9fb72d000-2ad9fb72e000 rw-p 0001a000 3d8:ad14e 144134765124010327     /work2/11056/zwu/frontera/miniconda3/envs/libyt/lib/libz.so.1.3.2
2ad9fb72e000-2ad9fb73e000 rw-p 00000000 00:00 0 
2ad9fb73e000-2ad9fb740000 r--p 00000000 3d8:ad14e 144132292263082908     /work2/11056/zwu/frontera/miniconda3/lib/libefa.so.1.4.59.0
2ad9fb740000-2ad9fb748000 r-xp 00002000 3d8:ad14e 144132292263082908     /work2/11056/zwu/frontera/miniconda3/lib/libefa.so.1.4.59.0
2ad9fb748000-2ad9fb74b000 r--p 0000a000 3d8:ad14e 144132292263082908     /work2/11056/zwu/frontera/miniconda3/lib/libefa.so.1.4.59.0
2ad9fb74b000-2ad9fb74c000 r--p 0000c000 3d8:ad14e 144132292263082908     /work2/11056/zwu/frontera/miniconda3/lib/libefa.so.1.4.59.0
2ad9fb74c000-2ad9fb74d000 rw-p 0000d000 3d8:ad14e 144132292263082908     /work2/11056/zwu/frontera/miniconda3/lib/libefa.so.1.4.59.0
2ad9fb74d000-2ad9fb7c1000 rw-p 00000000 00:00 0 
2ad9fb7c1000-2ad9fb7d2000 r--p 00000000 3d8:ad14e 144134765124072526     /work2/11056/zwu/frontera/enzo_gh/libyt_dev/libyt_wr/install/lib/libyt.so.0.5.0
2ad9fb7d2000-2ad9fb84d000 r-xp 00011000 3d8:ad14e 144134765124072526     /work2/11056/zwu/frontera/enzo_gh/libyt_dev/libyt_wr/install/lib/libyt.so.0.5.0
2ad9fb84d000-2ad9fb86a000 r--p 0008c000 3d8:ad14e 144134765124072526     /work2/11056/zwu/frontera/enzo_gh/libyt_dev/libyt_wr/install/lib/libyt.so.0.5.0
2ad9fb86a000-2ad9fb86b000 r--p 000a8000 3d8:ad14e 144134765124072526     /work2/11056/zwu/frontera/enzo_gh/libyt_dev/libyt_wr/install/lib/libyt.so.0.5.0
2ad9fb86b000-2ad9fb86c000 rw-p 000a9000 3d8:ad14e 144134765124072526     /work2/11056/zwu/frontera/enzo_gh/libyt_dev/libyt_wr/install/lib/libyt.so.0.5.0
2ad9fb86c000-2ad9fb86d000 rw-p 00000000 00:00 0 
2ad9fb86d000-2ad9fb871000 r--p 00000000 3d8:ad14e 144134765124008883     /work2/11056/zwu/frontera/miniconda3/envs/libyt/lib/libgcc_s.so.1
2ad9fb871000-2ad9fb894000 r-xp 00004000 3d8:ad14e 144134765124008883     /work2/11056/zwu/frontera/miniconda3/envs/libyt/lib/libgcc_s.so.1
2ad9fb894000-2ad9fb898000 r--p 00027000 3d8:ad14e 144134765124008883     /work2/11056/zwu/frontera/miniconda3/envs/libyt/lib/libgcc_s.so.1
2ad9fb898000-2ad9fb899000 r--p 0002a000 3d8:ad14e 144134765124008883     /work2/11056/zwu/frontera/miniconda3/envs/libyt/lib/libgcc_s.so.1
2ad9fb899000-2ad9fb89a000 rw-p 0002b000 3d8:ad14e 144134765124008883     /work2/11056/zwu/frontera/miniconda3/envs/libyt/lib/libgcc_s.so.1
2ad9fb89a000-2ad9fb89b000 r--p 00000000 fd:00 138681872                  /opt/apps/intel19/hdf5/1.10.4/x86_64/lib/libsz.so.2.0.0
2ad9fb89b000-2ad9fb8ac000 r-xp 00001000 fd:00 138681872                  /opt/apps/intel19/hdf5/1.10.4/x86_64/lib/libsz.so.2.0.0
2ad9fb8ac000-2ad9fb8ae000 r--p 00012000 fd:00 138681872                  /opt/apps/intel19/hdf5/1.10.4/x86_64/lib/libsz.so.2.0.0
2ad9fb8ae000-2ad9fb8af000 r--p 00013000 fd:00 138681872                  /opt/apps/intel19/hdf5/1.10.4/x86_64/lib/libsz.so.2.0.0
2ad9fb8af000-2ad9fb8b0000 rw-p 00014000 fd:00 138681872                  /opt/apps/intel19/hdf5/1.10.4/x86_64/lib/libsz.so.2.0.0
2ad9fb8b0000-2ad9fb8b8000 rw-p 00000000 00:00 0 
2ad9fb8b8000-2ad9fb8bb000 r--p 00000000 3d8:ad14e 144134765124008903     /work2/11056/zwu/frontera/miniconda3/envs/libyt/lib/libquadmath.so.0.0.0
2ad9fb8bb000-2ad9fb8e7000 r-xp 00003000 3d8:ad14e 144134765124008903     /work2/11056/zwu/frontera/miniconda3/envs/libyt/lib/libquadmath.so.0.0.0
2ad9fb8e7000-2ad9fb8fe000 r--p 0002f000 3d8:ad14e 144134765124008903     /work2/11056/zwu/frontera/miniconda3/envs/libyt/lib/libquadmath.so.0.0.0
2ad9fb8fe000-2ad9fb8ff000 r--p 00045000 3d8:ad14e 144134765124008903     /work2/11056/zwu/frontera/miniconda3/envs/libyt/lib/libquadmath.so.0.0.0
2ad9fb8ff000-2ad9fb900000 rw-p 00046000 3d8:ad14e 144134765124008903     /work2/11056/zwu/frontera/miniconda3/envs/libyt/lib/libquadmath.so.0.0.0
2ad9fb900000-2ad9fb902000 r--p 00000000 3d8:ad14e 144132292263082135     /work2/11056/zwu/frontera/miniconda3/lib/libibverbs/libhfi1verbs-rdmav59.so
2ad9fb902000-2ad9fb904000 r-xp 00002000 3d8:ad14e 144132292263082135     /work2/11056/zwu/frontera/miniconda3/lib/libibverbs/libhfi1verbs-rdmav59.so
2ad9fb904000-2ad9fb905000 r--p 00004000 3d8:ad14e 144132292263082135     /work2/11056/zwu/frontera/miniconda3/lib/libibverbs/libhfi1verbs-rdmav59.so
2ad9fb905000-2ad9fb906000 r--p 00005000 3d8:ad14e 144132292263082135     /work2/11056/zwu/frontera/miniconda3/lib/libibverbs/libhfi1verbs-rdmav59.so
2ad9fb906000-2ad9fb907000 rw-p 00006000 3d8:ad14e 144132292263082135     /work2/11056/zwu/frontera/miniconda3/lib/libibverbs/libhfi1verbs-rdmav59.so
2ad9fb907000-2ad9fb909000 r--p 00000000 3d8:ad14e 144132292263082510     /work2/11056/zwu/frontera/miniconda3/lib/libibverbs/liberdma-rdmav59.so
2ad9fb909000-2ad9fb90b000 r-xp 00002000 3d8:ad14e 144132292263082510     /work2/11056/zwu/frontera/miniconda3/lib/libibverbs/liberdma-rdmav59.so
2ad9fb90b000-2ad9fb90c000 r--p 00004000 3d8:ad14e 144132292263082510     /work2/11056/zwu/frontera/miniconda3/lib/libibverbs/liberdma-rdmav59.so
2ad9fb90c000-2ad9fb90d000 r--p 00004000 3d8:ad14e 144132292263082510     /work2/11056/zwu/frontera/miniconda3/lib/libibverbs/liberdma-rdmav59.so
2ad9fb90d000-2ad9fb90e000 rw-p 00005000 3d8:ad14e 144132292263082510     /work2/11056/zwu/frontera/miniconda3/lib/libibverbs/liberdma-rdmav59.so
2ad9fb90e000-2ad9fb90f000 r--s 00500000 00:05 23592                      /dev/infiniband/uverbs0
2ad9fb90f000-2ad9fb910000 r--p 00021000 fd:00 402712696                  /usr/lib64/ld-2.17.so
2ad9fb910000-2ad9fb911000 rw-p 00022000 fd:00 402712696                  /usr/lib64/ld-2.17.so
2ad9fb911000-2ad9fb912000 rw-p 00000000 00:00 0 
2ad9fb912000-2ad9fb95b000 r--p 00000000 fd:00 138681682                  /opt/apps/intel19/hdf5/1.10.4/x86_64/lib/libhdf5.so.103.0.0
2ad9fb95b000-2ad9fbc7d000 r-xp 00049000 fd:00 138681682                  /opt/apps/intel19/hdf5/1.10.4/x86_64/lib/libhdf5.so.103.0.0
2ad9fbc7d000-2ad9fbd93000 r--p 0036b000 fd:00 138681682                  /opt/apps/intel19/hdf5/1.10.4/x86_64/lib/libhdf5.so.103.0.0
2ad9fbd93000-2ad9fbd94000 ---p 00481000 fd:00 138681682                  /opt/apps/intel19/hdf5/1.10.4/x86_64/lib/libhdf5.so.103.0.0
2ad9fbd94000-2ad9fbd9e000 r--p 00481000 fd:00 138681682                  /opt/apps/intel19/hdf5/1.10.4/x86_64/lib/libhdf5.so.103.0.0
2ad9fbd9e000-2ad9fbda8000 rw-p 0048b000 fd:00 138681682                  /opt/apps/intel19/hdf5/1.10.4/x86_64/lib/libhdf5.so.103.0.0
2ad9fbda8000-2ad9fbdab000 rw-p 00000000 00:00 0 
2ad9fbdab000-2ad9fbeac000 r-xp 00000000 fd:00 402712718                  /usr/lib64/libm-2.17.so
2ad9fbeac000-2ad9fc0ab000 ---p 00101000 fd:00 402712718                  /usr/lib64/libm-2.17.so
2ad9fc0ab000-2ad9fc0ac000 r--p 00100000 fd:00 402712718                  /usr/lib64/libm-2.17.so
2ad9fc0ac000-2ad9fc0ad000 rw-p 00101000 fd:00 402712718                  /usr/lib64/libm-2.17.so
2ad9fc0ad000-2ad9fc1e7000 r-xp 00000000 fd:00 269520505                  /opt/intel/compilers_and_libraries_2019.5.281/linux/compiler/lib/intel64_lin/libifcore.so.5
2ad9fc1e7000-2ad9fc3e6000 ---p 0013a000 fd:00 269520505                  /opt/intel/compilers_and_libraries_2019.5.281/linux/compiler/lib/intel64_lin/libifcore.so.5
2ad9fc3e6000-2ad9fc3e9000 r--p 00139000 fd:00 269520505                  /opt/intel/compilers_and_libraries_2019.5.281/linux/compiler/lib/intel64_lin/libifcore.so.5
2ad9fc3e9000-2ad9fc3ec000 rw-p 0013c000 fd:00 269520505                  /opt/intel/compilers_and_libraries_2019.5.281/linux/compiler/lib/intel64_lin/libifcore.so.5
2ad9fc3ec000-2ad9fc40a000 rw-p 00000000 00:00 0 
2ad9fc40a000-2ad9fc5c4000 r-xp 00000000 fd:00 269531070                  /opt/intel/compilers_and_libraries_2019.5.281/linux/compiler/lib/intel64_lin/libiomp5.so
2ad9fc5c4000-2ad9fc7c4000 ---p 001ba000 fd:00 269531070                  /opt/intel/compilers_and_libraries_2019.5.281/linux/compiler/lib/intel64_lin/libiomp5.so
2ad9fc7c4000-2ad9fc7c7000 r--p 001ba000 fd:00 269531070                  /opt/intel/compilers_and_libraries_2019.5.281/linux/compiler/lib/intel64_lin/libiomp5.so
2ad9fc7c7000-2ad9fc7d1000 rw-p 001bd000 fd:00 269531070                  /opt/intel/compilers_and_libraries_2019.5.281/linux/compiler/lib/intel64_lin/libiomp5.so
2ad9fc7d1000-2ad9fc7ff000 rw-p 00000000 00:00 0 
2ad9fc7ff000-2ad9fc823000 r--p 00000000 3d8:ad14e 144134765124016352     /work2/11056/zwu/frontera/miniconda3/envs/libyt/lib/libgfortran.so.5.0.0
2ad9fc823000-2ad9fcb1c000 r-xp 00024000 3d8:ad14e 144134765124016352     /work2/11056/zwu/frontera/miniconda3/envs/libyt/lib/libgfortran.so.5.0.0
2ad9fcb1c000-2ad9fcb53000 r--p 0031d000 3d8:ad14e 144134765124016352     /work2/11056/zwu/frontera/miniconda3/envs/libyt/lib/libgfortran.so.5.0.0
2ad9fcb53000-2ad9fcb54000 r--p 00354000 3d8:ad14e 144134765124016352     /work2/11056/zwu/frontera/miniconda3/envs/libyt/lib/libgfortran.so.5.0.0
2ad9fcb54000-2ad9fcb56000 rw-p 00355000 3d8:ad14e 144134765124016352     /work2/11056/zwu/frontera/miniconda3/envs/libyt/lib/libgfortran.so.5.0.0
2ad9fcb56000-2ad9fcf60000 r-xp 00000000 fd:00 274405789                  /opt/intel/compilers_and_libraries_2019.5.281/linux/compiler/lib/intel64_lin/libimf.so
2ad9fcf60000-2ad9fd160000 ---p 0040a000 fd:00 274405789                  /opt/intel/compilers_and_libraries_2019.5.281/linux/compiler/lib/intel64_lin/libimf.so
2ad9fd160000-2ad9fd167000 r--p 0040a000 fd:00 274405789                  /opt/intel/compilers_and_libraries_2019.5.281/linux/compiler/lib/intel64_lin/libimf.so
2ad9fd167000-2ad9fd1db000 rw-p 00411000 fd:00 274405789                  /opt/intel/compilers_and_libraries_2019.5.281/linux/compiler/lib/intel64_lin/libimf.so
2ad9fd1db000-2ad9fe9e3000 r-xp 00000000 fd:00 274493391                  /opt/intel/compilers_and_libraries_2019.5.281/linux/compiler/lib/intel64_lin/libsvml.so
2ad9fe9e3000-2ad9febe3000 ---p 01808000 fd:00 274493391                  /opt/intel/compilers_and_libraries_2019.5.281/linux/compiler/lib/intel64_lin/libsvml.so
2ad9febe3000-2ad9fec33000 r--p 01808000 fd:00 274493391                  /opt/intel/compilers_and_libraries_2019.5.281/linux/compiler/lib/intel64_lin/libsvml.so
2ad9fec33000-2ad9fec67000 rw-p 01858000 fd:00 274493391                  /opt/intel/compilers_and_libraries_2019.5.281/linux/compiler/lib/intel64_lin/libsvml.so
2ad9fec67000-2ad9fedbf000 r-xp 00000000 fd:00 274493382                  /opt/intel/compilers_and_libraries_2019.5.281/linux/compiler/lib/intel64_lin/libirng.so
2ad9fedbf000-2ad9fefbe000 ---p 00158000 fd:00 274493382                  /opt/intel/compilers_and_libraries_2019.5.281/linux/compiler/lib/intel64_lin/libirng.so
2ad9fefbe000-2ad9fefbf000 r--p 00157000 fd:00 274493382                  /opt/intel/compilers_and_libraries_2019.5.281/linux/compiler/lib/intel64_lin/libirng.so
2ad9fefbf000-2ad9fefd2000 rw-p 00158000 fd:00 274493382                  /opt/intel/compilers_and_libraries_2019.5.281/linux/compiler/lib/intel64_lin/libirng.so
2ad9fefd2000-2ad9ff040000 r-xp 00000000 fd:00 274493376                  /opt/intel/compilers_and_libraries_2019.5.281/linux/compiler/lib/intel64_lin/libintlc.so.5
2ad9ff040000-2ad9ff240000 ---p 0006e000 fd:00 274493376                  /opt/intel/compilers_and_libraries_2019.5.281/linux/compiler/lib/intel64_lin/libintlc.so.5
2ad9ff240000-2ad9ff241000 r--p 0006e000 fd:00 274493376                  /opt/intel/compilers_and_libraries_2019.5.281/linux/compiler/lib/intel64_lin/libintlc.so.5
2ad9ff241000-2ad9ff242000 rw-p 0006f000 fd:00 274493376                  /opt/intel/compilers_and_libraries_2019.5.281/linux/compiler/lib/intel64_lin/libintlc.so.5
2ad9ff242000-2ad9ff244000 rw-p 00000000 00:00 0 
2ad9ff244000-2ad9ff24b000 r-xp 00000000 fd:00 402714570                  /usr/lib64/librt-2.17.so
2ad9ff24b000-2ad9ff44a000 ---p 00007000 fd:00 402714570                  /usr/lib64/librt-2.17.so
2ad9ff44a000-2ad9ff44b000 r--p 00006000 fd:00 402714570                  /usr/lib64/librt-2.17.so
2ad9ff44b000-2ad9ff44c000 rw-p 00007000 fd:00 402714570                  /usr/lib64/librt-2.17.so
2ad9ff44c000-2ad9ff463000 r-xp 00000000 fd:00 402714566                  /usr/lib64/libpthread-2.17.so
2ad9ff463000-2ad9ff662000 ---p 00017000 fd:00 402714566                  /usr/lib64/libpthread-2.17.so
2ad9ff662000-2ad9ff663000 r--p 00016000 fd:00 402714566                  /usr/lib64/libpthread-2.17.so
2ad9ff663000-2ad9ff664000 rw-p 00017000 fd:00 402714566                  /usr/lib64/libpthread-2.17.so
2ad9ff664000-2ad9ff668000 rw-p 00000000 00:00 0 
2ad9ff668000-2ad9ff686000 r-xp 00000000 fd:00 403125903                  /opt/intel/compilers_and_libraries_2020.4.304/linux/mpi/intel64/lib/libmpicxx.so.12.0.0
2ad9ff686000-2ad9ff885000 ---p 0001e000 fd:00 403125903                  /opt/intel/compilers_and_libraries_2020.4.304/linux/mpi/intel64/lib/libmpicxx.so.12.0.0
2ad9ff885000-2ad9ff886000 r--p 0001d000 fd:00 403125903                  /opt/intel/compilers_and_libraries_2020.4.304/linux/mpi/intel64/lib/libmpicxx.so.12.0.0
2ad9ff886000-2ad9ff888000 rw-p 0001e000 fd:00 403125903                  /opt/intel/compilers_and_libraries_2020.4.304/linux/mpi/intel64/lib/libmpicxx.so.12.0.0
2ad9ff888000-2ad9ffa1a000 r-xp 00000000 fd:00 403125907                  /opt/intel/compilers_and_libraries_2020.4.304/linux/mpi/intel64/lib/libmpifort.so.12.0.0
2ad9ffa1a000-2ad9ffc1a000 ---p 00192000 fd:00 403125907                  /opt/intel/compilers_and_libraries_2020.4.304/linux/mpi/intel64/lib/libmpifort.so.12.0.0
2ad9ffc1a000-2ad9ffc1e000 r--p 00192000 fd:00 403125907                  /opt/intel/compilers_and_libraries_2020.4.304/linux/mpi/intel64/lib/libmpifort.so.12.0.0
2ad9ffc1e000-2ad9ffc22000 rw-p 00196000 fd:00 403125907                  /opt/intel/compilers_and_libraries_2020.4.304/linux/mpi/intel64/lib/libmpifort.so.12.0.0
2ad9ffc22000-2ad9ffc46000 rw-p 00000000 00:00 0 
2ad9ffc46000-2ada00a7b000 r-xp 00000000 fd:00 310294660                  /opt/intel/compilers_and_libraries_2020.4.304/linux/mpi/intel64/lib/release/libmpi.so.12.0.0
2ada00a7b000-2ada00c7b000 ---p 00e35000 fd:00 310294660                  /opt/intel/compilers_and_libraries_2020.4.304/linux/mpi/intel64/lib/release/libmpi.so.12.0.0
2ada00c7b000-2ada00c8c000 r--p 00e35000 fd:00 310294660                  /opt/intel/compilers_and_libraries_2020.4.304/linux/mpi/intel64/lib/release/libmpi.so.12.0.0
2ada00c8c000-2ada00c9d000 rw-p 00e46000 fd:00 310294660                  /opt/intel/compilers_and_libraries_2020.4.304/linux/mpi/intel64/lib/release/libmpi.so.12.0.0
2ada00c9d000-2ada00fa6000 rw-p 00000000 00:00 0 
2ada00fa6000-2ada00fa8000 r-xp 00000000 fd:00 402712716                  /usr/lib64/libdl-2.17.so
2ada00fa8000-2ada011a8000 ---p 00002000 fd:00 402712716                  /usr/lib64/libdl-2.17.so
2ada011a8000-2ada011a9000 r--p 00002000 fd:00 402712716                  /usr/lib64/libdl-2.17.so
2ada011a9000-2ada011aa000 rw-p 00003000 fd:00 402712716                  /usr/lib64/libdl-2.17.so
2ada011aa000-2ada01254000 r--p 00000000 3d8:ad14e 144134765124008209     /work2/11056/zwu/frontera/miniconda3/envs/libyt/lib/libstdc++.so.6.0.34
2ada01254000-2ada01385000 r-xp 000aa000 3d8:ad14e 144134765124008209     /work2/11056/zwu/frontera/miniconda3/envs/libyt/lib/libstdc++.so.6.0.34
2ada01385000-2ada01413000 r--p 001db000 3d8:ad14e 144134765124008209     /work2/11056/zwu/frontera/miniconda3/envs/libyt/lib/libstdc++.so.6.0.34
2ada01413000-2ada01422000 r--p 00268000 3d8:ad14e 144134765124008209     /work2/11056/zwu/frontera/miniconda3/envs/libyt/lib/libstdc++.so.6.0.34
2ada01422000-2ada01425000 rw-p 00277000 3d8:ad14e 144134765124008209     /work2/11056/zwu/frontera/miniconda3/envs/libyt/lib/libstdc++.so.6.0.34
2ada01425000-2ada01429000 rw-p 00000000 00:00 0 
2ada01429000-2ada0151e000 r-xp 00000000 fd:00 402704064                  /usr/lib64/libc-2.17.so
2ada0151e000-2ada0151f000 r-xp 000f5000 fd:00 402704064                  /usr/lib64/libc-2.17.so
2ada0151f000-2ada01521000 r-xp 000f6000 fd:00 402704064                  /usr/lib64/libc-2.17.so
2ada01521000-2ada01523000 r-xp 000f8000 fd:00 402704064                  /usr/lib64/libc-2.17.so
2ada01523000-2ada01528000 r-xp 000fa000 fd:00 402704064                  /usr/lib64/libc-2.17.so
2ada01528000-2ada0152a000 r-xp 000ff000 fd:00 402704064                  /usr/lib64/libc-2.17.so
2ada0152a000-2ada015ed000 r-xp 00101000 fd:00 402704064                  /usr/lib64/libc-2.17.so
2ada015ed000-2ada017ec000 ---p 001c4000 fd:00 402704064                  /usr/lib64/libc-2.17.so
2ada017ec000-2ada017f0000 r--p 001c3000 fd:00 402704064                  /usr/lib64/libc-2.17.so
2ada017f0000-2ada017f2000 rw-p 001c7000 fd:00 402704064                  /usr/lib64/libc-2.17.so
2ada017f2000-2ada017f7000 rw-p 00000000 00:00 0 
2ada017f7000-2ada0187d000 r--p 00000000 3d8:ad14e 144134765124014084     /work2/11056/zwu/frontera/miniconda3/envs/libyt/lib/libpython3.13.so.1.0
2ada0187d000-2ada01b25000 r-xp 00086000 3d8:ad14e 144134765124014084     /work2/11056/zwu/frontera/miniconda3/envs/libyt/lib/libpython3.13.so.1.0
2ada01b25000-2ada01ca2000 r--p 0032e000 3d8:ad14e 144134765124014084     /work2/11056/zwu/frontera/miniconda3/envs/libyt/lib/libpython3.13.so.1.0
2ada01ca2000-2ada01cf4000 r--p 004aa000 3d8:ad14e 144134765124014084     /work2/11056/zwu/frontera/miniconda3/envs/libyt/lib/libpython3.13.so.1.0
2ada01cf4000-2ada01d75000 rw-p 004fc000 3d8:ad14e 144134765124014084     /work2/11056/zwu/frontera/miniconda3/envs/libyt/lib/libpython3.13.so.1.0
2ada01d75000-2ada01dee000 rw-p 00000000 00:00 0 
2ada01dee000-2ada01e2a000 r-xp 00000000 fd:00 402704835                  /usr/lib64/libreadline.so.6.2
2ada01e2a000-2ada0202a000 ---p 0003c000 fd:00 402704835                  /usr/lib64/libreadline.so.6.2
2ada0202a000-2ada0202c000 r--p 0003c000 fd:00 402704835                  /usr/lib64/libreadline.so.6.2
2ada0202c000-2ada02032000 rw-p 0003e000 fd:00 402704835                  /usr/lib64/libreadline.so.6.2
2ada02032000-2ada02034000 rw-p 00000000 00:00 0 
2ada02034000-2ada02073000 r-xp 00000000 fd:00 310294666                  /opt/intel/compilers_and_libraries_2020.4.304/linux/mpi/intel64/libfabric/lib/libfabric.so.1
2ada02073000-2ada02273000 ---p 0003f000 fd:00 310294666                  /opt/intel/compilers_and_libraries_2020.4.304/linux/mpi/intel64/libfabric/lib/libfabric.so.1
2ada02273000-2ada02276000 rw-p 0003f000 fd:00 310294666                  /opt/intel/compilers_and_libraries_2020.4.304/linux/mpi/intel64/libfabric/lib/libfabric.so.1
2ada02276000-2ada02278000 r-xp 00000000 fd:00 402714575                  /usr/lib64/libutil-2.17.so
2ada02278000-2ada02477000 ---p 00002000 fd:00 402714575                  /usr/lib64/libutil-2.17.so
2ada02477000-2ada02478000 r--p 00001000 fd:00 402714575                  /usr/lib64/libutil-2.17.so
2ada02478000-2ada02479000 rw-p 00002000 fd:00 402714575                  /usr/lib64/libutil-2.17.so
2ada02479000-2ada0249e000 r-xp 00000000 fd:00 402704458                  /usr/lib64/libtinfo.so.5.9
2ada0249e000-2ada0269e000 ---p 00025000 fd:00 402704458                  /usr/lib64/libtinfo.so.5.9
2ada0269e000-2ada026a2000 r--p 00025000 fd:00 402704458                  /usr/lib64/libtinfo.so.5.9
2ada026a2000-2ada026a3000 rw-p 00029000 fd:00 402704458                  /usr/lib64/libtinfo.so.5.9
2ada026a3000-2ada026ad000 r-xp 00000000 fd:00 405550015                  /usr/lib64/libnuma.so.1.0.0
2ada026ad000-2ada028ad000 ---p 0000a000 fd:00 405550015                  /usr/lib64/libnuma.so.1.0.0
2ada028ad000-2ada028ae000 r--p 0000a000 fd:00 405550015                  /usr/lib64/libnuma.so.1.0.0
2ada028ae000-2ada028af000 rw-p 0000b000 fd:00 405550015                  /usr/lib64/libnuma.so.1.0.0
2ada028af000-2adafbf27000 rw-s 00000000 00:13 72237119                   /dev/shm/Intel_MPI_bCy8LY (deleted)
2adafbf27000-2adafbf74000 r-xp 00000000 fd:00 461108736                  /opt/intel/compilers_and_libraries_2020.4.304/linux/mpi/intel64/libfabric/lib/prov/libverbs-fi.so
2adafbf74000-2adafc173000 ---p 0004d000 fd:00 461108736                  /opt/intel/compilers_and_libraries_2020.4.304/linux/mpi/intel64/libfabric/lib/prov/libverbs-fi.so
2adafc173000-2adafc177000 rw-p 0004c000 fd:00 461108736                  /opt/intel/compilers_and_libraries_2020.4.304/linux/mpi/intel64/libfabric/lib/prov/libverbs-fi.so
2adafc177000-2adafc17c000 r--p 00000000 3d8:ad14e 144132292263083547     /work2/11056/zwu/frontera/miniconda3/lib/librdmacm.so.1.3.59.0
2adafc17c000-2adafc190000 r-xp 00005000 3d8:ad14e 144132292263083547     /work2/11056/zwu/frontera/miniconda3/lib/librdmacm.so.1.3.59.0
2adafc190000-2adafc194000 r--p 00019000 3d8:ad14e 144132292263083547     /work2/11056/zwu/frontera/miniconda3/lib/librdmacm.so.1.3.59.0
2adafc194000-2adafc195000 r--p 0001c000 3d8:ad14e 144132292263083547     /work2/11056/zwu/frontera/miniconda3/lib/librdmacm.so.1.3.59.0
2adafc195000-2adafc196000 rw-p 0001d000 3d8:ad14e 144132292263083547     /work2/11056/zwu/frontera/miniconda3/lib/librdmacm.so.1.3.59.0
2adafc196000-2adafc197000 rw-p 00000000 00:00 0 
2adafc197000-2adafc19f000 r--p 00000000 3d8:ad14e 144132292263083546     /work2/11056/zwu/frontera/miniconda3/lib/libibverbs.so.1.15.59.0
2adafc19f000-2adafc1b2000 r-xp 00008000 3d8:ad14e 144132292263083546     /work2/11056/zwu/frontera/miniconda3/lib/libibverbs.so.1.15.59.0
2adafc1b2000-2adafc1b8000 r--p 0001b000 3d8:ad14e 144132292263083546     /work2/11056/zwu/frontera/miniconda3/lib/libibverbs.so.1.15.59.0
2adafc1b8000-2adafc1b9000 r--p 00020000 3d8:ad14e 144132292263083546     /work2/11056/zwu/frontera/miniconda3/lib/libibverbs.so.1.15.59.0
2adafc1b9000-2adafc1ba000 rw-p 00021000 3d8:ad14e 144132292263083546     /work2/11056/zwu/frontera/miniconda3/lib/libibverbs.so.1.15.59.0
2adafc1ba000-2adafc1c4000 r--p 00000000 3d8:ad14e 144132292263081342     /work2/11056/zwu/frontera/miniconda3/lib/libnl-3.so.200.26.0
2adafc1c4000-2adafc1d3000 r-xp 0000a000 3d8:ad14e 144132292263081342     /work2/11056/zwu/frontera/miniconda3/lib/libnl-3.so.200.26.0
2adafc1d3000-2adafc1dc000 r--p 00019000 3d8:ad14e 144132292263081342     /work2/11056/zwu/frontera/miniconda3/lib/libnl-3.so.200.26.0
2adafc1dc000-2adafc1de000 r--p 00021000 3d8:ad14e 144132292263081342     /work2/11056/zwu/frontera/miniconda3/lib/libnl-3.so.200.26.0
2adafc1de000-2adafc1df000 rw-p 00023000 3d8:ad14e 144132292263081342     /work2/11056/zwu/frontera/miniconda3/lib/libnl-3.so.200.26.0
2adafc1df000-2adafc201000 r--p 00000000 3d8:ad14e 144132292263083512     /work2/11056/zwu/frontera/miniconda3/lib/libnl-route-3.so.200.26.0
2adafc201000-2adafc247000 r-xp 00022000 3d8:ad14e 144132292263083512     /work2/11056/zwu/frontera/miniconda3/lib/libnl-route-3.so.200.26.0
2adafc247000-2adafc268000 r--p 00068000 3d8:ad14e 144132292263083512     /work2/11056/zwu/frontera/miniconda3/lib/libnl-route-3.so.200.26.0
2adafc268000-2adafc26c000 r--p 00089000 3d8:ad14e 144132292263083512     /work2/11056/zwu/frontera/miniconda3/lib/libnl-route-3.so.200.26.0
2adafc26c000-2adafc271000 rw-p 0008d000 3d8:ad14e 144132292263083512     /work2/11056/zwu/frontera/miniconda3/lib/libnl-route-3.so.200.26.0
2adafc271000-2adafc274000 rw-p 00000000 00:00 0 
2adafc274000-2adafc276000 r--p 00000000 3d8:ad14e 144132292263082965     /work2/11056/zwu/frontera/miniconda3/lib/libibverbs/libbnxt_re-rdmav59.so
2adafc276000-2adafc27d000 r-xp 00002000 3d8:ad14e 144132292263082965     /work2/11056/zwu/frontera/miniconda3/lib/libibverbs/libbnxt_re-rdmav59.so
2adafc27d000-2adafc27f000 r--p 00009000 3d8:ad14e 144132292263082965     /work2/11056/zwu/frontera/miniconda3/lib/libibverbs/libbnxt_re-rdmav59.so
2adafc27f000-2adafc280000 r--p 0000a000 3d8:ad14e 144132292263082965     /work2/11056/zwu/frontera/miniconda3/lib/libibverbs/libbnxt_re-rdmav59.so
2adafc280000-2adafc281000 rw-p 0000b000 3d8:ad14e 144132292263082965     /work2/11056/zwu/frontera/miniconda3/lib/libibverbs/libbnxt_re-rdmav59.so
2adafc281000-2adafc283000 r--p 00000000 3d8:ad14e 144132292263082415     /work2/11056/zwu/frontera/miniconda3/lib/libibverbs/libcxgb4-rdmav59.so
2adafc283000-2adafc28a000 r-xp 00002000 3d8:ad14e 144132292263082415     /work2/11056/zwu/frontera/miniconda3/lib/libibverbs/libcxgb4-rdmav59.so
2adafc28a000-2adafc28c000 r--p 00009000 3d8:ad14e 144132292263082415     /work2/11056/zwu/frontera/miniconda3/lib/libibverbs/libcxgb4-rdmav59.so
2adafc28c000-2adafc28d000 r--p 0000b000 3d8:ad14e 144132292263082415     /work2/11056/zwu/frontera/miniconda3/lib/libibverbs/libcxgb4-rdmav59.so
2adafc28d000-2adafc28e000 rw-p 0000c000 3d8:ad14e 144132292263082415     /work2/11056/zwu/frontera/miniconda3/lib/libibverbs/libcxgb4-rdmav59.so
2adafc28e000-2adafc290000 r--p 00000000 3d8:ad14e 144132292263082756     /work2/11056/zwu/frontera/miniconda3/lib/libibverbs/libqedr-rdmav59.so
2adafc290000-2adafc296000 r-xp 00002000 3d8:ad14e 144132292263082756     /work2/11056/zwu/frontera/miniconda3/lib/libibverbs/libqedr-rdmav59.so
2adafc296000-2adafc299000 r--p 00008000 3d8:ad14e 144132292263082756     /work2/11056/zwu/frontera/miniconda3/lib/libibverbs/libqedr-rdmav59.so
2adafc299000-2adafc29a000 r--p 0000b000 3d8:ad14e 144132292263082756     /work2/11056/zwu/frontera/miniconda3/lib/libibverbs/libqedr-rdmav59.so
2adafc29a000-2adafc29b000 rw-p 0000c000 3d8:ad14e 144132292263082756     /work2/11056/zwu/frontera/miniconda3/lib/libibverbs/libqedr-rdmav59.so
2adafc29b000-2adafc29d000 r--p 00000000 3d8:ad14e 144132292263083057     /work2/11056/zwu/frontera/miniconda3/lib/libibverbs/libocrdma-rdmav59.so
2adafc29d000-2adafc2a1000 r-xp 00002000 3d8:ad14e 144132292263083057     /work2/11056/zwu/frontera/miniconda3/lib/libibverbs/libocrdma-rdmav59.so
2adafc2a1000-2adafc2a2000 r--p 00006000 3d8:ad14e 144132292263083057     /work2/11056/zwu/frontera/miniconda3/lib/libibverbs/libocrdma-rdmav59.so
2adafc2a2000-2adafc2a3000 r--p 00007000 3d8:ad14e 144132292263083057     /work2/11056/zwu/frontera/miniconda3/lib/libibverbs/libocrdma-rdmav59.so
2adafc2a3000-2adafc2a4000 rw-p 00008000 3d8:ad14e 144132292263083057     /work2/11056/zwu/frontera/miniconda3/lib/libibverbs/libocrdma-rdmav59.so
2adafc2a4000-2adafc2a6000 r--p 00000000 3d8:ad14e 144132292263082804     /work2/11056/zwu/frontera/miniconda3/lib/libhns.so.1.0.59.0
2adafc2a6000-2adafc2b0000 r-xp 00002000 3d8:ad14e 144132292263082804     /work2/11056/zwu/frontera/miniconda3/lib/libhns.so.1.0.59.0
2adafc2b0000-2adafc2b3000 r--p 0000c000 3d8:ad14e 144132292263082804     /work2/11056/zwu/frontera/miniconda3/lib/libhns.so.1.0.59.0
2adafc2b3000-2adafc2b4000 r--p 0000e000 3d8:ad14e 144132292263082804     /work2/11056/zwu/frontera/miniconda3/lib/libhns.so.1.0.59.0
2adafc2b4000-2adafc2b5000 rw-p 0000f000 3d8:ad14e 144132292263082804     /work2/11056/zwu/frontera/miniconda3/lib/libhns.so.1.0.59.0
2adafc2b5000-2adafc2b7000 r--p 00000000 3d8:ad14e 144132292263081634     /work2/11056/zwu/frontera/miniconda3/lib/libibverbs/librxe-rdmav59.so
2adafc2b7000-2adafc2bb000 r-xp 00002000 3d8:ad14e 144132292263081634     /work2/11056/zwu/frontera/miniconda3/lib/libibverbs/librxe-rdmav59.so
2adafc2bb000-2adafc2bc000 r--p 00006000 3d8:ad14e 144132292263081634     /work2/11056/zwu/frontera/miniconda3/lib/libibverbs/librxe-rdmav59.so
2adafc2bc000-2adafc2bd000 r--p 00007000 3d8:ad14e 144132292263081634     /work2/11056/zwu/frontera/miniconda3/lib/libibverbs/librxe-rdmav59.so
2adafc2bd000-2adafc2be000 rw-p 00008000 3d8:ad14e 144132292263081634     /work2/11056/zwu/frontera/miniconda3/lib/libibverbs/librxe-rdmav59.so
2adafc2be000-2adafc2c0000 r--p 00000000 3d8:ad14e 144132292263081367     /work2/11056/zwu/frontera/miniconda3/lib/libibverbs/libirdma-rdmav59.so
2adafc2c0000-2adafc2c6000 r-xp 00002000 3d8:ad14e 144132292263081367     /work2/11056/zwu/frontera/miniconda3/lib/libibverbs/libirdma-rdmav59.so
2adafc2c6000-2adafc2c8000 r--p 00008000 3d8:ad14e 144132292263081367     /work2/11056/zwu/frontera/miniconda3/lib/libibverbs/libirdma-rdmav59.so
2adafc2c8000-2adafc2c9000 r--p 00009000 3d8:ad14e 144132292263081367     /work2/11056/zwu/frontera/miniconda3/lib/libibverbs/libirdma-rdmav59.so
2adafc2c9000-2adafc2ca000 rw-p 0000a000 3d8:ad14e 144132292263081367     /work2/11056/zwu/frontera/miniconda3/lib/libibverbs/libirdma-rdmav59.so
2adafc2ca000-2adafc2cc000 r--p 00000000 3d8:ad14e 144132292263082086     /work2/11056/zwu/frontera/miniconda3/lib/libibverbs/libipathverbs-rdmav59.so
2adafc2cc000-2adafc2ce000 r-xp 00002000 3d8:ad14e 144132292263082086     /work2/11056/zwu/frontera/miniconda3/lib/libibverbs/libipathverbs-rdmav59.so
2adafc2ce000-2adafc2cf000 r--p 00004000 3d8:ad14e 144132292263082086     /work2/11056/zwu/frontera/miniconda3/lib/libibverbs/libipathverbs-rdmav59.so
2adafc2cf000-2adafc2d0000 r--p 00005000 3d8:ad14e 144132292263082086     /work2/11056/zwu/frontera/miniconda3/lib/libibverbs/libipathverbs-rdmav59.so
2adafc2d0000-2adafc2d1000 rw-p 00006000 3d8:ad14e 144132292263082086     /work2/11056/zwu/frontera/miniconda3/lib/libibverbs/libipathverbs-rdmav59.so
2adafc2d1000-2adafc2d3000 r--p 00000000 3d8:ad14e 144132292263082299     /work2/11056/zwu/frontera/miniconda3/lib/libmana.so.1.0.59.0
2adafc2d3000-2adafc2d8000 r-xp 00002000 3d8:ad14e 144132292263082299     /work2/11056/zwu/frontera/miniconda3/lib/libmana.so.1.0.59.0
2adafc2d8000-2adafc2da000 r--p 00007000 3d8:ad14e 144132292263082299     /work2/11056/zwu/frontera/miniconda3/lib/libmana.so.1.0.59.0
2adafc2da000-2adafc2db000 r--p 00008000 3d8:ad14e 144132292263082299     /work2/11056/zwu/frontera/miniconda3/lib/libmana.so.1.0.59.0
2adafc2db000-2adafc2dc000 rw-p 00009000 3d8:ad14e 144132292263082299     /work2/11056/zwu/frontera/miniconda3/lib/libmana.so.1.0.59.0
2adafc2dc000-2adafc2e5000 r--p 00000000 3d8:ad14e 144132292263082021     /work2/11056/zwu/frontera/miniconda3/lib/libmlx5.so.1.25.59.0
2adafc2e5000-2adafc344000 r-xp 00009000 3d8:ad14e 144132292263082021     /work2/11056/zwu/frontera/miniconda3/lib/libmlx5.so.1.25.59.0
2adafc344000-2adafc356000 r--p 00068000 3d8:ad14e 144132292263082021     /work2/11056/zwu/frontera/miniconda3/lib/libmlx5.so.1.25.59.0
2adafc356000-2adafc358000 r--p 00079000 3d8:ad14e 144132292263082021     /work2/11056/zwu/frontera/miniconda3/lib/libmlx5.so.1.25.59.0
2adafc358000-2adafc359000 rw-p 0007b000 3d8:ad14e 144132292263082021     /work2/11056/zwu/frontera/miniconda3/lib/libmlx5.so.1.25.59.0
2adafc359000-2adafc35b000 rw-p 00000000 00:00 0 
2adafc35b000-2adafc35d000 r--p 00000000 3d8:ad14e 144132292263081823     /work2/11056/zwu/frontera/miniconda3/lib/libibverbs/libsiw-rdmav59.so
2adafc35d000-2adafc35f000 r-xp 00002000 3d8:ad14e 144132292263081823     /work2/11056/zwu/frontera/miniconda3/lib/libibverbs/libsiw-rdmav59.so
2adafc35f000-2adafc360000 r--p 00004000 3d8:ad14e 144132292263081823     /work2/11056/zwu/frontera/miniconda3/lib/libibverbs/libsiw-rdmav59.so
2adafc360000-2adafc361000 r--p 00005000 3d8:ad14e 144132292263081823     /work2/11056/zwu/frontera/miniconda3/lib/libibverbs/libsiw-rdmav59.so
2adafc361000-2adafc362000 rw-p 00006000 3d8:ad14e 144132292263081823     /work2/11056/zwu/frontera/miniconda3/lib/libibverbs/libsiw-rdmav59.so
2adafc362000-2adafc364000 r--p 00000000 3d8:ad14e 144132292263081345     /work2/11056/zwu/frontera/miniconda3/lib/libibverbs/libmthca-rdmav59.so
2adafc364000-2adafc369000 r-xp 00002000 3d8:ad14e 144132292263081345     /work2/11056/zwu/frontera/miniconda3/lib/libibverbs/libmthca-rdmav59.so
2adafc369000-2adafc36b000 r--p 00007000 3d8:ad14e 144132292263081345     /work2/11056/zwu/frontera/miniconda3/lib/libibverbs/libmthca-rdmav59.so
2adafc36b000-2adafc36c000 r--p 00008000 3d8:ad14e 144132292263081345     /work2/11056/zwu/frontera/miniconda3/lib/libibverbs/libmthca-rdmav59.so
2adafc36c000-2adafc36d000 rw-p 00009000 3d8:ad14e 144132292263081345     /work2/11056/zwu/frontera/miniconda3/lib/libibverbs/libmthca-rdmav59.so
2adafc36d000-2adafc36f000 r--p 00000000 3d8:ad14e 144132292263081621     /work2/11056/zwu/frontera/miniconda3/lib/libibverbs/libvmw_pvrdma-rdmav59.so
2adafc36f000-2adafc371000 r-xp 00002000 3d8:ad14e 144132292263081621     /work2/11056/zwu/frontera/miniconda3/lib/libibverbs/libvmw_pvrdma-rdmav59.so
2adafc371000-2adafc372000 r--p 00004000 3d8:ad14e 144132292263081621     /work2/11056/zwu/frontera/miniconda3/lib/libibverbs/libvmw_pvrdma-rdmav59.so
2adafc372000-2adafc373000 r--p 00004000 3d8:ad14e 144132292263081621     /work2/11056/zwu/frontera/miniconda3/lib/libibverbs/libvmw_pvrdma-rdmav59.so
2adafc373000-2adafc374000 rw-p 00005000 3d8:ad14e 144132292263081621     /work2/11056/zwu/frontera/miniconda3/lib/libibverbs/libvmw_pvrdma-rdmav59.so
2adafc374000-2adafc377000 r--p 00000000 3d8:ad14e 144132292263082676     /work2/11056/zwu/frontera/miniconda3/lib/libmlx4.so.1.0.59.0
2adafc377000-2adafc37e000 r-xp 00003000 3d8:ad14e 144132292263082676     /work2/11056/zwu/frontera/miniconda3/lib/libmlx4.so.1.0.59.0
2adafc37e000-2adafc380000 r--p 0000a000 3d8:ad14e 144132292263082676     /work2/11056/zwu/frontera/miniconda3/lib/libmlx4.so.1.0.59.0
2adafc380000-2adafc381000 r--p 0000c000 3d8:ad14e 144132292263082676     /work2/11056/zwu/frontera/miniconda3/lib/libmlx4.so.1.0.59.0
2adafc381000-2adafc382000 rw-p 0000d000 3d8:ad14e 144132292263082676     /work2/11056/zwu/frontera/miniconda3/lib/libmlx4.so.1.0.59.0
2adafc382000-2adafc383000 r--s 00700000 00:05 23592                      /dev/infiniband/uverbs0
2adafc383000-2adafc384000 -w-s 00900000 00:05 23592                      /dev/infiniband/uverbs0
2adafc384000-2adafc385000 -w-s 00901000 00:05 23592                      /dev/infiniband/uverbs0
2adafc385000-2adafc3bf000 r-xp 00000000 fd:00 460327807                  /opt/intel/compilers_and_libraries_2020.4.304/linux/mpi/intel64/libfabric/lib/prov/libtcp-fi.so
2adafc3bf000-2adafc5bf000 ---p 0003a000 fd:00 460327807                  /opt/intel/compilers_and_libraries_2020.4.304/linux/mpi/intel64/libfabric/lib/prov/libtcp-fi.so
2adafc5bf000-2adafc5c2000 rw-p 0003a000 fd:00 460327807                  /opt/intel/compilers_and_libraries_2020.4.304/linux/mpi/intel64/libfabric/lib/prov/libtcp-fi.so
2adafc5c2000-2adafc614000 r-xp 00000000 fd:00 460327806                  /opt/intel/compilers_and_libraries_2020.4.304/linux/mpi/intel64/libfabric/lib/prov/libsockets-fi.so
2adafc614000-2adafc814000 ---p 00052000 fd:00 460327806                  /opt/intel/compilers_and_libraries_2020.4.304/linux/mpi/intel64/libfabric/lib/prov/libsockets-fi.so
2adafc814000-2adafc817000 rw-p 00052000 fd:00 460327806                  /opt/intel/compilers_and_libraries_2020.4.304/linux/mpi/intel64/libfabric/lib/prov/libsockets-fi.so
2adafc817000-2adafc854000 r-xp 00000000 fd:00 439611378                  /opt/intel/compilers_and_libraries_2020.4.304/linux/mpi/intel64/libfabric/lib/prov/libshm-fi.so
2adafc854000-2adafca53000 ---p 0003d000 fd:00 439611378                  /opt/intel/compilers_and_libraries_2020.4.304/linux/mpi/intel64/libfabric/lib/prov/libshm-fi.so
2adafca53000-2adafca56000 rw-p 0003c000 fd:00 439611378                  /opt/intel/compilers_and_libraries_2020.4.304/linux/mpi/intel64/libfabric/lib/prov/libshm-fi.so
2adafca56000-2adafcaa1000 r-xp 00000000 fd:00 422954567                  /opt/intel/compilers_and_libraries_2020.4.304/linux/mpi/intel64/libfabric/lib/prov/librxm-fi.so
2adafcaa1000-2adafcca1000 ---p 0004b000 fd:00 422954567                  /opt/intel/compilers_and_libraries_2020.4.304/linux/mpi/intel64/libfabric/lib/prov/librxm-fi.so
2adafcca1000-2adafcca4000 rw-p 0004b000 fd:00 422954567                  /opt/intel/compilers_and_libraries_2020.4.304/linux/mpi/intel64/libfabric/lib/prov/librxm-fi.so
2adafcca4000-2adafccde000 r-xp 00000000 fd:00 422954565                  /opt/intel/compilers_and_libraries_2020.4.304/linux/mpi/intel64/libfabric/lib/prov/libmlx-fi.so
2adafccde000-2adafcedd000 ---p 0003a000 fd:00 422954565                  /opt/intel/compilers_and_libraries_2020.4.304/linux/mpi/intel64/libfabric/lib/prov/libmlx-fi.so
2adafcedd000-2adafcee0000 rw-p 00039000 fd:00 422954565                  /opt/intel/compilers_and_libraries_2020.4.304/linux/mpi/intel64/libfabric/lib/prov/libmlx-fi.so
2adafcee0000-2adafcf01000 r--p 00000000 3d8:ad14e 144132292263080675     /work2/11056/zwu/frontera/miniconda3/lib/libucp.so.0.0.0
2adafcf01000-2adafcf96000 r-xp 00021000 3d8:ad14e 144132292263080675     /work2/11056/zwu/frontera/miniconda3/lib/libucp.so.0.0.0
2adafcf96000-2adafcfbc000 r--p 000b6000 3d8:ad14e 144132292263080675     /work2/11056/zwu/frontera/miniconda3/lib/libucp.so.0.0.0
2adafcfbc000-2adafcfbe000 r--p 000dc000 3d8:ad14e 144132292263080675     /work2/11056/zwu/frontera/miniconda3/lib/libucp.so.0.0.0
2adafcfbe000-2adafcfc4000 rw-p 000de000 3d8:ad14e 144132292263080675     /work2/11056/zwu/frontera/miniconda3/lib/libucp.so.0.0.0
2adafcfc4000-2adafcfd9000 r--p 00000000 3d8:ad14e 144132292263080519     /work2/11056/zwu/frontera/miniconda3/lib/libuct.so.0.0.0
2adafcfd9000-2adafcff0000 r-xp 00015000 3d8:ad14e 144132292263080519     /work2/11056/zwu/frontera/miniconda3/lib/libuct.so.0.0.0
2adafcff0000-2adafcffd000 r--p 0002c000 3d8:ad14e 144132292263080519     /work2/11056/zwu/frontera/miniconda3/lib/libuct.so.0.0.0
2adafcffd000-2adafcfff000 r--p 00038000 3d8:ad14e 144132292263080519     /work2/11056/zwu/frontera/miniconda3/lib/libuct.so.0.0.0
2adafcfff000-2adafd003000 rw-p 0003a000 3d8:ad14e 144132292263080519     /work2/11056/zwu/frontera/miniconda3/lib/libuct.so.0.0.0
2adafd003000-2adafd019000 r--p 00000000 3d8:ad14e 144132292263083603     /work2/11056/zwu/frontera/miniconda3/lib/libucs.so.0.0.0
2adafd019000-2adafd04a000 r-xp 00016000 3d8:ad14e 144132292263083603     /work2/11056/zwu/frontera/miniconda3/lib/libucs.so.0.0.0
2adafd04a000-2adafd061000 r--p 00047000 3d8:ad14e 144132292263083603     /work2/11056/zwu/frontera/miniconda3/lib/libucs.so.0.0.0
2adafd061000-2adafd063000 r--p 0005e000 3d8:ad14e 144132292263083603     /work2/11056/zwu/frontera/miniconda3/lib/libucs.so.0.0.0
2adafd063000-2adafd066000 rw-p 00060000 3d8:ad14e 144132292263083603     /work2/11056/zwu/frontera/miniconda3/lib/libucs.so.0.0.0
2adafd066000-2adafd06b000 rw-p 00000000 00:00 0 
2adafd06b000-2adafd071000 r--p 00000000 3d8:ad14e 144132292263080791     /work2/11056/zwu/frontera/miniconda3/lib/libucm.so.0.0.0
2adafd071000-2adafd07f000 r-xp 00006000 3d8:ad14e 144132292263080791     /work2/11056/zwu/frontera/miniconda3/lib/libucm.so.0.0.0
2adafd07f000-2adafd084000 r--p 00014000 3d8:ad14e 144132292263080791     /work2/11056/zwu/frontera/miniconda3/lib/libucm.so.0.0.0
2adafd084000-2adafd085000 r--p 00018000 3d8:ad14e 144132292263080791     /work2/11056/zwu/frontera/miniconda3/lib/libucm.so.0.0.0
2adafd085000-2adafd086000 rw-p 00019000 3d8:ad14e 144132292263080791     /work2/11056/zwu/frontera/miniconda3/lib/libucm.so.0.0.0
2adafd086000-2adafd0aa000 rw-p 00000000 00:00 0 
2adafd0aa000-2adafd0be000 r--p 00000000 3d8:ad14e 144132292263080951     /work2/11056/zwu/frontera/miniconda3/lib/ucx/libuct_ib.so.0.0.0
2adafd0be000-2adafd0db000 r-xp 00014000 3d8:ad14e 144132292263080951     /work2/11056/zwu/frontera/miniconda3/lib/ucx/libuct_ib.so.0.0.0
2adafd0db000-2adafd0ea000 r--p 00031000 3d8:ad14e 144132292263080951     /work2/11056/zwu/frontera/miniconda3/lib/ucx/libuct_ib.so.0.0.0
2adafd0ea000-2adafd0ec000 r--p 0003f000 3d8:ad14e 144132292263080951     /work2/11056/zwu/frontera/miniconda3/lib/ucx/libuct_ib.so.0.0.0
2adafd0ec000-2adafd0f0000 rw-p 00041000 3d8:ad14e 144132292263080951     /work2/11056/zwu/frontera/miniconda3/lib/ucx/libuct_ib.so.0.0.0
2adafd0f0000-2adafd102000 r--p 00000000 3d8:ad14e 144132292263080801     /work2/11056/zwu/frontera/miniconda3/lib/ucx/libuct_ib_mlx5.so.0.0.0
2adafd102000-2adafd145000 r-xp 00012000 3d8:ad14e 144132292263080801     /work2/11056/zwu/frontera/miniconda3/lib/ucx/libuct_ib_mlx5.so.0.0.0
2adafd145000-2adafd155000 r--p 00055000 3d8:ad14e 144132292263080801     /work2/11056/zwu/frontera/miniconda3/lib/ucx/libuct_ib_mlx5.so.0.0.0
2adafd155000-2adafd157000 r--p 00064000 3d8:ad14e 144132292263080801     /work2/11056/zwu/frontera/miniconda3/lib/ucx/libuct_ib_mlx5.so.0.0.0
2adafd157000-2adafd15a000 rw-p 00066000 3d8:ad14e 144132292263080801     /work2/11056/zwu/frontera/miniconda3/lib/ucx/libuct_ib_mlx5.so.0.0.0
2adafd15a000-2adafd15e000 r--p 00000000 3d8:ad14e 144132292263080663     /work2/11056/zwu/frontera/miniconda3/lib/ucx/libuct_ib_efa.so.0.0.0
2adafd15e000-2adafd163000 r-xp 00004000 3d8:ad14e 144132292263080663     /work2/11056/zwu/frontera/miniconda3/lib/ucx/libuct_ib_efa.so.0.0.0
2adafd163000-2adafd165000 r--p 00009000 3d8:ad14e 144132292263080663     /work2/11056/zwu/frontera/miniconda3/lib/ucx/libuct_ib_efa.so.0.0.0
2adafd165000-2adafd166000 r--p 0000a000 3d8:ad14e 144132292263080663     /work2/11056/zwu/frontera/miniconda3/lib/ucx/libuct_ib_efa.so.0.0.0
2adafd166000-2adafd167000 rw-p 0000b000 3d8:ad14e 144132292263080663     /work2/11056/zwu/frontera/miniconda3/lib/ucx/libuct_ib_efa.so.0.0.0
2adafd167000-2adafd16c000 r--p 00000000 3d8:ad14e 144132292263080749     /work2/11056/zwu/frontera/miniconda3/lib/ucx/libuct_rdmacm.so.0.0.0
2adafd16c000-2adafd171000 r-xp 00005000 3d8:ad14e 144132292263080749     /work2/11056/zwu/frontera/miniconda3/lib/ucx/libuct_rdmacm.so.0.0.0
2adafd171000-2adafd174000 r--p 0000a000 3d8:ad14e 144132292263080749     /work2/11056/zwu/frontera/miniconda3/lib/ucx/libuct_rdmacm.so.0.0.0
2adafd174000-2adafd175000 r--p 0000c000 3d8:ad14e 144132292263080749     /work2/11056/zwu/frontera/miniconda3/lib/ucx/libuct_rdmacm.so.0.0.0
2adafd175000-2adafd176000 rw-p 0000d000 3d8:ad14e 144132292263080749     /work2/11056/zwu/frontera/miniconda3/lib/ucx/libuct_rdmacm.so.0.0.0
2adafd176000-2adafd179000 r--p 00000000 3d8:ad14e 144132292263080558     /work2/11056/zwu/frontera/miniconda3/lib/ucx/libuct_cma.so.0.0.0
2adafd179000-2adafd17a000 r-xp 00003000 3d8:ad14e 144132292263080558     /work2/11056/zwu/frontera/miniconda3/lib/ucx/libuct_cma.so.0.0.0
2adafd17a000-2adafd17b000 r--p 00004000 3d8:ad14e 144132292263080558     /work2/11056/zwu/frontera/miniconda3/lib/ucx/libuct_cma.so.0.0.0
2adafd17b000-2adafd17c000 r--p 00004000 3d8:ad14e 144132292263080558     /work2/11056/zwu/frontera/miniconda3/lib/ucx/libuct_cma.so.0.0.0
2adafd17c000-2adafd17d000 rw-p 00005000 3d8:ad14e 144132292263080558     /work2/11056/zwu/frontera/miniconda3/lib/ucx/libuct_cma.so.0.0.0
2adafd17d000-2adafd17e000 r--s 00500000 00:05 23592                      /dev/infiniband/uverbs0
2adafd17e000-2adafd17f000 r--s 00700000 00:05 23592                      /dev/infiniband/uverbs0
2adafd17f000-2adafd180000 -w-s 00900000 00:05 23592                      /dev/infiniband/uverbs0
2adafd180000-2adafd181000 -w-s 00901000 00:05 23592                      /dev/infiniband/uverbs0
2adafd181000-2adafd182000 -w-s 00902000 00:05 23592                      /dev/infiniband/uverbs0
2adafd182000-2adafd183000 rw-s 00800000 00:05 23592                      /dev/infiniband/uverbs0
2adafd183000-2adafd2f6000 rw-p 00000000 00:00 0 
2adafd2f6000-2adafd2fd000 r--s 00000000 fd:00 269067885                  /usr/lib64/gconv/gconv-modules.cache
2adafd2fd000-2adafd305000 rw-p 00000000 00:00 0 
2adafd305000-2adafd306000 r--s 00500000 00:05 23592                      /dev/infiniband/uverbs0
2adafd306000-2adafd307000 r--s 00700000 00:05 23592                      /dev/infiniband/uverbs0
2adafd307000-2adafd308000 -w-s 00900000 00:05 23592                      /dev/infiniband/uverbs0
2adafd308000-2adafd309000 ---p 00000000 00:00 0 
2adafd309000-2adafd50a000 rw-p 00000000 00:00 0 
2adafd50a000-2adafd70a000 rw-p 00000000 00:00 0 
2adafd70a000-2adafd800000 rw-p 00000000 00:00 0 
2adafd800000-2adaffe00000 rw-p 00000000 00:00 0 
2adaffe00000-2adafff91000 rw-p 00000000 00:00 0 
2adafff91000-2adafff93000 r--p 00000000 3d8:ad14e 144134765124013464     /work2/11056/zwu/frontera/miniconda3/envs/libyt/lib/python3.13/lib-dynload/grp.cpython-313-x86_64-linux-gnu.so
2adafff93000-2adafff94000 r-xp 00002000 3d8:ad14e 144134765124013464     /work2/11056/zwu/frontera/miniconda3/envs/libyt/lib/python3.13/lib-dynload/grp.cpython-313-x86_64-linux-gnu.so
2adafff94000-2adafff95000 r--p 00003000 3d8:ad14e 144134765124013464     /work2/11056/zwu/frontera/miniconda3/envs/libyt/lib/python3.13/lib-dynload/grp.cpython-313-x86_64-linux-gnu.so
2adafff95000-2adafff96000 r--p 00003000 3d8:ad14e 144134765124013464     /work2/11056/zwu/frontera/miniconda3/envs/libyt/lib/python3.13/lib-dynload/grp.cpython-313-x86_64-linux-gnu.so
2adafff96000-2adafff97000 rw-p 00004000 3d8:ad14e 144134765124013464     /work2/11056/zwu/frontera/miniconda3/envs/libyt/lib/python3.13/lib-dynload/grp.cpython-313-x86_64-linux-gnu.so
2adafff97000-2adafff9d000 r--p 00000000 3d8:ad14e 144134765124012662     /work2/11056/zwu/frontera/miniconda3/envs/libyt/lib/python3.13/lib-dynload/_datetime.cpython-313-x86_64-linux-gnu.so
2adafff9d000-2adafffb0000 r-xp 00006000 3d8:ad14e 144134765124012662     /work2/11056/zwu/frontera/miniconda3/envs/libyt/lib/python3.13/lib-dynload/_datetime.cpython-313-x86_64-linux-gnu.so
2adafffb0000-2adafffb6000 r--p 00019000 3d8:ad14e 144134765124012662     /work2/11056/zwu/frontera/miniconda3/envs/libyt/lib/python3.13/lib-dynload/_datetime.cpython-313-x86_64-linux-gnu.so
2adafffb6000-2adafffb7000 r--p 0001f000 3d8:ad14e 144134765124012662     /work2/11056/zwu/frontera/miniconda3/envs/libyt/lib/python3.13/lib-dynload/_datetime.cpython-313-x86_64-linux-gnu.so
2adafffb7000-2adafffba000 rw-p 00020000 3d8:ad14e 144134765124012662     /work2/11056/zwu/frontera/miniconda3/envs/libyt/lib/python3.13/lib-dynload/_datetime.cpython-313-x86_64-linux-gnu.so
2adafffba000-2adafffbe000 r--p 00000000 3d8:ad14e 144134765124012639     /work2/11056/zwu/frontera/miniconda3/envs/libyt/lib/python3.13/lib-dynload/math.cpython-313-x86_64-linux-gnu.so
2adafffbe000-2adafffc7000 r-xp 00004000 3d8:ad14e 144134765124012639     /work2/11056/zwu/frontera/miniconda3/envs/libyt/lib/python3.13/lib-dynload/math.cpython-313-x86_64-linux-gnu.so
2adafffc7000-2adafffcc000 r--p 0000d000 3d8:ad14e 144134765124012639     /work2/11056/zwu/frontera/miniconda3/envs/libyt/lib/python3.13/lib-dynload/math.cpython-313-x86_64-linux-gnu.so
2adafffcc000-2adafffcd000 r--p 00012000 3d8:ad14e 144134765124012639     /work2/11056/zwu/frontera/miniconda3/envs/libyt/lib/python3.13/lib-dynload/math.cpython-313-x86_64-linux-gnu.so
2adafffcd000-2adafffce000 rw-p 00013000 3d8:ad14e 144134765124012639     /work2/11056/zwu/frontera/miniconda3/envs/libyt/lib/python3.13/lib-dynload/math.cpython-313-x86_64-linux-gnu.so
2adafffce000-2adafffcf000 r--p 00000000 3d8:ad14e 144134765124012357     /work2/11056/zwu/frontera/miniconda3/envs/libyt/lib/python3.13/lib-dynload/_contextvars.cpython-313-x86_64-linux-gnu.so
2adafffcf000-2adafffd0000 r-xp 00001000 3d8:ad14e 144134765124012357     /work2/11056/zwu/frontera/miniconda3/envs/libyt/lib/python3.13/lib-dynload/_contextvars.cpython-313-x86_64-linux-gnu.so
2adafffd0000-2adafffd1000 r--p 00002000 3d8:ad14e 144134765124012357     /work2/11056/zwu/frontera/miniconda3/envs/libyt/lib/python3.13/lib-dynload/_contextvars.cpython-313-x86_64-linux-gnu.so
2adafffd1000-2adafffd2000 r--p 00002000 3d8:ad14e 144134765124012357     /work2/11056/zwu/frontera/miniconda3/envs/libyt/lib/python3.13/lib-dynload/_contextvars.cpython-313-x86_64-linux-gnu.so
2adafffd2000-2adafffd3000 rw-p 00003000 3d8:ad14e 144134765124012357     /work2/11056/zwu/frontera/miniconda3/envs/libyt/lib/python3.13/lib-dynload/_contextvars.cpython-313-x86_64-linux-gnu.so
2adafffd3000-2adafffd5000 r--p 00000000 3d8:ad14e 144134765124013245     /work2/11056/zwu/frontera/miniconda3/envs/libyt/lib/python3.13/lib-dynload/_opcode.cpython-313-x86_64-linux-gnu.so
2adafffd5000-2adafffd7000 r-xp 00002000 3d8:ad14e 144134765124013245     /work2/11056/zwu/frontera/miniconda3/envs/libyt/lib/python3.13/lib-dynload/_opcode.cpython-313-x86_64-linux-gnu.so
2adafffd7000-2adafffd8000 r--p 00004000 3d8:ad14e 144134765124013245     /work2/11056/zwu/frontera/miniconda3/envs/libyt/lib/python3.13/lib-dynload/_opcode.cpython-313-x86_64-linux-gnu.so
2adafffd8000-2adafffd9000 r--p 00005000 3d8:ad14e 144134765124013245     /work2/11056/zwu/frontera/miniconda3/envs/libyt/lib/python3.13/lib-dynload/_opcode.cpython-313-x86_64-linux-gnu.so
2adafffd9000-2adafffda000 rw-p 00006000 3d8:ad14e 144134765124013245     /work2/11056/zwu/frontera/miniconda3/envs/libyt/lib/python3.13/lib-dynload/_opcode.cpython-313-x86_64-linux-gnu.so
2adafffda000-2adafffde000 r--p 00000000 3d8:ad14e 144134765124012947     /work2/11056/zwu/frontera/miniconda3/envs/libyt/lib/python3.13/lib-dynload/_struct.cpython-313-x86_64-linux-gnu.so
2adafffde000-2adafffe3000 r-xp 00004000 3d8:ad14e 144134765124012947     /work2/11056/zwu/frontera/miniconda3/envs/libyt/lib/python3.13/lib-dynload/_struct.cpython-313-x86_64-linux-gnu.so
2adafffe3000-2adafffe7000 r--p 00009000 3d8:ad14e 144134765124012947     /work2/11056/zwu/frontera/miniconda3/envs/libyt/lib/python3.13/lib-dynload/_struct.cpython-313-x86_64-linux-gnu.so
2adafffe7000-2adafffe8000 r--p 0000c000 3d8:ad14e 144134765124012947     /work2/11056/zwu/frontera/miniconda3/envs/libyt/lib/python3.13/lib-dynload/_struct.cpython-313-x86_64-linux-gnu.so
2adafffe8000-2adafffe9000 rw-p 0000d000 3d8:ad14e 144134765124012947     /work2/11056/zwu/frontera/miniconda3/envs/libyt/lib/python3.13/lib-dynload/_struct.cpython-313-x86_64-linux-gnu.so
2adafffe9000-2adafffeb000 r--p 00000000 3d8:ad14e 144134765124010366     /work2/11056/zwu/frontera/miniconda3/envs/libyt/lib/libffi.so.8.2.0
2adafffeb000-2adaffff1000 r-xp 00002000 3d8:ad14e 144134765124010366     /work2/11056/zwu/frontera/miniconda3/envs/libyt/lib/libffi.so.8.2.0
2adaffff1000-2adaffff3000 r--p 00008000 3d8:ad14e 144134765124010366     /work2/11056/zwu/frontera/miniconda3/envs/libyt/lib/libffi.so.8.2.0
2adaffff3000-2adaffff4000 r--p 00009000 3d8:ad14e 144134765124010366     /work2/11056/zwu/frontera/miniconda3/envs/libyt/lib/libffi.so.8.2.0
2adaffff4000-2adaffff5000 rw-p 0000a000 3d8:ad14e 144134765124010366     /work2/11056/zwu/frontera/miniconda3/envs/libyt/lib/libffi.so.8.2.0
2adaffff5000-2adaffff7000 r--p 00000000 3d8:ad14e 144134765124012000     /work2/11056/zwu/frontera/miniconda3/envs/libyt/lib/python3.13/lib-dynload/_bisect.cpython-313-x86_64-linux-gnu.so
2adaffff7000-2adaffff9000 r-xp 00002000 3d8:ad14e 144134765124012000     /work2/11056/zwu/frontera/miniconda3/envs/libyt/lib/python3.13/lib-dynload/_bisect.cpython-313-x86_64-linux-gnu.so
2adaffff9000-2adaffffa000 r--p 00004000 3d8:ad14e 144134765124012000     /work2/11056/zwu/frontera/miniconda3/envs/libyt/lib/python3.13/lib-dynload/_bisect.cpython-313-x86_64-linux-gnu.so
2adaffffa000-2adaffffb000 r--p 00005000 3d8:ad14e 144134765124012000     /work2/11056/zwu/frontera/miniconda3/envs/libyt/lib/python3.13/lib-dynload/_bisect.cpython-313-x86_64-linux-gnu.so
2adaffffb000-2adaffffc000 rw-p 00006000 3d8:ad14e 144134765124012000     /work2/11056/zwu/frontera/miniconda3/envs/libyt/lib/python3.13/lib-dynload/_bisect.cpython-313-x86_64-linux-gnu.so
2adaffffc000-2adaffffd000 -w-s 00903000 00:05 23592                      /dev/infiniband/uverbs0
2adaffffd000-2adaffffe000 rw-p 00000000 00:00 0 
2adb00000000-2adb00021000 rw-p 00000000 00:00 0 
2adb00021000-2adb04000000 ---p 00000000 00:00 0 
2adb04000000-2adb04326000 rw-p 00000000 00:00 0 
2adb04326000-2adb04328000 r--p 00000000 3d8:ad14e 144134765124013736     /work2/11056/zwu/frontera/miniconda3/envs/libyt/lib/python3.13/lib-dynload/_random.cpython-313-x86_64-linux-gnu.so
2adb04328000-2adb0432a000 r-xp 00002000 3d8:ad14e 144134765124013736     /work2/11056/zwu/frontera/miniconda3/envs/libyt/lib/python3.13/lib-dynload/_random.cpython-313-x86_64-linux-gnu.so
2adb0432a000-2adb0432b000 r--p 00004000 3d8:ad14e 144134765124013736     /work2/11056/zwu/frontera/miniconda3/envs/libyt/lib/python3.13/lib-dynload/_random.cpython-313-x86_64-linux-gnu.so
2adb0432b000-2adb0432c000 r--p 00004000 3d8:ad14e 144134765124013736     /work2/11056/zwu/frontera/miniconda3/envs/libyt/lib/python3.13/lib-dynload/_random.cpython-313-x86_64-linux-gnu.so
2adb0432c000-2adb0432d000 rw-p 00005000 3d8:ad14e 144134765124013736     /work2/11056/zwu/frontera/miniconda3/envs/libyt/lib/python3.13/lib-dynload/_random.cpython-313-x86_64-linux-gnu.so
2adb0432d000-2adb1310d000 rw-p 00000000 00:00 0 
2adb1310d000-2adb19650000 r--p 00000000 fd:00 269737794                  /usr/lib/locale/locale-archive
2adb19650000-2adb19850000 rw-p 00000000 00:00 0 
2adb19850000-2adb1987a000 r--p 00000000 3d8:ad14e 144134765124016696     /work2/11056/zwu/frontera/miniconda3/envs/libyt/lib/python3.13/site-packages/numpy/_core/_multiarray_umath.cpython-313-x86_64-linux-gnu.so
2adb1987a000-2adb19edf000 r-xp 0002a000 3d8:ad14e 144134765124016696     /work2/11056/zwu/frontera/miniconda3/envs/libyt/lib/python3.13/site-packages/numpy/_core/_multiarray_umath.cpython-313-x86_64-linux-gnu.so
2adb19edf000-2adb1a05e000 r--p 0068f000 3d8:ad14e 144134765124016696     /work2/11056/zwu/frontera/miniconda3/envs/libyt/lib/python3.13/site-packages/numpy/_core/_multiarray_umath.cpython-313-x86_64-linux-gnu.so
2adb1a05e000-2adb1a062000 r--p 0080e000 3d8:ad14e 144134765124016696     /work2/11056/zwu/frontera/miniconda3/envs/libyt/lib/python3.13/site-packages/numpy/_core/_multiarray_umath.cpython-313-x86_64-linux-gnu.so
2adb1a062000-2adb1a083000 rw-p 00812000 3d8:ad14e 144134765124016696     /work2/11056/zwu/frontera/miniconda3/envs/libyt/lib/python3.13/site-packages/numpy/_core/_multiarray_umath.cpython-313-x86_64-linux-gnu.so
2adb1a083000-2adb1a09b000 rw-p 00000000 00:00 0 
2adb1a09b000-2adb1a208000 r--p 00000000 3d8:ad14e 144134765124016387     /work2/11056/zwu/frontera/miniconda3/envs/libyt/lib/libopenblasp-r0.3.32.so
2adb1a208000-2adb1a209000 r-xp 0016d000 3d8:ad14e 144134765124016387     /work2/11056/zwu/frontera/miniconda3/envs/libyt/lib/libopenblasp-r0.3.32.so
2adb1a209000-2adb1a20b000 ---p 0016e000 3d8:ad14e 144134765124016387     /work2/11056/zwu/frontera/miniconda3/envs/libyt/lib/libopenblasp-r0.3.32.so
2adb1a20b000-2adb1c46a000 r-xp 00170000 3d8:ad14e 144134765124016387     /work2/11056/zwu/frontera/miniconda3/envs/libyt/lib/libopenblasp-r0.3.32.so
2adb1c46a000-2adb1c6ba000 r--p 023cf000 3d8:ad14e 144134765124016387     /work2/11056/zwu/frontera/miniconda3/envs/libyt/lib/libopenblasp-r0.3.32.so
2adb1c6ba000-2adb1c6ca000 r--p 0261e000 3d8:ad14e 144134765124016387     /work2/11056/zwu/frontera/miniconda3/envs/libyt/lib/libopenblasp-r0.3.32.so
2adb1c6ca000-2adb1c6e2000 rw-p 0262e000 3d8:ad14e 144134765124016387     /work2/11056/zwu/frontera/miniconda3/envs/libyt/lib/libopenblasp-r0.3.32.so
2adb1c6e2000-2adb1c6f7000 rw-p 00000000 00:00 0 
2adb1c6f7000-2adb246f7000 rw-p 00000000 00:00 0 
2adb246f7000-2adb249f7000 rw-p 00000000 00:00 0 
2adb249f7000-2adb249fc000 r--p 00000000 3d8:ad14e 144134765124010905     /work2/11056/zwu/frontera/miniconda3/envs/libyt/lib/python3.13/lib-dynload/_pickle.cpython-313-x86_64-linux-gnu.so
2adb249fc000-2adb24a0e000 r-xp 00005000 3d8:ad14e 144134765124010905     /work2/11056/zwu/frontera/miniconda3/envs/libyt/lib/python3.13/lib-dynload/_pickle.cpython-313-x86_64-linux-gnu.so
2adb24a0e000-2adb24a14000 r--p 00017000 3d8:ad14e 144134765124010905     /work2/11056/zwu/frontera/miniconda3/envs/libyt/lib/python3.13/lib-dynload/_pickle.cpython-313-x86_64-linux-gnu.so
2adb24a14000-2adb24a15000 r--p 0001d000 3d8:ad14e 144134765124010905     /work2/11056/zwu/frontera/miniconda3/envs/libyt/lib/python3.13/lib-dynload/_pickle.cpython-313-x86_64-linux-gnu.so
2adb24a15000-2adb24a16000 rw-p 0001e000 3d8:ad14e 144134765124010905     /work2/11056/zwu/frontera/miniconda3/envs/libyt/lib/python3.13/lib-dynload/_pickle.cpython-313-x86_64-linux-gnu.so
2adb24a16000-2adb24b16000 rw-p 00000000 00:00 0 
2adb24b16000-2adb24b1d000 r--p 00000000 3d8:ad14e 144134765124012987     /work2/11056/zwu/frontera/miniconda3/envs/libyt/lib/python3.13/lib-dynload/_ctypes.cpython-313-x86_64-linux-gnu.so
2adb24b1d000-2adb24b2d000 r-xp 00007000 3d8:ad14e 144134765124012987     /work2/11056/zwu/frontera/miniconda3/envs/libyt/lib/python3.13/lib-dynload/_ctypes.cpython-313-x86_64-linux-gnu.so
2adb24b2d000-2adb24b34000 r--p 00017000 3d8:ad14e 144134765124012987     /work2/11056/zwu/frontera/miniconda3/envs/libyt/lib/python3.13/lib-dynload/_ctypes.cpython-313-x86_64-linux-gnu.so
2adb24b34000-2adb24b35000 r--p 0001e000 3d8:ad14e 144134765124012987     /work2/11056/zwu/frontera/miniconda3/envs/libyt/lib/python3.13/lib-dynload/_ctypes.cpython-313-x86_64-linux-gnu.so
2adb24b35000-2adb24b37000 rw-p 0001f000 3d8:ad14e 144134765124012987     /work2/11056/zwu/frontera/miniconda3/envs/libyt/lib/python3.13/lib-dynload/_ctypes.cpython-313-x86_64-linux-gnu.so
2adb24b37000-2adb24b3a000 r--p 00000000 3d8:ad14e 144134765124017909     /work2/11056/zwu/frontera/miniconda3/envs/libyt/lib/python3.13/site-packages/numpy/linalg/_umath_linalg.cpython-313-x86_64-linux-gnu.so
2adb24b3a000-2adb24b55000 r-xp 00003000 3d8:ad14e 144134765124017909     /work2/11056/zwu/frontera/miniconda3/envs/libyt/lib/python3.13/site-packages/numpy/linalg/_umath_linalg.cpython-313-x86_64-linux-gnu.so
2adb24b55000-2adb24b59000 r--p 0001e000 3d8:ad14e 144134765124017909     /work2/11056/zwu/frontera/miniconda3/envs/libyt/lib/python3.13/site-packages/numpy/linalg/_umath_linalg.cpython-313-x86_64-linux-gnu.so
2adb24b59000-2adb24b5a000 r--p 00021000 3d8:ad14e 144134765124017909     /work2/11056/zwu/frontera/miniconda3/envs/libyt/lib/python3.13/site-packages/numpy/linalg/_umath_linalg.cpython-313-x86_64-linux-gnu.so
2adb24b5a000-2adb24b5b000 rw-p 00022000 3d8:ad14e 144134765124017909     /work2/11056/zwu/frontera/miniconda3/envs/libyt/lib/python3.13/site-packages/numpy/linalg/_umath_linalg.cpython-313-x86_64-linux-gnu.so
2adb24b5b000-2adb24d5b000 rw-p 00000000 00:00 0 
2adb24d5b000-2adb24d5e000 r--p 00000000 3d8:ad14e 144134765124013208     /work2/11056/zwu/frontera/miniconda3/envs/libyt/lib/python3.13/lib-dynload/_json.cpython-313-x86_64-linux-gnu.so
2adb24d5e000-2adb24d64000 r-xp 00003000 3d8:ad14e 144134765124013208     /work2/11056/zwu/frontera/miniconda3/envs/libyt/lib/python3.13/lib-dynload/_json.cpython-313-x86_64-linux-gnu.so
2adb24d64000-2adb24d66000 r--p 00009000 3d8:ad14e 144134765124013208     /work2/11056/zwu/frontera/miniconda3/envs/libyt/lib/python3.13/lib-dynload/_json.cpython-313-x86_64-linux-gnu.so
2adb24d66000-2adb24d67000 r--p 0000a000 3d8:ad14e 144134765124013208     /work2/11056/zwu/frontera/miniconda3/envs/libyt/lib/python3.13/lib-dynload/_json.cpython-313-x86_64-linux-gnu.so
2adb24d67000-2adb24d68000 rw-p 0000b000 3d8:ad14e 144134765124013208     /work2/11056/zwu/frontera/miniconda3/envs/libyt/lib/python3.13/lib-dynload/_json.cpython-313-x86_64-linux-gnu.so
2adb24d68000-2adb24d6c000 r--p 00000000 3d8:ad14e 144134765124011709     /work2/11056/zwu/frontera/miniconda3/envs/libyt/lib/python3.13/lib-dynload/_hashlib.cpython-313-x86_64-linux-gnu.so
2adb24d6c000-2adb24d72000 r-xp 00004000 3d8:ad14e 144134765124011709     /work2/11056/zwu/frontera/miniconda3/envs/libyt/lib/python3.13/lib-dynload/_hashlib.cpython-313-x86_64-linux-gnu.so
2adb24d72000-2adb24d76000 r--p 0000a000 3d8:ad14e 144134765124011709     /work2/11056/zwu/frontera/miniconda3/envs/libyt/lib/python3.13/lib-dynload/_hashlib.cpython-313-x86_64-linux-gnu.so
2adb24d76000-2adb24d77000 r--p 0000e000 3d8:ad14e 144134765124011709     /work2/11056/zwu/frontera/miniconda3/envs/libyt/lib/python3.13/lib-dynload/_hashlib.cpython-313-x86_64-linux-gnu.so
2adb24d77000-2adb24d78000 rw-p 0000f000 3d8:ad14e 144134765124011709     /work2/11056/zwu/frontera/miniconda3/envs/libyt/lib/python3.13/lib-dynload/_hashlib.cpython-313-x86_64-linux-gnu.so
2adb24d78000-2adb24e67000 r--p 00000000 3d8:ad14e 144134765124014059     /work2/11056/zwu/frontera/miniconda3/envs/libyt/lib/libcrypto.so.3
2adb24e67000-2adb251ca000 r-xp 000ef000 3d8:ad14e 144134765124014059     /work2/11056/zwu/frontera/miniconda3/envs/libyt/lib/libcrypto.so.3
2adb251ca000-2adb25301000 r--p 00452000 3d8:ad14e 144134765124014059     /work2/11056/zwu/frontera/miniconda3/envs/libyt/lib/libcrypto.so.3
2adb25301000-2adb25383000 r--p 00588000 3d8:ad14e 144134765124014059     /work2/11056/zwu/frontera/miniconda3/envs/libyt/lib/libcrypto.so.3
2adb25383000-2adb25386000 rw-p 0060a000 3d8:ad14e 144134765124014059     /work2/11056/zwu/frontera/miniconda3/envs/libyt/lib/libcrypto.so.3
2adb25386000-2adb25389000 rw-p 00000000 00:00 0 
2adb25389000-2adb2538b000 r--p 00000000 3d8:ad14e 144134765124013472     /work2/11056/zwu/frontera/miniconda3/envs/libyt/lib/python3.13/lib-dynload/_blake2.cpython-313-x86_64-linux-gnu.so
2adb2538b000-2adb25392000 r-xp 00002000 3d8:ad14e 144134765124013472     /work2/11056/zwu/frontera/miniconda3/envs/libyt/lib/python3.13/lib-dynload/_blake2.cpython-313-x86_64-linux-gnu.so
2adb25392000-2adb25394000 r--p 00009000 3d8:ad14e 144134765124013472     /work2/11056/zwu/frontera/miniconda3/envs/libyt/lib/python3.13/lib-dynload/_blake2.cpython-313-x86_64-linux-gnu.so
2adb25394000-2adb25395000 r--p 0000a000 3d8:ad14e 144134765124013472     /work2/11056/zwu/frontera/miniconda3/envs/libyt/lib/python3.13/lib-dynload/_blake2.cpython-313-x86_64-linux-gnu.so
2adb25395000-2adb25396000 rw-p 0000b000 3d8:ad14e 144134765124013472     /work2/11056/zwu/frontera/miniconda3/envs/libyt/lib/python3.13/lib-dynload/_blake2.cpython-313-x86_64-linux-gnu.so
2adb25396000-2adb253aa000 r--p 00000000 3d8:ad14e 144134765124033590     /work2/11056/zwu/frontera/miniconda3/envs/libyt/lib/python3.13/site-packages/gmpy2/gmpy2.cpython-313-x86_64-linux-gnu.so
2adb253aa000-2adb2541a000 r-xp 00014000 3d8:ad14e 144134765124033590     /work2/11056/zwu/frontera/miniconda3/envs/libyt/lib/python3.13/site-packages/gmpy2/gmpy2.cpython-313-x86_64-linux-gnu.so
2adb2541a000-2adb2543d000 r--p 00084000 3d8:ad14e 144134765124033590     /work2/11056/zwu/frontera/miniconda3/envs/libyt/lib/python3.13/site-packages/gmpy2/gmpy2.cpython-313-x86_64-linux-gnu.so
2adb2543d000-2adb2543f000 r--p 000a6000 3d8:ad14e 144134765124033590     /work2/11056/zwu/frontera/miniconda3/envs/libyt/lib/python3.13/site-packages/gmpy2/gmpy2.cpython-313-x86_64-linux-gnu.so
2adb2543f000-2adb25445000 rw-p 000a8000 3d8:ad14e 144134765124033590     /work2/11056/zwu/frontera/miniconda3/envs/libyt/lib/python3.13/site-packages/gmpy2/gmpy2.cpython-313-x86_64-linux-gnu.so
2adb25445000-2adb2544c000 r--p 00000000 3d8:ad14e 144134765124034231     /work2/11056/zwu/frontera/miniconda3/envs/libyt/lib/libmpc.so.3.4.0
2adb2544c000-2adb25463000 r-xp 00007000 3d8:ad14e 144134765124034231     /work2/11056/zwu/frontera/miniconda3/envs/libyt/lib/libmpc.so.3.4.0
2adb25463000-2adb25466000 r--p 0001e000 3d8:ad14e 144134765124034231     /work2/11056/zwu/frontera/miniconda3/envs/libyt/lib/libmpc.so.3.4.0
2adb25466000-2adb25467000 r--p 00021000 3d8:ad14e 144134765124034231     /work2/11056/zwu/frontera/miniconda3/envs/libyt/lib/libmpc.so.3.4.0
2adb25467000-2adb25468000 rw-p 00022000 3d8:ad14e 144134765124034231     /work2/11056/zwu/frontera/miniconda3/envs/libyt/lib/libmpc.so.3.4.0
2adb25468000-2adb25478000 r--p 00000000 3d8:ad14e 144134765124031173     /work2/11056/zwu/frontera/miniconda3/envs/libyt/lib/libmpfr.so.6.2.2
2adb25478000-2adb25504000 r-xp 00010000 3d8:ad14e 144134765124031173     /work2/11056/zwu/frontera/miniconda3/envs/libyt/lib/libmpfr.so.6.2.2
2adb25504000-2adb2551a000 r--p 0009c000 3d8:ad14e 144134765124031173     /work2/11056/zwu/frontera/miniconda3/envs/libyt/lib/libmpfr.so.6.2.2
2adb2551a000-2adb2551d000 r--p 000b1000 3d8:ad14e 144134765124031173     /work2/11056/zwu/frontera/miniconda3/envs/libyt/lib/libmpfr.so.6.2.2
2adb2551d000-2adb25526000 rw-p 000b4000 3d8:ad14e 144134765124031173     /work2/11056/zwu/frontera/miniconda3/envs/libyt/lib/libmpfr.so.6.2.2
2adb25526000-2adb25539000 r--p 00000000 3d8:ad14e 144131832097572289     /work2/11056/zwu/frontera/miniconda3/envs/libyt/lib/libgmp.so.10.5.0
2adb25539000-2adb255b4000 r-xp 00013000 3d8:ad14e 144131832097572289     /work2/11056/zwu/frontera/miniconda3/envs/libyt/lib/libgmp.so.10.5.0
2adb255b4000-2adb255cb000 r--p 0008e000 3d8:ad14e 144131832097572289     /work2/11056/zwu/frontera/miniconda3/envs/libyt/lib/libgmp.so.10.5.0
2adb255cb000-2adb255cd000 r--p 000a5000 3d8:ad14e 144131832097572289     /work2/11056/zwu/frontera/miniconda3/envs/libyt/lib/libgmp.so.10.5.0
2adb255cd000-2adb255ce000 rw-p 000a7000 3d8:ad14e 144131832097572289     /work2/11056/zwu/frontera/miniconda3/envs/libyt/lib/libgmp.so.10.5.0
2adb255ce000-2adb255d0000 r--p 00000000 3d8:ad14e 144134765124013768     /work2/11056/zwu/frontera/miniconda3/envs/libyt/lib/python3.13/lib-dynload/binascii.cpython-313-x86_64-linux-gnu.so
2adb255d0000-2adb255d3000 r-xp 00002000 3d8:ad14e 144134765124013768     /work2/11056/zwu/frontera/miniconda3/envs/libyt/lib/python3.13/lib-dynload/binascii.cpython-313-x86_64-linux-gnu.so
2adb255d3000-2adb255d5000 r--p 00005000 3d8:ad14e 144134765124013768     /work2/11056/zwu/frontera/miniconda3/envs/libyt/lib/python3.13/lib-dynload/binascii.cpython-313-x86_64-linux-gnu.so
2adb255d5000-2adb255d6000 r--p 00006000 3d8:ad14e 144134765124013768     /work2/11056/zwu/frontera/miniconda3/envs/libyt/lib/python3.13/lib-dynload/binascii.cpython-313-x86_64-linux-gnu.so
2adb255d6000-2adb255d7000 rw-p 00007000 3d8:ad14e 144134765124013768     /work2/11056/zwu/frontera/miniconda3/envs/libyt/lib/python3.13/lib-dynload/binascii.cpython-313-x86_64-linux-gnu.so
2adb255d7000-2adb256d7000 rw-p 00000000 00:00 0 
2adb256d7000-2adb256da000 r--p 00000000 3d8:ad14e 144134765124011395     /work2/11056/zwu/frontera/miniconda3/envs/libyt/lib/python3.13/lib-dynload/zlib.cpython-313-x86_64-linux-gnu.so
2adb256da000-2adb256de000 r-xp 00003000 3d8:ad14e 144134765124011395     /work2/11056/zwu/frontera/miniconda3/envs/libyt/lib/python3.13/lib-dynload/zlib.cpython-313-x86_64-linux-gnu.so
2adb256de000-2adb256e1000 r--p 00007000 3d8:ad14e 144134765124011395     /work2/11056/zwu/frontera/miniconda3/envs/libyt/lib/python3.13/lib-dynload/zlib.cpython-313-x86_64-linux-gnu.so
2adb256e1000-2adb256e2000 r--p 0000a000 3d8:ad14e 144134765124011395     /work2/11056/zwu/frontera/miniconda3/envs/libyt/lib/python3.13/lib-dynload/zlib.cpython-313-x86_64-linux-gnu.so
2adb256e2000-2adb256e3000 rw-p 0000b000 3d8:ad14e 144134765124011395     /work2/11056/zwu/frontera/miniconda3/envs/libyt/lib/python3.13/lib-dynload/zlib.cpython-313-x86_64-linux-gnu.so
2adb256e3000-2adb256e5000 r--p 00000000 3d8:ad14e 144134765124013573     /work2/11056/zwu/frontera/miniconda3/envs/libyt/lib/python3.13/lib-dynload/_bz2.cpython-313-x86_64-linux-gnu.so
2adb256e5000-2adb256e7000 r-xp 00002000 3d8:ad14e 144134765124013573     /work2/11056/zwu/frontera/miniconda3/envs/libyt/lib/python3.13/lib-dynload/_bz2.cpython-313-x86_64-linux-gnu.so
2adb256e7000-2adb256e9000 r--p 00004000 3d8:ad14e 144134765124013573     /work2/11056/zwu/frontera/miniconda3/envs/libyt/lib/python3.13/lib-dynload/_bz2.cpython-313-x86_64-linux-gnu.so
2adb256e9000-2adb256ea000 r--p 00005000 3d8:ad14e 144134765124013573     /work2/11056/zwu/frontera/miniconda3/envs/libyt/lib/python3.13/lib-dynload/_bz2.cpython-313-x86_64-linux-gnu.so
2adb256ea000-2adb256eb000 rw-p 00006000 3d8:ad14e 144134765124013573     /work2/11056/zwu/frontera/miniconda3/envs/libyt/lib/python3.13/lib-dynload/_bz2.cpython-313-x86_64-linux-gnu.so
2adb256eb000-2adb256ed000 r--p 00000000 3d8:ad14e 144134765124009983     /work2/11056/zwu/frontera/miniconda3/envs/libyt/lib/libbz2.so.1.0.8
2adb256ed000-2adb256fc000 r-xp 00002000 3d8:ad14e 144134765124009983     /work2/11056/zwu/frontera/miniconda3/envs/libyt/lib/libbz2.so.1.0.8
2adb256fc000-2adb256fe000 r--p 00011000 3d8:ad14e 144134765124009983     /work2/11056/zwu/frontera/miniconda3/envs/libyt/lib/libbz2.so.1.0.8
2adb256fe000-2adb256ff000 r--p 00012000 3d8:ad14e 144134765124009983     /work2/11056/zwu/frontera/miniconda3/envs/libyt/lib/libbz2.so.1.0.8
2adb256ff000-2adb25700000 rw-p 00013000 3d8:ad14e 144134765124009983     /work2/11056/zwu/frontera/miniconda3/envs/libyt/lib/libbz2.so.1.0.8
2adb25700000-2adb25703000 r--p 00000000 3d8:ad14e 144134765124012860     /work2/11056/zwu/frontera/miniconda3/envs/libyt/lib/python3.13/lib-dynload/_lzma.cpython-313-x86_64-linux-gnu.so
2adb25703000-2adb25707000 r-xp 00003000 3d8:ad14e 144134765124012860     /work2/11056/zwu/frontera/miniconda3/envs/libyt/lib/python3.13/lib-dynload/_lzma.cpython-313-x86_64-linux-gnu.so
2adb25707000-2adb2570a000 r--p 00007000 3d8:ad14e 144134765124012860     /work2/11056/zwu/frontera/miniconda3/envs/libyt/lib/python3.13/lib-dynload/_lzma.cpython-313-x86_64-linux-gnu.so
2adb2570a000-2adb2570b000 r--p 00009000 3d8:ad14e 144134765124012860     /work2/11056/zwu/frontera/miniconda3/envs/libyt/lib/python3.13/lib-dynload/_lzma.cpython-313-x86_64-linux-gnu.so
2adb2570b000-2adb2570c000 rw-p 0000a000 3d8:ad14e 144134765124012860     /work2/11056/zwu/frontera/miniconda3/envs/libyt/lib/python3.13/lib-dynload/_lzma.cpython-313-x86_64-linux-gnu.so
2adb2570c000-2adb25711000 r--p 00000000 3d8:ad14e 144134765124010171     /work2/11056/zwu/frontera/miniconda3/envs/libyt/lib/liblzma.so.5
2adb25711000-2adb2572f000 r-xp 00005000 3d8:ad14e 144134765124010171     /work2/11056/zwu/frontera/miniconda3/envs/libyt/lib/liblzma.so.5
2adb2572f000-2adb2573b000 r--p 00023000 3d8:ad14e 144134765124010171     /work2/11056/zwu/frontera/miniconda3/envs/libyt/lib/liblzma.so.5
2adb2573b000-2adb2573c000 r--p 0002f000 3d8:ad14e 144134765124010171     /work2/11056/zwu/frontera/miniconda3/envs/libyt/lib/liblzma.so.5
2adb2573c000-2adb2573d000 rw-p 00030000 3d8:ad14e 144134765124010171     /work2/11056/zwu/frontera/miniconda3/envs/libyt/lib/liblzma.so.5
2adb2573d000-2adb2583d000 rw-p 00000000 00:00 0 
2adb2583d000-2adb2583f000 r--p 00000000 3d8:ad14e 144134765124011825     /work2/11056/zwu/frontera/miniconda3/envs/libyt/lib/python3.13/lib-dynload/cmath.cpython-313-x86_64-linux-gnu.so
2adb2583f000-2adb25848000 r-xp 00002000 3d8:ad14e 144134765124011825     /work2/11056/zwu/frontera/miniconda3/envs/libyt/lib/python3.13/lib-dynload/cmath.cpython-313-x86_64-linux-gnu.so
2adb25848000-2adb2584a000 r--p 0000b000 3d8:ad14e 144134765124011825     /work2/11056/zwu/frontera/miniconda3/envs/libyt/lib/python3.13/lib-dynload/cmath.cpython-313-x86_64-linux-gnu.so
2adb2584a000-2adb2584b000 r--p 0000c000 3d8:ad14e 144134765124011825     /work2/11056/zwu/frontera/miniconda3/envs/libyt/lib/python3.13/lib-dynload/cmath.cpython-313-x86_64-linux-gnu.so
2adb2584b000-2adb2584c000 rw-p 0000d000 3d8:ad14e 144134765124011825     /work2/11056/zwu/frontera/miniconda3/envs/libyt/lib/python3.13/lib-dynload/cmath.cpython-313-x86_64-linux-gnu.so
2adb2584c000-2adb25b4e000 rw-p 00000000 00:00 0 
2adb25b4e000-2adb25b57000 r--p 00000000 3d8:ad14e 144134765124012030     /work2/11056/zwu/frontera/miniconda3/envs/libyt/lib/python3.13/lib-dynload/_decimal.cpython-313-x86_64-linux-gnu.so
2adb25b57000-2adb25b6d000 r-xp 00009000 3d8:ad14e 144134765124012030     /work2/11056/zwu/frontera/miniconda3/envs/libyt/lib/python3.13/lib-dynload/_decimal.cpython-313-x86_64-linux-gnu.so
2adb25b6d000-2adb25b7a000 r--p 0001f000 3d8:ad14e 144134765124012030     /work2/11056/zwu/frontera/miniconda3/envs/libyt/lib/python3.13/lib-dynload/_decimal.cpython-313-x86_64-linux-gnu.so
2adb25b7a000-2adb25b7b000 r--p 0002b000 3d8:ad14e 144134765124012030     /work2/11056/zwu/frontera/miniconda3/envs/libyt/lib/python3.13/lib-dynload/_decimal.cpython-313-x86_64-linux-gnu.so
2adb25b7b000-2adb25b7e000 rw-p 0002c000 3d8:ad14e 144134765124012030     /work2/11056/zwu/frontera/miniconda3/envs/libyt/lib/python3.13/lib-dynload/_decimal.cpython-313-x86_64-linux-gnu.so
2adb25b7e000-2adb25b86000 r--p 00000000 3d8:ad14e 144134765124010257     /work2/11056/zwu/frontera/miniconda3/envs/libyt/lib/libmpdec.so.4.0.0
2adb25b86000-2adb25ba7000 r-xp 00008000 3d8:ad14e 144134765124010257     /work2/11056/zwu/frontera/miniconda3/envs/libyt/lib/libmpdec.so.4.0.0
2adb25ba7000-2adb25bae000 r--p 00029000 3d8:ad14e 144134765124010257     /work2/11056/zwu/frontera/miniconda3/envs/libyt/lib/libmpdec.so.4.0.0
2adb25bae000-2adb25baf000 r--p 00030000 3d8:ad14e 144134765124010257     /work2/11056/zwu/frontera/miniconda3/envs/libyt/lib/libmpdec.so.4.0.0
2adb25baf000-2adb25bb0000 rw-p 00031000 3d8:ad14e 144134765124010257     /work2/11056/zwu/frontera/miniconda3/envs/libyt/lib/libmpdec.so.4.0.0
2adb25bb0000-2adb25fb0000 rw-p 00000000 00:00 0 
2adb25fb0000-2adb25fb4000 r--p 00000000 3d8:ad14e 144134765124013676     /work2/11056/zwu/frontera/miniconda3/envs/libyt/lib/python3.13/lib-dynload/array.cpython-313-x86_64-linux-gnu.so
2adb25fb4000-2adb25fbb000 r-xp 00004000 3d8:ad14e 144134765124013676     /work2/11056/zwu/frontera/miniconda3/envs/libyt/lib/python3.13/lib-dynload/array.cpython-313-x86_64-linux-gnu.so
2adb25fbb000-2adb25fc0000 r--p 0000b000 3d8:ad14e 144134765124013676     /work2/11056/zwu/frontera/miniconda3/envs/libyt/lib/python3.13/lib-dynload/array.cpython-313-x86_64-linux-gnu.so
2adb25fc0000-2adb25fc1000 r--p 0000f000 3d8:ad14e 144134765124013676     /work2/11056/zwu/frontera/miniconda3/envs/libyt/lib/python3.13/lib-dynload/array.cpython-313-x86_64-linux-gnu.so
2adb25fc1000-2adb25fc2000 rw-p 00010000 3d8:ad14e 144134765124013676     /work2/11056/zwu/frontera/miniconda3/envs/libyt/lib/python3.13/lib-dynload/array.cpython-313-x86_64-linux-gnu.so
2adb25fc2000-2adb260c2000 rw-p 00000000 00:00 0 
2adb260c2000-2adb260c5000 r--p 00000000 3d8:ad14e 144134765124013795     /work2/11056/zwu/frontera/miniconda3/envs/libyt/lib/python3.13/lib-dynload/unicodedata.cpython-313-x86_64-linux-gnu.so
2adb260c5000-2adb260c9000 r-xp 00003000 3d8:ad14e 144134765124013795     /work2/11056/zwu/frontera/miniconda3/envs/libyt/lib/python3.13/lib-dynload/unicodedata.cpython-313-x86_64-linux-gnu.so
2adb260c9000-2adb2616c000 r--p 00007000 3d8:ad14e 144134765124013795     /work2/11056/zwu/frontera/miniconda3/envs/libyt/lib/python3.13/lib-dynload/unicodedata.cpython-313-x86_64-linux-gnu.so
2adb2616c000-2adb2616d000 r--p 000aa000 3d8:ad14e 144134765124013795     /work2/11056/zwu/frontera/miniconda3/envs/libyt/lib/python3.13/lib-dynload/unicodedata.cpython-313-x86_64-linux-gnu.so
2adb2616d000-2adb2616e000 rw-p 000ab000 3d8:ad14e 144134765124013795     /work2/11056/zwu/frontera/miniconda3/envs/libyt/lib/python3.13/lib-dynload/unicodedata.cpython-313-x86_64-linux-gnu.so
2adb2616e000-2adb2656e000 rw-p 00000000 00:00 0 
2adb2656e000-2adb26570000 r--p 00000000 3d8:ad14e 144134765124011950     /work2/11056/zwu/frontera/miniconda3/envs/libyt/lib/python3.13/lib-dynload/fcntl.cpython-313-x86_64-linux-gnu.so
2adb26570000-2adb26572000 r-xp 00002000 3d8:ad14e 144134765124011950     /work2/11056/zwu/frontera/miniconda3/envs/libyt/lib/python3.13/lib-dynload/fcntl.cpython-313-x86_64-linux-gnu.so
2adb26572000-2adb26574000 r--p 00004000 3d8:ad14e 144134765124011950     /work2/11056/zwu/frontera/miniconda3/envs/libyt/lib/python3.13/lib-dynload/fcntl.cpython-313-x86_64-linux-gnu.so
2adb26574000-2adb26575000 r--p 00005000 3d8:ad14e 144134765124011950     /work2/11056/zwu/frontera/miniconda3/envs/libyt/lib/python3.13/lib-dynload/fcntl.cpython-313-x86_64-linux-gnu.so
2adb26575000-2adb26576000 rw-p 00006000 3d8:ad14e 144134765124011950     /work2/11056/zwu/frontera/miniconda3/envs/libyt/lib/python3.13/lib-dynload/fcntl.cpython-313-x86_64-linux-gnu.so
2adb26576000-2adb26578000 r--p 00000000 3d8:ad14e 144134765124010960     /work2/11056/zwu/frontera/miniconda3/envs/libyt/lib/python3.13/lib-dynload/_posixsubprocess.cpython-313-x86_64-linux-gnu.so
2adb26578000-2adb2657b000 r-xp 00002000 3d8:ad14e 144134765124010960     /work2/11056/zwu/frontera/miniconda3/envs/libyt/lib/python3.13/lib-dynload/_posixsubprocess.cpython-313-x86_64-linux-gnu.so
2adb2657b000-2adb2657c000 r--p 00005000 3d8:ad14e 144134765124010960     /work2/11056/zwu/frontera/miniconda3/envs/libyt/lib/python3.13/lib-dynload/_posixsubprocess.cpython-313-x86_64-linux-gnu.so
2adb2657c000-2adb2657d000 r--p 00006000 3d8:ad14e 144134765124010960     /work2/11056/zwu/frontera/miniconda3/envs/libyt/lib/python3.13/lib-dynload/_posixsubprocess.cpython-313-x86_64-linux-gnu.so
2adb2657d000-2adb2657e000 rw-p 00007000 3d8:ad14e 144134765124010960     /work2/11056/zwu/frontera/miniconda3/envs/libyt/lib/python3.13/lib-dynload/_posixsubprocess.cpython-313-x86_64-linux-gnu.so
2adb2657e000-2adb26581000 r--p 00000000 3d8:ad14e 144134765124013617     /work2/11056/zwu/frontera/miniconda3/envs/libyt/lib/python3.13/lib-dynload/select.cpython-313-x86_64-linux-gnu.so
2adb26581000-2adb26584000 r-xp 00003000 3d8:ad14e 144134765124013617     /work2/11056/zwu/frontera/miniconda3/envs/libyt/lib/python3.13/lib-dynload/select.cpython-313-x86_64-linux-gnu.so
2adb26584000-2adb26586000 r--p 00006000 3d8:ad14e 144134765124013617     /work2/11056/zwu/frontera/miniconda3/envs/libyt/lib/python3.13/lib-dynload/select.cpython-313-x86_64-linux-gnu.so
2adb26586000-2adb26587000 r--p 00008000 3d8:ad14e 144134765124013617     /work2/11056/zwu/frontera/miniconda3/envs/libyt/lib/python3.13/lib-dynload/select.cpython-313-x86_64-linux-gnu.so
2adb26587000-2adb26588000 rw-p 00009000 3d8:ad14e 144134765124013617     /work2/11056/zwu/frontera/miniconda3/envs/libyt/lib/python3.13/lib-dynload/select.cpython-313-x86_64-linux-gnu.so
2adb26588000-2adb27188000 rw-p 00000000 00:00 0 
2adb27188000-2adb27189000 r--p 00000000 3d8:ad14e 144134765124013189     /work2/11056/zwu/frontera/miniconda3/envs/libyt/lib/python3.13/lib-dynload/_heapq.cpython-313-x86_64-linux-gnu.so
2adb27189000-2adb2718c000 r-xp 00001000 3d8:ad14e 144134765124013189     /work2/11056/zwu/frontera/miniconda3/envs/libyt/lib/python3.13/lib-dynload/_heapq.cpython-313-x86_64-linux-gnu.so
2adb2718c000-2adb2718f000 r--p 00004000 3d8:ad14e 144134765124013189     /work2/11056/zwu/frontera/miniconda3/envs/libyt/lib/python3.13/lib-dynload/_heapq.cpython-313-x86_64-linux-gnu.so
2adb2718f000-2adb27190000 r--p 00006000 3d8:ad14e 144134765124013189     /work2/11056/zwu/frontera/miniconda3/envs/libyt/lib/python3.13/lib-dynload/_heapq.cpython-313-x86_64-linux-gnu.so
2adb27190000-2adb27191000 rw-p 00007000 3d8:ad14e 144134765124013189     /work2/11056/zwu/frontera/miniconda3/envs/libyt/lib/python3.13/lib-dynload/_heapq.cpython-313-x86_64-linux-gnu.so
2adb27191000-2adb27193000 r--p 00000000 3d8:ad14e 144134765124013024     /work2/11056/zwu/frontera/miniconda3/envs/libyt/lib/python3.13/lib-dynload/_queue.cpython-313-x86_64-linux-gnu.so
2adb27193000-2adb27194000 r-xp 00002000 3d8:ad14e 144134765124013024     /work2/11056/zwu/frontera/miniconda3/envs/libyt/lib/python3.13/lib-dynload/_queue.cpython-313-x86_64-linux-gnu.so
2adb27194000-2adb27195000 r--p 00003000 3d8:ad14e 144134765124013024     /work2/11056/zwu/frontera/miniconda3/envs/libyt/lib/python3.13/lib-dynload/_queue.cpython-313-x86_64-linux-gnu.so
2adb27195000-2adb27196000 r--p 00003000 3d8:ad14e 144134765124013024     /work2/11056/zwu/frontera/miniconda3/envs/libyt/lib/python3.13/lib-dynload/_queue.cpython-313-x86_64-linux-gnu.so
2adb27196000-2adb27197000 rw-p 00004000 3d8:ad14e 144134765124013024     /work2/11056/zwu/frontera/miniconda3/envs/libyt/lib/python3.13/lib-dynload/_queue.cpython-313-x86_64-linux-gnu.so
2adb27197000-2adb27397000 rw-p 00000000 00:00 0 
2adb27397000-2adb27398000 r--p 00000000 3d8:ad14e 144134765124013751     /work2/11056/zwu/frontera/miniconda3/envs/libyt/lib/python3.13/lib-dynload/_uuid.cpython-313-x86_64-linux-gnu.so
2adb27398000-2adb27399000 r-xp 00001000 3d8:ad14e 144134765124013751     /work2/11056/zwu/frontera/miniconda3/envs/libyt/lib/python3.13/lib-dynload/_uuid.cpython-313-x86_64-linux-gnu.so
2adb27399000-2adb2739a000 r--p 00002000 3d8:ad14e 144134765124013751     /work2/11056/zwu/frontera/miniconda3/envs/libyt/lib/python3.13/lib-dynload/_uuid.cpython-313-x86_64-linux-gnu.so
2adb2739a000-2adb2739b000 r--p 00002000 3d8:ad14e 144134765124013751     /work2/11056/zwu/frontera/miniconda3/envs/libyt/lib/python3.13/lib-dynload/_uuid.cpython-313-x86_64-linux-gnu.so
2adb2739b000-2adb2739c000 rw-p 00003000 3d8:ad14e 144134765124013751     /work2/11056/zwu/frontera/miniconda3/envs/libyt/lib/python3.13/lib-dynload/_uuid.cpython-313-x86_64-linux-gnu.so
2adb2739c000-2adb2739e000 r--p 00000000 3d8:ad14e 144134765124013890     /work2/11056/zwu/frontera/miniconda3/envs/libyt/lib/libuuid.so.1.3.0
2adb2739e000-2adb273a2000 r-xp 00002000 3d8:ad14e 144134765124013890     /work2/11056/zwu/frontera/miniconda3/envs/libyt/lib/libuuid.so.1.3.0
2adb273a2000-2adb273a3000 r--p 00006000 3d8:ad14e 144134765124013890     /work2/11056/zwu/frontera/miniconda3/envs/libyt/lib/libuuid.so.1.3.0
2adb273a3000-2adb273a4000 r--p 00007000 3d8:ad14e 144134765124013890     /work2/11056/zwu/frontera/miniconda3/envs/libyt/lib/libuuid.so.1.3.0
2adb273a4000-2adb273a5000 rw-p 00008000 3d8:ad14e 144134765124013890     /work2/11056/zwu/frontera/miniconda3/envs/libyt/lib/libuuid.so.1.3.0
2adb273a5000-2adb273ab000 r--p 00000000 3d8:ad14e 144134765124033271     /work2/11056/zwu/frontera/miniconda3/envs/libyt/lib/python3.13/site-packages/matplotlib/_c_internal_utils.cpython-313-x86_64-linux-gnu.so
2adb273ab000-2adb273c5000 r-xp 00006000 3d8:ad14e 144134765124033271     /work2/11056/zwu/frontera/miniconda3/envs/libyt/lib/python3.13/site-packages/matplotlib/_c_internal_utils.cpython-313-x86_64-linux-gnu.so
2adb273c5000-2adb273cb000 r--p 00020000 3d8:ad14e 144134765124033271     /work2/11056/zwu/frontera/miniconda3/envs/libyt/lib/python3.13/site-packages/matplotlib/_c_internal_utils.cpython-313-x86_64-linux-gnu.so
2adb273cb000-2adb273cc000 r--p 00026000 3d8:ad14e 144134765124033271     /work2/11056/zwu/frontera/miniconda3/envs/libyt/lib/python3.13/site-packages/matplotlib/_c_internal_utils.cpython-313-x86_64-linux-gnu.so
2adb273cc000-2adb273cd000 rw-p 00027000 3d8:ad14e 144134765124033271     /work2/11056/zwu/frontera/miniconda3/envs/libyt/lib/python3.13/site-packages/matplotlib/_c_internal_utils.cpython-313-x86_64-linux-gnu.so
2adb273cd000-2adb274cd000 rw-p 00000000 00:00 0 
2adb274cd000-2adb274e0000 r--p 00000000 3d8:ad14e 144134765124029085     /work2/11056/zwu/frontera/miniconda3/envs/libyt/lib/python3.13/site-packages/PIL/_imaging.cpython-313-x86_64-linux-gnu.so
2adb274e0000-2adb27551000 r-xp 00013000 3d8:ad14e 144134765124029085     /work2/11056/zwu/frontera/miniconda3/envs/libyt/lib/python3.13/site-packages/PIL/_imaging.cpython-313-x86_64-linux-gnu.so
2adb27551000-2adb27562000 r--p 00084000 3d8:ad14e 144134765124029085     /work2/11056/zwu/frontera/miniconda3/envs/libyt/lib/python3.13/site-packages/PIL/_imaging.cpython-313-x86_64-linux-gnu.so
2adb27562000-2adb27566000 r--p 00095000 3d8:ad14e 144134765124029085     /work2/11056/zwu/frontera/miniconda3/envs/libyt/lib/python3.13/site-packages/PIL/_imaging.cpython-313-x86_64-linux-gnu.so
2adb27566000-2adb27569000 rw-p 00099000 3d8:ad14e 144134765124029085     /work2/11056/zwu/frontera/miniconda3/envs/libyt/lib/python3.13/site-packages/PIL/_imaging.cpython-313-x86_64-linux-gnu.so
2adb27569000-2adb27573000 r--p 00000000 3d8:ad14e 144134765124032559     /work2/11056/zwu/frontera/miniconda3/envs/libyt/lib/libtiff.so.6.2.0
2adb27573000-2adb275ca000 r-xp 0000a000 3d8:ad14e 144134765124032559     /work2/11056/zwu/frontera/miniconda3/envs/libyt/lib/libtiff.so.6.2.0
2adb275ca000-2adb275fc000 r--p 00061000 3d8:ad14e 144134765124032559     /work2/11056/zwu/frontera/miniconda3/envs/libyt/lib/libtiff.so.6.2.0
2adb275fc000-2adb27601000 r--p 00092000 3d8:ad14e 144134765124032559     /work2/11056/zwu/frontera/miniconda3/envs/libyt/lib/libtiff.so.6.2.0
2adb27601000-2adb27602000 rw-p 00097000 3d8:ad14e 144134765124032559     /work2/11056/zwu/frontera/miniconda3/envs/libyt/lib/libtiff.so.6.2.0
2adb27602000-2adb27609000 r--p 00000000 3d8:ad14e 144134765124033267     /work2/11056/zwu/frontera/miniconda3/envs/libyt/lib/libjpeg.so.8.3.2
2adb27609000-2adb276a1000 r-xp 00007000 3d8:ad14e 144134765124033267     /work2/11056/zwu/frontera/miniconda3/envs/libyt/lib/libjpeg.so.8.3.2
2adb276a1000-2adb276ca000 r--p 0009f000 3d8:ad14e 144134765124033267     /work2/11056/zwu/frontera/miniconda3/envs/libyt/lib/libjpeg.so.8.3.2
2adb276ca000-2adb276cb000 r--p 000c8000 3d8:ad14e 144134765124033267     /work2/11056/zwu/frontera/miniconda3/envs/libyt/lib/libjpeg.so.8.3.2
2adb276cb000-2adb276cc000 rw-p 000c9000 3d8:ad14e 144134765124033267     /work2/11056/zwu/frontera/miniconda3/envs/libyt/lib/libjpeg.so.8.3.2
2adb276cc000-2adb276d5000 r--p 00000000 3d8:ad14e 144131832282144881     /work2/11056/zwu/frontera/miniconda3/envs/libyt/lib/libopenjp2.so.2.5.4
2adb276d5000-2adb2772c000 r-xp 00009000 3d8:ad14e 144131832282144881     /work2/11056/zwu/frontera/miniconda3/envs/libyt/lib/libopenjp2.so.2.5.4
2adb2772c000-2adb2773f000 r--p 00060000 3d8:ad14e 144131832282144881     /work2/11056/zwu/frontera/miniconda3/envs/libyt/lib/libopenjp2.so.2.5.4
2adb2773f000-2adb27741000 r--p 00072000 3d8:ad14e 144131832282144881     /work2/11056/zwu/frontera/miniconda3/envs/libyt/lib/libopenjp2.so.2.5.4
2adb27741000-2adb27742000 rw-p 00074000 3d8:ad14e 144131832282144881     /work2/11056/zwu/frontera/miniconda3/envs/libyt/lib/libopenjp2.so.2.5.4
2adb27742000-2adb27745000 r--p 00000000 3d8:ad14e 144134765124034036     /work2/11056/zwu/frontera/miniconda3/envs/libyt/lib/libz-ng.so.2.3.3
2adb27745000-2adb27763000 r-xp 00003000 3d8:ad14e 144134765124034036     /work2/11056/zwu/frontera/miniconda3/envs/libyt/lib/libz-ng.so.2.3.3
2adb27763000-2adb2776d000 r--p 00021000 3d8:ad14e 144134765124034036     /work2/11056/zwu/frontera/miniconda3/envs/libyt/lib/libz-ng.so.2.3.3
2adb2776d000-2adb2776e000 r--p 0002a000 3d8:ad14e 144134765124034036     /work2/11056/zwu/frontera/miniconda3/envs/libyt/lib/libz-ng.so.2.3.3
2adb2776e000-2adb2776f000 rw-p 0002b000 3d8:ad14e 144134765124034036     /work2/11056/zwu/frontera/miniconda3/envs/libyt/lib/libz-ng.so.2.3.3
2adb2776f000-2adb2777d000 r--p 00000000 3d8:ad14e 144134765124032818     /work2/11056/zwu/frontera/miniconda3/envs/libyt/lib/libxcb.so.1.1.0
2adb2777d000-2adb27791000 r-xp 0000e000 3d8:ad14e 144134765124032818     /work2/11056/zwu/frontera/miniconda3/envs/libyt/lib/libxcb.so.1.1.0
2adb27791000-2adb2779a000 r--p 00022000 3d8:ad14e 144134765124032818     /work2/11056/zwu/frontera/miniconda3/envs/libyt/lib/libxcb.so.1.1.0
2adb2779a000-2adb2779b000 r--p 0002a000 3d8:ad14e 144134765124032818     /work2/11056/zwu/frontera/miniconda3/envs/libyt/lib/libxcb.so.1.1.0
2adb2779b000-2adb2779c000 rw-p 0002b000 3d8:ad14e 144134765124032818     /work2/11056/zwu/frontera/miniconda3/envs/libyt/lib/libxcb.so.1.1.0
2adb2779c000-2adb277a0000 r--p 00000000 3d8:ad14e 144131832282144317     /work2/11056/zwu/frontera/miniconda3/envs/libyt/lib/libwebp.so.7.2.0
2adb277a0000-2adb2783b000 r-xp 00004000 3d8:ad14e 144131832282144317     /work2/11056/zwu/frontera/miniconda3/envs/libyt/lib/libwebp.so.7.2.0
2adb2783b000-2adb2784f000 r--p 0009f000 3d8:ad14e 144131832282144317     /work2/11056/zwu/frontera/miniconda3/envs/libyt/lib/libwebp.so.7.2.0
2adb2784f000-2adb27850000 r--p 000b2000 3d8:ad14e 144131832282144317     /work2/11056/zwu/frontera/miniconda3/envs/libyt/lib/libwebp.so.7.2.0
2adb27850000-2adb27851000 rw-p 000b3000 3d8:ad14e 144131832282144317     /work2/11056/zwu/frontera/miniconda3/envs/libyt/lib/libwebp.so.7.2.0
2adb27851000-2adb27852000 rw-p 00000000 00:00 0 
2adb27852000-2adb27860000 r--p 00000000 3d8:ad14e 144134765124010151     /work2/11056/zwu/frontera/miniconda3/envs/libyt/lib/libzstd.so.1.5.7
2adb27860000-2adb27953000 r-xp 0000e000 3d8:ad14e 144134765124010151     /work2/11056/zwu/frontera/miniconda3/envs/libyt/lib/libzstd.so.1.5.7
2adb27953000-2adb27969000 r--p 00101000 3d8:ad14e 144134765124010151     /work2/11056/zwu/frontera/miniconda3/envs/libyt/lib/libzstd.so.1.5.7
2adb27969000-2adb2796a000 r--p 00117000 3d8:ad14e 144134765124010151     /work2/11056/zwu/frontera/miniconda3/envs/libyt/lib/libzstd.so.1.5.7
2adb2796a000-2adb2796b000 rw-p 00118000 3d8:ad14e 144134765124010151     /work2/11056/zwu/frontera/miniconda3/envs/libyt/lib/libzstd.so.1.5.7
2adb2796b000-2adb27978000 r--p 00000000 3d8:ad14e 144134765124033483     /work2/11056/zwu/frontera/miniconda3/envs/libyt/lib/libLerc.so.4
2adb27978000-2adb27a2d000 r-xp 0000d000 3d8:ad14e 144134765124033483     /work2/11056/zwu/frontera/miniconda3/envs/libyt/lib/libLerc.so.4
2adb27a2d000-2adb27a38000 r--p 000c2000 3d8:ad14e 144134765124033483     /work2/11056/zwu/frontera/miniconda3/envs/libyt/lib/libLerc.so.4
2adb27a38000-2adb27a39000 r--p 000cc000 3d8:ad14e 144134765124033483     /work2/11056/zwu/frontera/miniconda3/envs/libyt/lib/libLerc.so.4
2adb27a39000-2adb27a3a000 rw-p 000cd000 3d8:ad14e 144134765124033483     /work2/11056/zwu/frontera/miniconda3/envs/libyt/lib/libLerc.so.4
2adb27a3a000-2adb27a3b000 r--p 00000000 3d8:ad14e 144134765124034809     /work2/11056/zwu/frontera/miniconda3/envs/libyt/lib/libdeflate.so.0
2adb27a3b000-2adb27a4c000 r-xp 00001000 3d8:ad14e 144134765124034809     /work2/11056/zwu/frontera/miniconda3/envs/libyt/lib/libdeflate.so.0
2adb27a4c000-2adb27a51000 r--p 00012000 3d8:ad14e 144134765124034809     /work2/11056/zwu/frontera/miniconda3/envs/libyt/lib/libdeflate.so.0
2adb27a51000-2adb27a52000 r--p 00016000 3d8:ad14e 144134765124034809     /work2/11056/zwu/frontera/miniconda3/envs/libyt/lib/libdeflate.so.0
2adb27a52000-2adb27a53000 rw-p 00017000 3d8:ad14e 144134765124034809     /work2/11056/zwu/frontera/miniconda3/envs/libyt/lib/libdeflate.so.0
2adb27a53000-2adb27a54000 r--p 00000000 3d8:ad14e 144134765124035399     /work2/11056/zwu/frontera/miniconda3/envs/libyt/lib/libXau.so.6.0.0
2adb27a54000-2adb27a55000 r-xp 00001000 3d8:ad14e 144134765124035399     /work2/11056/zwu/frontera/miniconda3/envs/libyt/lib/libXau.so.6.0.0
2adb27a55000-2adb27a56000 r--p 00002000 3d8:ad14e 144134765124035399     /work2/11056/zwu/frontera/miniconda3/envs/libyt/lib/libXau.so.6.0.0
2adb27a56000-2adb27a57000 r--p 00002000 3d8:ad14e 144134765124035399     /work2/11056/zwu/frontera/miniconda3/envs/libyt/lib/libXau.so.6.0.0
2adb27a57000-2adb27a58000 rw-p 00003000 3d8:ad14e 144134765124035399     /work2/11056/zwu/frontera/miniconda3/envs/libyt/lib/libXau.so.6.0.0
2adb27a58000-2adb27a5a000 r--p 00000000 3d8:ad14e 144134765124035348     /work2/11056/zwu/frontera/miniconda3/envs/libyt/lib/libXdmcp.so.6.0.0
2adb27a5a000-2adb27a5c000 r-xp 00002000 3d8:ad14e 144134765124035348     /work2/11056/zwu/frontera/miniconda3/envs/libyt/lib/libXdmcp.so.6.0.0
2adb27a5c000-2adb27a5e000 r--p 00004000 3d8:ad14e 144134765124035348     /work2/11056/zwu/frontera/miniconda3/envs/libyt/lib/libXdmcp.so.6.0.0
2adb27a5e000-2adb27a5f000 r--p 00005000 3d8:ad14e 144134765124035348     /work2/11056/zwu/frontera/miniconda3/envs/libyt/lib/libXdmcp.so.6.0.0
2adb27a5f000-2adb27a60000 rw-p 00006000 3d8:ad14e 144134765124035348     /work2/11056/zwu/frontera/miniconda3/envs/libyt/lib/libXdmcp.so.6.0.0
2adb27a60000-2adb27a61000 r--p 00000000 3d8:ad14e 144131832282144283     /work2/11056/zwu/frontera/miniconda3/envs/libyt/lib/libsharpyuv.so.0.1.2
2adb27a61000-2adb27a69000 r-xp 00001000 3d8:ad14e 144131832282144283     /work2/11056/zwu/frontera/miniconda3/envs/libyt/lib/libsharpyuv.so.0.1.2
2adb27a69000-2adb27a6a000 r--p 00009000 3d8:ad14e 144131832282144283     /work2/11056/zwu/frontera/miniconda3/envs/libyt/lib/libsharpyuv.so.0.1.2
2adb27a6a000-2adb27a6b000 r--p 00009000 3d8:ad14e 144131832282144283     /work2/11056/zwu/frontera/miniconda3/envs/libyt/lib/libsharpyuv.so.0.1.2
2adb27a6b000-2adb27a6c000 rw-p 0000a000 3d8:ad14e 144131832282144283     /work2/11056/zwu/frontera/miniconda3/envs/libyt/lib/libsharpyuv.so.0.1.2
2adb27a6c000-2adb27b6d000 rw-p 00000000 00:00 0 
2adb27b6d000-2adb27b74000 r--p 00000000 3d8:ad14e 144134765124032264     /work2/11056/zwu/frontera/miniconda3/envs/libyt/lib/python3.13/site-packages/matplotlib/_path.cpython-313-x86_64-linux-gnu.so
2adb27b74000-2adb27bb3000 r-xp 00007000 3d8:ad14e 144134765124032264     /work2/11056/zwu/frontera/miniconda3/envs/libyt/lib/python3.13/site-packages/matplotlib/_path.cpython-313-x86_64-linux-gnu.so
2adb27bb3000-2adb27bc0000 r--p 00046000 3d8:ad14e 144134765124032264     /work2/11056/zwu/frontera/miniconda3/envs/libyt/lib/python3.13/site-packages/matplotlib/_path.cpython-313-x86_64-linux-gnu.so
2adb27bc0000-2adb27bc1000 r--p 00053000 3d8:ad14e 144134765124032264     /work2/11056/zwu/frontera/miniconda3/envs/libyt/lib/python3.13/site-packages/matplotlib/_path.cpython-313-x86_64-linux-gnu.so
2adb27bc1000-2adb27bc2000 rw-p 00054000 3d8:ad14e 144134765124032264     /work2/11056/zwu/frontera/miniconda3/envs/libyt/lib/python3.13/site-packages/matplotlib/_path.cpython-313-x86_64-linux-gnu.so
2adb27bc2000-2adb27bc3000 rw-p 00000000 00:00 0 
2adb27bc3000-2adb27bca000 r--p 00000000 3d8:ad14e 144134765124033090     /work2/11056/zwu/frontera/miniconda3/envs/libyt/lib/python3.13/site-packages/matplotlib/_image.cpython-313-x86_64-linux-gnu.so
2adb27bca000-2adb27c12000 r-xp 00007000 3d8:ad14e 144134765124033090     /work2/11056/zwu/frontera/miniconda3/envs/libyt/lib/python3.13/site-packages/matplotlib/_image.cpython-313-x86_64-linux-gnu.so
2adb27c12000-2adb27c1e000 r--p 0004f000 3d8:ad14e 144134765124033090     /work2/11056/zwu/frontera/miniconda3/envs/libyt/lib/python3.13/site-packages/matplotlib/_image.cpython-313-x86_64-linux-gnu.so
2adb27c1e000-2adb27c1f000 r--p 0005b000 3d8:ad14e 144134765124033090     /work2/11056/zwu/frontera/miniconda3/envs/libyt/lib/python3.13/site-packages/matplotlib/_image.cpython-313-x86_64-linux-gnu.so
2adb27c1f000-2adb27c20000 rw-p 0005c000 3d8:ad14e 144134765124033090     /work2/11056/zwu/frontera/miniconda3/envs/libyt/lib/python3.13/site-packages/matplotlib/_image.cpython-313-x86_64-linux-gnu.so
2adb27c20000-2adb27f21000 rw-p 00000000 00:00 0 
2adb27f21000-2adb27f2b000 r--p 00000000 3d8:ad14e 144134765124031774     /work2/11056/zwu/frontera/miniconda3/envs/libyt/lib/python3.13/site-packages/matplotlib/ft2font.cpython-313-x86_64-linux-gnu.so
2adb27f2b000-2adb27f7a000 r-xp 0000a000 3d8:ad14e 144134765124031774     /work2/11056/zwu/frontera/miniconda3/envs/libyt/lib/python3.13/site-packages/matplotlib/ft2font.cpython-313-x86_64-linux-gnu.so
2adb27f7a000-2adb27f91000 r--p 00059000 3d8:ad14e 144134765124031774     /work2/11056/zwu/frontera/miniconda3/envs/libyt/lib/python3.13/site-packages/matplotlib/ft2font.cpython-313-x86_64-linux-gnu.so
2adb27f91000-2adb27f93000 r--p 0006f000 3d8:ad14e 144134765124031774     /work2/11056/zwu/frontera/miniconda3/envs/libyt/lib/python3.13/site-packages/matplotlib/ft2font.cpython-313-x86_64-linux-gnu.so
2adb27f93000-2adb27f94000 rw-p 00071000 3d8:ad14e 144134765124031774     /work2/11056/zwu/frontera/miniconda3/envs/libyt/lib/python3.13/site-packages/matplotlib/ft2font.cpython-313-x86_64-linux-gnu.so
2adb27f94000-2adb27fa2000 r--p 00000000 3d8:ad14e 144134765124033074     /work2/11056/zwu/frontera/miniconda3/envs/libyt/lib/libfreetype.so.6.20.6
2adb27fa2000-2adb28024000 r-xp 0000e000 3d8:ad14e 144134765124033074     /work2/11056/zwu/frontera/miniconda3/envs/libyt/lib/libfreetype.so.6.20.6
2adb28024000-2adb2804e000 r--p 00090000 3d8:ad14e 144134765124033074     /work2/11056/zwu/frontera/miniconda3/envs/libyt/lib/libfreetype.so.6.20.6
2adb2804e000-2adb28056000 r--p 000b9000 3d8:ad14e 144134765124033074     /work2/11056/zwu/frontera/miniconda3/envs/libyt/lib/libfreetype.so.6.20.6
2adb28056000-2adb28057000 rw-p 000c1000 3d8:ad14e 144134765124033074     /work2/11056/zwu/frontera/miniconda3/envs/libyt/lib/libfreetype.so.6.20.6
2adb28057000-2adb2805e000 r--p 00000000 3d8:ad14e 144134765124033492     /work2/11056/zwu/frontera/miniconda3/envs/libyt/lib/libpng16.so.16.58.0
2adb2805e000-2adb28089000 r-xp 00007000 3d8:ad14e 144134765124033492     /work2/11056/zwu/frontera/miniconda3/envs/libyt/lib/libpng16.so.16.58.0
2adb28089000-2adb28094000 r--p 00032000 3d8:ad14e 144134765124033492     /work2/11056/zwu/frontera/miniconda3/envs/libyt/lib/libpng16.so.16.58.0
2adb28094000-2adb28095000 r--p 0003d000 3d8:ad14e 144134765124033492     /work2/11056/zwu/frontera/miniconda3/envs/libyt/lib/libpng16.so.16.58.0
2adb28095000-2adb28096000 rw-p 0003e000 3d8:ad14e 144134765124033492     /work2/11056/zwu/frontera/miniconda3/envs/libyt/lib/libpng16.so.16.58.0
2adb28096000-2adb2809c000 r--p 00000000 3d8:ad14e 144134765124034652     /work2/11056/zwu/frontera/miniconda3/envs/libyt/lib/python3.13/site-packages/kiwisolver/_cext.cpython-313-x86_64-linux-gnu.so
2adb2809c000-2adb280b6000 r-xp 00006000 3d8:ad14e 144134765124034652     /work2/11056/zwu/frontera/miniconda3/envs/libyt/lib/python3.13/site-packages/kiwisolver/_cext.cpython-313-x86_64-linux-gnu.so
2adb280b6000-2adb280bb000 r--p 00020000 3d8:ad14e 144134765124034652     /work2/11056/zwu/frontera/miniconda3/envs/libyt/lib/python3.13/site-packages/kiwisolver/_cext.cpython-313-x86_64-linux-gnu.so
2adb280bb000-2adb280bc000 r--p 00025000 3d8:ad14e 144134765124034652     /work2/11056/zwu/frontera/miniconda3/envs/libyt/lib/python3.13/site-packages/kiwisolver/_cext.cpython-313-x86_64-linux-gnu.so
2adb280bc000-2adb280bd000 rw-p 00026000 3d8:ad14e 144134765124034652     /work2/11056/zwu/frontera/miniconda3/envs/libyt/lib/python3.13/site-packages/kiwisolver/_cext.cpython-313-x86_64-linux-gnu.so
2adb280bd000-2adb282bd000 rw-p 00000000 00:00 0 
2adb282bd000-2adb282cc000 r--p 00000000 3d8:ad14e 144134765124035596     /work2/11056/zwu/frontera/miniconda3/envs/libyt/lib/python3.13/site-packages/yt/geometry/selection_routines.cpython-313-x86_64-linux-gnu.so
2adb282cc000-2adb2836a000 r-xp 0000f000 3d8:ad14e 144134765124035596     /work2/11056/zwu/frontera/miniconda3/envs/libyt/lib/python3.13/site-packages/yt/geometry/selection_routines.cpython-313-x86_64-linux-gnu.so
2adb2836a000-2adb28383000 r--p 000ad000 3d8:ad14e 144134765124035596     /work2/11056/zwu/frontera/miniconda3/envs/libyt/lib/python3.13/site-packages/yt/geometry/selection_routines.cpython-313-x86_64-linux-gnu.so
2adb28383000-2adb28385000 r--p 000c6000 3d8:ad14e 144134765124035596     /work2/11056/zwu/frontera/miniconda3/envs/libyt/lib/python3.13/site-packages/yt/geometry/selection_routines.cpython-313-x86_64-linux-gnu.so
2adb28385000-2adb2838d000 rw-p 000c8000 3d8:ad14e 144134765124035596     /work2/11056/zwu/frontera/miniconda3/envs/libyt/lib/python3.13/site-packages/yt/geometry/selection_routines.cpython-313-x86_64-linux-gnu.so
2adb2838d000-2adb28390000 rw-p 00000000 00:00 0 
2adb28390000-2adb28399000 r--p 00000000 3d8:ad14e 144134765124035558     /work2/11056/zwu/frontera/miniconda3/envs/libyt/lib/python3.13/site-packages/yt/geometry/oct_visitors.cpython-313-x86_64-linux-gnu.so
2adb28399000-2adb28403000 r-xp 00009000 3d8:ad14e 144134765124035558     /work2/11056/zwu/frontera/miniconda3/envs/libyt/lib/python3.13/site-packages/yt/geometry/oct_visitors.cpython-313-x86_64-linux-gnu.so
2adb28403000-2adb28412000 r--p 00073000 3d8:ad14e 144134765124035558     /work2/11056/zwu/frontera/miniconda3/envs/libyt/lib/python3.13/site-packages/yt/geometry/oct_visitors.cpython-313-x86_64-linux-gnu.so
2adb28412000-2adb28414000 r--p 00081000 3d8:ad14e 144134765124035558     /work2/11056/zwu/frontera/miniconda3/envs/libyt/lib/python3.13/site-packages/yt/geometry/oct_visitors.cpython-313-x86_64-linux-gnu.so
2adb28414000-2adb2841a000 rw-p 00083000 3d8:ad14e 144134765124035558     /work2/11056/zwu/frontera/miniconda3/envs/libyt/lib/python3.13/site-packages/yt/geometry/oct_visitors.cpython-313-x86_64-linux-gnu.so
2adb2841a000-2adb2841b000 rw-p 00000000 00:00 0 
2adb2841b000-2adb28422000 r--p 00000000 3d8:ad14e 144134765124036838     /work2/11056/zwu/frontera/miniconda3/envs/libyt/lib/python3.13/site-packages/yt/utilities/lib/allocation_container.cpython-313-x86_64-linux-gnu.so
2adb28422000-2adb28443000 r-xp 00007000 3d8:ad14e 144134765124036838     /work2/11056/zwu/frontera/miniconda3/envs/libyt/lib/python3.13/site-packages/yt/utilities/lib/allocation_container.cpython-313-x86_64-linux-gnu.so
2adb28443000-2adb2844b000 r--p 00028000 3d8:ad14e 144134765124036838     /work2/11056/zwu/frontera/miniconda3/envs/libyt/lib/python3.13/site-packages/yt/utilities/lib/allocation_container.cpython-313-x86_64-linux-gnu.so
2adb2844b000-2adb2844c000 r--p 0002f000 3d8:ad14e 144134765124036838     /work2/11056/zwu/frontera/miniconda3/envs/libyt/lib/python3.13/site-packages/yt/utilities/lib/allocation_container.cpython-313-x86_64-linux-gnu.so
2adb2844c000-2adb2844e000 rw-p 00030000 3d8:ad14e 144134765124036838     /work2/11056/zwu/frontera/miniconda3/envs/libyt/lib/python3.13/site-packages/yt/utilities/lib/allocation_container.cpython-313-x86_64-linux-gnu.so
2adb2844e000-2adb2844f000 rw-p 00000000 00:00 0 
2adb2844f000-2adb28458000 r--p 00000000 3d8:ad14e 144134765124036537     /work2/11056/zwu/frontera/miniconda3/envs/libyt/lib/python3.13/site-packages/yt/geometry/oct_container.cpython-313-x86_64-linux-gnu.so
2adb28458000-2adb284b5000 r-xp 00009000 3d8:ad14e 144134765124036537     /work2/11056/zwu/frontera/miniconda3/envs/libyt/lib/python3.13/site-packages/yt/geometry/oct_container.cpython-313-x86_64-linux-gnu.so
2adb284b5000-2adb284c2000 r--p 00066000 3d8:ad14e 144134765124036537     /work2/11056/zwu/frontera/miniconda3/envs/libyt/lib/python3.13/site-packages/yt/geometry/oct_container.cpython-313-x86_64-linux-gnu.so
2adb284c2000-2adb284c4000 r--p 00072000 3d8:ad14e 144134765124036537     /work2/11056/zwu/frontera/miniconda3/envs/libyt/lib/python3.13/site-packages/yt/geometry/oct_container.cpython-313-x86_64-linux-gnu.so
2adb284c4000-2adb284c7000 rw-p 00074000 3d8:ad14e 144134765124036537     /work2/11056/zwu/frontera/miniconda3/envs/libyt/lib/python3.13/site-packages/yt/geometry/oct_container.cpython-313-x86_64-linux-gnu.so
2adb284c7000-2adb284c8000 rw-p 00000000 00:00 0 
2adb284c8000-2adb284ca000 r--p 00000000 3d8:ad14e 144134765124035953     /work2/11056/zwu/frontera/miniconda3/envs/libyt/lib/python3.13/site-packages/yt/geometry/grid_visitors.cpython-313-x86_64-linux-gnu.so
2adb284ca000-2adb284cc000 r-xp 00002000 3d8:ad14e 144134765124035953     /work2/11056/zwu/frontera/miniconda3/envs/libyt/lib/python3.13/site-packages/yt/geometry/grid_visitors.cpython-313-x86_64-linux-gnu.so
2adb284cc000-2adb284cd000 r--p 00004000 3d8:ad14e 144134765124035953     /work2/11056/zwu/frontera/miniconda3/envs/libyt/lib/python3.13/site-packages/yt/geometry/grid_visitors.cpython-313-x86_64-linux-gnu.so
2adb284cd000-2adb284ce000 r--p 00005000 3d8:ad14e 144134765124035953     /work2/11056/zwu/frontera/miniconda3/envs/libyt/lib/python3.13/site-packages/yt/geometry/grid_visitors.cpython-313-x86_64-linux-gnu.so
2adb284ce000-2adb284cf000 rw-p 00006000 3d8:ad14e 144134765124035953     /work2/11056/zwu/frontera/miniconda3/envs/libyt/lib/python3.13/site-packages/yt/geometry/grid_visitors.cpython-313-x86_64-linux-gnu.so
2adb284cf000-2adb284d4000 r--p 00000000 3d8:ad14e 144134765124036378     /work2/11056/zwu/frontera/miniconda3/envs/libyt/lib/python3.13/site-packages/yt/utilities/lib/bitarray.cpython-313-x86_64-linux-gnu.so
2adb284d4000-2adb284e3000 r-xp 00005000 3d8:ad14e 144134765124036378     /work2/11056/zwu/frontera/miniconda3/envs/libyt/lib/python3.13/site-packages/yt/utilities/lib/bitarray.cpython-313-x86_64-linux-gnu.so
2adb284e3000-2adb284e8000 r--p 00014000 3d8:ad14e 144134765124036378     /work2/11056/zwu/frontera/miniconda3/envs/libyt/lib/python3.13/site-packages/yt/utilities/lib/bitarray.cpython-313-x86_64-linux-gnu.so
2adb284e8000-2adb284e9000 r--p 00019000 3d8:ad14e 144134765124036378     /work2/11056/zwu/frontera/miniconda3/envs/libyt/lib/python3.13/site-packages/yt/utilities/lib/bitarray.cpython-313-x86_64-linux-gnu.so
2adb284e9000-2adb284ea000 rw-p 0001a000 3d8:ad14e 144134765124036378     /work2/11056/zwu/frontera/miniconda3/envs/libyt/lib/python3.13/site-packages/yt/utilities/lib/bitarray.cpython-313-x86_64-linux-gnu.so
2adb284ea000-2adb284eb000 rw-p 00000000 00:00 0 
2adb284eb000-2adb284f0000 r--p 00000000 3d8:ad14e 144134765124036200     /work2/11056/zwu/frontera/miniconda3/envs/libyt/lib/python3.13/site-packages/yt/utilities/lib/partitioned_grid.cpython-313-x86_64-linux-gnu.so
2adb284f0000-2adb284fd000 r-xp 00005000 3d8:ad14e 144134765124036200     /work2/11056/zwu/frontera/miniconda3/envs/libyt/lib/python3.13/site-packages/yt/utilities/lib/partitioned_grid.cpython-313-x86_64-linux-gnu.so
2adb284fd000-2adb28501000 r--p 00012000 3d8:ad14e 144134765124036200     /work2/11056/zwu/frontera/miniconda3/envs/libyt/lib/python3.13/site-packages/yt/utilities/lib/partitioned_grid.cpython-313-x86_64-linux-gnu.so
2adb28501000-2adb28502000 r--p 00016000 3d8:ad14e 144134765124036200     /work2/11056/zwu/frontera/miniconda3/envs/libyt/lib/python3.13/site-packages/yt/utilities/lib/partitioned_grid.cpython-313-x86_64-linux-gnu.so
2adb28502000-2adb28503000 rw-p 00017000 3d8:ad14e 144134765124036200     /work2/11056/zwu/frontera/miniconda3/envs/libyt/lib/python3.13/site-packages/yt/utilities/lib/partitioned_grid.cpython-313-x86_64-linux-gnu.so
2adb28503000-2adb2850c000 r--p 00000000 3d8:ad14e 144134765124036460     /work2/11056/zwu/frontera/miniconda3/envs/libyt/lib/python3.13/site-packages/yt/utilities/lib/image_samplers.cpython-313-x86_64-linux-gnu.so
2adb2850c000-2adb28544000 r-xp 00009000 3d8:ad14e 144134765124036460     /work2/11056/zwu/frontera/miniconda3/envs/libyt/lib/python3.13/site-packages/yt/utilities/lib/image_samplers.cpython-313-x86_64-linux-gnu.so
2adb28544000-2adb2854f000 r--p 00041000 3d8:ad14e 144134765124036460     /work2/11056/zwu/frontera/miniconda3/envs/libyt/lib/python3.13/site-packages/yt/utilities/lib/image_samplers.cpython-313-x86_64-linux-gnu.so
2adb2854f000-2adb28551000 r--p 0004b000 3d8:ad14e 144134765124036460     /work2/11056/zwu/frontera/miniconda3/envs/libyt/lib/python3.13/site-packages/yt/utilities/lib/image_samplers.cpython-313-x86_64-linux-gnu.so
2adb28551000-2adb28554000 rw-p 0004d000 3d8:ad14e 144134765124036460     /work2/11056/zwu/frontera/miniconda3/envs/libyt/lib/python3.13/site-packages/yt/utilities/lib/image_samplers.cpython-313-x86_64-linux-gnu.so
2adb28554000-2adb28555000 rw-p 00000000 00:00 0 
2adb28555000-2adb28562000 r--p 00000000 3d8:ad14e 144134765124010023     /work2/11056/zwu/frontera/miniconda3/envs/libyt/lib/libgomp.so.1.0.0
2adb28562000-2adb2859b000 r-xp 0000d000 3d8:ad14e 144134765124010023     /work2/11056/zwu/frontera/miniconda3/envs/libyt/lib/libgomp.so.1.0.0
2adb2859b000-2adb285a9000 r--p 00046000 3d8:ad14e 144134765124010023     /work2/11056/zwu/frontera/miniconda3/envs/libyt/lib/libgomp.so.1.0.0
2adb285a9000-2adb285aa000 r--p 00054000 3d8:ad14e 144134765124010023     /work2/11056/zwu/frontera/miniconda3/envs/libyt/lib/libgomp.so.1.0.0
2adb285aa000-2adb285ab000 rw-p 00055000 3d8:ad14e 144134765124010023     /work2/11056/zwu/frontera/miniconda3/envs/libyt/lib/libgomp.so.1.0.0
2adb285ab000-2adb285b1000 r--p 00000000 3d8:ad14e 144134765124035940     /work2/11056/zwu/frontera/miniconda3/envs/libyt/lib/python3.13/site-packages/yt/utilities/lib/_octree_raytracing.cpython-313-x86_64-linux-gnu.so
2adb285b1000-2adb285ce000 r-xp 00006000 3d8:ad14e 144134765124035940     /work2/11056/zwu/frontera/miniconda3/envs/libyt/lib/python3.13/site-packages/yt/utilities/lib/_octree_raytracing.cpython-313-x86_64-linux-gnu.so
2adb285ce000-2adb285d5000 r--p 00023000 3d8:ad14e 144134765124035940     /work2/11056/zwu/frontera/miniconda3/envs/libyt/lib/python3.13/site-packages/yt/utilities/lib/_octree_raytracing.cpython-313-x86_64-linux-gnu.so
2adb285d5000-2adb285d6000 r--p 0002a000 3d8:ad14e 144134765124035940     /work2/11056/zwu/frontera/miniconda3/envs/libyt/lib/python3.13/site-packages/yt/utilities/lib/_octree_raytracing.cpython-313-x86_64-linux-gnu.so
2adb285d6000-2adb285d8000 rw-p 0002b000 3d8:ad14e 144134765124035940     /work2/11056/zwu/frontera/miniconda3/envs/libyt/lib/python3.13/site-packages/yt/utilities/lib/_octree_raytracing.cpython-313-x86_64-linux-gnu.so
2adb285d8000-2adb285de000 r--p 00000000 3d8:ad14e 144134765124035605     /work2/11056/zwu/frontera/miniconda3/envs/libyt/lib/python3.13/site-packages/yt/utilities/lib/lenses.cpython-313-x86_64-linux-gnu.so
2adb285de000-2adb285f8000 r-xp 00006000 3d8:ad14e 144134765124035605     /work2/11056/zwu/frontera/miniconda3/envs/libyt/lib/python3.13/site-packages/yt/utilities/lib/lenses.cpython-313-x86_64-linux-gnu.so
2adb285f8000-2adb285fd000 r--p 00020000 3d8:ad14e 144134765124035605     /work2/11056/zwu/frontera/miniconda3/envs/libyt/lib/python3.13/site-packages/yt/utilities/lib/lenses.cpython-313-x86_64-linux-gnu.so
2adb285fd000-2adb285fe000 r--p 00025000 3d8:ad14e 144134765124035605     /work2/11056/zwu/frontera/miniconda3/envs/libyt/lib/python3.13/site-packages/yt/utilities/lib/lenses.cpython-313-x86_64-linux-gnu.so
2adb285fe000-2adb285ff000 rw-p 00026000 3d8:ad14e 144134765124035605     /work2/11056/zwu/frontera/miniconda3/envs/libyt/lib/python3.13/site-packages/yt/utilities/lib/lenses.cpython-313-x86_64-linux-gnu.so
2adb285ff000-2adb28600000 rw-p 00000000 00:00 0 
2adb28600000-2adb28607000 r--p 00000000 3d8:ad14e 144134765124035462     /work2/11056/zwu/frontera/miniconda3/envs/libyt/lib/python3.13/site-packages/yt/utilities/lib/grid_traversal.cpython-313-x86_64-linux-gnu.so
2adb28607000-2adb2862c000 r-xp 00007000 3d8:ad14e 144134765124035462     /work2/11056/zwu/frontera/miniconda3/envs/libyt/lib/python3.13/site-packages/yt/utilities/lib/grid_traversal.cpython-313-x86_64-linux-gnu.so
2adb2862c000-2adb28634000 r--p 0002c000 3d8:ad14e 144134765124035462     /work2/11056/zwu/frontera/miniconda3/envs/libyt/lib/python3.13/site-packages/yt/utilities/lib/grid_traversal.cpython-313-x86_64-linux-gnu.so
2adb28634000-2adb28635000 r--p 00033000 3d8:ad14e 144134765124035462     /work2/11056/zwu/frontera/miniconda3/envs/libyt/lib/python3.13/site-packages/yt/utilities/lib/grid_traversal.cpython-313-x86_64-linux-gnu.so
2adb28635000-2adb28637000 rw-p 00034000 3d8:ad14e 144134765124035462     /work2/11056/zwu/frontera/miniconda3/envs/libyt/lib/python3.13/site-packages/yt/utilities/lib/grid_traversal.cpython-313-x86_64-linux-gnu.so
2adb28637000-2adb2863d000 r--p 00000000 3d8:ad14e 144134765124036044     /work2/11056/zwu/frontera/miniconda3/envs/libyt/lib/python3.13/site-packages/yt/utilities/lib/fnv_hash.cpython-313-x86_64-linux-gnu.so
2adb2863d000-2adb28659000 r-xp 00006000 3d8:ad14e 144134765124036044     /work2/11056/zwu/frontera/miniconda3/envs/libyt/lib/python3.13/site-packages/yt/utilities/lib/fnv_hash.cpython-313-x86_64-linux-gnu.so
2adb28659000-2adb28660000 r--p 00022000 3d8:ad14e 144134765124036044     /work2/11056/zwu/frontera/miniconda3/envs/libyt/lib/python3.13/site-packages/yt/utilities/lib/fnv_hash.cpython-313-x86_64-linux-gnu.so
2adb28660000-2adb28661000 r--p 00028000 3d8:ad14e 144134765124036044     /work2/11056/zwu/frontera/miniconda3/envs/libyt/lib/python3.13/site-packages/yt/utilities/lib/fnv_hash.cpython-313-x86_64-linux-gnu.so
2adb28661000-2adb28663000 rw-p 00029000 3d8:ad14e 144134765124036044     /work2/11056/zwu/frontera/miniconda3/envs/libyt/lib/python3.13/site-packages/yt/utilities/lib/fnv_hash.cpython-313-x86_64-linux-gnu.so
2adb28663000-2adb2866c000 r--p 00000000 3d8:ad14e 144134765124036525     /work2/11056/zwu/frontera/miniconda3/envs/libyt/lib/python3.13/site-packages/yt/utilities/lib/misc_utilities.cpython-313-x86_64-linux-gnu.so
2adb2866c000-2adb286cc000 r-xp 00009000 3d8:ad14e 144134765124036525     /work2/11056/zwu/frontera/miniconda3/envs/libyt/lib/python3.13/site-packages/yt/utilities/lib/misc_utilities.cpython-313-x86_64-linux-gnu.so
2adb286cc000-2adb286d7000 r--p 00069000 3d8:ad14e 144134765124036525     /work2/11056/zwu/frontera/miniconda3/envs/libyt/lib/python3.13/site-packages/yt/utilities/lib/misc_utilities.cpython-313-x86_64-linux-gnu.so
2adb286d7000-2adb286d9000 r--p 00073000 3d8:ad14e 144134765124036525     /work2/11056/zwu/frontera/miniconda3/envs/libyt/lib/python3.13/site-packages/yt/utilities/lib/misc_utilities.cpython-313-x86_64-linux-gnu.so
2adb286d9000-2adb286db000 rw-p 00075000 3d8:ad14e 144134765124036525     /work2/11056/zwu/frontera/miniconda3/envs/libyt/lib/python3.13/site-packages/yt/utilities/lib/misc_utilities.cpython-313-x86_64-linux-gnu.so
2adb286db000-2adb286dd000 rw-p 00000000 00:00 0 
2adb286dd000-2adb286e4000 r--p 00000000 3d8:ad14e 144134765124035740     /work2/11056/zwu/frontera/miniconda3/envs/libyt/lib/python3.13/site-packages/yt/utilities/lib/particle_mesh_operations.cpython-313-x86_64-linux-gnu.so
2adb286e4000-2adb28714000 r-xp 00007000 3d8:ad14e 144134765124035740     /work2/11056/zwu/frontera/miniconda3/envs/libyt/lib/python3.13/site-packages/yt/utilities/lib/particle_mesh_operations.cpython-313-x86_64-linux-gnu.so
2adb28714000-2adb2871c000 r--p 00037000 3d8:ad14e 144134765124035740     /work2/11056/zwu/frontera/miniconda3/envs/libyt/lib/python3.13/site-packages/yt/utilities/lib/particle_mesh_operations.cpython-313-x86_64-linux-gnu.so
2adb2871c000-2adb2871d000 r--p 0003f000 3d8:ad14e 144134765124035740     /work2/11056/zwu/frontera/miniconda3/envs/libyt/lib/python3.13/site-packages/yt/utilities/lib/particle_mesh_operations.cpython-313-x86_64-linux-gnu.so
2adb2871d000-2adb2871f000 rw-p 00040000 3d8:ad14e 144134765124035740     /work2/11056/zwu/frontera/miniconda3/envs/libyt/lib/python3.13/site-packages/yt/utilities/lib/particle_mesh_operations.cpython-313-x86_64-linux-gnu.so
2adb2871f000-2adb28720000 rw-p 00000000 00:00 0 
2adb28720000-2adb28727000 r--p 00000000 3d8:ad14e 144134765124036749     /work2/11056/zwu/frontera/miniconda3/envs/libyt/lib/python3.13/site-packages/yt/utilities/lib/image_utilities.cpython-313-x86_64-linux-gnu.so
2adb28727000-2adb28756000 r-xp 00007000 3d8:ad14e 144134765124036749     /work2/11056/zwu/frontera/miniconda3/envs/libyt/lib/python3.13/site-packages/yt/utilities/lib/image_utilities.cpython-313-x86_64-linux-gnu.so
2adb28756000-2adb2875e000 r--p 00036000 3d8:ad14e 144134765124036749     /work2/11056/zwu/frontera/miniconda3/envs/libyt/lib/python3.13/site-packages/yt/utilities/lib/image_utilities.cpython-313-x86_64-linux-gnu.so
2adb2875e000-2adb2875f000 r--p 0003e000 3d8:ad14e 144134765124036749     /work2/11056/zwu/frontera/miniconda3/envs/libyt/lib/python3.13/site-packages/yt/utilities/lib/image_utilities.cpython-313-x86_64-linux-gnu.so
2adb2875f000-2adb28761000 rw-p 0003f000 3d8:ad14e 144134765124036749     /work2/11056/zwu/frontera/miniconda3/envs/libyt/lib/python3.13/site-packages/yt/utilities/lib/image_utilities.cpython-313-x86_64-linux-gnu.so
2adb28761000-2adb28861000 rw-p 00000000 00:00 0 
2adb28861000-2adb28866000 r--p 00000000 3d8:ad14e 144134765124011883     /work2/11056/zwu/frontera/miniconda3/envs/libyt/lib/python3.13/lib-dynload/_socket.cpython-313-x86_64-linux-gnu.so
2adb28866000-2adb2886f000 r-xp 00005000 3d8:ad14e 144134765124011883     /work2/11056/zwu/frontera/miniconda3/envs/libyt/lib/python3.13/lib-dynload/_socket.cpython-313-x86_64-linux-gnu.so
2adb2886f000-2adb28878000 r--p 0000e000 3d8:ad14e 144134765124011883     /work2/11056/zwu/frontera/miniconda3/envs/libyt/lib/python3.13/lib-dynload/_socket.cpython-313-x86_64-linux-gnu.so
2adb28878000-2adb28879000 r--p 00016000 3d8:ad14e 144134765124011883     /work2/11056/zwu/frontera/miniconda3/envs/libyt/lib/python3.13/lib-dynload/_socket.cpython-313-x86_64-linux-gnu.so
2adb28879000-2adb2887a000 rw-p 00017000 3d8:ad14e 144134765124011883     /work2/11056/zwu/frontera/miniconda3/envs/libyt/lib/python3.13/lib-dynload/_socket.cpython-313-x86_64-linux-gnu.so
2adb2887a000-2adb2887f000 r--p 00000000 3d8:ad14e 144134765124013545     /work2/11056/zwu/frontera/miniconda3/envs/libyt/lib/python3.13/lib-dynload/pyexpat.cpython-313-x86_64-linux-gnu.so
2adb2887f000-2adb28884000 r-xp 00005000 3d8:ad14e 144134765124013545     /work2/11056/zwu/frontera/miniconda3/envs/libyt/lib/python3.13/lib-dynload/pyexpat.cpython-313-x86_64-linux-gnu.so
2adb28884000-2adb28888000 r--p 0000a000 3d8:ad14e 144134765124013545     /work2/11056/zwu/frontera/miniconda3/envs/libyt/lib/python3.13/lib-dynload/pyexpat.cpython-313-x86_64-linux-gnu.so
2adb28888000-2adb28889000 r--p 0000e000 3d8:ad14e 144134765124013545     /work2/11056/zwu/frontera/miniconda3/envs/libyt/lib/python3.13/lib-dynload/pyexpat.cpython-313-x86_64-linux-gnu.so
2adb28889000-2adb2888b000 rw-p 0000f000 3d8:ad14e 144134765124013545     /work2/11056/zwu/frontera/miniconda3/envs/libyt/lib/python3.13/lib-dynload/pyexpat.cpython-313-x86_64-linux-gnu.so
2adb2888b000-2adb2888f000 r--p 00000000 3d8:ad14e 144134765124010281     /work2/11056/zwu/frontera/miniconda3/envs/libyt/lib/libexpat.so.1.11.3
2adb2888f000-2adb288ac000 r-xp 00004000 3d8:ad14e 144134765124010281     /work2/11056/zwu/frontera/miniconda3/envs/libyt/lib/libexpat.so.1.11.3
2adb288ac000-2adb288b4000 r--p 00021000 3d8:ad14e 144134765124010281     /work2/11056/zwu/frontera/miniconda3/envs/libyt/lib/libexpat.so.1.11.3
2adb288b4000-2adb288b6000 r--p 00029000 3d8:ad14e 144134765124010281     /work2/11056/zwu/frontera/miniconda3/envs/libyt/lib/libexpat.so.1.11.3
2adb288b6000-2adb288b7000 rw-p 0002b000 3d8:ad14e 144134765124010281     /work2/11056/zwu/frontera/miniconda3/envs/libyt/lib/libexpat.so.1.11.3
2adb288b7000-2adb28fb7000 rw-p 00000000 00:00 0 
2adb28fb7000-2adb28fbc000 r--p 00000000 3d8:ad14e 144134765124036458     /work2/11056/zwu/frontera/miniconda3/envs/libyt/lib/python3.13/site-packages/yt/utilities/lib/quad_tree.cpython-313-x86_64-linux-gnu.so
2adb28fbc000-2adb28fd5000 r-xp 00005000 3d8:ad14e 144134765124036458     /work2/11056/zwu/frontera/miniconda3/envs/libyt/lib/python3.13/site-packages/yt/utilities/lib/quad_tree.cpython-313-x86_64-linux-gnu.so
2adb28fd5000-2adb28fda000 r--p 0001e000 3d8:ad14e 144134765124036458     /work2/11056/zwu/frontera/miniconda3/envs/libyt/lib/python3.13/site-packages/yt/utilities/lib/quad_tree.cpython-313-x86_64-linux-gnu.so
2adb28fda000-2adb28fdb000 r--p 00023000 3d8:ad14e 144134765124036458     /work2/11056/zwu/frontera/miniconda3/envs/libyt/lib/python3.13/site-packages/yt/utilities/lib/quad_tree.cpython-313-x86_64-linux-gnu.so
2adb28fdb000-2adb28fdc000 rw-p 00024000 3d8:ad14e 144134765124036458     /work2/11056/zwu/frontera/miniconda3/envs/libyt/lib/python3.13/site-packages/yt/utilities/lib/quad_tree.cpython-313-x86_64-linux-gnu.so
2adb28fdc000-2adb28fdd000 rw-p 00000000 00:00 0 
2adb28fdd000-2adb28fe5000 r--p 00000000 3d8:ad14e 144134765124034768     /work2/11056/zwu/frontera/miniconda3/envs/libyt/lib/python3.13/site-packages/yt/geometry/grid_container.cpython-313-x86_64-linux-gnu.so
2adb28fe5000-2adb2901b000 r-xp 00008000 3d8:ad14e 144134765124034768     /work2/11056/zwu/frontera/miniconda3/envs/libyt/lib/python3.13/site-packages/yt/geometry/grid_container.cpython-313-x86_64-linux-gnu.so
2adb2901b000-2adb29025000 r--p 0003e000 3d8:ad14e 144134765124034768     /work2/11056/zwu/frontera/miniconda3/envs/libyt/lib/python3.13/site-packages/yt/geometry/grid_container.cpython-313-x86_64-linux-gnu.so
2adb29025000-2adb29027000 r--p 00047000 3d8:ad14e 144134765124034768     /work2/11056/zwu/frontera/miniconda3/envs/libyt/lib/python3.13/site-packages/yt/geometry/grid_container.cpython-313-x86_64-linux-gnu.so
2adb29027000-2adb2902a000 rw-p 00049000 3d8:ad14e 144134765124034768     /work2/11056/zwu/frontera/miniconda3/envs/libyt/lib/python3.13/site-packages/yt/geometry/grid_container.cpython-313-x86_64-linux-gnu.so
2adb2902a000-2adb2902b000 rw-p 00000000 00:00 0 
2adb2902b000-2adb29033000 r--p 00000000 3d8:ad14e 144134765124035387     /work2/11056/zwu/frontera/miniconda3/envs/libyt/lib/python3.13/site-packages/yt/utilities/lib/amr_kdtools.cpython-313-x86_64-linux-gnu.so
2adb29033000-2adb2907d000 r-xp 00008000 3d8:ad14e 144134765124035387     /work2/11056/zwu/frontera/miniconda3/envs/libyt/lib/python3.13/site-packages/yt/utilities/lib/amr_kdtools.cpython-313-x86_64-linux-gnu.so
2adb2907d000-2adb29088000 r--p 00052000 3d8:ad14e 144134765124035387     /work2/11056/zwu/frontera/miniconda3/envs/libyt/lib/python3.13/site-packages/yt/utilities/lib/amr_kdtools.cpython-313-x86_64-linux-gnu.so
2adb29088000-2adb29089000 r--p 0005d000 3d8:ad14e 144134765124035387     /work2/11056/zwu/frontera/miniconda3/envs/libyt/lib/python3.13/site-packages/yt/utilities/lib/amr_kdtools.cpython-313-x86_64-linux-gnu.so
2adb29089000-2adb2908c000 rw-p 0005e000 3d8:ad14e 144134765124035387     /work2/11056/zwu/frontera/miniconda3/envs/libyt/lib/python3.13/site-packages/yt/utilities/lib/amr_kdtools.cpython-313-x86_64-linux-gnu.so
2adb2908c000-2adb2908d000 rw-p 00000000 00:00 0 
2adb2908d000-2adb29091000 r--p 00000000 3d8:ad14e 144134765124035190     /work2/11056/zwu/frontera/miniconda3/envs/libyt/lib/python3.13/site-packages/yt/utilities/lib/marching_cubes.cpython-313-x86_64-linux-gnu.so
2adb29091000-2adb2909f000 r-xp 00004000 3d8:ad14e 144134765124035190     /work2/11056/zwu/frontera/miniconda3/envs/libyt/lib/python3.13/site-packages/yt/utilities/lib/marching_cubes.cpython-313-x86_64-linux-gnu.so
2adb2909f000-2adb290a3000 r--p 00012000 3d8:ad14e 144134765124035190     /work2/11056/zwu/frontera/miniconda3/envs/libyt/lib/python3.13/site-packages/yt/utilities/lib/marching_cubes.cpython-313-x86_64-linux-gnu.so
2adb290a3000-2adb290a4000 r--p 00015000 3d8:ad14e 144134765124035190     /work2/11056/zwu/frontera/miniconda3/envs/libyt/lib/python3.13/site-packages/yt/utilities/lib/marching_cubes.cpython-313-x86_64-linux-gnu.so
2adb290a4000-2adb290a9000 rw-p 00016000 3d8:ad14e 144134765124035190     /work2/11056/zwu/frontera/miniconda3/envs/libyt/lib/python3.13/site-packages/yt/utilities/lib/marching_cubes.cpython-313-x86_64-linux-gnu.so
2adb290a9000-2adb291a9000 rw-p 00000000 00:00 0 
2adb291a9000-2adb291b2000 r--p 00000000 3d8:ad14e 144134765124035333     /work2/11056/zwu/frontera/miniconda3/envs/libyt/lib/python3.13/site-packages/yt/geometry/particle_deposit.cpython-313-x86_64-linux-gnu.so
2adb291b2000-2adb291f1000 r-xp 00009000 3d8:ad14e 144134765124035333     /work2/11056/zwu/frontera/miniconda3/envs/libyt/lib/python3.13/site-packages/yt/geometry/particle_deposit.cpython-313-x86_64-linux-gnu.so
2adb291f1000-2adb291fd000 r--p 00048000 3d8:ad14e 144134765124035333     /work2/11056/zwu/frontera/miniconda3/envs/libyt/lib/python3.13/site-packages/yt/geometry/particle_deposit.cpython-313-x86_64-linux-gnu.so
2adb291fd000-2adb291ff000 r--p 00053000 3d8:ad14e 144134765124035333     /work2/11056/zwu/frontera/miniconda3/envs/libyt/lib/python3.13/site-packages/yt/geometry/particle_deposit.cpython-313-x86_64-linux-gnu.so
2adb291ff000-2adb29203000 rw-p 00055000 3d8:ad14e 144134765124035333     /work2/11056/zwu/frontera/miniconda3/envs/libyt/lib/python3.13/site-packages/yt/geometry/particle_deposit.cpython-313-x86_64-linux-gnu.so
2adb29203000-2adb29204000 rw-p 00000000 00:00 0 
2adb29204000-2adb29208000 r--p 00000000 3d8:ad14e 144134765124034726     /work2/11056/zwu/frontera/miniconda3/envs/libyt/lib/python3.13/site-packages/yt/utilities/lib/interpolators.cpython-313-x86_64-linux-gnu.so
2adb29208000-2adb2921c000 r-xp 00004000 3d8:ad14e 144134765124034726     /work2/11056/zwu/frontera/miniconda3/envs/libyt/lib/python3.13/site-packages/yt/utilities/lib/interpolators.cpython-313-x86_64-linux-gnu.so
2adb2921c000-2adb29220000 r--p 00018000 3d8:ad14e 144134765124034726     /work2/11056/zwu/frontera/miniconda3/envs/libyt/lib/python3.13/site-packages/yt/utilities/lib/interpolators.cpython-313-x86_64-linux-gnu.so
2adb29220000-2adb29221000 r--p 0001b000 3d8:ad14e 144134765124034726     /work2/11056/zwu/frontera/miniconda3/envs/libyt/lib/python3.13/site-packages/yt/utilities/lib/interpolators.cpython-313-x86_64-linux-gnu.so
2adb29221000-2adb29222000 rw-p 0001c000 3d8:ad14e 144134765124034726     /work2/11056/zwu/frontera/miniconda3/envs/libyt/lib/python3.13/site-packages/yt/utilities/lib/interpolators.cpython-313-x86_64-linux-gnu.so
2adb29222000-2adb29228000 r--p 00000000 3d8:ad14e 144134765124036547     /work2/11056/zwu/frontera/miniconda3/envs/libyt/lib/python3.13/site-packages/yt/utilities/lib/mesh_utilities.cpython-313-x86_64-linux-gnu.so
2adb29228000-2adb29249000 r-xp 00006000 3d8:ad14e 144134765124036547     /work2/11056/zwu/frontera/miniconda3/envs/libyt/lib/python3.13/site-packages/yt/utilities/lib/mesh_utilities.cpython-313-x86_64-linux-gnu.so
2adb29249000-2adb29250000 r--p 00027000 3d8:ad14e 144134765124036547     /work2/11056/zwu/frontera/miniconda3/envs/libyt/lib/python3.13/site-packages/yt/utilities/lib/mesh_utilities.cpython-313-x86_64-linux-gnu.so
2adb29250000-2adb29251000 r--p 0002e000 3d8:ad14e 144134765124036547     /work2/11056/zwu/frontera/miniconda3/envs/libyt/lib/python3.13/site-packages/yt/utilities/lib/mesh_utilities.cpython-313-x86_64-linux-gnu.so
2adb29251000-2adb29253000 rw-p 0002f000 3d8:ad14e 144134765124036547     /work2/11056/zwu/frontera/miniconda3/envs/libyt/lib/python3.13/site-packages/yt/utilities/lib/mesh_utilities.cpython-313-x86_64-linux-gnu.so
2adb29253000-2adb2925b000 r--p 00000000 3d8:ad14e 144134765124035212     /work2/11056/zwu/frontera/miniconda3/envs/libyt/lib/python3.13/site-packages/yt/geometry/particle_smooth.cpython-313-x86_64-linux-gnu.so
2adb2925b000-2adb29299000 r-xp 00008000 3d8:ad14e 144134765124035212     /work2/11056/zwu/frontera/miniconda3/envs/libyt/lib/python3.13/site-packages/yt/geometry/particle_smooth.cpython-313-x86_64-linux-gnu.so
2adb29299000-2adb292a3000 r--p 00046000 3d8:ad14e 144134765124035212     /work2/11056/zwu/frontera/miniconda3/envs/libyt/lib/python3.13/site-packages/yt/geometry/particle_smooth.cpython-313-x86_64-linux-gnu.so
2adb292a3000-2adb292a5000 r--p 0004f000 3d8:ad14e 144134765124035212     /work2/11056/zwu/frontera/miniconda3/envs/libyt/lib/python3.13/site-packages/yt/geometry/particle_smooth.cpython-313-x86_64-linux-gnu.so
2adb292a5000-2adb292a8000 rw-p 00051000 3d8:ad14e 144134765124035212     /work2/11056/zwu/frontera/miniconda3/envs/libyt/lib/python3.13/site-packages/yt/geometry/particle_smooth.cpython-313-x86_64-linux-gnu.so
2adb292a8000-2adb292a9000 rw-p 00000000 00:00 0 
2adb292a9000-2adb292af000 r--p 00000000 3d8:ad14e 144134765124036355     /work2/11056/zwu/frontera/miniconda3/envs/libyt/lib/python3.13/site-packages/yt/utilities/lib/distance_queue.cpython-313-x86_64-linux-gnu.so
2adb292af000-2adb292ce000 r-xp 00006000 3d8:ad14e 144134765124036355     /work2/11056/zwu/frontera/miniconda3/envs/libyt/lib/python3.13/site-packages/yt/utilities/lib/distance_queue.cpython-313-x86_64-linux-gnu.so
2adb292ce000-2adb292d6000 r--p 00025000 3d8:ad14e 144134765124036355     /work2/11056/zwu/frontera/miniconda3/envs/libyt/lib/python3.13/site-packages/yt/utilities/lib/distance_queue.cpython-313-x86_64-linux-gnu.so
2adb292d6000-2adb292d7000 r--p 0002c000 3d8:ad14e 144134765124036355     /work2/11056/zwu/frontera/miniconda3/envs/libyt/lib/python3.13/site-packages/yt/utilities/lib/distance_queue.cpython-313-x86_64-linux-gnu.so
2adb292d7000-2adb292d9000 rw-p 0002d000 3d8:ad14e 144134765124036355     /work2/11056/zwu/frontera/miniconda3/envs/libyt/lib/python3.13/site-packages/yt/utilities/lib/distance_queue.cpython-313-x86_64-linux-gnu.so
2adb292d9000-2adb292da000 rw-p 00000000 00:00 0 
2adb292da000-2adb292e6000 r--p 00000000 3d8:ad14e 144134765124036623     /work2/11056/zwu/frontera/miniconda3/envs/libyt/lib/python3.13/site-packages/yt/geometry/particle_oct_container.cpython-313-x86_64-linux-gnu.so
2adb292e6000-2adb29381000 r-xp 0000c000 3d8:ad14e 144134765124036623     /work2/11056/zwu/frontera/miniconda3/envs/libyt/lib/python3.13/site-packages/yt/geometry/particle_oct_container.cpython-313-x86_64-linux-gnu.so
2adb29381000-2adb29395000 r--p 000a7000 3d8:ad14e 144134765124036623     /work2/11056/zwu/frontera/miniconda3/envs/libyt/lib/python3.13/site-packages/yt/geometry/particle_oct_container.cpython-313-x86_64-linux-gnu.so
2adb29395000-2adb29397000 r--p 000ba000 3d8:ad14e 144134765124036623     /work2/11056/zwu/frontera/miniconda3/envs/libyt/lib/python3.13/site-packages/yt/geometry/particle_oct_container.cpython-313-x86_64-linux-gnu.so
2adb29397000-2adb2939b000 rw-p 000bc000 3d8:ad14e 144134765124036623     /work2/11056/zwu/frontera/miniconda3/envs/libyt/lib/python3.13/site-packages/yt/geometry/particle_oct_container.cpython-313-x86_64-linux-gnu.so
2adb2939b000-2adb2939d000 rw-p 00000000 00:00 0 
2adb2939d000-2adb293a8000 r--p 00000000 3d8:ad14e 144131832097572340     /work2/11056/zwu/frontera/miniconda3/envs/libyt/lib/python3.13/site-packages/ewah_bool_utils/ewah_bool_wrap.cpython-313-x86_64-linux-gnu.so
2adb293a8000-2adb293f6000 r-xp 0000b000 3d8:ad14e 144131832097572340     /work2/11056/zwu/frontera/miniconda3/envs/libyt/lib/python3.13/site-packages/ewah_bool_utils/ewah_bool_wrap.cpython-313-x86_64-linux-gnu.so
2adb293f6000-2adb29406000 r--p 00059000 3d8:ad14e 144131832097572340     /work2/11056/zwu/frontera/miniconda3/envs/libyt/lib/python3.13/site-packages/ewah_bool_utils/ewah_bool_wrap.cpython-313-x86_64-linux-gnu.so
2adb29406000-2adb29408000 r--p 00069000 3d8:ad14e 144131832097572340     /work2/11056/zwu/frontera/miniconda3/envs/libyt/lib/python3.13/site-packages/ewah_bool_utils/ewah_bool_wrap.cpython-313-x86_64-linux-gnu.so
2adb29408000-2adb2940b000 rw-p 0006b000 3d8:ad14e 144131832097572340     /work2/11056/zwu/frontera/miniconda3/envs/libyt/lib/python3.13/site-packages/ewah_bool_utils/ewah_bool_wrap.cpython-313-x86_64-linux-gnu.so
2adb2940b000-2adb2940d000 rw-p 00000000 00:00 0 
2adb2940d000-2adb29412000 r--p 00000000 3d8:ad14e 144131832097572337     /work2/11056/zwu/frontera/miniconda3/envs/libyt/lib/python3.13/site-packages/ewah_bool_utils/morton_utils.cpython-313-x86_64-linux-gnu.so
2adb29412000-2adb29428000 r-xp 00005000 3d8:ad14e 144131832097572337     /work2/11056/zwu/frontera/miniconda3/envs/libyt/lib/python3.13/site-packages/ewah_bool_utils/morton_utils.cpython-313-x86_64-linux-gnu.so
2adb29428000-2adb2942d000 r--p 0001b000 3d8:ad14e 144131832097572337     /work2/11056/zwu/frontera/miniconda3/envs/libyt/lib/python3.13/site-packages/ewah_bool_utils/morton_utils.cpython-313-x86_64-linux-gnu.so
2adb2942d000-2adb2942e000 r--p 00020000 3d8:ad14e 144131832097572337     /work2/11056/zwu/frontera/miniconda3/envs/libyt/lib/python3.13/site-packages/ewah_bool_utils/morton_utils.cpython-313-x86_64-linux-gnu.so
2adb2942e000-2adb2942f000 rw-p 00021000 3d8:ad14e 144131832097572337     /work2/11056/zwu/frontera/miniconda3/envs/libyt/lib/python3.13/site-packages/ewah_bool_utils/morton_utils.cpython-313-x86_64-linux-gnu.so
2adb2942f000-2adb29530000 rw-p 00000000 00:00 0 
2adb29530000-2adb29539000 r--p 00000000 3d8:ad14e 144134765124036053     /work2/11056/zwu/frontera/miniconda3/envs/libyt/lib/python3.13/site-packages/yt/utilities/lib/geometry_utils.cpython-313-x86_64-linux-gnu.so
2adb29539000-2adb295d9000 r-xp 00009000 3d8:ad14e 144134765124036053     /work2/11056/zwu/frontera/miniconda3/envs/libyt/lib/python3.13/site-packages/yt/utilities/lib/geometry_utils.cpython-313-x86_64-linux-gnu.so
2adb295d9000-2adb295e6000 r--p 000a9000 3d8:ad14e 144134765124036053     /work2/11056/zwu/frontera/miniconda3/envs/libyt/lib/python3.13/site-packages/yt/utilities/lib/geometry_utils.cpython-313-x86_64-linux-gnu.so
2adb295e6000-2adb295e8000 r--p 000b5000 3d8:ad14e 144134765124036053     /work2/11056/zwu/frontera/miniconda3/envs/libyt/lib/python3.13/site-packages/yt/utilities/lib/geometry_utils.cpython-313-x86_64-linux-gnu.so
2adb295e8000-2adb295ea000 rw-p 000b7000 3d8:ad14e 144134765124036053     /work2/11056/zwu/frontera/miniconda3/envs/libyt/lib/python3.13/site-packages/yt/utilities/lib/geometry_utils.cpython-313-x86_64-linux-gnu.so
2adb295ea000-2adb295ec000 rw-p 00000000 00:00 0 
2adb295ec000-2adb295f6000 r--p 00000000 3d8:ad14e 144134765124036802     /work2/11056/zwu/frontera/miniconda3/envs/libyt/lib/python3.13/site-packages/yt/utilities/lib/pixelization_routines.cpython-313-x86_64-linux-gnu.so
2adb295f6000-2adb2969c000 r-xp 0000a000 3d8:ad14e 144134765124036802     /work2/11056/zwu/frontera/miniconda3/envs/libyt/lib/python3.13/site-packages/yt/utilities/lib/pixelization_routines.cpython-313-x86_64-linux-gnu.so
2adb2969c000-2adb296aa000 r--p 000b0000 3d8:ad14e 144134765124036802     /work2/11056/zwu/frontera/miniconda3/envs/libyt/lib/python3.13/site-packages/yt/utilities/lib/pixelization_routines.cpython-313-x86_64-linux-gnu.so
2adb296aa000-2adb296ac000 r--p 000bd000 3d8:ad14e 144134765124036802     /work2/11056/zwu/frontera/miniconda3/envs/libyt/lib/python3.13/site-packages/yt/utilities/lib/pixelization_routines.cpython-313-x86_64-linux-gnu.so
2adb296ac000-2adb296ae000 rw-p 000bf000 3d8:ad14e 144134765124036802     /work2/11056/zwu/frontera/miniconda3/envs/libyt/lib/python3.13/site-packages/yt/utilities/lib/pixelization_routines.cpython-313-x86_64-linux-gnu.so
2adb296ae000-2adb296b0000 rw-p 00000000 00:00 0 
2adb296b0000-2adb296b8000 r--p 00000000 3d8:ad14e 144134765124034210     /work2/11056/zwu/frontera/miniconda3/envs/libyt/lib/python3.13/site-packages/yt/utilities/lib/element_mappings.cpython-313-x86_64-linux-gnu.so
2adb296b8000-2adb296f5000 r-xp 00008000 3d8:ad14e 144134765124034210     /work2/11056/zwu/frontera/miniconda3/envs/libyt/lib/python3.13/site-packages/yt/utilities/lib/element_mappings.cpython-313-x86_64-linux-gnu.so
2adb296f5000-2adb29701000 r--p 00045000 3d8:ad14e 144134765124034210     /work2/11056/zwu/frontera/miniconda3/envs/libyt/lib/python3.13/site-packages/yt/utilities/lib/element_mappings.cpython-313-x86_64-linux-gnu.so
2adb29701000-2adb29702000 r--p 00051000 3d8:ad14e 144134765124034210     /work2/11056/zwu/frontera/miniconda3/envs/libyt/lib/python3.13/site-packages/yt/utilities/lib/element_mappings.cpython-313-x86_64-linux-gnu.so
2adb29702000-2adb29706000 rw-p 00052000 3d8:ad14e 144134765124034210     /work2/11056/zwu/frontera/miniconda3/envs/libyt/lib/python3.13/site-packages/yt/utilities/lib/element_mappings.cpython-313-x86_64-linux-gnu.so
2adb29706000-2adb29707000 rw-p 00000000 00:00 0 
2adb29707000-2adb29709000 r--p 00000000 3d8:ad14e 144134765124036546     /work2/11056/zwu/frontera/miniconda3/envs/libyt/lib/python3.13/site-packages/yt/utilities/lib/autogenerated_element_samplers.cpython-313-x86_64-linux-gnu.so
2adb29709000-2adb2970d000 r-xp 00002000 3d8:ad14e 144134765124036546     /work2/11056/zwu/frontera/miniconda3/envs/libyt/lib/python3.13/site-packages/yt/utilities/lib/autogenerated_element_samplers.cpython-313-x86_64-linux-gnu.so
2adb2970d000-2adb2970e000 r--p 00006000 3d8:ad14e 144134765124036546     /work2/11056/zwu/frontera/miniconda3/envs/libyt/lib/python3.13/site-packages/yt/utilities/lib/autogenerated_element_samplers.cpython-313-x86_64-linux-gnu.so
2adb2970e000-2adb2970f000 r--p 00006000 3d8:ad14e 144134765124036546     /work2/11056/zwu/frontera/miniconda3/envs/libyt/lib/python3.13/site-packages/yt/utilities/lib/autogenerated_element_samplers.cpython-313-x86_64-linux-gnu.so
2adb2970f000-2adb29710000 rw-p 00007000 3d8:ad14e 144134765124036546     /work2/11056/zwu/frontera/miniconda3/envs/libyt/lib/python3.13/site-packages/yt/utilities/lib/autogenerated_element_samplers.cpython-313-x86_64-linux-gnu.so
2adb29710000-2adb29717000 r--p 00000000 3d8:ad14e 144134765124036309     /work2/11056/zwu/frontera/miniconda3/envs/libyt/lib/python3.13/site-packages/yt/utilities/lib/bounded_priority_queue.cpython-313-x86_64-linux-gnu.so
2adb29717000-2adb2973e000 r-xp 00007000 3d8:ad14e 144134765124036309     /work2/11056/zwu/frontera/miniconda3/envs/libyt/lib/python3.13/site-packages/yt/utilities/lib/bounded_priority_queue.cpython-313-x86_64-linux-gnu.so
2adb2973e000-2adb29746000 r--p 0002e000 3d8:ad14e 144134765124036309     /work2/11056/zwu/frontera/miniconda3/envs/libyt/lib/python3.13/site-packages/yt/utilities/lib/bounded_priority_queue.cpython-313-x86_64-linux-gnu.so
2adb29746000-2adb29747000 r--p 00036000 3d8:ad14e 144134765124036309     /work2/11056/zwu/frontera/miniconda3/envs/libyt/lib/python3.13/site-packages/yt/utilities/lib/bounded_priority_queue.cpython-313-x86_64-linux-gnu.so
2adb29747000-2adb29749000 rw-p 00037000 3d8:ad14e 144134765124036309     /work2/11056/zwu/frontera/miniconda3/envs/libyt/lib/python3.13/site-packages/yt/utilities/lib/bounded_priority_queue.cpython-313-x86_64-linux-gnu.so
2adb29749000-2adb2974a000 rw-p 00000000 00:00 0 
2adb2974a000-2adb29753000 r--p 00000000 3d8:ad14e 144134765124036156     /work2/11056/zwu/frontera/miniconda3/envs/libyt/lib/python3.13/site-packages/yt/utilities/lib/cykdtree/kdtree.cpython-313-x86_64-linux-gnu.so
2adb29753000-2adb2978f000 r-xp 00009000 3d8:ad14e 144134765124036156     /work2/11056/zwu/frontera/miniconda3/envs/libyt/lib/python3.13/site-packages/yt/utilities/lib/cykdtree/kdtree.cpython-313-x86_64-linux-gnu.so
2adb2978f000-2adb2979b000 r--p 00045000 3d8:ad14e 144134765124036156     /work2/11056/zwu/frontera/miniconda3/envs/libyt/lib/python3.13/site-packages/yt/utilities/lib/cykdtree/kdtree.cpython-313-x86_64-linux-gnu.so
2adb2979b000-2adb2979d000 r--p 00050000 3d8:ad14e 144134765124036156     /work2/11056/zwu/frontera/miniconda3/envs/libyt/lib/python3.13/site-packages/yt/utilities/lib/cykdtree/kdtree.cpython-313-x86_64-linux-gnu.so
2adb2979d000-2adb297a0000 rw-p 00052000 3d8:ad14e 144134765124036156     /work2/11056/zwu/frontera/miniconda3/envs/libyt/lib/python3.13/site-packages/yt/utilities/lib/cykdtree/kdtree.cpython-313-x86_64-linux-gnu.so
2adb297a0000-2adb297a7000 r--p 00000000 3d8:ad14e 144134765124036969     /work2/11056/zwu/frontera/miniconda3/envs/libyt/lib/python3.13/site-packages/yt/utilities/lib/particle_kdtree_tools.cpython-313-x86_64-linux-gnu.so
2adb297a7000-2adb297cb000 r-xp 00007000 3d8:ad14e 144134765124036969     /work2/11056/zwu/frontera/miniconda3/envs/libyt/lib/python3.13/site-packages/yt/utilities/lib/particle_kdtree_tools.cpython-313-x86_64-linux-gnu.so
2adb297cb000-2adb297d3000 r--p 0002b000 3d8:ad14e 144134765124036969     /work2/11056/zwu/frontera/miniconda3/envs/libyt/lib/python3.13/site-packages/yt/utilities/lib/particle_kdtree_tools.cpython-313-x86_64-linux-gnu.so
2adb297d3000-2adb297d4000 r--p 00033000 3d8:ad14e 144134765124036969     /work2/11056/zwu/frontera/miniconda3/envs/libyt/lib/python3.13/site-packages/yt/utilities/lib/particle_kdtree_tools.cpython-313-x86_64-linux-gnu.so
2adb297d4000-2adb297d6000 rw-p 00034000 3d8:ad14e 144134765124036969     /work2/11056/zwu/frontera/miniconda3/envs/libyt/lib/python3.13/site-packages/yt/utilities/lib/particle_kdtree_tools.cpython-313-x86_64-linux-gnu.so
2adb297d6000-2adb297dd000 r--p 00000000 3d8:ad14e 144134765124036844     /work2/11056/zwu/frontera/miniconda3/envs/libyt/lib/python3.13/site-packages/yt/utilities/lib/cyoctree.cpython-313-x86_64-linux-gnu.so
2adb297dd000-2adb2980a000 r-xp 00007000 3d8:ad14e 144134765124036844     /work2/11056/zwu/frontera/miniconda3/envs/libyt/lib/python3.13/site-packages/yt/utilities/lib/cyoctree.cpython-313-x86_64-linux-gnu.so
2adb2980a000-2adb29813000 r--p 00034000 3d8:ad14e 144134765124036844     /work2/11056/zwu/frontera/miniconda3/envs/libyt/lib/python3.13/site-packages/yt/utilities/lib/cyoctree.cpython-313-x86_64-linux-gnu.so
2adb29813000-2adb29814000 r--p 0003d000 3d8:ad14e 144134765124036844     /work2/11056/zwu/frontera/miniconda3/envs/libyt/lib/python3.13/site-packages/yt/utilities/lib/cyoctree.cpython-313-x86_64-linux-gnu.so
2adb29814000-2adb29816000 rw-p 0003e000 3d8:ad14e 144134765124036844     /work2/11056/zwu/frontera/miniconda3/envs/libyt/lib/python3.13/site-packages/yt/utilities/lib/cyoctree.cpython-313-x86_64-linux-gnu.so
2adb29816000-2adb29817000 rw-p 00000000 00:00 0 
2adb29817000-2adb2981e000 r--p 00000000 3d8:ad14e 144134765124035799     /work2/11056/zwu/frontera/miniconda3/envs/libyt/lib/python3.13/site-packages/yt/utilities/lib/bounding_volume_hierarchy.cpython-313-x86_64-linux-gnu.so
2adb2981e000-2adb2983f000 r-xp 00007000 3d8:ad14e 144134765124035799     /work2/11056/zwu/frontera/miniconda3/envs/libyt/lib/python3.13/site-packages/yt/utilities/lib/bounding_volume_hierarchy.cpython-313-x86_64-linux-gnu.so
2adb2983f000-2adb29847000 r--p 00028000 3d8:ad14e 144134765124035799     /work2/11056/zwu/frontera/miniconda3/envs/libyt/lib/python3.13/site-packages/yt/utilities/lib/bounding_volume_hierarchy.cpython-313-x86_64-linux-gnu.so
2adb29847000-2adb29848000 r--p 00030000 3d8:ad14e 144134765124035799     /work2/11056/zwu/frontera/miniconda3/envs/libyt/lib/python3.13/site-packages/yt/utilities/lib/bounding_volume_hierarchy.cpython-313-x86_64-linux-gnu.so
2adb29848000-2adb2984a000 rw-p 00031000 3d8:ad14e 144134765124035799     /work2/11056/zwu/frontera/miniconda3/envs/libyt/lib/python3.13/site-packages/yt/utilities/lib/bounding_volume_hierarchy.cpython-313-x86_64-linux-gnu.so
2adb2984a000-2adb2994b000 rw-p 00000000 00:00 0 
2adb2994b000-2adb2994d000 r--p 00000000 3d8:ad14e 144134765124037060     /work2/11056/zwu/frontera/miniconda3/envs/libyt/lib/python3.13/site-packages/yt/utilities/lib/primitives.cpython-313-x86_64-linux-gnu.so
2adb2994d000-2adb29953000 r-xp 00002000 3d8:ad14e 144134765124037060     /work2/11056/zwu/frontera/miniconda3/envs/libyt/lib/python3.13/site-packages/yt/utilities/lib/primitives.cpython-313-x86_64-linux-gnu.so
2adb29953000-2adb29955000 r--p 00008000 3d8:ad14e 144134765124037060     /work2/11056/zwu/frontera/miniconda3/envs/libyt/lib/python3.13/site-packages/yt/utilities/lib/primitives.cpython-313-x86_64-linux-gnu.so
2adb29955000-2adb29956000 r--p 00009000 3d8:ad14e 144134765124037060     /work2/11056/zwu/frontera/miniconda3/envs/libyt/lib/python3.13/site-packages/yt/utilities/lib/primitives.cpython-313-x86_64-linux-gnu.so
2adb29956000-2adb29957000 rw-p 0000a000 3d8:ad14e 144134765124037060     /work2/11056/zwu/frontera/miniconda3/envs/libyt/lib/python3.13/site-packages/yt/utilities/lib/primitives.cpython-313-x86_64-linux-gnu.so
2adb29957000-2adb2995c000 r--p 00000000 3d8:ad14e 144134765124037015     /work2/11056/zwu/frontera/miniconda3/envs/libyt/lib/python3.13/site-packages/yt/utilities/lib/basic_octree.cpython-313-x86_64-linux-gnu.so
2adb2995c000-2adb29970000 r-xp 00005000 3d8:ad14e 144134765124037015     /work2/11056/zwu/frontera/miniconda3/envs/libyt/lib/python3.13/site-packages/yt/utilities/lib/basic_octree.cpython-313-x86_64-linux-gnu.so
2adb29970000-2adb29975000 r--p 00019000 3d8:ad14e 144134765124037015     /work2/11056/zwu/frontera/miniconda3/envs/libyt/lib/python3.13/site-packages/yt/utilities/lib/basic_octree.cpython-313-x86_64-linux-gnu.so
2adb29975000-2adb29976000 r--p 0001e000 3d8:ad14e 144134765124037015     /work2/11056/zwu/frontera/miniconda3/envs/libyt/lib/python3.13/site-packages/yt/utilities/lib/basic_octree.cpython-313-x86_64-linux-gnu.so
2adb29976000-2adb29977000 rw-p 0001f000 3d8:ad14e 144134765124037015     /work2/11056/zwu/frontera/miniconda3/envs/libyt/lib/python3.13/site-packages/yt/utilities/lib/basic_octree.cpython-313-x86_64-linux-gnu.so
2adb29977000-2adb29978000 rw-p 00000000 00:00 0 
2adb29978000-2adb29980000 r--p 00000000 3d8:ad14e 144134765124036296     /work2/11056/zwu/frontera/miniconda3/envs/libyt/lib/python3.13/site-packages/yt/utilities/lib/contour_finding.cpython-313-x86_64-linux-gnu.so
2adb29980000-2adb299c3000 r-xp 00008000 3d8:ad14e 144134765124036296     /work2/11056/zwu/frontera/miniconda3/envs/libyt/lib/python3.13/site-packages/yt/utilities/lib/contour_finding.cpython-313-x86_64-linux-gnu.so
2adb299c3000-2adb299ce000 r--p 0004b000 3d8:ad14e 144134765124036296     /work2/11056/zwu/frontera/miniconda3/envs/libyt/lib/python3.13/site-packages/yt/utilities/lib/contour_finding.cpython-313-x86_64-linux-gnu.so
2adb299ce000-2adb299d0000 r--p 00055000 3d8:ad14e 144134765124036296     /work2/11056/zwu/frontera/miniconda3/envs/libyt/lib/python3.13/site-packages/yt/utilities/lib/contour_finding.cpython-313-x86_64-linux-gnu.so
2adb299d0000-2adb299d3000 rw-p 00057000 3d8:ad14e 144134765124036296     /work2/11056/zwu/frontera/miniconda3/envs/libyt/lib/python3.13/site-packages/yt/utilities/lib/contour_finding.cpython-313-x86_64-linux-gnu.so
2adb299d3000-2adb299d4000 rw-p 00000000 00:00 0 
2adb299d4000-2adb299d9000 r--p 00000000 3d8:ad14e 144134765124036963     /work2/11056/zwu/frontera/miniconda3/envs/libyt/lib/python3.13/site-packages/yt/utilities/lib/depth_first_octree.cpython-313-x86_64-linux-gnu.so
2adb299d9000-2adb299ec000 r-xp 00005000 3d8:ad14e 144134765124036963     /work2/11056/zwu/frontera/miniconda3/envs/libyt/lib/python3.13/site-packages/yt/utilities/lib/depth_first_octree.cpython-313-x86_64-linux-gnu.so
2adb299ec000-2adb299f1000 r--p 00018000 3d8:ad14e 144134765124036963     /work2/11056/zwu/frontera/miniconda3/envs/libyt/lib/python3.13/site-packages/yt/utilities/lib/depth_first_octree.cpython-313-x86_64-linux-gnu.so
2adb299f1000-2adb299f2000 r--p 0001c000 3d8:ad14e 144134765124036963     /work2/11056/zwu/frontera/miniconda3/envs/libyt/lib/python3.13/site-packages/yt/utilities/lib/depth_first_octree.cpython-313-x86_64-linux-gnu.so
2adb299f2000-2adb299f4000 rw-p 0001d000 3d8:ad14e 144134765124036963     /work2/11056/zwu/frontera/miniconda3/envs/libyt/lib/python3.13/site-packages/yt/utilities/lib/depth_first_octree.cpython-313-x86_64-linux-gnu.so
2adb299f4000-2adb299f9000 r--p 00000000 3d8:ad14e 144134765124035794     /work2/11056/zwu/frontera/miniconda3/envs/libyt/lib/python3.13/site-packages/yt/utilities/lib/fortran_reader.cpython-313-x86_64-linux-gnu.so
2adb299f9000-2adb29a0b000 r-xp 00005000 3d8:ad14e 144134765124035794     /work2/11056/zwu/frontera/miniconda3/envs/libyt/lib/python3.13/site-packages/yt/utilities/lib/fortran_reader.cpython-313-x86_64-linux-gnu.so
2adb29a0b000-2adb29a0f000 r--p 00017000 3d8:ad14e 144134765124035794     /work2/11056/zwu/frontera/miniconda3/envs/libyt/lib/python3.13/site-packages/yt/utilities/lib/fortran_reader.cpython-313-x86_64-linux-gnu.so
2adb29a0f000-2adb29a10000 r--p 0001b000 3d8:ad14e 144134765124035794     /work2/11056/zwu/frontera/miniconda3/envs/libyt/lib/python3.13/site-packages/yt/utilities/lib/fortran_reader.cpython-313-x86_64-linux-gnu.so
2adb29a10000-2adb29a11000 rw-p 0001c000 3d8:ad14e 144134765124035794     /work2/11056/zwu/frontera/miniconda3/envs/libyt/lib/python3.13/site-packages/yt/utilities/lib/fortran_reader.cpython-313-x86_64-linux-gnu.so
2adb29a11000-2adb29a15000 r--p 00000000 3d8:ad14e 144134765124035864     /work2/11056/zwu/frontera/miniconda3/envs/libyt/lib/python3.13/site-packages/yt/utilities/lib/line_integral_convolution.cpython-313-x86_64-linux-gnu.so
2adb29a15000-2adb29a1e000 r-xp 00004000 3d8:ad14e 144134765124035864     /work2/11056/zwu/frontera/miniconda3/envs/libyt/lib/python3.13/site-packages/yt/utilities/lib/line_integral_convolution.cpython-313-x86_64-linux-gnu.so
2adb29a1e000-2adb29a21000 r--p 0000d000 3d8:ad14e 144134765124035864     /work2/11056/zwu/frontera/miniconda3/envs/libyt/lib/python3.13/site-packages/yt/utilities/lib/line_integral_convolution.cpython-313-x86_64-linux-gnu.so
2adb29a21000-2adb29a22000 r--p 0000f000 3d8:ad14e 144134765124035864     /work2/11056/zwu/frontera/miniconda3/envs/libyt/lib/python3.13/site-packages/yt/utilities/lib/line_integral_convolution.cpython-313-x86_64-linux-gnu.so
2adb29a22000-2adb29a23000 rw-p 00010000 3d8:ad14e 144134765124035864     /work2/11056/zwu/frontera/miniconda3/envs/libyt/lib/python3.13/site-packages/yt/utilities/lib/line_integral_convolution.cpython-313-x86_64-linux-gnu.so
2adb29a23000-2adb29a27000 r--p 00000000 3d8:ad14e 144134765124035838     /work2/11056/zwu/frontera/miniconda3/envs/libyt/lib/python3.13/site-packages/yt/utilities/lib/points_in_volume.cpython-313-x86_64-linux-gnu.so
2adb29a27000-2adb29a37000 r-xp 00004000 3d8:ad14e 144134765124035838     /work2/11056/zwu/frontera/miniconda3/envs/libyt/lib/python3.13/site-packages/yt/utilities/lib/points_in_volume.cpython-313-x86_64-linux-gnu.so
2adb29a37000-2adb29a3b000 r--p 00014000 3d8:ad14e 144134765124035838     /work2/11056/zwu/frontera/miniconda3/envs/libyt/lib/python3.13/site-packages/yt/utilities/lib/points_in_volume.cpython-313-x86_64-linux-gnu.so
2adb29a3b000-2adb29a3c000 r--p 00017000 3d8:ad14e 144134765124035838     /work2/11056/zwu/frontera/miniconda3/envs/libyt/lib/python3.13/site-packages/yt/utilities/lib/points_in_volume.cpython-313-x86_64-linux-gnu.so
2adb29a3c000-2adb29a3d000 rw-p 00018000 3d8:ad14e 144134765124035838     /work2/11056/zwu/frontera/miniconda3/envs/libyt/lib/python3.13/site-packages/yt/utilities/lib/points_in_volume.cpython-313-x86_64-linux-gnu.so
2adb29a3d000-2adb29a41000 r--p 00000000 3d8:ad14e 144134765124035690     /work2/11056/zwu/frontera/miniconda3/envs/libyt/lib/python3.13/site-packages/yt/utilities/lib/write_array.cpython-313-x86_64-linux-gnu.so
2adb29a41000-2adb29a4c000 r-xp 00004000 3d8:ad14e 144134765124035690     /work2/11056/zwu/frontera/miniconda3/envs/libyt/lib/python3.13/site-packages/yt/utilities/lib/write_array.cpython-313-x86_64-linux-gnu.so
2adb29a4c000-2adb29a4f000 r--p 0000f000 3d8:ad14e 144134765124035690     /work2/11056/zwu/frontera/miniconda3/envs/libyt/lib/python3.13/site-packages/yt/utilities/lib/write_array.cpython-313-x86_64-linux-gnu.so
2adb29a4f000-2adb29a50000 r--p 00012000 3d8:ad14e 144134765124035690     /work2/11056/zwu/frontera/miniconda3/envs/libyt/lib/python3.13/site-packages/yt/utilities/lib/write_array.cpython-313-x86_64-linux-gnu.so
2adb29a50000-2adb29a51000 rw-p 00013000 3d8:ad14e 144134765124035690     /work2/11056/zwu/frontera/miniconda3/envs/libyt/lib/python3.13/site-packages/yt/utilities/lib/write_array.cpython-313-x86_64-linux-gnu.so
2adb29a51000-2adb29b51000 rw-p 00000000 00:00 0 
2adb29b51000-2adb29b58000 r--p 00000000 3d8:ad14e 144134765124035262     /work2/11056/zwu/frontera/miniconda3/envs/libyt/lib/python3.13/site-packages/yt/utilities/lib/mesh_triangulation.cpython-313-x86_64-linux-gnu.so
2adb29b58000-2adb29b81000 r-xp 00007000 3d8:ad14e 144134765124035262     /work2/11056/zwu/frontera/miniconda3/envs/libyt/lib/python3.13/site-packages/yt/utilities/lib/mesh_triangulation.cpython-313-x86_64-linux-gnu.so
2adb29b81000-2adb29b89000 r--p 00030000 3d8:ad14e 144134765124035262     /work2/11056/zwu/frontera/miniconda3/envs/libyt/lib/python3.13/site-packages/yt/utilities/lib/mesh_triangulation.cpython-313-x86_64-linux-gnu.so
2adb29b89000-2adb29b8a000 r--p 00038000 3d8:ad14e 144134765124035262     /work2/11056/zwu/frontera/miniconda3/envs/libyt/lib/python3.13/site-packages/yt/utilities/lib/mesh_triangulation.cpython-313-x86_64-linux-gnu.so
2adb29b8a000-2adb29b8c000 rw-p 00039000 3d8:ad14e 144134765124035262     /work2/11056/zwu/frontera/miniconda3/envs/libyt/lib/python3.13/site-packages/yt/utilities/lib/mesh_triangulation.cpython-313-x86_64-linux-gnu.so
2adb29b8c000-2adb29b8d000 rw-p 00000000 00:00 0 
2adb29b8d000-2adb29bb1000 r--p 00000000 3d8:ad14e 144134765124018686     /work2/11056/zwu/frontera/miniconda3/envs/libyt/lib/python3.13/site-packages/mpi4py/MPI.cpython-313-x86_64-linux-gnu.so
2adb29bb1000-2adb29e4b000 r-xp 00024000 3d8:ad14e 144134765124018686     /work2/11056/zwu/frontera/miniconda3/envs/libyt/lib/python3.13/site-packages/mpi4py/MPI.cpython-313-x86_64-linux-gnu.so
2adb29e4b000-2adb29eb9000 r--p 002be000 3d8:ad14e 144134765124018686     /work2/11056/zwu/frontera/miniconda3/envs/libyt/lib/python3.13/site-packages/mpi4py/MPI.cpython-313-x86_64-linux-gnu.so
2adb29eb9000-2adb29eba000 r--p 0032c000 3d8:ad14e 144134765124018686     /work2/11056/zwu/frontera/miniconda3/envs/libyt/lib/python3.13/site-packages/mpi4py/MPI.cpython-313-x86_64-linux-gnu.so
2adb29eba000-2adb29ecc000 rw-p 0032d000 3d8:ad14e 144134765124018686     /work2/11056/zwu/frontera/miniconda3/envs/libyt/lib/python3.13/site-packages/mpi4py/MPI.cpython-313-x86_64-linux-gnu.so
2adb29ecc000-2adb2a000000 rw-p 00000000 00:00 0 
2adb2a000000-2adb2aa00000 rw-p 00000000 00:00 0 
2adb2aa00000-2adb2add4000 rw-p 00000000 00:00 0 
2adb2add4000-2adb2add5000 r--p 00000000 3d8:ad14e 144134881776061359     /work2/11056/zwu/frontera/miniconda3/envs/libyt/lib/python3.13/site-packages/torch/lib/libtorch_global_deps.so
2adb2add5000-2adb2add6000 r-xp 00001000 3d8:ad14e 144134881776061359     /work2/11056/zwu/frontera/miniconda3/envs/libyt/lib/python3.13/site-packages/torch/lib/libtorch_global_deps.so
2adb2add6000-2adb2add7000 r--p 00002000 3d8:ad14e 144134881776061359     /work2/11056/zwu/frontera/miniconda3/envs/libyt/lib/python3.13/site-packages/torch/lib/libtorch_global_deps.so
2adb2add7000-2adb2add8000 r--p 00002000 3d8:ad14e 144134881776061359     /work2/11056/zwu/frontera/miniconda3/envs/libyt/lib/python3.13/site-packages/torch/lib/libtorch_global_deps.so
2adb2add8000-2adb2add9000 rw-p 00003000 3d8:ad14e 144134881776061359     /work2/11056/zwu/frontera/miniconda3/envs/libyt/lib/python3.13/site-packages/torch/lib/libtorch_global_deps.so
2adb2add9000-2adb2adda000 rw-p 00004000 3d8:ad14e 144134881776061359     /work2/11056/zwu/frontera/miniconda3/envs/libyt/lib/python3.13/site-packages/torch/lib/libtorch_global_deps.so
2adb2adda000-2adb2addb000 rw-p 00005000 3d8:ad14e 144134881776061359     /work2/11056/zwu/frontera/miniconda3/envs/libyt/lib/python3.13/site-packages/torch/lib/libtorch_global_deps.so
2adb2addb000-2adb2ae82000 r-xp 00000000 3d8:ad14e 144134881776058613     /work2/11056/zwu/frontera/miniconda3/envs/libyt/lib/python3.13/site-packages/nvidia/cuda_runtime/lib/libcudart.so.12
2adb2ae82000-2adb2b082000 ---p 000a7000 3d8:ad14e 144134881776058613     /work2/11056/zwu/frontera/miniconda3/envs/libyt/lib/python3.13/site-packages/nvidia/cuda_runtime/lib/libcudart.so.12
2adb2b082000-2adb2b087000 r--p 000a7000 3d8:ad14e 144134881776058613     /work2/11056/zwu/frontera/miniconda3/envs/libyt/lib/python3.13/site-packages/nvidia/cuda_runtime/lib/libcudart.so.12
2adb2b087000-2adb2b088000 rw-p 000ac000 3d8:ad14e 144134881776058613     /work2/11056/zwu/frontera/miniconda3/envs/libyt/lib/python3.13/site-packages/nvidia/cuda_runtime/lib/libcudart.so.12
2adb2b088000-2adb2b08a000 rw-p 00000000 00:00 0 
2adb2b08a000-2adb2b0af000 r-xp 00000000 3d8:ad14e 144134881776061357     /work2/11056/zwu/frontera/miniconda3/envs/libyt/lib/python3.13/site-packages/torch/lib/libgomp-a34b3233.so.1
2adb2b0af000-2adb2b2ae000 ---p 00025000 3d8:ad14e 144134881776061357     /work2/11056/zwu/frontera/miniconda3/envs/libyt/lib/python3.13/site-packages/torch/lib/libgomp-a34b3233.so.1
2adb2b2ae000-2adb2b2af000 r--p 00024000 3d8:ad14e 144134881776061357     /work2/11056/zwu/frontera/miniconda3/envs/libyt/lib/python3.13/site-packages/torch/lib/libgomp-a34b3233.so.1
2adb2b2af000-2adb2b2b0000 rw-p 00025000 3d8:ad14e 144134881776061357     /work2/11056/zwu/frontera/miniconda3/envs/libyt/lib/python3.13/site-packages/torch/lib/libgomp-a34b3233.so.1
2adb2b2b0000-2adb2b2b4000 rw-p 00026000 3d8:ad14e 144134881776061357     /work2/11056/zwu/frontera/miniconda3/envs/libyt/lib/python3.13/site-packages/torch/lib/libgomp-a34b3233.so.1
2adb2b2b4000-2adb2e54c000 r-xp 00000000 3d8:ad14e 144134881776058638     /work2/11056/zwu/frontera/miniconda3/envs/libyt/lib/python3.13/site-packages/nvidia/cuda_nvrtc/lib/libnvrtc.so.12
2adb2e54c000-2adb2e74c000 ---p 03298000 3d8:ad14e 144134881776058638     /work2/11056/zwu/frontera/miniconda3/envs/libyt/lib/python3.13/site-packages/nvidia/cuda_nvrtc/lib/libnvrtc.so.12
2adb2e74c000-2adb2ed6b000 r--p 03298000 3d8:ad14e 144134881776058638     /work2/11056/zwu/frontera/miniconda3/envs/libyt/lib/python3.13/site-packages/nvidia/cuda_nvrtc/lib/libnvrtc.so.12
2adb2ed6b000-2adb2ee50000 rw-p 038b7000 3d8:ad14e 144134881776058638     /work2/11056/zwu/frontera/miniconda3/envs/libyt/lib/python3.13/site-packages/nvidia/cuda_nvrtc/lib/libnvrtc.so.12
2adb2ee50000-2adb2ef4f000 rw-p 00000000 00:00 0 
2adb2ef4f000-2adb2ef51000 rw-p 0399d000 3d8:ad14e 144134881776058638     /work2/11056/zwu/frontera/miniconda3/envs/libyt/lib/python3.13/site-packages/nvidia/cuda_nvrtc/lib/libnvrtc.so.12
2adb2ef51000-2adb31c2e000 r-xp 00000000 3d8:ad14e 144134881776058404     /work2/11056/zwu/frontera/miniconda3/envs/libyt/lib/python3.13/site-packages/nvidia/nvjitlink/lib/libnvJitLink.so.12
2adb31c2e000-2adb31e2e000 ---p 02cdd000 3d8:ad14e 144134881776058404     /work2/11056/zwu/frontera/miniconda3/envs/libyt/lib/python3.13/site-packages/nvidia/nvjitlink/lib/libnvJitLink.so.12
2adb31e2e000-2adb323fb000 r--p 02cdd000 3d8:ad14e 144134881776058404     /work2/11056/zwu/frontera/miniconda3/envs/libyt/lib/python3.13/site-packages/nvidia/nvjitlink/lib/libnvJitLink.so.12
2adb323fb000-2adb3246e000 rw-p 032aa000 3d8:ad14e 144134881776058404     /work2/11056/zwu/frontera/miniconda3/envs/libyt/lib/python3.13/site-packages/nvidia/nvjitlink/lib/libnvJitLink.so.12
2adb3246e000-2adb324e4000 rw-p 00000000 00:00 0 
2adb324e4000-2adb324e5000 r--p 00000000 3d8:ad14e 144134881776071753     /work2/11056/zwu/frontera/miniconda3/envs/libyt/lib/python3.13/site-packages/torch/_C.cpython-313-x86_64-linux-gnu.so
2adb324e5000-2adb324e6000 r-xp 00001000 3d8:ad14e 144134881776071753     /work2/11056/zwu/frontera/miniconda3/envs/libyt/lib/python3.13/site-packages/torch/_C.cpython-313-x86_64-linux-gnu.so
2adb324e6000-2adb324e7000 r--p 00002000 3d8:ad14e 144134881776071753     /work2/11056/zwu/frontera/miniconda3/envs/libyt/lib/python3.13/site-packages/torch/_C.cpython-313-x86_64-linux-gnu.so
2adb324e7000-2adb324e8000 r--p 00002000 3d8:ad14e 144134881776071753     /work2/11056/zwu/frontera/miniconda3/envs/libyt/lib/python3.13/site-packages/torch/_C.cpython-313-x86_64-linux-gnu.so
2adb324e8000-2adb324e9000 rw-p 00003000 3d8:ad14e 144134881776071753     /work2/11056/zwu/frontera/miniconda3/envs/libyt/lib/python3.13/site-packages/torch/_C.cpython-313-x86_64-linux-gnu.so
2adb324e9000-2adb324ea000 rw-p 00008000 3d8:ad14e 144134881776071753     /work2/11056/zwu/frontera/miniconda3/envs/libyt/lib/python3.13/site-packages/torch/_C.cpython-313-x86_64-linux-gnu.so
2adb324ea000-2adb32785000 r--p 00000000 3d8:ad14e 144134881776061358     /work2/11056/zwu/frontera/miniconda3/envs/libyt/lib/python3.13/site-packages/torch/lib/libtorch_python.so
2adb32785000-2adb33429000 r-xp 0029b000 3d8:ad14e 144134881776061358     /work2/11056/zwu/frontera/miniconda3/envs/libyt/lib/python3.13/site-packages/torch/lib/libtorch_python.so
2adb33429000-2adb33807000 r--p 00f3f000 3d8:ad14e 144134881776061358     /work2/11056/zwu/frontera/miniconda3/envs/libyt/lib/python3.13/site-packages/torch/lib/libtorch_python.so
2adb33807000-2adb33808000 ---p 0131d000 3d8:ad14e 144134881776061358     /work2/11056/zwu/frontera/miniconda3/envs/libyt/lib/python3.13/site-packages/torch/lib/libtorch_python.so
2adb33808000-2adb33829000 r--p 0131d000 3d8:ad14e 144134881776061358     /work2/11056/zwu/frontera/miniconda3/envs/libyt/lib/python3.13/site-packages/torch/lib/libtorch_python.so
2adb33829000-2adb3388a000 rw-p 0133e000 3d8:ad14e 144134881776061358     /work2/11056/zwu/frontera/miniconda3/envs/libyt/lib/python3.13/site-packages/torch/lib/libtorch_python.so
2adb3388a000-2adb338f4000 rw-p 00000000 00:00 0 
2adb338f4000-2adb33a67000 rw-p 01abe000 3d8:ad14e 144134881776061358     /work2/11056/zwu/frontera/miniconda3/envs/libyt/lib/python3.13/site-packages/torch/lib/libtorch_python.so
2adb33a67000-2adb33a73000 r--p 00000000 3d8:ad14e 144134881776061363     /work2/11056/zwu/frontera/miniconda3/envs/libyt/lib/python3.13/site-packages/torch/lib/libtorch.so
2adb33a73000-2adb33a7e000 r-xp 0000c000 3d8:ad14e 144134881776061363     /work2/11056/zwu/frontera/miniconda3/envs/libyt/lib/python3.13/site-packages/torch/lib/libtorch.so
2adb33a7e000-2adb33a83000 r--p 00017000 3d8:ad14e 144134881776061363     /work2/11056/zwu/frontera/miniconda3/envs/libyt/lib/python3.13/site-packages/torch/lib/libtorch.so
2adb33a83000-2adb33a84000 ---p 0001c000 3d8:ad14e 144134881776061363     /work2/11056/zwu/frontera/miniconda3/envs/libyt/lib/python3.13/site-packages/torch/lib/libtorch.so
2adb33a84000-2adb33a85000 r--p 0001c000 3d8:ad14e 144134881776061363     /work2/11056/zwu/frontera/miniconda3/envs/libyt/lib/python3.13/site-packages/torch/lib/libtorch.so
2adb33a85000-2adb33a86000 rw-p 0001d000 3d8:ad14e 144134881776061363     /work2/11056/zwu/frontera/miniconda3/envs/libyt/lib/python3.13/site-packages/torch/lib/libtorch.so
2adb33a86000-2adb33a8d000 rw-p 00029000 3d8:ad14e 144134881776061363     /work2/11056/zwu/frontera/miniconda3/envs/libyt/lib/python3.13/site-packages/torch/lib/libtorch.so
2adb33a8d000-2adb33a90000 r--p 00000000 3d8:ad14e 144134881776061364     /work2/11056/zwu/frontera/miniconda3/envs/libyt/lib/python3.13/site-packages/torch/lib/libshm.so
2adb33a90000-2adb33a93000 r-xp 00003000 3d8:ad14e 144134881776061364     /work2/11056/zwu/frontera/miniconda3/envs/libyt/lib/python3.13/site-packages/torch/lib/libshm.so
2adb33a93000-2adb33a94000 r--p 00006000 3d8:ad14e 144134881776061364     /work2/11056/zwu/frontera/miniconda3/envs/libyt/lib/python3.13/site-packages/torch/lib/libshm.so
2adb33a94000-2adb33a95000 ---p 00007000 3d8:ad14e 144134881776061364     /work2/11056/zwu/frontera/miniconda3/envs/libyt/lib/python3.13/site-packages/torch/lib/libshm.so
2adb33a95000-2adb33a96000 r--p 00007000 3d8:ad14e 144134881776061364     /work2/11056/zwu/frontera/miniconda3/envs/libyt/lib/python3.13/site-packages/torch/lib/libshm.so
2adb33a96000-2adb33a97000 rw-p 00008000 3d8:ad14e 144134881776061364     /work2/11056/zwu/frontera/miniconda3/envs/libyt/lib/python3.13/site-packages/torch/lib/libshm.so
2adb33a97000-2adb33a98000 rw-p 0000b000 3d8:ad14e 144134881776061364     /work2/11056/zwu/frontera/miniconda3/envs/libyt/lib/python3.13/site-packages/torch/lib/libshm.so
2adb33a98000-2adb33a99000 rw-p 0000c000 3d8:ad14e 144134881776061364     /work2/11056/zwu/frontera/miniconda3/envs/libyt/lib/python3.13/site-packages/torch/lib/libshm.so
2adb33a99000-2adb34a75000 r--p 00000000 3d8:ad14e 144134881776061362     /work2/11056/zwu/frontera/miniconda3/envs/libyt/lib/python3.13/site-packages/torch/lib/libtorch_cpu.so
2adb34a75000-2adb451da000 r-xp 00fdc000 3d8:ad14e 144134881776061362     /work2/11056/zwu/frontera/miniconda3/envs/libyt/lib/python3.13/site-packages/torch/lib/libtorch_cpu.so
2adb451da000-2adb47b5c000 r--p 11741000 3d8:ad14e 144134881776061362     /work2/11056/zwu/frontera/miniconda3/envs/libyt/lib/python3.13/site-packages/torch/lib/libtorch_cpu.so
2adb47b5c000-2adb47b5d000 ---p 140c3000 3d8:ad14e 144134881776061362     /work2/11056/zwu/frontera/miniconda3/envs/libyt/lib/python3.13/site-packages/torch/lib/libtorch_cpu.so
2adb47b5d000-2adb47db5000 r--p 140c3000 3d8:ad14e 144134881776061362     /work2/11056/zwu/frontera/miniconda3/envs/libyt/lib/python3.13/site-packages/torch/lib/libtorch_cpu.so
2adb47db5000-2adb47e72000 rw-p 1431b000 3d8:ad14e 144134881776061362     /work2/11056/zwu/frontera/miniconda3/envs/libyt/lib/python3.13/site-packages/torch/lib/libtorch_cpu.so
2adb47e72000-2adb47f19000 rw-p 00000000 00:00 0 
2adb47f19000-2adb48578000 rw-p 19928000 3d8:ad14e 144134881776061362     /work2/11056/zwu/frontera/miniconda3/envs/libyt/lib/python3.13/site-packages/torch/lib/libtorch_cpu.so
2adb48578000-2adb48b55000 rw-p 19f87000 3d8:ad14e 144134881776061362     /work2/11056/zwu/frontera/miniconda3/envs/libyt/lib/python3.13/site-packages/torch/lib/libtorch_cpu.so
2adb48b55000-2adb4994d000 r--p 00000000 3d8:ad14e 144134881776061361     /work2/11056/zwu/frontera/miniconda3/envs/libyt/lib/python3.13/site-packages/torch/lib/libtorch_cuda.so
2adb4994d000-2adb4c724000 r-xp 00df8000 3d8:ad14e 144134881776061361     /work2/11056/zwu/frontera/miniconda3/envs/libyt/lib/python3.13/site-packages/torch/lib/libtorch_cuda.so
2adb4c724000-2adb7c43b000 r--p 03bcf000 3d8:ad14e 144134881776061361     /work2/11056/zwu/frontera/miniconda3/envs/libyt/lib/python3.13/site-packages/torch/lib/libtorch_cuda.so
2adb7c43b000-2adb7c4ab000 r--p 338e5000 3d8:ad14e 144134881776061361     /work2/11056/zwu/frontera/miniconda3/envs/libyt/lib/python3.13/site-packages/torch/lib/libtorch_cuda.so
2adb7c4ab000-2adb7c4ce000 rw-p 33955000 3d8:ad14e 144134881776061361     /work2/11056/zwu/frontera/miniconda3/envs/libyt/lib/python3.13/site-packages/torch/lib/libtorch_cuda.so
2adb7c4ce000-2adb7d1e1000 rw-p 00000000 00:00 0 
2adb7d1e1000-2adb7dcfd000 rw-p 351bb000 3d8:ad14e 144134881776061361     /work2/11056/zwu/frontera/miniconda3/envs/libyt/lib/python3.13/site-packages/torch/lib/libtorch_cuda.so
2adb7dcfd000-2adb7dd0f000 r--p 00000000 3d8:ad14e 144134881776061366     /work2/11056/zwu/frontera/miniconda3/envs/libyt/lib/python3.13/site-packages/torch/lib/libc10_cuda.so
2adb7dd0f000-2adb7dd6b000 r-xp 00012000 3d8:ad14e 144134881776061366     /work2/11056/zwu/frontera/miniconda3/envs/libyt/lib/python3.13/site-packages/torch/lib/libc10_cuda.so
2adb7dd6b000-2adb7dd81000 r--p 0006e000 3d8:ad14e 144134881776061366     /work2/11056/zwu/frontera/miniconda3/envs/libyt/lib/python3.13/site-packages/torch/lib/libc10_cuda.so
2adb7dd81000-2adb7dd82000 ---p 00084000 3d8:ad14e 144134881776061366     /work2/11056/zwu/frontera/miniconda3/envs/libyt/lib/python3.13/site-packages/torch/lib/libc10_cuda.so
2adb7dd82000-2adb7dd83000 r--p 00084000 3d8:ad14e 144134881776061366     /work2/11056/zwu/frontera/miniconda3/envs/libyt/lib/python3.13/site-packages/torch/lib/libc10_cuda.so
2adb7dd83000-2adb7dd84000 rw-p 00085000 3d8:ad14e 144134881776061366     /work2/11056/zwu/frontera/miniconda3/envs/libyt/lib/python3.13/site-packages/torch/lib/libc10_cuda.so
2adb7dd84000-2adb7ddaa000 rw-p 00000000 00:00 0 
2adb7ddaa000-2adb7ddb4000 rw-p 000a7000 3d8:ad14e 144134881776061366     /work2/11056/zwu/frontera/miniconda3/envs/libyt/lib/python3.13/site-packages/torch/lib/libc10_cuda.so
2adb7ddb4000-2adb7dde3000 r--p 00000000 3d8:ad14e 144134881776061367     /work2/11056/zwu/frontera/miniconda3/envs/libyt/lib/python3.13/site-packages/torch/lib/libc10.so
2adb7dde3000-2adb7de7e000 r-xp 0002f000 3d8:ad14e 144134881776061367     /work2/11056/zwu/frontera/miniconda3/envs/libyt/lib/python3.13/site-packages/torch/lib/libc10.so
2adb7de7e000-2adb7deb1000 r--p 000ca000 3d8:ad14e 144134881776061367     /work2/11056/zwu/frontera/miniconda3/envs/libyt/lib/python3.13/site-packages/torch/lib/libc10.so
2adb7deb1000-2adb7deb4000 r--p 000fc000 3d8:ad14e 144134881776061367     /work2/11056/zwu/frontera/miniconda3/envs/libyt/lib/python3.13/site-packages/torch/lib/libc10.so
2adb7deb4000-2adb7deba000 rw-p 000ff000 3d8:ad14e 144134881776061367     /work2/11056/zwu/frontera/miniconda3/envs/libyt/lib/python3.13/site-packages/torch/lib/libc10.so
2adb7deba000-2adb7debd000 rw-p 00000000 00:00 0 
2adb7debd000-2adb7ded6000 rw-p 0014b000 3d8:ad14e 144134881776061367     /work2/11056/zwu/frontera/miniconda3/envs/libyt/lib/python3.13/site-packages/torch/lib/libc10.so
2adb7ded6000-2adb7deee000 r-xp 00000000 3d8:ad14e 144134881776060270     /work2/11056/zwu/frontera/miniconda3/envs/libyt/lib/python3.13/site-packages/nvidia/cudnn/lib/libcudnn.so.9
2adb7deee000-2adb7e0ee000 ---p 00018000 3d8:ad14e 144134881776060270     /work2/11056/zwu/frontera/miniconda3/envs/libyt/lib/python3.13/site-packages/nvidia/cudnn/lib/libcudnn.so.9
2adb7e0ee000-2adb7e0ef000 r--p 00018000 3d8:ad14e 144134881776060270     /work2/11056/zwu/frontera/miniconda3/envs/libyt/lib/python3.13/site-packages/nvidia/cudnn/lib/libcudnn.so.9
2adb7e0ef000-2adb7e0f0000 rw-p 00019000 3d8:ad14e 144134881776060270     /work2/11056/zwu/frontera/miniconda3/envs/libyt/lib/python3.13/site-packages/nvidia/cudnn/lib/libcudnn.so.9
2adb7e0f0000-2adb7e76e000 r-xp 00000000 3d8:ad14e 144134881776058698     /work2/11056/zwu/frontera/miniconda3/envs/libyt/lib/python3.13/site-packages/nvidia/cuda_cupti/lib/libcupti.so.12
2adb7e76e000-2adb7e96d000 ---p 0067e000 3d8:ad14e 144134881776058698     /work2/11056/zwu/frontera/miniconda3/envs/libyt/lib/python3.13/site-packages/nvidia/cuda_cupti/lib/libcupti.so.12
2adb7e96d000-2adb7e9bc000 r--p 0067d000 3d8:ad14e 144134881776058698     /work2/11056/zwu/frontera/miniconda3/envs/libyt/lib/python3.13/site-packages/nvidia/cuda_cupti/lib/libcupti.so.12
2adb7e9bc000-2adb7ea54000 rw-p 006cc000 3d8:ad14e 144134881776058698     /work2/11056/zwu/frontera/miniconda3/envs/libyt/lib/python3.13/site-packages/nvidia/cuda_cupti/lib/libcupti.so.12
2adb7ea54000-2adb7ea8d000 rw-p 00000000 00:00 0 
2adb7ea8d000-2adb8f6a6000 r-xp 00000000 3d8:ad14e 144134881776060233     /work2/11056/zwu/frontera/miniconda3/envs/libyt/lib/python3.13/site-packages/nvidia/cusparse/lib/libcusparse.so.12
2adb8f6a6000-2adb8f8a6000 ---p 10c19000 3d8:ad14e 144134881776060233     /work2/11056/zwu/frontera/miniconda3/envs/libyt/lib/python3.13/site-packages/nvidia/cusparse/lib/libcusparse.so.12
2adb8f8a6000-2adb8f8b5000 r--p 10c19000 3d8:ad14e 144134881776060233     /work2/11056/zwu/frontera/miniconda3/envs/libyt/lib/python3.13/site-packages/nvidia/cusparse/lib/libcusparse.so.12
2adb8f8b5000-2adb8f8d1000 rw-p 10c28000 3d8:ad14e 144134881776060233     /work2/11056/zwu/frontera/miniconda3/envs/libyt/lib/python3.13/site-packages/nvidia/cusparse/lib/libcusparse.so.12
2adb8f8d1000-2adb8f8d6000 rw-p 00000000 00:00 0 
2adb8f8d6000-2adb8f8db000 rw-p 10c44000 3d8:ad14e 144134881776060233     /work2/11056/zwu/frontera/miniconda3/envs/libyt/lib/python3.13/site-packages/nvidia/cusparse/lib/libcusparse.so.12
2adb8f8db000-2adb9028c000 r-xp 00000000 3d8:ad14e 144134881776058496     /work2/11056/zwu/frontera/miniconda3/envs/libyt/lib/python3.13/site-packages/nvidia/cufft/lib/libcufft.so.11
2adb9028c000-2adb9048b000 ---p 009b1000 3d8:ad14e 144134881776058496     /work2/11056/zwu/frontera/miniconda3/envs/libyt/lib/python3.13/site-packages/nvidia/cufft/lib/libcufft.so.11
2adb9048b000-2adb90498000 r--p 009b0000 3d8:ad14e 144134881776058496     /work2/11056/zwu/frontera/miniconda3/envs/libyt/lib/python3.13/site-packages/nvidia/cufft/lib/libcufft.so.11
2adb90498000-2adba122d000 rw-p 009bd000 3d8:ad14e 144134881776058496     /work2/11056/zwu/frontera/miniconda3/envs/libyt/lib/python3.13/site-packages/nvidia/cufft/lib/libcufft.so.11
2adba122d000-2adba14d8000 rw-p 00000000 00:00 0 
2adba14d8000-2adbadd0d000 r-xp 00000000 3d8:ad14e 144134881776053875     /work2/11056/zwu/frontera/miniconda3/envs/libyt/lib/python3.13/site-packages/cusparselt/lib/libcusparseLt.so.0
2adbadd0d000-2adbadf0d000 ---p 0c835000 3d8:ad14e 144134881776053875     /work2/11056/zwu/frontera/miniconda3/envs/libyt/lib/python3.13/site-packages/cusparselt/lib/libcusparseLt.so.0
2adbadf0d000-2adbadf2f000 r--p 0c835000 3d8:ad14e 144134881776053875     /work2/11056/zwu/frontera/miniconda3/envs/libyt/lib/python3.13/site-packages/cusparselt/lib/libcusparseLt.so.0
2adbadf2f000-2adbadf35000 rw-p 0c857000 3d8:ad14e 144134881776053875     /work2/11056/zwu/frontera/miniconda3/envs/libyt/lib/python3.13/site-packages/cusparselt/lib/libcusparseLt.so.0
2adbadf35000-2adbae126000 rw-p 00000000 00:00 0 
2adbae126000-2adbae389000 rw-p 0c85e000 3d8:ad14e 144134881776053875     /work2/11056/zwu/frontera/miniconda3/envs/libyt/lib/python3.13/site-packages/cusparselt/lib/libcusparseLt.so.0
2adbae389000-2adbb2b65000 r-xp 00000000 3d8:ad14e 144134881776058469     /work2/11056/zwu/frontera/miniconda3/envs/libyt/lib/python3.13/site-packages/nvidia/curand/lib/libcurand.so.10
2adbb2b65000-2adbb2d65000 ---p 047dc000 3d8:ad14e 144134881776058469     /work2/11056/zwu/frontera/miniconda3/envs/libyt/lib/python3.13/site-packages/nvidia/curand/lib/libcurand.so.10
2adbb2d65000-2adbb2d6b000 r--p 047dc000 3d8:ad14e 144134881776058469     /work2/11056/zwu/frontera/miniconda3/envs/libyt/lib/python3.13/site-packages/nvidia/curand/lib/libcurand.so.10
2adbb2d6b000-2adbb4197000 rw-p 047e2000 3d8:ad14e 144134881776058469     /work2/11056/zwu/frontera/miniconda3/envs/libyt/lib/python3.13/site-packages/nvidia/curand/lib/libcurand.so.10
2adbb4197000-2adbb47cf000 rw-p 00000000 00:00 0 
2adbb47cf000-2adbbb043000 r-xp 00000000 3d8:ad14e 144134881776058730     /work2/11056/zwu/frontera/miniconda3/envs/libyt/lib/python3.13/site-packages/nvidia/cublas/lib/libcublas.so.12
2adbbb043000-2adbbb243000 ---p 06874000 3d8:ad14e 144134881776058730     /work2/11056/zwu/frontera/miniconda3/envs/libyt/lib/python3.13/site-packages/nvidia/cublas/lib/libcublas.so.12
2adbbb243000-2adbbb24f000 r--p 06874000 3d8:ad14e 144134881776058730     /work2/11056/zwu/frontera/miniconda3/envs/libyt/lib/python3.13/site-packages/nvidia/cublas/lib/libcublas.so.12
2adbbb24f000-2adbbb256000 rw-p 06880000 3d8:ad14e 144134881776058730     /work2/11056/zwu/frontera/miniconda3/envs/libyt/lib/python3.13/site-packages/nvidia/cublas/lib/libcublas.so.12
2adbbb256000-2adbbb261000 rw-p 00000000 00:00 0 
2adbbb261000-2adbd1c07000 r-xp 00000000 3d8:ad14e 144134881776058731     /work2/11056/zwu/frontera/miniconda3/envs/libyt/lib/python3.13/site-packages/nvidia/cublas/lib/libcublasLt.so.12
2adbd1c07000-2adbd1e07000 ---p 169a6000 3d8:ad14e 144134881776058731     /work2/11056/zwu/frontera/miniconda3/envs/libyt/lib/python3.13/site-packages/nvidia/cublas/lib/libcublasLt.so.12
2adbd1e07000-2adbd203b000 r--p 169a6000 3d8:ad14e 144134881776058731     /work2/11056/zwu/frontera/miniconda3/envs/libyt/lib/python3.13/site-packages/nvidia/cublas/lib/libcublasLt.so.12
2adbd203b000-2adbd59d8000 rw-p 16bda000 3d8:ad14e 144134881776058731     /work2/11056/zwu/frontera/miniconda3/envs/libyt/lib/python3.13/site-packages/nvidia/cublas/lib/libcublasLt.so.12
2adbd59d8000-2adbd91bd000 rw-p 00000000 00:00 0 
2adbd91bd000-2adbe777d000 r-xp 00000000 3d8:ad14e 144134881776058429     /work2/11056/zwu/frontera/miniconda3/envs/libyt/lib/python3.13/site-packages/nvidia/nccl/lib/libnccl.so.2
2adbe777d000-2adbe797d000 ---p 0e5c0000 3d8:ad14e 144134881776058429     /work2/11056/zwu/frontera/miniconda3/envs/libyt/lib/python3.13/site-packages/nvidia/nccl/lib/libnccl.so.2
2adbe797d000-2adbe7986000 r--p 0e5c0000 3d8:ad14e 144134881776058429     /work2/11056/zwu/frontera/miniconda3/envs/libyt/lib/python3.13/site-packages/nvidia/nccl/lib/libnccl.so.2
2adbe7986000-2adbe7992000 rw-p 0e5c9000 3d8:ad14e 144134881776058429     /work2/11056/zwu/frontera/miniconda3/envs/libyt/lib/python3.13/site-packages/nvidia/nccl/lib/libnccl.so.2
2adbe7992000-2adbe79a8000 rw-p 00000000 00:00 0 
2adbe79a8000-2adbe79ab000 r--p 00000000 3d8:ad14e 144134765124011961     /work2/11056/zwu/frontera/miniconda3/envs/libyt/lib/python3.13/lib-dynload/mmap.cpython-313-x86_64-linux-gnu.so
2adbe79ab000-2adbe79ae000 r-xp 00003000 3d8:ad14e 144134765124011961     /work2/11056/zwu/frontera/miniconda3/envs/libyt/lib/python3.13/lib-dynload/mmap.cpython-313-x86_64-linux-gnu.so
2adbe79ae000-2adbe79b0000 r--p 00006000 3d8:ad14e 144134765124011961     /work2/11056/zwu/frontera/miniconda3/envs/libyt/lib/python3.13/lib-dynload/mmap.cpython-313-x86_64-linux-gnu.so
2adbe79b0000-2adbe79b1000 r--p 00007000 3d8:ad14e 144134765124011961     /work2/11056/zwu/frontera/miniconda3/envs/libyt/lib/python3.13/lib-dynload/mmap.cpython-313-x86_64-linux-gnu.so
2adbe79b1000-2adbe79b2000 rw-p 00008000 3d8:ad14e 144134765124011961     /work2/11056/zwu/frontera/miniconda3/envs/libyt/lib/python3.13/lib-dynload/mmap.cpython-313-x86_64-linux-gnu.so
2adbe79b2000-2adbe79b4000 r--p 00000000 3d8:ad14e 144134765124013368     /work2/11056/zwu/frontera/miniconda3/envs/libyt/lib/python3.13/lib-dynload/_multiprocessing.cpython-313-x86_64-linux-gnu.so
2adbe79b4000-2adbe79b5000 r-xp 00002000 3d8:ad14e 144134765124013368     /work2/11056/zwu/frontera/miniconda3/envs/libyt/lib/python3.13/lib-dynload/_multiprocessing.cpython-313-x86_64-linux-gnu.so
2adbe79b5000-2adbe79b6000 r--p 00003000 3d8:ad14e 144134765124013368     /work2/11056/zwu/frontera/miniconda3/envs/libyt/lib/python3.13/lib-dynload/_multiprocessing.cpython-313-x86_64-linux-gnu.so
2adbe79b6000-2adbe79b7000 r--p 00003000 3d8:ad14e 144134765124013368     /work2/11056/zwu/frontera/miniconda3/envs/libyt/lib/python3.13/lib-dynload/_multiprocessing.cpython-313-x86_64-linux-gnu.so
2adbe79b7000-2adbe79b8000 rw-p 00004000 3d8:ad14e 144134765124013368     /work2/11056/zwu/frontera/miniconda3/envs/libyt/lib/python3.13/lib-dynload/_multiprocessing.cpython-313-x86_64-linux-gnu.so
2adbe79c7000-2adbe7a12000 r-xp 00000000 fd:00 405321662                  /usr/lib64/libmemkind.so.0.0.1
2adbe7a12000-2adbe7c12000 ---p 0004b000 fd:00 405321662                  /usr/lib64/libmemkind.so.0.0.1
2adbe7c12000-2adbe7c17000 r--p 0004b000 fd:00 405321662                  /usr/lib64/libmemkind.so.0.0.1
2adbe7c17000-2adbe7c1a000 rw-p 00050000 fd:00 405321662                  /usr/lib64/libmemkind.so.0.0.1
2adbe7c1a000-2adbe8047000 rw-p 00000000 00:00 0 
2adbe8047000-2adbe8231000 ---p 00000000 00:00 0 
2adbe8231000-2adbe9681000 rw-p 00000000 00:00 0 
2adbe9681000-2adbe9695000 r--p 00000000 3d8:ad14e 144134765124011647     /work2/11056/zwu/frontera/miniconda3/envs/libyt/lib/python3.13/lib-dynload/_ssl.cpython-313-x86_64-linux-gnu.so
2adbe9695000-2adbe969f000 r-xp 00014000 3d8:ad14e 144134765124011647     /work2/11056/zwu/frontera/miniconda3/envs/libyt/lib/python3.13/lib-dynload/_ssl.cpython-313-x86_64-linux-gnu.so
2adbe969f000-2adbe96ad000 r--p 0001e000 3d8:ad14e 144134765124011647     /work2/11056/zwu/frontera/miniconda3/envs/libyt/lib/python3.13/lib-dynload/_ssl.cpython-313-x86_64-linux-gnu.so
2adbe96ad000-2adbe96ae000 r--p 0002c000 3d8:ad14e 144134765124011647     /work2/11056/zwu/frontera/miniconda3/envs/libyt/lib/python3.13/lib-dynload/_ssl.cpython-313-x86_64-linux-gnu.so
2adbe96ae000-2adbe96b6000 rw-p 0002d000 3d8:ad14e 144134765124011647     /work2/11056/zwu/frontera/miniconda3/envs/libyt/lib/python3.13/lib-dynload/_ssl.cpython-313-x86_64-linux-gnu.so
2adbe96b6000-2adbe96da000 r--p 00000000 3d8:ad14e 144134765124008460     /work2/11056/zwu/frontera/miniconda3/envs/libyt/lib/libssl.so.3
2adbe96da000-2adbe9774000 r-xp 00024000 3d8:ad14e 144134765124008460     /work2/11056/zwu/frontera/miniconda3/envs/libyt/lib/libssl.so.3
2adbe9774000-2adbe97a4000 r--p 000be000 3d8:ad14e 144134765124008460     /work2/11056/zwu/frontera/miniconda3/envs/libyt/lib/libssl.so.3
2adbe97a4000-2adbe97ae000 r--p 000ee000 3d8:ad14e 144134765124008460     /work2/11056/zwu/frontera/miniconda3/envs/libyt/lib/libssl.so.3
2adbe97ae000-2adbe97b2000 rw-p 000f8000 3d8:ad14e 144134765124008460     /work2/11056/zwu/frontera/miniconda3/envs/libyt/lib/libssl.so.3
2adbe97b2000-2adbe9bb2000 rw-p 00000000 00:00 0 
2adbe9bb2000-2adbe9bb7000 r--p 00000000 3d8:ad14e 144134765124012998     /work2/11056/zwu/frontera/miniconda3/envs/libyt/lib/python3.13/lib-dynload/_asyncio.cpython-313-x86_64-linux-gnu.so
2adbe9bb7000-2adbe9bbd000 r-xp 00005000 3d8:ad14e 144134765124012998     /work2/11056/zwu/frontera/miniconda3/envs/libyt/lib/python3.13/lib-dynload/_asyncio.cpython-313-x86_64-linux-gnu.so
2adbe9bbd000-2adbe9bc1000 r--p 0000b000 3d8:ad14e 144134765124012998     /work2/11056/zwu/frontera/miniconda3/envs/libyt/lib/python3.13/lib-dynload/_asyncio.cpython-313-x86_64-linux-gnu.so
2adbe9bc1000-2adbe9bc2000 r--p 0000f000 3d8:ad14e 144134765124012998     /work2/11056/zwu/frontera/miniconda3/envs/libyt/lib/python3.13/lib-dynload/_asyncio.cpython-313-x86_64-linux-gnu.so
2adbe9bc2000-2adbe9bc4000 rw-p 00010000 3d8:ad14e 144134765124012998     /work2/11056/zwu/frontera/miniconda3/envs/libyt/lib/python3.13/lib-dynload/_asyncio.cpython-313-x86_64-linux-gnu.so
2adbe9bc4000-2adbf37ac000 rw-p 00000000 00:00 0 
2adbf3887000-2adbf3a87000 rw-p 00000000 00:00 0 
2adbf3a87000-2adbf3a8c000 r--p 00000000 3d8:ad14e 144134765124018054     /work2/11056/zwu/frontera/miniconda3/envs/libyt/lib/python3.13/site-packages/numpy/random/_bounded_integers.cpython-313-x86_64-linux-gnu.so
2adbf3a8c000-2adbf3aca000 r-xp 00005000 3d8:ad14e 144134765124018054     /work2/11056/zwu/frontera/miniconda3/envs/libyt/lib/python3.13/site-packages/numpy/random/_bounded_integers.cpython-313-x86_64-linux-gnu.so
2adbf3aca000-2adbf3ad2000 r--p 00043000 3d8:ad14e 144134765124018054     /work2/11056/zwu/frontera/miniconda3/envs/libyt/lib/python3.13/site-packages/numpy/random/_bounded_integers.cpython-313-x86_64-linux-gnu.so
2adbf3ad2000-2adbf3ad3000 r--p 0004b000 3d8:ad14e 144134765124018054     /work2/11056/zwu/frontera/miniconda3/envs/libyt/lib/python3.13/site-packages/numpy/random/_bounded_integers.cpython-313-x86_64-linux-gnu.so
2adbf3ad3000-2adbf3ad4000 rw-p 0004c000 3d8:ad14e 144134765124018054     /work2/11056/zwu/frontera/miniconda3/envs/libyt/lib/python3.13/site-packages/numpy/random/_bounded_integers.cpython-313-x86_64-linux-gnu.so
2adbf3ad4000-2adbf3ada000 r--p 00000000 3d8:ad14e 144134765124018089     /work2/11056/zwu/frontera/miniconda3/envs/libyt/lib/python3.13/site-packages/numpy/random/bit_generator.cpython-313-x86_64-linux-gnu.so
2adbf3ada000-2adbf3af5000 r-xp 00006000 3d8:ad14e 144134765124018089     /work2/11056/zwu/frontera/miniconda3/envs/libyt/lib/python3.13/site-packages/numpy/random/bit_generator.cpython-313-x86_64-linux-gnu.so
2adbf3af5000-2adbf3afe000 r--p 00021000 3d8:ad14e 144134765124018089     /work2/11056/zwu/frontera/miniconda3/envs/libyt/lib/python3.13/site-packages/numpy/random/bit_generator.cpython-313-x86_64-linux-gnu.so
2adbf3afe000-2adbf3aff000 r--p 0002a000 3d8:ad14e 144134765124018089     /work2/11056/zwu/frontera/miniconda3/envs/libyt/lib/python3.13/site-packages/numpy/random/bit_generator.cpython-313-x86_64-linux-gnu.so
2adbf3aff000-2adbf3b01000 rw-p 0002b000 3d8:ad14e 144134765124018089     /work2/11056/zwu/frontera/miniconda3/envs/libyt/lib/python3.13/site-packages/numpy/random/bit_generator.cpython-313-x86_64-linux-gnu.so
2adbf3b01000-2adbf3b06000 r--p 00000000 3d8:ad14e 144134765124018057     /work2/11056/zwu/frontera/miniconda3/envs/libyt/lib/python3.13/site-packages/numpy/random/_common.cpython-313-x86_64-linux-gnu.so
2adbf3b06000-2adbf3b38000 r-xp 00005000 3d8:ad14e 144134765124018057     /work2/11056/zwu/frontera/miniconda3/envs/libyt/lib/python3.13/site-packages/numpy/random/_common.cpython-313-x86_64-linux-gnu.so
2adbf3b38000-2adbf3b3c000 r--p 00037000 3d8:ad14e 144134765124018057     /work2/11056/zwu/frontera/miniconda3/envs/libyt/lib/python3.13/site-packages/numpy/random/_common.cpython-313-x86_64-linux-gnu.so
2adbf3b3c000-2adbf3b3d000 r--p 0003a000 3d8:ad14e 144134765124018057     /work2/11056/zwu/frontera/miniconda3/envs/libyt/lib/python3.13/site-packages/numpy/random/_common.cpython-313-x86_64-linux-gnu.so
2adbf3b3d000-2adbf3b3e000 rw-p 0003b000 3d8:ad14e 144134765124018057     /work2/11056/zwu/frontera/miniconda3/envs/libyt/lib/python3.13/site-packages/numpy/random/_common.cpython-313-x86_64-linux-gnu.so
2adbf3b3e000-2adbf3b48000 r--p 00000000 3d8:ad14e 144134765124018077     /work2/11056/zwu/frontera/miniconda3/envs/libyt/lib/python3.13/site-packages/numpy/random/_generator.cpython-313-x86_64-linux-gnu.so
2adbf3b48000-2adbf3bb3000 r-xp 0000a000 3d8:ad14e 144134765124018077     /work2/11056/zwu/frontera/miniconda3/envs/libyt/lib/python3.13/site-packages/numpy/random/_generator.cpython-313-x86_64-linux-gnu.so
2adbf3bb3000-2adbf3bef000 r--p 00075000 3d8:ad14e 144134765124018077     /work2/11056/zwu/frontera/miniconda3/envs/libyt/lib/python3.13/site-packages/numpy/random/_generator.cpython-313-x86_64-linux-gnu.so
2adbf3bef000-2adbf3bf0000 r--p 000b1000 3d8:ad14e 144134765124018077     /work2/11056/zwu/frontera/miniconda3/envs/libyt/lib/python3.13/site-packages/numpy/random/_generator.cpython-313-x86_64-linux-gnu.so
2adbf3bf0000-2adbf3bf3000 rw-p 000b2000 3d8:ad14e 144134765124018077     /work2/11056/zwu/frontera/miniconda3/envs/libyt/lib/python3.13/site-packages/numpy/random/_generator.cpython-313-x86_64-linux-gnu.so
2adbf3bf3000-2adbf3bf4000 rw-p 00000000 00:00 0 
2adbf3bf4000-2adbf3bf9000 r--p 00000000 3d8:ad14e 144134765124018081     /work2/11056/zwu/frontera/miniconda3/envs/libyt/lib/python3.13/site-packages/numpy/random/_pcg64.cpython-313-x86_64-linux-gnu.so
2adbf3bf9000-2adbf3c08000 r-xp 00005000 3d8:ad14e 144134765124018081     /work2/11056/zwu/frontera/miniconda3/envs/libyt/lib/python3.13/site-packages/numpy/random/_pcg64.cpython-313-x86_64-linux-gnu.so
2adbf3c08000-2adbf3c0e000 r--p 00014000 3d8:ad14e 144134765124018081     /work2/11056/zwu/frontera/miniconda3/envs/libyt/lib/python3.13/site-packages/numpy/random/_pcg64.cpython-313-x86_64-linux-gnu.so
2adbf3c0e000-2adbf3c0f000 r--p 00019000 3d8:ad14e 144134765124018081     /work2/11056/zwu/frontera/miniconda3/envs/libyt/lib/python3.13/site-packages/numpy/random/_pcg64.cpython-313-x86_64-linux-gnu.so
2adbf3c0f000-2adbf3c10000 rw-p 0001a000 3d8:ad14e 144134765124018081     /work2/11056/zwu/frontera/miniconda3/envs/libyt/lib/python3.13/site-packages/numpy/random/_pcg64.cpython-313-x86_64-linux-gnu.so
2adbf3c10000-2adbf3c11000 rw-p 00000000 00:00 0 
2adbf3c11000-2adbf3c15000 r--p 00000000 3d8:ad14e 144134765124018079     /work2/11056/zwu/frontera/miniconda3/envs/libyt/lib/python3.13/site-packages/numpy/random/_mt19937.cpython-313-x86_64-linux-gnu.so
2adbf3c15000-2adbf3c23000 r-xp 00004000 3d8:ad14e 144134765124018079     /work2/11056/zwu/frontera/miniconda3/envs/libyt/lib/python3.13/site-packages/numpy/random/_mt19937.cpython-313-x86_64-linux-gnu.so
2adbf3c23000-2adbf3c29000 r--p 00012000 3d8:ad14e 144134765124018079     /work2/11056/zwu/frontera/miniconda3/envs/libyt/lib/python3.13/site-packages/numpy/random/_mt19937.cpython-313-x86_64-linux-gnu.so
2adbf3c29000-2adbf3c2a000 r--p 00017000 3d8:ad14e 144134765124018079     /work2/11056/zwu/frontera/miniconda3/envs/libyt/lib/python3.13/site-packages/numpy/random/_mt19937.cpython-313-x86_64-linux-gnu.so
2adbf3c2a000-2adbf3c2b000 rw-p 00018000 3d8:ad14e 144134765124018079     /work2/11056/zwu/frontera/miniconda3/envs/libyt/lib/python3.13/site-packages/numpy/random/_mt19937.cpython-313-x86_64-linux-gnu.so
2adbf3c2b000-2adbf3c30000 r--p 00000000 3d8:ad14e 144134765124018083     /work2/11056/zwu/frontera/miniconda3/envs/libyt/lib/python3.13/site-packages/numpy/random/_philox.cpython-313-x86_64-linux-gnu.so
2adbf3c30000-2adbf3c3b000 r-xp 00005000 3d8:ad14e 144134765124018083     /work2/11056/zwu/frontera/miniconda3/envs/libyt/lib/python3.13/site-packages/numpy/random/_philox.cpython-313-x86_64-linux-gnu.so
2adbf3c3b000-2adbf3c40000 r--p 00010000 3d8:ad14e 144134765124018083     /work2/11056/zwu/frontera/miniconda3/envs/libyt/lib/python3.13/site-packages/numpy/random/_philox.cpython-313-x86_64-linux-gnu.so
2adbf3c40000-2adbf3c41000 r--p 00014000 3d8:ad14e 144134765124018083     /work2/11056/zwu/frontera/miniconda3/envs/libyt/lib/python3.13/site-packages/numpy/random/_philox.cpython-313-x86_64-linux-gnu.so
2adbf3c41000-2adbf3c42000 rw-p 00015000 3d8:ad14e 144134765124018083     /work2/11056/zwu/frontera/miniconda3/envs/libyt/lib/python3.13/site-packages/numpy/random/_philox.cpython-313-x86_64-linux-gnu.so
2adbf3c42000-2adbf3c46000 r--p 00000000 3d8:ad14e 144134765124018087     /work2/11056/zwu/frontera/miniconda3/envs/libyt/lib/python3.13/site-packages/numpy/random/_sfc64.cpython-313-x86_64-linux-gnu.so
2adbf3c46000-2adbf3c4e000 r-xp 00004000 3d8:ad14e 144134765124018087     /work2/11056/zwu/frontera/miniconda3/envs/libyt/lib/python3.13/site-packages/numpy/random/_sfc64.cpython-313-x86_64-linux-gnu.so
2adbf3c4e000-2adbf3c51000 r--p 0000c000 3d8:ad14e 144134765124018087     /work2/11056/zwu/frontera/miniconda3/envs/libyt/lib/python3.13/site-packages/numpy/random/_sfc64.cpython-313-x86_64-linux-gnu.so
2adbf3c51000-2adbf3c52000 r--p 0000f000 3d8:ad14e 144134765124018087     /work2/11056/zwu/frontera/miniconda3/envs/libyt/lib/python3.13/site-packages/numpy/random/_sfc64.cpython-313-x86_64-linux-gnu.so
2adbf3c52000-2adbf3c53000 rw-p 00010000 3d8:ad14e 144134765124018087     /work2/11056/zwu/frontera/miniconda3/envs/libyt/lib/python3.13/site-packages/numpy/random/_sfc64.cpython-313-x86_64-linux-gnu.so
2adbf3c53000-2adbf3c5a000 r--p 00000000 3d8:ad14e 144134765124018095     /work2/11056/zwu/frontera/miniconda3/envs/libyt/lib/python3.13/site-packages/numpy/random/mtrand.cpython-313-x86_64-linux-gnu.so
2adbf3c5a000-2adbf3ca5000 r-xp 00007000 3d8:ad14e 144134765124018095     /work2/11056/zwu/frontera/miniconda3/envs/libyt/lib/python3.13/site-packages/numpy/random/mtrand.cpython-313-x86_64-linux-gnu.so
2adbf3ca5000-2adbf3cdc000 r--p 00052000 3d8:ad14e 144134765124018095     /work2/11056/zwu/frontera/miniconda3/envs/libyt/lib/python3.13/site-packages/numpy/random/mtrand.cpython-313-x86_64-linux-gnu.so
2adbf3cdc000-2adbf3cdd000 r--p 00089000 3d8:ad14e 144134765124018095     /work2/11056/zwu/frontera/miniconda3/envs/libyt/lib/python3.13/site-packages/numpy/random/mtrand.cpython-313-x86_64-linux-gnu.so
2adbf3cdd000-2adbf3cdf000 rw-p 0008a000 3d8:ad14e 144134765124018095     /work2/11056/zwu/frontera/miniconda3/envs/libyt/lib/python3.13/site-packages/numpy/random/mtrand.cpython-313-x86_64-linux-gnu.so
2adbf3cdf000-2adbf3de0000 rw-p 00000000 00:00 0 
2adbf3de0000-2adbf3de3000 r--p 00000000 3d8:ad14e 144134765124017732     /work2/11056/zwu/frontera/miniconda3/envs/libyt/lib/python3.13/site-packages/numpy/fft/_pocketfft_umath.cpython-313-x86_64-linux-gnu.so
2adbf3de3000-2adbf3e51000 r-xp 00003000 3d8:ad14e 144134765124017732     /work2/11056/zwu/frontera/miniconda3/envs/libyt/lib/python3.13/site-packages/numpy/fft/_pocketfft_umath.cpython-313-x86_64-linux-gnu.so
2adbf3e51000-2adbf3e57000 r--p 00071000 3d8:ad14e 144134765124017732     /work2/11056/zwu/frontera/miniconda3/envs/libyt/lib/python3.13/site-packages/numpy/fft/_pocketfft_umath.cpython-313-x86_64-linux-gnu.so
2adbf3e57000-2adbf3e58000 r--p 00076000 3d8:ad14e 144134765124017732     /work2/11056/zwu/frontera/miniconda3/envs/libyt/lib/python3.13/site-packages/numpy/fft/_pocketfft_umath.cpython-313-x86_64-linux-gnu.so
2adbf3e58000-2adbf3e59000 rw-p 00077000 3d8:ad14e 144134765124017732     /work2/11056/zwu/frontera/miniconda3/envs/libyt/lib/python3.13/site-packages/numpy/fft/_pocketfft_umath.cpython-313-x86_64-linux-gnu.so
2adbf3e59000-2adbf4859000 rw-p 00000000 00:00 0 
2adbf4859000-2adbf4dd9000 rwxp 00000000 00:00 0 
2adbf4dd9000-2adbf58d9000 rw-p 00000000 00:00 0 
2adbf599a000-2adbf59da000 rwxp 00000000 00:00 0 
2adbf59da000-2adbf79da000 rw-p 00000000 00:00 0 
7f0000000000-7f0003000000 rw-p 00000000 00:00 0 
7f1000000000-7f1000200000 rw-p 00000000 00:00 0 
7f2000000000-7f2002400000 rw-p 00000000 00:00 0 
7ffc62e41000-7ffc6354c000 rw-p 00000000 00:00 0                          [stack]
7ffc63574000-7ffc63576000 r-xp 00000000 00:00 0                          [vdso]
ffffffffff600000-ffffffffff601000 r-xp 00000000 00:00 0                  [vsyscall]
