
The following have been reloaded with a version change:
  1) intel/19.0.5 => intel/19.1.1

warning: the following parameter line was not interpreted:
use_grackle                 = 1
warning: the following parameter line was not interpreted:
with_radiative_cooling      = 1
warning: the following parameter line was not interpreted:
use_volumetric_heating_rate = 0
warning: the following parameter line was not interpreted:
use_specific_heating_rate   = 0
warning: the following parameter line was not interpreted:
self_shielding_method       = 1
warning: the following parameter line was not interpreted:
H2_self_shielding           = 0
warning: the following parameter line was not interpreted:
UVbackground                = 1
warning: the following parameter line was not interpreted:
Compton_xray_heating        = 0
warning: the following parameter line was not interpreted:
LWbackground_intensity      = 0.000000
warning: the following parameter line was not interpreted:
LWbackground_sawtooth_suppression = 0
warning: the following parameter line was not interpreted:
dust_chemistry              = 0
warning: the following parameter line was not interpreted:
local_dust_to_gas_ratio     = 0.009387
warning: the following parameter line was not interpreted:
use_isrf_field              = 0
warning: the following parameter line was not interpreted:
use_dust_density_field      = 0
Output to Global Dir .
Successfully read ParameterFile z_0015/z_0015.
yt : [INFO     ] 2026-07-31 00:59:58,215 Global parallel computation enabled: 16 / 560
yt : [INFO     ] 2026-07-31 00:59:58,215 Global parallel computation enabled: 18 / 560
yt : [INFO     ] 2026-07-31 00:59:58,215 Global parallel computation enabled: 372 / 560
yt : [INFO     ] 2026-07-31 00:59:58,215 Global parallel computation enabled: 532 / 560
yt : [INFO     ] 2026-07-31 00:59:58,215 Global parallel computation enabled: 210 / 560
yt : [INFO     ] 2026-07-31 00:59:58,216 Global parallel computation enabled: 327 / 560
yt : [INFO     ] 2026-07-31 00:59:58,215 Global parallel computation enabled: 19 / 560
yt : [INFO     ] 2026-07-31 00:59:58,215 Global parallel computation enabled: 99 / 560
yt : [INFO     ] 2026-07-31 00:59:58,216 Global parallel computation enabled: 267 / 560
yt : [INFO     ] 2026-07-31 00:59:58,215 Global parallel computation enabled: 129 / 560
yt : [INFO     ] 2026-07-31 00:59:58,215 Global parallel computation enabled: 375 / 560
yt : [INFO     ] 2026-07-31 00:59:58,215 Global parallel computation enabled: 533 / 560
yt : [INFO     ] 2026-07-31 00:59:58,215 Global parallel computation enabled: 437 / 560
yt : [INFO     ] 2026-07-31 00:59:58,215 Global parallel computation enabled: 182 / 560
yt : [INFO     ] 2026-07-31 00:59:58,215 Global parallel computation enabled: 211 / 560
yt : [INFO     ] 2026-07-31 00:59:58,216 Global parallel computation enabled: 330 / 560
yt : [INFO     ] 2026-07-31 00:59:58,215 Global parallel computation enabled: 23 / 560
yt : [INFO     ] 2026-07-31 00:59:58,215 Global parallel computation enabled: 101 / 560
yt : [INFO     ] 2026-07-31 00:59:58,216 Global parallel computation enabled: 257 / 560
yt : [INFO     ] 2026-07-31 00:59:58,215 Global parallel computation enabled: 130 / 560
yt : [INFO     ] 2026-07-31 00:59:58,215 Global parallel computation enabled: 377 / 560
yt : [INFO     ] 2026-07-31 00:59:58,215 Global parallel computation enabled: 534 / 560
yt : [INFO     ] 2026-07-31 00:59:58,215 Global parallel computation enabled: 439 / 560
yt : [INFO     ] 2026-07-31 00:59:58,215 Global parallel computation enabled: 477 / 560
yt : [INFO     ] 2026-07-31 00:59:58,215 Global parallel computation enabled: 184 / 560
yt : [INFO     ] 2026-07-31 00:59:58,215 Global parallel computation enabled: 215 / 560
yt : [INFO     ] 2026-07-31 00:59:58,215 Global parallel computation enabled: 505 / 560
yt : [INFO     ] 2026-07-31 00:59:58,216 Global parallel computation enabled: 322 / 560
yt : [INFO     ] 2026-07-31 00:59:58,215 Global parallel computation enabled: 75 / 560
yt : [INFO     ] 2026-07-31 00:59:58,215 Global parallel computation enabled: 25 / 560
yt : [INFO     ] 2026-07-31 00:59:58,215 Global parallel computation enabled: 113 / 560
yt : [INFO     ] 2026-07-31 00:59:58,216 Global parallel computation enabled: 263 / 560
yt : [INFO     ] 2026-07-31 00:59:58,215 Global parallel computation enabled: 133 / 560
yt : [INFO     ] 2026-07-31 00:59:58,215 Global parallel computation enabled: 364 / 560
yt : [INFO     ] 2026-07-31 00:59:58,215 Global parallel computation enabled: 535 / 560
yt : [INFO     ] 2026-07-31 00:59:58,215 Global parallel computation enabled: 442 / 560
yt : [INFO     ] 2026-07-31 00:59:58,215 Global parallel computation enabled: 479 / 560
yt : [INFO     ] 2026-07-31 00:59:58,215 Global parallel computation enabled: 185 / 560
yt : [INFO     ] 2026-07-31 00:59:58,215 Global parallel computation enabled: 216 / 560
yt : [INFO     ] 2026-07-31 00:59:58,215 Global parallel computation enabled: 508 / 560
yt : [INFO     ] 2026-07-31 00:59:58,216 Global parallel computation enabled: 323 / 560
yt : [INFO     ] 2026-07-31 00:59:58,215 Global parallel computation enabled: 76 / 560
yt : [INFO     ] 2026-07-31 00:59:58,215 Global parallel computation enabled: 26 / 560
yt : [INFO     ] 2026-07-31 00:59:58,214 Global parallel computation enabled: 84 / 560
yt : [INFO     ] 2026-07-31 00:59:58,216 Global parallel computation enabled: 264 / 560
yt : [INFO     ] 2026-07-31 00:59:58,215 Global parallel computation enabled: 134 / 560
yt : [INFO     ] 2026-07-31 00:59:58,215 Global parallel computation enabled: 365 / 560
yt : [INFO     ] 2026-07-31 00:59:58,215 Global parallel computation enabled: 537 / 560
yt : [INFO     ] 2026-07-31 00:59:58,215 Global parallel computation enabled: 446 / 560
yt : [INFO     ] 2026-07-31 00:59:58,215 Global parallel computation enabled: 480 / 560
yt : [INFO     ] 2026-07-31 00:59:58,215 Global parallel computation enabled: 467 / 560
yt : [INFO     ] 2026-07-31 00:59:58,215 Global parallel computation enabled: 186 / 560
yt : [INFO     ] 2026-07-31 00:59:58,215 Global parallel computation enabled: 217 / 560
yt : [INFO     ] 2026-07-31 00:59:58,215 Global parallel computation enabled: 509 / 560
yt : [INFO     ] 2026-07-31 00:59:58,216 Global parallel computation enabled: 324 / 560
yt : [INFO     ] 2026-07-31 00:59:58,215 Global parallel computation enabled: 79 / 560
yt : [INFO     ] 2026-07-31 00:59:58,215 Global parallel computation enabled: 14 / 560
yt : [INFO     ] 2026-07-31 00:59:58,214 Global parallel computation enabled: 87 / 560
yt : [INFO     ] 2026-07-31 00:59:58,216 Global parallel computation enabled: 268 / 560
yt : [INFO     ] 2026-07-31 00:59:58,215 Global parallel computation enabled: 135 / 560
yt : [INFO     ] 2026-07-31 00:59:58,215 Global parallel computation enabled: 366 / 560
yt : [INFO     ] 2026-07-31 00:59:58,215 Global parallel computation enabled: 538 / 560
yt : [INFO     ] 2026-07-31 00:59:58,215 Global parallel computation enabled: 447 / 560
yt : [INFO     ] 2026-07-31 00:59:58,215 Global parallel computation enabled: 483 / 560
yt : [INFO     ] 2026-07-31 00:59:58,216 Global parallel computation enabled: 449 / 560
yt : [INFO     ] 2026-07-31 00:59:58,215 Global parallel computation enabled: 187 / 560
yt : [INFO     ] 2026-07-31 00:59:58,215 Global parallel computation enabled: 218 / 560
yt : [INFO     ] 2026-07-31 00:59:58,215 Global parallel computation enabled: 511 / 560
yt : [INFO     ] 2026-07-31 00:59:58,216 Global parallel computation enabled: 325 / 560
yt : [INFO     ] 2026-07-31 00:59:58,215 Global parallel computation enabled: 339 / 560
yt : [INFO     ] 2026-07-31 00:59:58,215 Global parallel computation enabled: 81 / 560
yt : [INFO     ] 2026-07-31 00:59:58,217 Global parallel computation enabled: 406 / 560
yt : [INFO     ] 2026-07-31 00:59:58,215 Global parallel computation enabled: 15 / 560
yt : [INFO     ] 2026-07-31 00:59:58,214 Global parallel computation enabled: 89 / 560
yt : [INFO     ] 2026-07-31 00:59:58,216 Global parallel computation enabled: 252 / 560
yt : [INFO     ] 2026-07-31 00:59:58,215 Global parallel computation enabled: 136 / 560
yt : [INFO     ] 2026-07-31 00:59:58,215 Global parallel computation enabled: 367 / 560
yt : [INFO     ] 2026-07-31 00:59:58,215 Global parallel computation enabled: 540 / 560
yt : [INFO     ] 2026-07-31 00:59:58,215 Global parallel computation enabled: 434 / 560
yt : [INFO     ] 2026-07-31 00:59:58,215 Global parallel computation enabled: 485 / 560
yt : [INFO     ] 2026-07-31 00:59:58,216 Global parallel computation enabled: 453 / 560
yt : [INFO     ] 2026-07-31 00:59:58,215 Global parallel computation enabled: 188 / 560
yt : [INFO     ] 2026-07-31 00:59:58,215 Global parallel computation enabled: 220 / 560
yt : [INFO     ] 2026-07-31 00:59:58,215 Global parallel computation enabled: 515 / 560
yt : [INFO     ] 2026-07-31 00:59:58,216 Global parallel computation enabled: 326 / 560
yt : [INFO     ] 2026-07-31 00:59:58,215 Global parallel computation enabled: 341 / 560
yt : [INFO     ] 2026-07-31 00:59:58,215 Global parallel computation enabled: 56 / 560
yt : [INFO     ] 2026-07-31 00:59:58,217 Global parallel computation enabled: 407 / 560
yt : [INFO     ] 2026-07-31 00:59:58,215 Global parallel computation enabled: 17 / 560
yt : [INFO     ] 2026-07-31 00:59:58,214 Global parallel computation enabled: 94 / 560
yt : [INFO     ] 2026-07-31 00:59:58,216 Global parallel computation enabled: 253 / 560
yt : [INFO     ] 2026-07-31 00:59:58,215 Global parallel computation enabled: 138 / 560
yt : [INFO     ] 2026-07-31 00:59:58,215 Global parallel computation enabled: 368 / 560
yt : [INFO     ] 2026-07-31 00:59:58,215 Global parallel computation enabled: 542 / 560
yt : [INFO     ] 2026-07-31 00:59:58,215 Global parallel computation enabled: 435 / 560
yt : [INFO     ] 2026-07-31 00:59:58,215 Global parallel computation enabled: 486 / 560
yt : [INFO     ] 2026-07-31 00:59:58,216 Global parallel computation enabled: 457 / 560
yt : [INFO     ] 2026-07-31 00:59:58,215 Global parallel computation enabled: 189 / 560
yt : [INFO     ] 2026-07-31 00:59:58,215 Global parallel computation enabled: 221 / 560
yt : [INFO     ] 2026-07-31 00:59:58,215 Global parallel computation enabled: 517 / 560
yt : [INFO     ] 2026-07-31 00:59:58,216 Global parallel computation enabled: 328 / 560
yt : [INFO     ] 2026-07-31 00:59:58,215 Global parallel computation enabled: 342 / 560
yt : [INFO     ] 2026-07-31 00:59:58,215 Global parallel computation enabled: 82 / 560
yt : [INFO     ] 2026-07-31 00:59:58,217 Global parallel computation enabled: 411 / 560
yt : [INFO     ] 2026-07-31 00:59:58,215 Global parallel computation enabled: 3 / 560
yt : [INFO     ] 2026-07-31 00:59:58,215 Global parallel computation enabled: 103 / 560
yt : [INFO     ] 2026-07-31 00:59:58,216 Global parallel computation enabled: 254 / 560
yt : [INFO     ] 2026-07-31 00:59:58,215 Global parallel computation enabled: 139 / 560
yt : [INFO     ] 2026-07-31 00:59:58,215 Global parallel computation enabled: 369 / 560
yt : [INFO     ] 2026-07-31 00:59:58,215 Global parallel computation enabled: 543 / 560
yt : [INFO     ] 2026-07-31 00:59:58,215 Global parallel computation enabled: 436 / 560
yt : [INFO     ] 2026-07-31 00:59:58,215 Global parallel computation enabled: 488 / 560
yt : [INFO     ] 2026-07-31 00:59:58,215 Global parallel computation enabled: 468 / 560
yt : [INFO     ] 2026-07-31 00:59:58,215 Global parallel computation enabled: 192 / 560
yt : [INFO     ] 2026-07-31 00:59:58,215 Global parallel computation enabled: 223 / 560
yt : [INFO     ] 2026-07-31 00:59:58,215 Global parallel computation enabled: 522 / 560
yt : [INFO     ] 2026-07-31 00:59:58,216 Global parallel computation enabled: 329 / 560
yt : [INFO     ] 2026-07-31 00:59:58,215 Global parallel computation enabled: 343 / 560
yt : [INFO     ] 2026-07-31 00:59:58,215 Global parallel computation enabled: 57 / 560
yt : [INFO     ] 2026-07-31 00:59:58,217 Global parallel computation enabled: 416 / 560
yt : [INFO     ] 2026-07-31 00:59:58,215 Global parallel computation enabled: 8 / 560
yt : [INFO     ] 2026-07-31 00:59:58,215 Global parallel computation enabled: 115 / 560
yt : [INFO     ] 2026-07-31 00:59:58,216 Global parallel computation enabled: 255 / 560
yt : [INFO     ] 2026-07-31 00:59:58,215 Global parallel computation enabled: 126 / 560
yt : [INFO     ] 2026-07-31 00:59:58,215 Global parallel computation enabled: 370 / 560
yt : [INFO     ] 2026-07-31 00:59:58,215 Global parallel computation enabled: 545 / 560
yt : [INFO     ] 2026-07-31 00:59:58,215 Global parallel computation enabled: 438 / 560
yt : [INFO     ] 2026-07-31 00:59:58,215 Global parallel computation enabled: 489 / 560
yt : [INFO     ] 2026-07-31 00:59:58,216 Global parallel computation enabled: 448 / 560
yt : [INFO     ] 2026-07-31 00:59:58,215 Global parallel computation enabled: 194 / 560
yt : [INFO     ] 2026-07-31 00:59:58,215 Global parallel computation enabled: 212 / 560
yt : [INFO     ] 2026-07-31 00:59:58,215 Global parallel computation enabled: 504 / 560
yt : [INFO     ] 2026-07-31 00:59:58,216 Global parallel computation enabled: 331 / 560
yt : [INFO     ] 2026-07-31 00:59:58,215 Global parallel computation enabled: 344 / 560
yt : [INFO     ] 2026-07-31 00:59:58,215 Global parallel computation enabled: 83 / 560
yt : [INFO     ] 2026-07-31 00:59:58,217 Global parallel computation enabled: 417 / 560
yt : [INFO     ] 2026-07-31 00:59:58,215 Global parallel computation enabled: 9 / 560
yt : [INFO     ] 2026-07-31 00:59:58,214 Global parallel computation enabled: 91 / 560
yt : [INFO     ] 2026-07-31 00:59:58,216 Global parallel computation enabled: 256 / 560
yt : [INFO     ] 2026-07-31 00:59:58,215 Global parallel computation enabled: 127 / 560
yt : [INFO     ] 2026-07-31 00:59:58,215 Global parallel computation enabled: 371 / 560
yt : [INFO     ] 2026-07-31 00:59:58,215 Global parallel computation enabled: 546 / 560
yt : [INFO     ] 2026-07-31 00:59:58,215 Global parallel computation enabled: 440 / 560
yt : [INFO     ] 2026-07-31 00:59:58,215 Global parallel computation enabled: 476 / 560
yt : [INFO     ] 2026-07-31 00:59:58,216 Global parallel computation enabled: 450 / 560
yt : [INFO     ] 2026-07-31 00:59:58,215 Global parallel computation enabled: 183 / 560
yt : [INFO     ] 2026-07-31 00:59:58,215 Global parallel computation enabled: 213 / 560
yt : [INFO     ] 2026-07-31 00:59:58,215 Global parallel computation enabled: 506 / 560
yt : [INFO     ] 2026-07-31 00:59:58,215 Global parallel computation enabled: 298 / 560
yt : [INFO     ] 2026-07-31 00:59:58,215 Global parallel computation enabled: 345 / 560
yt : [INFO     ] 2026-07-31 00:59:58,215 Global parallel computation enabled: 70 / 560
yt : [INFO     ] 2026-07-31 00:59:58,217 Global parallel computation enabled: 418 / 560
yt : [INFO     ] 2026-07-31 00:59:58,215 Global parallel computation enabled: 10 / 560
yt : [INFO     ] 2026-07-31 00:59:58,214 Global parallel computation enabled: 92 / 560
yt : [INFO     ] 2026-07-31 00:59:58,216 Global parallel computation enabled: 258 / 560
yt : [INFO     ] 2026-07-31 00:59:58,215 Global parallel computation enabled: 128 / 560
yt : [INFO     ] 2026-07-31 00:59:58,215 Global parallel computation enabled: 373 / 560
yt : [INFO     ] 2026-07-31 00:59:58,215 Global parallel computation enabled: 536 / 560
yt : [INFO     ] 2026-07-31 00:59:58,215 Global parallel computation enabled: 441 / 560
yt : [INFO     ] 2026-07-31 00:59:58,215 Global parallel computation enabled: 478 / 560
yt : [INFO     ] 2026-07-31 00:59:58,216 Global parallel computation enabled: 451 / 560
yt : [INFO     ] 2026-07-31 00:59:58,215 Global parallel computation enabled: 190 / 560
yt : [INFO     ] 2026-07-31 00:59:58,215 Global parallel computation enabled: 214 / 560
yt : [INFO     ] 2026-07-31 00:59:58,215 Global parallel computation enabled: 507 / 560
yt : [INFO     ] 2026-07-31 00:59:58,215 Global parallel computation enabled: 299 / 560
yt : [INFO     ] 2026-07-31 00:59:58,215 Global parallel computation enabled: 346 / 560
yt : [INFO     ] 2026-07-31 00:59:58,215 Global parallel computation enabled: 71 / 560
yt : [INFO     ] 2026-07-31 00:59:58,217 Global parallel computation enabled: 419 / 560
yt : [INFO     ] 2026-07-31 00:59:58,215 Global parallel computation enabled: 13 / 560
yt : [INFO     ] 2026-07-31 00:59:58,214 Global parallel computation enabled: 97 / 560
yt : [INFO     ] 2026-07-31 00:59:58,216 Global parallel computation enabled: 259 / 560
yt : [INFO     ] 2026-07-31 00:59:58,215 Global parallel computation enabled: 131 / 560
yt : [INFO     ] 2026-07-31 00:59:58,215 Global parallel computation enabled: 374 / 560
yt : [INFO     ] 2026-07-31 00:59:58,215 Global parallel computation enabled: 539 / 560
yt : [INFO     ] 2026-07-31 00:59:58,215 Global parallel computation enabled: 443 / 560
yt : [INFO     ] 2026-07-31 00:59:58,215 Global parallel computation enabled: 481 / 560
yt : [INFO     ] 2026-07-31 00:59:58,216 Global parallel computation enabled: 452 / 560
yt : [INFO     ] 2026-07-31 00:59:58,215 Global parallel computation enabled: 191 / 560
yt : [INFO     ] 2026-07-31 00:59:58,215 Global parallel computation enabled: 219 / 560
yt : [INFO     ] 2026-07-31 00:59:58,215 Global parallel computation enabled: 510 / 560
yt : [INFO     ] 2026-07-31 00:59:58,215 Global parallel computation enabled: 303 / 560
yt : [INFO     ] 2026-07-31 00:59:58,215 Global parallel computation enabled: 347 / 560
yt : [INFO     ] 2026-07-31 00:59:58,215 Global parallel computation enabled: 58 / 560
yt : [INFO     ] 2026-07-31 00:59:58,217 Global parallel computation enabled: 408 / 560
yt : [INFO     ] 2026-07-31 00:59:58,215 Global parallel computation enabled: 20 / 560
yt : [INFO     ] 2026-07-31 00:59:58,215 Global parallel computation enabled: 105 / 560
yt : [INFO     ] 2026-07-31 00:59:58,216 Global parallel computation enabled: 260 / 560
yt : [INFO     ] 2026-07-31 00:59:58,215 Global parallel computation enabled: 132 / 560
yt : [INFO     ] 2026-07-31 00:59:58,215 Global parallel computation enabled: 376 / 560
yt : [INFO     ] 2026-07-31 00:59:58,215 Global parallel computation enabled: 541 / 560
yt : [INFO     ] 2026-07-31 00:59:58,215 Global parallel computation enabled: 444 / 560
yt : [INFO     ] 2026-07-31 00:59:58,215 Global parallel computation enabled: 482 / 560
yt : [INFO     ] 2026-07-31 00:59:58,216 Global parallel computation enabled: 454 / 560
yt : [INFO     ] 2026-07-31 00:59:58,215 Global parallel computation enabled: 193 / 560
yt : [INFO     ] 2026-07-31 00:59:58,215 Global parallel computation enabled: 222 / 560
yt : [INFO     ] 2026-07-31 00:59:58,215 Global parallel computation enabled: 512 / 560
yt : [INFO     ] 2026-07-31 00:59:58,216 Global parallel computation enabled: 332 / 560
yt : [INFO     ] 2026-07-31 00:59:58,215 Global parallel computation enabled: 348 / 560
yt : [INFO     ] 2026-07-31 00:59:58,215 Global parallel computation enabled: 72 / 560
yt : [INFO     ] 2026-07-31 00:59:58,217 Global parallel computation enabled: 409 / 560
yt : [INFO     ] 2026-07-31 00:59:58,215 Global parallel computation enabled: 0 / 560
yt : [INFO     ] 2026-07-31 00:59:58,214 Global parallel computation enabled: 85 / 560
yt : [INFO     ] 2026-07-31 00:59:58,216 Global parallel computation enabled: 261 / 560
yt : [INFO     ] 2026-07-31 00:59:58,215 Global parallel computation enabled: 137 / 560
yt : [INFO     ] 2026-07-31 00:59:58,215 Global parallel computation enabled: 378 / 560
yt : [INFO     ] 2026-07-31 00:59:58,215 Global parallel computation enabled: 544 / 560
yt : [INFO     ] 2026-07-31 00:59:58,215 Global parallel computation enabled: 445 / 560
yt : [INFO     ] 2026-07-31 00:59:58,215 Global parallel computation enabled: 484 / 560
yt : [INFO     ] 2026-07-31 00:59:58,216 Global parallel computation enabled: 455 / 560
yt : [INFO     ] 2026-07-31 00:59:58,215 Global parallel computation enabled: 195 / 560
yt : [INFO     ] 2026-07-31 00:59:58,215 Global parallel computation enabled: 239 / 560
yt : [INFO     ] 2026-07-31 00:59:58,215 Global parallel computation enabled: 513 / 560
yt : [INFO     ] 2026-07-31 00:59:58,215 Global parallel computation enabled: 304 / 560
yt : [INFO     ] 2026-07-31 00:59:58,215 Global parallel computation enabled: 349 / 560
yt : [INFO     ] 2026-07-31 00:59:58,215 Global parallel computation enabled: 62 / 560
yt : [INFO     ] 2026-07-31 00:59:58,217 Global parallel computation enabled: 410 / 560
yt : [INFO     ] 2026-07-31 00:59:58,215 Global parallel computation enabled: 1 / 560
yt : [INFO     ] 2026-07-31 00:59:58,214 Global parallel computation enabled: 86 / 560
yt : [INFO     ] 2026-07-31 00:59:58,216 Global parallel computation enabled: 262 / 560
yt : [INFO     ] 2026-07-31 00:59:58,215 Global parallel computation enabled: 140 / 560
yt : [INFO     ] 2026-07-31 00:59:58,215 Global parallel computation enabled: 379 / 560
yt : [INFO     ] 2026-07-31 00:59:58,215 Global parallel computation enabled: 549 / 560
yt : [INFO     ] 2026-07-31 00:59:58,215 Global parallel computation enabled: 424 / 560
yt : [INFO     ] 2026-07-31 00:59:58,215 Global parallel computation enabled: 487 / 560
yt : [INFO     ] 2026-07-31 00:59:58,216 Global parallel computation enabled: 456 / 560
yt : [INFO     ] 2026-07-31 00:59:58,216 Global parallel computation enabled: 170 / 560
yt : [INFO     ] 2026-07-31 00:59:58,215 Global parallel computation enabled: 241 / 560
yt : [INFO     ] 2026-07-31 00:59:58,215 Global parallel computation enabled: 514 / 560
yt : [INFO     ] 2026-07-31 00:59:58,215 Global parallel computation enabled: 307 / 560
yt : [INFO     ] 2026-07-31 00:59:58,215 Global parallel computation enabled: 336 / 560
yt : [INFO     ] 2026-07-31 00:59:58,215 Global parallel computation enabled: 73 / 560
yt : [INFO     ] 2026-07-31 00:59:58,217 Global parallel computation enabled: 412 / 560
yt : [INFO     ] 2026-07-31 00:59:58,215 Global parallel computation enabled: 2 / 560
yt : [INFO     ] 2026-07-31 00:59:58,214 Global parallel computation enabled: 88 / 560
yt : [INFO     ] 2026-07-31 00:59:58,216 Global parallel computation enabled: 265 / 560
yt : [INFO     ] 2026-07-31 00:59:58,215 Global parallel computation enabled: 144 / 560
yt : [INFO     ] 2026-07-31 00:59:58,215 Global parallel computation enabled: 380 / 560
yt : [INFO     ] 2026-07-31 00:59:58,215 Global parallel computation enabled: 551 / 560
yt : [INFO     ] 2026-07-31 00:59:58,215 Global parallel computation enabled: 429 / 560
yt : [INFO     ] 2026-07-31 00:59:58,215 Global parallel computation enabled: 490 / 560
yt : [INFO     ] 2026-07-31 00:59:58,216 Global parallel computation enabled: 458 / 560
yt : [INFO     ] 2026-07-31 00:59:58,216 Global parallel computation enabled: 174 / 560
yt : [INFO     ] 2026-07-31 00:59:58,215 Global parallel computation enabled: 243 / 560
yt : [INFO     ] 2026-07-31 00:59:58,215 Global parallel computation enabled: 516 / 560
yt : [INFO     ] 2026-07-31 00:59:58,216 Global parallel computation enabled: 333 / 560
yt : [INFO     ] 2026-07-31 00:59:58,215 Global parallel computation enabled: 337 / 560
yt : [INFO     ] 2026-07-31 00:59:58,215 Global parallel computation enabled: 63 / 560
yt : [INFO     ] 2026-07-31 00:59:58,217 Global parallel computation enabled: 413 / 560
yt : [INFO     ] 2026-07-31 00:59:58,215 Global parallel computation enabled: 4 / 560
yt : [INFO     ] 2026-07-31 00:59:58,214 Global parallel computation enabled: 90 / 560
yt : [INFO     ] 2026-07-31 00:59:58,216 Global parallel computation enabled: 269 / 560
yt : [INFO     ] 2026-07-31 00:59:58,215 Global parallel computation enabled: 145 / 560
yt : [INFO     ] 2026-07-31 00:59:58,215 Global parallel computation enabled: 382 / 560
yt : [INFO     ] 2026-07-31 00:59:58,215 Global parallel computation enabled: 553 / 560
yt : [INFO     ] 2026-07-31 00:59:58,215 Global parallel computation enabled: 430 / 560
yt : [INFO     ] 2026-07-31 00:59:58,215 Global parallel computation enabled: 493 / 560
yt : [INFO     ] 2026-07-31 00:59:58,216 Global parallel computation enabled: 459 / 560
yt : [INFO     ] 2026-07-31 00:59:58,216 Global parallel computation enabled: 179 / 560
yt : [INFO     ] 2026-07-31 00:59:58,215 Global parallel computation enabled: 244 / 560
yt : [INFO     ] 2026-07-31 00:59:58,215 Global parallel computation enabled: 523 / 560
yt : [INFO     ] 2026-07-31 00:59:58,215 Global parallel computation enabled: 294 / 560
yt : [INFO     ] 2026-07-31 00:59:58,215 Global parallel computation enabled: 338 / 560
yt : [INFO     ] 2026-07-31 00:59:58,215 Global parallel computation enabled: 74 / 560
yt : [INFO     ] 2026-07-31 00:59:58,217 Global parallel computation enabled: 414 / 560
yt : [INFO     ] 2026-07-31 00:59:58,215 Global parallel computation enabled: 5 / 560
yt : [INFO     ] 2026-07-31 00:59:58,214 Global parallel computation enabled: 93 / 560
yt : [INFO     ] 2026-07-31 00:59:58,216 Global parallel computation enabled: 270 / 560
yt : [INFO     ] 2026-07-31 00:59:58,215 Global parallel computation enabled: 146 / 560
yt : [INFO     ] 2026-07-31 00:59:58,215 Global parallel computation enabled: 383 / 560
yt : [INFO     ] 2026-07-31 00:59:58,215 Global parallel computation enabled: 555 / 560
yt : [INFO     ] 2026-07-31 00:59:58,215 Global parallel computation enabled: 432 / 560
yt : [INFO     ] 2026-07-31 00:59:58,215 Global parallel computation enabled: 495 / 560
yt : [INFO     ] 2026-07-31 00:59:58,216 Global parallel computation enabled: 460 / 560
yt : [INFO     ] 2026-07-31 00:59:58,216 Global parallel computation enabled: 169 / 560
yt : [INFO     ] 2026-07-31 00:59:58,215 Global parallel computation enabled: 245 / 560
yt : [INFO     ] 2026-07-31 00:59:58,215 Global parallel computation enabled: 530 / 560
yt : [INFO     ] 2026-07-31 00:59:58,215 Global parallel computation enabled: 295 / 560
yt : [INFO     ] 2026-07-31 00:59:58,215 Global parallel computation enabled: 340 / 560
yt : [INFO     ] 2026-07-31 00:59:58,215 Global parallel computation enabled: 64 / 560
yt : [INFO     ] 2026-07-31 00:59:58,217 Global parallel computation enabled: 415 / 560
yt : [INFO     ] 2026-07-31 00:59:58,215 Global parallel computation enabled: 6 / 560
yt : [INFO     ] 2026-07-31 00:59:58,214 Global parallel computation enabled: 95 / 560
yt : [INFO     ] 2026-07-31 00:59:58,216 Global parallel computation enabled: 272 / 560
yt : [INFO     ] 2026-07-31 00:59:58,215 Global parallel computation enabled: 148 / 560
yt : [INFO     ] 2026-07-31 00:59:58,215 Global parallel computation enabled: 385 / 560
yt : [INFO     ] 2026-07-31 00:59:58,215 Global parallel computation enabled: 557 / 560
yt : [INFO     ] 2026-07-31 00:59:58,215 Global parallel computation enabled: 433 / 560
yt : [INFO     ] 2026-07-31 00:59:58,215 Global parallel computation enabled: 501 / 560
yt : [INFO     ] 2026-07-31 00:59:58,216 Global parallel computation enabled: 461 / 560
yt : [INFO     ] 2026-07-31 00:59:58,216 Global parallel computation enabled: 173 / 560
yt : [INFO     ] 2026-07-31 00:59:58,215 Global parallel computation enabled: 246 / 560
yt : [INFO     ] 2026-07-31 00:59:58,215 Global parallel computation enabled: 518 / 560
yt : [INFO     ] 2026-07-31 00:59:58,215 Global parallel computation enabled: 296 / 560
yt : [INFO     ] 2026-07-31 00:59:58,215 Global parallel computation enabled: 77 / 560
yt : [INFO     ] 2026-07-31 00:59:58,216 Global parallel computation enabled: 392 / 560
yt : [INFO     ] 2026-07-31 00:59:58,215 Global parallel computation enabled: 7 / 560
yt : [INFO     ] 2026-07-31 00:59:58,214 Global parallel computation enabled: 96 / 560
yt : [INFO     ] 2026-07-31 00:59:58,216 Global parallel computation enabled: 274 / 560
yt : [INFO     ] 2026-07-31 00:59:58,215 Global parallel computation enabled: 149 / 560
yt : [INFO     ] 2026-07-31 00:59:58,215 Global parallel computation enabled: 386 / 560
yt : [INFO     ] 2026-07-31 00:59:58,215 Global parallel computation enabled: 559 / 560
yt : [INFO     ] 2026-07-31 00:59:58,215 Global parallel computation enabled: 420 / 560
yt : [INFO     ] 2026-07-31 00:59:58,215 Global parallel computation enabled: 491 / 560
yt : [INFO     ] 2026-07-31 00:59:58,215 Global parallel computation enabled: 469 / 560
yt : [INFO     ] 2026-07-31 00:59:58,216 Global parallel computation enabled: 177 / 560
yt : [INFO     ] 2026-07-31 00:59:58,215 Global parallel computation enabled: 248 / 560
yt : [INFO     ] 2026-07-31 00:59:58,215 Global parallel computation enabled: 519 / 560
yt : [INFO     ] 2026-07-31 00:59:58,215 Global parallel computation enabled: 297 / 560
yt : [INFO     ] 2026-07-31 00:59:58,215 Global parallel computation enabled: 67 / 560
yt : [INFO     ] 2026-07-31 00:59:58,216 Global parallel computation enabled: 393 / 560
yt : [INFO     ] 2026-07-31 00:59:58,215 Global parallel computation enabled: 11 / 560
yt : [INFO     ] 2026-07-31 00:59:58,215 Global parallel computation enabled: 107 / 560
yt : [INFO     ] 2026-07-31 00:59:58,216 Global parallel computation enabled: 276 / 560
yt : [INFO     ] 2026-07-31 00:59:58,215 Global parallel computation enabled: 151 / 560
yt : [INFO     ] 2026-07-31 00:59:58,215 Global parallel computation enabled: 387 / 560
yt : [INFO     ] 2026-07-31 00:59:58,215 Global parallel computation enabled: 547 / 560
yt : [INFO     ] 2026-07-31 00:59:58,215 Global parallel computation enabled: 421 / 560
yt : [INFO     ] 2026-07-31 00:59:58,215 Global parallel computation enabled: 492 / 560
yt : [INFO     ] 2026-07-31 00:59:58,215 Global parallel computation enabled: 474 / 560
yt : [INFO     ] 2026-07-31 00:59:58,216 Global parallel computation enabled: 178 / 560
yt : [INFO     ] 2026-07-31 00:59:58,215 Global parallel computation enabled: 251 / 560
yt : [INFO     ] 2026-07-31 00:59:58,215 Global parallel computation enabled: 520 / 560
yt : [INFO     ] 2026-07-31 00:59:58,215 Global parallel computation enabled: 300 / 560
yt : [INFO     ] 2026-07-31 00:59:58,215 Global parallel computation enabled: 78 / 560
yt : [INFO     ] 2026-07-31 00:59:58,216 Global parallel computation enabled: 394 / 560
yt : [INFO     ] 2026-07-31 00:59:58,215 Global parallel computation enabled: 12 / 560
yt : [INFO     ] 2026-07-31 00:59:58,215 Global parallel computation enabled: 117 / 560
yt : [INFO     ] 2026-07-31 00:59:58,216 Global parallel computation enabled: 277 / 560
yt : [INFO     ] 2026-07-31 00:59:58,215 Global parallel computation enabled: 152 / 560
yt : [INFO     ] 2026-07-31 00:59:58,215 Global parallel computation enabled: 388 / 560
yt : [INFO     ] 2026-07-31 00:59:58,215 Global parallel computation enabled: 548 / 560
yt : [INFO     ] 2026-07-31 00:59:58,215 Global parallel computation enabled: 422 / 560
yt : [INFO     ] 2026-07-31 00:59:58,215 Global parallel computation enabled: 494 / 560
yt : [INFO     ] 2026-07-31 00:59:58,215 Global parallel computation enabled: 462 / 560
yt : [INFO     ] 2026-07-31 00:59:58,216 Global parallel computation enabled: 168 / 560
yt : [INFO     ] 2026-07-31 00:59:58,215 Global parallel computation enabled: 238 / 560
yt : [INFO     ] 2026-07-31 00:59:58,215 Global parallel computation enabled: 521 / 560
yt : [INFO     ] 2026-07-31 00:59:58,215 Global parallel computation enabled: 301 / 560
yt : [INFO     ] 2026-07-31 00:59:58,215 Global parallel computation enabled: 69 / 560
yt : [INFO     ] 2026-07-31 00:59:58,216 Global parallel computation enabled: 395 / 560
yt : [INFO     ] 2026-07-31 00:59:58,215 Global parallel computation enabled: 21 / 560
yt : [INFO     ] 2026-07-31 00:59:58,215 Global parallel computation enabled: 108 / 560
yt : [INFO     ] 2026-07-31 00:59:58,216 Global parallel computation enabled: 282 / 560
yt : [INFO     ] 2026-07-31 00:59:58,215 Global parallel computation enabled: 153 / 560
yt : [INFO     ] 2026-07-31 00:59:58,215 Global parallel computation enabled: 389 / 560
yt : [INFO     ] 2026-07-31 00:59:58,215 Global parallel computation enabled: 550 / 560
yt : [INFO     ] 2026-07-31 00:59:58,215 Global parallel computation enabled: 425 / 560
yt : [INFO     ] 2026-07-31 00:59:58,215 Global parallel computation enabled: 496 / 560
yt : [INFO     ] 2026-07-31 00:59:58,215 Global parallel computation enabled: 463 / 560
yt : [INFO     ] 2026-07-31 00:59:58,216 Global parallel computation enabled: 171 / 560
yt : [INFO     ] 2026-07-31 00:59:58,215 Global parallel computation enabled: 240 / 560
yt : [INFO     ] 2026-07-31 00:59:58,215 Global parallel computation enabled: 524 / 560
yt : [INFO     ] 2026-07-31 00:59:58,215 Global parallel computation enabled: 302 / 560
yt : [INFO     ] 2026-07-31 00:59:58,215 Global parallel computation enabled: 80 / 560
yt : [INFO     ] 2026-07-31 00:59:58,216 Global parallel computation enabled: 398 / 560
yt : [INFO     ] 2026-07-31 00:59:58,215 Global parallel computation enabled: 22 / 560
yt : [INFO     ] 2026-07-31 00:59:58,215 Global parallel computation enabled: 118 / 560
yt : [INFO     ] 2026-07-31 00:59:58,216 Global parallel computation enabled: 278 / 560
yt : [INFO     ] 2026-07-31 00:59:58,215 Global parallel computation enabled: 141 / 560
yt : [INFO     ] 2026-07-31 00:59:58,215 Global parallel computation enabled: 390 / 560
yt : [INFO     ] 2026-07-31 00:59:58,215 Global parallel computation enabled: 552 / 560
yt : [INFO     ] 2026-07-31 00:59:58,215 Global parallel computation enabled: 426 / 560
yt : [INFO     ] 2026-07-31 00:59:58,215 Global parallel computation enabled: 497 / 560
yt : [INFO     ] 2026-07-31 00:59:58,215 Global parallel computation enabled: 464 / 560
yt : [INFO     ] 2026-07-31 00:59:58,216 Global parallel computation enabled: 175 / 560
yt : [INFO     ] 2026-07-31 00:59:58,215 Global parallel computation enabled: 242 / 560
yt : [INFO     ] 2026-07-31 00:59:58,215 Global parallel computation enabled: 525 / 560
yt : [INFO     ] 2026-07-31 00:59:58,215 Global parallel computation enabled: 305 / 560
yt : [INFO     ] 2026-07-31 00:59:58,215 Global parallel computation enabled: 59 / 560
yt : [INFO     ] 2026-07-31 00:59:58,216 Global parallel computation enabled: 399 / 560
yt : [INFO     ] 2026-07-31 00:59:58,215 Global parallel computation enabled: 24 / 560
yt : [INFO     ] 2026-07-31 00:59:58,215 Global parallel computation enabled: 109 / 560
yt : [INFO     ] 2026-07-31 00:59:58,216 Global parallel computation enabled: 279 / 560
yt : [INFO     ] 2026-07-31 00:59:58,215 Global parallel computation enabled: 142 / 560
yt : [INFO     ] 2026-07-31 00:59:58,215 Global parallel computation enabled: 391 / 560
yt : [INFO     ] 2026-07-31 00:59:58,215 Global parallel computation enabled: 554 / 560
yt : [INFO     ] 2026-07-31 00:59:58,215 Global parallel computation enabled: 427 / 560
yt : [INFO     ] 2026-07-31 00:59:58,215 Global parallel computation enabled: 498 / 560
yt : [INFO     ] 2026-07-31 00:59:58,215 Global parallel computation enabled: 465 / 560
yt : [INFO     ] 2026-07-31 00:59:58,216 Global parallel computation enabled: 176 / 560
yt : [INFO     ] 2026-07-31 00:59:58,215 Global parallel computation enabled: 247 / 560
yt : [INFO     ] 2026-07-31 00:59:58,215 Global parallel computation enabled: 526 / 560
yt : [INFO     ] 2026-07-31 00:59:58,215 Global parallel computation enabled: 306 / 560
yt : [INFO     ] 2026-07-31 00:59:58,215 Global parallel computation enabled: 60 / 560
yt : [INFO     ] 2026-07-31 00:59:58,216 Global parallel computation enabled: 400 / 560
yt : [INFO     ] 2026-07-31 00:59:58,215 Global parallel computation enabled: 27 / 560
yt : [INFO     ] 2026-07-31 00:59:58,215 Global parallel computation enabled: 119 / 560
yt : [INFO     ] 2026-07-31 00:59:58,216 Global parallel computation enabled: 266 / 560
yt : [INFO     ] 2026-07-31 00:59:58,215 Global parallel computation enabled: 143 / 560
yt : [INFO     ] 2026-07-31 00:59:58,215 Global parallel computation enabled: 381 / 560
yt : [INFO     ] 2026-07-31 00:59:58,215 Global parallel computation enabled: 556 / 560
yt : [INFO     ] 2026-07-31 00:59:58,215 Global parallel computation enabled: 428 / 560
yt : [INFO     ] 2026-07-31 00:59:58,215 Global parallel computation enabled: 499 / 560
yt : [INFO     ] 2026-07-31 00:59:58,215 Global parallel computation enabled: 466 / 560
yt : [INFO     ] 2026-07-31 00:59:58,216 Global parallel computation enabled: 180 / 560
yt : [INFO     ] 2026-07-31 00:59:58,215 Global parallel computation enabled: 249 / 560
yt : [INFO     ] 2026-07-31 00:59:58,215 Global parallel computation enabled: 527 / 560
yt : [INFO     ] 2026-07-31 00:59:58,216 Global parallel computation enabled: 334 / 560
yt : [INFO     ] 2026-07-31 00:59:58,215 Global parallel computation enabled: 61 / 560
yt : [INFO     ] 2026-07-31 00:59:58,216 Global parallel computation enabled: 401 / 560
yt : [INFO     ] 2026-07-31 00:59:58,215 Global parallel computation enabled: 110 / 560
yt : [INFO     ] 2026-07-31 00:59:58,216 Global parallel computation enabled: 271 / 560
yt : [INFO     ] 2026-07-31 00:59:58,215 Global parallel computation enabled: 147 / 560
yt : [INFO     ] 2026-07-31 00:59:58,215 Global parallel computation enabled: 384 / 560
yt : [INFO     ] 2026-07-31 00:59:58,215 Global parallel computation enabled: 558 / 560
yt : [INFO     ] 2026-07-31 00:59:58,215 Global parallel computation enabled: 431 / 560
yt : [INFO     ] 2026-07-31 00:59:58,215 Global parallel computation enabled: 500 / 560
yt : [INFO     ] 2026-07-31 00:59:58,215 Global parallel computation enabled: 470 / 560
yt : [INFO     ] 2026-07-31 00:59:58,216 Global parallel computation enabled: 181 / 560
yt : [INFO     ] 2026-07-31 00:59:58,215 Global parallel computation enabled: 250 / 560
yt : [INFO     ] 2026-07-31 00:59:58,215 Global parallel computation enabled: 528 / 560
yt : [INFO     ] 2026-07-31 00:59:58,216 Global parallel computation enabled: 335 / 560
yt : [INFO     ] 2026-07-31 00:59:58,215 Global parallel computation enabled: 65 / 560
yt : [INFO     ] 2026-07-31 00:59:58,216 Global parallel computation enabled: 402 / 560
yt : [INFO     ] 2026-07-31 00:59:58,215 Global parallel computation enabled: 120 / 560
yt : [INFO     ] 2026-07-31 00:59:58,216 Global parallel computation enabled: 273 / 560
yt : [INFO     ] 2026-07-31 00:59:58,215 Global parallel computation enabled: 150 / 560
yt : [INFO     ] 2026-07-31 00:59:58,215 Global parallel computation enabled: 423 / 560
yt : [INFO     ] 2026-07-31 00:59:58,215 Global parallel computation enabled: 502 / 560
yt : [INFO     ] 2026-07-31 00:59:58,215 Global parallel computation enabled: 471 / 560
yt : [INFO     ] 2026-07-31 00:59:58,216 Global parallel computation enabled: 172 / 560
yt : [INFO     ] 2026-07-31 00:59:58,215 Global parallel computation enabled: 226 / 560
yt : [INFO     ] 2026-07-31 00:59:58,215 Global parallel computation enabled: 529 / 560
yt : [INFO     ] 2026-07-31 00:59:58,216 Global parallel computation enabled: 310 / 560
yt : [INFO     ] 2026-07-31 00:59:58,215 Global parallel computation enabled: 66 / 560
yt : [INFO     ] 2026-07-31 00:59:58,216 Global parallel computation enabled: 403 / 560
yt : [INFO     ] 2026-07-31 00:59:58,215 Global parallel computation enabled: 111 / 560
yt : [INFO     ] 2026-07-31 00:59:58,216 Global parallel computation enabled: 289 / 560
yt : [INFO     ] 2026-07-31 00:59:58,215 Global parallel computation enabled: 156 / 560
yt : [INFO     ] 2026-07-31 00:59:58,215 Global parallel computation enabled: 503 / 560
yt : [INFO     ] 2026-07-31 00:59:58,215 Global parallel computation enabled: 472 / 560
yt : [INFO     ] 2026-07-31 00:59:58,216 Global parallel computation enabled: 198 / 560
yt : [INFO     ] 2026-07-31 00:59:58,215 Global parallel computation enabled: 235 / 560
yt : [INFO     ] 2026-07-31 00:59:58,215 Global parallel computation enabled: 531 / 560
yt : [INFO     ] 2026-07-31 00:59:58,216 Global parallel computation enabled: 311 / 560
yt : [INFO     ] 2026-07-31 00:59:58,215 Global parallel computation enabled: 68 / 560
yt : [INFO     ] 2026-07-31 00:59:58,216 Global parallel computation enabled: 396 / 560
yt : [INFO     ] 2026-07-31 00:59:58,215 Global parallel computation enabled: 125 / 560
yt : [INFO     ] 2026-07-31 00:59:58,216 Global parallel computation enabled: 275 / 560
yt : [INFO     ] 2026-07-31 00:59:58,215 Global parallel computation enabled: 162 / 560
yt : [INFO     ] 2026-07-31 00:59:58,215 Global parallel computation enabled: 473 / 560
yt : [INFO     ] 2026-07-31 00:59:58,216 Global parallel computation enabled: 201 / 560
yt : [INFO     ] 2026-07-31 00:59:58,215 Global parallel computation enabled: 224 / 560
yt : [INFO     ] 2026-07-31 00:59:58,216 Global parallel computation enabled: 313 / 560
yt : [INFO     ] 2026-07-31 00:59:58,216 Global parallel computation enabled: 397 / 560
yt : [INFO     ] 2026-07-31 00:59:58,215 Global parallel computation enabled: 98 / 560
yt : [INFO     ] 2026-07-31 00:59:58,216 Global parallel computation enabled: 290 / 560
yt : [INFO     ] 2026-07-31 00:59:58,215 Global parallel computation enabled: 163 / 560
yt : [INFO     ] 2026-07-31 00:59:58,215 Global parallel computation enabled: 475 / 560
yt : [INFO     ] 2026-07-31 00:59:58,216 Global parallel computation enabled: 204 / 560
yt : [INFO     ] 2026-07-31 00:59:58,215 Global parallel computation enabled: 225 / 560
yt : [INFO     ] 2026-07-31 00:59:58,216 Global parallel computation enabled: 314 / 560
yt : [INFO     ] 2026-07-31 00:59:58,216 Global parallel computation enabled: 404 / 560
yt : [INFO     ] 2026-07-31 00:59:58,215 Global parallel computation enabled: 112 / 560
yt : [INFO     ] 2026-07-31 00:59:58,216 Global parallel computation enabled: 291 / 560
yt : [INFO     ] 2026-07-31 00:59:58,215 Global parallel computation enabled: 165 / 560
yt : [INFO     ] 2026-07-31 00:59:58,216 Global parallel computation enabled: 208 / 560
yt : [INFO     ] 2026-07-31 00:59:58,215 Global parallel computation enabled: 227 / 560
yt : [INFO     ] 2026-07-31 00:59:58,216 Global parallel computation enabled: 315 / 560
yt : [INFO     ] 2026-07-31 00:59:58,216 Global parallel computation enabled: 405 / 560
yt : [INFO     ] 2026-07-31 00:59:58,215 Global parallel computation enabled: 100 / 560
yt : [INFO     ] 2026-07-31 00:59:58,216 Global parallel computation enabled: 292 / 560
yt : [INFO     ] 2026-07-31 00:59:58,215 Global parallel computation enabled: 167 / 560
yt : [INFO     ] 2026-07-31 00:59:58,216 Global parallel computation enabled: 209 / 560
yt : [INFO     ] 2026-07-31 00:59:58,215 Global parallel computation enabled: 228 / 560
yt : [INFO     ] 2026-07-31 00:59:58,216 Global parallel computation enabled: 318 / 560
yt : [INFO     ] 2026-07-31 00:59:58,215 Global parallel computation enabled: 114 / 560
yt : [INFO     ] 2026-07-31 00:59:58,216 Global parallel computation enabled: 280 / 560
yt : [INFO     ] 2026-07-31 00:59:58,215 Global parallel computation enabled: 154 / 560
yt : [INFO     ] 2026-07-31 00:59:58,216 Global parallel computation enabled: 196 / 560
yt : [INFO     ] 2026-07-31 00:59:58,215 Global parallel computation enabled: 229 / 560
yt : [INFO     ] 2026-07-31 00:59:58,216 Global parallel computation enabled: 319 / 560
yt : [INFO     ] 2026-07-31 00:59:58,215 Global parallel computation enabled: 102 / 560
yt : [INFO     ] 2026-07-31 00:59:58,216 Global parallel computation enabled: 281 / 560
yt : [INFO     ] 2026-07-31 00:59:58,215 Global parallel computation enabled: 155 / 560
yt : [INFO     ] 2026-07-31 00:59:58,216 Global parallel computation enabled: 197 / 560
yt : [INFO     ] 2026-07-31 00:59:58,215 Global parallel computation enabled: 230 / 560
yt : [INFO     ] 2026-07-31 00:59:58,216 Global parallel computation enabled: 308 / 560
yt : [INFO     ] 2026-07-31 00:59:58,215 Global parallel computation enabled: 116 / 560
yt : [INFO     ] 2026-07-31 00:59:58,216 Global parallel computation enabled: 283 / 560
yt : [INFO     ] 2026-07-31 00:59:58,215 Global parallel computation enabled: 157 / 560
yt : [INFO     ] 2026-07-31 00:59:58,216 Global parallel computation enabled: 199 / 560
yt : [INFO     ] 2026-07-31 00:59:58,215 Global parallel computation enabled: 231 / 560
yt : [INFO     ] 2026-07-31 00:59:58,216 Global parallel computation enabled: 309 / 560
yt : [INFO     ] 2026-07-31 00:59:58,215 Global parallel computation enabled: 104 / 560
yt : [INFO     ] 2026-07-31 00:59:58,216 Global parallel computation enabled: 284 / 560
yt : [INFO     ] 2026-07-31 00:59:58,215 Global parallel computation enabled: 158 / 560
yt : [INFO     ] 2026-07-31 00:59:58,216 Global parallel computation enabled: 200 / 560
yt : [INFO     ] 2026-07-31 00:59:58,215 Global parallel computation enabled: 232 / 560
yt : [INFO     ] 2026-07-31 00:59:58,216 Global parallel computation enabled: 312 / 560
yt : [INFO     ] 2026-07-31 00:59:58,215 Global parallel computation enabled: 121 / 560
yt : [INFO     ] 2026-07-31 00:59:58,216 Global parallel computation enabled: 285 / 560
yt : [INFO     ] 2026-07-31 00:59:58,215 Global parallel computation enabled: 159 / 560
yt : [INFO     ] 2026-07-31 00:59:58,216 Global parallel computation enabled: 202 / 560
yt : [INFO     ] 2026-07-31 00:59:58,215 Global parallel computation enabled: 233 / 560
yt : [INFO     ] 2026-07-31 00:59:58,216 Global parallel computation enabled: 316 / 560
yt : [INFO     ] 2026-07-31 00:59:58,215 Global parallel computation enabled: 106 / 560
yt : [INFO     ] 2026-07-31 00:59:58,216 Global parallel computation enabled: 286 / 560
yt : [INFO     ] 2026-07-31 00:59:58,215 Global parallel computation enabled: 160 / 560
yt : [INFO     ] 2026-07-31 00:59:58,216 Global parallel computation enabled: 203 / 560
yt : [INFO     ] 2026-07-31 00:59:58,215 Global parallel computation enabled: 234 / 560
yt : [INFO     ] 2026-07-31 00:59:58,216 Global parallel computation enabled: 317 / 560
yt : [INFO     ] 2026-07-31 00:59:58,215 Global parallel computation enabled: 122 / 560
yt : [INFO     ] 2026-07-31 00:59:58,216 Global parallel computation enabled: 287 / 560
yt : [INFO     ] 2026-07-31 00:59:58,215 Global parallel computation enabled: 161 / 560
yt : [INFO     ] 2026-07-31 00:59:58,216 Global parallel computation enabled: 205 / 560
yt : [INFO     ] 2026-07-31 00:59:58,215 Global parallel computation enabled: 236 / 560
yt : [INFO     ] 2026-07-31 00:59:58,216 Global parallel computation enabled: 320 / 560
yt : [INFO     ] 2026-07-31 00:59:58,215 Global parallel computation enabled: 123 / 560
yt : [INFO     ] 2026-07-31 00:59:58,216 Global parallel computation enabled: 288 / 560
yt : [INFO     ] 2026-07-31 00:59:58,215 Global parallel computation enabled: 164 / 560
yt : [INFO     ] 2026-07-31 00:59:58,216 Global parallel computation enabled: 206 / 560
yt : [INFO     ] 2026-07-31 00:59:58,215 Global parallel computation enabled: 237 / 560
yt : [INFO     ] 2026-07-31 00:59:58,216 Global parallel computation enabled: 321 / 560
yt : [INFO     ] 2026-07-31 00:59:58,215 Global parallel computation enabled: 124 / 560
yt : [INFO     ] 2026-07-31 00:59:58,216 Global parallel computation enabled: 293 / 560
yt : [INFO     ] 2026-07-31 00:59:58,215 Global parallel computation enabled: 166 / 560
yt : [INFO     ] 2026-07-31 00:59:58,216 Global parallel computation enabled: 207 / 560
yt : [INFO     ] 2026-07-31 00:59:58,225 Global parallel computation enabled: 28 / 560
yt : [INFO     ] 2026-07-31 00:59:58,225 Global parallel computation enabled: 29 / 560
yt : [INFO     ] 2026-07-31 00:59:58,225 Global parallel computation enabled: 30 / 560
yt : [INFO     ] 2026-07-31 00:59:58,225 Global parallel computation enabled: 33 / 560
yt : [INFO     ] 2026-07-31 00:59:58,225 Global parallel computation enabled: 34 / 560
yt : [INFO     ] 2026-07-31 00:59:58,225 Global parallel computation enabled: 36 / 560
yt : [INFO     ] 2026-07-31 00:59:58,225 Global parallel computation enabled: 38 / 560
yt : [INFO     ] 2026-07-31 00:59:58,225 Global parallel computation enabled: 40 / 560
yt : [INFO     ] 2026-07-31 00:59:58,225 Global parallel computation enabled: 357 / 560
yt : [INFO     ] 2026-07-31 00:59:58,225 Global parallel computation enabled: 31 / 560
yt : [INFO     ] 2026-07-31 00:59:58,225 Global parallel computation enabled: 358 / 560
yt : [INFO     ] 2026-07-31 00:59:58,225 Global parallel computation enabled: 45 / 560
yt : [INFO     ] 2026-07-31 00:59:58,225 Global parallel computation enabled: 32 / 560
yt : [INFO     ] 2026-07-31 00:59:58,225 Global parallel computation enabled: 50 / 560
yt : [INFO     ] 2026-07-31 00:59:58,225 Global parallel computation enabled: 35 / 560
yt : [INFO     ] 2026-07-31 00:59:58,225 Global parallel computation enabled: 37 / 560
yt : [INFO     ] 2026-07-31 00:59:58,225 Global parallel computation enabled: 39 / 560
yt : [INFO     ] 2026-07-31 00:59:58,225 Global parallel computation enabled: 41 / 560
yt : [INFO     ] 2026-07-31 00:59:58,225 Global parallel computation enabled: 52 / 560
yt : [INFO     ] 2026-07-31 00:59:58,225 Global parallel computation enabled: 42 / 560
yt : [INFO     ] 2026-07-31 00:59:58,225 Global parallel computation enabled: 44 / 560
yt : [INFO     ] 2026-07-31 00:59:58,225 Global parallel computation enabled: 359 / 560
yt : [INFO     ] 2026-07-31 00:59:58,225 Global parallel computation enabled: 48 / 560
yt : [INFO     ] 2026-07-31 00:59:58,225 Global parallel computation enabled: 360 / 560
yt : [INFO     ] 2026-07-31 00:59:58,225 Global parallel computation enabled: 49 / 560
yt : [INFO     ] 2026-07-31 00:59:58,225 Global parallel computation enabled: 362 / 560
yt : [INFO     ] 2026-07-31 00:59:58,225 Global parallel computation enabled: 53 / 560
yt : [INFO     ] 2026-07-31 00:59:58,225 Global parallel computation enabled: 363 / 560
yt : [INFO     ] 2026-07-31 00:59:58,225 Global parallel computation enabled: 43 / 560
yt : [INFO     ] 2026-07-31 00:59:58,225 Global parallel computation enabled: 350 / 560
yt : [INFO     ] 2026-07-31 00:59:58,225 Global parallel computation enabled: 46 / 560
yt : [INFO     ] 2026-07-31 00:59:58,225 Global parallel computation enabled: 351 / 560
yt : [INFO     ] 2026-07-31 00:59:58,225 Global parallel computation enabled: 51 / 560
yt : [INFO     ] 2026-07-31 00:59:58,225 Global parallel computation enabled: 352 / 560
yt : [INFO     ] 2026-07-31 00:59:58,225 Global parallel computation enabled: 54 / 560
yt : [INFO     ] 2026-07-31 00:59:58,225 Global parallel computation enabled: 353 / 560
yt : [INFO     ] 2026-07-31 00:59:58,225 Global parallel computation enabled: 55 / 560
yt : [INFO     ] 2026-07-31 00:59:58,225 Global parallel computation enabled: 354 / 560
yt : [INFO     ] 2026-07-31 00:59:58,225 Global parallel computation enabled: 47 / 560
yt : [INFO     ] 2026-07-31 00:59:58,225 Global parallel computation enabled: 355 / 560
yt : [INFO     ] 2026-07-31 00:59:58,225 Global parallel computation enabled: 356 / 560
yt : [INFO     ] 2026-07-31 00:59:58,225 Global parallel computation enabled: 361 / 560
Finished calling initialize!
Finished calling initialize!
Finished calling initialize!
Finished calling initialize!
Finished calling initialize!
Finished calling initialize!
Finished calling initialize!
Finished calling initialize!
Finished calling initialize!
Finished calling initialize!
Finished calling initialize!
Finished calling initialize!
Finished calling initialize!
Finished calling initialize!
Finished calling initialize!
Finished calling initialize!
Finished calling initialize!
Finished calling initialize!
Finished calling initialize!
Finished calling initialize!
Finished calling initialize!
Finished calling initialize!
Finished calling initialize!
Finished calling initialize!
Finished calling initialize!
Finished calling initialize!
Finished calling initialize!
Finished calling initialize!
Finished calling initialize!
Finished calling initialize!
Finished calling initialize!
Finished calling initialize!
Finished calling initialize!
Finished calling initialize!
Finished calling initialize!
Finished calling initialize!
Finished calling initialize!
Finished calling initialize!
Finished calling initialize!
Finished calling initialize!
Finished calling initialize!
Finished calling initialize!
Finished calling initialize!
Finished calling initialize!
Finished calling initialize!
Finished calling initialize!
Finished calling initialize!
Finished calling initialize!
Finished calling initialize!
Finished calling initialize!
Finished calling initialize!
Finished calling initialize!
Finished calling initialize!
Finished calling initialize!
Finished calling initialize!
Finished calling initialize!
Finished calling initialize!
Finished calling initialize!
Finished calling initialize!
Finished calling initialize!
Finished calling initialize!
Finished calling initialize!
Finished calling initialize!
Finished calling initialize!
Finished calling initialize!
Finished calling initialize!
Finished calling initialize!
Finished calling initialize!
Finished calling initialize!
Finished calling initialize!
Finished calling initialize!
Finished calling initialize!
Finished calling initialize!
Finished calling initialize!
Finished calling initialize!
Finished calling initialize!
Finished calling initialize!
Finished calling initialize!
Finished calling initialize!
Finished calling initialize!
Finished calling initialize!
Finished calling initialize!
Finished calling initialize!
Finished calling initialize!
Finished calling initialize!
Finished calling initialize!
Finished calling initialize!
Finished calling initialize!
Finished calling initialize!
Finished calling initialize!
Finished calling initialize!
Finished calling initialize!
Finished calling initialize!
Finished calling initialize!
Finished calling initialize!
Finished calling initialize!
Finished calling initialize!
Finished calling initialize!
Finished calling initialize!
Finished calling initialize!
Finished calling initialize!
Finished calling initialize!
Finished calling initialize!
Finished calling initialize!
Finished calling initialize!
Finished calling initialize!
Finished calling initialize!
Finished calling initialize!
Finished calling initialize!
Finished calling initialize!
Finished calling initialize!
Finished calling initialize!
Finished calling initialize!
Finished calling initialize!
Finished calling initialize!
Finished calling initialize!
Finished calling initialize!
Finished calling initialize!
Finished calling initialize!
Finished calling initialize!
Finished calling initialize!
Finished calling initialize!
Finished calling initialize!
Finished calling initialize!
Finished calling initialize!
Finished calling initialize!
Finished calling initialize!
Finished calling initialize!
Finished calling initialize!
Finished calling initialize!
Finished calling initialize!
Finished calling initialize!
Finished calling initialize!
Finished calling initialize!
Finished calling initialize!
Finished calling initialize!
Finished calling initialize!
Finished calling initialize!
Finished calling initialize!
Finished calling initialize!
Finished calling initialize!
Finished calling initialize!
Finished calling initialize!
Finished calling initialize!
Finished calling initialize!
Finished calling initialize!
Finished calling initialize!
Finished calling initialize!
Finished calling initialize!
Finished calling initialize!
Finished calling initialize!
Finished calling initialize!
Finished calling initialize!
Finished calling initialize!
Finished calling initialize!
Finished calling initialize!
Finished calling initialize!
Finished calling initialize!
Finished calling initialize!
Finished calling initialize!
Finished calling initialize!
Finished calling initialize!
Finished calling initialize!
Finished calling initialize!
Finished calling initialize!
Finished calling initialize!
Finished calling initialize!
Finished calling initialize!
Finished calling initialize!
Finished calling initialize!
Finished calling initialize!
Finished calling initialize!
Finished calling initialize!
Finished calling initialize!
Finished calling initialize!
Finished calling initialize!
Finished calling initialize!
Finished calling initialize!
Finished calling initialize!
Finished calling initialize!
Finished calling initialize!
Finished calling initialize!
Finished calling initialize!
Finished calling initialize!
Finished calling initialize!
Finished calling initialize!
Finished calling initialize!
Finished calling initialize!
Finished calling initialize!
Finished calling initialize!
Finished calling initialize!
Finished calling initialize!
Finished calling initialize!
Finished calling initialize!
Finished calling initialize!
Finished calling initialize!
Finished calling initialize!
Finished calling initialize!
Finished calling initialize!
Finished calling initialize!
Finished calling initialize!
Finished calling initialize!
Finished calling initialize!
Finished calling initialize!
Finished calling initialize!
Finished calling initialize!
Finished calling initialize!
Finished calling initialize!
Finished calling initialize!
Finished calling initialize!
Finished calling initialize!
Finished calling initialize!
Finished calling initialize!
Finished calling initialize!
Finished calling initialize!
Finished calling initialize!
Finished calling initialize!
Finished calling initialize!
Finished calling initialize!
Finished calling initialize!
Finished calling initialize!
Finished calling initialize!
Finished calling initialize!
Finished calling initialize!
Finished calling initialize!
Finished calling initialize!
Finished calling initialize!
Finished calling initialize!
Finished calling initialize!
Finished calling initialize!
Finished calling initialize!
Finished calling initialize!
Finished calling initialize!
Finished calling initialize!
Finished calling initialize!
Finished calling initialize!
Finished calling initialize!
Finished calling initialize!
Finished calling initialize!
Finished calling initialize!
Finished calling initialize!
Finished calling initialize!
Finished calling initialize!
Finished calling initialize!
Finished calling initialize!
Finished calling initialize!
Finished calling initialize!
Finished calling initialize!
Finished calling initialize!
Finished calling initialize!
Finished calling initialize!
Finished calling initialize!
Finished calling initialize!
Finished calling initialize!
Finished calling initialize!
Finished calling initialize!
Finished calling initialize!
Finished calling initialize!
Finished calling initialize!
Finished calling initialize!
Finished calling initialize!
Finished calling initialize!
Finished calling initialize!
Finished calling initialize!
Finished calling initialize!
Finished calling initialize!
Finished calling initialize!
Finished calling initialize!
Finished calling initialize!
Finished calling initialize!
Finished calling initialize!
Finished calling initialize!
Finished calling initialize!
Finished calling initialize!
Finished calling initialize!
Finished calling initialize!
Finished calling initialize!
Finished calling initialize!
Finished calling initialize!
Finished calling initialize!
Finished calling initialize!
Finished calling initialize!
Finished calling initialize!
Finished calling initialize!
Finished calling initialize!
Finished calling initialize!
Finished calling initialize!
Finished calling initialize!
Finished calling initialize!
Finished calling initialize!
Finished calling initialize!
Finished calling initialize!
Finished calling initialize!
Finished calling initialize!
Finished calling initialize!
Finished calling initialize!
Finished calling initialize!
Finished calling initialize!
Finished calling initialize!
Finished calling initialize!
Finished calling initialize!
Finished calling initialize!
Finished calling initialize!
Finished calling initialize!
Finished calling initialize!
Finished calling initialize!
Finished calling initialize!
Finished calling initialize!
Finished calling initialize!
Finished calling initialize!
Finished calling initialize!
Finished calling initialize!
Finished calling initialize!
Finished calling initialize!
Finished calling initialize!
Finished calling initialize!
Finished calling initialize!
Finished calling initialize!
INITIALDT :::::::::::   0.00000000e+00
Finished calling initialize!
Finished calling initialize!
Finished calling initialize!
Finished calling initialize!
Finished calling initialize!
Finished calling initialize!
Finished calling initialize!
Finished calling initialize!
Finished calling initialize!
Finished calling initialize!
Finished calling initialize!
Finished calling initialize!
Finished calling initialize!
Finished calling initialize!
Finished calling initialize!
Finished calling initialize!
Finished calling initialize!
Finished calling initialize!
Finished calling initialize!
Finished calling initialize!
Finished calling initialize!
Finished calling initialize!
Finished calling initialize!
Finished calling initialize!
Finished calling initialize!
Finished calling initialize!
Finished calling initialize!
Finished calling initialize!
Finished calling initialize!
Finished calling initialize!
Finished calling initialize!
Finished calling initialize!
Finished calling initialize!
Finished calling initialize!
Finished calling initialize!
Finished calling initialize!
Finished calling initialize!
Finished calling initialize!
Finished calling initialize!
Finished calling initialize!
Finished calling initialize!
Finished calling initialize!
Finished calling initialize!
Finished calling initialize!
Finished calling initialize!
Finished calling initialize!
Finished calling initialize!
Finished calling initialize!
Finished calling initialize!
Finished calling initialize!
Finished calling initialize!
Finished calling initialize!
Finished calling initialize!
Finished calling initialize!
Finished calling initialize!
Finished calling initialize!
Finished calling initialize!
Finished calling initialize!
Finished calling initialize!
Finished calling initialize!
Finished calling initialize!
Finished calling initialize!
Finished calling initialize!
Finished calling initialize!
Finished calling initialize!
Finished calling initialize!
Finished calling initialize!
Finished calling initialize!
Finished calling initialize!
Finished calling initialize!
Finished calling initialize!
Finished calling initialize!
Finished calling initialize!
Finished calling initialize!
Finished calling initialize!
Finished calling initialize!
Finished calling initialize!
Finished calling initialize!
Finished calling initialize!
Finished calling initialize!
Finished calling initialize!
Finished calling initialize!
Finished calling initialize!
Finished calling initialize!
Finished calling initialize!
Finished calling initialize!
Finished calling initialize!
Finished calling initialize!
Finished calling initialize!
Finished calling initialize!
Finished calling initialize!
Finished calling initialize!
Finished calling initialize!
Finished calling initialize!
Finished calling initialize!
Finished calling initialize!
Finished calling initialize!
Finished calling initialize!
Finished calling initialize!
Finished calling initialize!
Finished calling initialize!
Finished calling initialize!
Finished calling initialize!
Finished calling initialize!
Finished calling initialize!
Finished calling initialize!
Finished calling initialize!
Finished calling initialize!
Finished calling initialize!
Finished calling initialize!
Finished calling initialize!
Finished calling initialize!
Finished calling initialize!
Finished calling initialize!
Finished calling initialize!
Finished calling initialize!
Finished calling initialize!
Finished calling initialize!
Finished calling initialize!
Finished calling initialize!
Finished calling initialize!
Finished calling initialize!
Finished calling initialize!
Finished calling initialize!
Finished calling initialize!
Finished calling initialize!
Finished calling initialize!
Finished calling initialize!
Finished calling initialize!
Finished calling initialize!
Finished calling initialize!
Finished calling initialize!
Finished calling initialize!
Finished calling initialize!
Finished calling initialize!
Finished calling initialize!
Finished calling initialize!
Finished calling initialize!
Finished calling initialize!
Finished calling initialize!
Finished calling initialize!
Finished calling initialize!
Finished calling initialize!
Finished calling initialize!
Finished calling initialize!
Finished calling initialize!
Finished calling initialize!
Finished calling initialize!
Finished calling initialize!
Finished calling initialize!
Finished calling initialize!
Finished calling initialize!
Finished calling initialize!
Finished calling initialize!
Finished calling initialize!
Finished calling initialize!
Finished calling initialize!
Finished calling initialize!
Finished calling initialize!
Finished calling initialize!
Finished calling initialize!
Finished calling initialize!
Finished calling initialize!
Finished calling initialize!
Finished calling initialize!
Finished calling initialize!
Finished calling initialize!
Finished calling initialize!
Finished calling initialize!
Finished calling initialize!
Finished calling initialize!
Finished calling initialize!
Finished calling initialize!
Finished calling initialize!
Finished calling initialize!
Finished calling initialize!
Finished calling initialize!
Finished calling initialize!
Finished calling initialize!
Finished calling initialize!
Finished calling initialize!
Finished calling initialize!
Finished calling initialize!
Finished calling initialize!
Finished calling initialize!
Finished calling initialize!
Finished calling initialize!
Finished calling initialize!
Finished calling initialize!
Finished calling initialize!
Finished calling initialize!
Finished calling initialize!
Finished calling initialize!
Finished calling initialize!
Finished calling initialize!
Finished calling initialize!
Finished calling initialize!
Finished calling initialize!
Finished calling initialize!
Finished calling initialize!
Finished calling initialize!
Finished calling initialize!
Finished calling initialize!
Finished calling initialize!
Finished calling initialize!
Finished calling initialize!
Finished calling initialize!
Finished calling initialize!
Finished calling initialize!
Finished calling initialize!
Finished calling initialize!
Finished calling initialize!
Finished calling initialize!
Finished calling initialize!
Finished calling initialize!
Finished calling initialize!
Finished calling initialize!
Finished calling initialize!
Finished calling initialize!
Finished calling initialize!
Finished calling initialize!
Finished calling initialize!
Finished calling initialize!
Finished calling initialize!
Finished calling initialize!
Finished calling initialize!
Finished calling initialize!
Finished calling initialize!
Finished calling initialize!
Finished calling initialize!
Finished calling initialize!
Finished calling initialize!
Finished calling initialize!
Finished calling initialize!
Finished calling initialize!
Finished calling initialize!
Finished calling initialize!
Finished calling initialize!
Finished calling initialize!
Finished calling initialize!
Finished calling initialize!
Finished calling initialize!
dt, Initialdt: 0.0661648 0 
TopGrid dt = 6.616479e-02     time = 25.286404181556    cycle = 522    z = 19.2799976375
dt, Initialdt: 0.0662138 0 
TopGrid dt = 6.621380e-02     time = 25.352568967977    cycle = 523    z = 19.244694831565
dt, Initialdt: 0.0662517 0 
TopGrid dt = 6.625167e-02     time = 25.418782770565    cycle = 524    z = 19.209519269584
dt, Initialdt: 0.06629 0 
TopGrid dt = 6.628998e-02     time = 25.485034444286    cycle = 525    z = 19.174476109775
dt, Initialdt: 0.0663284 0 
TopGrid dt = 6.632844e-02     time = 25.551324423427    cycle = 526    z = 19.139564329271
dt, Initialdt: 0.0663674 0 
TopGrid dt = 6.636736e-02     time = 25.617652861759    cycle = 527    z = 19.104783061808
dt, Initialdt: 0.0656471 0 
TopGrid dt = 6.564715e-02     time = 25.684020220076    cycle = 528    z = 19.070131160549
dt, Initialdt: 0.0657396 0 
TopGrid dt = 6.573963e-02     time = 25.749667368212    cycle = 529    z = 19.036001804452
dt, Initialdt: 0.0644172 0 
TopGrid dt = 6.441717e-02     time = 25.815407000556    cycle = 530    z = 19.001969387856
dt, Initialdt: 0.0619415 0 
TopGrid dt = 6.194151e-02     time = 25.879824165737    cycle = 531    z = 18.968761418953
dt, Initialdt: 0.0636857 0 
TopGrid dt = 6.368574e-02     time = 25.941765675205    cycle = 532    z = 18.936959355543
dt, Initialdt: 0.0643881 0 
TopGrid dt = 6.438809e-02     time = 26.005451412016    cycle = 533    z = 18.904393457303
dt, Initialdt: 0.064456 0 
TopGrid dt = 6.445597e-02     time = 26.069839506195    cycle = 534    z = 18.871603259781
dt, Initialdt: 0.0646411 0 
TopGrid dt = 6.464109e-02     time = 26.134295476888    cycle = 535    z = 18.838913413194
dt, Initialdt: 0.0648832 0 
TopGrid dt = 6.488324e-02     time = 26.198936567222    cycle = 536    z = 18.806264272109
dt, Initialdt: 0.0650982 0 
TopGrid dt = 6.509815e-02     time = 26.263819805011    cycle = 537    z = 18.773627528912
dt, Initialdt: 0.0651806 0 
TopGrid dt = 6.518061e-02     time = 26.328917957656    cycle = 538    z = 18.741017455818
dt, Initialdt: 0.0654489 0 
TopGrid dt = 6.544895e-02     time = 26.394098569304    cycle = 539    z = 18.708500439901
dt, Initialdt: 0.0659002 0 
TopGrid dt = 6.590020e-02     time = 26.459547515824    cycle = 540    z = 18.675983948741
dt, Initialdt: 0.0664792 0 
TopGrid dt = 6.647919e-02     time = 26.525447716333    cycle = 541    z = 18.643378430561
dt, Initialdt: 0.0670389 0 
TopGrid dt = 6.703888e-02     time = 26.591926903182    cycle = 542    z = 18.610622960515
*** Error in `/work2/11056/zwu/frontera/enzo_gh/data/251110/ic512_b_starnetlibyt/enzo_260427.exe': free(): invalid next size (fast): 0x000000000a4be9c0 ***
======= Backtrace: =========
/lib64/libc.so.6(+0x81329)[0x2ab5264d0329]
/work2/11056/zwu/frontera/enzo_gh/data/251110/ic512_b_starnetlibyt/enzo_260427.exe[0x4be718]
/work2/11056/zwu/frontera/enzo_gh/data/251110/ic512_b_starnetlibyt/enzo_260427.exe[0x512500]
/work2/11056/zwu/frontera/enzo_gh/data/251110/ic512_b_starnetlibyt/enzo_260427.exe[0x4f4acb]
/work2/11056/zwu/frontera/enzo_gh/data/251110/ic512_b_starnetlibyt/enzo_260427.exe[0x4f4900]
/work2/11056/zwu/frontera/enzo_gh/data/251110/ic512_b_starnetlibyt/enzo_260427.exe[0x4f4900]
/work2/11056/zwu/frontera/enzo_gh/data/251110/ic512_b_starnetlibyt/enzo_260427.exe[0x4e282f]
/work2/11056/zwu/frontera/enzo_gh/data/251110/ic512_b_starnetlibyt/enzo_260427.exe[0x40888f]
/lib64/libc.so.6(__libc_start_main+0xf5)[0x2ab526471555]
/work2/11056/zwu/frontera/enzo_gh/data/251110/ic512_b_starnetlibyt/enzo_260427.exe[0x408139]
======= Memory map: ========
00400000-00407000 r--p 00000000 3d8:ad14e 144134959974685995             /work2/11056/zwu/frontera/enzo_gh/data/251110/ic512_b_starnetlibyt/enzo_260427.exe
00407000-00a02000 r-xp 00007000 3d8:ad14e 144134959974685995             /work2/11056/zwu/frontera/enzo_gh/data/251110/ic512_b_starnetlibyt/enzo_260427.exe
00a02000-00af4000 r--p 00602000 3d8:ad14e 144134959974685995             /work2/11056/zwu/frontera/enzo_gh/data/251110/ic512_b_starnetlibyt/enzo_260427.exe
00af4000-00af7000 r--p 006f3000 3d8:ad14e 144134959974685995             /work2/11056/zwu/frontera/enzo_gh/data/251110/ic512_b_starnetlibyt/enzo_260427.exe
00af7000-00b3c000 rw-p 006f6000 3d8:ad14e 144134959974685995             /work2/11056/zwu/frontera/enzo_gh/data/251110/ic512_b_starnetlibyt/enzo_260427.exe
00b3c000-05a0c000 rw-p 00000000 00:00 0 
0643f000-0680f000 rw-p 00000000 00:00 0                                  [heap]
0680f000-06811000 rw-p 00000000 00:00 0                                  [heap]
06811000-06812000 rw-p 00000000 00:00 0                                  [heap]
06812000-06892000 rw-p 00000000 00:00 0                                  [heap]
06892000-06893000 rw-p 00000000 00:00 0                                  [heap]
06893000-068b3000 rw-p 00000000 00:00 0                                  [heap]
068b3000-068c0000 rw-p 00000000 00:00 0                                  [heap]
068c0000-06940000 rw-p 00000000 00:00 0                                  [heap]
06940000-06941000 rw-p 00000000 00:00 0                                  [heap]
06941000-069c1000 rw-p 00000000 00:00 0                                  [heap]
069c1000-069ea000 rw-p 00000000 00:00 0                                  [heap]
069ea000-06a0a000 rw-p 00000000 00:00 0                                  [heap]
06a0a000-0edfc000 rw-p 00000000 00:00 0                                  [heap]
0edfc000-0ee04000 rw-p 00000000 00:00 0                                  [heap]
0ee04000-0ee17000 rw-p 00000000 00:00 0                                  [heap]
0ee17000-0ee1f000 rw-p 00000000 00:00 0                                  [heap]
0ee1f000-0ee20000 rw-p 00000000 00:00 0                                  [heap]
0ee20000-0ee28000 rw-p 00000000 00:00 0                                  [heap]
0ee28000-0ee3b000 rw-p 00000000 00:00 0                                  [heap]
0ee3b000-0ee43000 rw-p 00000000 00:00 0                                  [heap]
0ee43000-0ee44000 rw-p 00000000 00:00 0                                  [heap]
0ee44000-0ee4c000 rw-p 00000000 00:00 0                                  [heap]
0ee4c000-0ee5f000 rw-p 00000000 00:00 0                                  [heap]
0ee5f000-0ee67000 rw-p 00000000 00:00 0                                  [heap]
0ee67000-0ee68000 rw-p 00000000 00:00 0                                  [heap]
0ee68000-0ee70000 rw-p 00000000 00:00 0                                  [heap]
0ee70000-0ee71000 rw-p 00000000 00:00 0                                  [heap]
0ee71000-0ee79000 rw-p 00000000 00:00 0                                  [heap]
0ee79000-0ee7a000 rw-p 00000000 00:00 0                                  [heap]
0ee7a000-0ee82000 rw-p 00000000 00:00 0                                  [heap]
0ee82000-0ee83000 rw-p 00000000 00:00 0                                  [heap]
0ee83000-0ee8b000 rw-p 00000000 00:00 0                                  [heap]
0ee8b000-0ee9a000 rw-p 00000000 00:00 0                                  [heap]
0ee9a000-0eea2000 rw-p 00000000 00:00 0                                  [heap]
0eea2000-0ef6f000 rw-p 00000000 00:00 0                                  [heap]
0ef6f000-0ef77000 rw-p 00000000 00:00 0                                  [heap]
0ef77000-0efdb000 rw-p 00000000 00:00 0                                  [heap]
0efdb000-0efe3000 rw-p 00000000 00:00 0                                  [heap]
0efe3000-0eff2000 rw-p 00000000 00:00 0                                  [heap]
0eff2000-0effa000 rw-p 00000000 00:00 0                                  [heap]
0effa000-0f001000 rw-p 00000000 00:00 0                                  [heap]
0f001000-0f009000 rw-p 00000000 00:00 0                                  [heap]
0f009000-0f142000 rw-p 00000000 00:00 0                                  [heap]
0f142000-0f14a000 rw-p 00000000 00:00 0                                  [heap]
0f14a000-0f150000 rw-p 00000000 00:00 0                                  [heap]
0f150000-0f158000 rw-p 00000000 00:00 0                                  [heap]
0f158000-0f159000 rw-p 00000000 00:00 0                                  [heap]
0f159000-0f161000 rw-p 00000000 00:00 0                                  [heap]
0f161000-0f174000 rw-p 00000000 00:00 0                                  [heap]
0f174000-0f17c000 rw-p 00000000 00:00 0                                  [heap]
0f17c000-0f17d000 rw-p 00000000 00:00 0                                  [heap]
0f17d000-0f185000 rw-p 00000000 00:00 0                                  [heap]
0f185000-0f198000 rw-p 00000000 00:00 0                                  [heap]
0f198000-0f1a0000 rw-p 00000000 00:00 0                                  [heap]
0f1a0000-0f1a1000 rw-p 00000000 00:00 0                                  [heap]
0f1a1000-0f1a9000 rw-p 00000000 00:00 0                                  [heap]
0f1a9000-0f1b4000 rw-p 00000000 00:00 0                                  [heap]
0f1b4000-0f1bc000 rw-p 00000000 00:00 0                                  [heap]
0f1bc000-0f5ef000 rw-p 00000000 00:00 0                                  [heap]
0f5ef000-0f5f7000 rw-p 00000000 00:00 0                                  [heap]
0f5f7000-0f602000 rw-p 00000000 00:00 0                                  [heap]
0f602000-0f60a000 rw-p 00000000 00:00 0                                  [heap]
0f60a000-20089000 rw-p 00000000 00:00 0                                  [heap]
20089000-20091000 rw-p 00000000 00:00 0                                  [heap]
20091000-22699000 rw-p 00000000 00:00 0                                  [heap]
22699000-226a1000 rw-p 00000000 00:00 0                                  [heap]
226a1000-226a2000 rw-p 00000000 00:00 0                                  [heap]
226a2000-226aa000 rw-p 00000000 00:00 0                                  [heap]
226aa000-237c4000 rw-p 00000000 00:00 0                                  [heap]
237c4000-237cc000 rw-p 00000000 00:00 0                                  [heap]
237cc000-237d3000 rw-p 00000000 00:00 0                                  [heap]
237d3000-237db000 rw-p 00000000 00:00 0                                  [heap]
237db000-237e2000 rw-p 00000000 00:00 0                                  [heap]
237e2000-237ea000 rw-p 00000000 00:00 0                                  [heap]
237ea000-45eba000 rw-p 00000000 00:00 0                                  [heap]
45eba000-45ec2000 rw-p 00000000 00:00 0                                  [heap]
45ec2000-873e1000 rw-p 00000000 00:00 0                                  [heap]
2ab520714000-2ab520736000 r-xp 00000000 fd:00 402682504                  /usr/lib64/ld-2.17.so
2ab520736000-2ab520739000 rw-p 00000000 00:00 0 
2ab520739000-2ab52073c000 r--p 00000000 3d8:ad14e 144134765124010327     /work2/11056/zwu/frontera/miniconda3/envs/libyt/lib/libz.so.1.3.2
2ab52073c000-2ab52074c000 r-xp 00003000 3d8:ad14e 144134765124010327     /work2/11056/zwu/frontera/miniconda3/envs/libyt/lib/libz.so.1.3.2
2ab52074c000-2ab520752000 r--p 00013000 3d8:ad14e 144134765124010327     /work2/11056/zwu/frontera/miniconda3/envs/libyt/lib/libz.so.1.3.2
2ab520752000-2ab520753000 r--p 00019000 3d8:ad14e 144134765124010327     /work2/11056/zwu/frontera/miniconda3/envs/libyt/lib/libz.so.1.3.2
2ab520753000-2ab520754000 rw-p 0001a000 3d8:ad14e 144134765124010327     /work2/11056/zwu/frontera/miniconda3/envs/libyt/lib/libz.so.1.3.2
2ab520754000-2ab520764000 rw-p 00000000 00:00 0 
2ab520764000-2ab520766000 r--p 00000000 3d8:ad14e 144132292263082908     /work2/11056/zwu/frontera/miniconda3/lib/libefa.so.1.4.59.0
2ab520766000-2ab52076e000 r-xp 00002000 3d8:ad14e 144132292263082908     /work2/11056/zwu/frontera/miniconda3/lib/libefa.so.1.4.59.0
2ab52076e000-2ab520771000 r--p 0000a000 3d8:ad14e 144132292263082908     /work2/11056/zwu/frontera/miniconda3/lib/libefa.so.1.4.59.0
2ab520771000-2ab520772000 r--p 0000c000 3d8:ad14e 144132292263082908     /work2/11056/zwu/frontera/miniconda3/lib/libefa.so.1.4.59.0
2ab520772000-2ab520773000 rw-p 0000d000 3d8:ad14e 144132292263082908     /work2/11056/zwu/frontera/miniconda3/lib/libefa.so.1.4.59.0
2ab520773000-2ab5207e7000 rw-p 00000000 00:00 0 
2ab5207e7000-2ab5207f8000 r--p 00000000 3d8:ad14e 144134765124072526     /work2/11056/zwu/frontera/enzo_gh/libyt_dev/libyt_wr/install/lib/libyt.so.0.5.0
2ab5207f8000-2ab520873000 r-xp 00011000 3d8:ad14e 144134765124072526     /work2/11056/zwu/frontera/enzo_gh/libyt_dev/libyt_wr/install/lib/libyt.so.0.5.0
2ab520873000-2ab520890000 r--p 0008c000 3d8:ad14e 144134765124072526     /work2/11056/zwu/frontera/enzo_gh/libyt_dev/libyt_wr/install/lib/libyt.so.0.5.0
2ab520890000-2ab520891000 r--p 000a8000 3d8:ad14e 144134765124072526     /work2/11056/zwu/frontera/enzo_gh/libyt_dev/libyt_wr/install/lib/libyt.so.0.5.0
2ab520891000-2ab520892000 rw-p 000a9000 3d8:ad14e 144134765124072526     /work2/11056/zwu/frontera/enzo_gh/libyt_dev/libyt_wr/install/lib/libyt.so.0.5.0
2ab520892000-2ab520893000 rw-p 00000000 00:00 0 
2ab520893000-2ab520897000 r--p 00000000 3d8:ad14e 144134765124008883     /work2/11056/zwu/frontera/miniconda3/envs/libyt/lib/libgcc_s.so.1
2ab520897000-2ab5208ba000 r-xp 00004000 3d8:ad14e 144134765124008883     /work2/11056/zwu/frontera/miniconda3/envs/libyt/lib/libgcc_s.so.1
2ab5208ba000-2ab5208be000 r--p 00027000 3d8:ad14e 144134765124008883     /work2/11056/zwu/frontera/miniconda3/envs/libyt/lib/libgcc_s.so.1
2ab5208be000-2ab5208bf000 r--p 0002a000 3d8:ad14e 144134765124008883     /work2/11056/zwu/frontera/miniconda3/envs/libyt/lib/libgcc_s.so.1
2ab5208bf000-2ab5208c0000 rw-p 0002b000 3d8:ad14e 144134765124008883     /work2/11056/zwu/frontera/miniconda3/envs/libyt/lib/libgcc_s.so.1
2ab5208c0000-2ab5208c1000 r--p 00000000 fd:00 413432593                  /opt/apps/intel19/hdf5/1.10.4/x86_64/lib/libsz.so.2.0.0
2ab5208c1000-2ab5208d2000 r-xp 00001000 fd:00 413432593                  /opt/apps/intel19/hdf5/1.10.4/x86_64/lib/libsz.so.2.0.0
2ab5208d2000-2ab5208d4000 r--p 00012000 fd:00 413432593                  /opt/apps/intel19/hdf5/1.10.4/x86_64/lib/libsz.so.2.0.0
2ab5208d4000-2ab5208d5000 r--p 00013000 fd:00 413432593                  /opt/apps/intel19/hdf5/1.10.4/x86_64/lib/libsz.so.2.0.0
2ab5208d5000-2ab5208d6000 rw-p 00014000 fd:00 413432593                  /opt/apps/intel19/hdf5/1.10.4/x86_64/lib/libsz.so.2.0.0
2ab5208d6000-2ab5208de000 rw-p 00000000 00:00 0 
2ab5208de000-2ab5208e1000 r--p 00000000 3d8:ad14e 144134765124008903     /work2/11056/zwu/frontera/miniconda3/envs/libyt/lib/libquadmath.so.0.0.0
2ab5208e1000-2ab52090d000 r-xp 00003000 3d8:ad14e 144134765124008903     /work2/11056/zwu/frontera/miniconda3/envs/libyt/lib/libquadmath.so.0.0.0
2ab52090d000-2ab520924000 r--p 0002f000 3d8:ad14e 144134765124008903     /work2/11056/zwu/frontera/miniconda3/envs/libyt/lib/libquadmath.so.0.0.0
2ab520924000-2ab520925000 r--p 00045000 3d8:ad14e 144134765124008903     /work2/11056/zwu/frontera/miniconda3/envs/libyt/lib/libquadmath.so.0.0.0
2ab520925000-2ab520926000 rw-p 00046000 3d8:ad14e 144134765124008903     /work2/11056/zwu/frontera/miniconda3/envs/libyt/lib/libquadmath.so.0.0.0
2ab520926000-2ab520928000 r--p 00000000 3d8:ad14e 144132292263082135     /work2/11056/zwu/frontera/miniconda3/lib/libibverbs/libhfi1verbs-rdmav59.so
2ab520928000-2ab52092a000 r-xp 00002000 3d8:ad14e 144132292263082135     /work2/11056/zwu/frontera/miniconda3/lib/libibverbs/libhfi1verbs-rdmav59.so
2ab52092a000-2ab52092b000 r--p 00004000 3d8:ad14e 144132292263082135     /work2/11056/zwu/frontera/miniconda3/lib/libibverbs/libhfi1verbs-rdmav59.so
2ab52092b000-2ab52092c000 r--p 00005000 3d8:ad14e 144132292263082135     /work2/11056/zwu/frontera/miniconda3/lib/libibverbs/libhfi1verbs-rdmav59.so
2ab52092c000-2ab52092d000 rw-p 00006000 3d8:ad14e 144132292263082135     /work2/11056/zwu/frontera/miniconda3/lib/libibverbs/libhfi1verbs-rdmav59.so
2ab52092d000-2ab52092f000 r--p 00000000 3d8:ad14e 144132292263082510     /work2/11056/zwu/frontera/miniconda3/lib/libibverbs/liberdma-rdmav59.so
2ab52092f000-2ab520931000 r-xp 00002000 3d8:ad14e 144132292263082510     /work2/11056/zwu/frontera/miniconda3/lib/libibverbs/liberdma-rdmav59.so
2ab520931000-2ab520932000 r--p 00004000 3d8:ad14e 144132292263082510     /work2/11056/zwu/frontera/miniconda3/lib/libibverbs/liberdma-rdmav59.so
2ab520932000-2ab520933000 r--p 00004000 3d8:ad14e 144132292263082510     /work2/11056/zwu/frontera/miniconda3/lib/libibverbs/liberdma-rdmav59.so
2ab520933000-2ab520934000 rw-p 00005000 3d8:ad14e 144132292263082510     /work2/11056/zwu/frontera/miniconda3/lib/libibverbs/liberdma-rdmav59.so
2ab520934000-2ab520935000 r--s 00500000 00:05 20525                      /dev/infiniband/uverbs0
2ab520935000-2ab520936000 r--p 00021000 fd:00 402682504                  /usr/lib64/ld-2.17.so
2ab520936000-2ab520937000 rw-p 00022000 fd:00 402682504                  /usr/lib64/ld-2.17.so
2ab520937000-2ab520938000 rw-p 00000000 00:00 0 
2ab520938000-2ab520981000 r--p 00000000 fd:00 413432563                  /opt/apps/intel19/hdf5/1.10.4/x86_64/lib/libhdf5.so.103.0.0
2ab520981000-2ab520ca3000 r-xp 00049000 fd:00 413432563                  /opt/apps/intel19/hdf5/1.10.4/x86_64/lib/libhdf5.so.103.0.0
2ab520ca3000-2ab520db9000 r--p 0036b000 fd:00 413432563                  /opt/apps/intel19/hdf5/1.10.4/x86_64/lib/libhdf5.so.103.0.0
2ab520db9000-2ab520dba000 ---p 00481000 fd:00 413432563                  /opt/apps/intel19/hdf5/1.10.4/x86_64/lib/libhdf5.so.103.0.0
2ab520dba000-2ab520dc4000 r--p 00481000 fd:00 413432563                  /opt/apps/intel19/hdf5/1.10.4/x86_64/lib/libhdf5.so.103.0.0
2ab520dc4000-2ab520dce000 rw-p 0048b000 fd:00 413432563                  /opt/apps/intel19/hdf5/1.10.4/x86_64/lib/libhdf5.so.103.0.0
2ab520dce000-2ab520dd1000 rw-p 00000000 00:00 0 
2ab520dd1000-2ab520ed2000 r-xp 00000000 fd:00 402682519                  /usr/lib64/libm-2.17.so
2ab520ed2000-2ab5210d1000 ---p 00101000 fd:00 402682519                  /usr/lib64/libm-2.17.so
2ab5210d1000-2ab5210d2000 r--p 00100000 fd:00 402682519                  /usr/lib64/libm-2.17.so
2ab5210d2000-2ab5210d3000 rw-p 00101000 fd:00 402682519                  /usr/lib64/libm-2.17.so
2ab5210d3000-2ab52120d000 r-xp 00000000 fd:00 269112631                  /opt/intel/compilers_and_libraries_2019.5.281/linux/compiler/lib/intel64_lin/libifcore.so.5
2ab52120d000-2ab52140c000 ---p 0013a000 fd:00 269112631                  /opt/intel/compilers_and_libraries_2019.5.281/linux/compiler/lib/intel64_lin/libifcore.so.5
2ab52140c000-2ab52140f000 r--p 00139000 fd:00 269112631                  /opt/intel/compilers_and_libraries_2019.5.281/linux/compiler/lib/intel64_lin/libifcore.so.5
2ab52140f000-2ab521412000 rw-p 0013c000 fd:00 269112631                  /opt/intel/compilers_and_libraries_2019.5.281/linux/compiler/lib/intel64_lin/libifcore.so.5
2ab521412000-2ab521430000 rw-p 00000000 00:00 0 
2ab521430000-2ab5215ea000 r-xp 00000000 fd:00 287216048                  /opt/intel/compilers_and_libraries_2019.5.281/linux/compiler/lib/intel64_lin/libiomp5.so
2ab5215ea000-2ab5217ea000 ---p 001ba000 fd:00 287216048                  /opt/intel/compilers_and_libraries_2019.5.281/linux/compiler/lib/intel64_lin/libiomp5.so
2ab5217ea000-2ab5217ed000 r--p 001ba000 fd:00 287216048                  /opt/intel/compilers_and_libraries_2019.5.281/linux/compiler/lib/intel64_lin/libiomp5.so
2ab5217ed000-2ab5217f7000 rw-p 001bd000 fd:00 287216048                  /opt/intel/compilers_and_libraries_2019.5.281/linux/compiler/lib/intel64_lin/libiomp5.so
2ab5217f7000-2ab521825000 rw-p 00000000 00:00 0 
2ab521825000-2ab521849000 r--p 00000000 3d8:ad14e 144134765124016352     /work2/11056/zwu/frontera/miniconda3/envs/libyt/lib/libgfortran.so.5.0.0
2ab521849000-2ab521b42000 r-xp 00024000 3d8:ad14e 144134765124016352     /work2/11056/zwu/frontera/miniconda3/envs/libyt/lib/libgfortran.so.5.0.0
2ab521b42000-2ab521b79000 r--p 0031d000 3d8:ad14e 144134765124016352     /work2/11056/zwu/frontera/miniconda3/envs/libyt/lib/libgfortran.so.5.0.0
2ab521b79000-2ab521b7a000 r--p 00354000 3d8:ad14e 144134765124016352     /work2/11056/zwu/frontera/miniconda3/envs/libyt/lib/libgfortran.so.5.0.0
2ab521b7a000-2ab521b7c000 rw-p 00355000 3d8:ad14e 144134765124016352     /work2/11056/zwu/frontera/miniconda3/envs/libyt/lib/libgfortran.so.5.0.0
2ab521b7c000-2ab521f86000 r-xp 00000000 fd:00 269119215                  /opt/intel/compilers_and_libraries_2019.5.281/linux/compiler/lib/intel64_lin/libimf.so
2ab521f86000-2ab522186000 ---p 0040a000 fd:00 269119215                  /opt/intel/compilers_and_libraries_2019.5.281/linux/compiler/lib/intel64_lin/libimf.so
2ab522186000-2ab52218d000 r--p 0040a000 fd:00 269119215                  /opt/intel/compilers_and_libraries_2019.5.281/linux/compiler/lib/intel64_lin/libimf.so
2ab52218d000-2ab522201000 rw-p 00411000 fd:00 269119215                  /opt/intel/compilers_and_libraries_2019.5.281/linux/compiler/lib/intel64_lin/libimf.so
2ab522201000-2ab523a09000 r-xp 00000000 fd:00 269119232                  /opt/intel/compilers_and_libraries_2019.5.281/linux/compiler/lib/intel64_lin/libsvml.so
2ab523a09000-2ab523c09000 ---p 01808000 fd:00 269119232                  /opt/intel/compilers_and_libraries_2019.5.281/linux/compiler/lib/intel64_lin/libsvml.so
2ab523c09000-2ab523c59000 r--p 01808000 fd:00 269119232                  /opt/intel/compilers_and_libraries_2019.5.281/linux/compiler/lib/intel64_lin/libsvml.so
2ab523c59000-2ab523c8d000 rw-p 01858000 fd:00 269119232                  /opt/intel/compilers_and_libraries_2019.5.281/linux/compiler/lib/intel64_lin/libsvml.so
2ab523c8d000-2ab523de5000 r-xp 00000000 fd:00 269119223                  /opt/intel/compilers_and_libraries_2019.5.281/linux/compiler/lib/intel64_lin/libirng.so
2ab523de5000-2ab523fe4000 ---p 00158000 fd:00 269119223                  /opt/intel/compilers_and_libraries_2019.5.281/linux/compiler/lib/intel64_lin/libirng.so
2ab523fe4000-2ab523fe5000 r--p 00157000 fd:00 269119223                  /opt/intel/compilers_and_libraries_2019.5.281/linux/compiler/lib/intel64_lin/libirng.so
2ab523fe5000-2ab523ff8000 rw-p 00158000 fd:00 269119223                  /opt/intel/compilers_and_libraries_2019.5.281/linux/compiler/lib/intel64_lin/libirng.so
2ab523ff8000-2ab524066000 r-xp 00000000 fd:00 269119217                  /opt/intel/compilers_and_libraries_2019.5.281/linux/compiler/lib/intel64_lin/libintlc.so.5
2ab524066000-2ab524266000 ---p 0006e000 fd:00 269119217                  /opt/intel/compilers_and_libraries_2019.5.281/linux/compiler/lib/intel64_lin/libintlc.so.5
2ab524266000-2ab524267000 r--p 0006e000 fd:00 269119217                  /opt/intel/compilers_and_libraries_2019.5.281/linux/compiler/lib/intel64_lin/libintlc.so.5
2ab524267000-2ab524268000 rw-p 0006f000 fd:00 269119217                  /opt/intel/compilers_and_libraries_2019.5.281/linux/compiler/lib/intel64_lin/libintlc.so.5
2ab524268000-2ab52426a000 rw-p 00000000 00:00 0 
2ab52426a000-2ab524271000 r-xp 00000000 fd:00 402874666                  /usr/lib64/librt-2.17.so
2ab524271000-2ab524470000 ---p 00007000 fd:00 402874666                  /usr/lib64/librt-2.17.so
2ab524470000-2ab524471000 r--p 00006000 fd:00 402874666                  /usr/lib64/librt-2.17.so
2ab524471000-2ab524472000 rw-p 00007000 fd:00 402874666                  /usr/lib64/librt-2.17.so
2ab524472000-2ab524489000 r-xp 00000000 fd:00 402874662                  /usr/lib64/libpthread-2.17.so
2ab524489000-2ab524688000 ---p 00017000 fd:00 402874662                  /usr/lib64/libpthread-2.17.so
2ab524688000-2ab524689000 r--p 00016000 fd:00 402874662                  /usr/lib64/libpthread-2.17.so
2ab524689000-2ab52468a000 rw-p 00017000 fd:00 402874662                  /usr/lib64/libpthread-2.17.so
2ab52468a000-2ab52468e000 rw-p 00000000 00:00 0 
2ab52468e000-2ab5246ac000 r-xp 00000000 fd:00 403751644                  /opt/intel/compilers_and_libraries_2020.4.304/linux/mpi/intel64/lib/libmpicxx.so.12.0.0
2ab5246ac000-2ab5248ab000 ---p 0001e000 fd:00 403751644                  /opt/intel/compilers_and_libraries_2020.4.304/linux/mpi/intel64/lib/libmpicxx.so.12.0.0
2ab5248ab000-2ab5248ac000 r--p 0001d000 fd:00 403751644                  /opt/intel/compilers_and_libraries_2020.4.304/linux/mpi/intel64/lib/libmpicxx.so.12.0.0
2ab5248ac000-2ab5248ae000 rw-p 0001e000 fd:00 403751644                  /opt/intel/compilers_and_libraries_2020.4.304/linux/mpi/intel64/lib/libmpicxx.so.12.0.0
2ab5248ae000-2ab524a40000 r-xp 00000000 fd:00 403751648                  /opt/intel/compilers_and_libraries_2020.4.304/linux/mpi/intel64/lib/libmpifort.so.12.0.0
2ab524a40000-2ab524c40000 ---p 00192000 fd:00 403751648                  /opt/intel/compilers_and_libraries_2020.4.304/linux/mpi/intel64/lib/libmpifort.so.12.0.0
2ab524c40000-2ab524c44000 r--p 00192000 fd:00 403751648                  /opt/intel/compilers_and_libraries_2020.4.304/linux/mpi/intel64/lib/libmpifort.so.12.0.0
2ab524c44000-2ab524c48000 rw-p 00196000 fd:00 403751648                  /opt/intel/compilers_and_libraries_2020.4.304/linux/mpi/intel64/lib/libmpifort.so.12.0.0
2ab524c48000-2ab524c6c000 rw-p 00000000 00:00 0 
2ab524c6c000-2ab525aa1000 r-xp 00000000 fd:00 295657961                  /opt/intel/compilers_and_libraries_2020.4.304/linux/mpi/intel64/lib/release/libmpi.so.12.0.0
2ab525aa1000-2ab525ca1000 ---p 00e35000 fd:00 295657961                  /opt/intel/compilers_and_libraries_2020.4.304/linux/mpi/intel64/lib/release/libmpi.so.12.0.0
2ab525ca1000-2ab525cb2000 r--p 00e35000 fd:00 295657961                  /opt/intel/compilers_and_libraries_2020.4.304/linux/mpi/intel64/lib/release/libmpi.so.12.0.0
2ab525cb2000-2ab525cc3000 rw-p 00e46000 fd:00 295657961                  /opt/intel/compilers_and_libraries_2020.4.304/linux/mpi/intel64/lib/release/libmpi.so.12.0.0
2ab525cc3000-2ab525fcc000 rw-p 00000000 00:00 0 
2ab525fcc000-2ab525fce000 r-xp 00000000 fd:00 402682517                  /usr/lib64/libdl-2.17.so
2ab525fce000-2ab5261ce000 ---p 00002000 fd:00 402682517                  /usr/lib64/libdl-2.17.so
2ab5261ce000-2ab5261cf000 r--p 00002000 fd:00 402682517                  /usr/lib64/libdl-2.17.so
2ab5261cf000-2ab5261d0000 rw-p 00003000 fd:00 402682517                  /usr/lib64/libdl-2.17.so
2ab5261d0000-2ab52627a000 r--p 00000000 3d8:ad14e 144134765124008209     /work2/11056/zwu/frontera/miniconda3/envs/libyt/lib/libstdc++.so.6.0.34
2ab52627a000-2ab5263ab000 r-xp 000aa000 3d8:ad14e 144134765124008209     /work2/11056/zwu/frontera/miniconda3/envs/libyt/lib/libstdc++.so.6.0.34
2ab5263ab000-2ab526439000 r--p 001db000 3d8:ad14e 144134765124008209     /work2/11056/zwu/frontera/miniconda3/envs/libyt/lib/libstdc++.so.6.0.34
2ab526439000-2ab526448000 r--p 00268000 3d8:ad14e 144134765124008209     /work2/11056/zwu/frontera/miniconda3/envs/libyt/lib/libstdc++.so.6.0.34
2ab526448000-2ab52644b000 rw-p 00277000 3d8:ad14e 144134765124008209     /work2/11056/zwu/frontera/miniconda3/envs/libyt/lib/libstdc++.so.6.0.34
2ab52644b000-2ab52644f000 rw-p 00000000 00:00 0 
2ab52644f000-2ab526544000 r-xp 00000000 fd:00 402682511                  /usr/lib64/libc-2.17.so
2ab526544000-2ab526545000 r-xp 000f5000 fd:00 402682511                  /usr/lib64/libc-2.17.so
2ab526545000-2ab526547000 r-xp 000f6000 fd:00 402682511                  /usr/lib64/libc-2.17.so
2ab526547000-2ab526549000 r-xp 000f8000 fd:00 402682511                  /usr/lib64/libc-2.17.so
2ab526549000-2ab52654e000 r-xp 000fa000 fd:00 402682511                  /usr/lib64/libc-2.17.so
2ab52654e000-2ab526550000 r-xp 000ff000 fd:00 402682511                  /usr/lib64/libc-2.17.so
2ab526550000-2ab526613000 r-xp 00101000 fd:00 402682511                  /usr/lib64/libc-2.17.so
2ab526613000-2ab526812000 ---p 001c4000 fd:00 402682511                  /usr/lib64/libc-2.17.so
2ab526812000-2ab526816000 r--p 001c3000 fd:00 402682511                  /usr/lib64/libc-2.17.so
2ab526816000-2ab526818000 rw-p 001c7000 fd:00 402682511                  /usr/lib64/libc-2.17.so
2ab526818000-2ab52681d000 rw-p 00000000 00:00 0 
2ab52681d000-2ab5268a3000 r--p 00000000 3d8:ad14e 144134765124014084     /work2/11056/zwu/frontera/miniconda3/envs/libyt/lib/libpython3.13.so.1.0
2ab5268a3000-2ab526b4b000 r-xp 00086000 3d8:ad14e 144134765124014084     /work2/11056/zwu/frontera/miniconda3/envs/libyt/lib/libpython3.13.so.1.0
2ab526b4b000-2ab526cc8000 r--p 0032e000 3d8:ad14e 144134765124014084     /work2/11056/zwu/frontera/miniconda3/envs/libyt/lib/libpython3.13.so.1.0
2ab526cc8000-2ab526d1a000 r--p 004aa000 3d8:ad14e 144134765124014084     /work2/11056/zwu/frontera/miniconda3/envs/libyt/lib/libpython3.13.so.1.0
2ab526d1a000-2ab526d9b000 rw-p 004fc000 3d8:ad14e 144134765124014084     /work2/11056/zwu/frontera/miniconda3/envs/libyt/lib/libpython3.13.so.1.0
2ab526d9b000-2ab526e14000 rw-p 00000000 00:00 0 
2ab526e14000-2ab526e50000 r-xp 00000000 fd:00 402683299                  /usr/lib64/libreadline.so.6.2
2ab526e50000-2ab527050000 ---p 0003c000 fd:00 402683299                  /usr/lib64/libreadline.so.6.2
2ab527050000-2ab527052000 r--p 0003c000 fd:00 402683299                  /usr/lib64/libreadline.so.6.2
2ab527052000-2ab527058000 rw-p 0003e000 fd:00 402683299                  /usr/lib64/libreadline.so.6.2
2ab527058000-2ab52705a000 rw-p 00000000 00:00 0 
2ab52705a000-2ab527099000 r-xp 00000000 fd:00 295657967                  /opt/intel/compilers_and_libraries_2020.4.304/linux/mpi/intel64/libfabric/lib/libfabric.so.1
2ab527099000-2ab527299000 ---p 0003f000 fd:00 295657967                  /opt/intel/compilers_and_libraries_2020.4.304/linux/mpi/intel64/libfabric/lib/libfabric.so.1
2ab527299000-2ab52729c000 rw-p 0003f000 fd:00 295657967                  /opt/intel/compilers_and_libraries_2020.4.304/linux/mpi/intel64/libfabric/lib/libfabric.so.1
2ab52729c000-2ab52729e000 r-xp 00000000 fd:00 402874684                  /usr/lib64/libutil-2.17.so
2ab52729e000-2ab52749d000 ---p 00002000 fd:00 402874684                  /usr/lib64/libutil-2.17.so
2ab52749d000-2ab52749e000 r--p 00001000 fd:00 402874684                  /usr/lib64/libutil-2.17.so
2ab52749e000-2ab52749f000 rw-p 00002000 fd:00 402874684                  /usr/lib64/libutil-2.17.so
2ab52749f000-2ab5274c4000 r-xp 00000000 fd:00 402682922                  /usr/lib64/libtinfo.so.5.9
2ab5274c4000-2ab5276c4000 ---p 00025000 fd:00 402682922                  /usr/lib64/libtinfo.so.5.9
2ab5276c4000-2ab5276c8000 r--p 00025000 fd:00 402682922                  /usr/lib64/libtinfo.so.5.9
2ab5276c8000-2ab5276c9000 rw-p 00029000 fd:00 402682922                  /usr/lib64/libtinfo.so.5.9
2ab5276c9000-2ab5276d3000 r-xp 00000000 fd:00 405691677                  /usr/lib64/libnuma.so.1.0.0
2ab5276d3000-2ab5278d3000 ---p 0000a000 fd:00 405691677                  /usr/lib64/libnuma.so.1.0.0
2ab5278d3000-2ab5278d4000 r--p 0000a000 fd:00 405691677                  /usr/lib64/libnuma.so.1.0.0
2ab5278d4000-2ab5278d5000 rw-p 0000b000 fd:00 405691677                  /usr/lib64/libnuma.so.1.0.0
2ab5278d5000-2ab567ad6000 rw-s 00000000 00:13 130020531                  /dev/shm/Intel_MPI_elp9kp (deleted)
2ab567ad6000-2ab5a7ad6000 rw-s 40201000 00:13 130020531                  /dev/shm/Intel_MPI_elp9kp (deleted)
2ab5a7ad6000-2ab6045ff000 rw-s 80201000 00:13 130020531                  /dev/shm/Intel_MPI_elp9kp (deleted)
2ab6045ff000-2ab60464c000 r-xp 00000000 fd:00 403751669                  /opt/intel/compilers_and_libraries_2020.4.304/linux/mpi/intel64/libfabric/lib/prov/libverbs-fi.so
2ab60464c000-2ab60484b000 ---p 0004d000 fd:00 403751669                  /opt/intel/compilers_and_libraries_2020.4.304/linux/mpi/intel64/libfabric/lib/prov/libverbs-fi.so
2ab60484b000-2ab60484f000 rw-p 0004c000 fd:00 403751669                  /opt/intel/compilers_and_libraries_2020.4.304/linux/mpi/intel64/libfabric/lib/prov/libverbs-fi.so
2ab60484f000-2ab604854000 r--p 00000000 3d8:ad14e 144132292263083547     /work2/11056/zwu/frontera/miniconda3/lib/librdmacm.so.1.3.59.0
2ab604854000-2ab604868000 r-xp 00005000 3d8:ad14e 144132292263083547     /work2/11056/zwu/frontera/miniconda3/lib/librdmacm.so.1.3.59.0
2ab604868000-2ab60486c000 r--p 00019000 3d8:ad14e 144132292263083547     /work2/11056/zwu/frontera/miniconda3/lib/librdmacm.so.1.3.59.0
2ab60486c000-2ab60486d000 r--p 0001c000 3d8:ad14e 144132292263083547     /work2/11056/zwu/frontera/miniconda3/lib/librdmacm.so.1.3.59.0
2ab60486d000-2ab60486e000 rw-p 0001d000 3d8:ad14e 144132292263083547     /work2/11056/zwu/frontera/miniconda3/lib/librdmacm.so.1.3.59.0
2ab60486e000-2ab60486f000 rw-p 00000000 00:00 0 
2ab60486f000-2ab604877000 r--p 00000000 3d8:ad14e 144132292263083546     /work2/11056/zwu/frontera/miniconda3/lib/libibverbs.so.1.15.59.0
2ab604877000-2ab60488a000 r-xp 00008000 3d8:ad14e 144132292263083546     /work2/11056/zwu/frontera/miniconda3/lib/libibverbs.so.1.15.59.0
2ab60488a000-2ab604890000 r--p 0001b000 3d8:ad14e 144132292263083546     /work2/11056/zwu/frontera/miniconda3/lib/libibverbs.so.1.15.59.0
2ab604890000-2ab604891000 r--p 00020000 3d8:ad14e 144132292263083546     /work2/11056/zwu/frontera/miniconda3/lib/libibverbs.so.1.15.59.0
2ab604891000-2ab604892000 rw-p 00021000 3d8:ad14e 144132292263083546     /work2/11056/zwu/frontera/miniconda3/lib/libibverbs.so.1.15.59.0
2ab604892000-2ab60489c000 r--p 00000000 3d8:ad14e 144132292263081342     /work2/11056/zwu/frontera/miniconda3/lib/libnl-3.so.200.26.0
2ab60489c000-2ab6048ab000 r-xp 0000a000 3d8:ad14e 144132292263081342     /work2/11056/zwu/frontera/miniconda3/lib/libnl-3.so.200.26.0
2ab6048ab000-2ab6048b4000 r--p 00019000 3d8:ad14e 144132292263081342     /work2/11056/zwu/frontera/miniconda3/lib/libnl-3.so.200.26.0
2ab6048b4000-2ab6048b6000 r--p 00021000 3d8:ad14e 144132292263081342     /work2/11056/zwu/frontera/miniconda3/lib/libnl-3.so.200.26.0
2ab6048b6000-2ab6048b7000 rw-p 00023000 3d8:ad14e 144132292263081342     /work2/11056/zwu/frontera/miniconda3/lib/libnl-3.so.200.26.0
2ab6048b7000-2ab6048d9000 r--p 00000000 3d8:ad14e 144132292263083512     /work2/11056/zwu/frontera/miniconda3/lib/libnl-route-3.so.200.26.0
2ab6048d9000-2ab60491f000 r-xp 00022000 3d8:ad14e 144132292263083512     /work2/11056/zwu/frontera/miniconda3/lib/libnl-route-3.so.200.26.0
2ab60491f000-2ab604940000 r--p 00068000 3d8:ad14e 144132292263083512     /work2/11056/zwu/frontera/miniconda3/lib/libnl-route-3.so.200.26.0
2ab604940000-2ab604944000 r--p 00089000 3d8:ad14e 144132292263083512     /work2/11056/zwu/frontera/miniconda3/lib/libnl-route-3.so.200.26.0
2ab604944000-2ab604949000 rw-p 0008d000 3d8:ad14e 144132292263083512     /work2/11056/zwu/frontera/miniconda3/lib/libnl-route-3.so.200.26.0
2ab604949000-2ab60494c000 rw-p 00000000 00:00 0 
2ab60494c000-2ab60494e000 r--p 00000000 3d8:ad14e 144132292263082965     /work2/11056/zwu/frontera/miniconda3/lib/libibverbs/libbnxt_re-rdmav59.so
2ab60494e000-2ab604955000 r-xp 00002000 3d8:ad14e 144132292263082965     /work2/11056/zwu/frontera/miniconda3/lib/libibverbs/libbnxt_re-rdmav59.so
2ab604955000-2ab604957000 r--p 00009000 3d8:ad14e 144132292263082965     /work2/11056/zwu/frontera/miniconda3/lib/libibverbs/libbnxt_re-rdmav59.so
2ab604957000-2ab604958000 r--p 0000a000 3d8:ad14e 144132292263082965     /work2/11056/zwu/frontera/miniconda3/lib/libibverbs/libbnxt_re-rdmav59.so
2ab604958000-2ab604959000 rw-p 0000b000 3d8:ad14e 144132292263082965     /work2/11056/zwu/frontera/miniconda3/lib/libibverbs/libbnxt_re-rdmav59.so
2ab604959000-2ab60495b000 r--p 00000000 3d8:ad14e 144132292263082415     /work2/11056/zwu/frontera/miniconda3/lib/libibverbs/libcxgb4-rdmav59.so
2ab60495b000-2ab604962000 r-xp 00002000 3d8:ad14e 144132292263082415     /work2/11056/zwu/frontera/miniconda3/lib/libibverbs/libcxgb4-rdmav59.so
2ab604962000-2ab604964000 r--p 00009000 3d8:ad14e 144132292263082415     /work2/11056/zwu/frontera/miniconda3/lib/libibverbs/libcxgb4-rdmav59.so
2ab604964000-2ab604965000 r--p 0000b000 3d8:ad14e 144132292263082415     /work2/11056/zwu/frontera/miniconda3/lib/libibverbs/libcxgb4-rdmav59.so
2ab604965000-2ab604966000 rw-p 0000c000 3d8:ad14e 144132292263082415     /work2/11056/zwu/frontera/miniconda3/lib/libibverbs/libcxgb4-rdmav59.so
2ab604966000-2ab604968000 r--p 00000000 3d8:ad14e 144132292263082756     /work2/11056/zwu/frontera/miniconda3/lib/libibverbs/libqedr-rdmav59.so
2ab604968000-2ab60496e000 r-xp 00002000 3d8:ad14e 144132292263082756     /work2/11056/zwu/frontera/miniconda3/lib/libibverbs/libqedr-rdmav59.so
2ab60496e000-2ab604971000 r--p 00008000 3d8:ad14e 144132292263082756     /work2/11056/zwu/frontera/miniconda3/lib/libibverbs/libqedr-rdmav59.so
2ab604971000-2ab604972000 r--p 0000b000 3d8:ad14e 144132292263082756     /work2/11056/zwu/frontera/miniconda3/lib/libibverbs/libqedr-rdmav59.so
2ab604972000-2ab604973000 rw-p 0000c000 3d8:ad14e 144132292263082756     /work2/11056/zwu/frontera/miniconda3/lib/libibverbs/libqedr-rdmav59.so
2ab604973000-2ab604975000 r--p 00000000 3d8:ad14e 144132292263083057     /work2/11056/zwu/frontera/miniconda3/lib/libibverbs/libocrdma-rdmav59.so
2ab604975000-2ab604979000 r-xp 00002000 3d8:ad14e 144132292263083057     /work2/11056/zwu/frontera/miniconda3/lib/libibverbs/libocrdma-rdmav59.so
2ab604979000-2ab60497a000 r--p 00006000 3d8:ad14e 144132292263083057     /work2/11056/zwu/frontera/miniconda3/lib/libibverbs/libocrdma-rdmav59.so
2ab60497a000-2ab60497b000 r--p 00007000 3d8:ad14e 144132292263083057     /work2/11056/zwu/frontera/miniconda3/lib/libibverbs/libocrdma-rdmav59.so
2ab60497b000-2ab60497c000 rw-p 00008000 3d8:ad14e 144132292263083057     /work2/11056/zwu/frontera/miniconda3/lib/libibverbs/libocrdma-rdmav59.so
2ab60497c000-2ab60497e000 r--p 00000000 3d8:ad14e 144132292263082804     /work2/11056/zwu/frontera/miniconda3/lib/libhns.so.1.0.59.0
2ab60497e000-2ab604988000 r-xp 00002000 3d8:ad14e 144132292263082804     /work2/11056/zwu/frontera/miniconda3/lib/libhns.so.1.0.59.0
2ab604988000-2ab60498b000 r--p 0000c000 3d8:ad14e 144132292263082804     /work2/11056/zwu/frontera/miniconda3/lib/libhns.so.1.0.59.0
2ab60498b000-2ab60498c000 r--p 0000e000 3d8:ad14e 144132292263082804     /work2/11056/zwu/frontera/miniconda3/lib/libhns.so.1.0.59.0
2ab60498c000-2ab60498d000 rw-p 0000f000 3d8:ad14e 144132292263082804     /work2/11056/zwu/frontera/miniconda3/lib/libhns.so.1.0.59.0
2ab60498d000-2ab60498f000 r--p 00000000 3d8:ad14e 144132292263081634     /work2/11056/zwu/frontera/miniconda3/lib/libibverbs/librxe-rdmav59.so
2ab60498f000-2ab604993000 r-xp 00002000 3d8:ad14e 144132292263081634     /work2/11056/zwu/frontera/miniconda3/lib/libibverbs/librxe-rdmav59.so
2ab604993000-2ab604994000 r--p 00006000 3d8:ad14e 144132292263081634     /work2/11056/zwu/frontera/miniconda3/lib/libibverbs/librxe-rdmav59.so
2ab604994000-2ab604995000 r--p 00007000 3d8:ad14e 144132292263081634     /work2/11056/zwu/frontera/miniconda3/lib/libibverbs/librxe-rdmav59.so
2ab604995000-2ab604996000 rw-p 00008000 3d8:ad14e 144132292263081634     /work2/11056/zwu/frontera/miniconda3/lib/libibverbs/librxe-rdmav59.so
2ab604996000-2ab604998000 r--p 00000000 3d8:ad14e 144132292263081367     /work2/11056/zwu/frontera/miniconda3/lib/libibverbs/libirdma-rdmav59.so
2ab604998000-2ab60499e000 r-xp 00002000 3d8:ad14e 144132292263081367     /work2/11056/zwu/frontera/miniconda3/lib/libibverbs/libirdma-rdmav59.so
2ab60499e000-2ab6049a0000 r--p 00008000 3d8:ad14e 144132292263081367     /work2/11056/zwu/frontera/miniconda3/lib/libibverbs/libirdma-rdmav59.so
2ab6049a0000-2ab6049a1000 r--p 00009000 3d8:ad14e 144132292263081367     /work2/11056/zwu/frontera/miniconda3/lib/libibverbs/libirdma-rdmav59.so
2ab6049a1000-2ab6049a2000 rw-p 0000a000 3d8:ad14e 144132292263081367     /work2/11056/zwu/frontera/miniconda3/lib/libibverbs/libirdma-rdmav59.so
2ab6049a2000-2ab6049a4000 r--p 00000000 3d8:ad14e 144132292263082086     /work2/11056/zwu/frontera/miniconda3/lib/libibverbs/libipathverbs-rdmav59.so
2ab6049a4000-2ab6049a6000 r-xp 00002000 3d8:ad14e 144132292263082086     /work2/11056/zwu/frontera/miniconda3/lib/libibverbs/libipathverbs-rdmav59.so
2ab6049a6000-2ab6049a7000 r--p 00004000 3d8:ad14e 144132292263082086     /work2/11056/zwu/frontera/miniconda3/lib/libibverbs/libipathverbs-rdmav59.so
2ab6049a7000-2ab6049a8000 r--p 00005000 3d8:ad14e 144132292263082086     /work2/11056/zwu/frontera/miniconda3/lib/libibverbs/libipathverbs-rdmav59.so
2ab6049a8000-2ab6049a9000 rw-p 00006000 3d8:ad14e 144132292263082086     /work2/11056/zwu/frontera/miniconda3/lib/libibverbs/libipathverbs-rdmav59.so
2ab6049a9000-2ab6049ab000 r--p 00000000 3d8:ad14e 144132292263082299     /work2/11056/zwu/frontera/miniconda3/lib/libmana.so.1.0.59.0
2ab6049ab000-2ab6049b0000 r-xp 00002000 3d8:ad14e 144132292263082299     /work2/11056/zwu/frontera/miniconda3/lib/libmana.so.1.0.59.0
2ab6049b0000-2ab6049b2000 r--p 00007000 3d8:ad14e 144132292263082299     /work2/11056/zwu/frontera/miniconda3/lib/libmana.so.1.0.59.0
2ab6049b2000-2ab6049b3000 r--p 00008000 3d8:ad14e 144132292263082299     /work2/11056/zwu/frontera/miniconda3/lib/libmana.so.1.0.59.0
2ab6049b3000-2ab6049b4000 rw-p 00009000 3d8:ad14e 144132292263082299     /work2/11056/zwu/frontera/miniconda3/lib/libmana.so.1.0.59.0
2ab6049b4000-2ab6049bd000 r--p 00000000 3d8:ad14e 144132292263082021     /work2/11056/zwu/frontera/miniconda3/lib/libmlx5.so.1.25.59.0
2ab6049bd000-2ab604a1c000 r-xp 00009000 3d8:ad14e 144132292263082021     /work2/11056/zwu/frontera/miniconda3/lib/libmlx5.so.1.25.59.0
2ab604a1c000-2ab604a2e000 r--p 00068000 3d8:ad14e 144132292263082021     /work2/11056/zwu/frontera/miniconda3/lib/libmlx5.so.1.25.59.0
2ab604a2e000-2ab604a30000 r--p 00079000 3d8:ad14e 144132292263082021     /work2/11056/zwu/frontera/miniconda3/lib/libmlx5.so.1.25.59.0
2ab604a30000-2ab604a31000 rw-p 0007b000 3d8:ad14e 144132292263082021     /work2/11056/zwu/frontera/miniconda3/lib/libmlx5.so.1.25.59.0
2ab604a31000-2ab604a33000 rw-p 00000000 00:00 0 
2ab604a33000-2ab604a35000 r--p 00000000 3d8:ad14e 144132292263081823     /work2/11056/zwu/frontera/miniconda3/lib/libibverbs/libsiw-rdmav59.so
2ab604a35000-2ab604a37000 r-xp 00002000 3d8:ad14e 144132292263081823     /work2/11056/zwu/frontera/miniconda3/lib/libibverbs/libsiw-rdmav59.so
2ab604a37000-2ab604a38000 r--p 00004000 3d8:ad14e 144132292263081823     /work2/11056/zwu/frontera/miniconda3/lib/libibverbs/libsiw-rdmav59.so
2ab604a38000-2ab604a39000 r--p 00005000 3d8:ad14e 144132292263081823     /work2/11056/zwu/frontera/miniconda3/lib/libibverbs/libsiw-rdmav59.so
2ab604a39000-2ab604a3a000 rw-p 00006000 3d8:ad14e 144132292263081823     /work2/11056/zwu/frontera/miniconda3/lib/libibverbs/libsiw-rdmav59.so
2ab604a3a000-2ab604a3c000 r--p 00000000 3d8:ad14e 144132292263081345     /work2/11056/zwu/frontera/miniconda3/lib/libibverbs/libmthca-rdmav59.so
2ab604a3c000-2ab604a41000 r-xp 00002000 3d8:ad14e 144132292263081345     /work2/11056/zwu/frontera/miniconda3/lib/libibverbs/libmthca-rdmav59.so
2ab604a41000-2ab604a43000 r--p 00007000 3d8:ad14e 144132292263081345     /work2/11056/zwu/frontera/miniconda3/lib/libibverbs/libmthca-rdmav59.so
2ab604a43000-2ab604a44000 r--p 00008000 3d8:ad14e 144132292263081345     /work2/11056/zwu/frontera/miniconda3/lib/libibverbs/libmthca-rdmav59.so
2ab604a44000-2ab604a45000 rw-p 00009000 3d8:ad14e 144132292263081345     /work2/11056/zwu/frontera/miniconda3/lib/libibverbs/libmthca-rdmav59.so
2ab604a45000-2ab604a47000 r--p 00000000 3d8:ad14e 144132292263081621     /work2/11056/zwu/frontera/miniconda3/lib/libibverbs/libvmw_pvrdma-rdmav59.so
2ab604a47000-2ab604a49000 r-xp 00002000 3d8:ad14e 144132292263081621     /work2/11056/zwu/frontera/miniconda3/lib/libibverbs/libvmw_pvrdma-rdmav59.so
2ab604a49000-2ab604a4a000 r--p 00004000 3d8:ad14e 144132292263081621     /work2/11056/zwu/frontera/miniconda3/lib/libibverbs/libvmw_pvrdma-rdmav59.so
2ab604a4a000-2ab604a4b000 r--p 00004000 3d8:ad14e 144132292263081621     /work2/11056/zwu/frontera/miniconda3/lib/libibverbs/libvmw_pvrdma-rdmav59.so
2ab604a4b000-2ab604a4c000 rw-p 00005000 3d8:ad14e 144132292263081621     /work2/11056/zwu/frontera/miniconda3/lib/libibverbs/libvmw_pvrdma-rdmav59.so
2ab604a4c000-2ab604a4f000 r--p 00000000 3d8:ad14e 144132292263082676     /work2/11056/zwu/frontera/miniconda3/lib/libmlx4.so.1.0.59.0
2ab604a4f000-2ab604a56000 r-xp 00003000 3d8:ad14e 144132292263082676     /work2/11056/zwu/frontera/miniconda3/lib/libmlx4.so.1.0.59.0
2ab604a56000-2ab604a58000 r--p 0000a000 3d8:ad14e 144132292263082676     /work2/11056/zwu/frontera/miniconda3/lib/libmlx4.so.1.0.59.0
2ab604a58000-2ab604a59000 r--p 0000c000 3d8:ad14e 144132292263082676     /work2/11056/zwu/frontera/miniconda3/lib/libmlx4.so.1.0.59.0
2ab604a59000-2ab604a5a000 rw-p 0000d000 3d8:ad14e 144132292263082676     /work2/11056/zwu/frontera/miniconda3/lib/libmlx4.so.1.0.59.0
2ab604a5a000-2ab604a5b000 r--s 00700000 00:05 20525                      /dev/infiniband/uverbs0
2ab604a5b000-2ab604a5c000 -w-s 00900000 00:05 20525                      /dev/infiniband/uverbs0
2ab604a5c000-2ab604a5d000 -w-s 00901000 00:05 20525                      /dev/infiniband/uverbs0
2ab604a5d000-2ab604a97000 r-xp 00000000 fd:00 403751668                  /opt/intel/compilers_and_libraries_2020.4.304/linux/mpi/intel64/libfabric/lib/prov/libtcp-fi.so
2ab604a97000-2ab604c97000 ---p 0003a000 fd:00 403751668                  /opt/intel/compilers_and_libraries_2020.4.304/linux/mpi/intel64/libfabric/lib/prov/libtcp-fi.so
2ab604c97000-2ab604c9a000 rw-p 0003a000 fd:00 403751668                  /opt/intel/compilers_and_libraries_2020.4.304/linux/mpi/intel64/libfabric/lib/prov/libtcp-fi.so
2ab604c9a000-2ab604cec000 r-xp 00000000 fd:00 403751667                  /opt/intel/compilers_and_libraries_2020.4.304/linux/mpi/intel64/libfabric/lib/prov/libsockets-fi.so
2ab604cec000-2ab604eec000 ---p 00052000 fd:00 403751667                  /opt/intel/compilers_and_libraries_2020.4.304/linux/mpi/intel64/libfabric/lib/prov/libsockets-fi.so
2ab604eec000-2ab604eef000 rw-p 00052000 fd:00 403751667                  /opt/intel/compilers_and_libraries_2020.4.304/linux/mpi/intel64/libfabric/lib/prov/libsockets-fi.so
2ab604eef000-2ab604f2c000 r-xp 00000000 fd:00 403751666                  /opt/intel/compilers_and_libraries_2020.4.304/linux/mpi/intel64/libfabric/lib/prov/libshm-fi.so
2ab604f2c000-2ab60512b000 ---p 0003d000 fd:00 403751666                  /opt/intel/compilers_and_libraries_2020.4.304/linux/mpi/intel64/libfabric/lib/prov/libshm-fi.so
2ab60512b000-2ab60512e000 rw-p 0003c000 fd:00 403751666                  /opt/intel/compilers_and_libraries_2020.4.304/linux/mpi/intel64/libfabric/lib/prov/libshm-fi.so
2ab60512e000-2ab605179000 r-xp 00000000 fd:00 403751665                  /opt/intel/compilers_and_libraries_2020.4.304/linux/mpi/intel64/libfabric/lib/prov/librxm-fi.so
2ab605179000-2ab605379000 ---p 0004b000 fd:00 403751665                  /opt/intel/compilers_and_libraries_2020.4.304/linux/mpi/intel64/libfabric/lib/prov/librxm-fi.so
2ab605379000-2ab60537c000 rw-p 0004b000 fd:00 403751665                  /opt/intel/compilers_and_libraries_2020.4.304/linux/mpi/intel64/libfabric/lib/prov/librxm-fi.so
2ab60537c000-2ab6053b6000 r-xp 00000000 fd:00 403751663                  /opt/intel/compilers_and_libraries_2020.4.304/linux/mpi/intel64/libfabric/lib/prov/libmlx-fi.so
2ab6053b6000-2ab6055b5000 ---p 0003a000 fd:00 403751663                  /opt/intel/compilers_and_libraries_2020.4.304/linux/mpi/intel64/libfabric/lib/prov/libmlx-fi.so
2ab6055b5000-2ab6055b8000 rw-p 00039000 fd:00 403751663                  /opt/intel/compilers_and_libraries_2020.4.304/linux/mpi/intel64/libfabric/lib/prov/libmlx-fi.so
2ab6055b8000-2ab6055d9000 r--p 00000000 3d8:ad14e 144132292263080675     /work2/11056/zwu/frontera/miniconda3/lib/libucp.so.0.0.0
2ab6055d9000-2ab60566e000 r-xp 00021000 3d8:ad14e 144132292263080675     /work2/11056/zwu/frontera/miniconda3/lib/libucp.so.0.0.0
2ab60566e000-2ab605694000 r--p 000b6000 3d8:ad14e 144132292263080675     /work2/11056/zwu/frontera/miniconda3/lib/libucp.so.0.0.0
2ab605694000-2ab605696000 r--p 000dc000 3d8:ad14e 144132292263080675     /work2/11056/zwu/frontera/miniconda3/lib/libucp.so.0.0.0
2ab605696000-2ab60569c000 rw-p 000de000 3d8:ad14e 144132292263080675     /work2/11056/zwu/frontera/miniconda3/lib/libucp.so.0.0.0
2ab60569c000-2ab6056b1000 r--p 00000000 3d8:ad14e 144132292263080519     /work2/11056/zwu/frontera/miniconda3/lib/libuct.so.0.0.0
2ab6056b1000-2ab6056c8000 r-xp 00015000 3d8:ad14e 144132292263080519     /work2/11056/zwu/frontera/miniconda3/lib/libuct.so.0.0.0
2ab6056c8000-2ab6056d5000 r--p 0002c000 3d8:ad14e 144132292263080519     /work2/11056/zwu/frontera/miniconda3/lib/libuct.so.0.0.0
2ab6056d5000-2ab6056d7000 r--p 00038000 3d8:ad14e 144132292263080519     /work2/11056/zwu/frontera/miniconda3/lib/libuct.so.0.0.0
2ab6056d7000-2ab6056db000 rw-p 0003a000 3d8:ad14e 144132292263080519     /work2/11056/zwu/frontera/miniconda3/lib/libuct.so.0.0.0
2ab6056db000-2ab6056f1000 r--p 00000000 3d8:ad14e 144132292263083603     /work2/11056/zwu/frontera/miniconda3/lib/libucs.so.0.0.0
2ab6056f1000-2ab605722000 r-xp 00016000 3d8:ad14e 144132292263083603     /work2/11056/zwu/frontera/miniconda3/lib/libucs.so.0.0.0
2ab605722000-2ab605739000 r--p 00047000 3d8:ad14e 144132292263083603     /work2/11056/zwu/frontera/miniconda3/lib/libucs.so.0.0.0
2ab605739000-2ab60573b000 r--p 0005e000 3d8:ad14e 144132292263083603     /work2/11056/zwu/frontera/miniconda3/lib/libucs.so.0.0.0
2ab60573b000-2ab60573e000 rw-p 00060000 3d8:ad14e 144132292263083603     /work2/11056/zwu/frontera/miniconda3/lib/libucs.so.0.0.0
2ab60573e000-2ab605743000 rw-p 00000000 00:00 0 
2ab605743000-2ab605749000 r--p 00000000 3d8:ad14e 144132292263080791     /work2/11056/zwu/frontera/miniconda3/lib/libucm.so.0.0.0
2ab605749000-2ab605757000 r-xp 00006000 3d8:ad14e 144132292263080791     /work2/11056/zwu/frontera/miniconda3/lib/libucm.so.0.0.0
2ab605757000-2ab60575c000 r--p 00014000 3d8:ad14e 144132292263080791     /work2/11056/zwu/frontera/miniconda3/lib/libucm.so.0.0.0
2ab60575c000-2ab60575d000 r--p 00018000 3d8:ad14e 144132292263080791     /work2/11056/zwu/frontera/miniconda3/lib/libucm.so.0.0.0
2ab60575d000-2ab60575e000 rw-p 00019000 3d8:ad14e 144132292263080791     /work2/11056/zwu/frontera/miniconda3/lib/libucm.so.0.0.0
2ab60575e000-2ab605782000 rw-p 00000000 00:00 0 
2ab605782000-2ab605796000 r--p 00000000 3d8:ad14e 144132292263080951     /work2/11056/zwu/frontera/miniconda3/lib/ucx/libuct_ib.so.0.0.0
2ab605796000-2ab6057b3000 r-xp 00014000 3d8:ad14e 144132292263080951     /work2/11056/zwu/frontera/miniconda3/lib/ucx/libuct_ib.so.0.0.0
2ab6057b3000-2ab6057c2000 r--p 00031000 3d8:ad14e 144132292263080951     /work2/11056/zwu/frontera/miniconda3/lib/ucx/libuct_ib.so.0.0.0
2ab6057c2000-2ab6057c4000 r--p 0003f000 3d8:ad14e 144132292263080951     /work2/11056/zwu/frontera/miniconda3/lib/ucx/libuct_ib.so.0.0.0
2ab6057c4000-2ab6057c8000 rw-p 00041000 3d8:ad14e 144132292263080951     /work2/11056/zwu/frontera/miniconda3/lib/ucx/libuct_ib.so.0.0.0
2ab6057c8000-2ab6057da000 r--p 00000000 3d8:ad14e 144132292263080801     /work2/11056/zwu/frontera/miniconda3/lib/ucx/libuct_ib_mlx5.so.0.0.0
2ab6057da000-2ab60581d000 r-xp 00012000 3d8:ad14e 144132292263080801     /work2/11056/zwu/frontera/miniconda3/lib/ucx/libuct_ib_mlx5.so.0.0.0
2ab60581d000-2ab60582d000 r--p 00055000 3d8:ad14e 144132292263080801     /work2/11056/zwu/frontera/miniconda3/lib/ucx/libuct_ib_mlx5.so.0.0.0
2ab60582d000-2ab60582f000 r--p 00064000 3d8:ad14e 144132292263080801     /work2/11056/zwu/frontera/miniconda3/lib/ucx/libuct_ib_mlx5.so.0.0.0
2ab60582f000-2ab605832000 rw-p 00066000 3d8:ad14e 144132292263080801     /work2/11056/zwu/frontera/miniconda3/lib/ucx/libuct_ib_mlx5.so.0.0.0
2ab605832000-2ab605836000 r--p 00000000 3d8:ad14e 144132292263080663     /work2/11056/zwu/frontera/miniconda3/lib/ucx/libuct_ib_efa.so.0.0.0
2ab605836000-2ab60583b000 r-xp 00004000 3d8:ad14e 144132292263080663     /work2/11056/zwu/frontera/miniconda3/lib/ucx/libuct_ib_efa.so.0.0.0
2ab60583b000-2ab60583d000 r--p 00009000 3d8:ad14e 144132292263080663     /work2/11056/zwu/frontera/miniconda3/lib/ucx/libuct_ib_efa.so.0.0.0
2ab60583d000-2ab60583e000 r--p 0000a000 3d8:ad14e 144132292263080663     /work2/11056/zwu/frontera/miniconda3/lib/ucx/libuct_ib_efa.so.0.0.0
2ab60583e000-2ab60583f000 rw-p 0000b000 3d8:ad14e 144132292263080663     /work2/11056/zwu/frontera/miniconda3/lib/ucx/libuct_ib_efa.so.0.0.0
2ab60583f000-2ab605844000 r--p 00000000 3d8:ad14e 144132292263080749     /work2/11056/zwu/frontera/miniconda3/lib/ucx/libuct_rdmacm.so.0.0.0
2ab605844000-2ab605849000 r-xp 00005000 3d8:ad14e 144132292263080749     /work2/11056/zwu/frontera/miniconda3/lib/ucx/libuct_rdmacm.so.0.0.0
2ab605849000-2ab60584c000 r--p 0000a000 3d8:ad14e 144132292263080749     /work2/11056/zwu/frontera/miniconda3/lib/ucx/libuct_rdmacm.so.0.0.0
2ab60584c000-2ab60584d000 r--p 0000c000 3d8:ad14e 144132292263080749     /work2/11056/zwu/frontera/miniconda3/lib/ucx/libuct_rdmacm.so.0.0.0
2ab60584d000-2ab60584e000 rw-p 0000d000 3d8:ad14e 144132292263080749     /work2/11056/zwu/frontera/miniconda3/lib/ucx/libuct_rdmacm.so.0.0.0
2ab60584e000-2ab605851000 r--p 00000000 3d8:ad14e 144132292263080558     /work2/11056/zwu/frontera/miniconda3/lib/ucx/libuct_cma.so.0.0.0
2ab605851000-2ab605852000 r-xp 00003000 3d8:ad14e 144132292263080558     /work2/11056/zwu/frontera/miniconda3/lib/ucx/libuct_cma.so.0.0.0
2ab605852000-2ab605853000 r--p 00004000 3d8:ad14e 144132292263080558     /work2/11056/zwu/frontera/miniconda3/lib/ucx/libuct_cma.so.0.0.0
2ab605853000-2ab605854000 r--p 00004000 3d8:ad14e 144132292263080558     /work2/11056/zwu/frontera/miniconda3/lib/ucx/libuct_cma.so.0.0.0
2ab605854000-2ab605855000 rw-p 00005000 3d8:ad14e 144132292263080558     /work2/11056/zwu/frontera/miniconda3/lib/ucx/libuct_cma.so.0.0.0
2ab605855000-2ab605856000 r--s 00500000 00:05 20525                      /dev/infiniband/uverbs0
2ab605856000-2ab605857000 r--s 00700000 00:05 20525                      /dev/infiniband/uverbs0
2ab605857000-2ab605858000 -w-s 00900000 00:05 20525                      /dev/infiniband/uverbs0
2ab605858000-2ab605859000 -w-s 00901000 00:05 20525                      /dev/infiniband/uverbs0
2ab605859000-2ab60585a000 -w-s 00902000 00:05 20525                      /dev/infiniband/uverbs0
2ab60585a000-2ab60585b000 rw-s 00800000 00:05 20525                      /dev/infiniband/uverbs0
2ab60585b000-2ab6059ce000 rw-p 00000000 00:00 0 
2ab6059ce000-2ab6059d5000 r--s 00000000 fd:00 270241126                  /usr/lib64/gconv/gconv-modules.cache
2ab6059d5000-2ab6059dd000 rw-p 00000000 00:00 0 
2ab6059dd000-2ab6059de000 r--s 00500000 00:05 20525                      /dev/infiniband/uverbs0
2ab6059de000-2ab6059df000 r--s 00700000 00:05 20525                      /dev/infiniband/uverbs0
2ab6059df000-2ab6059e0000 -w-s 00900000 00:05 20525                      /dev/infiniband/uverbs0
2ab6059e0000-2ab6059e1000 ---p 00000000 00:00 0 
2ab6059e1000-2ab605be2000 rw-p 00000000 00:00 0 
2ab605be2000-2ab605de2000 rw-p 00000000 00:00 0 
2ab605de2000-2ab60618e000 rw-p 00000000 00:00 0 
2ab60618e000-2ab606190000 r--p 00000000 3d8:ad14e 144134765124013464     /work2/11056/zwu/frontera/miniconda3/envs/libyt/lib/python3.13/lib-dynload/grp.cpython-313-x86_64-linux-gnu.so
2ab606190000-2ab606191000 r-xp 00002000 3d8:ad14e 144134765124013464     /work2/11056/zwu/frontera/miniconda3/envs/libyt/lib/python3.13/lib-dynload/grp.cpython-313-x86_64-linux-gnu.so
2ab606191000-2ab606192000 r--p 00003000 3d8:ad14e 144134765124013464     /work2/11056/zwu/frontera/miniconda3/envs/libyt/lib/python3.13/lib-dynload/grp.cpython-313-x86_64-linux-gnu.so
2ab606192000-2ab606193000 r--p 00003000 3d8:ad14e 144134765124013464     /work2/11056/zwu/frontera/miniconda3/envs/libyt/lib/python3.13/lib-dynload/grp.cpython-313-x86_64-linux-gnu.so
2ab606193000-2ab606194000 rw-p 00004000 3d8:ad14e 144134765124013464     /work2/11056/zwu/frontera/miniconda3/envs/libyt/lib/python3.13/lib-dynload/grp.cpython-313-x86_64-linux-gnu.so
2ab606194000-2ab606195000 -w-s 00903000 00:05 20525                      /dev/infiniband/uverbs0
2ab606195000-2ab607f99000 rw-p 00000000 00:00 0 
2ab607f99000-2ab607f9f000 r--p 00000000 3d8:ad14e 144134765124012662     /work2/11056/zwu/frontera/miniconda3/envs/libyt/lib/python3.13/lib-dynload/_datetime.cpython-313-x86_64-linux-gnu.so
2ab607f9f000-2ab607fb2000 r-xp 00006000 3d8:ad14e 144134765124012662     /work2/11056/zwu/frontera/miniconda3/envs/libyt/lib/python3.13/lib-dynload/_datetime.cpython-313-x86_64-linux-gnu.so
2ab607fb2000-2ab607fb8000 r--p 00019000 3d8:ad14e 144134765124012662     /work2/11056/zwu/frontera/miniconda3/envs/libyt/lib/python3.13/lib-dynload/_datetime.cpython-313-x86_64-linux-gnu.so
2ab607fb8000-2ab607fb9000 r--p 0001f000 3d8:ad14e 144134765124012662     /work2/11056/zwu/frontera/miniconda3/envs/libyt/lib/python3.13/lib-dynload/_datetime.cpython-313-x86_64-linux-gnu.so
2ab607fb9000-2ab607fbc000 rw-p 00020000 3d8:ad14e 144134765124012662     /work2/11056/zwu/frontera/miniconda3/envs/libyt/lib/python3.13/lib-dynload/_datetime.cpython-313-x86_64-linux-gnu.so
2ab607fbc000-2ab607fc0000 r--p 00000000 3d8:ad14e 144134765124012639     /work2/11056/zwu/frontera/miniconda3/envs/libyt/lib/python3.13/lib-dynload/math.cpython-313-x86_64-linux-gnu.so
2ab607fc0000-2ab607fc9000 r-xp 00004000 3d8:ad14e 144134765124012639     /work2/11056/zwu/frontera/miniconda3/envs/libyt/lib/python3.13/lib-dynload/math.cpython-313-x86_64-linux-gnu.so
2ab607fc9000-2ab607fce000 r--p 0000d000 3d8:ad14e 144134765124012639     /work2/11056/zwu/frontera/miniconda3/envs/libyt/lib/python3.13/lib-dynload/math.cpython-313-x86_64-linux-gnu.so
2ab607fce000-2ab607fcf000 r--p 00012000 3d8:ad14e 144134765124012639     /work2/11056/zwu/frontera/miniconda3/envs/libyt/lib/python3.13/lib-dynload/math.cpython-313-x86_64-linux-gnu.so
2ab607fcf000-2ab607fd0000 rw-p 00013000 3d8:ad14e 144134765124012639     /work2/11056/zwu/frontera/miniconda3/envs/libyt/lib/python3.13/lib-dynload/math.cpython-313-x86_64-linux-gnu.so
2ab607fd0000-2ab607fd1000 r--p 00000000 3d8:ad14e 144134765124012357     /work2/11056/zwu/frontera/miniconda3/envs/libyt/lib/python3.13/lib-dynload/_contextvars.cpython-313-x86_64-linux-gnu.so
2ab607fd1000-2ab607fd2000 r-xp 00001000 3d8:ad14e 144134765124012357     /work2/11056/zwu/frontera/miniconda3/envs/libyt/lib/python3.13/lib-dynload/_contextvars.cpython-313-x86_64-linux-gnu.so
2ab607fd2000-2ab607fd3000 r--p 00002000 3d8:ad14e 144134765124012357     /work2/11056/zwu/frontera/miniconda3/envs/libyt/lib/python3.13/lib-dynload/_contextvars.cpython-313-x86_64-linux-gnu.so
2ab607fd3000-2ab607fd4000 r--p 00002000 3d8:ad14e 144134765124012357     /work2/11056/zwu/frontera/miniconda3/envs/libyt/lib/python3.13/lib-dynload/_contextvars.cpython-313-x86_64-linux-gnu.so
2ab607fd4000-2ab607fd5000 rw-p 00003000 3d8:ad14e 144134765124012357     /work2/11056/zwu/frontera/miniconda3/envs/libyt/lib/python3.13/lib-dynload/_contextvars.cpython-313-x86_64-linux-gnu.so
2ab607fd5000-2ab607fd7000 r--p 00000000 3d8:ad14e 144134765124013245     /work2/11056/zwu/frontera/miniconda3/envs/libyt/lib/python3.13/lib-dynload/_opcode.cpython-313-x86_64-linux-gnu.so
2ab607fd7000-2ab607fd9000 r-xp 00002000 3d8:ad14e 144134765124013245     /work2/11056/zwu/frontera/miniconda3/envs/libyt/lib/python3.13/lib-dynload/_opcode.cpython-313-x86_64-linux-gnu.so
2ab607fd9000-2ab607fda000 r--p 00004000 3d8:ad14e 144134765124013245     /work2/11056/zwu/frontera/miniconda3/envs/libyt/lib/python3.13/lib-dynload/_opcode.cpython-313-x86_64-linux-gnu.so
2ab607fda000-2ab607fdb000 r--p 00005000 3d8:ad14e 144134765124013245     /work2/11056/zwu/frontera/miniconda3/envs/libyt/lib/python3.13/lib-dynload/_opcode.cpython-313-x86_64-linux-gnu.so
2ab607fdb000-2ab607fdc000 rw-p 00006000 3d8:ad14e 144134765124013245     /work2/11056/zwu/frontera/miniconda3/envs/libyt/lib/python3.13/lib-dynload/_opcode.cpython-313-x86_64-linux-gnu.so
2ab607fdc000-2ab607fe0000 r--p 00000000 3d8:ad14e 144134765124012947     /work2/11056/zwu/frontera/miniconda3/envs/libyt/lib/python3.13/lib-dynload/_struct.cpython-313-x86_64-linux-gnu.so
2ab607fe0000-2ab607fe5000 r-xp 00004000 3d8:ad14e 144134765124012947     /work2/11056/zwu/frontera/miniconda3/envs/libyt/lib/python3.13/lib-dynload/_struct.cpython-313-x86_64-linux-gnu.so
2ab607fe5000-2ab607fe9000 r--p 00009000 3d8:ad14e 144134765124012947     /work2/11056/zwu/frontera/miniconda3/envs/libyt/lib/python3.13/lib-dynload/_struct.cpython-313-x86_64-linux-gnu.so
2ab607fe9000-2ab607fea000 r--p 0000c000 3d8:ad14e 144134765124012947     /work2/11056/zwu/frontera/miniconda3/envs/libyt/lib/python3.13/lib-dynload/_struct.cpython-313-x86_64-linux-gnu.so
2ab607fea000-2ab607feb000 rw-p 0000d000 3d8:ad14e 144134765124012947     /work2/11056/zwu/frontera/miniconda3/envs/libyt/lib/python3.13/lib-dynload/_struct.cpython-313-x86_64-linux-gnu.so
2ab607feb000-2ab607fed000 r--p 00000000 3d8:ad14e 144134765124010366     /work2/11056/zwu/frontera/miniconda3/envs/libyt/lib/libffi.so.8.2.0
2ab607fed000-2ab607ff3000 r-xp 00002000 3d8:ad14e 144134765124010366     /work2/11056/zwu/frontera/miniconda3/envs/libyt/lib/libffi.so.8.2.0
2ab607ff3000-2ab607ff5000 r--p 00008000 3d8:ad14e 144134765124010366     /work2/11056/zwu/frontera/miniconda3/envs/libyt/lib/libffi.so.8.2.0
2ab607ff5000-2ab607ff6000 r--p 00009000 3d8:ad14e 144134765124010366     /work2/11056/zwu/frontera/miniconda3/envs/libyt/lib/libffi.so.8.2.0
2ab607ff6000-2ab607ff7000 rw-p 0000a000 3d8:ad14e 144134765124010366     /work2/11056/zwu/frontera/miniconda3/envs/libyt/lib/libffi.so.8.2.0
2ab607ff7000-2ab607ff9000 r--p 00000000 3d8:ad14e 144134765124012000     /work2/11056/zwu/frontera/miniconda3/envs/libyt/lib/python3.13/lib-dynload/_bisect.cpython-313-x86_64-linux-gnu.so
2ab607ff9000-2ab607ffb000 r-xp 00002000 3d8:ad14e 144134765124012000     /work2/11056/zwu/frontera/miniconda3/envs/libyt/lib/python3.13/lib-dynload/_bisect.cpython-313-x86_64-linux-gnu.so
2ab607ffb000-2ab607ffc000 r--p 00004000 3d8:ad14e 144134765124012000     /work2/11056/zwu/frontera/miniconda3/envs/libyt/lib/python3.13/lib-dynload/_bisect.cpython-313-x86_64-linux-gnu.so
2ab607ffc000-2ab607ffd000 r--p 00005000 3d8:ad14e 144134765124012000     /work2/11056/zwu/frontera/miniconda3/envs/libyt/lib/python3.13/lib-dynload/_bisect.cpython-313-x86_64-linux-gnu.so
2ab607ffd000-2ab607ffe000 rw-p 00006000 3d8:ad14e 144134765124012000     /work2/11056/zwu/frontera/miniconda3/envs/libyt/lib/python3.13/lib-dynload/_bisect.cpython-313-x86_64-linux-gnu.so
2ab607ffe000-2ab607fff000 rw-p 00000000 00:00 0 
2ab608000000-2ab608021000 rw-p 00000000 00:00 0 
2ab608021000-2ab60c000000 ---p 00000000 00:00 0 
2ab60c000000-2ab60c200000 rw-p 00000000 00:00 0 
2ab60c200000-2ab60e800000 rw-p 00000000 00:00 0 
2ab60e800000-2ab61b89d000 rw-p 00000000 00:00 0 
2ab61b89d000-2ab621de0000 r--p 00000000 fd:00 269862101                  /usr/lib/locale/locale-archive
2ab621de0000-2ab621fe0000 rw-p 00000000 00:00 0 
2ab621fe0000-2ab62200a000 r--p 00000000 3d8:ad14e 144134765124016696     /work2/11056/zwu/frontera/miniconda3/envs/libyt/lib/python3.13/site-packages/numpy/_core/_multiarray_umath.cpython-313-x86_64-linux-gnu.so
2ab62200a000-2ab62266f000 r-xp 0002a000 3d8:ad14e 144134765124016696     /work2/11056/zwu/frontera/miniconda3/envs/libyt/lib/python3.13/site-packages/numpy/_core/_multiarray_umath.cpython-313-x86_64-linux-gnu.so
2ab62266f000-2ab6227ee000 r--p 0068f000 3d8:ad14e 144134765124016696     /work2/11056/zwu/frontera/miniconda3/envs/libyt/lib/python3.13/site-packages/numpy/_core/_multiarray_umath.cpython-313-x86_64-linux-gnu.so
2ab6227ee000-2ab6227f2000 r--p 0080e000 3d8:ad14e 144134765124016696     /work2/11056/zwu/frontera/miniconda3/envs/libyt/lib/python3.13/site-packages/numpy/_core/_multiarray_umath.cpython-313-x86_64-linux-gnu.so
2ab6227f2000-2ab622813000 rw-p 00812000 3d8:ad14e 144134765124016696     /work2/11056/zwu/frontera/miniconda3/envs/libyt/lib/python3.13/site-packages/numpy/_core/_multiarray_umath.cpython-313-x86_64-linux-gnu.so
2ab622813000-2ab62282b000 rw-p 00000000 00:00 0 
2ab62282b000-2ab622998000 r--p 00000000 3d8:ad14e 144134765124016387     /work2/11056/zwu/frontera/miniconda3/envs/libyt/lib/libopenblasp-r0.3.32.so
2ab622998000-2ab622999000 r-xp 0016d000 3d8:ad14e 144134765124016387     /work2/11056/zwu/frontera/miniconda3/envs/libyt/lib/libopenblasp-r0.3.32.so
2ab622999000-2ab62299b000 ---p 0016e000 3d8:ad14e 144134765124016387     /work2/11056/zwu/frontera/miniconda3/envs/libyt/lib/libopenblasp-r0.3.32.so
2ab62299b000-2ab624bfa000 r-xp 00170000 3d8:ad14e 144134765124016387     /work2/11056/zwu/frontera/miniconda3/envs/libyt/lib/libopenblasp-r0.3.32.so
2ab624bfa000-2ab624e4a000 r--p 023cf000 3d8:ad14e 144134765124016387     /work2/11056/zwu/frontera/miniconda3/envs/libyt/lib/libopenblasp-r0.3.32.so
2ab624e4a000-2ab624e5a000 r--p 0261e000 3d8:ad14e 144134765124016387     /work2/11056/zwu/frontera/miniconda3/envs/libyt/lib/libopenblasp-r0.3.32.so
2ab624e5a000-2ab624e72000 rw-p 0262e000 3d8:ad14e 144134765124016387     /work2/11056/zwu/frontera/miniconda3/envs/libyt/lib/libopenblasp-r0.3.32.so
2ab624e72000-2ab624e87000 rw-p 00000000 00:00 0 
2ab624e87000-2ab62ce87000 rw-p 00000000 00:00 0 
2ab62ce87000-2ab62d187000 rw-p 00000000 00:00 0 
2ab62d187000-2ab62d18c000 r--p 00000000 3d8:ad14e 144134765124010905     /work2/11056/zwu/frontera/miniconda3/envs/libyt/lib/python3.13/lib-dynload/_pickle.cpython-313-x86_64-linux-gnu.so
2ab62d18c000-2ab62d19e000 r-xp 00005000 3d8:ad14e 144134765124010905     /work2/11056/zwu/frontera/miniconda3/envs/libyt/lib/python3.13/lib-dynload/_pickle.cpython-313-x86_64-linux-gnu.so
2ab62d19e000-2ab62d1a4000 r--p 00017000 3d8:ad14e 144134765124010905     /work2/11056/zwu/frontera/miniconda3/envs/libyt/lib/python3.13/lib-dynload/_pickle.cpython-313-x86_64-linux-gnu.so
2ab62d1a4000-2ab62d1a5000 r--p 0001d000 3d8:ad14e 144134765124010905     /work2/11056/zwu/frontera/miniconda3/envs/libyt/lib/python3.13/lib-dynload/_pickle.cpython-313-x86_64-linux-gnu.so
2ab62d1a5000-2ab62d1a6000 rw-p 0001e000 3d8:ad14e 144134765124010905     /work2/11056/zwu/frontera/miniconda3/envs/libyt/lib/python3.13/lib-dynload/_pickle.cpython-313-x86_64-linux-gnu.so
2ab62d1a6000-2ab62d2a6000 rw-p 00000000 00:00 0 
2ab62d2a6000-2ab62d2ad000 r--p 00000000 3d8:ad14e 144134765124012987     /work2/11056/zwu/frontera/miniconda3/envs/libyt/lib/python3.13/lib-dynload/_ctypes.cpython-313-x86_64-linux-gnu.so
2ab62d2ad000-2ab62d2bd000 r-xp 00007000 3d8:ad14e 144134765124012987     /work2/11056/zwu/frontera/miniconda3/envs/libyt/lib/python3.13/lib-dynload/_ctypes.cpython-313-x86_64-linux-gnu.so
2ab62d2bd000-2ab62d2c4000 r--p 00017000 3d8:ad14e 144134765124012987     /work2/11056/zwu/frontera/miniconda3/envs/libyt/lib/python3.13/lib-dynload/_ctypes.cpython-313-x86_64-linux-gnu.so
2ab62d2c4000-2ab62d2c5000 r--p 0001e000 3d8:ad14e 144134765124012987     /work2/11056/zwu/frontera/miniconda3/envs/libyt/lib/python3.13/lib-dynload/_ctypes.cpython-313-x86_64-linux-gnu.so
2ab62d2c5000-2ab62d2c7000 rw-p 0001f000 3d8:ad14e 144134765124012987     /work2/11056/zwu/frontera/miniconda3/envs/libyt/lib/python3.13/lib-dynload/_ctypes.cpython-313-x86_64-linux-gnu.so
2ab62d2c7000-2ab62d2ca000 r--p 00000000 3d8:ad14e 144134765124017909     /work2/11056/zwu/frontera/miniconda3/envs/libyt/lib/python3.13/site-packages/numpy/linalg/_umath_linalg.cpython-313-x86_64-linux-gnu.so
2ab62d2ca000-2ab62d2e5000 r-xp 00003000 3d8:ad14e 144134765124017909     /work2/11056/zwu/frontera/miniconda3/envs/libyt/lib/python3.13/site-packages/numpy/linalg/_umath_linalg.cpython-313-x86_64-linux-gnu.so
2ab62d2e5000-2ab62d2e9000 r--p 0001e000 3d8:ad14e 144134765124017909     /work2/11056/zwu/frontera/miniconda3/envs/libyt/lib/python3.13/site-packages/numpy/linalg/_umath_linalg.cpython-313-x86_64-linux-gnu.so
2ab62d2e9000-2ab62d2ea000 r--p 00021000 3d8:ad14e 144134765124017909     /work2/11056/zwu/frontera/miniconda3/envs/libyt/lib/python3.13/site-packages/numpy/linalg/_umath_linalg.cpython-313-x86_64-linux-gnu.so
2ab62d2ea000-2ab62d2eb000 rw-p 00022000 3d8:ad14e 144134765124017909     /work2/11056/zwu/frontera/miniconda3/envs/libyt/lib/python3.13/site-packages/numpy/linalg/_umath_linalg.cpython-313-x86_64-linux-gnu.so
2ab62d2eb000-2ab62d4eb000 rw-p 00000000 00:00 0 
2ab62d4eb000-2ab62d4ee000 r--p 00000000 3d8:ad14e 144134765124013208     /work2/11056/zwu/frontera/miniconda3/envs/libyt/lib/python3.13/lib-dynload/_json.cpython-313-x86_64-linux-gnu.so
2ab62d4ee000-2ab62d4f4000 r-xp 00003000 3d8:ad14e 144134765124013208     /work2/11056/zwu/frontera/miniconda3/envs/libyt/lib/python3.13/lib-dynload/_json.cpython-313-x86_64-linux-gnu.so
2ab62d4f4000-2ab62d4f6000 r--p 00009000 3d8:ad14e 144134765124013208     /work2/11056/zwu/frontera/miniconda3/envs/libyt/lib/python3.13/lib-dynload/_json.cpython-313-x86_64-linux-gnu.so
2ab62d4f6000-2ab62d4f7000 r--p 0000a000 3d8:ad14e 144134765124013208     /work2/11056/zwu/frontera/miniconda3/envs/libyt/lib/python3.13/lib-dynload/_json.cpython-313-x86_64-linux-gnu.so
2ab62d4f7000-2ab62d4f8000 rw-p 0000b000 3d8:ad14e 144134765124013208     /work2/11056/zwu/frontera/miniconda3/envs/libyt/lib/python3.13/lib-dynload/_json.cpython-313-x86_64-linux-gnu.so
2ab62d4f8000-2ab62d4fc000 r--p 00000000 3d8:ad14e 144134765124011709     /work2/11056/zwu/frontera/miniconda3/envs/libyt/lib/python3.13/lib-dynload/_hashlib.cpython-313-x86_64-linux-gnu.so
2ab62d4fc000-2ab62d502000 r-xp 00004000 3d8:ad14e 144134765124011709     /work2/11056/zwu/frontera/miniconda3/envs/libyt/lib/python3.13/lib-dynload/_hashlib.cpython-313-x86_64-linux-gnu.so
2ab62d502000-2ab62d506000 r--p 0000a000 3d8:ad14e 144134765124011709     /work2/11056/zwu/frontera/miniconda3/envs/libyt/lib/python3.13/lib-dynload/_hashlib.cpython-313-x86_64-linux-gnu.so
2ab62d506000-2ab62d507000 r--p 0000e000 3d8:ad14e 144134765124011709     /work2/11056/zwu/frontera/miniconda3/envs/libyt/lib/python3.13/lib-dynload/_hashlib.cpython-313-x86_64-linux-gnu.so
2ab62d507000-2ab62d508000 rw-p 0000f000 3d8:ad14e 144134765124011709     /work2/11056/zwu/frontera/miniconda3/envs/libyt/lib/python3.13/lib-dynload/_hashlib.cpython-313-x86_64-linux-gnu.so
2ab62d508000-2ab62d5f7000 r--p 00000000 3d8:ad14e 144134765124014059     /work2/11056/zwu/frontera/miniconda3/envs/libyt/lib/libcrypto.so.3
2ab62d5f7000-2ab62d95a000 r-xp 000ef000 3d8:ad14e 144134765124014059     /work2/11056/zwu/frontera/miniconda3/envs/libyt/lib/libcrypto.so.3
2ab62d95a000-2ab62da91000 r--p 00452000 3d8:ad14e 144134765124014059     /work2/11056/zwu/frontera/miniconda3/envs/libyt/lib/libcrypto.so.3
2ab62da91000-2ab62db13000 r--p 00588000 3d8:ad14e 144134765124014059     /work2/11056/zwu/frontera/miniconda3/envs/libyt/lib/libcrypto.so.3
2ab62db13000-2ab62db16000 rw-p 0060a000 3d8:ad14e 144134765124014059     /work2/11056/zwu/frontera/miniconda3/envs/libyt/lib/libcrypto.so.3
2ab62db16000-2ab62db19000 rw-p 00000000 00:00 0 
2ab62db19000-2ab62db1b000 r--p 00000000 3d8:ad14e 144134765124013472     /work2/11056/zwu/frontera/miniconda3/envs/libyt/lib/python3.13/lib-dynload/_blake2.cpython-313-x86_64-linux-gnu.so
2ab62db1b000-2ab62db22000 r-xp 00002000 3d8:ad14e 144134765124013472     /work2/11056/zwu/frontera/miniconda3/envs/libyt/lib/python3.13/lib-dynload/_blake2.cpython-313-x86_64-linux-gnu.so
2ab62db22000-2ab62db24000 r--p 00009000 3d8:ad14e 144134765124013472     /work2/11056/zwu/frontera/miniconda3/envs/libyt/lib/python3.13/lib-dynload/_blake2.cpython-313-x86_64-linux-gnu.so
2ab62db24000-2ab62db25000 r--p 0000a000 3d8:ad14e 144134765124013472     /work2/11056/zwu/frontera/miniconda3/envs/libyt/lib/python3.13/lib-dynload/_blake2.cpython-313-x86_64-linux-gnu.so
2ab62db25000-2ab62db26000 rw-p 0000b000 3d8:ad14e 144134765124013472     /work2/11056/zwu/frontera/miniconda3/envs/libyt/lib/python3.13/lib-dynload/_blake2.cpython-313-x86_64-linux-gnu.so
2ab62db26000-2ab62db3a000 r--p 00000000 3d8:ad14e 144134765124033590     /work2/11056/zwu/frontera/miniconda3/envs/libyt/lib/python3.13/site-packages/gmpy2/gmpy2.cpython-313-x86_64-linux-gnu.so
2ab62db3a000-2ab62dbaa000 r-xp 00014000 3d8:ad14e 144134765124033590     /work2/11056/zwu/frontera/miniconda3/envs/libyt/lib/python3.13/site-packages/gmpy2/gmpy2.cpython-313-x86_64-linux-gnu.so
2ab62dbaa000-2ab62dbcd000 r--p 00084000 3d8:ad14e 144134765124033590     /work2/11056/zwu/frontera/miniconda3/envs/libyt/lib/python3.13/site-packages/gmpy2/gmpy2.cpython-313-x86_64-linux-gnu.so
2ab62dbcd000-2ab62dbcf000 r--p 000a6000 3d8:ad14e 144134765124033590     /work2/11056/zwu/frontera/miniconda3/envs/libyt/lib/python3.13/site-packages/gmpy2/gmpy2.cpython-313-x86_64-linux-gnu.so
2ab62dbcf000-2ab62dbd5000 rw-p 000a8000 3d8:ad14e 144134765124033590     /work2/11056/zwu/frontera/miniconda3/envs/libyt/lib/python3.13/site-packages/gmpy2/gmpy2.cpython-313-x86_64-linux-gnu.so
2ab62dbd5000-2ab62dbdc000 r--p 00000000 3d8:ad14e 144134765124034231     /work2/11056/zwu/frontera/miniconda3/envs/libyt/lib/libmpc.so.3.4.0
2ab62dbdc000-2ab62dbf3000 r-xp 00007000 3d8:ad14e 144134765124034231     /work2/11056/zwu/frontera/miniconda3/envs/libyt/lib/libmpc.so.3.4.0
2ab62dbf3000-2ab62dbf6000 r--p 0001e000 3d8:ad14e 144134765124034231     /work2/11056/zwu/frontera/miniconda3/envs/libyt/lib/libmpc.so.3.4.0
2ab62dbf6000-2ab62dbf7000 r--p 00021000 3d8:ad14e 144134765124034231     /work2/11056/zwu/frontera/miniconda3/envs/libyt/lib/libmpc.so.3.4.0
2ab62dbf7000-2ab62dbf8000 rw-p 00022000 3d8:ad14e 144134765124034231     /work2/11056/zwu/frontera/miniconda3/envs/libyt/lib/libmpc.so.3.4.0
2ab62dbf8000-2ab62dc08000 r--p 00000000 3d8:ad14e 144134765124031173     /work2/11056/zwu/frontera/miniconda3/envs/libyt/lib/libmpfr.so.6.2.2
2ab62dc08000-2ab62dc94000 r-xp 00010000 3d8:ad14e 144134765124031173     /work2/11056/zwu/frontera/miniconda3/envs/libyt/lib/libmpfr.so.6.2.2
2ab62dc94000-2ab62dcaa000 r--p 0009c000 3d8:ad14e 144134765124031173     /work2/11056/zwu/frontera/miniconda3/envs/libyt/lib/libmpfr.so.6.2.2
2ab62dcaa000-2ab62dcad000 r--p 000b1000 3d8:ad14e 144134765124031173     /work2/11056/zwu/frontera/miniconda3/envs/libyt/lib/libmpfr.so.6.2.2
2ab62dcad000-2ab62dcb6000 rw-p 000b4000 3d8:ad14e 144134765124031173     /work2/11056/zwu/frontera/miniconda3/envs/libyt/lib/libmpfr.so.6.2.2
2ab62dcb6000-2ab62dcc9000 r--p 00000000 3d8:ad14e 144131832097572289     /work2/11056/zwu/frontera/miniconda3/envs/libyt/lib/libgmp.so.10.5.0
2ab62dcc9000-2ab62dd44000 r-xp 00013000 3d8:ad14e 144131832097572289     /work2/11056/zwu/frontera/miniconda3/envs/libyt/lib/libgmp.so.10.5.0
2ab62dd44000-2ab62dd5b000 r--p 0008e000 3d8:ad14e 144131832097572289     /work2/11056/zwu/frontera/miniconda3/envs/libyt/lib/libgmp.so.10.5.0
2ab62dd5b000-2ab62dd5d000 r--p 000a5000 3d8:ad14e 144131832097572289     /work2/11056/zwu/frontera/miniconda3/envs/libyt/lib/libgmp.so.10.5.0
2ab62dd5d000-2ab62dd5e000 rw-p 000a7000 3d8:ad14e 144131832097572289     /work2/11056/zwu/frontera/miniconda3/envs/libyt/lib/libgmp.so.10.5.0
2ab62dd5e000-2ab62dd60000 r--p 00000000 3d8:ad14e 144134765124013768     /work2/11056/zwu/frontera/miniconda3/envs/libyt/lib/python3.13/lib-dynload/binascii.cpython-313-x86_64-linux-gnu.so
2ab62dd60000-2ab62dd63000 r-xp 00002000 3d8:ad14e 144134765124013768     /work2/11056/zwu/frontera/miniconda3/envs/libyt/lib/python3.13/lib-dynload/binascii.cpython-313-x86_64-linux-gnu.so
2ab62dd63000-2ab62dd65000 r--p 00005000 3d8:ad14e 144134765124013768     /work2/11056/zwu/frontera/miniconda3/envs/libyt/lib/python3.13/lib-dynload/binascii.cpython-313-x86_64-linux-gnu.so
2ab62dd65000-2ab62dd66000 r--p 00006000 3d8:ad14e 144134765124013768     /work2/11056/zwu/frontera/miniconda3/envs/libyt/lib/python3.13/lib-dynload/binascii.cpython-313-x86_64-linux-gnu.so
2ab62dd66000-2ab62dd67000 rw-p 00007000 3d8:ad14e 144134765124013768     /work2/11056/zwu/frontera/miniconda3/envs/libyt/lib/python3.13/lib-dynload/binascii.cpython-313-x86_64-linux-gnu.so
2ab62dd67000-2ab62de67000 rw-p 00000000 00:00 0 
2ab62de67000-2ab62de6a000 r--p 00000000 3d8:ad14e 144134765124011395     /work2/11056/zwu/frontera/miniconda3/envs/libyt/lib/python3.13/lib-dynload/zlib.cpython-313-x86_64-linux-gnu.so
2ab62de6a000-2ab62de6e000 r-xp 00003000 3d8:ad14e 144134765124011395     /work2/11056/zwu/frontera/miniconda3/envs/libyt/lib/python3.13/lib-dynload/zlib.cpython-313-x86_64-linux-gnu.so
2ab62de6e000-2ab62de71000 r--p 00007000 3d8:ad14e 144134765124011395     /work2/11056/zwu/frontera/miniconda3/envs/libyt/lib/python3.13/lib-dynload/zlib.cpython-313-x86_64-linux-gnu.so
2ab62de71000-2ab62de72000 r--p 0000a000 3d8:ad14e 144134765124011395     /work2/11056/zwu/frontera/miniconda3/envs/libyt/lib/python3.13/lib-dynload/zlib.cpython-313-x86_64-linux-gnu.so
2ab62de72000-2ab62de73000 rw-p 0000b000 3d8:ad14e 144134765124011395     /work2/11056/zwu/frontera/miniconda3/envs/libyt/lib/python3.13/lib-dynload/zlib.cpython-313-x86_64-linux-gnu.so
2ab62de73000-2ab62de75000 r--p 00000000 3d8:ad14e 144134765124013573     /work2/11056/zwu/frontera/miniconda3/envs/libyt/lib/python3.13/lib-dynload/_bz2.cpython-313-x86_64-linux-gnu.so
2ab62de75000-2ab62de77000 r-xp 00002000 3d8:ad14e 144134765124013573     /work2/11056/zwu/frontera/miniconda3/envs/libyt/lib/python3.13/lib-dynload/_bz2.cpython-313-x86_64-linux-gnu.so
2ab62de77000-2ab62de79000 r--p 00004000 3d8:ad14e 144134765124013573     /work2/11056/zwu/frontera/miniconda3/envs/libyt/lib/python3.13/lib-dynload/_bz2.cpython-313-x86_64-linux-gnu.so
2ab62de79000-2ab62de7a000 r--p 00005000 3d8:ad14e 144134765124013573     /work2/11056/zwu/frontera/miniconda3/envs/libyt/lib/python3.13/lib-dynload/_bz2.cpython-313-x86_64-linux-gnu.so
2ab62de7a000-2ab62de7b000 rw-p 00006000 3d8:ad14e 144134765124013573     /work2/11056/zwu/frontera/miniconda3/envs/libyt/lib/python3.13/lib-dynload/_bz2.cpython-313-x86_64-linux-gnu.so
2ab62de7b000-2ab62de7d000 r--p 00000000 3d8:ad14e 144134765124009983     /work2/11056/zwu/frontera/miniconda3/envs/libyt/lib/libbz2.so.1.0.8
2ab62de7d000-2ab62de8c000 r-xp 00002000 3d8:ad14e 144134765124009983     /work2/11056/zwu/frontera/miniconda3/envs/libyt/lib/libbz2.so.1.0.8
2ab62de8c000-2ab62de8e000 r--p 00011000 3d8:ad14e 144134765124009983     /work2/11056/zwu/frontera/miniconda3/envs/libyt/lib/libbz2.so.1.0.8
2ab62de8e000-2ab62de8f000 r--p 00012000 3d8:ad14e 144134765124009983     /work2/11056/zwu/frontera/miniconda3/envs/libyt/lib/libbz2.so.1.0.8
2ab62de8f000-2ab62de90000 rw-p 00013000 3d8:ad14e 144134765124009983     /work2/11056/zwu/frontera/miniconda3/envs/libyt/lib/libbz2.so.1.0.8
2ab62de90000-2ab62de93000 r--p 00000000 3d8:ad14e 144134765124012860     /work2/11056/zwu/frontera/miniconda3/envs/libyt/lib/python3.13/lib-dynload/_lzma.cpython-313-x86_64-linux-gnu.so
2ab62de93000-2ab62de97000 r-xp 00003000 3d8:ad14e 144134765124012860     /work2/11056/zwu/frontera/miniconda3/envs/libyt/lib/python3.13/lib-dynload/_lzma.cpython-313-x86_64-linux-gnu.so
2ab62de97000-2ab62de9a000 r--p 00007000 3d8:ad14e 144134765124012860     /work2/11056/zwu/frontera/miniconda3/envs/libyt/lib/python3.13/lib-dynload/_lzma.cpython-313-x86_64-linux-gnu.so
2ab62de9a000-2ab62de9b000 r--p 00009000 3d8:ad14e 144134765124012860     /work2/11056/zwu/frontera/miniconda3/envs/libyt/lib/python3.13/lib-dynload/_lzma.cpython-313-x86_64-linux-gnu.so
2ab62de9b000-2ab62de9c000 rw-p 0000a000 3d8:ad14e 144134765124012860     /work2/11056/zwu/frontera/miniconda3/envs/libyt/lib/python3.13/lib-dynload/_lzma.cpython-313-x86_64-linux-gnu.so
2ab62de9c000-2ab62dea1000 r--p 00000000 3d8:ad14e 144134765124010171     /work2/11056/zwu/frontera/miniconda3/envs/libyt/lib/liblzma.so.5
2ab62dea1000-2ab62debf000 r-xp 00005000 3d8:ad14e 144134765124010171     /work2/11056/zwu/frontera/miniconda3/envs/libyt/lib/liblzma.so.5
2ab62debf000-2ab62decb000 r--p 00023000 3d8:ad14e 144134765124010171     /work2/11056/zwu/frontera/miniconda3/envs/libyt/lib/liblzma.so.5
2ab62decb000-2ab62decc000 r--p 0002f000 3d8:ad14e 144134765124010171     /work2/11056/zwu/frontera/miniconda3/envs/libyt/lib/liblzma.so.5
2ab62decc000-2ab62decd000 rw-p 00030000 3d8:ad14e 144134765124010171     /work2/11056/zwu/frontera/miniconda3/envs/libyt/lib/liblzma.so.5
2ab62decd000-2ab62decf000 r--p 00000000 3d8:ad14e 144134765124013736     /work2/11056/zwu/frontera/miniconda3/envs/libyt/lib/python3.13/lib-dynload/_random.cpython-313-x86_64-linux-gnu.so
2ab62decf000-2ab62ded1000 r-xp 00002000 3d8:ad14e 144134765124013736     /work2/11056/zwu/frontera/miniconda3/envs/libyt/lib/python3.13/lib-dynload/_random.cpython-313-x86_64-linux-gnu.so
2ab62ded1000-2ab62ded2000 r--p 00004000 3d8:ad14e 144134765124013736     /work2/11056/zwu/frontera/miniconda3/envs/libyt/lib/python3.13/lib-dynload/_random.cpython-313-x86_64-linux-gnu.so
2ab62ded2000-2ab62ded3000 r--p 00004000 3d8:ad14e 144134765124013736     /work2/11056/zwu/frontera/miniconda3/envs/libyt/lib/python3.13/lib-dynload/_random.cpython-313-x86_64-linux-gnu.so
2ab62ded3000-2ab62ded4000 rw-p 00005000 3d8:ad14e 144134765124013736     /work2/11056/zwu/frontera/miniconda3/envs/libyt/lib/python3.13/lib-dynload/_random.cpython-313-x86_64-linux-gnu.so
2ab62ded4000-2ab62dfd4000 rw-p 00000000 00:00 0 
2ab62dfd4000-2ab62dfd6000 r--p 00000000 3d8:ad14e 144134765124011825     /work2/11056/zwu/frontera/miniconda3/envs/libyt/lib/python3.13/lib-dynload/cmath.cpython-313-x86_64-linux-gnu.so
2ab62dfd6000-2ab62dfdf000 r-xp 00002000 3d8:ad14e 144134765124011825     /work2/11056/zwu/frontera/miniconda3/envs/libyt/lib/python3.13/lib-dynload/cmath.cpython-313-x86_64-linux-gnu.so
2ab62dfdf000-2ab62dfe1000 r--p 0000b000 3d8:ad14e 144134765124011825     /work2/11056/zwu/frontera/miniconda3/envs/libyt/lib/python3.13/lib-dynload/cmath.cpython-313-x86_64-linux-gnu.so
2ab62dfe1000-2ab62dfe2000 r--p 0000c000 3d8:ad14e 144134765124011825     /work2/11056/zwu/frontera/miniconda3/envs/libyt/lib/python3.13/lib-dynload/cmath.cpython-313-x86_64-linux-gnu.so
2ab62dfe2000-2ab62dfe3000 rw-p 0000d000 3d8:ad14e 144134765124011825     /work2/11056/zwu/frontera/miniconda3/envs/libyt/lib/python3.13/lib-dynload/cmath.cpython-313-x86_64-linux-gnu.so
2ab62dfe3000-2ab62e2e5000 rw-p 00000000 00:00 0 
2ab62e2e5000-2ab62e2ee000 r--p 00000000 3d8:ad14e 144134765124012030     /work2/11056/zwu/frontera/miniconda3/envs/libyt/lib/python3.13/lib-dynload/_decimal.cpython-313-x86_64-linux-gnu.so
2ab62e2ee000-2ab62e304000 r-xp 00009000 3d8:ad14e 144134765124012030     /work2/11056/zwu/frontera/miniconda3/envs/libyt/lib/python3.13/lib-dynload/_decimal.cpython-313-x86_64-linux-gnu.so
2ab62e304000-2ab62e311000 r--p 0001f000 3d8:ad14e 144134765124012030     /work2/11056/zwu/frontera/miniconda3/envs/libyt/lib/python3.13/lib-dynload/_decimal.cpython-313-x86_64-linux-gnu.so
2ab62e311000-2ab62e312000 r--p 0002b000 3d8:ad14e 144134765124012030     /work2/11056/zwu/frontera/miniconda3/envs/libyt/lib/python3.13/lib-dynload/_decimal.cpython-313-x86_64-linux-gnu.so
2ab62e312000-2ab62e315000 rw-p 0002c000 3d8:ad14e 144134765124012030     /work2/11056/zwu/frontera/miniconda3/envs/libyt/lib/python3.13/lib-dynload/_decimal.cpython-313-x86_64-linux-gnu.so
2ab62e315000-2ab62e31d000 r--p 00000000 3d8:ad14e 144134765124010257     /work2/11056/zwu/frontera/miniconda3/envs/libyt/lib/libmpdec.so.4.0.0
2ab62e31d000-2ab62e33e000 r-xp 00008000 3d8:ad14e 144134765124010257     /work2/11056/zwu/frontera/miniconda3/envs/libyt/lib/libmpdec.so.4.0.0
2ab62e33e000-2ab62e345000 r--p 00029000 3d8:ad14e 144134765124010257     /work2/11056/zwu/frontera/miniconda3/envs/libyt/lib/libmpdec.so.4.0.0
2ab62e345000-2ab62e346000 r--p 00030000 3d8:ad14e 144134765124010257     /work2/11056/zwu/frontera/miniconda3/envs/libyt/lib/libmpdec.so.4.0.0
2ab62e346000-2ab62e347000 rw-p 00031000 3d8:ad14e 144134765124010257     /work2/11056/zwu/frontera/miniconda3/envs/libyt/lib/libmpdec.so.4.0.0
2ab62e347000-2ab62e747000 rw-p 00000000 00:00 0 
2ab62e747000-2ab62e74b000 r--p 00000000 3d8:ad14e 144134765124013676     /work2/11056/zwu/frontera/miniconda3/envs/libyt/lib/python3.13/lib-dynload/array.cpython-313-x86_64-linux-gnu.so
2ab62e74b000-2ab62e752000 r-xp 00004000 3d8:ad14e 144134765124013676     /work2/11056/zwu/frontera/miniconda3/envs/libyt/lib/python3.13/lib-dynload/array.cpython-313-x86_64-linux-gnu.so
2ab62e752000-2ab62e757000 r--p 0000b000 3d8:ad14e 144134765124013676     /work2/11056/zwu/frontera/miniconda3/envs/libyt/lib/python3.13/lib-dynload/array.cpython-313-x86_64-linux-gnu.so
2ab62e757000-2ab62e758000 r--p 0000f000 3d8:ad14e 144134765124013676     /work2/11056/zwu/frontera/miniconda3/envs/libyt/lib/python3.13/lib-dynload/array.cpython-313-x86_64-linux-gnu.so
2ab62e758000-2ab62e759000 rw-p 00010000 3d8:ad14e 144134765124013676     /work2/11056/zwu/frontera/miniconda3/envs/libyt/lib/python3.13/lib-dynload/array.cpython-313-x86_64-linux-gnu.so
2ab62e759000-2ab62e859000 rw-p 00000000 00:00 0 
2ab62e859000-2ab62e85c000 r--p 00000000 3d8:ad14e 144134765124013795     /work2/11056/zwu/frontera/miniconda3/envs/libyt/lib/python3.13/lib-dynload/unicodedata.cpython-313-x86_64-linux-gnu.so
2ab62e85c000-2ab62e860000 r-xp 00003000 3d8:ad14e 144134765124013795     /work2/11056/zwu/frontera/miniconda3/envs/libyt/lib/python3.13/lib-dynload/unicodedata.cpython-313-x86_64-linux-gnu.so
2ab62e860000-2ab62e903000 r--p 00007000 3d8:ad14e 144134765124013795     /work2/11056/zwu/frontera/miniconda3/envs/libyt/lib/python3.13/lib-dynload/unicodedata.cpython-313-x86_64-linux-gnu.so
2ab62e903000-2ab62e904000 r--p 000aa000 3d8:ad14e 144134765124013795     /work2/11056/zwu/frontera/miniconda3/envs/libyt/lib/python3.13/lib-dynload/unicodedata.cpython-313-x86_64-linux-gnu.so
2ab62e904000-2ab62e905000 rw-p 000ab000 3d8:ad14e 144134765124013795     /work2/11056/zwu/frontera/miniconda3/envs/libyt/lib/python3.13/lib-dynload/unicodedata.cpython-313-x86_64-linux-gnu.so
2ab62e905000-2ab62ed05000 rw-p 00000000 00:00 0 
2ab62ed05000-2ab62ed07000 r--p 00000000 3d8:ad14e 144134765124011950     /work2/11056/zwu/frontera/miniconda3/envs/libyt/lib/python3.13/lib-dynload/fcntl.cpython-313-x86_64-linux-gnu.so
2ab62ed07000-2ab62ed09000 r-xp 00002000 3d8:ad14e 144134765124011950     /work2/11056/zwu/frontera/miniconda3/envs/libyt/lib/python3.13/lib-dynload/fcntl.cpython-313-x86_64-linux-gnu.so
2ab62ed09000-2ab62ed0b000 r--p 00004000 3d8:ad14e 144134765124011950     /work2/11056/zwu/frontera/miniconda3/envs/libyt/lib/python3.13/lib-dynload/fcntl.cpython-313-x86_64-linux-gnu.so
2ab62ed0b000-2ab62ed0c000 r--p 00005000 3d8:ad14e 144134765124011950     /work2/11056/zwu/frontera/miniconda3/envs/libyt/lib/python3.13/lib-dynload/fcntl.cpython-313-x86_64-linux-gnu.so
2ab62ed0c000-2ab62ed0d000 rw-p 00006000 3d8:ad14e 144134765124011950     /work2/11056/zwu/frontera/miniconda3/envs/libyt/lib/python3.13/lib-dynload/fcntl.cpython-313-x86_64-linux-gnu.so
2ab62ed0d000-2ab62ed0f000 r--p 00000000 3d8:ad14e 144134765124010960     /work2/11056/zwu/frontera/miniconda3/envs/libyt/lib/python3.13/lib-dynload/_posixsubprocess.cpython-313-x86_64-linux-gnu.so
2ab62ed0f000-2ab62ed12000 r-xp 00002000 3d8:ad14e 144134765124010960     /work2/11056/zwu/frontera/miniconda3/envs/libyt/lib/python3.13/lib-dynload/_posixsubprocess.cpython-313-x86_64-linux-gnu.so
2ab62ed12000-2ab62ed13000 r--p 00005000 3d8:ad14e 144134765124010960     /work2/11056/zwu/frontera/miniconda3/envs/libyt/lib/python3.13/lib-dynload/_posixsubprocess.cpython-313-x86_64-linux-gnu.so
2ab62ed13000-2ab62ed14000 r--p 00006000 3d8:ad14e 144134765124010960     /work2/11056/zwu/frontera/miniconda3/envs/libyt/lib/python3.13/lib-dynload/_posixsubprocess.cpython-313-x86_64-linux-gnu.so
2ab62ed14000-2ab62ed15000 rw-p 00007000 3d8:ad14e 144134765124010960     /work2/11056/zwu/frontera/miniconda3/envs/libyt/lib/python3.13/lib-dynload/_posixsubprocess.cpython-313-x86_64-linux-gnu.so
2ab62ed15000-2ab62ed18000 r--p 00000000 3d8:ad14e 144134765124013617     /work2/11056/zwu/frontera/miniconda3/envs/libyt/lib/python3.13/lib-dynload/select.cpython-313-x86_64-linux-gnu.so
2ab62ed18000-2ab62ed1b000 r-xp 00003000 3d8:ad14e 144134765124013617     /work2/11056/zwu/frontera/miniconda3/envs/libyt/lib/python3.13/lib-dynload/select.cpython-313-x86_64-linux-gnu.so
2ab62ed1b000-2ab62ed1d000 r--p 00006000 3d8:ad14e 144134765124013617     /work2/11056/zwu/frontera/miniconda3/envs/libyt/lib/python3.13/lib-dynload/select.cpython-313-x86_64-linux-gnu.so
2ab62ed1d000-2ab62ed1e000 r--p 00008000 3d8:ad14e 144134765124013617     /work2/11056/zwu/frontera/miniconda3/envs/libyt/lib/python3.13/lib-dynload/select.cpython-313-x86_64-linux-gnu.so
2ab62ed1e000-2ab62ed1f000 rw-p 00009000 3d8:ad14e 144134765124013617     /work2/11056/zwu/frontera/miniconda3/envs/libyt/lib/python3.13/lib-dynload/select.cpython-313-x86_64-linux-gnu.so
2ab62ed1f000-2ab62f91f000 rw-p 00000000 00:00 0 
2ab62f91f000-2ab62f920000 r--p 00000000 3d8:ad14e 144134765124013189     /work2/11056/zwu/frontera/miniconda3/envs/libyt/lib/python3.13/lib-dynload/_heapq.cpython-313-x86_64-linux-gnu.so
2ab62f920000-2ab62f923000 r-xp 00001000 3d8:ad14e 144134765124013189     /work2/11056/zwu/frontera/miniconda3/envs/libyt/lib/python3.13/lib-dynload/_heapq.cpython-313-x86_64-linux-gnu.so
2ab62f923000-2ab62f926000 r--p 00004000 3d8:ad14e 144134765124013189     /work2/11056/zwu/frontera/miniconda3/envs/libyt/lib/python3.13/lib-dynload/_heapq.cpython-313-x86_64-linux-gnu.so
2ab62f926000-2ab62f927000 r--p 00006000 3d8:ad14e 144134765124013189     /work2/11056/zwu/frontera/miniconda3/envs/libyt/lib/python3.13/lib-dynload/_heapq.cpython-313-x86_64-linux-gnu.so
2ab62f927000-2ab62f928000 rw-p 00007000 3d8:ad14e 144134765124013189     /work2/11056/zwu/frontera/miniconda3/envs/libyt/lib/python3.13/lib-dynload/_heapq.cpython-313-x86_64-linux-gnu.so
2ab62f928000-2ab62f92a000 r--p 00000000 3d8:ad14e 144134765124013024     /work2/11056/zwu/frontera/miniconda3/envs/libyt/lib/python3.13/lib-dynload/_queue.cpython-313-x86_64-linux-gnu.so
2ab62f92a000-2ab62f92b000 r-xp 00002000 3d8:ad14e 144134765124013024     /work2/11056/zwu/frontera/miniconda3/envs/libyt/lib/python3.13/lib-dynload/_queue.cpython-313-x86_64-linux-gnu.so
2ab62f92b000-2ab62f92c000 r--p 00003000 3d8:ad14e 144134765124013024     /work2/11056/zwu/frontera/miniconda3/envs/libyt/lib/python3.13/lib-dynload/_queue.cpython-313-x86_64-linux-gnu.so
2ab62f92c000-2ab62f92d000 r--p 00003000 3d8:ad14e 144134765124013024     /work2/11056/zwu/frontera/miniconda3/envs/libyt/lib/python3.13/lib-dynload/_queue.cpython-313-x86_64-linux-gnu.so
2ab62f92d000-2ab62f92e000 rw-p 00004000 3d8:ad14e 144134765124013024     /work2/11056/zwu/frontera/miniconda3/envs/libyt/lib/python3.13/lib-dynload/_queue.cpython-313-x86_64-linux-gnu.so
2ab62f92e000-2ab62fb2e000 rw-p 00000000 00:00 0 
2ab62fb2e000-2ab62fb2f000 r--p 00000000 3d8:ad14e 144134765124013751     /work2/11056/zwu/frontera/miniconda3/envs/libyt/lib/python3.13/lib-dynload/_uuid.cpython-313-x86_64-linux-gnu.so
2ab62fb2f000-2ab62fb30000 r-xp 00001000 3d8:ad14e 144134765124013751     /work2/11056/zwu/frontera/miniconda3/envs/libyt/lib/python3.13/lib-dynload/_uuid.cpython-313-x86_64-linux-gnu.so
2ab62fb30000-2ab62fb31000 r--p 00002000 3d8:ad14e 144134765124013751     /work2/11056/zwu/frontera/miniconda3/envs/libyt/lib/python3.13/lib-dynload/_uuid.cpython-313-x86_64-linux-gnu.so
2ab62fb31000-2ab62fb32000 r--p 00002000 3d8:ad14e 144134765124013751     /work2/11056/zwu/frontera/miniconda3/envs/libyt/lib/python3.13/lib-dynload/_uuid.cpython-313-x86_64-linux-gnu.so
2ab62fb32000-2ab62fb33000 rw-p 00003000 3d8:ad14e 144134765124013751     /work2/11056/zwu/frontera/miniconda3/envs/libyt/lib/python3.13/lib-dynload/_uuid.cpython-313-x86_64-linux-gnu.so
2ab62fb33000-2ab62fb35000 r--p 00000000 3d8:ad14e 144134765124013890     /work2/11056/zwu/frontera/miniconda3/envs/libyt/lib/libuuid.so.1.3.0
2ab62fb35000-2ab62fb39000 r-xp 00002000 3d8:ad14e 144134765124013890     /work2/11056/zwu/frontera/miniconda3/envs/libyt/lib/libuuid.so.1.3.0
2ab62fb39000-2ab62fb3a000 r--p 00006000 3d8:ad14e 144134765124013890     /work2/11056/zwu/frontera/miniconda3/envs/libyt/lib/libuuid.so.1.3.0
2ab62fb3a000-2ab62fb3b000 r--p 00007000 3d8:ad14e 144134765124013890     /work2/11056/zwu/frontera/miniconda3/envs/libyt/lib/libuuid.so.1.3.0
2ab62fb3b000-2ab62fb3c000 rw-p 00008000 3d8:ad14e 144134765124013890     /work2/11056/zwu/frontera/miniconda3/envs/libyt/lib/libuuid.so.1.3.0
2ab62fb3c000-2ab62fb42000 r--p 00000000 3d8:ad14e 144134765124033271     /work2/11056/zwu/frontera/miniconda3/envs/libyt/lib/python3.13/site-packages/matplotlib/_c_internal_utils.cpython-313-x86_64-linux-gnu.so
2ab62fb42000-2ab62fb5c000 r-xp 00006000 3d8:ad14e 144134765124033271     /work2/11056/zwu/frontera/miniconda3/envs/libyt/lib/python3.13/site-packages/matplotlib/_c_internal_utils.cpython-313-x86_64-linux-gnu.so
2ab62fb5c000-2ab62fb62000 r--p 00020000 3d8:ad14e 144134765124033271     /work2/11056/zwu/frontera/miniconda3/envs/libyt/lib/python3.13/site-packages/matplotlib/_c_internal_utils.cpython-313-x86_64-linux-gnu.so
2ab62fb62000-2ab62fb63000 r--p 00026000 3d8:ad14e 144134765124033271     /work2/11056/zwu/frontera/miniconda3/envs/libyt/lib/python3.13/site-packages/matplotlib/_c_internal_utils.cpython-313-x86_64-linux-gnu.so
2ab62fb63000-2ab62fb64000 rw-p 00027000 3d8:ad14e 144134765124033271     /work2/11056/zwu/frontera/miniconda3/envs/libyt/lib/python3.13/site-packages/matplotlib/_c_internal_utils.cpython-313-x86_64-linux-gnu.so
2ab62fb64000-2ab62fc64000 rw-p 00000000 00:00 0 
2ab62fc64000-2ab62fc77000 r--p 00000000 3d8:ad14e 144134765124029085     /work2/11056/zwu/frontera/miniconda3/envs/libyt/lib/python3.13/site-packages/PIL/_imaging.cpython-313-x86_64-linux-gnu.so
2ab62fc77000-2ab62fce8000 r-xp 00013000 3d8:ad14e 144134765124029085     /work2/11056/zwu/frontera/miniconda3/envs/libyt/lib/python3.13/site-packages/PIL/_imaging.cpython-313-x86_64-linux-gnu.so
2ab62fce8000-2ab62fcf9000 r--p 00084000 3d8:ad14e 144134765124029085     /work2/11056/zwu/frontera/miniconda3/envs/libyt/lib/python3.13/site-packages/PIL/_imaging.cpython-313-x86_64-linux-gnu.so
2ab62fcf9000-2ab62fcfd000 r--p 00095000 3d8:ad14e 144134765124029085     /work2/11056/zwu/frontera/miniconda3/envs/libyt/lib/python3.13/site-packages/PIL/_imaging.cpython-313-x86_64-linux-gnu.so
2ab62fcfd000-2ab62fd00000 rw-p 00099000 3d8:ad14e 144134765124029085     /work2/11056/zwu/frontera/miniconda3/envs/libyt/lib/python3.13/site-packages/PIL/_imaging.cpython-313-x86_64-linux-gnu.so
2ab62fd00000-2ab62fd0a000 r--p 00000000 3d8:ad14e 144134765124032559     /work2/11056/zwu/frontera/miniconda3/envs/libyt/lib/libtiff.so.6.2.0
2ab62fd0a000-2ab62fd61000 r-xp 0000a000 3d8:ad14e 144134765124032559     /work2/11056/zwu/frontera/miniconda3/envs/libyt/lib/libtiff.so.6.2.0
2ab62fd61000-2ab62fd93000 r--p 00061000 3d8:ad14e 144134765124032559     /work2/11056/zwu/frontera/miniconda3/envs/libyt/lib/libtiff.so.6.2.0
2ab62fd93000-2ab62fd98000 r--p 00092000 3d8:ad14e 144134765124032559     /work2/11056/zwu/frontera/miniconda3/envs/libyt/lib/libtiff.so.6.2.0
2ab62fd98000-2ab62fd99000 rw-p 00097000 3d8:ad14e 144134765124032559     /work2/11056/zwu/frontera/miniconda3/envs/libyt/lib/libtiff.so.6.2.0
2ab62fd99000-2ab62fda0000 r--p 00000000 3d8:ad14e 144134765124033267     /work2/11056/zwu/frontera/miniconda3/envs/libyt/lib/libjpeg.so.8.3.2
2ab62fda0000-2ab62fe38000 r-xp 00007000 3d8:ad14e 144134765124033267     /work2/11056/zwu/frontera/miniconda3/envs/libyt/lib/libjpeg.so.8.3.2
2ab62fe38000-2ab62fe61000 r--p 0009f000 3d8:ad14e 144134765124033267     /work2/11056/zwu/frontera/miniconda3/envs/libyt/lib/libjpeg.so.8.3.2
2ab62fe61000-2ab62fe62000 r--p 000c8000 3d8:ad14e 144134765124033267     /work2/11056/zwu/frontera/miniconda3/envs/libyt/lib/libjpeg.so.8.3.2
2ab62fe62000-2ab62fe63000 rw-p 000c9000 3d8:ad14e 144134765124033267     /work2/11056/zwu/frontera/miniconda3/envs/libyt/lib/libjpeg.so.8.3.2
2ab62fe63000-2ab62fe6c000 r--p 00000000 3d8:ad14e 144131832282144881     /work2/11056/zwu/frontera/miniconda3/envs/libyt/lib/libopenjp2.so.2.5.4
2ab62fe6c000-2ab62fec3000 r-xp 00009000 3d8:ad14e 144131832282144881     /work2/11056/zwu/frontera/miniconda3/envs/libyt/lib/libopenjp2.so.2.5.4
2ab62fec3000-2ab62fed6000 r--p 00060000 3d8:ad14e 144131832282144881     /work2/11056/zwu/frontera/miniconda3/envs/libyt/lib/libopenjp2.so.2.5.4
2ab62fed6000-2ab62fed8000 r--p 00072000 3d8:ad14e 144131832282144881     /work2/11056/zwu/frontera/miniconda3/envs/libyt/lib/libopenjp2.so.2.5.4
2ab62fed8000-2ab62fed9000 rw-p 00074000 3d8:ad14e 144131832282144881     /work2/11056/zwu/frontera/miniconda3/envs/libyt/lib/libopenjp2.so.2.5.4
2ab62fed9000-2ab62fedc000 r--p 00000000 3d8:ad14e 144134765124034036     /work2/11056/zwu/frontera/miniconda3/envs/libyt/lib/libz-ng.so.2.3.3
2ab62fedc000-2ab62fefa000 r-xp 00003000 3d8:ad14e 144134765124034036     /work2/11056/zwu/frontera/miniconda3/envs/libyt/lib/libz-ng.so.2.3.3
2ab62fefa000-2ab62ff04000 r--p 00021000 3d8:ad14e 144134765124034036     /work2/11056/zwu/frontera/miniconda3/envs/libyt/lib/libz-ng.so.2.3.3
2ab62ff04000-2ab62ff05000 r--p 0002a000 3d8:ad14e 144134765124034036     /work2/11056/zwu/frontera/miniconda3/envs/libyt/lib/libz-ng.so.2.3.3
2ab62ff05000-2ab62ff06000 rw-p 0002b000 3d8:ad14e 144134765124034036     /work2/11056/zwu/frontera/miniconda3/envs/libyt/lib/libz-ng.so.2.3.3
2ab62ff06000-2ab62ff14000 r--p 00000000 3d8:ad14e 144134765124032818     /work2/11056/zwu/frontera/miniconda3/envs/libyt/lib/libxcb.so.1.1.0
2ab62ff14000-2ab62ff28000 r-xp 0000e000 3d8:ad14e 144134765124032818     /work2/11056/zwu/frontera/miniconda3/envs/libyt/lib/libxcb.so.1.1.0
2ab62ff28000-2ab62ff31000 r--p 00022000 3d8:ad14e 144134765124032818     /work2/11056/zwu/frontera/miniconda3/envs/libyt/lib/libxcb.so.1.1.0
2ab62ff31000-2ab62ff32000 r--p 0002a000 3d8:ad14e 144134765124032818     /work2/11056/zwu/frontera/miniconda3/envs/libyt/lib/libxcb.so.1.1.0
2ab62ff32000-2ab62ff33000 rw-p 0002b000 3d8:ad14e 144134765124032818     /work2/11056/zwu/frontera/miniconda3/envs/libyt/lib/libxcb.so.1.1.0
2ab62ff33000-2ab62ff37000 r--p 00000000 3d8:ad14e 144131832282144317     /work2/11056/zwu/frontera/miniconda3/envs/libyt/lib/libwebp.so.7.2.0
2ab62ff37000-2ab62ffd2000 r-xp 00004000 3d8:ad14e 144131832282144317     /work2/11056/zwu/frontera/miniconda3/envs/libyt/lib/libwebp.so.7.2.0
2ab62ffd2000-2ab62ffe6000 r--p 0009f000 3d8:ad14e 144131832282144317     /work2/11056/zwu/frontera/miniconda3/envs/libyt/lib/libwebp.so.7.2.0
2ab62ffe6000-2ab62ffe7000 r--p 000b2000 3d8:ad14e 144131832282144317     /work2/11056/zwu/frontera/miniconda3/envs/libyt/lib/libwebp.so.7.2.0
2ab62ffe7000-2ab62ffe8000 rw-p 000b3000 3d8:ad14e 144131832282144317     /work2/11056/zwu/frontera/miniconda3/envs/libyt/lib/libwebp.so.7.2.0
2ab62ffe8000-2ab62ffe9000 rw-p 00000000 00:00 0 
2ab62ffe9000-2ab62fff7000 r--p 00000000 3d8:ad14e 144134765124010151     /work2/11056/zwu/frontera/miniconda3/envs/libyt/lib/libzstd.so.1.5.7
2ab62fff7000-2ab6300ea000 r-xp 0000e000 3d8:ad14e 144134765124010151     /work2/11056/zwu/frontera/miniconda3/envs/libyt/lib/libzstd.so.1.5.7
2ab6300ea000-2ab630100000 r--p 00101000 3d8:ad14e 144134765124010151     /work2/11056/zwu/frontera/miniconda3/envs/libyt/lib/libzstd.so.1.5.7
2ab630100000-2ab630101000 r--p 00117000 3d8:ad14e 144134765124010151     /work2/11056/zwu/frontera/miniconda3/envs/libyt/lib/libzstd.so.1.5.7
2ab630101000-2ab630102000 rw-p 00118000 3d8:ad14e 144134765124010151     /work2/11056/zwu/frontera/miniconda3/envs/libyt/lib/libzstd.so.1.5.7
2ab630102000-2ab63010f000 r--p 00000000 3d8:ad14e 144134765124033483     /work2/11056/zwu/frontera/miniconda3/envs/libyt/lib/libLerc.so.4
2ab63010f000-2ab6301c4000 r-xp 0000d000 3d8:ad14e 144134765124033483     /work2/11056/zwu/frontera/miniconda3/envs/libyt/lib/libLerc.so.4
2ab6301c4000-2ab6301cf000 r--p 000c2000 3d8:ad14e 144134765124033483     /work2/11056/zwu/frontera/miniconda3/envs/libyt/lib/libLerc.so.4
2ab6301cf000-2ab6301d0000 r--p 000cc000 3d8:ad14e 144134765124033483     /work2/11056/zwu/frontera/miniconda3/envs/libyt/lib/libLerc.so.4
2ab6301d0000-2ab6301d1000 rw-p 000cd000 3d8:ad14e 144134765124033483     /work2/11056/zwu/frontera/miniconda3/envs/libyt/lib/libLerc.so.4
2ab6301d1000-2ab6301d2000 r--p 00000000 3d8:ad14e 144134765124034809     /work2/11056/zwu/frontera/miniconda3/envs/libyt/lib/libdeflate.so.0
2ab6301d2000-2ab6301e3000 r-xp 00001000 3d8:ad14e 144134765124034809     /work2/11056/zwu/frontera/miniconda3/envs/libyt/lib/libdeflate.so.0
2ab6301e3000-2ab6301e8000 r--p 00012000 3d8:ad14e 144134765124034809     /work2/11056/zwu/frontera/miniconda3/envs/libyt/lib/libdeflate.so.0
2ab6301e8000-2ab6301e9000 r--p 00016000 3d8:ad14e 144134765124034809     /work2/11056/zwu/frontera/miniconda3/envs/libyt/lib/libdeflate.so.0
2ab6301e9000-2ab6301ea000 rw-p 00017000 3d8:ad14e 144134765124034809     /work2/11056/zwu/frontera/miniconda3/envs/libyt/lib/libdeflate.so.0
2ab6301ea000-2ab6301eb000 r--p 00000000 3d8:ad14e 144134765124035399     /work2/11056/zwu/frontera/miniconda3/envs/libyt/lib/libXau.so.6.0.0
2ab6301eb000-2ab6301ec000 r-xp 00001000 3d8:ad14e 144134765124035399     /work2/11056/zwu/frontera/miniconda3/envs/libyt/lib/libXau.so.6.0.0
2ab6301ec000-2ab6301ed000 r--p 00002000 3d8:ad14e 144134765124035399     /work2/11056/zwu/frontera/miniconda3/envs/libyt/lib/libXau.so.6.0.0
2ab6301ed000-2ab6301ee000 r--p 00002000 3d8:ad14e 144134765124035399     /work2/11056/zwu/frontera/miniconda3/envs/libyt/lib/libXau.so.6.0.0
2ab6301ee000-2ab6301ef000 rw-p 00003000 3d8:ad14e 144134765124035399     /work2/11056/zwu/frontera/miniconda3/envs/libyt/lib/libXau.so.6.0.0
2ab6301ef000-2ab6301f1000 r--p 00000000 3d8:ad14e 144134765124035348     /work2/11056/zwu/frontera/miniconda3/envs/libyt/lib/libXdmcp.so.6.0.0
2ab6301f1000-2ab6301f3000 r-xp 00002000 3d8:ad14e 144134765124035348     /work2/11056/zwu/frontera/miniconda3/envs/libyt/lib/libXdmcp.so.6.0.0
2ab6301f3000-2ab6301f5000 r--p 00004000 3d8:ad14e 144134765124035348     /work2/11056/zwu/frontera/miniconda3/envs/libyt/lib/libXdmcp.so.6.0.0
2ab6301f5000-2ab6301f6000 r--p 00005000 3d8:ad14e 144134765124035348     /work2/11056/zwu/frontera/miniconda3/envs/libyt/lib/libXdmcp.so.6.0.0
2ab6301f6000-2ab6301f7000 rw-p 00006000 3d8:ad14e 144134765124035348     /work2/11056/zwu/frontera/miniconda3/envs/libyt/lib/libXdmcp.so.6.0.0
2ab6301f7000-2ab6301f8000 r--p 00000000 3d8:ad14e 144131832282144283     /work2/11056/zwu/frontera/miniconda3/envs/libyt/lib/libsharpyuv.so.0.1.2
2ab6301f8000-2ab630200000 r-xp 00001000 3d8:ad14e 144131832282144283     /work2/11056/zwu/frontera/miniconda3/envs/libyt/lib/libsharpyuv.so.0.1.2
2ab630200000-2ab630201000 r--p 00009000 3d8:ad14e 144131832282144283     /work2/11056/zwu/frontera/miniconda3/envs/libyt/lib/libsharpyuv.so.0.1.2
2ab630201000-2ab630202000 r--p 00009000 3d8:ad14e 144131832282144283     /work2/11056/zwu/frontera/miniconda3/envs/libyt/lib/libsharpyuv.so.0.1.2
2ab630202000-2ab630203000 rw-p 0000a000 3d8:ad14e 144131832282144283     /work2/11056/zwu/frontera/miniconda3/envs/libyt/lib/libsharpyuv.so.0.1.2
2ab630203000-2ab630304000 rw-p 00000000 00:00 0 
2ab630304000-2ab63030b000 r--p 00000000 3d8:ad14e 144134765124032264     /work2/11056/zwu/frontera/miniconda3/envs/libyt/lib/python3.13/site-packages/matplotlib/_path.cpython-313-x86_64-linux-gnu.so
2ab63030b000-2ab63034a000 r-xp 00007000 3d8:ad14e 144134765124032264     /work2/11056/zwu/frontera/miniconda3/envs/libyt/lib/python3.13/site-packages/matplotlib/_path.cpython-313-x86_64-linux-gnu.so
2ab63034a000-2ab630357000 r--p 00046000 3d8:ad14e 144134765124032264     /work2/11056/zwu/frontera/miniconda3/envs/libyt/lib/python3.13/site-packages/matplotlib/_path.cpython-313-x86_64-linux-gnu.so
2ab630357000-2ab630358000 r--p 00053000 3d8:ad14e 144134765124032264     /work2/11056/zwu/frontera/miniconda3/envs/libyt/lib/python3.13/site-packages/matplotlib/_path.cpython-313-x86_64-linux-gnu.so
2ab630358000-2ab630359000 rw-p 00054000 3d8:ad14e 144134765124032264     /work2/11056/zwu/frontera/miniconda3/envs/libyt/lib/python3.13/site-packages/matplotlib/_path.cpython-313-x86_64-linux-gnu.so
2ab630359000-2ab63035a000 rw-p 00000000 00:00 0 
2ab63035a000-2ab630361000 r--p 00000000 3d8:ad14e 144134765124033090     /work2/11056/zwu/frontera/miniconda3/envs/libyt/lib/python3.13/site-packages/matplotlib/_image.cpython-313-x86_64-linux-gnu.so
2ab630361000-2ab6303a9000 r-xp 00007000 3d8:ad14e 144134765124033090     /work2/11056/zwu/frontera/miniconda3/envs/libyt/lib/python3.13/site-packages/matplotlib/_image.cpython-313-x86_64-linux-gnu.so
2ab6303a9000-2ab6303b5000 r--p 0004f000 3d8:ad14e 144134765124033090     /work2/11056/zwu/frontera/miniconda3/envs/libyt/lib/python3.13/site-packages/matplotlib/_image.cpython-313-x86_64-linux-gnu.so
2ab6303b5000-2ab6303b6000 r--p 0005b000 3d8:ad14e 144134765124033090     /work2/11056/zwu/frontera/miniconda3/envs/libyt/lib/python3.13/site-packages/matplotlib/_image.cpython-313-x86_64-linux-gnu.so
2ab6303b6000-2ab6303b7000 rw-p 0005c000 3d8:ad14e 144134765124033090     /work2/11056/zwu/frontera/miniconda3/envs/libyt/lib/python3.13/site-packages/matplotlib/_image.cpython-313-x86_64-linux-gnu.so
2ab6303b7000-2ab6306b8000 rw-p 00000000 00:00 0 
2ab6306b8000-2ab6306c2000 r--p 00000000 3d8:ad14e 144134765124031774     /work2/11056/zwu/frontera/miniconda3/envs/libyt/lib/python3.13/site-packages/matplotlib/ft2font.cpython-313-x86_64-linux-gnu.so
2ab6306c2000-2ab630711000 r-xp 0000a000 3d8:ad14e 144134765124031774     /work2/11056/zwu/frontera/miniconda3/envs/libyt/lib/python3.13/site-packages/matplotlib/ft2font.cpython-313-x86_64-linux-gnu.so
2ab630711000-2ab630728000 r--p 00059000 3d8:ad14e 144134765124031774     /work2/11056/zwu/frontera/miniconda3/envs/libyt/lib/python3.13/site-packages/matplotlib/ft2font.cpython-313-x86_64-linux-gnu.so
2ab630728000-2ab63072a000 r--p 0006f000 3d8:ad14e 144134765124031774     /work2/11056/zwu/frontera/miniconda3/envs/libyt/lib/python3.13/site-packages/matplotlib/ft2font.cpython-313-x86_64-linux-gnu.so
2ab63072a000-2ab63072b000 rw-p 00071000 3d8:ad14e 144134765124031774     /work2/11056/zwu/frontera/miniconda3/envs/libyt/lib/python3.13/site-packages/matplotlib/ft2font.cpython-313-x86_64-linux-gnu.so
2ab63072b000-2ab630739000 r--p 00000000 3d8:ad14e 144134765124033074     /work2/11056/zwu/frontera/miniconda3/envs/libyt/lib/libfreetype.so.6.20.6
2ab630739000-2ab6307bb000 r-xp 0000e000 3d8:ad14e 144134765124033074     /work2/11056/zwu/frontera/miniconda3/envs/libyt/lib/libfreetype.so.6.20.6
2ab6307bb000-2ab6307e5000 r--p 00090000 3d8:ad14e 144134765124033074     /work2/11056/zwu/frontera/miniconda3/envs/libyt/lib/libfreetype.so.6.20.6
2ab6307e5000-2ab6307ed000 r--p 000b9000 3d8:ad14e 144134765124033074     /work2/11056/zwu/frontera/miniconda3/envs/libyt/lib/libfreetype.so.6.20.6
2ab6307ed000-2ab6307ee000 rw-p 000c1000 3d8:ad14e 144134765124033074     /work2/11056/zwu/frontera/miniconda3/envs/libyt/lib/libfreetype.so.6.20.6
2ab6307ee000-2ab6307f5000 r--p 00000000 3d8:ad14e 144134765124033492     /work2/11056/zwu/frontera/miniconda3/envs/libyt/lib/libpng16.so.16.58.0
2ab6307f5000-2ab630820000 r-xp 00007000 3d8:ad14e 144134765124033492     /work2/11056/zwu/frontera/miniconda3/envs/libyt/lib/libpng16.so.16.58.0
2ab630820000-2ab63082b000 r--p 00032000 3d8:ad14e 144134765124033492     /work2/11056/zwu/frontera/miniconda3/envs/libyt/lib/libpng16.so.16.58.0
2ab63082b000-2ab63082c000 r--p 0003d000 3d8:ad14e 144134765124033492     /work2/11056/zwu/frontera/miniconda3/envs/libyt/lib/libpng16.so.16.58.0
2ab63082c000-2ab63082d000 rw-p 0003e000 3d8:ad14e 144134765124033492     /work2/11056/zwu/frontera/miniconda3/envs/libyt/lib/libpng16.so.16.58.0
2ab63082d000-2ab63092d000 rw-p 00000000 00:00 0 
2ab63092d000-2ab630933000 r--p 00000000 3d8:ad14e 144134765124034652     /work2/11056/zwu/frontera/miniconda3/envs/libyt/lib/python3.13/site-packages/kiwisolver/_cext.cpython-313-x86_64-linux-gnu.so
2ab630933000-2ab63094d000 r-xp 00006000 3d8:ad14e 144134765124034652     /work2/11056/zwu/frontera/miniconda3/envs/libyt/lib/python3.13/site-packages/kiwisolver/_cext.cpython-313-x86_64-linux-gnu.so
2ab63094d000-2ab630952000 r--p 00020000 3d8:ad14e 144134765124034652     /work2/11056/zwu/frontera/miniconda3/envs/libyt/lib/python3.13/site-packages/kiwisolver/_cext.cpython-313-x86_64-linux-gnu.so
2ab630952000-2ab630953000 r--p 00025000 3d8:ad14e 144134765124034652     /work2/11056/zwu/frontera/miniconda3/envs/libyt/lib/python3.13/site-packages/kiwisolver/_cext.cpython-313-x86_64-linux-gnu.so
2ab630953000-2ab630954000 rw-p 00026000 3d8:ad14e 144134765124034652     /work2/11056/zwu/frontera/miniconda3/envs/libyt/lib/python3.13/site-packages/kiwisolver/_cext.cpython-313-x86_64-linux-gnu.so
2ab630954000-2ab630a54000 rw-p 00000000 00:00 0 
2ab630a54000-2ab630a63000 r--p 00000000 3d8:ad14e 144134765124035596     /work2/11056/zwu/frontera/miniconda3/envs/libyt/lib/python3.13/site-packages/yt/geometry/selection_routines.cpython-313-x86_64-linux-gnu.so
2ab630a63000-2ab630b01000 r-xp 0000f000 3d8:ad14e 144134765124035596     /work2/11056/zwu/frontera/miniconda3/envs/libyt/lib/python3.13/site-packages/yt/geometry/selection_routines.cpython-313-x86_64-linux-gnu.so
2ab630b01000-2ab630b1a000 r--p 000ad000 3d8:ad14e 144134765124035596     /work2/11056/zwu/frontera/miniconda3/envs/libyt/lib/python3.13/site-packages/yt/geometry/selection_routines.cpython-313-x86_64-linux-gnu.so
2ab630b1a000-2ab630b1c000 r--p 000c6000 3d8:ad14e 144134765124035596     /work2/11056/zwu/frontera/miniconda3/envs/libyt/lib/python3.13/site-packages/yt/geometry/selection_routines.cpython-313-x86_64-linux-gnu.so
2ab630b1c000-2ab630b24000 rw-p 000c8000 3d8:ad14e 144134765124035596     /work2/11056/zwu/frontera/miniconda3/envs/libyt/lib/python3.13/site-packages/yt/geometry/selection_routines.cpython-313-x86_64-linux-gnu.so
2ab630b24000-2ab630b27000 rw-p 00000000 00:00 0 
2ab630b27000-2ab630b30000 r--p 00000000 3d8:ad14e 144134765124035558     /work2/11056/zwu/frontera/miniconda3/envs/libyt/lib/python3.13/site-packages/yt/geometry/oct_visitors.cpython-313-x86_64-linux-gnu.so
2ab630b30000-2ab630b9a000 r-xp 00009000 3d8:ad14e 144134765124035558     /work2/11056/zwu/frontera/miniconda3/envs/libyt/lib/python3.13/site-packages/yt/geometry/oct_visitors.cpython-313-x86_64-linux-gnu.so
2ab630b9a000-2ab630ba9000 r--p 00073000 3d8:ad14e 144134765124035558     /work2/11056/zwu/frontera/miniconda3/envs/libyt/lib/python3.13/site-packages/yt/geometry/oct_visitors.cpython-313-x86_64-linux-gnu.so
2ab630ba9000-2ab630bab000 r--p 00081000 3d8:ad14e 144134765124035558     /work2/11056/zwu/frontera/miniconda3/envs/libyt/lib/python3.13/site-packages/yt/geometry/oct_visitors.cpython-313-x86_64-linux-gnu.so
2ab630bab000-2ab630bb1000 rw-p 00083000 3d8:ad14e 144134765124035558     /work2/11056/zwu/frontera/miniconda3/envs/libyt/lib/python3.13/site-packages/yt/geometry/oct_visitors.cpython-313-x86_64-linux-gnu.so
2ab630bb1000-2ab630bb2000 rw-p 00000000 00:00 0 
2ab630bb2000-2ab630bb9000 r--p 00000000 3d8:ad14e 144134765124036838     /work2/11056/zwu/frontera/miniconda3/envs/libyt/lib/python3.13/site-packages/yt/utilities/lib/allocation_container.cpython-313-x86_64-linux-gnu.so
2ab630bb9000-2ab630bda000 r-xp 00007000 3d8:ad14e 144134765124036838     /work2/11056/zwu/frontera/miniconda3/envs/libyt/lib/python3.13/site-packages/yt/utilities/lib/allocation_container.cpython-313-x86_64-linux-gnu.so
2ab630bda000-2ab630be2000 r--p 00028000 3d8:ad14e 144134765124036838     /work2/11056/zwu/frontera/miniconda3/envs/libyt/lib/python3.13/site-packages/yt/utilities/lib/allocation_container.cpython-313-x86_64-linux-gnu.so
2ab630be2000-2ab630be3000 r--p 0002f000 3d8:ad14e 144134765124036838     /work2/11056/zwu/frontera/miniconda3/envs/libyt/lib/python3.13/site-packages/yt/utilities/lib/allocation_container.cpython-313-x86_64-linux-gnu.so
2ab630be3000-2ab630be5000 rw-p 00030000 3d8:ad14e 144134765124036838     /work2/11056/zwu/frontera/miniconda3/envs/libyt/lib/python3.13/site-packages/yt/utilities/lib/allocation_container.cpython-313-x86_64-linux-gnu.so
2ab630be5000-2ab630be6000 rw-p 00000000 00:00 0 
2ab630be6000-2ab630bef000 r--p 00000000 3d8:ad14e 144134765124036537     /work2/11056/zwu/frontera/miniconda3/envs/libyt/lib/python3.13/site-packages/yt/geometry/oct_container.cpython-313-x86_64-linux-gnu.so
2ab630bef000-2ab630c4c000 r-xp 00009000 3d8:ad14e 144134765124036537     /work2/11056/zwu/frontera/miniconda3/envs/libyt/lib/python3.13/site-packages/yt/geometry/oct_container.cpython-313-x86_64-linux-gnu.so
2ab630c4c000-2ab630c59000 r--p 00066000 3d8:ad14e 144134765124036537     /work2/11056/zwu/frontera/miniconda3/envs/libyt/lib/python3.13/site-packages/yt/geometry/oct_container.cpython-313-x86_64-linux-gnu.so
2ab630c59000-2ab630c5b000 r--p 00072000 3d8:ad14e 144134765124036537     /work2/11056/zwu/frontera/miniconda3/envs/libyt/lib/python3.13/site-packages/yt/geometry/oct_container.cpython-313-x86_64-linux-gnu.so
2ab630c5b000-2ab630c5e000 rw-p 00074000 3d8:ad14e 144134765124036537     /work2/11056/zwu/frontera/miniconda3/envs/libyt/lib/python3.13/site-packages/yt/geometry/oct_container.cpython-313-x86_64-linux-gnu.so
2ab630c5e000-2ab630c5f000 rw-p 00000000 00:00 0 
2ab630c5f000-2ab630c61000 r--p 00000000 3d8:ad14e 144134765124035953     /work2/11056/zwu/frontera/miniconda3/envs/libyt/lib/python3.13/site-packages/yt/geometry/grid_visitors.cpython-313-x86_64-linux-gnu.so
2ab630c61000-2ab630c63000 r-xp 00002000 3d8:ad14e 144134765124035953     /work2/11056/zwu/frontera/miniconda3/envs/libyt/lib/python3.13/site-packages/yt/geometry/grid_visitors.cpython-313-x86_64-linux-gnu.so
2ab630c63000-2ab630c64000 r--p 00004000 3d8:ad14e 144134765124035953     /work2/11056/zwu/frontera/miniconda3/envs/libyt/lib/python3.13/site-packages/yt/geometry/grid_visitors.cpython-313-x86_64-linux-gnu.so
2ab630c64000-2ab630c65000 r--p 00005000 3d8:ad14e 144134765124035953     /work2/11056/zwu/frontera/miniconda3/envs/libyt/lib/python3.13/site-packages/yt/geometry/grid_visitors.cpython-313-x86_64-linux-gnu.so
2ab630c65000-2ab630c66000 rw-p 00006000 3d8:ad14e 144134765124035953     /work2/11056/zwu/frontera/miniconda3/envs/libyt/lib/python3.13/site-packages/yt/geometry/grid_visitors.cpython-313-x86_64-linux-gnu.so
2ab630c66000-2ab630c6b000 r--p 00000000 3d8:ad14e 144134765124036378     /work2/11056/zwu/frontera/miniconda3/envs/libyt/lib/python3.13/site-packages/yt/utilities/lib/bitarray.cpython-313-x86_64-linux-gnu.so
2ab630c6b000-2ab630c7a000 r-xp 00005000 3d8:ad14e 144134765124036378     /work2/11056/zwu/frontera/miniconda3/envs/libyt/lib/python3.13/site-packages/yt/utilities/lib/bitarray.cpython-313-x86_64-linux-gnu.so
2ab630c7a000-2ab630c7f000 r--p 00014000 3d8:ad14e 144134765124036378     /work2/11056/zwu/frontera/miniconda3/envs/libyt/lib/python3.13/site-packages/yt/utilities/lib/bitarray.cpython-313-x86_64-linux-gnu.so
2ab630c7f000-2ab630c80000 r--p 00019000 3d8:ad14e 144134765124036378     /work2/11056/zwu/frontera/miniconda3/envs/libyt/lib/python3.13/site-packages/yt/utilities/lib/bitarray.cpython-313-x86_64-linux-gnu.so
2ab630c80000-2ab630c81000 rw-p 0001a000 3d8:ad14e 144134765124036378     /work2/11056/zwu/frontera/miniconda3/envs/libyt/lib/python3.13/site-packages/yt/utilities/lib/bitarray.cpython-313-x86_64-linux-gnu.so
2ab630c81000-2ab630c82000 rw-p 00000000 00:00 0 
2ab630c82000-2ab630c87000 r--p 00000000 3d8:ad14e 144134765124036200     /work2/11056/zwu/frontera/miniconda3/envs/libyt/lib/python3.13/site-packages/yt/utilities/lib/partitioned_grid.cpython-313-x86_64-linux-gnu.so
2ab630c87000-2ab630c94000 r-xp 00005000 3d8:ad14e 144134765124036200     /work2/11056/zwu/frontera/miniconda3/envs/libyt/lib/python3.13/site-packages/yt/utilities/lib/partitioned_grid.cpython-313-x86_64-linux-gnu.so
2ab630c94000-2ab630c98000 r--p 00012000 3d8:ad14e 144134765124036200     /work2/11056/zwu/frontera/miniconda3/envs/libyt/lib/python3.13/site-packages/yt/utilities/lib/partitioned_grid.cpython-313-x86_64-linux-gnu.so
2ab630c98000-2ab630c99000 r--p 00016000 3d8:ad14e 144134765124036200     /work2/11056/zwu/frontera/miniconda3/envs/libyt/lib/python3.13/site-packages/yt/utilities/lib/partitioned_grid.cpython-313-x86_64-linux-gnu.so
2ab630c99000-2ab630c9a000 rw-p 00017000 3d8:ad14e 144134765124036200     /work2/11056/zwu/frontera/miniconda3/envs/libyt/lib/python3.13/site-packages/yt/utilities/lib/partitioned_grid.cpython-313-x86_64-linux-gnu.so
2ab630c9a000-2ab630ca3000 r--p 00000000 3d8:ad14e 144134765124036460     /work2/11056/zwu/frontera/miniconda3/envs/libyt/lib/python3.13/site-packages/yt/utilities/lib/image_samplers.cpython-313-x86_64-linux-gnu.so
2ab630ca3000-2ab630cdb000 r-xp 00009000 3d8:ad14e 144134765124036460     /work2/11056/zwu/frontera/miniconda3/envs/libyt/lib/python3.13/site-packages/yt/utilities/lib/image_samplers.cpython-313-x86_64-linux-gnu.so
2ab630cdb000-2ab630ce6000 r--p 00041000 3d8:ad14e 144134765124036460     /work2/11056/zwu/frontera/miniconda3/envs/libyt/lib/python3.13/site-packages/yt/utilities/lib/image_samplers.cpython-313-x86_64-linux-gnu.so
2ab630ce6000-2ab630ce8000 r--p 0004b000 3d8:ad14e 144134765124036460     /work2/11056/zwu/frontera/miniconda3/envs/libyt/lib/python3.13/site-packages/yt/utilities/lib/image_samplers.cpython-313-x86_64-linux-gnu.so
2ab630ce8000-2ab630ceb000 rw-p 0004d000 3d8:ad14e 144134765124036460     /work2/11056/zwu/frontera/miniconda3/envs/libyt/lib/python3.13/site-packages/yt/utilities/lib/image_samplers.cpython-313-x86_64-linux-gnu.so
2ab630ceb000-2ab630cec000 rw-p 00000000 00:00 0 
2ab630cec000-2ab630cf9000 r--p 00000000 3d8:ad14e 144134765124010023     /work2/11056/zwu/frontera/miniconda3/envs/libyt/lib/libgomp.so.1.0.0
2ab630cf9000-2ab630d32000 r-xp 0000d000 3d8:ad14e 144134765124010023     /work2/11056/zwu/frontera/miniconda3/envs/libyt/lib/libgomp.so.1.0.0
2ab630d32000-2ab630d40000 r--p 00046000 3d8:ad14e 144134765124010023     /work2/11056/zwu/frontera/miniconda3/envs/libyt/lib/libgomp.so.1.0.0
2ab630d40000-2ab630d41000 r--p 00054000 3d8:ad14e 144134765124010023     /work2/11056/zwu/frontera/miniconda3/envs/libyt/lib/libgomp.so.1.0.0
2ab630d41000-2ab630d42000 rw-p 00055000 3d8:ad14e 144134765124010023     /work2/11056/zwu/frontera/miniconda3/envs/libyt/lib/libgomp.so.1.0.0
2ab630d42000-2ab630d48000 r--p 00000000 3d8:ad14e 144134765124035940     /work2/11056/zwu/frontera/miniconda3/envs/libyt/lib/python3.13/site-packages/yt/utilities/lib/_octree_raytracing.cpython-313-x86_64-linux-gnu.so
2ab630d48000-2ab630d65000 r-xp 00006000 3d8:ad14e 144134765124035940     /work2/11056/zwu/frontera/miniconda3/envs/libyt/lib/python3.13/site-packages/yt/utilities/lib/_octree_raytracing.cpython-313-x86_64-linux-gnu.so
2ab630d65000-2ab630d6c000 r--p 00023000 3d8:ad14e 144134765124035940     /work2/11056/zwu/frontera/miniconda3/envs/libyt/lib/python3.13/site-packages/yt/utilities/lib/_octree_raytracing.cpython-313-x86_64-linux-gnu.so
2ab630d6c000-2ab630d6d000 r--p 0002a000 3d8:ad14e 144134765124035940     /work2/11056/zwu/frontera/miniconda3/envs/libyt/lib/python3.13/site-packages/yt/utilities/lib/_octree_raytracing.cpython-313-x86_64-linux-gnu.so
2ab630d6d000-2ab630d6f000 rw-p 0002b000 3d8:ad14e 144134765124035940     /work2/11056/zwu/frontera/miniconda3/envs/libyt/lib/python3.13/site-packages/yt/utilities/lib/_octree_raytracing.cpython-313-x86_64-linux-gnu.so
2ab630d6f000-2ab630d75000 r--p 00000000 3d8:ad14e 144134765124035605     /work2/11056/zwu/frontera/miniconda3/envs/libyt/lib/python3.13/site-packages/yt/utilities/lib/lenses.cpython-313-x86_64-linux-gnu.so
2ab630d75000-2ab630d8f000 r-xp 00006000 3d8:ad14e 144134765124035605     /work2/11056/zwu/frontera/miniconda3/envs/libyt/lib/python3.13/site-packages/yt/utilities/lib/lenses.cpython-313-x86_64-linux-gnu.so
2ab630d8f000-2ab630d94000 r--p 00020000 3d8:ad14e 144134765124035605     /work2/11056/zwu/frontera/miniconda3/envs/libyt/lib/python3.13/site-packages/yt/utilities/lib/lenses.cpython-313-x86_64-linux-gnu.so
2ab630d94000-2ab630d95000 r--p 00025000 3d8:ad14e 144134765124035605     /work2/11056/zwu/frontera/miniconda3/envs/libyt/lib/python3.13/site-packages/yt/utilities/lib/lenses.cpython-313-x86_64-linux-gnu.so
2ab630d95000-2ab630d96000 rw-p 00026000 3d8:ad14e 144134765124035605     /work2/11056/zwu/frontera/miniconda3/envs/libyt/lib/python3.13/site-packages/yt/utilities/lib/lenses.cpython-313-x86_64-linux-gnu.so
2ab630d96000-2ab630d97000 rw-p 00000000 00:00 0 
2ab630d97000-2ab630d9e000 r--p 00000000 3d8:ad14e 144134765124035462     /work2/11056/zwu/frontera/miniconda3/envs/libyt/lib/python3.13/site-packages/yt/utilities/lib/grid_traversal.cpython-313-x86_64-linux-gnu.so
2ab630d9e000-2ab630dc3000 r-xp 00007000 3d8:ad14e 144134765124035462     /work2/11056/zwu/frontera/miniconda3/envs/libyt/lib/python3.13/site-packages/yt/utilities/lib/grid_traversal.cpython-313-x86_64-linux-gnu.so
2ab630dc3000-2ab630dcb000 r--p 0002c000 3d8:ad14e 144134765124035462     /work2/11056/zwu/frontera/miniconda3/envs/libyt/lib/python3.13/site-packages/yt/utilities/lib/grid_traversal.cpython-313-x86_64-linux-gnu.so
2ab630dcb000-2ab630dcc000 r--p 00033000 3d8:ad14e 144134765124035462     /work2/11056/zwu/frontera/miniconda3/envs/libyt/lib/python3.13/site-packages/yt/utilities/lib/grid_traversal.cpython-313-x86_64-linux-gnu.so
2ab630dcc000-2ab630dce000 rw-p 00034000 3d8:ad14e 144134765124035462     /work2/11056/zwu/frontera/miniconda3/envs/libyt/lib/python3.13/site-packages/yt/utilities/lib/grid_traversal.cpython-313-x86_64-linux-gnu.so
2ab630dce000-2ab630dd4000 r--p 00000000 3d8:ad14e 144134765124036044     /work2/11056/zwu/frontera/miniconda3/envs/libyt/lib/python3.13/site-packages/yt/utilities/lib/fnv_hash.cpython-313-x86_64-linux-gnu.so
2ab630dd4000-2ab630df0000 r-xp 00006000 3d8:ad14e 144134765124036044     /work2/11056/zwu/frontera/miniconda3/envs/libyt/lib/python3.13/site-packages/yt/utilities/lib/fnv_hash.cpython-313-x86_64-linux-gnu.so
2ab630df0000-2ab630df7000 r--p 00022000 3d8:ad14e 144134765124036044     /work2/11056/zwu/frontera/miniconda3/envs/libyt/lib/python3.13/site-packages/yt/utilities/lib/fnv_hash.cpython-313-x86_64-linux-gnu.so
2ab630df7000-2ab630df8000 r--p 00028000 3d8:ad14e 144134765124036044     /work2/11056/zwu/frontera/miniconda3/envs/libyt/lib/python3.13/site-packages/yt/utilities/lib/fnv_hash.cpython-313-x86_64-linux-gnu.so
2ab630df8000-2ab630dfa000 rw-p 00029000 3d8:ad14e 144134765124036044     /work2/11056/zwu/frontera/miniconda3/envs/libyt/lib/python3.13/site-packages/yt/utilities/lib/fnv_hash.cpython-313-x86_64-linux-gnu.so
2ab630dfa000-2ab630e03000 r--p 00000000 3d8:ad14e 144134765124036525     /work2/11056/zwu/frontera/miniconda3/envs/libyt/lib/python3.13/site-packages/yt/utilities/lib/misc_utilities.cpython-313-x86_64-linux-gnu.so
2ab630e03000-2ab630e63000 r-xp 00009000 3d8:ad14e 144134765124036525     /work2/11056/zwu/frontera/miniconda3/envs/libyt/lib/python3.13/site-packages/yt/utilities/lib/misc_utilities.cpython-313-x86_64-linux-gnu.so
2ab630e63000-2ab630e6e000 r--p 00069000 3d8:ad14e 144134765124036525     /work2/11056/zwu/frontera/miniconda3/envs/libyt/lib/python3.13/site-packages/yt/utilities/lib/misc_utilities.cpython-313-x86_64-linux-gnu.so
2ab630e6e000-2ab630e70000 r--p 00073000 3d8:ad14e 144134765124036525     /work2/11056/zwu/frontera/miniconda3/envs/libyt/lib/python3.13/site-packages/yt/utilities/lib/misc_utilities.cpython-313-x86_64-linux-gnu.so
2ab630e70000-2ab630e72000 rw-p 00075000 3d8:ad14e 144134765124036525     /work2/11056/zwu/frontera/miniconda3/envs/libyt/lib/python3.13/site-packages/yt/utilities/lib/misc_utilities.cpython-313-x86_64-linux-gnu.so
2ab630e72000-2ab630e74000 rw-p 00000000 00:00 0 
2ab630e74000-2ab630e7b000 r--p 00000000 3d8:ad14e 144134765124035740     /work2/11056/zwu/frontera/miniconda3/envs/libyt/lib/python3.13/site-packages/yt/utilities/lib/particle_mesh_operations.cpython-313-x86_64-linux-gnu.so
2ab630e7b000-2ab630eab000 r-xp 00007000 3d8:ad14e 144134765124035740     /work2/11056/zwu/frontera/miniconda3/envs/libyt/lib/python3.13/site-packages/yt/utilities/lib/particle_mesh_operations.cpython-313-x86_64-linux-gnu.so
2ab630eab000-2ab630eb3000 r--p 00037000 3d8:ad14e 144134765124035740     /work2/11056/zwu/frontera/miniconda3/envs/libyt/lib/python3.13/site-packages/yt/utilities/lib/particle_mesh_operations.cpython-313-x86_64-linux-gnu.so
2ab630eb3000-2ab630eb4000 r--p 0003f000 3d8:ad14e 144134765124035740     /work2/11056/zwu/frontera/miniconda3/envs/libyt/lib/python3.13/site-packages/yt/utilities/lib/particle_mesh_operations.cpython-313-x86_64-linux-gnu.so
2ab630eb4000-2ab630eb6000 rw-p 00040000 3d8:ad14e 144134765124035740     /work2/11056/zwu/frontera/miniconda3/envs/libyt/lib/python3.13/site-packages/yt/utilities/lib/particle_mesh_operations.cpython-313-x86_64-linux-gnu.so
2ab630eb6000-2ab630eb7000 rw-p 00000000 00:00 0 
2ab630eb7000-2ab630ebe000 r--p 00000000 3d8:ad14e 144134765124036749     /work2/11056/zwu/frontera/miniconda3/envs/libyt/lib/python3.13/site-packages/yt/utilities/lib/image_utilities.cpython-313-x86_64-linux-gnu.so
2ab630ebe000-2ab630eed000 r-xp 00007000 3d8:ad14e 144134765124036749     /work2/11056/zwu/frontera/miniconda3/envs/libyt/lib/python3.13/site-packages/yt/utilities/lib/image_utilities.cpython-313-x86_64-linux-gnu.so
2ab630eed000-2ab630ef5000 r--p 00036000 3d8:ad14e 144134765124036749     /work2/11056/zwu/frontera/miniconda3/envs/libyt/lib/python3.13/site-packages/yt/utilities/lib/image_utilities.cpython-313-x86_64-linux-gnu.so
2ab630ef5000-2ab630ef6000 r--p 0003e000 3d8:ad14e 144134765124036749     /work2/11056/zwu/frontera/miniconda3/envs/libyt/lib/python3.13/site-packages/yt/utilities/lib/image_utilities.cpython-313-x86_64-linux-gnu.so
2ab630ef6000-2ab630ef8000 rw-p 0003f000 3d8:ad14e 144134765124036749     /work2/11056/zwu/frontera/miniconda3/envs/libyt/lib/python3.13/site-packages/yt/utilities/lib/image_utilities.cpython-313-x86_64-linux-gnu.so
2ab630ef8000-2ab630ff8000 rw-p 00000000 00:00 0 
2ab630ff8000-2ab630ffd000 r--p 00000000 3d8:ad14e 144134765124011883     /work2/11056/zwu/frontera/miniconda3/envs/libyt/lib/python3.13/lib-dynload/_socket.cpython-313-x86_64-linux-gnu.so
2ab630ffd000-2ab631006000 r-xp 00005000 3d8:ad14e 144134765124011883     /work2/11056/zwu/frontera/miniconda3/envs/libyt/lib/python3.13/lib-dynload/_socket.cpython-313-x86_64-linux-gnu.so
2ab631006000-2ab63100f000 r--p 0000e000 3d8:ad14e 144134765124011883     /work2/11056/zwu/frontera/miniconda3/envs/libyt/lib/python3.13/lib-dynload/_socket.cpython-313-x86_64-linux-gnu.so
2ab63100f000-2ab631010000 r--p 00016000 3d8:ad14e 144134765124011883     /work2/11056/zwu/frontera/miniconda3/envs/libyt/lib/python3.13/lib-dynload/_socket.cpython-313-x86_64-linux-gnu.so
2ab631010000-2ab631011000 rw-p 00017000 3d8:ad14e 144134765124011883     /work2/11056/zwu/frontera/miniconda3/envs/libyt/lib/python3.13/lib-dynload/_socket.cpython-313-x86_64-linux-gnu.so
2ab631011000-2ab631016000 r--p 00000000 3d8:ad14e 144134765124013545     /work2/11056/zwu/frontera/miniconda3/envs/libyt/lib/python3.13/lib-dynload/pyexpat.cpython-313-x86_64-linux-gnu.so
2ab631016000-2ab63101b000 r-xp 00005000 3d8:ad14e 144134765124013545     /work2/11056/zwu/frontera/miniconda3/envs/libyt/lib/python3.13/lib-dynload/pyexpat.cpython-313-x86_64-linux-gnu.so
2ab63101b000-2ab63101f000 r--p 0000a000 3d8:ad14e 144134765124013545     /work2/11056/zwu/frontera/miniconda3/envs/libyt/lib/python3.13/lib-dynload/pyexpat.cpython-313-x86_64-linux-gnu.so
2ab63101f000-2ab631020000 r--p 0000e000 3d8:ad14e 144134765124013545     /work2/11056/zwu/frontera/miniconda3/envs/libyt/lib/python3.13/lib-dynload/pyexpat.cpython-313-x86_64-linux-gnu.so
2ab631020000-2ab631022000 rw-p 0000f000 3d8:ad14e 144134765124013545     /work2/11056/zwu/frontera/miniconda3/envs/libyt/lib/python3.13/lib-dynload/pyexpat.cpython-313-x86_64-linux-gnu.so
2ab631022000-2ab631026000 r--p 00000000 3d8:ad14e 144134765124010281     /work2/11056/zwu/frontera/miniconda3/envs/libyt/lib/libexpat.so.1.11.3
2ab631026000-2ab631043000 r-xp 00004000 3d8:ad14e 144134765124010281     /work2/11056/zwu/frontera/miniconda3/envs/libyt/lib/libexpat.so.1.11.3
2ab631043000-2ab63104b000 r--p 00021000 3d8:ad14e 144134765124010281     /work2/11056/zwu/frontera/miniconda3/envs/libyt/lib/libexpat.so.1.11.3
2ab63104b000-2ab63104d000 r--p 00029000 3d8:ad14e 144134765124010281     /work2/11056/zwu/frontera/miniconda3/envs/libyt/lib/libexpat.so.1.11.3
2ab63104d000-2ab63104e000 rw-p 0002b000 3d8:ad14e 144134765124010281     /work2/11056/zwu/frontera/miniconda3/envs/libyt/lib/libexpat.so.1.11.3
2ab63104e000-2ab63174e000 rw-p 00000000 00:00 0 
2ab63174e000-2ab631753000 r--p 00000000 3d8:ad14e 144134765124036458     /work2/11056/zwu/frontera/miniconda3/envs/libyt/lib/python3.13/site-packages/yt/utilities/lib/quad_tree.cpython-313-x86_64-linux-gnu.so
2ab631753000-2ab63176c000 r-xp 00005000 3d8:ad14e 144134765124036458     /work2/11056/zwu/frontera/miniconda3/envs/libyt/lib/python3.13/site-packages/yt/utilities/lib/quad_tree.cpython-313-x86_64-linux-gnu.so
2ab63176c000-2ab631771000 r--p 0001e000 3d8:ad14e 144134765124036458     /work2/11056/zwu/frontera/miniconda3/envs/libyt/lib/python3.13/site-packages/yt/utilities/lib/quad_tree.cpython-313-x86_64-linux-gnu.so
2ab631771000-2ab631772000 r--p 00023000 3d8:ad14e 144134765124036458     /work2/11056/zwu/frontera/miniconda3/envs/libyt/lib/python3.13/site-packages/yt/utilities/lib/quad_tree.cpython-313-x86_64-linux-gnu.so
2ab631772000-2ab631773000 rw-p 00024000 3d8:ad14e 144134765124036458     /work2/11056/zwu/frontera/miniconda3/envs/libyt/lib/python3.13/site-packages/yt/utilities/lib/quad_tree.cpython-313-x86_64-linux-gnu.so
2ab631773000-2ab631774000 rw-p 00000000 00:00 0 
2ab631774000-2ab63177c000 r--p 00000000 3d8:ad14e 144134765124034768     /work2/11056/zwu/frontera/miniconda3/envs/libyt/lib/python3.13/site-packages/yt/geometry/grid_container.cpython-313-x86_64-linux-gnu.so
2ab63177c000-2ab6317b2000 r-xp 00008000 3d8:ad14e 144134765124034768     /work2/11056/zwu/frontera/miniconda3/envs/libyt/lib/python3.13/site-packages/yt/geometry/grid_container.cpython-313-x86_64-linux-gnu.so
2ab6317b2000-2ab6317bc000 r--p 0003e000 3d8:ad14e 144134765124034768     /work2/11056/zwu/frontera/miniconda3/envs/libyt/lib/python3.13/site-packages/yt/geometry/grid_container.cpython-313-x86_64-linux-gnu.so
2ab6317bc000-2ab6317be000 r--p 00047000 3d8:ad14e 144134765124034768     /work2/11056/zwu/frontera/miniconda3/envs/libyt/lib/python3.13/site-packages/yt/geometry/grid_container.cpython-313-x86_64-linux-gnu.so
2ab6317be000-2ab6317c1000 rw-p 00049000 3d8:ad14e 144134765124034768     /work2/11056/zwu/frontera/miniconda3/envs/libyt/lib/python3.13/site-packages/yt/geometry/grid_container.cpython-313-x86_64-linux-gnu.so
2ab6317c1000-2ab6317c2000 rw-p 00000000 00:00 0 
2ab6317c2000-2ab6317ca000 r--p 00000000 3d8:ad14e 144134765124035387     /work2/11056/zwu/frontera/miniconda3/envs/libyt/lib/python3.13/site-packages/yt/utilities/lib/amr_kdtools.cpython-313-x86_64-linux-gnu.so
2ab6317ca000-2ab631814000 r-xp 00008000 3d8:ad14e 144134765124035387     /work2/11056/zwu/frontera/miniconda3/envs/libyt/lib/python3.13/site-packages/yt/utilities/lib/amr_kdtools.cpython-313-x86_64-linux-gnu.so
2ab631814000-2ab63181f000 r--p 00052000 3d8:ad14e 144134765124035387     /work2/11056/zwu/frontera/miniconda3/envs/libyt/lib/python3.13/site-packages/yt/utilities/lib/amr_kdtools.cpython-313-x86_64-linux-gnu.so
2ab63181f000-2ab631820000 r--p 0005d000 3d8:ad14e 144134765124035387     /work2/11056/zwu/frontera/miniconda3/envs/libyt/lib/python3.13/site-packages/yt/utilities/lib/amr_kdtools.cpython-313-x86_64-linux-gnu.so
2ab631820000-2ab631823000 rw-p 0005e000 3d8:ad14e 144134765124035387     /work2/11056/zwu/frontera/miniconda3/envs/libyt/lib/python3.13/site-packages/yt/utilities/lib/amr_kdtools.cpython-313-x86_64-linux-gnu.so
2ab631823000-2ab631924000 rw-p 00000000 00:00 0 
2ab631924000-2ab631928000 r--p 00000000 3d8:ad14e 144134765124035190     /work2/11056/zwu/frontera/miniconda3/envs/libyt/lib/python3.13/site-packages/yt/utilities/lib/marching_cubes.cpython-313-x86_64-linux-gnu.so
2ab631928000-2ab631936000 r-xp 00004000 3d8:ad14e 144134765124035190     /work2/11056/zwu/frontera/miniconda3/envs/libyt/lib/python3.13/site-packages/yt/utilities/lib/marching_cubes.cpython-313-x86_64-linux-gnu.so
2ab631936000-2ab63193a000 r--p 00012000 3d8:ad14e 144134765124035190     /work2/11056/zwu/frontera/miniconda3/envs/libyt/lib/python3.13/site-packages/yt/utilities/lib/marching_cubes.cpython-313-x86_64-linux-gnu.so
2ab63193a000-2ab63193b000 r--p 00015000 3d8:ad14e 144134765124035190     /work2/11056/zwu/frontera/miniconda3/envs/libyt/lib/python3.13/site-packages/yt/utilities/lib/marching_cubes.cpython-313-x86_64-linux-gnu.so
2ab63193b000-2ab631940000 rw-p 00016000 3d8:ad14e 144134765124035190     /work2/11056/zwu/frontera/miniconda3/envs/libyt/lib/python3.13/site-packages/yt/utilities/lib/marching_cubes.cpython-313-x86_64-linux-gnu.so
2ab631940000-2ab631949000 r--p 00000000 3d8:ad14e 144134765124035333     /work2/11056/zwu/frontera/miniconda3/envs/libyt/lib/python3.13/site-packages/yt/geometry/particle_deposit.cpython-313-x86_64-linux-gnu.so
2ab631949000-2ab631988000 r-xp 00009000 3d8:ad14e 144134765124035333     /work2/11056/zwu/frontera/miniconda3/envs/libyt/lib/python3.13/site-packages/yt/geometry/particle_deposit.cpython-313-x86_64-linux-gnu.so
2ab631988000-2ab631994000 r--p 00048000 3d8:ad14e 144134765124035333     /work2/11056/zwu/frontera/miniconda3/envs/libyt/lib/python3.13/site-packages/yt/geometry/particle_deposit.cpython-313-x86_64-linux-gnu.so
2ab631994000-2ab631996000 r--p 00053000 3d8:ad14e 144134765124035333     /work2/11056/zwu/frontera/miniconda3/envs/libyt/lib/python3.13/site-packages/yt/geometry/particle_deposit.cpython-313-x86_64-linux-gnu.so
2ab631996000-2ab63199a000 rw-p 00055000 3d8:ad14e 144134765124035333     /work2/11056/zwu/frontera/miniconda3/envs/libyt/lib/python3.13/site-packages/yt/geometry/particle_deposit.cpython-313-x86_64-linux-gnu.so
2ab63199a000-2ab63199b000 rw-p 00000000 00:00 0 
2ab63199b000-2ab63199f000 r--p 00000000 3d8:ad14e 144134765124034726     /work2/11056/zwu/frontera/miniconda3/envs/libyt/lib/python3.13/site-packages/yt/utilities/lib/interpolators.cpython-313-x86_64-linux-gnu.so
2ab63199f000-2ab6319b3000 r-xp 00004000 3d8:ad14e 144134765124034726     /work2/11056/zwu/frontera/miniconda3/envs/libyt/lib/python3.13/site-packages/yt/utilities/lib/interpolators.cpython-313-x86_64-linux-gnu.so
2ab6319b3000-2ab6319b7000 r--p 00018000 3d8:ad14e 144134765124034726     /work2/11056/zwu/frontera/miniconda3/envs/libyt/lib/python3.13/site-packages/yt/utilities/lib/interpolators.cpython-313-x86_64-linux-gnu.so
2ab6319b7000-2ab6319b8000 r--p 0001b000 3d8:ad14e 144134765124034726     /work2/11056/zwu/frontera/miniconda3/envs/libyt/lib/python3.13/site-packages/yt/utilities/lib/interpolators.cpython-313-x86_64-linux-gnu.so
2ab6319b8000-2ab6319b9000 rw-p 0001c000 3d8:ad14e 144134765124034726     /work2/11056/zwu/frontera/miniconda3/envs/libyt/lib/python3.13/site-packages/yt/utilities/lib/interpolators.cpython-313-x86_64-linux-gnu.so
2ab6319b9000-2ab6319bf000 r--p 00000000 3d8:ad14e 144134765124036547     /work2/11056/zwu/frontera/miniconda3/envs/libyt/lib/python3.13/site-packages/yt/utilities/lib/mesh_utilities.cpython-313-x86_64-linux-gnu.so
2ab6319bf000-2ab6319e0000 r-xp 00006000 3d8:ad14e 144134765124036547     /work2/11056/zwu/frontera/miniconda3/envs/libyt/lib/python3.13/site-packages/yt/utilities/lib/mesh_utilities.cpython-313-x86_64-linux-gnu.so
2ab6319e0000-2ab6319e7000 r--p 00027000 3d8:ad14e 144134765124036547     /work2/11056/zwu/frontera/miniconda3/envs/libyt/lib/python3.13/site-packages/yt/utilities/lib/mesh_utilities.cpython-313-x86_64-linux-gnu.so
2ab6319e7000-2ab6319e8000 r--p 0002e000 3d8:ad14e 144134765124036547     /work2/11056/zwu/frontera/miniconda3/envs/libyt/lib/python3.13/site-packages/yt/utilities/lib/mesh_utilities.cpython-313-x86_64-linux-gnu.so
2ab6319e8000-2ab6319ea000 rw-p 0002f000 3d8:ad14e 144134765124036547     /work2/11056/zwu/frontera/miniconda3/envs/libyt/lib/python3.13/site-packages/yt/utilities/lib/mesh_utilities.cpython-313-x86_64-linux-gnu.so
2ab6319ea000-2ab6319f2000 r--p 00000000 3d8:ad14e 144134765124035212     /work2/11056/zwu/frontera/miniconda3/envs/libyt/lib/python3.13/site-packages/yt/geometry/particle_smooth.cpython-313-x86_64-linux-gnu.so
2ab6319f2000-2ab631a30000 r-xp 00008000 3d8:ad14e 144134765124035212     /work2/11056/zwu/frontera/miniconda3/envs/libyt/lib/python3.13/site-packages/yt/geometry/particle_smooth.cpython-313-x86_64-linux-gnu.so
2ab631a30000-2ab631a3a000 r--p 00046000 3d8:ad14e 144134765124035212     /work2/11056/zwu/frontera/miniconda3/envs/libyt/lib/python3.13/site-packages/yt/geometry/particle_smooth.cpython-313-x86_64-linux-gnu.so
2ab631a3a000-2ab631a3c000 r--p 0004f000 3d8:ad14e 144134765124035212     /work2/11056/zwu/frontera/miniconda3/envs/libyt/lib/python3.13/site-packages/yt/geometry/particle_smooth.cpython-313-x86_64-linux-gnu.so
2ab631a3c000-2ab631a3f000 rw-p 00051000 3d8:ad14e 144134765124035212     /work2/11056/zwu/frontera/miniconda3/envs/libyt/lib/python3.13/site-packages/yt/geometry/particle_smooth.cpython-313-x86_64-linux-gnu.so
2ab631a3f000-2ab631a40000 rw-p 00000000 00:00 0 
2ab631a40000-2ab631a46000 r--p 00000000 3d8:ad14e 144134765124036355     /work2/11056/zwu/frontera/miniconda3/envs/libyt/lib/python3.13/site-packages/yt/utilities/lib/distance_queue.cpython-313-x86_64-linux-gnu.so
2ab631a46000-2ab631a65000 r-xp 00006000 3d8:ad14e 144134765124036355     /work2/11056/zwu/frontera/miniconda3/envs/libyt/lib/python3.13/site-packages/yt/utilities/lib/distance_queue.cpython-313-x86_64-linux-gnu.so
2ab631a65000-2ab631a6d000 r--p 00025000 3d8:ad14e 144134765124036355     /work2/11056/zwu/frontera/miniconda3/envs/libyt/lib/python3.13/site-packages/yt/utilities/lib/distance_queue.cpython-313-x86_64-linux-gnu.so
2ab631a6d000-2ab631a6e000 r--p 0002c000 3d8:ad14e 144134765124036355     /work2/11056/zwu/frontera/miniconda3/envs/libyt/lib/python3.13/site-packages/yt/utilities/lib/distance_queue.cpython-313-x86_64-linux-gnu.so
2ab631a6e000-2ab631a70000 rw-p 0002d000 3d8:ad14e 144134765124036355     /work2/11056/zwu/frontera/miniconda3/envs/libyt/lib/python3.13/site-packages/yt/utilities/lib/distance_queue.cpython-313-x86_64-linux-gnu.so
2ab631a70000-2ab631a71000 rw-p 00000000 00:00 0 
2ab631a71000-2ab631a7d000 r--p 00000000 3d8:ad14e 144134765124036623     /work2/11056/zwu/frontera/miniconda3/envs/libyt/lib/python3.13/site-packages/yt/geometry/particle_oct_container.cpython-313-x86_64-linux-gnu.so
2ab631a7d000-2ab631b18000 r-xp 0000c000 3d8:ad14e 144134765124036623     /work2/11056/zwu/frontera/miniconda3/envs/libyt/lib/python3.13/site-packages/yt/geometry/particle_oct_container.cpython-313-x86_64-linux-gnu.so
2ab631b18000-2ab631b2c000 r--p 000a7000 3d8:ad14e 144134765124036623     /work2/11056/zwu/frontera/miniconda3/envs/libyt/lib/python3.13/site-packages/yt/geometry/particle_oct_container.cpython-313-x86_64-linux-gnu.so
2ab631b2c000-2ab631b2e000 r--p 000ba000 3d8:ad14e 144134765124036623     /work2/11056/zwu/frontera/miniconda3/envs/libyt/lib/python3.13/site-packages/yt/geometry/particle_oct_container.cpython-313-x86_64-linux-gnu.so
2ab631b2e000-2ab631b32000 rw-p 000bc000 3d8:ad14e 144134765124036623     /work2/11056/zwu/frontera/miniconda3/envs/libyt/lib/python3.13/site-packages/yt/geometry/particle_oct_container.cpython-313-x86_64-linux-gnu.so
2ab631b32000-2ab631c34000 rw-p 00000000 00:00 0 
2ab631c34000-2ab631c3f000 r--p 00000000 3d8:ad14e 144131832097572340     /work2/11056/zwu/frontera/miniconda3/envs/libyt/lib/python3.13/site-packages/ewah_bool_utils/ewah_bool_wrap.cpython-313-x86_64-linux-gnu.so
2ab631c3f000-2ab631c8d000 r-xp 0000b000 3d8:ad14e 144131832097572340     /work2/11056/zwu/frontera/miniconda3/envs/libyt/lib/python3.13/site-packages/ewah_bool_utils/ewah_bool_wrap.cpython-313-x86_64-linux-gnu.so
2ab631c8d000-2ab631c9d000 r--p 00059000 3d8:ad14e 144131832097572340     /work2/11056/zwu/frontera/miniconda3/envs/libyt/lib/python3.13/site-packages/ewah_bool_utils/ewah_bool_wrap.cpython-313-x86_64-linux-gnu.so
2ab631c9d000-2ab631c9f000 r--p 00069000 3d8:ad14e 144131832097572340     /work2/11056/zwu/frontera/miniconda3/envs/libyt/lib/python3.13/site-packages/ewah_bool_utils/ewah_bool_wrap.cpython-313-x86_64-linux-gnu.so
2ab631c9f000-2ab631ca2000 rw-p 0006b000 3d8:ad14e 144131832097572340     /work2/11056/zwu/frontera/miniconda3/envs/libyt/lib/python3.13/site-packages/ewah_bool_utils/ewah_bool_wrap.cpython-313-x86_64-linux-gnu.so
2ab631ca2000-2ab631ca4000 rw-p 00000000 00:00 0 
2ab631ca4000-2ab631ca9000 r--p 00000000 3d8:ad14e 144131832097572337     /work2/11056/zwu/frontera/miniconda3/envs/libyt/lib/python3.13/site-packages/ewah_bool_utils/morton_utils.cpython-313-x86_64-linux-gnu.so
2ab631ca9000-2ab631cbf000 r-xp 00005000 3d8:ad14e 144131832097572337     /work2/11056/zwu/frontera/miniconda3/envs/libyt/lib/python3.13/site-packages/ewah_bool_utils/morton_utils.cpython-313-x86_64-linux-gnu.so
2ab631cbf000-2ab631cc4000 r--p 0001b000 3d8:ad14e 144131832097572337     /work2/11056/zwu/frontera/miniconda3/envs/libyt/lib/python3.13/site-packages/ewah_bool_utils/morton_utils.cpython-313-x86_64-linux-gnu.so
2ab631cc4000-2ab631cc5000 r--p 00020000 3d8:ad14e 144131832097572337     /work2/11056/zwu/frontera/miniconda3/envs/libyt/lib/python3.13/site-packages/ewah_bool_utils/morton_utils.cpython-313-x86_64-linux-gnu.so
2ab631cc5000-2ab631cc6000 rw-p 00021000 3d8:ad14e 144131832097572337     /work2/11056/zwu/frontera/miniconda3/envs/libyt/lib/python3.13/site-packages/ewah_bool_utils/morton_utils.cpython-313-x86_64-linux-gnu.so
2ab631cc6000-2ab631cc7000 rw-p 00000000 00:00 0 
2ab631cc7000-2ab631cd0000 r--p 00000000 3d8:ad14e 144134765124036053     /work2/11056/zwu/frontera/miniconda3/envs/libyt/lib/python3.13/site-packages/yt/utilities/lib/geometry_utils.cpython-313-x86_64-linux-gnu.so
2ab631cd0000-2ab631d70000 r-xp 00009000 3d8:ad14e 144134765124036053     /work2/11056/zwu/frontera/miniconda3/envs/libyt/lib/python3.13/site-packages/yt/utilities/lib/geometry_utils.cpython-313-x86_64-linux-gnu.so
2ab631d70000-2ab631d7d000 r--p 000a9000 3d8:ad14e 144134765124036053     /work2/11056/zwu/frontera/miniconda3/envs/libyt/lib/python3.13/site-packages/yt/utilities/lib/geometry_utils.cpython-313-x86_64-linux-gnu.so
2ab631d7d000-2ab631d7f000 r--p 000b5000 3d8:ad14e 144134765124036053     /work2/11056/zwu/frontera/miniconda3/envs/libyt/lib/python3.13/site-packages/yt/utilities/lib/geometry_utils.cpython-313-x86_64-linux-gnu.so
2ab631d7f000-2ab631d81000 rw-p 000b7000 3d8:ad14e 144134765124036053     /work2/11056/zwu/frontera/miniconda3/envs/libyt/lib/python3.13/site-packages/yt/utilities/lib/geometry_utils.cpython-313-x86_64-linux-gnu.so
2ab631d81000-2ab631d83000 rw-p 00000000 00:00 0 
2ab631d83000-2ab631d8d000 r--p 00000000 3d8:ad14e 144134765124036802     /work2/11056/zwu/frontera/miniconda3/envs/libyt/lib/python3.13/site-packages/yt/utilities/lib/pixelization_routines.cpython-313-x86_64-linux-gnu.so
2ab631d8d000-2ab631e33000 r-xp 0000a000 3d8:ad14e 144134765124036802     /work2/11056/zwu/frontera/miniconda3/envs/libyt/lib/python3.13/site-packages/yt/utilities/lib/pixelization_routines.cpython-313-x86_64-linux-gnu.so
2ab631e33000-2ab631e41000 r--p 000b0000 3d8:ad14e 144134765124036802     /work2/11056/zwu/frontera/miniconda3/envs/libyt/lib/python3.13/site-packages/yt/utilities/lib/pixelization_routines.cpython-313-x86_64-linux-gnu.so
2ab631e41000-2ab631e43000 r--p 000bd000 3d8:ad14e 144134765124036802     /work2/11056/zwu/frontera/miniconda3/envs/libyt/lib/python3.13/site-packages/yt/utilities/lib/pixelization_routines.cpython-313-x86_64-linux-gnu.so
2ab631e43000-2ab631e45000 rw-p 000bf000 3d8:ad14e 144134765124036802     /work2/11056/zwu/frontera/miniconda3/envs/libyt/lib/python3.13/site-packages/yt/utilities/lib/pixelization_routines.cpython-313-x86_64-linux-gnu.so
2ab631e45000-2ab631e47000 rw-p 00000000 00:00 0 
2ab631e47000-2ab631e4f000 r--p 00000000 3d8:ad14e 144134765124034210     /work2/11056/zwu/frontera/miniconda3/envs/libyt/lib/python3.13/site-packages/yt/utilities/lib/element_mappings.cpython-313-x86_64-linux-gnu.so
2ab631e4f000-2ab631e8c000 r-xp 00008000 3d8:ad14e 144134765124034210     /work2/11056/zwu/frontera/miniconda3/envs/libyt/lib/python3.13/site-packages/yt/utilities/lib/element_mappings.cpython-313-x86_64-linux-gnu.so
2ab631e8c000-2ab631e98000 r--p 00045000 3d8:ad14e 144134765124034210     /work2/11056/zwu/frontera/miniconda3/envs/libyt/lib/python3.13/site-packages/yt/utilities/lib/element_mappings.cpython-313-x86_64-linux-gnu.so
2ab631e98000-2ab631e99000 r--p 00051000 3d8:ad14e 144134765124034210     /work2/11056/zwu/frontera/miniconda3/envs/libyt/lib/python3.13/site-packages/yt/utilities/lib/element_mappings.cpython-313-x86_64-linux-gnu.so
2ab631e99000-2ab631e9d000 rw-p 00052000 3d8:ad14e 144134765124034210     /work2/11056/zwu/frontera/miniconda3/envs/libyt/lib/python3.13/site-packages/yt/utilities/lib/element_mappings.cpython-313-x86_64-linux-gnu.so
2ab631e9d000-2ab631e9e000 rw-p 00000000 00:00 0 
2ab631e9e000-2ab631ea0000 r--p 00000000 3d8:ad14e 144134765124036546     /work2/11056/zwu/frontera/miniconda3/envs/libyt/lib/python3.13/site-packages/yt/utilities/lib/autogenerated_element_samplers.cpython-313-x86_64-linux-gnu.so
2ab631ea0000-2ab631ea4000 r-xp 00002000 3d8:ad14e 144134765124036546     /work2/11056/zwu/frontera/miniconda3/envs/libyt/lib/python3.13/site-packages/yt/utilities/lib/autogenerated_element_samplers.cpython-313-x86_64-linux-gnu.so
2ab631ea4000-2ab631ea5000 r--p 00006000 3d8:ad14e 144134765124036546     /work2/11056/zwu/frontera/miniconda3/envs/libyt/lib/python3.13/site-packages/yt/utilities/lib/autogenerated_element_samplers.cpython-313-x86_64-linux-gnu.so
2ab631ea5000-2ab631ea6000 r--p 00006000 3d8:ad14e 144134765124036546     /work2/11056/zwu/frontera/miniconda3/envs/libyt/lib/python3.13/site-packages/yt/utilities/lib/autogenerated_element_samplers.cpython-313-x86_64-linux-gnu.so
2ab631ea6000-2ab631ea7000 rw-p 00007000 3d8:ad14e 144134765124036546     /work2/11056/zwu/frontera/miniconda3/envs/libyt/lib/python3.13/site-packages/yt/utilities/lib/autogenerated_element_samplers.cpython-313-x86_64-linux-gnu.so
2ab631ea7000-2ab631eae000 r--p 00000000 3d8:ad14e 144134765124036309     /work2/11056/zwu/frontera/miniconda3/envs/libyt/lib/python3.13/site-packages/yt/utilities/lib/bounded_priority_queue.cpython-313-x86_64-linux-gnu.so
2ab631eae000-2ab631ed5000 r-xp 00007000 3d8:ad14e 144134765124036309     /work2/11056/zwu/frontera/miniconda3/envs/libyt/lib/python3.13/site-packages/yt/utilities/lib/bounded_priority_queue.cpython-313-x86_64-linux-gnu.so
2ab631ed5000-2ab631edd000 r--p 0002e000 3d8:ad14e 144134765124036309     /work2/11056/zwu/frontera/miniconda3/envs/libyt/lib/python3.13/site-packages/yt/utilities/lib/bounded_priority_queue.cpython-313-x86_64-linux-gnu.so
2ab631edd000-2ab631ede000 r--p 00036000 3d8:ad14e 144134765124036309     /work2/11056/zwu/frontera/miniconda3/envs/libyt/lib/python3.13/site-packages/yt/utilities/lib/bounded_priority_queue.cpython-313-x86_64-linux-gnu.so
2ab631ede000-2ab631ee0000 rw-p 00037000 3d8:ad14e 144134765124036309     /work2/11056/zwu/frontera/miniconda3/envs/libyt/lib/python3.13/site-packages/yt/utilities/lib/bounded_priority_queue.cpython-313-x86_64-linux-gnu.so
2ab631ee0000-2ab631ee1000 rw-p 00000000 00:00 0 
2ab631ee1000-2ab631eea000 r--p 00000000 3d8:ad14e 144134765124036156     /work2/11056/zwu/frontera/miniconda3/envs/libyt/lib/python3.13/site-packages/yt/utilities/lib/cykdtree/kdtree.cpython-313-x86_64-linux-gnu.so
2ab631eea000-2ab631f26000 r-xp 00009000 3d8:ad14e 144134765124036156     /work2/11056/zwu/frontera/miniconda3/envs/libyt/lib/python3.13/site-packages/yt/utilities/lib/cykdtree/kdtree.cpython-313-x86_64-linux-gnu.so
2ab631f26000-2ab631f32000 r--p 00045000 3d8:ad14e 144134765124036156     /work2/11056/zwu/frontera/miniconda3/envs/libyt/lib/python3.13/site-packages/yt/utilities/lib/cykdtree/kdtree.cpython-313-x86_64-linux-gnu.so
2ab631f32000-2ab631f34000 r--p 00050000 3d8:ad14e 144134765124036156     /work2/11056/zwu/frontera/miniconda3/envs/libyt/lib/python3.13/site-packages/yt/utilities/lib/cykdtree/kdtree.cpython-313-x86_64-linux-gnu.so
2ab631f34000-2ab631f37000 rw-p 00052000 3d8:ad14e 144134765124036156     /work2/11056/zwu/frontera/miniconda3/envs/libyt/lib/python3.13/site-packages/yt/utilities/lib/cykdtree/kdtree.cpython-313-x86_64-linux-gnu.so
2ab631f37000-2ab631f3e000 r--p 00000000 3d8:ad14e 144134765124036969     /work2/11056/zwu/frontera/miniconda3/envs/libyt/lib/python3.13/site-packages/yt/utilities/lib/particle_kdtree_tools.cpython-313-x86_64-linux-gnu.so
2ab631f3e000-2ab631f62000 r-xp 00007000 3d8:ad14e 144134765124036969     /work2/11056/zwu/frontera/miniconda3/envs/libyt/lib/python3.13/site-packages/yt/utilities/lib/particle_kdtree_tools.cpython-313-x86_64-linux-gnu.so
2ab631f62000-2ab631f6a000 r--p 0002b000 3d8:ad14e 144134765124036969     /work2/11056/zwu/frontera/miniconda3/envs/libyt/lib/python3.13/site-packages/yt/utilities/lib/particle_kdtree_tools.cpython-313-x86_64-linux-gnu.so
2ab631f6a000-2ab631f6b000 r--p 00033000 3d8:ad14e 144134765124036969     /work2/11056/zwu/frontera/miniconda3/envs/libyt/lib/python3.13/site-packages/yt/utilities/lib/particle_kdtree_tools.cpython-313-x86_64-linux-gnu.so
2ab631f6b000-2ab631f6d000 rw-p 00034000 3d8:ad14e 144134765124036969     /work2/11056/zwu/frontera/miniconda3/envs/libyt/lib/python3.13/site-packages/yt/utilities/lib/particle_kdtree_tools.cpython-313-x86_64-linux-gnu.so
2ab631f6d000-2ab631f74000 r--p 00000000 3d8:ad14e 144134765124036844     /work2/11056/zwu/frontera/miniconda3/envs/libyt/lib/python3.13/site-packages/yt/utilities/lib/cyoctree.cpython-313-x86_64-linux-gnu.so
2ab631f74000-2ab631fa1000 r-xp 00007000 3d8:ad14e 144134765124036844     /work2/11056/zwu/frontera/miniconda3/envs/libyt/lib/python3.13/site-packages/yt/utilities/lib/cyoctree.cpython-313-x86_64-linux-gnu.so
2ab631fa1000-2ab631faa000 r--p 00034000 3d8:ad14e 144134765124036844     /work2/11056/zwu/frontera/miniconda3/envs/libyt/lib/python3.13/site-packages/yt/utilities/lib/cyoctree.cpython-313-x86_64-linux-gnu.so
2ab631faa000-2ab631fab000 r--p 0003d000 3d8:ad14e 144134765124036844     /work2/11056/zwu/frontera/miniconda3/envs/libyt/lib/python3.13/site-packages/yt/utilities/lib/cyoctree.cpython-313-x86_64-linux-gnu.so
2ab631fab000-2ab631fad000 rw-p 0003e000 3d8:ad14e 144134765124036844     /work2/11056/zwu/frontera/miniconda3/envs/libyt/lib/python3.13/site-packages/yt/utilities/lib/cyoctree.cpython-313-x86_64-linux-gnu.so
2ab631fad000-2ab6320ae000 rw-p 00000000 00:00 0 
2ab6320ae000-2ab6320b5000 r--p 00000000 3d8:ad14e 144134765124035799     /work2/11056/zwu/frontera/miniconda3/envs/libyt/lib/python3.13/site-packages/yt/utilities/lib/bounding_volume_hierarchy.cpython-313-x86_64-linux-gnu.so
2ab6320b5000-2ab6320d6000 r-xp 00007000 3d8:ad14e 144134765124035799     /work2/11056/zwu/frontera/miniconda3/envs/libyt/lib/python3.13/site-packages/yt/utilities/lib/bounding_volume_hierarchy.cpython-313-x86_64-linux-gnu.so
2ab6320d6000-2ab6320de000 r--p 00028000 3d8:ad14e 144134765124035799     /work2/11056/zwu/frontera/miniconda3/envs/libyt/lib/python3.13/site-packages/yt/utilities/lib/bounding_volume_hierarchy.cpython-313-x86_64-linux-gnu.so
2ab6320de000-2ab6320df000 r--p 00030000 3d8:ad14e 144134765124035799     /work2/11056/zwu/frontera/miniconda3/envs/libyt/lib/python3.13/site-packages/yt/utilities/lib/bounding_volume_hierarchy.cpython-313-x86_64-linux-gnu.so
2ab6320df000-2ab6320e1000 rw-p 00031000 3d8:ad14e 144134765124035799     /work2/11056/zwu/frontera/miniconda3/envs/libyt/lib/python3.13/site-packages/yt/utilities/lib/bounding_volume_hierarchy.cpython-313-x86_64-linux-gnu.so
2ab6320e1000-2ab6320e2000 rw-p 00000000 00:00 0 
2ab6320e2000-2ab6320e4000 r--p 00000000 3d8:ad14e 144134765124037060     /work2/11056/zwu/frontera/miniconda3/envs/libyt/lib/python3.13/site-packages/yt/utilities/lib/primitives.cpython-313-x86_64-linux-gnu.so
2ab6320e4000-2ab6320ea000 r-xp 00002000 3d8:ad14e 144134765124037060     /work2/11056/zwu/frontera/miniconda3/envs/libyt/lib/python3.13/site-packages/yt/utilities/lib/primitives.cpython-313-x86_64-linux-gnu.so
2ab6320ea000-2ab6320ec000 r--p 00008000 3d8:ad14e 144134765124037060     /work2/11056/zwu/frontera/miniconda3/envs/libyt/lib/python3.13/site-packages/yt/utilities/lib/primitives.cpython-313-x86_64-linux-gnu.so
2ab6320ec000-2ab6320ed000 r--p 00009000 3d8:ad14e 144134765124037060     /work2/11056/zwu/frontera/miniconda3/envs/libyt/lib/python3.13/site-packages/yt/utilities/lib/primitives.cpython-313-x86_64-linux-gnu.so
2ab6320ed000-2ab6320ee000 rw-p 0000a000 3d8:ad14e 144134765124037060     /work2/11056/zwu/frontera/miniconda3/envs/libyt/lib/python3.13/site-packages/yt/utilities/lib/primitives.cpython-313-x86_64-linux-gnu.so
2ab6320ee000-2ab6320f3000 r--p 00000000 3d8:ad14e 144134765124037015     /work2/11056/zwu/frontera/miniconda3/envs/libyt/lib/python3.13/site-packages/yt/utilities/lib/basic_octree.cpython-313-x86_64-linux-gnu.so
2ab6320f3000-2ab632107000 r-xp 00005000 3d8:ad14e 144134765124037015     /work2/11056/zwu/frontera/miniconda3/envs/libyt/lib/python3.13/site-packages/yt/utilities/lib/basic_octree.cpython-313-x86_64-linux-gnu.so
2ab632107000-2ab63210c000 r--p 00019000 3d8:ad14e 144134765124037015     /work2/11056/zwu/frontera/miniconda3/envs/libyt/lib/python3.13/site-packages/yt/utilities/lib/basic_octree.cpython-313-x86_64-linux-gnu.so
2ab63210c000-2ab63210d000 r--p 0001e000 3d8:ad14e 144134765124037015     /work2/11056/zwu/frontera/miniconda3/envs/libyt/lib/python3.13/site-packages/yt/utilities/lib/basic_octree.cpython-313-x86_64-linux-gnu.so
2ab63210d000-2ab63210e000 rw-p 0001f000 3d8:ad14e 144134765124037015     /work2/11056/zwu/frontera/miniconda3/envs/libyt/lib/python3.13/site-packages/yt/utilities/lib/basic_octree.cpython-313-x86_64-linux-gnu.so
2ab63210e000-2ab63210f000 rw-p 00000000 00:00 0 
2ab63210f000-2ab632117000 r--p 00000000 3d8:ad14e 144134765124036296     /work2/11056/zwu/frontera/miniconda3/envs/libyt/lib/python3.13/site-packages/yt/utilities/lib/contour_finding.cpython-313-x86_64-linux-gnu.so
2ab632117000-2ab63215a000 r-xp 00008000 3d8:ad14e 144134765124036296     /work2/11056/zwu/frontera/miniconda3/envs/libyt/lib/python3.13/site-packages/yt/utilities/lib/contour_finding.cpython-313-x86_64-linux-gnu.so
2ab63215a000-2ab632165000 r--p 0004b000 3d8:ad14e 144134765124036296     /work2/11056/zwu/frontera/miniconda3/envs/libyt/lib/python3.13/site-packages/yt/utilities/lib/contour_finding.cpython-313-x86_64-linux-gnu.so
2ab632165000-2ab632167000 r--p 00055000 3d8:ad14e 144134765124036296     /work2/11056/zwu/frontera/miniconda3/envs/libyt/lib/python3.13/site-packages/yt/utilities/lib/contour_finding.cpython-313-x86_64-linux-gnu.so
2ab632167000-2ab63216a000 rw-p 00057000 3d8:ad14e 144134765124036296     /work2/11056/zwu/frontera/miniconda3/envs/libyt/lib/python3.13/site-packages/yt/utilities/lib/contour_finding.cpython-313-x86_64-linux-gnu.so
2ab63216a000-2ab63216b000 rw-p 00000000 00:00 0 
2ab63216b000-2ab632170000 r--p 00000000 3d8:ad14e 144134765124036963     /work2/11056/zwu/frontera/miniconda3/envs/libyt/lib/python3.13/site-packages/yt/utilities/lib/depth_first_octree.cpython-313-x86_64-linux-gnu.so
2ab632170000-2ab632183000 r-xp 00005000 3d8:ad14e 144134765124036963     /work2/11056/zwu/frontera/miniconda3/envs/libyt/lib/python3.13/site-packages/yt/utilities/lib/depth_first_octree.cpython-313-x86_64-linux-gnu.so
2ab632183000-2ab632188000 r--p 00018000 3d8:ad14e 144134765124036963     /work2/11056/zwu/frontera/miniconda3/envs/libyt/lib/python3.13/site-packages/yt/utilities/lib/depth_first_octree.cpython-313-x86_64-linux-gnu.so
2ab632188000-2ab632189000 r--p 0001c000 3d8:ad14e 144134765124036963     /work2/11056/zwu/frontera/miniconda3/envs/libyt/lib/python3.13/site-packages/yt/utilities/lib/depth_first_octree.cpython-313-x86_64-linux-gnu.so
2ab632189000-2ab63218b000 rw-p 0001d000 3d8:ad14e 144134765124036963     /work2/11056/zwu/frontera/miniconda3/envs/libyt/lib/python3.13/site-packages/yt/utilities/lib/depth_first_octree.cpython-313-x86_64-linux-gnu.so
2ab63218b000-2ab632190000 r--p 00000000 3d8:ad14e 144134765124035794     /work2/11056/zwu/frontera/miniconda3/envs/libyt/lib/python3.13/site-packages/yt/utilities/lib/fortran_reader.cpython-313-x86_64-linux-gnu.so
2ab632190000-2ab6321a2000 r-xp 00005000 3d8:ad14e 144134765124035794     /work2/11056/zwu/frontera/miniconda3/envs/libyt/lib/python3.13/site-packages/yt/utilities/lib/fortran_reader.cpython-313-x86_64-linux-gnu.so
2ab6321a2000-2ab6321a6000 r--p 00017000 3d8:ad14e 144134765124035794     /work2/11056/zwu/frontera/miniconda3/envs/libyt/lib/python3.13/site-packages/yt/utilities/lib/fortran_reader.cpython-313-x86_64-linux-gnu.so
2ab6321a6000-2ab6321a7000 r--p 0001b000 3d8:ad14e 144134765124035794     /work2/11056/zwu/frontera/miniconda3/envs/libyt/lib/python3.13/site-packages/yt/utilities/lib/fortran_reader.cpython-313-x86_64-linux-gnu.so
2ab6321a7000-2ab6321a8000 rw-p 0001c000 3d8:ad14e 144134765124035794     /work2/11056/zwu/frontera/miniconda3/envs/libyt/lib/python3.13/site-packages/yt/utilities/lib/fortran_reader.cpython-313-x86_64-linux-gnu.so
2ab6321a8000-2ab6321ac000 r--p 00000000 3d8:ad14e 144134765124035864     /work2/11056/zwu/frontera/miniconda3/envs/libyt/lib/python3.13/site-packages/yt/utilities/lib/line_integral_convolution.cpython-313-x86_64-linux-gnu.so
2ab6321ac000-2ab6321b5000 r-xp 00004000 3d8:ad14e 144134765124035864     /work2/11056/zwu/frontera/miniconda3/envs/libyt/lib/python3.13/site-packages/yt/utilities/lib/line_integral_convolution.cpython-313-x86_64-linux-gnu.so
2ab6321b5000-2ab6321b8000 r--p 0000d000 3d8:ad14e 144134765124035864     /work2/11056/zwu/frontera/miniconda3/envs/libyt/lib/python3.13/site-packages/yt/utilities/lib/line_integral_convolution.cpython-313-x86_64-linux-gnu.so
2ab6321b8000-2ab6321b9000 r--p 0000f000 3d8:ad14e 144134765124035864     /work2/11056/zwu/frontera/miniconda3/envs/libyt/lib/python3.13/site-packages/yt/utilities/lib/line_integral_convolution.cpython-313-x86_64-linux-gnu.so
2ab6321b9000-2ab6321ba000 rw-p 00010000 3d8:ad14e 144134765124035864     /work2/11056/zwu/frontera/miniconda3/envs/libyt/lib/python3.13/site-packages/yt/utilities/lib/line_integral_convolution.cpython-313-x86_64-linux-gnu.so
2ab6321ba000-2ab6321be000 r--p 00000000 3d8:ad14e 144134765124035838     /work2/11056/zwu/frontera/miniconda3/envs/libyt/lib/python3.13/site-packages/yt/utilities/lib/points_in_volume.cpython-313-x86_64-linux-gnu.so
2ab6321be000-2ab6321ce000 r-xp 00004000 3d8:ad14e 144134765124035838     /work2/11056/zwu/frontera/miniconda3/envs/libyt/lib/python3.13/site-packages/yt/utilities/lib/points_in_volume.cpython-313-x86_64-linux-gnu.so
2ab6321ce000-2ab6321d2000 r--p 00014000 3d8:ad14e 144134765124035838     /work2/11056/zwu/frontera/miniconda3/envs/libyt/lib/python3.13/site-packages/yt/utilities/lib/points_in_volume.cpython-313-x86_64-linux-gnu.so
2ab6321d2000-2ab6321d3000 r--p 00017000 3d8:ad14e 144134765124035838     /work2/11056/zwu/frontera/miniconda3/envs/libyt/lib/python3.13/site-packages/yt/utilities/lib/points_in_volume.cpython-313-x86_64-linux-gnu.so
2ab6321d3000-2ab6321d4000 rw-p 00018000 3d8:ad14e 144134765124035838     /work2/11056/zwu/frontera/miniconda3/envs/libyt/lib/python3.13/site-packages/yt/utilities/lib/points_in_volume.cpython-313-x86_64-linux-gnu.so
2ab6321d4000-2ab6321d8000 r--p 00000000 3d8:ad14e 144134765124035690     /work2/11056/zwu/frontera/miniconda3/envs/libyt/lib/python3.13/site-packages/yt/utilities/lib/write_array.cpython-313-x86_64-linux-gnu.so
2ab6321d8000-2ab6321e3000 r-xp 00004000 3d8:ad14e 144134765124035690     /work2/11056/zwu/frontera/miniconda3/envs/libyt/lib/python3.13/site-packages/yt/utilities/lib/write_array.cpython-313-x86_64-linux-gnu.so
2ab6321e3000-2ab6321e6000 r--p 0000f000 3d8:ad14e 144134765124035690     /work2/11056/zwu/frontera/miniconda3/envs/libyt/lib/python3.13/site-packages/yt/utilities/lib/write_array.cpython-313-x86_64-linux-gnu.so
2ab6321e6000-2ab6321e7000 r--p 00012000 3d8:ad14e 144134765124035690     /work2/11056/zwu/frontera/miniconda3/envs/libyt/lib/python3.13/site-packages/yt/utilities/lib/write_array.cpython-313-x86_64-linux-gnu.so
2ab6321e7000-2ab6321e8000 rw-p 00013000 3d8:ad14e 144134765124035690     /work2/11056/zwu/frontera/miniconda3/envs/libyt/lib/python3.13/site-packages/yt/utilities/lib/write_array.cpython-313-x86_64-linux-gnu.so
2ab6321e8000-2ab6322e8000 rw-p 00000000 00:00 0 
2ab6322e8000-2ab6322ef000 r--p 00000000 3d8:ad14e 144134765124035262     /work2/11056/zwu/frontera/miniconda3/envs/libyt/lib/python3.13/site-packages/yt/utilities/lib/mesh_triangulation.cpython-313-x86_64-linux-gnu.so
2ab6322ef000-2ab632318000 r-xp 00007000 3d8:ad14e 144134765124035262     /work2/11056/zwu/frontera/miniconda3/envs/libyt/lib/python3.13/site-packages/yt/utilities/lib/mesh_triangulation.cpython-313-x86_64-linux-gnu.so
2ab632318000-2ab632320000 r--p 00030000 3d8:ad14e 144134765124035262     /work2/11056/zwu/frontera/miniconda3/envs/libyt/lib/python3.13/site-packages/yt/utilities/lib/mesh_triangulation.cpython-313-x86_64-linux-gnu.so
2ab632320000-2ab632321000 r--p 00038000 3d8:ad14e 144134765124035262     /work2/11056/zwu/frontera/miniconda3/envs/libyt/lib/python3.13/site-packages/yt/utilities/lib/mesh_triangulation.cpython-313-x86_64-linux-gnu.so
2ab632321000-2ab632323000 rw-p 00039000 3d8:ad14e 144134765124035262     /work2/11056/zwu/frontera/miniconda3/envs/libyt/lib/python3.13/site-packages/yt/utilities/lib/mesh_triangulation.cpython-313-x86_64-linux-gnu.so
2ab632323000-2ab632324000 rw-p 00000000 00:00 0 
2ab632324000-2ab632348000 r--p 00000000 3d8:ad14e 144134765124018686     /work2/11056/zwu/frontera/miniconda3/envs/libyt/lib/python3.13/site-packages/mpi4py/MPI.cpython-313-x86_64-linux-gnu.so
2ab632348000-2ab6325e2000 r-xp 00024000 3d8:ad14e 144134765124018686     /work2/11056/zwu/frontera/miniconda3/envs/libyt/lib/python3.13/site-packages/mpi4py/MPI.cpython-313-x86_64-linux-gnu.so
2ab6325e2000-2ab632650000 r--p 002be000 3d8:ad14e 144134765124018686     /work2/11056/zwu/frontera/miniconda3/envs/libyt/lib/python3.13/site-packages/mpi4py/MPI.cpython-313-x86_64-linux-gnu.so
2ab632650000-2ab632651000 r--p 0032c000 3d8:ad14e 144134765124018686     /work2/11056/zwu/frontera/miniconda3/envs/libyt/lib/python3.13/site-packages/mpi4py/MPI.cpython-313-x86_64-linux-gnu.so
2ab632651000-2ab632663000 rw-p 0032d000 3d8:ad14e 144134765124018686     /work2/11056/zwu/frontera/miniconda3/envs/libyt/lib/python3.13/site-packages/mpi4py/MPI.cpython-313-x86_64-linux-gnu.so
2ab632663000-2ab632800000 rw-p 00000000 00:00 0 
2ab632800000-2ab633200000 rw-p 00000000 00:00 0 
2ab633200000-2ab63356b000 rw-p 00000000 00:00 0 
2ab63356b000-2ab63356c000 r--p 00000000 3d8:ad14e 144134881776061359     /work2/11056/zwu/frontera/miniconda3/envs/libyt/lib/python3.13/site-packages/torch/lib/libtorch_global_deps.so
2ab63356c000-2ab63356d000 r-xp 00001000 3d8:ad14e 144134881776061359     /work2/11056/zwu/frontera/miniconda3/envs/libyt/lib/python3.13/site-packages/torch/lib/libtorch_global_deps.so
2ab63356d000-2ab63356e000 r--p 00002000 3d8:ad14e 144134881776061359     /work2/11056/zwu/frontera/miniconda3/envs/libyt/lib/python3.13/site-packages/torch/lib/libtorch_global_deps.so
2ab63356e000-2ab63356f000 r--p 00002000 3d8:ad14e 144134881776061359     /work2/11056/zwu/frontera/miniconda3/envs/libyt/lib/python3.13/site-packages/torch/lib/libtorch_global_deps.so
2ab63356f000-2ab633570000 rw-p 00003000 3d8:ad14e 144134881776061359     /work2/11056/zwu/frontera/miniconda3/envs/libyt/lib/python3.13/site-packages/torch/lib/libtorch_global_deps.so
2ab633570000-2ab633571000 rw-p 00004000 3d8:ad14e 144134881776061359     /work2/11056/zwu/frontera/miniconda3/envs/libyt/lib/python3.13/site-packages/torch/lib/libtorch_global_deps.so
2ab633571000-2ab633572000 rw-p 00005000 3d8:ad14e 144134881776061359     /work2/11056/zwu/frontera/miniconda3/envs/libyt/lib/python3.13/site-packages/torch/lib/libtorch_global_deps.so
2ab633572000-2ab633619000 r-xp 00000000 3d8:ad14e 144134881776058613     /work2/11056/zwu/frontera/miniconda3/envs/libyt/lib/python3.13/site-packages/nvidia/cuda_runtime/lib/libcudart.so.12
2ab633619000-2ab633819000 ---p 000a7000 3d8:ad14e 144134881776058613     /work2/11056/zwu/frontera/miniconda3/envs/libyt/lib/python3.13/site-packages/nvidia/cuda_runtime/lib/libcudart.so.12
2ab633819000-2ab63381e000 r--p 000a7000 3d8:ad14e 144134881776058613     /work2/11056/zwu/frontera/miniconda3/envs/libyt/lib/python3.13/site-packages/nvidia/cuda_runtime/lib/libcudart.so.12
2ab63381e000-2ab63381f000 rw-p 000ac000 3d8:ad14e 144134881776058613     /work2/11056/zwu/frontera/miniconda3/envs/libyt/lib/python3.13/site-packages/nvidia/cuda_runtime/lib/libcudart.so.12
2ab63381f000-2ab633821000 rw-p 00000000 00:00 0 
2ab633821000-2ab633846000 r-xp 00000000 3d8:ad14e 144134881776061357     /work2/11056/zwu/frontera/miniconda3/envs/libyt/lib/python3.13/site-packages/torch/lib/libgomp-a34b3233.so.1
2ab633846000-2ab633a45000 ---p 00025000 3d8:ad14e 144134881776061357     /work2/11056/zwu/frontera/miniconda3/envs/libyt/lib/python3.13/site-packages/torch/lib/libgomp-a34b3233.so.1
2ab633a45000-2ab633a46000 r--p 00024000 3d8:ad14e 144134881776061357     /work2/11056/zwu/frontera/miniconda3/envs/libyt/lib/python3.13/site-packages/torch/lib/libgomp-a34b3233.so.1
2ab633a46000-2ab633a47000 rw-p 00025000 3d8:ad14e 144134881776061357     /work2/11056/zwu/frontera/miniconda3/envs/libyt/lib/python3.13/site-packages/torch/lib/libgomp-a34b3233.so.1
2ab633a47000-2ab633a4b000 rw-p 00026000 3d8:ad14e 144134881776061357     /work2/11056/zwu/frontera/miniconda3/envs/libyt/lib/python3.13/site-packages/torch/lib/libgomp-a34b3233.so.1
2ab633a4b000-2ab636ce3000 r-xp 00000000 3d8:ad14e 144134881776058638     /work2/11056/zwu/frontera/miniconda3/envs/libyt/lib/python3.13/site-packages/nvidia/cuda_nvrtc/lib/libnvrtc.so.12
2ab636ce3000-2ab636ee3000 ---p 03298000 3d8:ad14e 144134881776058638     /work2/11056/zwu/frontera/miniconda3/envs/libyt/lib/python3.13/site-packages/nvidia/cuda_nvrtc/lib/libnvrtc.so.12
2ab636ee3000-2ab637502000 r--p 03298000 3d8:ad14e 144134881776058638     /work2/11056/zwu/frontera/miniconda3/envs/libyt/lib/python3.13/site-packages/nvidia/cuda_nvrtc/lib/libnvrtc.so.12
2ab637502000-2ab6375e7000 rw-p 038b7000 3d8:ad14e 144134881776058638     /work2/11056/zwu/frontera/miniconda3/envs/libyt/lib/python3.13/site-packages/nvidia/cuda_nvrtc/lib/libnvrtc.so.12
2ab6375e7000-2ab6376e6000 rw-p 00000000 00:00 0 
2ab6376e6000-2ab6376e8000 rw-p 0399d000 3d8:ad14e 144134881776058638     /work2/11056/zwu/frontera/miniconda3/envs/libyt/lib/python3.13/site-packages/nvidia/cuda_nvrtc/lib/libnvrtc.so.12
2ab6376e8000-2ab63a3c5000 r-xp 00000000 3d8:ad14e 144134881776058404     /work2/11056/zwu/frontera/miniconda3/envs/libyt/lib/python3.13/site-packages/nvidia/nvjitlink/lib/libnvJitLink.so.12
2ab63a3c5000-2ab63a5c5000 ---p 02cdd000 3d8:ad14e 144134881776058404     /work2/11056/zwu/frontera/miniconda3/envs/libyt/lib/python3.13/site-packages/nvidia/nvjitlink/lib/libnvJitLink.so.12
2ab63a5c5000-2ab63ab92000 r--p 02cdd000 3d8:ad14e 144134881776058404     /work2/11056/zwu/frontera/miniconda3/envs/libyt/lib/python3.13/site-packages/nvidia/nvjitlink/lib/libnvJitLink.so.12
2ab63ab92000-2ab63ac05000 rw-p 032aa000 3d8:ad14e 144134881776058404     /work2/11056/zwu/frontera/miniconda3/envs/libyt/lib/python3.13/site-packages/nvidia/nvjitlink/lib/libnvJitLink.so.12
2ab63ac05000-2ab63ac7b000 rw-p 00000000 00:00 0 
2ab63ac7b000-2ab63ac7c000 r--p 00000000 3d8:ad14e 144134881776071753     /work2/11056/zwu/frontera/miniconda3/envs/libyt/lib/python3.13/site-packages/torch/_C.cpython-313-x86_64-linux-gnu.so
2ab63ac7c000-2ab63ac7d000 r-xp 00001000 3d8:ad14e 144134881776071753     /work2/11056/zwu/frontera/miniconda3/envs/libyt/lib/python3.13/site-packages/torch/_C.cpython-313-x86_64-linux-gnu.so
2ab63ac7d000-2ab63ac7e000 r--p 00002000 3d8:ad14e 144134881776071753     /work2/11056/zwu/frontera/miniconda3/envs/libyt/lib/python3.13/site-packages/torch/_C.cpython-313-x86_64-linux-gnu.so
2ab63ac7e000-2ab63ac7f000 r--p 00002000 3d8:ad14e 144134881776071753     /work2/11056/zwu/frontera/miniconda3/envs/libyt/lib/python3.13/site-packages/torch/_C.cpython-313-x86_64-linux-gnu.so
2ab63ac7f000-2ab63ac80000 rw-p 00003000 3d8:ad14e 144134881776071753     /work2/11056/zwu/frontera/miniconda3/envs/libyt/lib/python3.13/site-packages/torch/_C.cpython-313-x86_64-linux-gnu.so
2ab63ac80000-2ab63ac81000 rw-p 00008000 3d8:ad14e 144134881776071753     /work2/11056/zwu/frontera/miniconda3/envs/libyt/lib/python3.13/site-packages/torch/_C.cpython-313-x86_64-linux-gnu.so
2ab63ac81000-2ab63af1c000 r--p 00000000 3d8:ad14e 144134881776061358     /work2/11056/zwu/frontera/miniconda3/envs/libyt/lib/python3.13/site-packages/torch/lib/libtorch_python.so
2ab63af1c000-2ab63bbc0000 r-xp 0029b000 3d8:ad14e 144134881776061358     /work2/11056/zwu/frontera/miniconda3/envs/libyt/lib/python3.13/site-packages/torch/lib/libtorch_python.so
2ab63bbc0000-2ab63bf9e000 r--p 00f3f000 3d8:ad14e 144134881776061358     /work2/11056/zwu/frontera/miniconda3/envs/libyt/lib/python3.13/site-packages/torch/lib/libtorch_python.so
2ab63bf9e000-2ab63bf9f000 ---p 0131d000 3d8:ad14e 144134881776061358     /work2/11056/zwu/frontera/miniconda3/envs/libyt/lib/python3.13/site-packages/torch/lib/libtorch_python.so
2ab63bf9f000-2ab63bfc0000 r--p 0131d000 3d8:ad14e 144134881776061358     /work2/11056/zwu/frontera/miniconda3/envs/libyt/lib/python3.13/site-packages/torch/lib/libtorch_python.so
2ab63bfc0000-2ab63c021000 rw-p 0133e000 3d8:ad14e 144134881776061358     /work2/11056/zwu/frontera/miniconda3/envs/libyt/lib/python3.13/site-packages/torch/lib/libtorch_python.so
2ab63c021000-2ab63c08b000 rw-p 00000000 00:00 0 
2ab63c08b000-2ab63c1fe000 rw-p 01abe000 3d8:ad14e 144134881776061358     /work2/11056/zwu/frontera/miniconda3/envs/libyt/lib/python3.13/site-packages/torch/lib/libtorch_python.so
2ab63c1fe000-2ab63c20a000 r--p 00000000 3d8:ad14e 144134881776061363     /work2/11056/zwu/frontera/miniconda3/envs/libyt/lib/python3.13/site-packages/torch/lib/libtorch.so
2ab63c20a000-2ab63c215000 r-xp 0000c000 3d8:ad14e 144134881776061363     /work2/11056/zwu/frontera/miniconda3/envs/libyt/lib/python3.13/site-packages/torch/lib/libtorch.so
2ab63c215000-2ab63c21a000 r--p 00017000 3d8:ad14e 144134881776061363     /work2/11056/zwu/frontera/miniconda3/envs/libyt/lib/python3.13/site-packages/torch/lib/libtorch.so
2ab63c21a000-2ab63c21b000 ---p 0001c000 3d8:ad14e 144134881776061363     /work2/11056/zwu/frontera/miniconda3/envs/libyt/lib/python3.13/site-packages/torch/lib/libtorch.so
2ab63c21b000-2ab63c21c000 r--p 0001c000 3d8:ad14e 144134881776061363     /work2/11056/zwu/frontera/miniconda3/envs/libyt/lib/python3.13/site-packages/torch/lib/libtorch.so
2ab63c21c000-2ab63c21d000 rw-p 0001d000 3d8:ad14e 144134881776061363     /work2/11056/zwu/frontera/miniconda3/envs/libyt/lib/python3.13/site-packages/torch/lib/libtorch.so
2ab63c21d000-2ab63c224000 rw-p 00029000 3d8:ad14e 144134881776061363     /work2/11056/zwu/frontera/miniconda3/envs/libyt/lib/python3.13/site-packages/torch/lib/libtorch.so
2ab63c224000-2ab63c227000 r--p 00000000 3d8:ad14e 144134881776061364     /work2/11056/zwu/frontera/miniconda3/envs/libyt/lib/python3.13/site-packages/torch/lib/libshm.so
2ab63c227000-2ab63c22a000 r-xp 00003000 3d8:ad14e 144134881776061364     /work2/11056/zwu/frontera/miniconda3/envs/libyt/lib/python3.13/site-packages/torch/lib/libshm.so
2ab63c22a000-2ab63c22b000 r--p 00006000 3d8:ad14e 144134881776061364     /work2/11056/zwu/frontera/miniconda3/envs/libyt/lib/python3.13/site-packages/torch/lib/libshm.so
2ab63c22b000-2ab63c22c000 ---p 00007000 3d8:ad14e 144134881776061364     /work2/11056/zwu/frontera/miniconda3/envs/libyt/lib/python3.13/site-packages/torch/lib/libshm.so
2ab63c22c000-2ab63c22d000 r--p 00007000 3d8:ad14e 144134881776061364     /work2/11056/zwu/frontera/miniconda3/envs/libyt/lib/python3.13/site-packages/torch/lib/libshm.so
2ab63c22d000-2ab63c22e000 rw-p 00008000 3d8:ad14e 144134881776061364     /work2/11056/zwu/frontera/miniconda3/envs/libyt/lib/python3.13/site-packages/torch/lib/libshm.so
2ab63c22e000-2ab63c22f000 rw-p 0000b000 3d8:ad14e 144134881776061364     /work2/11056/zwu/frontera/miniconda3/envs/libyt/lib/python3.13/site-packages/torch/lib/libshm.so
2ab63c22f000-2ab63c230000 rw-p 0000c000 3d8:ad14e 144134881776061364     /work2/11056/zwu/frontera/miniconda3/envs/libyt/lib/python3.13/site-packages/torch/lib/libshm.so
2ab63c230000-2ab63d20c000 r--p 00000000 3d8:ad14e 144134881776061362     /work2/11056/zwu/frontera/miniconda3/envs/libyt/lib/python3.13/site-packages/torch/lib/libtorch_cpu.so
2ab63d20c000-2ab64d971000 r-xp 00fdc000 3d8:ad14e 144134881776061362     /work2/11056/zwu/frontera/miniconda3/envs/libyt/lib/python3.13/site-packages/torch/lib/libtorch_cpu.so
2ab64d971000-2ab6502f3000 r--p 11741000 3d8:ad14e 144134881776061362     /work2/11056/zwu/frontera/miniconda3/envs/libyt/lib/python3.13/site-packages/torch/lib/libtorch_cpu.so
2ab6502f3000-2ab6502f4000 ---p 140c3000 3d8:ad14e 144134881776061362     /work2/11056/zwu/frontera/miniconda3/envs/libyt/lib/python3.13/site-packages/torch/lib/libtorch_cpu.so
2ab6502f4000-2ab65054c000 r--p 140c3000 3d8:ad14e 144134881776061362     /work2/11056/zwu/frontera/miniconda3/envs/libyt/lib/python3.13/site-packages/torch/lib/libtorch_cpu.so
2ab65054c000-2ab650609000 rw-p 1431b000 3d8:ad14e 144134881776061362     /work2/11056/zwu/frontera/miniconda3/envs/libyt/lib/python3.13/site-packages/torch/lib/libtorch_cpu.so
2ab650609000-2ab6506b0000 rw-p 00000000 00:00 0 
2ab6506b0000-2ab650d0f000 rw-p 19928000 3d8:ad14e 144134881776061362     /work2/11056/zwu/frontera/miniconda3/envs/libyt/lib/python3.13/site-packages/torch/lib/libtorch_cpu.so
2ab650d0f000-2ab6512ec000 rw-p 19f87000 3d8:ad14e 144134881776061362     /work2/11056/zwu/frontera/miniconda3/envs/libyt/lib/python3.13/site-packages/torch/lib/libtorch_cpu.so
2ab6512ec000-2ab6520e4000 r--p 00000000 3d8:ad14e 144134881776061361     /work2/11056/zwu/frontera/miniconda3/envs/libyt/lib/python3.13/site-packages/torch/lib/libtorch_cuda.so
2ab6520e4000-2ab654ebb000 r-xp 00df8000 3d8:ad14e 144134881776061361     /work2/11056/zwu/frontera/miniconda3/envs/libyt/lib/python3.13/site-packages/torch/lib/libtorch_cuda.so
2ab654ebb000-2ab684bd2000 r--p 03bcf000 3d8:ad14e 144134881776061361     /work2/11056/zwu/frontera/miniconda3/envs/libyt/lib/python3.13/site-packages/torch/lib/libtorch_cuda.so
2ab684bd2000-2ab684c42000 r--p 338e5000 3d8:ad14e 144134881776061361     /work2/11056/zwu/frontera/miniconda3/envs/libyt/lib/python3.13/site-packages/torch/lib/libtorch_cuda.so
2ab684c42000-2ab684c65000 rw-p 33955000 3d8:ad14e 144134881776061361     /work2/11056/zwu/frontera/miniconda3/envs/libyt/lib/python3.13/site-packages/torch/lib/libtorch_cuda.so
2ab684c65000-2ab685978000 rw-p 00000000 00:00 0 
2ab685978000-2ab686494000 rw-p 351bb000 3d8:ad14e 144134881776061361     /work2/11056/zwu/frontera/miniconda3/envs/libyt/lib/python3.13/site-packages/torch/lib/libtorch_cuda.so
2ab686494000-2ab6864a6000 r--p 00000000 3d8:ad14e 144134881776061366     /work2/11056/zwu/frontera/miniconda3/envs/libyt/lib/python3.13/site-packages/torch/lib/libc10_cuda.so
2ab6864a6000-2ab686502000 r-xp 00012000 3d8:ad14e 144134881776061366     /work2/11056/zwu/frontera/miniconda3/envs/libyt/lib/python3.13/site-packages/torch/lib/libc10_cuda.so
2ab686502000-2ab686518000 r--p 0006e000 3d8:ad14e 144134881776061366     /work2/11056/zwu/frontera/miniconda3/envs/libyt/lib/python3.13/site-packages/torch/lib/libc10_cuda.so
2ab686518000-2ab686519000 ---p 00084000 3d8:ad14e 144134881776061366     /work2/11056/zwu/frontera/miniconda3/envs/libyt/lib/python3.13/site-packages/torch/lib/libc10_cuda.so
2ab686519000-2ab68651a000 r--p 00084000 3d8:ad14e 144134881776061366     /work2/11056/zwu/frontera/miniconda3/envs/libyt/lib/python3.13/site-packages/torch/lib/libc10_cuda.so
2ab68651a000-2ab68651b000 rw-p 00085000 3d8:ad14e 144134881776061366     /work2/11056/zwu/frontera/miniconda3/envs/libyt/lib/python3.13/site-packages/torch/lib/libc10_cuda.so
2ab68651b000-2ab686541000 rw-p 00000000 00:00 0 
2ab686541000-2ab68654b000 rw-p 000a7000 3d8:ad14e 144134881776061366     /work2/11056/zwu/frontera/miniconda3/envs/libyt/lib/python3.13/site-packages/torch/lib/libc10_cuda.so
2ab68654b000-2ab68657a000 r--p 00000000 3d8:ad14e 144134881776061367     /work2/11056/zwu/frontera/miniconda3/envs/libyt/lib/python3.13/site-packages/torch/lib/libc10.so
2ab68657a000-2ab686615000 r-xp 0002f000 3d8:ad14e 144134881776061367     /work2/11056/zwu/frontera/miniconda3/envs/libyt/lib/python3.13/site-packages/torch/lib/libc10.so
2ab686615000-2ab686648000 r--p 000ca000 3d8:ad14e 144134881776061367     /work2/11056/zwu/frontera/miniconda3/envs/libyt/lib/python3.13/site-packages/torch/lib/libc10.so
2ab686648000-2ab68664b000 r--p 000fc000 3d8:ad14e 144134881776061367     /work2/11056/zwu/frontera/miniconda3/envs/libyt/lib/python3.13/site-packages/torch/lib/libc10.so
2ab68664b000-2ab686651000 rw-p 000ff000 3d8:ad14e 144134881776061367     /work2/11056/zwu/frontera/miniconda3/envs/libyt/lib/python3.13/site-packages/torch/lib/libc10.so
2ab686651000-2ab686654000 rw-p 00000000 00:00 0 
2ab686654000-2ab68666d000 rw-p 0014b000 3d8:ad14e 144134881776061367     /work2/11056/zwu/frontera/miniconda3/envs/libyt/lib/python3.13/site-packages/torch/lib/libc10.so
2ab68666d000-2ab686685000 r-xp 00000000 3d8:ad14e 144134881776060270     /work2/11056/zwu/frontera/miniconda3/envs/libyt/lib/python3.13/site-packages/nvidia/cudnn/lib/libcudnn.so.9
2ab686685000-2ab686885000 ---p 00018000 3d8:ad14e 144134881776060270     /work2/11056/zwu/frontera/miniconda3/envs/libyt/lib/python3.13/site-packages/nvidia/cudnn/lib/libcudnn.so.9
2ab686885000-2ab686886000 r--p 00018000 3d8:ad14e 144134881776060270     /work2/11056/zwu/frontera/miniconda3/envs/libyt/lib/python3.13/site-packages/nvidia/cudnn/lib/libcudnn.so.9
2ab686886000-2ab686887000 rw-p 00019000 3d8:ad14e 144134881776060270     /work2/11056/zwu/frontera/miniconda3/envs/libyt/lib/python3.13/site-packages/nvidia/cudnn/lib/libcudnn.so.9
2ab686887000-2ab686f05000 r-xp 00000000 3d8:ad14e 144134881776058698     /work2/11056/zwu/frontera/miniconda3/envs/libyt/lib/python3.13/site-packages/nvidia/cuda_cupti/lib/libcupti.so.12
2ab686f05000-2ab687104000 ---p 0067e000 3d8:ad14e 144134881776058698     /work2/11056/zwu/frontera/miniconda3/envs/libyt/lib/python3.13/site-packages/nvidia/cuda_cupti/lib/libcupti.so.12
2ab687104000-2ab687153000 r--p 0067d000 3d8:ad14e 144134881776058698     /work2/11056/zwu/frontera/miniconda3/envs/libyt/lib/python3.13/site-packages/nvidia/cuda_cupti/lib/libcupti.so.12
2ab687153000-2ab6871eb000 rw-p 006cc000 3d8:ad14e 144134881776058698     /work2/11056/zwu/frontera/miniconda3/envs/libyt/lib/python3.13/site-packages/nvidia/cuda_cupti/lib/libcupti.so.12
2ab6871eb000-2ab687224000 rw-p 00000000 00:00 0 
2ab687224000-2ab697e3d000 r-xp 00000000 3d8:ad14e 144134881776060233     /work2/11056/zwu/frontera/miniconda3/envs/libyt/lib/python3.13/site-packages/nvidia/cusparse/lib/libcusparse.so.12
2ab697e3d000-2ab69803d000 ---p 10c19000 3d8:ad14e 144134881776060233     /work2/11056/zwu/frontera/miniconda3/envs/libyt/lib/python3.13/site-packages/nvidia/cusparse/lib/libcusparse.so.12
2ab69803d000-2ab69804c000 r--p 10c19000 3d8:ad14e 144134881776060233     /work2/11056/zwu/frontera/miniconda3/envs/libyt/lib/python3.13/site-packages/nvidia/cusparse/lib/libcusparse.so.12
2ab69804c000-2ab698068000 rw-p 10c28000 3d8:ad14e 144134881776060233     /work2/11056/zwu/frontera/miniconda3/envs/libyt/lib/python3.13/site-packages/nvidia/cusparse/lib/libcusparse.so.12
2ab698068000-2ab69806d000 rw-p 00000000 00:00 0 
2ab69806d000-2ab698072000 rw-p 10c44000 3d8:ad14e 144134881776060233     /work2/11056/zwu/frontera/miniconda3/envs/libyt/lib/python3.13/site-packages/nvidia/cusparse/lib/libcusparse.so.12
2ab698072000-2ab698a23000 r-xp 00000000 3d8:ad14e 144134881776058496     /work2/11056/zwu/frontera/miniconda3/envs/libyt/lib/python3.13/site-packages/nvidia/cufft/lib/libcufft.so.11
2ab698a23000-2ab698c22000 ---p 009b1000 3d8:ad14e 144134881776058496     /work2/11056/zwu/frontera/miniconda3/envs/libyt/lib/python3.13/site-packages/nvidia/cufft/lib/libcufft.so.11
2ab698c22000-2ab698c2f000 r--p 009b0000 3d8:ad14e 144134881776058496     /work2/11056/zwu/frontera/miniconda3/envs/libyt/lib/python3.13/site-packages/nvidia/cufft/lib/libcufft.so.11
2ab698c2f000-2ab6a99c4000 rw-p 009bd000 3d8:ad14e 144134881776058496     /work2/11056/zwu/frontera/miniconda3/envs/libyt/lib/python3.13/site-packages/nvidia/cufft/lib/libcufft.so.11
2ab6a99c4000-2ab6a9c6f000 rw-p 00000000 00:00 0 
2ab6a9c6f000-2ab6b64a4000 r-xp 00000000 3d8:ad14e 144134881776053875     /work2/11056/zwu/frontera/miniconda3/envs/libyt/lib/python3.13/site-packages/cusparselt/lib/libcusparseLt.so.0
2ab6b64a4000-2ab6b66a4000 ---p 0c835000 3d8:ad14e 144134881776053875     /work2/11056/zwu/frontera/miniconda3/envs/libyt/lib/python3.13/site-packages/cusparselt/lib/libcusparseLt.so.0
2ab6b66a4000-2ab6b66c6000 r--p 0c835000 3d8:ad14e 144134881776053875     /work2/11056/zwu/frontera/miniconda3/envs/libyt/lib/python3.13/site-packages/cusparselt/lib/libcusparseLt.so.0
2ab6b66c6000-2ab6b66cc000 rw-p 0c857000 3d8:ad14e 144134881776053875     /work2/11056/zwu/frontera/miniconda3/envs/libyt/lib/python3.13/site-packages/cusparselt/lib/libcusparseLt.so.0
2ab6b66cc000-2ab6b68bd000 rw-p 00000000 00:00 0 
2ab6b68bd000-2ab6b6b20000 rw-p 0c85e000 3d8:ad14e 144134881776053875     /work2/11056/zwu/frontera/miniconda3/envs/libyt/lib/python3.13/site-packages/cusparselt/lib/libcusparseLt.so.0
2ab6b6b20000-2ab6bb2fc000 r-xp 00000000 3d8:ad14e 144134881776058469     /work2/11056/zwu/frontera/miniconda3/envs/libyt/lib/python3.13/site-packages/nvidia/curand/lib/libcurand.so.10
2ab6bb2fc000-2ab6bb4fc000 ---p 047dc000 3d8:ad14e 144134881776058469     /work2/11056/zwu/frontera/miniconda3/envs/libyt/lib/python3.13/site-packages/nvidia/curand/lib/libcurand.so.10
2ab6bb4fc000-2ab6bb502000 r--p 047dc000 3d8:ad14e 144134881776058469     /work2/11056/zwu/frontera/miniconda3/envs/libyt/lib/python3.13/site-packages/nvidia/curand/lib/libcurand.so.10
2ab6bb502000-2ab6bc92e000 rw-p 047e2000 3d8:ad14e 144134881776058469     /work2/11056/zwu/frontera/miniconda3/envs/libyt/lib/python3.13/site-packages/nvidia/curand/lib/libcurand.so.10
2ab6bc92e000-2ab6bcf66000 rw-p 00000000 00:00 0 
2ab6bcf66000-2ab6c37da000 r-xp 00000000 3d8:ad14e 144134881776058730     /work2/11056/zwu/frontera/miniconda3/envs/libyt/lib/python3.13/site-packages/nvidia/cublas/lib/libcublas.so.12
2ab6c37da000-2ab6c39da000 ---p 06874000 3d8:ad14e 144134881776058730     /work2/11056/zwu/frontera/miniconda3/envs/libyt/lib/python3.13/site-packages/nvidia/cublas/lib/libcublas.so.12
2ab6c39da000-2ab6c39e6000 r--p 06874000 3d8:ad14e 144134881776058730     /work2/11056/zwu/frontera/miniconda3/envs/libyt/lib/python3.13/site-packages/nvidia/cublas/lib/libcublas.so.12
2ab6c39e6000-2ab6c39ed000 rw-p 06880000 3d8:ad14e 144134881776058730     /work2/11056/zwu/frontera/miniconda3/envs/libyt/lib/python3.13/site-packages/nvidia/cublas/lib/libcublas.so.12
2ab6c39ed000-2ab6c39f8000 rw-p 00000000 00:00 0 
2ab6c39f8000-2ab6da39e000 r-xp 00000000 3d8:ad14e 144134881776058731     /work2/11056/zwu/frontera/miniconda3/envs/libyt/lib/python3.13/site-packages/nvidia/cublas/lib/libcublasLt.so.12
2ab6da39e000-2ab6da59e000 ---p 169a6000 3d8:ad14e 144134881776058731     /work2/11056/zwu/frontera/miniconda3/envs/libyt/lib/python3.13/site-packages/nvidia/cublas/lib/libcublasLt.so.12
2ab6da59e000-2ab6da7d2000 r--p 169a6000 3d8:ad14e 144134881776058731     /work2/11056/zwu/frontera/miniconda3/envs/libyt/lib/python3.13/site-packages/nvidia/cublas/lib/libcublasLt.so.12
2ab6da7d2000-2ab6de16f000 rw-p 16bda000 3d8:ad14e 144134881776058731     /work2/11056/zwu/frontera/miniconda3/envs/libyt/lib/python3.13/site-packages/nvidia/cublas/lib/libcublasLt.so.12
2ab6de16f000-2ab6e1954000 rw-p 00000000 00:00 0 
2ab6e1954000-2ab6eff14000 r-xp 00000000 3d8:ad14e 144134881776058429     /work2/11056/zwu/frontera/miniconda3/envs/libyt/lib/python3.13/site-packages/nvidia/nccl/lib/libnccl.so.2
2ab6eff14000-2ab6f0114000 ---p 0e5c0000 3d8:ad14e 144134881776058429     /work2/11056/zwu/frontera/miniconda3/envs/libyt/lib/python3.13/site-packages/nvidia/nccl/lib/libnccl.so.2
2ab6f0114000-2ab6f011d000 r--p 0e5c0000 3d8:ad14e 144134881776058429     /work2/11056/zwu/frontera/miniconda3/envs/libyt/lib/python3.13/site-packages/nvidia/nccl/lib/libnccl.so.2
2ab6f011d000-2ab6f0129000 rw-p 0e5c9000 3d8:ad14e 144134881776058429     /work2/11056/zwu/frontera/miniconda3/envs/libyt/lib/python3.13/site-packages/nvidia/nccl/lib/libnccl.so.2
2ab6f0129000-2ab6f013f000 rw-p 00000000 00:00 0 
2ab6f013f000-2ab6f0142000 r--p 00000000 3d8:ad14e 144134765124011961     /work2/11056/zwu/frontera/miniconda3/envs/libyt/lib/python3.13/lib-dynload/mmap.cpython-313-x86_64-linux-gnu.so
2ab6f0142000-2ab6f0145000 r-xp 00003000 3d8:ad14e 144134765124011961     /work2/11056/zwu/frontera/miniconda3/envs/libyt/lib/python3.13/lib-dynload/mmap.cpython-313-x86_64-linux-gnu.so
2ab6f0145000-2ab6f0147000 r--p 00006000 3d8:ad14e 144134765124011961     /work2/11056/zwu/frontera/miniconda3/envs/libyt/lib/python3.13/lib-dynload/mmap.cpython-313-x86_64-linux-gnu.so
2ab6f0147000-2ab6f0148000 r--p 00007000 3d8:ad14e 144134765124011961     /work2/11056/zwu/frontera/miniconda3/envs/libyt/lib/python3.13/lib-dynload/mmap.cpython-313-x86_64-linux-gnu.so
2ab6f0148000-2ab6f0149000 rw-p 00008000 3d8:ad14e 144134765124011961     /work2/11056/zwu/frontera/miniconda3/envs/libyt/lib/python3.13/lib-dynload/mmap.cpython-313-x86_64-linux-gnu.so
2ab6f0149000-2ab6f014b000 r--p 00000000 3d8:ad14e 144134765124013368     /work2/11056/zwu/frontera/miniconda3/envs/libyt/lib/python3.13/lib-dynload/_multiprocessing.cpython-313-x86_64-linux-gnu.so
2ab6f014b000-2ab6f014c000 r-xp 00002000 3d8:ad14e 144134765124013368     /work2/11056/zwu/frontera/miniconda3/envs/libyt/lib/python3.13/lib-dynload/_multiprocessing.cpython-313-x86_64-linux-gnu.so
2ab6f014c000-2ab6f014d000 r--p 00003000 3d8:ad14e 144134765124013368     /work2/11056/zwu/frontera/miniconda3/envs/libyt/lib/python3.13/lib-dynload/_multiprocessing.cpython-313-x86_64-linux-gnu.so
2ab6f014d000-2ab6f014e000 r--p 00003000 3d8:ad14e 144134765124013368     /work2/11056/zwu/frontera/miniconda3/envs/libyt/lib/python3.13/lib-dynload/_multiprocessing.cpython-313-x86_64-linux-gnu.so
2ab6f014e000-2ab6f014f000 rw-p 00004000 3d8:ad14e 144134765124013368     /work2/11056/zwu/frontera/miniconda3/envs/libyt/lib/python3.13/lib-dynload/_multiprocessing.cpython-313-x86_64-linux-gnu.so
2ab6f014f000-2ab6f0151000 r--p 00000000 3d8:ad14e 144134765124011931     /work2/11056/zwu/frontera/miniconda3/envs/libyt/lib/python3.13/lib-dynload/resource.cpython-313-x86_64-linux-gnu.so
2ab6f0151000-2ab6f0153000 r-xp 00002000 3d8:ad14e 144134765124011931     /work2/11056/zwu/frontera/miniconda3/envs/libyt/lib/python3.13/lib-dynload/resource.cpython-313-x86_64-linux-gnu.so
2ab6f0153000-2ab6f0154000 r--p 00004000 3d8:ad14e 144134765124011931     /work2/11056/zwu/frontera/miniconda3/envs/libyt/lib/python3.13/lib-dynload/resource.cpython-313-x86_64-linux-gnu.so
2ab6f0154000-2ab6f0155000 r--p 00004000 3d8:ad14e 144134765124011931     /work2/11056/zwu/frontera/miniconda3/envs/libyt/lib/python3.13/lib-dynload/resource.cpython-313-x86_64-linux-gnu.so
2ab6f0155000-2ab6f0156000 rw-p 00005000 3d8:ad14e 144134765124011931     /work2/11056/zwu/frontera/miniconda3/envs/libyt/lib/python3.13/lib-dynload/resource.cpython-313-x86_64-linux-gnu.so
2ab6f015e000-2ab6f01a9000 r-xp 00000000 fd:00 404382206                  /usr/lib64/libmemkind.so.0.0.1
2ab6f01a9000-2ab6f03a9000 ---p 0004b000 fd:00 404382206                  /usr/lib64/libmemkind.so.0.0.1
2ab6f03a9000-2ab6f03ae000 r--p 0004b000 fd:00 404382206                  /usr/lib64/libmemkind.so.0.0.1
2ab6f03ae000-2ab6f03b1000 rw-p 00050000 fd:00 404382206                  /usr/lib64/libmemkind.so.0.0.1
2ab6f03b1000-2ab6f07de000 rw-p 00000000 00:00 0 
2ab6f07de000-2ab6f09c8000 ---p 00000000 00:00 0 
2ab6f09c8000-2ab6f1e18000 rw-p 00000000 00:00 0 
2ab6f1e18000-2ab6f1e2c000 r--p 00000000 3d8:ad14e 144134765124011647     /work2/11056/zwu/frontera/miniconda3/envs/libyt/lib/python3.13/lib-dynload/_ssl.cpython-313-x86_64-linux-gnu.so
2ab6f1e2c000-2ab6f1e36000 r-xp 00014000 3d8:ad14e 144134765124011647     /work2/11056/zwu/frontera/miniconda3/envs/libyt/lib/python3.13/lib-dynload/_ssl.cpython-313-x86_64-linux-gnu.so
2ab6f1e36000-2ab6f1e44000 r--p 0001e000 3d8:ad14e 144134765124011647     /work2/11056/zwu/frontera/miniconda3/envs/libyt/lib/python3.13/lib-dynload/_ssl.cpython-313-x86_64-linux-gnu.so
2ab6f1e44000-2ab6f1e45000 r--p 0002c000 3d8:ad14e 144134765124011647     /work2/11056/zwu/frontera/miniconda3/envs/libyt/lib/python3.13/lib-dynload/_ssl.cpython-313-x86_64-linux-gnu.so
2ab6f1e45000-2ab6f1e4d000 rw-p 0002d000 3d8:ad14e 144134765124011647     /work2/11056/zwu/frontera/miniconda3/envs/libyt/lib/python3.13/lib-dynload/_ssl.cpython-313-x86_64-linux-gnu.so
2ab6f1e4d000-2ab6f1e71000 r--p 00000000 3d8:ad14e 144134765124008460     /work2/11056/zwu/frontera/miniconda3/envs/libyt/lib/libssl.so.3
2ab6f1e71000-2ab6f1f0b000 r-xp 00024000 3d8:ad14e 144134765124008460     /work2/11056/zwu/frontera/miniconda3/envs/libyt/lib/libssl.so.3
2ab6f1f0b000-2ab6f1f3b000 r--p 000be000 3d8:ad14e 144134765124008460     /work2/11056/zwu/frontera/miniconda3/envs/libyt/lib/libssl.so.3
2ab6f1f3b000-2ab6f1f45000 r--p 000ee000 3d8:ad14e 144134765124008460     /work2/11056/zwu/frontera/miniconda3/envs/libyt/lib/libssl.so.3
2ab6f1f45000-2ab6f1f49000 rw-p 000f8000 3d8:ad14e 144134765124008460     /work2/11056/zwu/frontera/miniconda3/envs/libyt/lib/libssl.so.3
2ab6f1f49000-2ab6f2349000 rw-p 00000000 00:00 0 
2ab6f2349000-2ab6f234e000 r--p 00000000 3d8:ad14e 144134765124012998     /work2/11056/zwu/frontera/miniconda3/envs/libyt/lib/python3.13/lib-dynload/_asyncio.cpython-313-x86_64-linux-gnu.so
2ab6f234e000-2ab6f2354000 r-xp 00005000 3d8:ad14e 144134765124012998     /work2/11056/zwu/frontera/miniconda3/envs/libyt/lib/python3.13/lib-dynload/_asyncio.cpython-313-x86_64-linux-gnu.so
2ab6f2354000-2ab6f2358000 r--p 0000b000 3d8:ad14e 144134765124012998     /work2/11056/zwu/frontera/miniconda3/envs/libyt/lib/python3.13/lib-dynload/_asyncio.cpython-313-x86_64-linux-gnu.so
2ab6f2358000-2ab6f2359000 r--p 0000f000 3d8:ad14e 144134765124012998     /work2/11056/zwu/frontera/miniconda3/envs/libyt/lib/python3.13/lib-dynload/_asyncio.cpython-313-x86_64-linux-gnu.so
2ab6f2359000-2ab6f235b000 rw-p 00010000 3d8:ad14e 144134765124012998     /work2/11056/zwu/frontera/miniconda3/envs/libyt/lib/python3.13/lib-dynload/_asyncio.cpython-313-x86_64-linux-gnu.so
2ab6f235b000-2ab6fc21e000 rw-p 00000000 00:00 0 
2ab6fc21e000-2ab6fc223000 r--p 00000000 3d8:ad14e 144134765124018054     /work2/11056/zwu/frontera/miniconda3/envs/libyt/lib/python3.13/site-packages/numpy/random/_bounded_integers.cpython-313-x86_64-linux-gnu.so
2ab6fc223000-2ab6fc261000 r-xp 00005000 3d8:ad14e 144134765124018054     /work2/11056/zwu/frontera/miniconda3/envs/libyt/lib/python3.13/site-packages/numpy/random/_bounded_integers.cpython-313-x86_64-linux-gnu.so
2ab6fc261000-2ab6fc269000 r--p 00043000 3d8:ad14e 144134765124018054     /work2/11056/zwu/frontera/miniconda3/envs/libyt/lib/python3.13/site-packages/numpy/random/_bounded_integers.cpython-313-x86_64-linux-gnu.so
2ab6fc269000-2ab6fc26a000 r--p 0004b000 3d8:ad14e 144134765124018054     /work2/11056/zwu/frontera/miniconda3/envs/libyt/lib/python3.13/site-packages/numpy/random/_bounded_integers.cpython-313-x86_64-linux-gnu.so
2ab6fc26a000-2ab6fc26b000 rw-p 0004c000 3d8:ad14e 144134765124018054     /work2/11056/zwu/frontera/miniconda3/envs/libyt/lib/python3.13/site-packages/numpy/random/_bounded_integers.cpython-313-x86_64-linux-gnu.so
2ab6fc26b000-2ab6fc271000 r--p 00000000 3d8:ad14e 144134765124018089     /work2/11056/zwu/frontera/miniconda3/envs/libyt/lib/python3.13/site-packages/numpy/random/bit_generator.cpython-313-x86_64-linux-gnu.so
2ab6fc271000-2ab6fc28c000 r-xp 00006000 3d8:ad14e 144134765124018089     /work2/11056/zwu/frontera/miniconda3/envs/libyt/lib/python3.13/site-packages/numpy/random/bit_generator.cpython-313-x86_64-linux-gnu.so
2ab6fc28c000-2ab6fc295000 r--p 00021000 3d8:ad14e 144134765124018089     /work2/11056/zwu/frontera/miniconda3/envs/libyt/lib/python3.13/site-packages/numpy/random/bit_generator.cpython-313-x86_64-linux-gnu.so
2ab6fc295000-2ab6fc296000 r--p 0002a000 3d8:ad14e 144134765124018089     /work2/11056/zwu/frontera/miniconda3/envs/libyt/lib/python3.13/site-packages/numpy/random/bit_generator.cpython-313-x86_64-linux-gnu.so
2ab6fc296000-2ab6fc298000 rw-p 0002b000 3d8:ad14e 144134765124018089     /work2/11056/zwu/frontera/miniconda3/envs/libyt/lib/python3.13/site-packages/numpy/random/bit_generator.cpython-313-x86_64-linux-gnu.so
2ab6fc298000-2ab6fc29d000 r--p 00000000 3d8:ad14e 144134765124018057     /work2/11056/zwu/frontera/miniconda3/envs/libyt/lib/python3.13/site-packages/numpy/random/_common.cpython-313-x86_64-linux-gnu.so
2ab6fc29d000-2ab6fc2cf000 r-xp 00005000 3d8:ad14e 144134765124018057     /work2/11056/zwu/frontera/miniconda3/envs/libyt/lib/python3.13/site-packages/numpy/random/_common.cpython-313-x86_64-linux-gnu.so
2ab6fc2cf000-2ab6fc2d3000 r--p 00037000 3d8:ad14e 144134765124018057     /work2/11056/zwu/frontera/miniconda3/envs/libyt/lib/python3.13/site-packages/numpy/random/_common.cpython-313-x86_64-linux-gnu.so
2ab6fc2d3000-2ab6fc2d4000 r--p 0003a000 3d8:ad14e 144134765124018057     /work2/11056/zwu/frontera/miniconda3/envs/libyt/lib/python3.13/site-packages/numpy/random/_common.cpython-313-x86_64-linux-gnu.so
2ab6fc2d4000-2ab6fc2d5000 rw-p 0003b000 3d8:ad14e 144134765124018057     /work2/11056/zwu/frontera/miniconda3/envs/libyt/lib/python3.13/site-packages/numpy/random/_common.cpython-313-x86_64-linux-gnu.so
2ab6fc2d5000-2ab6fc2df000 r--p 00000000 3d8:ad14e 144134765124018077     /work2/11056/zwu/frontera/miniconda3/envs/libyt/lib/python3.13/site-packages/numpy/random/_generator.cpython-313-x86_64-linux-gnu.so
2ab6fc2df000-2ab6fc34a000 r-xp 0000a000 3d8:ad14e 144134765124018077     /work2/11056/zwu/frontera/miniconda3/envs/libyt/lib/python3.13/site-packages/numpy/random/_generator.cpython-313-x86_64-linux-gnu.so
2ab6fc34a000-2ab6fc386000 r--p 00075000 3d8:ad14e 144134765124018077     /work2/11056/zwu/frontera/miniconda3/envs/libyt/lib/python3.13/site-packages/numpy/random/_generator.cpython-313-x86_64-linux-gnu.so
2ab6fc386000-2ab6fc387000 r--p 000b1000 3d8:ad14e 144134765124018077     /work2/11056/zwu/frontera/miniconda3/envs/libyt/lib/python3.13/site-packages/numpy/random/_generator.cpython-313-x86_64-linux-gnu.so
2ab6fc387000-2ab6fc38a000 rw-p 000b2000 3d8:ad14e 144134765124018077     /work2/11056/zwu/frontera/miniconda3/envs/libyt/lib/python3.13/site-packages/numpy/random/_generator.cpython-313-x86_64-linux-gnu.so
2ab6fc38a000-2ab6fc38b000 rw-p 00000000 00:00 0 
2ab6fc38b000-2ab6fc390000 r--p 00000000 3d8:ad14e 144134765124018081     /work2/11056/zwu/frontera/miniconda3/envs/libyt/lib/python3.13/site-packages/numpy/random/_pcg64.cpython-313-x86_64-linux-gnu.so
2ab6fc390000-2ab6fc39f000 r-xp 00005000 3d8:ad14e 144134765124018081     /work2/11056/zwu/frontera/miniconda3/envs/libyt/lib/python3.13/site-packages/numpy/random/_pcg64.cpython-313-x86_64-linux-gnu.so
2ab6fc39f000-2ab6fc3a5000 r--p 00014000 3d8:ad14e 144134765124018081     /work2/11056/zwu/frontera/miniconda3/envs/libyt/lib/python3.13/site-packages/numpy/random/_pcg64.cpython-313-x86_64-linux-gnu.so
2ab6fc3a5000-2ab6fc3a6000 r--p 00019000 3d8:ad14e 144134765124018081     /work2/11056/zwu/frontera/miniconda3/envs/libyt/lib/python3.13/site-packages/numpy/random/_pcg64.cpython-313-x86_64-linux-gnu.so
2ab6fc3a6000-2ab6fc3a7000 rw-p 0001a000 3d8:ad14e 144134765124018081     /work2/11056/zwu/frontera/miniconda3/envs/libyt/lib/python3.13/site-packages/numpy/random/_pcg64.cpython-313-x86_64-linux-gnu.so
2ab6fc3a7000-2ab6fc3a8000 rw-p 00000000 00:00 0 
2ab6fc3a8000-2ab6fc3ac000 r--p 00000000 3d8:ad14e 144134765124018079     /work2/11056/zwu/frontera/miniconda3/envs/libyt/lib/python3.13/site-packages/numpy/random/_mt19937.cpython-313-x86_64-linux-gnu.so
2ab6fc3ac000-2ab6fc3ba000 r-xp 00004000 3d8:ad14e 144134765124018079     /work2/11056/zwu/frontera/miniconda3/envs/libyt/lib/python3.13/site-packages/numpy/random/_mt19937.cpython-313-x86_64-linux-gnu.so
2ab6fc3ba000-2ab6fc3c0000 r--p 00012000 3d8:ad14e 144134765124018079     /work2/11056/zwu/frontera/miniconda3/envs/libyt/lib/python3.13/site-packages/numpy/random/_mt19937.cpython-313-x86_64-linux-gnu.so
2ab6fc3c0000-2ab6fc3c1000 r--p 00017000 3d8:ad14e 144134765124018079     /work2/11056/zwu/frontera/miniconda3/envs/libyt/lib/python3.13/site-packages/numpy/random/_mt19937.cpython-313-x86_64-linux-gnu.so
2ab6fc3c1000-2ab6fc3c2000 rw-p 00018000 3d8:ad14e 144134765124018079     /work2/11056/zwu/frontera/miniconda3/envs/libyt/lib/python3.13/site-packages/numpy/random/_mt19937.cpython-313-x86_64-linux-gnu.so
2ab6fc3c2000-2ab6fc3c7000 r--p 00000000 3d8:ad14e 144134765124018083     /work2/11056/zwu/frontera/miniconda3/envs/libyt/lib/python3.13/site-packages/numpy/random/_philox.cpython-313-x86_64-linux-gnu.so
2ab6fc3c7000-2ab6fc3d2000 r-xp 00005000 3d8:ad14e 144134765124018083     /work2/11056/zwu/frontera/miniconda3/envs/libyt/lib/python3.13/site-packages/numpy/random/_philox.cpython-313-x86_64-linux-gnu.so
2ab6fc3d2000-2ab6fc3d7000 r--p 00010000 3d8:ad14e 144134765124018083     /work2/11056/zwu/frontera/miniconda3/envs/libyt/lib/python3.13/site-packages/numpy/random/_philox.cpython-313-x86_64-linux-gnu.so
2ab6fc3d7000-2ab6fc3d8000 r--p 00014000 3d8:ad14e 144134765124018083     /work2/11056/zwu/frontera/miniconda3/envs/libyt/lib/python3.13/site-packages/numpy/random/_philox.cpython-313-x86_64-linux-gnu.so
2ab6fc3d8000-2ab6fc3d9000 rw-p 00015000 3d8:ad14e 144134765124018083     /work2/11056/zwu/frontera/miniconda3/envs/libyt/lib/python3.13/site-packages/numpy/random/_philox.cpython-313-x86_64-linux-gnu.so
2ab6fc3d9000-2ab6fc3dd000 r--p 00000000 3d8:ad14e 144134765124018087     /work2/11056/zwu/frontera/miniconda3/envs/libyt/lib/python3.13/site-packages/numpy/random/_sfc64.cpython-313-x86_64-linux-gnu.so
2ab6fc3dd000-2ab6fc3e5000 r-xp 00004000 3d8:ad14e 144134765124018087     /work2/11056/zwu/frontera/miniconda3/envs/libyt/lib/python3.13/site-packages/numpy/random/_sfc64.cpython-313-x86_64-linux-gnu.so
2ab6fc3e5000-2ab6fc3e8000 r--p 0000c000 3d8:ad14e 144134765124018087     /work2/11056/zwu/frontera/miniconda3/envs/libyt/lib/python3.13/site-packages/numpy/random/_sfc64.cpython-313-x86_64-linux-gnu.so
2ab6fc3e8000-2ab6fc3e9000 r--p 0000f000 3d8:ad14e 144134765124018087     /work2/11056/zwu/frontera/miniconda3/envs/libyt/lib/python3.13/site-packages/numpy/random/_sfc64.cpython-313-x86_64-linux-gnu.so
2ab6fc3e9000-2ab6fc3ea000 rw-p 00010000 3d8:ad14e 144134765124018087     /work2/11056/zwu/frontera/miniconda3/envs/libyt/lib/python3.13/site-packages/numpy/random/_sfc64.cpython-313-x86_64-linux-gnu.so
2ab6fc3ea000-2ab6fc3f1000 r--p 00000000 3d8:ad14e 144134765124018095     /work2/11056/zwu/frontera/miniconda3/envs/libyt/lib/python3.13/site-packages/numpy/random/mtrand.cpython-313-x86_64-linux-gnu.so
2ab6fc3f1000-2ab6fc43c000 r-xp 00007000 3d8:ad14e 144134765124018095     /work2/11056/zwu/frontera/miniconda3/envs/libyt/lib/python3.13/site-packages/numpy/random/mtrand.cpython-313-x86_64-linux-gnu.so
2ab6fc43c000-2ab6fc473000 r--p 00052000 3d8:ad14e 144134765124018095     /work2/11056/zwu/frontera/miniconda3/envs/libyt/lib/python3.13/site-packages/numpy/random/mtrand.cpython-313-x86_64-linux-gnu.so
2ab6fc473000-2ab6fc474000 r--p 00089000 3d8:ad14e 144134765124018095     /work2/11056/zwu/frontera/miniconda3/envs/libyt/lib/python3.13/site-packages/numpy/random/mtrand.cpython-313-x86_64-linux-gnu.so
2ab6fc474000-2ab6fc476000 rw-p 0008a000 3d8:ad14e 144134765124018095     /work2/11056/zwu/frontera/miniconda3/envs/libyt/lib/python3.13/site-packages/numpy/random/mtrand.cpython-313-x86_64-linux-gnu.so
2ab6fc476000-2ab6fc577000 rw-p 00000000 00:00 0 
2ab6fc577000-2ab6fc57a000 r--p 00000000 3d8:ad14e 144134765124017732     /work2/11056/zwu/frontera/miniconda3/envs/libyt/lib/python3.13/site-packages/numpy/fft/_pocketfft_umath.cpython-313-x86_64-linux-gnu.so
2ab6fc57a000-2ab6fc5e8000 r-xp 00003000 3d8:ad14e 144134765124017732     /work2/11056/zwu/frontera/miniconda3/envs/libyt/lib/python3.13/site-packages/numpy/fft/_pocketfft_umath.cpython-313-x86_64-linux-gnu.so
2ab6fc5e8000-2ab6fc5ee000 r--p 00071000 3d8:ad14e 144134765124017732     /work2/11056/zwu/frontera/miniconda3/envs/libyt/lib/python3.13/site-packages/numpy/fft/_pocketfft_umath.cpython-313-x86_64-linux-gnu.so
2ab6fc5ee000-2ab6fc5ef000 r--p 00076000 3d8:ad14e 144134765124017732     /work2/11056/zwu/frontera/miniconda3/envs/libyt/lib/python3.13/site-packages/numpy/fft/_pocketfft_umath.cpython-313-x86_64-linux-gnu.so
2ab6fc5ef000-2ab6fc5f0000 rw-p 00077000 3d8:ad14e 144134765124017732     /work2/11056/zwu/frontera/miniconda3/envs/libyt/lib/python3.13/site-packages/numpy/fft/_pocketfft_umath.cpython-313-x86_64-linux-gnu.so
2ab6fc5f0000-2ab6fd0f0000 rw-p 00000000 00:00 0 
2ab6fd0f0000-2ab6fd6b0000 rwxp 00000000 00:00 0 
2ab6fd6b0000-2ab6fdab0000 rw-p 00000000 00:00 0 
2ab6fdab0000-2ab6fdab8000 r--p 00000000 3d8:ad14e 144134765124032312     /work2/11056/zwu/frontera/miniconda3/envs/libyt/lib/python3.13/site-packages/matplotlib/backends/_backend_agg.cpython-313-x86_64-linux-gnu.so
2ab6fdab8000-2ab6fdb16000 r-xp 00008000 3d8:ad14e 144134765124032312     /work2/11056/zwu/frontera/miniconda3/envs/libyt/lib/python3.13/site-packages/matplotlib/backends/_backend_agg.cpython-313-x86_64-linux-gnu.so
2ab6fdb16000-2ab6fdb26000 r--p 00066000 3d8:ad14e 144134765124032312     /work2/11056/zwu/frontera/miniconda3/envs/libyt/lib/python3.13/site-packages/matplotlib/backends/_backend_agg.cpython-313-x86_64-linux-gnu.so
2ab6fdb26000-2ab6fdb28000 r--p 00075000 3d8:ad14e 144134765124032312     /work2/11056/zwu/frontera/miniconda3/envs/libyt/lib/python3.13/site-packages/matplotlib/backends/_backend_agg.cpython-313-x86_64-linux-gnu.so
2ab6fdb28000-2ab6fdb29000 rw-p 00077000 3d8:ad14e 144134765124032312     /work2/11056/zwu/frontera/miniconda3/envs/libyt/lib/python3.13/site-packages/matplotlib/backends/_backend_agg.cpython-313-x86_64-linux-gnu.so
2ab6fdb29000-2ab6fdd2a000 rw-p 00000000 00:00 0 
2ab6fdd2a000-2ab705d2a000 rw-p 00000000 00:00 0 
2ab705d2a000-2ab708b74000 rw-p 00000000 00:00 0 
7f0000000000-7f0003000000 rw-p 00000000 00:00 0 
7f1000000000-7f1000200000 rw-p 00000000 00:00 0 
7f2000000000-7f2002600000 rw-p 00000000 00:00 0 
7ffce8610000-7ffce8d1c000 rw-p 00000000 00:00 0                          [stack]
7ffce8dd5000-7ffce8dd7000 r-xp 00000000 00:00 0                          [vdso]
ffffffffff600000-ffffffffff601000 r-xp 00000000 00:00 0                  [vsyscall]
