=== libyt environment ready ===
  python:    /work2/11056/zwu/frontera/miniconda3/envs/libyt/bin/python
  numpy can find libstdc++ with GLIBCXX_3.4.29:
2
  ✓ found GLIBCXX_3.4.29 in conda libstdc++
  LIBYT_HOME: /work2/11056/zwu/frontera/enzo_gh/libyt_dev/libyt/install
================================
=== Running libyt STARNET ===
/work2/11056/zwu/frontera/miniconda3/envs/libyt/bin/python
/opt/intel/compilers_and_libraries_2020.4.304/linux/mpi/intel64/bin/mpirun
Restarting from z_0015/
TACC:  Starting up job 7882958 
TACC:  Starting parallel tasks... 
MPI_Init: NumberOfProcessors = 560
Reading parameter file z_0015/z_0015

The Grackle Version 3.4.2-dev
Git Branch   main
Git Revision ec36984d6d43a0ded2a9174211c11f86e0b61e99

Initializing grackle data.
Initializing UV background.
Reading UV background data from CloudyData_UVB=HM2012_shielded_Incatasciato2023_LWB.h5.
UV background information:
  Haardt & Madau (2012, ApJ, 746, 125) [Galaxies & Quasars]
  z_min =  0.000
  z_max = 30.000
Grackle run-time parameters:
use_grackle                       = 1
with_radiative_cooling            = 1
primordial_chemistry              = 2
dust_chemistry                    = 0
metal_cooling                     = 3
UVbackground                      = 1
grackle_data_file                 = CloudyData_UVB=HM2012_shielded_Incatasciato2023_LWB.h5
cmb_temperature_floor             = 1
Gamma                             = 1.6667
h2_on_dust                        = 0
use_dust_density_field            = 0
dust_recombination_cooling        = -1
photoelectric_heating             = 0
photoelectric_heating_rate        = 8.5e-26
use_isrf_field                    = 0
interstellar_radiation_field      = 1.7
use_volumetric_heating_rate       = 0
use_specific_heating_rate         = 0
use_temperature_floor             = 0
temperature_floor_scalar          = 0
three_body_rate                   = 0
cie_cooling                       = 0
h2_optical_depth_approximation    = 0
ih2co                             = 1
ipiht                             = 1
HydrogenFractionByMass            = 0.73
DeuteriumToHydrogenRatio          = 6.8e-05
SolarMetalFractionByMass          = 0.01295
local_dust_to_gas_ratio           = 0.009387
CaseBRecombination                = 0
NumberOfTemperatureBins           = 600
TemperatureStart                  = 1
TemperatureEnd                    = 1e+09
NumberOfDustTemperatureBins       = 250
DustTemperatureStart              = 1
DustTemperatureEnd                = 1500
Compton_xray_heating              = 0
LWbackground_sawtooth_suppression = 0
LWbackground_intensity            = 0
UVbackground_redshift_on          = 30
UVbackground_redshift_off         = 0
UVbackground_redshift_fullon      = 7
UVbackground_redshift_drop        = 0
cloudy_electron_fraction_factor   = 0.00915396
use_radiative_transfer            = 0
radiative_transfer_coupled_rate_solver = 0
radiative_transfer_intermediate_step = 0
radiative_transfer_hydrogen_only  = 0
self_shielding_method             = 1
H2_self_shielding                 = 0
H2_custom_shielding               = 0
h2_charge_exchange_rate           = 1
h2_dust_rate                      = 1
h2_h_cooling_rate                 = 1
collisional_excitation_rates      = 1
collisional_ionisation_rates      = 1
recombination_cooling_rates       = 1
bremsstrahlung_cooling_rates      = 1
max_iterations                    = 10000
exit_after_iterations_exceeded    = 0
omp_nthreads                      = 0
OpenMP: off
WARNING! PartitionNestedGrids = 1 forces Parallel IO = 1
Initialdt in ReadParameterFile = 0.000000e+00
DetermineNumberOfNodes: 40 nodes, 14 cores per node
OPEN data hierarchy z_0015/z_0015.hierarchy
Initializing libyt interface
[YT_INFO   ] ******libyt version******
[YT_INFO   ]          0.5.0
[YT_INFO   ]   SERIAL_MODE: OFF
[YT_INFO   ]   INTERACTIVE_MODE: ON
[YT_INFO   ]   JUPYTER_KERNEL: OFF
[YT_INFO   ]   SUPPORT_TIMER: OFF
[YT_INFO   ] *************************
[YT_INFO   ] Initializing libyt ...
[YT_INFO   ]    verbose = 1
[YT_INFO   ]     script = inline
[YT_INFO   ]    counter = 0
[YT_INFO   ] check_data = false
[YT_INFO   ] Importing YT inline analysis script "inline" ... done
CPUTime-output: Frac = 1.000000, Current = 0.0821036 (0), Stop = 2592000.000000, Last = 0
[YT_INFO   ] Setting YT parameters ...
[YT_INFO   ] Setting YT parameters ... done.
[YT_INFO   ] Getting pointer to particle list information ...
[YT_INFO   ] Getting pointer to particle list information  ... done.
[YT_INFO   ] Getting pointer to field list information ...
[YT_INFO   ] Getting pointer to field list information  ... done.
[YT_INFO   ] Getting pointer to local grids information ...
[YT_INFO   ] Getting pointer to local grids information  ... done.
[YT_INFO   ] Loading full hierarchy and local data to libyt ...
[YT_INFO   ] Loading full hierarchy and local data ... done.
[YT_INFO   ] Performing YT inline analysis yt_inline_func() ...
[YT_INFO   ] Performing YT inline analysis yt_inline_func() ... done.
RebuildHierarchy: level = 0
CommunicationTransferParticles: moved = 0
CommunicationTransferStars: moved = 0
CommunicationTransferActiveParticles: moved = 0
DetermineSGSize: MaxSubgridSize = 2000, MinSubgridEdge = 4, ncells = 12017776
RebuildHierarchy[0]: Flagged 735/1120 grids. 753055 flagged cells
LoadBalance: Number of grids moved = 8405 out of 8445 (0.0788999 seconds elapsed)
DetermineSGSize: MaxSubgridSize = 2000, MinSubgridEdge = 4, ncells = 1227088
RebuildHierarchy[1]: Flagged 878/8445 grids. 83770 flagged cells
LoadBalance: Number of grids moved = 1306 out of 1311 (0.000918124 seconds elapsed)
DetermineSGSize: MaxSubgridSize = 2000, MinSubgridEdge = 4, ncells = 262176
RebuildHierarchy[2]: Flagged 325/1311 grids. 20491 flagged cells
LoadBalance: Number of grids moved = 372 out of 376 (0.000135951 seconds elapsed)
DetermineSGSize: MaxSubgridSize = 2000, MinSubgridEdge = 4, ncells = 54592
RebuildHierarchy[3]: Flagged 111/376 grids. 5606 flagged cells
LoadBalance: Number of grids moved = 115 out of 115 (0.00252815 seconds elapsed)
DetermineSGSize: MaxSubgridSize = 2000, MinSubgridEdge = 4, ncells = 42256
RebuildHierarchy[4]: Flagged 76/115 grids. 4314 flagged cells
LoadBalance: Number of grids moved = 64 out of 78 (0.000197008 seconds elapsed)
DetermineSGSize: MaxSubgridSize = 2000, MinSubgridEdge = 4, ncells = 42256
RebuildHierarchy[5]: Flagged 0/78 grids. 0 flagged cells
grid:SetNumberOfColours: NEQ_HYDRO = 6, NSpecies = 9, NColor = 0
Level[0]: dt = 0.0661648  0.0661648 (0.0661648/0.0661648)
PrepareGreens: Start = 0 0 36  Dim = 32 52 38
PrepareGreens: Start = 0 0 0  Dim = 32 52 36
Level[1]: dt = 0.0325135  0.0325135 (0.0325135/0.0661648)
Level[2]: dt = 0.0138994  0.0138994 (0.0138994/0.0325135)
Level[3]: dt = 0.00655841  0.00655841 (0.00655841/0.0138994)
Level[4]: dt = 0.00316511  0.00316511 (0.00316511/0.00655841)
Level[5]: dt = 0.00151571  0.00151571 (0.00151571/0.00316511)
RebuildHierarchy: level = 5
TransferSubgridParticles[5]: Moved 21 particles, 0 stars, 0 active particles.
DetermineSGSize: MaxSubgridSize = 2000, MinSubgridEdge = 4, ncells = 42256
RebuildHierarchy[5]: Flagged 0/78 grids. 0 flagged cells
Level[5]: dt = 0.00151507  0.00151507 (0.00303078/0.00316511)
RebuildHierarchy: level = 5
TransferSubgridParticles[5]: Moved 1 particles, 0 stars, 0 active particles.
DetermineSGSize: MaxSubgridSize = 2000, MinSubgridEdge = 4, ncells = 42256
RebuildHierarchy[5]: Flagged 0/78 grids. 0 flagged cells
Level[5]: dt = 0.000134326  0.00150642 (0.00316511/0.00316511)
EvolveLevel[5]: NumberOfSubCycles = 3 (3 total, 3 sub)
RebuildHierarchy: level = 4
TransferSubgridParticles[4]: Moved 90 particles, 0 stars, 0 active particles.
DetermineSGSize: MaxSubgridSize = 2000, MinSubgridEdge = 4, ncells = 42256
RebuildHierarchy[4]: Flagged 77/115 grids. 4342 flagged cells
LoadBalance: Number of grids moved = 65 out of 79 (0.000142831 seconds elapsed)
DetermineSGSize: MaxSubgridSize = 2000, MinSubgridEdge = 4, ncells = 42256
RebuildHierarchy[5]: Flagged 0/79 grids. 0 flagged cells
Level[4]: dt = 0.00316657  0.00316657 (0.00633168/0.00655841)
Level[5]: dt = 0.0015057  0.0015057 (0.0015057/0.00316657)
RebuildHierarchy: level = 5
TransferSubgridParticles[5]: Moved 3 particles, 0 stars, 0 active particles.
DetermineSGSize: MaxSubgridSize = 2000, MinSubgridEdge = 4, ncells = 42528
RebuildHierarchy[5]: Flagged 0/79 grids. 0 flagged cells
Level[5]: dt = 0.00149825  0.00149825 (0.00300394/0.00316657)
RebuildHierarchy: level = 5
TransferSubgridParticles[5]: Moved 0 particles, 0 stars, 0 active particles.
DetermineSGSize: MaxSubgridSize = 2000, MinSubgridEdge = 4, ncells = 42528
RebuildHierarchy[5]: Flagged 0/79 grids. 0 flagged cells
Level[5]: dt = 0.000162627  0.00149226 (0.00316657/0.00316657)
EvolveLevel[5]: NumberOfSubCycles = 3 (6 total, 3 sub)
Level[4]: dt = 0.000226728  0.00316779 (0.00655841/0.00655841)
Level[5]: dt = 0.000226728  0.00149171 (0.000226728/0.000226728)
EvolveLevel[5]: NumberOfSubCycles = 1 (7 total, 1 sub)
EvolveLevel[4]: NumberOfSubCycles = 3 (3 total, 3 sub)
RebuildHierarchy: level = 3
TransferSubgridParticles[3]: Moved 565 particles, 0 stars, 0 active particles.
DetermineSGSize: MaxSubgridSize = 2000, MinSubgridEdge = 4, ncells = 54592
RebuildHierarchy[3]: Flagged 112/376 grids. 5615 flagged cells
LoadBalance: Number of grids moved = 115 out of 115 (0.00237481 seconds elapsed)
DetermineSGSize: MaxSubgridSize = 2000, MinSubgridEdge = 4, ncells = 42528
RebuildHierarchy[4]: Flagged 77/115 grids. 4360 flagged cells
LoadBalance: Number of grids moved = 65 out of 79 (0.000138208 seconds elapsed)
DetermineSGSize: MaxSubgridSize = 2000, MinSubgridEdge = 4, ncells = 42528
RebuildHierarchy[5]: Flagged 0/79 grids. 0 flagged cells
Level[3]: dt = 0.00656293  0.00656293 (0.0131213/0.0138994)
Level[4]: dt = 0.00316786  0.00316786 (0.00316786/0.00656293)
Level[5]: dt = 0.00149097  0.00149097 (0.00149097/0.00316786)
RebuildHierarchy: level = 5
TransferSubgridParticles[5]: Moved 3 particles, 0 stars, 0 active particles.
DetermineSGSize: MaxSubgridSize = 2000, MinSubgridEdge = 4, ncells = 42520
RebuildHierarchy[5]: Flagged 0/79 grids. 0 flagged cells
Level[5]: dt = 0.00148661  0.00148661 (0.00297758/0.00316786)
RebuildHierarchy: level = 5
TransferSubgridParticles[5]: Moved 0 particles, 0 stars, 0 active particles.
DetermineSGSize: MaxSubgridSize = 2000, MinSubgridEdge = 4, ncells = 42520
RebuildHierarchy[5]: Flagged 0/79 grids. 0 flagged cells
Level[5]: dt = 0.000190281  0.00148281 (0.00316786/0.00316786)
EvolveLevel[5]: NumberOfSubCycles = 3 (10 total, 3 sub)
RebuildHierarchy: level = 4
TransferSubgridParticles[4]: Moved 0 particles, 0 stars, 0 active particles.
DetermineSGSize: MaxSubgridSize = 2000, MinSubgridEdge = 4, ncells = 42520
RebuildHierarchy[4]: Flagged 76/115 grids. 4362 flagged cells
LoadBalance: Number of grids moved = 64 out of 78 (0.000185311 seconds elapsed)
DetermineSGSize: MaxSubgridSize = 2000, MinSubgridEdge = 4, ncells = 42520
RebuildHierarchy[5]: Flagged 0/78 grids. 0 flagged cells
Level[4]: dt = 0.00316866  0.00316866 (0.00633652/0.00656293)
Level[5]: dt = 0.00148238  0.00148238 (0.00148238/0.00316866)
RebuildHierarchy: level = 5
TransferSubgridParticles[5]: Moved 0 particles, 0 stars, 0 active particles.
DetermineSGSize: MaxSubgridSize = 2000, MinSubgridEdge = 4, ncells = 42328
RebuildHierarchy[5]: Flagged 0/78 grids. 0 flagged cells
Level[5]: dt = 0.00147939  0.00147939 (0.00296177/0.00316866)
RebuildHierarchy: level = 5
TransferSubgridParticles[5]: Moved 0 particles, 0 stars, 0 active particles.
DetermineSGSize: MaxSubgridSize = 2000, MinSubgridEdge = 4, ncells = 42328
RebuildHierarchy[5]: Flagged 0/78 grids. 0 flagged cells
Level[5]: dt = 0.000206898  0.00147678 (0.00316866/0.00316866)
EvolveLevel[5]: NumberOfSubCycles = 3 (13 total, 3 sub)
Level[4]: dt = 0.000226406  0.00316929 (0.00656293/0.00656293)
Level[5]: dt = 0.000226406  0.00147645 (0.000226406/0.000226406)
EvolveLevel[5]: NumberOfSubCycles = 1 (14 total, 1 sub)
EvolveLevel[4]: NumberOfSubCycles = 3 (6 total, 3 sub)
Level[3]: dt = 0.000778025  0.00656846 (0.0138994/0.0138994)
Level[4]: dt = 0.000778025  0.00316933 (0.000778025/0.000778025)
Level[5]: dt = 0.000778025  0.0014761 (0.000778025/0.000778025)
EvolveLevel[5]: NumberOfSubCycles = 1 (15 total, 1 sub)
EvolveLevel[4]: NumberOfSubCycles = 1 (7 total, 1 sub)
EvolveLevel[3]: NumberOfSubCycles = 3 (3 total, 3 sub)
RebuildHierarchy: level = 2
TransferSubgridParticles[2]: Moved 7368 particles, 0 stars, 0 active particles.
DetermineSGSize: MaxSubgridSize = 2000, MinSubgridEdge = 4, ncells = 262176
RebuildHierarchy[2]: Flagged 327/1311 grids. 20589 flagged cells
LoadBalance: Number of grids moved = 374 out of 378 (0.000143033 seconds elapsed)
DetermineSGSize: MaxSubgridSize = 2000, MinSubgridEdge = 4, ncells = 54720
RebuildHierarchy[3]: Flagged 111/378 grids. 5627 flagged cells
LoadBalance: Number of grids moved = 114 out of 114 (0.00240529 seconds elapsed)
DetermineSGSize: MaxSubgridSize = 2000, MinSubgridEdge = 4, ncells = 42328
RebuildHierarchy[4]: Flagged 75/114 grids. 4392 flagged cells
LoadBalance: Number of grids moved = 74 out of 77 (0.00019392 seconds elapsed)
DetermineSGSize: MaxSubgridSize = 2000, MinSubgridEdge = 4, ncells = 42328
RebuildHierarchy[5]: Flagged 0/77 grids. 0 flagged cells
Level[2]: dt = 0.0141312  0.0141312 (0.0280305/0.0325135)
Level[3]: dt = 0.00656918  0.00656918 (0.00656918/0.0141312)
Level[4]: dt = 0.00316946  0.00316946 (0.00316946/0.00656918)
Level[5]: dt = 0.00147501  0.00147501 (0.00147501/0.00316946)
RebuildHierarchy: level = 5
TransferSubgridParticles[5]: Moved 0 particles, 0 stars, 0 active particles.
DetermineSGSize: MaxSubgridSize = 2000, MinSubgridEdge = 4, ncells = 42608
RebuildHierarchy[5]: Flagged 0/77 grids. 0 flagged cells
Level[5]: dt = 0.00147336  0.00147336 (0.00294837/0.00316946)
RebuildHierarchy: level = 5
TransferSubgridParticles[5]: Moved 0 particles, 0 stars, 0 active particles.
DetermineSGSize: MaxSubgridSize = 2000, MinSubgridEdge = 4, ncells = 42608
RebuildHierarchy[5]: Flagged 0/77 grids. 0 flagged cells
Level[5]: dt = 0.000221091  0.00147216 (0.00316946/0.00316946)
EvolveLevel[5]: NumberOfSubCycles = 3 (18 total, 3 sub)
RebuildHierarchy: level = 4
TransferSubgridParticles[4]: Moved 1 particles, 0 stars, 0 active particles.
DetermineSGSize: MaxSubgridSize = 2000, MinSubgridEdge = 4, ncells = 42608
RebuildHierarchy[4]: Flagged 76/114 grids. 4437 flagged cells
LoadBalance: Number of grids moved = 75 out of 78 (0.000141907 seconds elapsed)
DetermineSGSize: MaxSubgridSize = 2000, MinSubgridEdge = 4, ncells = 42608
RebuildHierarchy[5]: Flagged 0/78 grids. 0 flagged cells
Level[4]: dt = 0.00316993  0.00316993 (0.00633938/0.00656918)
Level[5]: dt = 0.00147201  0.00147201 (0.00147201/0.00316993)
RebuildHierarchy: level = 5
TransferSubgridParticles[5]: Moved 1 particles, 0 stars, 0 active particles.
DetermineSGSize: MaxSubgridSize = 2000, MinSubgridEdge = 4, ncells = 42808
RebuildHierarchy[5]: Flagged 0/78 grids. 0 flagged cells
Level[5]: dt = 0.00147124  0.00147124 (0.00294324/0.00316993)
RebuildHierarchy: level = 5
TransferSubgridParticles[5]: Moved 0 particles, 0 stars, 0 active particles.
DetermineSGSize: MaxSubgridSize = 2000, MinSubgridEdge = 4, ncells = 42808
RebuildHierarchy[5]: Flagged 0/78 grids. 0 flagged cells
Level[5]: dt = 0.000226683  0.00147083 (0.00316993/0.00316993)
EvolveLevel[5]: NumberOfSubCycles = 3 (21 total, 3 sub)
Level[4]: dt = 0.000229797  0.00317037 (0.00656918/0.00656918)
Level[5]: dt = 0.000229797  0.00147077 (0.000229797/0.000229797)
EvolveLevel[5]: NumberOfSubCycles = 1 (22 total, 1 sub)
EvolveLevel[4]: NumberOfSubCycles = 3 (10 total, 3 sub)
RebuildHierarchy: level = 3
TransferSubgridParticles[3]: Moved 40 particles, 0 stars, 0 active particles.
DetermineSGSize: MaxSubgridSize = 2000, MinSubgridEdge = 4, ncells = 54952
RebuildHierarchy[3]: Flagged 113/378 grids. 5761 flagged cells
LoadBalance: Number of grids moved = 118 out of 118 (0.00233463 seconds elapsed)
DetermineSGSize: MaxSubgridSize = 2000, MinSubgridEdge = 4, ncells = 42808
RebuildHierarchy[4]: Flagged 76/118 grids. 4439 flagged cells
LoadBalance: Number of grids moved = 75 out of 78 (0.000142459 seconds elapsed)
DetermineSGSize: MaxSubgridSize = 2000, MinSubgridEdge = 4, ncells = 42808
RebuildHierarchy[5]: Flagged 0/78 grids. 0 flagged cells
Level[3]: dt = 0.00657583  0.00657583 (0.013145/0.0141312)
Level[4]: dt = 0.0031704  0.0031704 (0.0031704/0.00657583)
Level[5]: dt = 0.00147072  0.00147072 (0.00147072/0.0031704)
RebuildHierarchy: level = 5
TransferSubgridParticles[5]: Moved 1 particles, 0 stars, 0 active particles.
DetermineSGSize: MaxSubgridSize = 2000, MinSubgridEdge = 4, ncells = 42968
RebuildHierarchy[5]: Flagged 0/78 grids. 0 flagged cells
Level[5]: dt = 0.0014708  0.0014708 (0.00294152/0.0031704)
RebuildHierarchy: level = 5
TransferSubgridParticles[5]: Moved 0 particles, 0 stars, 0 active particles.
DetermineSGSize: MaxSubgridSize = 2000, MinSubgridEdge = 4, ncells = 42968
RebuildHierarchy[5]: Flagged 0/78 grids. 0 flagged cells
Level[5]: dt = 0.000228877  0.0014712 (0.0031704/0.0031704)
EvolveLevel[5]: NumberOfSubCycles = 3 (25 total, 3 sub)
RebuildHierarchy: level = 4
TransferSubgridParticles[4]: Moved 1 particles, 0 stars, 0 active particles.
DetermineSGSize: MaxSubgridSize = 2000, MinSubgridEdge = 4, ncells = 42968
RebuildHierarchy[4]: Flagged 76/118 grids. 4463 flagged cells
LoadBalance: Number of grids moved = 75 out of 78 (0.000186026 seconds elapsed)
DetermineSGSize: MaxSubgridSize = 2000, MinSubgridEdge = 4, ncells = 42968
RebuildHierarchy[5]: Flagged 0/78 grids. 0 flagged cells
Level[4]: dt = 0.00317086  0.00317086 (0.00634126/0.00657583)
Level[5]: dt = 0.0014713  0.0014713 (0.0014713/0.00317086)
RebuildHierarchy: level = 5
TransferSubgridParticles[5]: Moved 1 particles, 0 stars, 0 active particles.
DetermineSGSize: MaxSubgridSize = 2000, MinSubgridEdge = 4, ncells = 43256
RebuildHierarchy[5]: Flagged 0/78 grids. 0 flagged cells
Level[5]: dt = 0.00147231  0.00147231 (0.00294361/0.00317086)
RebuildHierarchy: level = 5
TransferSubgridParticles[5]: Moved 0 particles, 0 stars, 0 active particles.
DetermineSGSize: MaxSubgridSize = 2000, MinSubgridEdge = 4, ncells = 43256
RebuildHierarchy[5]: Flagged 0/78 grids. 0 flagged cells
Level[5]: dt = 0.000227251  0.00147246 (0.00317086/0.00317086)
EvolveLevel[5]: NumberOfSubCycles = 3 (28 total, 3 sub)
Level[4]: dt = 0.000234572  0.00317135 (0.00657583/0.00657583)
Level[5]: dt = 0.000234572  0.00147243 (0.000234572/0.000234572)
EvolveLevel[5]: NumberOfSubCycles = 1 (29 total, 1 sub)
EvolveLevel[4]: NumberOfSubCycles = 3 (13 total, 3 sub)
Level[3]: dt = 0.000986163  0.0065842 (0.0141312/0.0141312)
Level[4]: dt = 0.000986163  0.00317138 (0.000986163/0.000986163)
Level[5]: dt = 0.000986163  0.0014724 (0.000986163/0.000986163)
EvolveLevel[5]: NumberOfSubCycles = 1 (30 total, 1 sub)
EvolveLevel[4]: NumberOfSubCycles = 1 (14 total, 1 sub)
EvolveLevel[3]: NumberOfSubCycles = 3 (6 total, 3 sub)
Level[2]: dt = 0.00448292  0.0141812 (0.0325135/0.0325135)
Level[3]: dt = 0.00448292  0.00658563 (0.00448292/0.00448292)
Level[4]: dt = 0.00317152  0.00317152 (0.00317152/0.00448292)
Level[5]: dt = 0.0014723  0.0014723 (0.0014723/0.00317152)
RebuildHierarchy: level = 5
TransferSubgridParticles[5]: Moved 1 particles, 0 stars, 0 active particles.
DetermineSGSize: MaxSubgridSize = 2000, MinSubgridEdge = 4, ncells = 43256
RebuildHierarchy[5]: Flagged 0/78 grids. 0 flagged cells
Level[5]: dt = 0.00147216  0.00147216 (0.00294446/0.00317152)
RebuildHierarchy: level = 5
TransferSubgridParticles[5]: Moved 0 particles, 0 stars, 0 active particles.
DetermineSGSize: MaxSubgridSize = 2000, MinSubgridEdge = 4, ncells = 43256
RebuildHierarchy[5]: Flagged 0/78 grids. 0 flagged cells
Level[5]: dt = 0.000227058  0.00147217 (0.00317152/0.00317152)
EvolveLevel[5]: NumberOfSubCycles = 3 (33 total, 3 sub)
RebuildHierarchy: level = 4
TransferSubgridParticles[4]: Moved 6 particles, 0 stars, 0 active particles.
DetermineSGSize: MaxSubgridSize = 2000, MinSubgridEdge = 4, ncells = 43256
RebuildHierarchy[4]: Flagged 77/118 grids. 4477 flagged cells
LoadBalance: Number of grids moved = 76 out of 79 (0.000168476 seconds elapsed)
DetermineSGSize: MaxSubgridSize = 2000, MinSubgridEdge = 4, ncells = 43256
RebuildHierarchy[5]: Flagged 0/79 grids. 0 flagged cells
Level[4]: dt = 0.0013114  0.00317199 (0.00448292/0.00448292)
Level[5]: dt = 0.0013114  0.00147218 (0.0013114/0.0013114)
EvolveLevel[5]: NumberOfSubCycles = 1 (34 total, 1 sub)
EvolveLevel[4]: NumberOfSubCycles = 2 (16 total, 2 sub)
EvolveLevel[3]: NumberOfSubCycles = 1 (7 total, 1 sub)
EvolveLevel[2]: NumberOfSubCycles = 3 (3 total, 3 sub)
RebuildHierarchy: level = 1
TransferSubgridParticles[1]: Moved 95076 particles, 0 stars, 0 active particles.
DetermineSGSize: MaxSubgridSize = 2000, MinSubgridEdge = 4, ncells = 1227088
RebuildHierarchy[1]: Flagged 882/8445 grids. 85015 flagged cells
LoadBalance: Number of grids moved = 1300 out of 1313 (0.00403312 seconds elapsed)
DetermineSGSize: MaxSubgridSize = 2000, MinSubgridEdge = 4, ncells = 263328
RebuildHierarchy[2]: Flagged 328/1313 grids. 20718 flagged cells
LoadBalance: Number of grids moved = 377 out of 381 (0.000148732 seconds elapsed)
DetermineSGSize: MaxSubgridSize = 2000, MinSubgridEdge = 4, ncells = 56080
RebuildHierarchy[3]: Flagged 113/381 grids. 5692 flagged cells
LoadBalance: Number of grids moved = 116 out of 116 (0.00249869 seconds elapsed)
DetermineSGSize: MaxSubgridSize = 2000, MinSubgridEdge = 4, ncells = 43136
RebuildHierarchy[4]: Flagged 77/116 grids. 4497 flagged cells
LoadBalance: Number of grids moved = 77 out of 79 (0.000194944 seconds elapsed)
DetermineSGSize: MaxSubgridSize = 2000, MinSubgridEdge = 4, ncells = 43136
RebuildHierarchy[5]: Flagged 0/79 grids. 0 flagged cells
Level[1]: dt = 0.0336513  0.0324471 (0.0661648/0.0661648)
Level[2]: dt = 0.0141982  0.0141982 (0.0141982/0.0336513)
Level[3]: dt = 0.0065923  0.0065923 (0.0065923/0.0141982)
Level[4]: dt = 0.00317219  0.00317219 (0.00317219/0.0065923)
Level[5]: dt = 0.00147245  0.00147245 (0.00147245/0.00317219)
RebuildHierarchy: level = 5
TransferSubgridParticles[5]: Moved 0 particles, 0 stars, 0 active particles.
DetermineSGSize: MaxSubgridSize = 2000, MinSubgridEdge = 4, ncells = 43208
RebuildHierarchy[5]: Flagged 0/79 grids. 0 flagged cells
Level[5]: dt = 0.00147067  0.00147067 (0.00294312/0.00317219)
RebuildHierarchy: level = 5
TransferSubgridParticles[5]: Moved 1 particles, 0 stars, 0 active particles.
DetermineSGSize: MaxSubgridSize = 2000, MinSubgridEdge = 4, ncells = 43208
RebuildHierarchy[5]: Flagged 0/79 grids. 0 flagged cells
Level[5]: dt = 0.000229075  0.00146639 (0.00317219/0.00317219)
EvolveLevel[5]: NumberOfSubCycles = 3 (37 total, 3 sub)
RebuildHierarchy: level = 4
TransferSubgridParticles[4]: Moved 3 particles, 0 stars, 0 active particles.
DetermineSGSize: MaxSubgridSize = 2000, MinSubgridEdge = 4, ncells = 43208
RebuildHierarchy[4]: Flagged 77/116 grids. 4501 flagged cells
LoadBalance: Number of grids moved = 77 out of 79 (0.00017998 seconds elapsed)
DetermineSGSize: MaxSubgridSize = 2000, MinSubgridEdge = 4, ncells = 43208
RebuildHierarchy[5]: Flagged 0/79 grids. 0 flagged cells
Level[4]: dt = 0.00317265  0.00317265 (0.00634485/0.0065923)
Level[5]: dt = 0.0014658  0.0014658 (0.0014658/0.00317265)
RebuildHierarchy: level = 5
TransferSubgridParticles[5]: Moved 1 particles, 0 stars, 0 active particles.
DetermineSGSize: MaxSubgridSize = 2000, MinSubgridEdge = 4, ncells = 43296
RebuildHierarchy[5]: Flagged 0/79 grids. 0 flagged cells
Level[5]: dt = 0.00146226  0.00146226 (0.00292806/0.00317265)
RebuildHierarchy: level = 5
TransferSubgridParticles[5]: Moved 2 particles, 0 stars, 0 active particles.
DetermineSGSize: MaxSubgridSize = 2000, MinSubgridEdge = 4, ncells = 43296
RebuildHierarchy[5]: Flagged 0/79 grids. 0 flagged cells
Level[5]: dt = 0.00024459  0.0014592 (0.00317265/0.00317265)
EvolveLevel[5]: NumberOfSubCycles = 3 (40 total, 3 sub)
Level[4]: dt = 0.000247451  0.00317316 (0.0065923/0.0065923)
Level[5]: dt = 0.000247451  0.00145875 (0.000247451/0.000247451)
EvolveLevel[5]: NumberOfSubCycles = 1 (41 total, 1 sub)
EvolveLevel[4]: NumberOfSubCycles = 3 (19 total, 3 sub)
RebuildHierarchy: level = 3
TransferSubgridParticles[3]: Moved 27 particles, 0 stars, 0 active particles.
DetermineSGSize: MaxSubgridSize = 2000, MinSubgridEdge = 4, ncells = 55320
RebuildHierarchy[3]: Flagged 113/381 grids. 5682 flagged cells
LoadBalance: Number of grids moved = 116 out of 116 (0.00236235 seconds elapsed)
DetermineSGSize: MaxSubgridSize = 2000, MinSubgridEdge = 4, ncells = 43296
RebuildHierarchy[4]: Flagged 77/116 grids. 4502 flagged cells
LoadBalance: Number of grids moved = 77 out of 79 (0.000177361 seconds elapsed)
DetermineSGSize: MaxSubgridSize = 2000, MinSubgridEdge = 4, ncells = 43296
RebuildHierarchy[5]: Flagged 0/79 grids. 0 flagged cells
Level[3]: dt = 0.00660384  0.00660384 (0.0131961/0.0141982)
Level[4]: dt = 0.00317321  0.00317321 (0.00317321/0.00660384)
Level[5]: dt = 0.00145832  0.00145832 (0.00145832/0.00317321)
RebuildHierarchy: level = 5
TransferSubgridParticles[5]: Moved 0 particles, 0 stars, 0 active particles.
DetermineSGSize: MaxSubgridSize = 2000, MinSubgridEdge = 4, ncells = 43200
RebuildHierarchy[5]: Flagged 0/79 grids. 0 flagged cells
Level[5]: dt = 0.001456  0.001456 (0.00291432/0.00317321)
RebuildHierarchy: level = 5
TransferSubgridParticles[5]: Moved 0 particles, 0 stars, 0 active particles.
DetermineSGSize: MaxSubgridSize = 2000, MinSubgridEdge = 4, ncells = 43200
RebuildHierarchy[5]: Flagged 0/79 grids. 0 flagged cells
Level[5]: dt = 0.000258893  0.00145001 (0.00317321/0.00317321)
EvolveLevel[5]: NumberOfSubCycles = 3 (44 total, 3 sub)
RebuildHierarchy: level = 4
TransferSubgridParticles[4]: Moved 2 particles, 0 stars, 0 active particles.
DetermineSGSize: MaxSubgridSize = 2000, MinSubgridEdge = 4, ncells = 43200
RebuildHierarchy[4]: Flagged 77/116 grids. 4535 flagged cells
LoadBalance: Number of grids moved = 77 out of 79 (0.000135876 seconds elapsed)
DetermineSGSize: MaxSubgridSize = 2000, MinSubgridEdge = 4, ncells = 43200
RebuildHierarchy[5]: Flagged 0/79 grids. 0 flagged cells
Level[4]: dt = 0.00317382  0.00317382 (0.00634703/0.00660384)
Level[5]: dt = 0.00144905  0.00144905 (0.00144905/0.00317382)
RebuildHierarchy: level = 5
TransferSubgridParticles[5]: Moved 3 particles, 0 stars, 0 active particles.
DetermineSGSize: MaxSubgridSize = 2000, MinSubgridEdge = 4, ncells = 43752
RebuildHierarchy[5]: Flagged 0/79 grids. 0 flagged cells
Level[5]: dt = 0.00144417  0.00144417 (0.00289322/0.00317382)
RebuildHierarchy: level = 5
TransferSubgridParticles[5]: Moved 1 particles, 0 stars, 0 active particles.
DetermineSGSize: MaxSubgridSize = 2000, MinSubgridEdge = 4, ncells = 43752
RebuildHierarchy[5]: Flagged 0/79 grids. 0 flagged cells
Level[5]: dt = 0.000280596  0.00143974 (0.00317382/0.00317382)
EvolveLevel[5]: NumberOfSubCycles = 3 (47 total, 3 sub)
Level[4]: dt = 0.000256816  0.00317452 (0.00660384/0.00660384)
Level[5]: dt = 0.000256816  0.00143904 (0.000256816/0.000256816)
EvolveLevel[5]: NumberOfSubCycles = 1 (48 total, 1 sub)
EvolveLevel[4]: NumberOfSubCycles = 3 (22 total, 3 sub)
Level[3]: dt = 0.0010021  0.00661743 (0.0141982/0.0141982)
Level[4]: dt = 0.0010021  0.00317459 (0.0010021/0.0010021)
Level[5]: dt = 0.0010021  0.00143842 (0.0010021/0.0010021)
EvolveLevel[5]: NumberOfSubCycles = 1 (49 total, 1 sub)
EvolveLevel[4]: NumberOfSubCycles = 1 (23 total, 1 sub)
EvolveLevel[3]: NumberOfSubCycles = 3 (10 total, 3 sub)
RebuildHierarchy: level = 2
TransferSubgridParticles[2]: Moved 226 particles, 0 stars, 0 active particles.
DetermineSGSize: MaxSubgridSize = 2000, MinSubgridEdge = 4, ncells = 261912
RebuildHierarchy[2]: Flagged 332/1313 grids. 21005 flagged cells
LoadBalance: Number of grids moved = 384 out of 388 (0.000151441 seconds elapsed)
DetermineSGSize: MaxSubgridSize = 2000, MinSubgridEdge = 4, ncells = 55136
RebuildHierarchy[3]: Flagged 114/388 grids. 5724 flagged cells
LoadBalance: Number of grids moved = 118 out of 118 (0.000499882 seconds elapsed)
DetermineSGSize: MaxSubgridSize = 2000, MinSubgridEdge = 4, ncells = 43752
RebuildHierarchy[4]: Flagged 77/118 grids. 4555 flagged cells
LoadBalance: Number of grids moved = 79 out of 79 (0.0024819 seconds elapsed)
DetermineSGSize: MaxSubgridSize = 2000, MinSubgridEdge = 4, ncells = 43752
RebuildHierarchy[5]: Flagged 0/79 grids. 0 flagged cells
Level[2]: dt = 0.0142501  0.0142501 (0.0284483/0.0336513)
Level[3]: dt = 0.00661981  0.00661981 (0.00661981/0.0142501)
Level[4]: dt = 0.00317483  0.00317483 (0.00317483/0.00661981)
Level[5]: dt = 0.0014361  0.0014361 (0.0014361/0.00317483)
RebuildHierarchy: level = 5
TransferSubgridParticles[5]: Moved 0 particles, 0 stars, 0 active particles.
DetermineSGSize: MaxSubgridSize = 2000, MinSubgridEdge = 4, ncells = 43960
RebuildHierarchy[5]: Flagged 0/79 grids. 0 flagged cells
Level[5]: dt = 0.00143368  0.00143368 (0.00286978/0.00317483)
RebuildHierarchy: level = 5
TransferSubgridParticles[5]: Moved 0 particles, 0 stars, 0 active particles.
DetermineSGSize: MaxSubgridSize = 2000, MinSubgridEdge = 4, ncells = 43960
RebuildHierarchy[5]: Flagged 0/79 grids. 0 flagged cells
Level[5]: dt = 0.000305053  0.00143239 (0.00317483/0.00317483)
EvolveLevel[5]: NumberOfSubCycles = 3 (52 total, 3 sub)
RebuildHierarchy: level = 4
TransferSubgridParticles[4]: Moved 3 particles, 0 stars, 0 active particles.
DetermineSGSize: MaxSubgridSize = 2000, MinSubgridEdge = 4, ncells = 43960
RebuildHierarchy[4]: Flagged 77/118 grids. 4571 flagged cells
LoadBalance: Number of grids moved = 79 out of 79 (0.00261817 seconds elapsed)
DetermineSGSize: MaxSubgridSize = 2000, MinSubgridEdge = 4, ncells = 43960
RebuildHierarchy[5]: Flagged 0/79 grids. 0 flagged cells
Level[4]: dt = 0.00317561  0.00317561 (0.00635044/0.00661981)
Level[5]: dt = 0.00143214  0.00143214 (0.00143214/0.00317561)
RebuildHierarchy: level = 5
TransferSubgridParticles[5]: Moved 1 particles, 0 stars, 0 active particles.
DetermineSGSize: MaxSubgridSize = 2000, MinSubgridEdge = 4, ncells = 44056
RebuildHierarchy[5]: Flagged 0/79 grids. 0 flagged cells
Level[5]: dt = 0.00143144  0.00143144 (0.00286357/0.00317561)
RebuildHierarchy: level = 5
TransferSubgridParticles[5]: Moved 1 particles, 0 stars, 0 active particles.
DetermineSGSize: MaxSubgridSize = 2000, MinSubgridEdge = 4, ncells = 44056
RebuildHierarchy[5]: Flagged 0/79 grids. 0 flagged cells
Level[5]: dt = 0.000312034  0.0014316 (0.00317561/0.00317561)
EvolveLevel[5]: NumberOfSubCycles = 3 (55 total, 3 sub)
Level[4]: dt = 0.000269371  0.00317642 (0.00661981/0.00661981)
Level[5]: dt = 0.000269371  0.00143165 (0.000269371/0.000269371)
EvolveLevel[5]: NumberOfSubCycles = 1 (56 total, 1 sub)
EvolveLevel[4]: NumberOfSubCycles = 3 (26 total, 3 sub)
RebuildHierarchy: level = 3
TransferSubgridParticles[3]: Moved 26 particles, 0 stars, 0 active particles.
DetermineSGSize: MaxSubgridSize = 2000, MinSubgridEdge = 4, ncells = 55024
RebuildHierarchy[3]: Flagged 114/388 grids. 5675 flagged cells
LoadBalance: Number of grids moved = 117 out of 117 (0.000710443 seconds elapsed)
DetermineSGSize: MaxSubgridSize = 2000, MinSubgridEdge = 4, ncells = 44056
RebuildHierarchy[4]: Flagged 77/117 grids. 4587 flagged cells
LoadBalance: Number of grids moved = 79 out of 79 (0.00254963 seconds elapsed)
DetermineSGSize: MaxSubgridSize = 2000, MinSubgridEdge = 4, ncells = 44056
RebuildHierarchy[5]: Flagged 0/79 grids. 0 flagged cells
Level[3]: dt = 0.00663659  0.00663659 (0.0132564/0.0142501)
Level[4]: dt = 0.0031765  0.0031765 (0.0031765/0.00663659)
Level[5]: dt = 0.00143171  0.00143171 (0.00143171/0.0031765)
RebuildHierarchy: level = 5
TransferSubgridParticles[5]: Moved 0 particles, 0 stars, 0 active particles.
DetermineSGSize: MaxSubgridSize = 2000, MinSubgridEdge = 4, ncells = 44360
RebuildHierarchy[5]: Flagged 0/79 grids. 0 flagged cells
Level[5]: dt = 0.00143257  0.00143257 (0.00286429/0.0031765)
RebuildHierarchy: level = 5
TransferSubgridParticles[5]: Moved 0 particles, 0 stars, 0 active particles.
DetermineSGSize: MaxSubgridSize = 2000, MinSubgridEdge = 4, ncells = 44360
RebuildHierarchy[5]: Flagged 0/79 grids. 0 flagged cells
Level[5]: dt = 0.000312209  0.00143344 (0.0031765/0.0031765)
EvolveLevel[5]: NumberOfSubCycles = 3 (59 total, 3 sub)
RebuildHierarchy: level = 4
TransferSubgridParticles[4]: Moved 1 particles, 0 stars, 0 active particles.
DetermineSGSize: MaxSubgridSize = 2000, MinSubgridEdge = 4, ncells = 44360
RebuildHierarchy[4]: Flagged 77/117 grids. 4561 flagged cells
LoadBalance: Number of grids moved = 79 out of 79 (0.00257645 seconds elapsed)
DetermineSGSize: MaxSubgridSize = 2000, MinSubgridEdge = 4, ncells = 44360
RebuildHierarchy[5]: Flagged 0/79 grids. 0 flagged cells
Level[4]: dt = 0.00317636  0.00317636 (0.00635286/0.00663659)
Level[5]: dt = 0.00143373  0.00143373 (0.00143373/0.00317636)
RebuildHierarchy: level = 5
TransferSubgridParticles[5]: Moved 1 particles, 0 stars, 0 active particles.
DetermineSGSize: MaxSubgridSize = 2000, MinSubgridEdge = 4, ncells = 43880
RebuildHierarchy[5]: Flagged 0/79 grids. 0 flagged cells
Level[5]: dt = 0.00143542  0.00143542 (0.00286915/0.00317636)
RebuildHierarchy: level = 5
TransferSubgridParticles[5]: Moved 1 particles, 0 stars, 0 active particles.
DetermineSGSize: MaxSubgridSize = 2000, MinSubgridEdge = 4, ncells = 43880
RebuildHierarchy[5]: Flagged 0/79 grids. 0 flagged cells
Level[5]: dt = 0.00030721  0.00143707 (0.00317636/0.00317636)
EvolveLevel[5]: NumberOfSubCycles = 3 (62 total, 3 sub)
Level[4]: dt = 0.00028373  0.00315457 (0.00663659/0.00663659)
Level[5]: dt = 0.00028373  0.00143752 (0.00028373/0.00028373)
EvolveLevel[5]: NumberOfSubCycles = 1 (63 total, 1 sub)
EvolveLevel[4]: NumberOfSubCycles = 3 (29 total, 3 sub)
Level[3]: dt = 0.000993696  0.00665384 (0.0142501/0.0142501)
Level[4]: dt = 0.000993696  0.00315337 (0.000993696/0.000993696)
Level[5]: dt = 0.000993696  0.00143794 (0.000993696/0.000993696)
EvolveLevel[5]: NumberOfSubCycles = 1 (64 total, 1 sub)
EvolveLevel[4]: NumberOfSubCycles = 1 (30 total, 1 sub)
EvolveLevel[3]: NumberOfSubCycles = 3 (13 total, 3 sub)
Level[2]: dt = 0.005203  0.0143001 (0.0336513/0.0336513)
Level[3]: dt = 0.005203  0.0066525 (0.005203/0.005203)
Level[4]: dt = 0.00314962  0.00314962 (0.00314962/0.005203)
Level[5]: dt = 0.00143957  0.00143957 (0.00143957/0.00314962)
RebuildHierarchy: level = 5
TransferSubgridParticles[5]: Moved 0 particles, 0 stars, 0 active particles.
DetermineSGSize: MaxSubgridSize = 2000, MinSubgridEdge = 4, ncells = 43880
RebuildHierarchy[5]: Flagged 0/79 grids. 0 flagged cells
Level[5]: dt = 0.00144256  0.00144256 (0.00288214/0.00314962)
RebuildHierarchy: level = 5
TransferSubgridParticles[5]: Moved 1 particles, 0 stars, 0 active particles.
DetermineSGSize: MaxSubgridSize = 2000, MinSubgridEdge = 4, ncells = 43880
RebuildHierarchy[5]: Flagged 0/79 grids. 0 flagged cells
Level[5]: dt = 0.000267481  0.00144591 (0.00314962/0.00314962)
EvolveLevel[5]: NumberOfSubCycles = 3 (67 total, 3 sub)
RebuildHierarchy: level = 4
TransferSubgridParticles[4]: Moved 5 particles, 0 stars, 0 active particles.
DetermineSGSize: MaxSubgridSize = 2000, MinSubgridEdge = 4, ncells = 43880
RebuildHierarchy[4]: Flagged 77/117 grids. 4549 flagged cells
LoadBalance: Number of grids moved = 79 out of 79 (0.00261837 seconds elapsed)
DetermineSGSize: MaxSubgridSize = 2000, MinSubgridEdge = 4, ncells = 43880
RebuildHierarchy[5]: Flagged 0/79 grids. 0 flagged cells
Level[4]: dt = 0.00205338  0.00314354 (0.005203/0.005203)
Level[5]: dt = 0.00144656  0.00144656 (0.00144656/0.00205338)
RebuildHierarchy: level = 5
TransferSubgridParticles[5]: Moved 0 particles, 0 stars, 0 active particles.
DetermineSGSize: MaxSubgridSize = 2000, MinSubgridEdge = 4, ncells = 44232
RebuildHierarchy[5]: Flagged 0/79 grids. 0 flagged cells
Level[5]: dt = 0.000606815  0.00145047 (0.00205338/0.00205338)
EvolveLevel[5]: NumberOfSubCycles = 2 (69 total, 2 sub)
EvolveLevel[4]: NumberOfSubCycles = 2 (32 total, 2 sub)
EvolveLevel[3]: NumberOfSubCycles = 1 (14 total, 1 sub)
EvolveLevel[2]: NumberOfSubCycles = 3 (6 total, 3 sub)
EvolveLevel[1]: NumberOfSubCycles = 2 (2 total, 2 sub)
EvolveLevel[0]: NumberOfSubCycles = 1 (1 total, 1 sub)
CPUTime-output: Frac = 0.999687, Current = 811.813 (811.813), Stop = 2592000.000000, Last = 811.813
[YT_INFO   ] Setting YT parameters ...
[YT_INFO   ] Setting YT parameters ... done.
[YT_INFO   ] Getting pointer to particle list information ...
[YT_INFO   ] Getting pointer to particle list information  ... done.
[YT_INFO   ] Getting pointer to field list information ...
[YT_INFO   ] Getting pointer to field list information  ... done.
[YT_INFO   ] Getting pointer to local grids information ...
[YT_INFO   ] Getting pointer to local grids information  ... done.
[YT_INFO   ] Loading full hierarchy and local data to libyt ...
[YT_INFO   ] Loading full hierarchy and local data ... done.
[YT_INFO   ] Performing YT inline analysis yt_inline_func() ...
[YT_INFO   ] Performing YT inline analysis yt_inline_func() ... done.
Level[0]: dt = 0.0662138  0.0662138 (0.0662138/0.0662138)
Level[1]: dt = 0.0323926  0.0323926 (0.0323926/0.0662138)
Level[2]: dt = 0.0143178  0.0143178 (0.0143178/0.0323926)
Level[3]: dt = 0.00664633  0.00664633 (0.00664633/0.0143178)
Level[4]: dt = 0.00311324  0.00311324 (0.00311324/0.00664633)
Level[5]: dt = 0.00145213  0.00145213 (0.00145213/0.00311324)
RebuildHierarchy: level = 5
TransferSubgridParticles[5]: Moved 1 particles, 0 stars, 0 active particles.
DetermineSGSize: MaxSubgridSize = 2000, MinSubgridEdge = 4, ncells = 44232
RebuildHierarchy[5]: Flagged 0/79 grids. 0 flagged cells
Level[5]: dt = 0.00145619  0.00145619 (0.00290832/0.00311324)
RebuildHierarchy: level = 5
TransferSubgridParticles[5]: Moved 0 particles, 0 stars, 0 active particles.
DetermineSGSize: MaxSubgridSize = 2000, MinSubgridEdge = 4, ncells = 44232
RebuildHierarchy[5]: Flagged 0/79 grids. 0 flagged cells
Level[5]: dt = 0.000204919  0.00146061 (0.00311324/0.00311324)
EvolveLevel[5]: NumberOfSubCycles = 3 (72 total, 3 sub)
RebuildHierarchy: level = 4
TransferSubgridParticles[4]: Moved 9 particles, 0 stars, 0 active particles.
DetermineSGSize: MaxSubgridSize = 2000, MinSubgridEdge = 4, ncells = 44232
RebuildHierarchy[4]: Flagged 77/117 grids. 4547 flagged cells
LoadBalance: Number of grids moved = 78 out of 78 (0.00186974 seconds elapsed)
DetermineSGSize: MaxSubgridSize = 2000, MinSubgridEdge = 4, ncells = 44232
RebuildHierarchy[5]: Flagged 0/78 grids. 0 flagged cells
Level[4]: dt = 0.0030716  0.0030716 (0.00618484/0.00664633)
Level[5]: dt = 0.00146122  0.00146122 (0.00146122/0.0030716)
RebuildHierarchy: level = 5
TransferSubgridParticles[5]: Moved 3 particles, 0 stars, 0 active particles.
DetermineSGSize: MaxSubgridSize = 2000, MinSubgridEdge = 4, ncells = 44408
RebuildHierarchy[5]: Flagged 0/78 grids. 0 flagged cells
Level[5]: dt = 0.00146409  0.00146409 (0.00292531/0.0030716)
RebuildHierarchy: level = 5
TransferSubgridParticles[5]: Moved 3 particles, 0 stars, 0 active particles.
DetermineSGSize: MaxSubgridSize = 2000, MinSubgridEdge = 4, ncells = 44408
RebuildHierarchy[5]: Flagged 0/78 grids. 0 flagged cells
Level[5]: dt = 0.000146292  0.00146055 (0.0030716/0.0030716)
EvolveLevel[5]: NumberOfSubCycles = 3 (75 total, 3 sub)
Level[4]: dt = 0.000461494  0.00304235 (0.00664633/0.00664633)
Level[5]: dt = 0.000461494  0.00146023 (0.000461494/0.000461494)
EvolveLevel[5]: NumberOfSubCycles = 1 (76 total, 1 sub)
EvolveLevel[4]: NumberOfSubCycles = 3 (35 total, 3 sub)
RebuildHierarchy: level = 3
TransferSubgridParticles[3]: Moved 97 particles, 0 stars, 0 active particles.
DetermineSGSize: MaxSubgridSize = 2000, MinSubgridEdge = 4, ncells = 54384
RebuildHierarchy[3]: Flagged 114/388 grids. 5726 flagged cells
LoadBalance: Number of grids moved = 119 out of 119 (0.000897866 seconds elapsed)
DetermineSGSize: MaxSubgridSize = 2000, MinSubgridEdge = 4, ncells = 44408
RebuildHierarchy[4]: Flagged 77/119 grids. 4522 flagged cells
LoadBalance: Number of grids moved = 78 out of 78 (0.00179443 seconds elapsed)
DetermineSGSize: MaxSubgridSize = 2000, MinSubgridEdge = 4, ncells = 44408
RebuildHierarchy[5]: Flagged 0/78 grids. 0 flagged cells
Level[3]: dt = 0.00664002  0.00664002 (0.0132864/0.0143178)
Level[4]: dt = 0.00303896  0.00303896 (0.00303896/0.00664002)
Level[5]: dt = 0.00145928  0.00145928 (0.00145928/0.00303896)
RebuildHierarchy: level = 5
TransferSubgridParticles[5]: Moved 1 particles, 0 stars, 0 active particles.
DetermineSGSize: MaxSubgridSize = 2000, MinSubgridEdge = 4, ncells = 44448
RebuildHierarchy[5]: Flagged 0/78 grids. 0 flagged cells
Level[5]: dt = 0.00145685  0.00145685 (0.00291613/0.00303896)
RebuildHierarchy: level = 5
TransferSubgridParticles[5]: Moved 0 particles, 0 stars, 0 active particles.
DetermineSGSize: MaxSubgridSize = 2000, MinSubgridEdge = 4, ncells = 44448
RebuildHierarchy[5]: Flagged 0/78 grids. 0 flagged cells
Level[5]: dt = 0.000122833  0.001455 (0.00303896/0.00303896)
EvolveLevel[5]: NumberOfSubCycles = 3 (79 total, 3 sub)
RebuildHierarchy: level = 4
TransferSubgridParticles[4]: Moved 5 particles, 0 stars, 0 active particles.
DetermineSGSize: MaxSubgridSize = 2000, MinSubgridEdge = 4, ncells = 44448
RebuildHierarchy[4]: Flagged 77/119 grids. 4532 flagged cells
LoadBalance: Number of grids moved = 78 out of 78 (0.00172629 seconds elapsed)
DetermineSGSize: MaxSubgridSize = 2000, MinSubgridEdge = 4, ncells = 44448
RebuildHierarchy[5]: Flagged 0/78 grids. 0 flagged cells
Level[4]: dt = 0.0030207  0.0030207 (0.00605966/0.00664002)
Level[5]: dt = 0.00145487  0.00145487 (0.00145487/0.0030207)
RebuildHierarchy: level = 5
TransferSubgridParticles[5]: Moved 0 particles, 0 stars, 0 active particles.
DetermineSGSize: MaxSubgridSize = 2000, MinSubgridEdge = 4, ncells = 44304
RebuildHierarchy[5]: Flagged 0/78 grids. 0 flagged cells
Level[5]: dt = 0.00145379  0.00145379 (0.00290866/0.0030207)
RebuildHierarchy: level = 5
TransferSubgridParticles[5]: Moved 0 particles, 0 stars, 0 active particles.
DetermineSGSize: MaxSubgridSize = 2000, MinSubgridEdge = 4, ncells = 44304
RebuildHierarchy[5]: Flagged 0/78 grids. 0 flagged cells
Level[5]: dt = 0.00011204  0.00145201 (0.0030207/0.0030207)
EvolveLevel[5]: NumberOfSubCycles = 3 (82 total, 3 sub)
Level[4]: dt = 0.00058036  0.00300938 (0.00664002/0.00664002)
Level[5]: dt = 0.00058036  0.00145164 (0.00058036/0.00058036)
EvolveLevel[5]: NumberOfSubCycles = 1 (83 total, 1 sub)
EvolveLevel[4]: NumberOfSubCycles = 3 (38 total, 3 sub)
Level[3]: dt = 0.00103143  0.00663568 (0.0143178/0.0143178)
Level[4]: dt = 0.00103143  0.00300802 (0.00103143/0.00103143)
Level[5]: dt = 0.00103143  0.00144976 (0.00103143/0.00103143)
EvolveLevel[5]: NumberOfSubCycles = 1 (84 total, 1 sub)
EvolveLevel[4]: NumberOfSubCycles = 1 (39 total, 1 sub)
EvolveLevel[3]: NumberOfSubCycles = 3 (17 total, 3 sub)
RebuildHierarchy: level = 2
TransferSubgridParticles[2]: Moved 513 particles, 0 stars, 0 active particles.
DetermineSGSize: MaxSubgridSize = 2000, MinSubgridEdge = 4, ncells = 265472
RebuildHierarchy[2]: Flagged 336/1313 grids. 21051 flagged cells
LoadBalance: Number of grids moved = 378 out of 388 (0.000149902 seconds elapsed)
DetermineSGSize: MaxSubgridSize = 2000, MinSubgridEdge = 4, ncells = 54992
RebuildHierarchy[3]: Flagged 114/388 grids. 5752 flagged cells
LoadBalance: Number of grids moved = 118 out of 118 (0.000681702 seconds elapsed)
DetermineSGSize: MaxSubgridSize = 2000, MinSubgridEdge = 4, ncells = 44304
RebuildHierarchy[4]: Flagged 76/118 grids. 4458 flagged cells
LoadBalance: Number of grids moved = 77 out of 77 (0.00175346 seconds elapsed)
DetermineSGSize: MaxSubgridSize = 2000, MinSubgridEdge = 4, ncells = 44304
RebuildHierarchy[5]: Flagged 0/77 grids. 0 flagged cells
Level[2]: dt = 0.0143637  0.0143637 (0.0286815/0.0323926)
Level[3]: dt = 0.00663525  0.00663525 (0.00663525/0.0143637)
Level[4]: dt = 0.00300631  0.00300631 (0.00300631/0.00663525)
Level[5]: dt = 0.00144686  0.00144686 (0.00144686/0.00300631)
RebuildHierarchy: level = 5
TransferSubgridParticles[5]: Moved 2 particles, 0 stars, 0 active particles.
DetermineSGSize: MaxSubgridSize = 2000, MinSubgridEdge = 4, ncells = 43736
RebuildHierarchy[5]: Flagged 0/77 grids. 0 flagged cells
Level[5]: dt = 0.00144327  0.00144327 (0.00289013/0.00300631)
RebuildHierarchy: level = 5
TransferSubgridParticles[5]: Moved 0 particles, 0 stars, 0 active particles.
DetermineSGSize: MaxSubgridSize = 2000, MinSubgridEdge = 4, ncells = 43736
RebuildHierarchy[5]: Flagged 0/77 grids. 0 flagged cells
Level[5]: dt = 0.000116183  0.00144041 (0.00300631/0.00300631)
EvolveLevel[5]: NumberOfSubCycles = 3 (87 total, 3 sub)
RebuildHierarchy: level = 4
TransferSubgridParticles[4]: Moved 1 particles, 0 stars, 0 active particles.
DetermineSGSize: MaxSubgridSize = 2000, MinSubgridEdge = 4, ncells = 43736
RebuildHierarchy[4]: Flagged 76/118 grids. 4472 flagged cells
LoadBalance: Number of grids moved = 77 out of 77 (0.00175558 seconds elapsed)
DetermineSGSize: MaxSubgridSize = 2000, MinSubgridEdge = 4, ncells = 43736
RebuildHierarchy[5]: Flagged 0/77 grids. 0 flagged cells
Level[4]: dt = 0.00300481  0.00300481 (0.00601112/0.00663525)
Level[5]: dt = 0.00144023  0.00144023 (0.00144023/0.00300481)
RebuildHierarchy: level = 5
TransferSubgridParticles[5]: Moved 0 particles, 0 stars, 0 active particles.
DetermineSGSize: MaxSubgridSize = 2000, MinSubgridEdge = 4, ncells = 43904
RebuildHierarchy[5]: Flagged 0/77 grids. 0 flagged cells
Level[5]: dt = 0.00143811  0.00143811 (0.00287834/0.00300481)
RebuildHierarchy: level = 5
TransferSubgridParticles[5]: Moved 0 particles, 0 stars, 0 active particles.
DetermineSGSize: MaxSubgridSize = 2000, MinSubgridEdge = 4, ncells = 43904
RebuildHierarchy[5]: Flagged 0/77 grids. 0 flagged cells
Level[5]: dt = 0.000126473  0.00143652 (0.00300481/0.00300481)
EvolveLevel[5]: NumberOfSubCycles = 3 (90 total, 3 sub)
Level[4]: dt = 0.000624132  0.00300833 (0.00663525/0.00663525)
Level[5]: dt = 0.000624132  0.00143641 (0.000624132/0.000624132)
EvolveLevel[5]: NumberOfSubCycles = 1 (91 total, 1 sub)
EvolveLevel[4]: NumberOfSubCycles = 3 (42 total, 3 sub)
RebuildHierarchy: level = 3
TransferSubgridParticles[3]: Moved 36 particles, 0 stars, 0 active particles.
DetermineSGSize: MaxSubgridSize = 2000, MinSubgridEdge = 4, ncells = 55288
RebuildHierarchy[3]: Flagged 114/388 grids. 5751 flagged cells
LoadBalance: Number of grids moved = 118 out of 118 (0.000823997 seconds elapsed)
DetermineSGSize: MaxSubgridSize = 2000, MinSubgridEdge = 4, ncells = 43904
RebuildHierarchy[4]: Flagged 76/118 grids. 4514 flagged cells
LoadBalance: Number of grids moved = 77 out of 77 (0.00167191 seconds elapsed)
DetermineSGSize: MaxSubgridSize = 2000, MinSubgridEdge = 4, ncells = 43904
RebuildHierarchy[5]: Flagged 0/77 grids. 0 flagged cells
Level[3]: dt = 0.0066337  0.0066337 (0.013269/0.0143637)
Level[4]: dt = 0.00300957  0.00300957 (0.00300957/0.0066337)
Level[5]: dt = 0.00143591  0.00143591 (0.00143591/0.00300957)
RebuildHierarchy: level = 5
TransferSubgridParticles[5]: Moved 2 particles, 0 stars, 0 active particles.
DetermineSGSize: MaxSubgridSize = 2000, MinSubgridEdge = 4, ncells = 44568
RebuildHierarchy[5]: Flagged 0/77 grids. 0 flagged cells
Level[5]: dt = 0.00143478  0.00143478 (0.00287069/0.00300957)
RebuildHierarchy: level = 5
TransferSubgridParticles[5]: Moved 2 particles, 0 stars, 0 active particles.
DetermineSGSize: MaxSubgridSize = 2000, MinSubgridEdge = 4, ncells = 44568
RebuildHierarchy[5]: Flagged 0/77 grids. 0 flagged cells
Level[5]: dt = 0.000138881  0.00143421 (0.00300957/0.00300957)
EvolveLevel[5]: NumberOfSubCycles = 3 (94 total, 3 sub)
RebuildHierarchy: level = 4
TransferSubgridParticles[4]: Moved 1 particles, 0 stars, 0 active particles.
DetermineSGSize: MaxSubgridSize = 2000, MinSubgridEdge = 4, ncells = 44568
RebuildHierarchy[4]: Flagged 76/118 grids. 4536 flagged cells
LoadBalance: Number of grids moved = 77 out of 77 (0.00185335 seconds elapsed)
DetermineSGSize: MaxSubgridSize = 2000, MinSubgridEdge = 4, ncells = 44568
RebuildHierarchy[5]: Flagged 0/77 grids. 0 flagged cells
Level[4]: dt = 0.00301674  0.00301674 (0.00602631/0.0066337)
Level[5]: dt = 0.00143417  0.00143417 (0.00143417/0.00301674)
RebuildHierarchy: level = 5
TransferSubgridParticles[5]: Moved 0 particles, 0 stars, 0 active particles.
DetermineSGSize: MaxSubgridSize = 2000, MinSubgridEdge = 4, ncells = 44800
RebuildHierarchy[5]: Flagged 0/77 grids. 0 flagged cells
Level[5]: dt = 0.00143389  0.00143389 (0.00286806/0.00301674)
RebuildHierarchy: level = 5
TransferSubgridParticles[5]: Moved 0 particles, 0 stars, 0 active particles.
DetermineSGSize: MaxSubgridSize = 2000, MinSubgridEdge = 4, ncells = 44800
RebuildHierarchy[5]: Flagged 0/77 grids. 0 flagged cells
Level[5]: dt = 0.00014868  0.00143417 (0.00301674/0.00301674)
EvolveLevel[5]: NumberOfSubCycles = 3 (97 total, 3 sub)
Level[4]: dt = 0.000607388  0.00302576 (0.0066337/0.0066337)
Level[5]: dt = 0.000607388  0.00143424 (0.000607388/0.000607388)
EvolveLevel[5]: NumberOfSubCycles = 1 (98 total, 1 sub)
EvolveLevel[4]: NumberOfSubCycles = 3 (45 total, 3 sub)
Level[3]: dt = 0.00109476  0.00663771 (0.0143637/0.0143637)
Level[4]: dt = 0.00109476  0.00302777 (0.00109476/0.00109476)
Level[5]: dt = 0.00109476  0.0014346 (0.00109476/0.00109476)
EvolveLevel[5]: NumberOfSubCycles = 1 (99 total, 1 sub)
EvolveLevel[4]: NumberOfSubCycles = 1 (46 total, 1 sub)
EvolveLevel[3]: NumberOfSubCycles = 3 (20 total, 3 sub)
Level[2]: dt = 0.00371113  0.0144037 (0.0323926/0.0323926)
Level[3]: dt = 0.00371113  0.00663847 (0.00371113/0.00371113)
Level[4]: dt = 0.00303159  0.00303159 (0.00303159/0.00371113)
Level[5]: dt = 0.00143548  0.00143548 (0.00143548/0.00303159)
RebuildHierarchy: level = 5
TransferSubgridParticles[5]: Moved 1 particles, 0 stars, 0 active particles.
DetermineSGSize: MaxSubgridSize = 2000, MinSubgridEdge = 4, ncells = 44800
RebuildHierarchy[5]: Flagged 0/77 grids. 0 flagged cells
Level[5]: dt = 0.00143711  0.00143711 (0.00287259/0.00303159)
RebuildHierarchy: level = 5
TransferSubgridParticles[5]: Moved 2 particles, 0 stars, 0 active particles.
DetermineSGSize: MaxSubgridSize = 2000, MinSubgridEdge = 4, ncells = 44800
RebuildHierarchy[5]: Flagged 0/77 grids. 0 flagged cells
Level[5]: dt = 0.000159003  0.00143931 (0.00303159/0.00303159)
EvolveLevel[5]: NumberOfSubCycles = 3 (102 total, 3 sub)
RebuildHierarchy: level = 4
TransferSubgridParticles[4]: Moved 5 particles, 0 stars, 0 active particles.
DetermineSGSize: MaxSubgridSize = 2000, MinSubgridEdge = 4, ncells = 44800
RebuildHierarchy[4]: Flagged 76/118 grids. 4487 flagged cells
LoadBalance: Number of grids moved = 77 out of 77 (0.00194248 seconds elapsed)
DetermineSGSize: MaxSubgridSize = 2000, MinSubgridEdge = 4, ncells = 44800
RebuildHierarchy[5]: Flagged 0/77 grids. 0 flagged cells
Level[4]: dt = 0.000679539  0.00304287 (0.00371113/0.00371113)
Level[5]: dt = 0.000679539  0.00143959 (0.000679539/0.000679539)
EvolveLevel[5]: NumberOfSubCycles = 1 (103 total, 1 sub)
EvolveLevel[4]: NumberOfSubCycles = 2 (48 total, 2 sub)
EvolveLevel[3]: NumberOfSubCycles = 1 (21 total, 1 sub)
EvolveLevel[2]: NumberOfSubCycles = 3 (9 total, 3 sub)
RebuildHierarchy: level = 1
TransferSubgridParticles[1]: Moved 10276 particles, 0 stars, 0 active particles.
DetermineSGSize: MaxSubgridSize = 2000, MinSubgridEdge = 4, ncells = 1250112
RebuildHierarchy[1]: Flagged 900/8445 grids. 86598 flagged cells
LoadBalance: Number of grids moved = 1329 out of 1347 (0.00388479 seconds elapsed)
DetermineSGSize: MaxSubgridSize = 2000, MinSubgridEdge = 4, ncells = 266344
RebuildHierarchy[2]: Flagged 330/1347 grids. 21119 flagged cells
LoadBalance: Number of grids moved = 374 out of 382 (0.000146005 seconds elapsed)
DetermineSGSize: MaxSubgridSize = 2000, MinSubgridEdge = 4, ncells = 55216
RebuildHierarchy[3]: Flagged 112/382 grids. 5812 flagged cells
LoadBalance: Number of grids moved = 116 out of 116 (0.000740793 seconds elapsed)
DetermineSGSize: MaxSubgridSize = 2000, MinSubgridEdge = 4, ncells = 44064
RebuildHierarchy[4]: Flagged 76/116 grids. 4500 flagged cells
LoadBalance: Number of grids moved = 77 out of 77 (0.00176572 seconds elapsed)
DetermineSGSize: MaxSubgridSize = 2000, MinSubgridEdge = 4, ncells = 44064
RebuildHierarchy[5]: Flagged 0/77 grids. 0 flagged cells
Level[1]: dt = 0.0338212  0.032352 (0.0662138/0.0662138)
Level[2]: dt = 0.0144125  0.0144125 (0.0144125/0.0338212)
Level[3]: dt = 0.00664053  0.00664053 (0.00664053/0.0144125)
Level[4]: dt = 0.00304556  0.00304556 (0.00304556/0.00664053)
Level[5]: dt = 0.00144085  0.00144085 (0.00144085/0.00304556)
RebuildHierarchy: level = 5
TransferSubgridParticles[5]: Moved 1 particles, 0 stars, 0 active particles.
DetermineSGSize: MaxSubgridSize = 2000, MinSubgridEdge = 4, ncells = 44104
RebuildHierarchy[5]: Flagged 0/77 grids. 0 flagged cells
Level[5]: dt = 0.00144374  0.00144374 (0.00288459/0.00304556)
RebuildHierarchy: level = 5
TransferSubgridParticles[5]: Moved 2 particles, 0 stars, 0 active particles.
DetermineSGSize: MaxSubgridSize = 2000, MinSubgridEdge = 4, ncells = 44104
RebuildHierarchy[5]: Flagged 0/77 grids. 0 flagged cells
Level[5]: dt = 0.000160976  0.00144052 (0.00304556/0.00304556)
EvolveLevel[5]: NumberOfSubCycles = 3 (106 total, 3 sub)
RebuildHierarchy: level = 4
TransferSubgridParticles[4]: Moved 0 particles, 0 stars, 0 active particles.
DetermineSGSize: MaxSubgridSize = 2000, MinSubgridEdge = 4, ncells = 44104
RebuildHierarchy[4]: Flagged 76/116 grids. 4525 flagged cells
LoadBalance: Number of grids moved = 77 out of 77 (0.00185973 seconds elapsed)
DetermineSGSize: MaxSubgridSize = 2000, MinSubgridEdge = 4, ncells = 44104
RebuildHierarchy[5]: Flagged 0/77 grids. 0 flagged cells
Level[4]: dt = 0.00305801  0.00305801 (0.00610357/0.00664053)
Level[5]: dt = 0.0014395  0.0014395 (0.0014395/0.00305801)
RebuildHierarchy: level = 5
TransferSubgridParticles[5]: Moved 2 particles, 0 stars, 0 active particles.
DetermineSGSize: MaxSubgridSize = 2000, MinSubgridEdge = 4, ncells = 44392
RebuildHierarchy[5]: Flagged 0/77 grids. 0 flagged cells
Level[5]: dt = 0.00143069  0.00143069 (0.00287019/0.00305801)
RebuildHierarchy: level = 5
TransferSubgridParticles[5]: Moved 2 particles, 0 stars, 0 active particles.
DetermineSGSize: MaxSubgridSize = 2000, MinSubgridEdge = 4, ncells = 44392
RebuildHierarchy[5]: Flagged 0/77 grids. 0 flagged cells
Level[5]: dt = 0.000187822  0.0014237 (0.00305801/0.00305801)
EvolveLevel[5]: NumberOfSubCycles = 3 (109 total, 3 sub)
Level[4]: dt = 0.000536957  0.00307078 (0.00664053/0.00664053)
Level[5]: dt = 0.000536957  0.00142288 (0.000536957/0.000536957)
EvolveLevel[5]: NumberOfSubCycles = 1 (110 total, 1 sub)
EvolveLevel[4]: NumberOfSubCycles = 3 (51 total, 3 sub)
RebuildHierarchy: level = 3
TransferSubgridParticles[3]: Moved 37 particles, 0 stars, 0 active particles.
DetermineSGSize: MaxSubgridSize = 2000, MinSubgridEdge = 4, ncells = 56080
RebuildHierarchy[3]: Flagged 111/382 grids. 5777 flagged cells
LoadBalance: Number of grids moved = 116 out of 116 (0.000808615 seconds elapsed)
DetermineSGSize: MaxSubgridSize = 2000, MinSubgridEdge = 4, ncells = 44392
RebuildHierarchy[4]: Flagged 75/116 grids. 4548 flagged cells
LoadBalance: Number of grids moved = 76 out of 76 (0.00177525 seconds elapsed)
DetermineSGSize: MaxSubgridSize = 2000, MinSubgridEdge = 4, ncells = 44392
RebuildHierarchy[5]: Flagged 0/76 grids. 0 flagged cells
Level[3]: dt = 0.00664445  0.00664445 (0.013285/0.0144125)
Level[4]: dt = 0.00307302  0.00307302 (0.00307302/0.00664445)
Level[5]: dt = 0.00142062  0.00142062 (0.00142062/0.00307302)
RebuildHierarchy: level = 5
TransferSubgridParticles[5]: Moved 0 particles, 0 stars, 0 active particles.
DetermineSGSize: MaxSubgridSize = 2000, MinSubgridEdge = 4, ncells = 45096
RebuildHierarchy[5]: Flagged 0/76 grids. 0 flagged cells
Level[5]: dt = 0.0014157  0.0014157 (0.00283632/0.00307302)
RebuildHierarchy: level = 5
TransferSubgridParticles[5]: Moved 1 particles, 0 stars, 0 active particles.
DetermineSGSize: MaxSubgridSize = 2000, MinSubgridEdge = 4, ncells = 45096
RebuildHierarchy[5]: Flagged 0/76 grids. 0 flagged cells
Level[5]: dt = 0.000236706  0.00141139 (0.00307302/0.00307302)
EvolveLevel[5]: NumberOfSubCycles = 3 (113 total, 3 sub)
RebuildHierarchy: level = 4
TransferSubgridParticles[4]: Moved 2 particles, 0 stars, 0 active particles.
DetermineSGSize: MaxSubgridSize = 2000, MinSubgridEdge = 4, ncells = 45096
RebuildHierarchy[4]: Flagged 76/116 grids. 4576 flagged cells
LoadBalance: Number of grids moved = 77 out of 77 (0.00183122 seconds elapsed)
DetermineSGSize: MaxSubgridSize = 2000, MinSubgridEdge = 4, ncells = 45096
RebuildHierarchy[5]: Flagged 0/77 grids. 0 flagged cells
Level[4]: dt = 0.00304423  0.00304423 (0.00611725/0.00664445)
Level[5]: dt = 0.0014108  0.0014108 (0.0014108/0.00304423)
RebuildHierarchy: level = 5
TransferSubgridParticles[5]: Moved 0 particles, 0 stars, 0 active particles.
DetermineSGSize: MaxSubgridSize = 2000, MinSubgridEdge = 4, ncells = 45512
RebuildHierarchy[5]: Flagged 0/77 grids. 0 flagged cells
Level[5]: dt = 0.00140798  0.00140798 (0.00281878/0.00304423)
RebuildHierarchy: level = 5
TransferSubgridParticles[5]: Moved 0 particles, 0 stars, 0 active particles.
DetermineSGSize: MaxSubgridSize = 2000, MinSubgridEdge = 4, ncells = 45512
RebuildHierarchy[5]: Flagged 0/77 grids. 0 flagged cells
Level[5]: dt = 0.000225453  0.00140558 (0.00304423/0.00304423)
EvolveLevel[5]: NumberOfSubCycles = 3 (116 total, 3 sub)
Level[4]: dt = 0.000527192  0.00301012 (0.00664445/0.00664445)
Level[5]: dt = 0.000527192  0.00140527 (0.000527192/0.000527192)
EvolveLevel[5]: NumberOfSubCycles = 1 (117 total, 1 sub)
EvolveLevel[4]: NumberOfSubCycles = 3 (54 total, 3 sub)
Level[3]: dt = 0.00112751  0.00664862 (0.0144125/0.0144125)
Level[4]: dt = 0.00112751  0.00300388 (0.00112751/0.00112751)
Level[5]: dt = 0.00112751  0.00140464 (0.00112751/0.00112751)
EvolveLevel[5]: NumberOfSubCycles = 1 (118 total, 1 sub)
EvolveLevel[4]: NumberOfSubCycles = 1 (55 total, 1 sub)
EvolveLevel[3]: NumberOfSubCycles = 3 (24 total, 3 sub)
RebuildHierarchy: level = 2
TransferSubgridParticles[2]: Moved 223 particles, 0 stars, 0 active particles.
DetermineSGSize: MaxSubgridSize = 2000, MinSubgridEdge = 4, ncells = 271840
RebuildHierarchy[2]: Flagged 334/1347 grids. 21253 flagged cells
LoadBalance: Number of grids moved = 380 out of 388 (0.00014801 seconds elapsed)
DetermineSGSize: MaxSubgridSize = 2000, MinSubgridEdge = 4, ncells = 55544
RebuildHierarchy[3]: Flagged 114/388 grids. 5801 flagged cells
LoadBalance: Number of grids moved = 117 out of 118 (6.2976e-05 seconds elapsed)
DetermineSGSize: MaxSubgridSize = 2000, MinSubgridEdge = 4, ncells = 45512
RebuildHierarchy[4]: Flagged 76/118 grids. 4603 flagged cells
LoadBalance: Number of grids moved = 77 out of 77 (0.00195382 seconds elapsed)
DetermineSGSize: MaxSubgridSize = 2000, MinSubgridEdge = 4, ncells = 45512
RebuildHierarchy[5]: Flagged 0/77 grids. 0 flagged cells
Level[2]: dt = 0.0144461  0.0144461 (0.0288586/0.0338212)
Level[3]: dt = 0.00664971  0.00664971 (0.00664971/0.0144461)
Level[4]: dt = 0.00299058  0.00299058 (0.00299058/0.00664971)
Level[5]: dt = 0.00140343  0.00140343 (0.00140343/0.00299058)
RebuildHierarchy: level = 5
TransferSubgridParticles[5]: Moved 1 particles, 0 stars, 0 active particles.
DetermineSGSize: MaxSubgridSize = 2000, MinSubgridEdge = 4, ncells = 45832
RebuildHierarchy[5]: Flagged 0/77 grids. 0 flagged cells
Level[5]: dt = 0.00140239  0.00140239 (0.00280581/0.00299058)
RebuildHierarchy: level = 5
TransferSubgridParticles[5]: Moved 0 particles, 0 stars, 0 active particles.
DetermineSGSize: MaxSubgridSize = 2000, MinSubgridEdge = 4, ncells = 45832
RebuildHierarchy[5]: Flagged 0/77 grids. 0 flagged cells
Level[5]: dt = 0.000184771  0.00140175 (0.00299058/0.00299058)
EvolveLevel[5]: NumberOfSubCycles = 3 (121 total, 3 sub)
RebuildHierarchy: level = 4
TransferSubgridParticles[4]: Moved 2 particles, 0 stars, 0 active particles.
DetermineSGSize: MaxSubgridSize = 2000, MinSubgridEdge = 4, ncells = 45832
RebuildHierarchy[4]: Flagged 76/118 grids. 4610 flagged cells
LoadBalance: Number of grids moved = 77 out of 77 (0.00177976 seconds elapsed)
DetermineSGSize: MaxSubgridSize = 2000, MinSubgridEdge = 4, ncells = 45832
RebuildHierarchy[5]: Flagged 0/77 grids. 0 flagged cells
Level[4]: dt = 0.00295908  0.00295908 (0.00594966/0.00664971)
Level[5]: dt = 0.00140171  0.00140171 (0.00140171/0.00295908)
RebuildHierarchy: level = 5
TransferSubgridParticles[5]: Moved 0 particles, 0 stars, 0 active particles.
DetermineSGSize: MaxSubgridSize = 2000, MinSubgridEdge = 4, ncells = 45584
RebuildHierarchy[5]: Flagged 0/77 grids. 0 flagged cells
Level[5]: dt = 0.0014019  0.0014019 (0.00280361/0.00295908)
RebuildHierarchy: level = 5
TransferSubgridParticles[5]: Moved 2 particles, 0 stars, 0 active particles.
DetermineSGSize: MaxSubgridSize = 2000, MinSubgridEdge = 4, ncells = 45584
RebuildHierarchy[5]: Flagged 0/77 grids. 0 flagged cells
Level[5]: dt = 0.00015547  0.00140247 (0.00295908/0.00295908)
EvolveLevel[5]: NumberOfSubCycles = 3 (124 total, 3 sub)
Level[4]: dt = 0.000700044  0.00293504 (0.00664971/0.00664971)
Level[5]: dt = 0.000700044  0.00140258 (0.000700044/0.000700044)
EvolveLevel[5]: NumberOfSubCycles = 1 (125 total, 1 sub)
EvolveLevel[4]: NumberOfSubCycles = 3 (58 total, 3 sub)
RebuildHierarchy: level = 3
TransferSubgridParticles[3]: Moved 26 particles, 0 stars, 0 active particles.
DetermineSGSize: MaxSubgridSize = 2000, MinSubgridEdge = 4, ncells = 56000
RebuildHierarchy[3]: Flagged 116/388 grids. 5835 flagged cells
LoadBalance: Number of grids moved = 119 out of 120 (6.50026e-05 seconds elapsed)
DetermineSGSize: MaxSubgridSize = 2000, MinSubgridEdge = 4, ncells = 45584
RebuildHierarchy[4]: Flagged 76/120 grids. 4594 flagged cells
LoadBalance: Number of grids moved = 77 out of 77 (0.00160683 seconds elapsed)
DetermineSGSize: MaxSubgridSize = 2000, MinSubgridEdge = 4, ncells = 45584
RebuildHierarchy[5]: Flagged 0/77 grids. 0 flagged cells
Level[3]: dt = 0.00665629  0.00665629 (0.013306/0.0144461)
Level[4]: dt = 0.00293063  0.00293063 (0.00293063/0.00665629)
Level[5]: dt = 0.00140322  0.00140322 (0.00140322/0.00293063)
RebuildHierarchy: level = 5
TransferSubgridParticles[5]: Moved 2 particles, 0 stars, 0 active particles.
DetermineSGSize: MaxSubgridSize = 2000, MinSubgridEdge = 4, ncells = 45480
RebuildHierarchy[5]: Flagged 0/77 grids. 0 flagged cells
Level[5]: dt = 0.00140479  0.00140479 (0.002808/0.00293063)
RebuildHierarchy: level = 5
TransferSubgridParticles[5]: Moved 0 particles, 0 stars, 0 active particles.
DetermineSGSize: MaxSubgridSize = 2000, MinSubgridEdge = 4, ncells = 45480
RebuildHierarchy[5]: Flagged 0/77 grids. 0 flagged cells
Level[5]: dt = 0.000122627  0.00140705 (0.00293063/0.00293063)
EvolveLevel[5]: NumberOfSubCycles = 3 (128 total, 3 sub)
RebuildHierarchy: level = 4
TransferSubgridParticles[4]: Moved 2 particles, 0 stars, 0 active particles.
DetermineSGSize: MaxSubgridSize = 2000, MinSubgridEdge = 4, ncells = 45480
RebuildHierarchy[4]: Flagged 76/120 grids. 4598 flagged cells
LoadBalance: Number of grids moved = 77 out of 77 (0.00131785 seconds elapsed)
DetermineSGSize: MaxSubgridSize = 2000, MinSubgridEdge = 4, ncells = 45480
RebuildHierarchy[5]: Flagged 0/77 grids. 0 flagged cells
Level[4]: dt = 0.0029174  0.0029174 (0.00584803/0.00665629)
Level[5]: dt = 0.00140726  0.00140726 (0.00140726/0.0029174)
RebuildHierarchy: level = 5
TransferSubgridParticles[5]: Moved 4 particles, 0 stars, 0 active particles.
DetermineSGSize: MaxSubgridSize = 2000, MinSubgridEdge = 4, ncells = 45576
RebuildHierarchy[5]: Flagged 0/77 grids. 0 flagged cells
Level[5]: dt = 0.00141  0.00141 (0.00281726/0.0029174)
RebuildHierarchy: level = 5
TransferSubgridParticles[5]: Moved 1 particles, 0 stars, 0 active particles.
DetermineSGSize: MaxSubgridSize = 2000, MinSubgridEdge = 4, ncells = 45576
RebuildHierarchy[5]: Flagged 0/77 grids. 0 flagged cells
Level[5]: dt = 0.000100137  0.00141348 (0.0029174/0.0029174)
EvolveLevel[5]: NumberOfSubCycles = 3 (131 total, 3 sub)
Level[4]: dt = 0.000808255  0.00291314 (0.00665629/0.00665629)
Level[5]: dt = 0.000808255  0.00141374 (0.000808255/0.000808255)
EvolveLevel[5]: NumberOfSubCycles = 1 (132 total, 1 sub)
EvolveLevel[4]: NumberOfSubCycles = 3 (61 total, 3 sub)
Level[3]: dt = 0.00114007  0.00666454 (0.0144461/0.0144461)
Level[4]: dt = 0.00114007  0.0029135 (0.00114007/0.00114007)
Level[5]: dt = 0.00114007  0.00141595 (0.00114007/0.00114007)
EvolveLevel[5]: NumberOfSubCycles = 1 (133 total, 1 sub)
EvolveLevel[4]: NumberOfSubCycles = 1 (62 total, 1 sub)
EvolveLevel[3]: NumberOfSubCycles = 3 (27 total, 3 sub)
Level[2]: dt = 0.00496262  0.0144805 (0.0338212/0.0338212)
Level[3]: dt = 0.00496262  0.00666623 (0.00496262/0.00496262)
Level[4]: dt = 0.0029149  0.0029149 (0.0029149/0.00496262)
Level[5]: dt = 0.00141939  0.00141939 (0.00141939/0.0029149)
RebuildHierarchy: level = 5
TransferSubgridParticles[5]: Moved 2 particles, 0 stars, 0 active particles.
DetermineSGSize: MaxSubgridSize = 2000, MinSubgridEdge = 4, ncells = 45576
RebuildHierarchy[5]: Flagged 0/77 grids. 0 flagged cells
Level[5]: dt = 0.0014229  0.0014229 (0.00284229/0.0029149)
RebuildHierarchy: level = 5
TransferSubgridParticles[5]: Moved 2 particles, 0 stars, 0 active particles.
DetermineSGSize: MaxSubgridSize = 2000, MinSubgridEdge = 4, ncells = 45576
RebuildHierarchy[5]: Flagged 0/77 grids. 0 flagged cells
Level[5]: dt = 7.26038e-05  0.00141878 (0.0029149/0.0029149)
EvolveLevel[5]: NumberOfSubCycles = 3 (136 total, 3 sub)
RebuildHierarchy: level = 4
TransferSubgridParticles[4]: Moved 6 particles, 0 stars, 0 active particles.
DetermineSGSize: MaxSubgridSize = 2000, MinSubgridEdge = 4, ncells = 45576
RebuildHierarchy[4]: Flagged 76/120 grids. 4570 flagged cells
LoadBalance: Number of grids moved = 77 out of 77 (0.00146923 seconds elapsed)
DetermineSGSize: MaxSubgridSize = 2000, MinSubgridEdge = 4, ncells = 45576
RebuildHierarchy[5]: Flagged 0/77 grids. 0 flagged cells
Level[4]: dt = 0.00204772  0.00292367 (0.00496262/0.00496262)
Level[5]: dt = 0.00141858  0.00141858 (0.00141858/0.00204772)
RebuildHierarchy: level = 5
TransferSubgridParticles[5]: Moved 1 particles, 0 stars, 0 active particles.
DetermineSGSize: MaxSubgridSize = 2000, MinSubgridEdge = 4, ncells = 45408
RebuildHierarchy[5]: Flagged 0/77 grids. 0 flagged cells
Level[5]: dt = 0.000629146  0.00141482 (0.00204772/0.00204772)
EvolveLevel[5]: NumberOfSubCycles = 2 (138 total, 2 sub)
EvolveLevel[4]: NumberOfSubCycles = 2 (64 total, 2 sub)
EvolveLevel[3]: NumberOfSubCycles = 1 (28 total, 1 sub)
EvolveLevel[2]: NumberOfSubCycles = 3 (12 total, 3 sub)
EvolveLevel[1]: NumberOfSubCycles = 2 (4 total, 2 sub)
EvolveLevel[0]: NumberOfSubCycles = 1 (2 total, 2 sub)
RebuildHierarchy: level = 0
CommunicationTransferParticles: moved = 338559
CommunicationTransferStars: moved = 0
CommunicationTransferActiveParticles: moved = 0
DetermineSGSize: MaxSubgridSize = 2000, MinSubgridEdge = 4, ncells = 12024128
RebuildHierarchy[0]: Flagged 744/1120 grids. 768580 flagged cells
LoadBalance: Number of grids moved = 8517 out of 8551 (0.125463 seconds elapsed)
DetermineSGSize: MaxSubgridSize = 2000, MinSubgridEdge = 4, ncells = 1270312
RebuildHierarchy[1]: Flagged 887/8551 grids. 87313 flagged cells
LoadBalance: Number of grids moved = 1339 out of 1344 (0.00254517 seconds elapsed)
DetermineSGSize: MaxSubgridSize = 2000, MinSubgridEdge = 4, ncells = 272632
RebuildHierarchy[2]: Flagged 328/1344 grids. 21000 flagged cells
LoadBalance: Number of grids moved = 373 out of 380 (0.000146426 seconds elapsed)
DetermineSGSize: MaxSubgridSize = 2000, MinSubgridEdge = 4, ncells = 56048
RebuildHierarchy[3]: Flagged 120/380 grids. 5873 flagged cells
LoadBalance: Number of grids moved = 123 out of 124 (6.41644e-05 seconds elapsed)
DetermineSGSize: MaxSubgridSize = 2000, MinSubgridEdge = 4, ncells = 45408
RebuildHierarchy[4]: Flagged 76/124 grids. 4597 flagged cells
LoadBalance: Number of grids moved = 77 out of 77 (0.00140969 seconds elapsed)
DetermineSGSize: MaxSubgridSize = 2000, MinSubgridEdge = 4, ncells = 45408
RebuildHierarchy[5]: Flagged 0/77 grids. 0 flagged cells
CPUTime-output: Frac = 0.999992, Current = 833.476 (832.51), Stop = 2592000.000000, Last = 20.6966
[YT_INFO   ] Setting YT parameters ...
[YT_INFO   ] Setting YT parameters ... done.
[YT_INFO   ] Getting pointer to particle list information ...
[YT_INFO   ] Getting pointer to particle list information  ... done.
[YT_INFO   ] Getting pointer to field list information ...
[YT_INFO   ] Getting pointer to field list information  ... done.
[YT_INFO   ] Getting pointer to local grids information ...
[YT_INFO   ] Getting pointer to local grids information  ... done.
[YT_INFO   ] Loading full hierarchy and local data to libyt ...
[YT_INFO   ] Loading full hierarchy and local data ... done.
[YT_INFO   ] Performing YT inline analysis yt_inline_func() ...
[YT_INFO   ] Performing YT inline analysis yt_inline_func() ... done.
Level[0]: dt = 0.0662517  0.0662517 (0.0662517/0.0662517)
PrepareGreens: Start = 0 0 36  Dim = 32 52 38
PrepareGreens: Start = 0 0 0  Dim = 32 52 36
Level[1]: dt = 0.0323196  0.0323196 (0.0323196/0.0662517)
Level[2]: dt = 0.0144926  0.0144926 (0.0144926/0.0323196)
Level[3]: dt = 0.00667482  0.00667482 (0.00667482/0.0144926)
Level[4]: dt = 0.00293341  0.00293341 (0.00293341/0.00667482)
Level[5]: dt = 0.0014133  0.0014133 (0.0014133/0.00293341)
RebuildHierarchy: level = 5
TransferSubgridParticles[5]: Moved 50 particles, 0 stars, 0 active particles.
DetermineSGSize: MaxSubgridSize = 2000, MinSubgridEdge = 4, ncells = 45464
RebuildHierarchy[5]: Flagged 0/77 grids. 0 flagged cells
Level[5]: dt = 0.00141032  0.00141032 (0.00282362/0.00293341)
RebuildHierarchy: level = 5
TransferSubgridParticles[5]: Moved 1 particles, 0 stars, 0 active particles.
DetermineSGSize: MaxSubgridSize = 2000, MinSubgridEdge = 4, ncells = 45464
RebuildHierarchy[5]: Flagged 0/77 grids. 0 flagged cells
Level[5]: dt = 0.000109793  0.00140809 (0.00293341/0.00293341)
EvolveLevel[5]: NumberOfSubCycles = 3 (141 total, 3 sub)
RebuildHierarchy: level = 4
TransferSubgridParticles[4]: Moved 94 particles, 0 stars, 0 active particles.
DetermineSGSize: MaxSubgridSize = 2000, MinSubgridEdge = 4, ncells = 45464
RebuildHierarchy[4]: Flagged 77/124 grids. 4623 flagged cells
LoadBalance: Number of grids moved = 78 out of 78 (0.00131837 seconds elapsed)
DetermineSGSize: MaxSubgridSize = 2000, MinSubgridEdge = 4, ncells = 45464
RebuildHierarchy[5]: Flagged 0/78 grids. 0 flagged cells
Level[4]: dt = 0.00295006  0.00295006 (0.00588347/0.00667482)
Level[5]: dt = 0.00140794  0.00140794 (0.00140794/0.00295006)
RebuildHierarchy: level = 5
TransferSubgridParticles[5]: Moved 0 particles, 0 stars, 0 active particles.
DetermineSGSize: MaxSubgridSize = 2000, MinSubgridEdge = 4, ncells = 45720
RebuildHierarchy[5]: Flagged 0/78 grids. 0 flagged cells
Level[5]: dt = 0.00140637  0.00140637 (0.00281431/0.00295006)
RebuildHierarchy: level = 5
TransferSubgridParticles[5]: Moved 2 particles, 0 stars, 0 active particles.
DetermineSGSize: MaxSubgridSize = 2000, MinSubgridEdge = 4, ncells = 45720
RebuildHierarchy[5]: Flagged 0/78 grids. 0 flagged cells
Level[5]: dt = 0.000135749  0.00140532 (0.00295006/0.00295006)
EvolveLevel[5]: NumberOfSubCycles = 3 (144 total, 3 sub)
Level[4]: dt = 0.000791346  0.00296778 (0.00667482/0.00667482)
Level[5]: dt = 0.000791346  0.00140524 (0.000791346/0.000791346)
EvolveLevel[5]: NumberOfSubCycles = 1 (145 total, 1 sub)
EvolveLevel[4]: NumberOfSubCycles = 3 (67 total, 3 sub)
RebuildHierarchy: level = 3
TransferSubgridParticles[3]: Moved 575 particles, 0 stars, 0 active particles.
DetermineSGSize: MaxSubgridSize = 2000, MinSubgridEdge = 4, ncells = 55840
RebuildHierarchy[3]: Flagged 118/380 grids. 5872 flagged cells
LoadBalance: Number of grids moved = 122 out of 123 (5.36293e-05 seconds elapsed)
DetermineSGSize: MaxSubgridSize = 2000, MinSubgridEdge = 4, ncells = 45720
RebuildHierarchy[4]: Flagged 77/123 grids. 4642 flagged cells
LoadBalance: Number of grids moved = 78 out of 78 (0.00174182 seconds elapsed)
DetermineSGSize: MaxSubgridSize = 2000, MinSubgridEdge = 4, ncells = 45720
RebuildHierarchy[5]: Flagged 0/78 grids. 0 flagged cells
Level[3]: dt = 0.00668727  0.00668727 (0.0133621/0.0144926)
Level[4]: dt = 0.00297242  0.00297242 (0.00297242/0.00668727)
Level[5]: dt = 0.0014049  0.0014049 (0.0014049/0.00297242)
RebuildHierarchy: level = 5
TransferSubgridParticles[5]: Moved 0 particles, 0 stars, 0 active particles.
DetermineSGSize: MaxSubgridSize = 2000, MinSubgridEdge = 4, ncells = 45896
RebuildHierarchy[5]: Flagged 0/78 grids. 0 flagged cells
Level[5]: dt = 0.0014046  0.0014046 (0.0028095/0.00297242)
RebuildHierarchy: level = 5
TransferSubgridParticles[5]: Moved 0 particles, 0 stars, 0 active particles.
DetermineSGSize: MaxSubgridSize = 2000, MinSubgridEdge = 4, ncells = 45896
RebuildHierarchy[5]: Flagged 0/78 grids. 0 flagged cells
Level[5]: dt = 0.000162927  0.00140479 (0.00297242/0.00297242)
EvolveLevel[5]: NumberOfSubCycles = 3 (148 total, 3 sub)
RebuildHierarchy: level = 4
TransferSubgridParticles[4]: Moved 8 particles, 0 stars, 0 active particles.
DetermineSGSize: MaxSubgridSize = 2000, MinSubgridEdge = 4, ncells = 45896
RebuildHierarchy[4]: Flagged 77/123 grids. 4655 flagged cells
LoadBalance: Number of grids moved = 78 out of 78 (0.00158753 seconds elapsed)
DetermineSGSize: MaxSubgridSize = 2000, MinSubgridEdge = 4, ncells = 45896
RebuildHierarchy[5]: Flagged 0/78 grids. 0 flagged cells
Level[4]: dt = 0.00298952  0.00298952 (0.00596195/0.00668727)
Level[5]: dt = 0.00140483  0.00140483 (0.00140483/0.00298952)
RebuildHierarchy: level = 5
TransferSubgridParticles[5]: Moved 0 particles, 0 stars, 0 active particles.
DetermineSGSize: MaxSubgridSize = 2000, MinSubgridEdge = 4, ncells = 46072
RebuildHierarchy[5]: Flagged 0/78 grids. 0 flagged cells
Level[5]: dt = 0.00140551  0.00140551 (0.00281034/0.00298952)
RebuildHierarchy: level = 5
TransferSubgridParticles[5]: Moved 0 particles, 0 stars, 0 active particles.
DetermineSGSize: MaxSubgridSize = 2000, MinSubgridEdge = 4, ncells = 46072
RebuildHierarchy[5]: Flagged 0/78 grids. 0 flagged cells
Level[5]: dt = 0.000179182  0.00140697 (0.00298952/0.00298952)
EvolveLevel[5]: NumberOfSubCycles = 3 (151 total, 3 sub)
Level[4]: dt = 0.000725323  0.00300525 (0.00668727/0.00668727)
Level[5]: dt = 0.000725323  0.00140717 (0.000725323/0.000725323)
EvolveLevel[5]: NumberOfSubCycles = 1 (152 total, 1 sub)
EvolveLevel[4]: NumberOfSubCycles = 3 (70 total, 3 sub)
Level[3]: dt = 0.00113053  0.00670046 (0.0144926/0.0144926)
Level[4]: dt = 0.00113053  0.00300879 (0.00113053/0.00113053)
Level[5]: dt = 0.00113053  0.0014081 (0.00113053/0.00113053)
EvolveLevel[5]: NumberOfSubCycles = 1 (153 total, 1 sub)
EvolveLevel[4]: NumberOfSubCycles = 1 (71 total, 1 sub)
EvolveLevel[3]: NumberOfSubCycles = 3 (31 total, 3 sub)
RebuildHierarchy: level = 2
TransferSubgridParticles[2]: Moved 7781 particles, 0 stars, 0 active particles.
DetermineSGSize: MaxSubgridSize = 2000, MinSubgridEdge = 4, ncells = 265808
RebuildHierarchy[2]: Flagged 335/1344 grids. 21338 flagged cells
LoadBalance: Number of grids moved = 378 out of 385 (0.000152502 seconds elapsed)
DetermineSGSize: MaxSubgridSize = 2000, MinSubgridEdge = 4, ncells = 55672
RebuildHierarchy[3]: Flagged 118/385 grids. 5865 flagged cells
LoadBalance: Number of grids moved = 121 out of 122 (5.37001e-05 seconds elapsed)
DetermineSGSize: MaxSubgridSize = 2000, MinSubgridEdge = 4, ncells = 46072
RebuildHierarchy[4]: Flagged 77/122 grids. 4642 flagged cells
LoadBalance: Number of grids moved = 78 out of 78 (0.00176943 seconds elapsed)
DetermineSGSize: MaxSubgridSize = 2000, MinSubgridEdge = 4, ncells = 46072
RebuildHierarchy[5]: Flagged 0/78 grids. 0 flagged cells
Level[2]: dt = 0.0145272  0.0145272 (0.0290199/0.0323196)
Level[3]: dt = 0.00670261  0.00670261 (0.00670261/0.0145272)
Level[4]: dt = 0.00301403  0.00301403 (0.00301403/0.00670261)
Level[5]: dt = 0.00140991  0.00140991 (0.00140991/0.00301403)
RebuildHierarchy: level = 5
TransferSubgridParticles[5]: Moved 0 particles, 0 stars, 0 active particles.
DetermineSGSize: MaxSubgridSize = 2000, MinSubgridEdge = 4, ncells = 46088
RebuildHierarchy[5]: Flagged 0/78 grids. 0 flagged cells
Level[5]: dt = 0.00141248  0.00141248 (0.00282239/0.00301403)
RebuildHierarchy: level = 5
TransferSubgridParticles[5]: Moved 1 particles, 0 stars, 0 active particles.
DetermineSGSize: MaxSubgridSize = 2000, MinSubgridEdge = 4, ncells = 46088
RebuildHierarchy[5]: Flagged 0/78 grids. 0 flagged cells
Level[5]: dt = 0.000191639  0.00141524 (0.00301403/0.00301403)
EvolveLevel[5]: NumberOfSubCycles = 3 (156 total, 3 sub)
RebuildHierarchy: level = 4
TransferSubgridParticles[4]: Moved 3 particles, 0 stars, 0 active particles.
DetermineSGSize: MaxSubgridSize = 2000, MinSubgridEdge = 4, ncells = 46088
RebuildHierarchy[4]: Flagged 78/122 grids. 4708 flagged cells
LoadBalance: Number of grids moved = 79 out of 79 (0.00143599 seconds elapsed)
DetermineSGSize: MaxSubgridSize = 2000, MinSubgridEdge = 4, ncells = 46088
RebuildHierarchy[5]: Flagged 0/79 grids. 0 flagged cells
Level[4]: dt = 0.00301258  0.00301258 (0.00602661/0.00670261)
Level[5]: dt = 0.00141562  0.00141562 (0.00141562/0.00301258)
RebuildHierarchy: level = 5
TransferSubgridParticles[5]: Moved 1 particles, 0 stars, 0 active particles.
DetermineSGSize: MaxSubgridSize = 2000, MinSubgridEdge = 4, ncells = 46912
RebuildHierarchy[5]: Flagged 0/79 grids. 0 flagged cells
Level[5]: dt = 0.00141873  0.00141873 (0.00283435/0.00301258)
RebuildHierarchy: level = 5
TransferSubgridParticles[5]: Moved 1 particles, 0 stars, 0 active particles.
DetermineSGSize: MaxSubgridSize = 2000, MinSubgridEdge = 4, ncells = 46912
RebuildHierarchy[5]: Flagged 0/79 grids. 0 flagged cells
Level[5]: dt = 0.000178233  0.00142186 (0.00301258/0.00301258)
EvolveLevel[5]: NumberOfSubCycles = 3 (159 total, 3 sub)
Level[4]: dt = 0.000676009  0.00299487 (0.00670261/0.00670261)
Level[5]: dt = 0.000676009  0.00142225 (0.000676009/0.000676009)
EvolveLevel[5]: NumberOfSubCycles = 1 (160 total, 1 sub)
EvolveLevel[4]: NumberOfSubCycles = 3 (74 total, 3 sub)
RebuildHierarchy: level = 3
TransferSubgridParticles[3]: Moved 40 particles, 0 stars, 0 active particles.
DetermineSGSize: MaxSubgridSize = 2000, MinSubgridEdge = 4, ncells = 56064
RebuildHierarchy[3]: Flagged 118/385 grids. 5845 flagged cells
LoadBalance: Number of grids moved = 121 out of 122 (5.37746e-05 seconds elapsed)
DetermineSGSize: MaxSubgridSize = 2000, MinSubgridEdge = 4, ncells = 46912
RebuildHierarchy[4]: Flagged 77/122 grids. 4687 flagged cells
LoadBalance: Number of grids moved = 78 out of 78 (0.00173135 seconds elapsed)
DetermineSGSize: MaxSubgridSize = 2000, MinSubgridEdge = 4, ncells = 46912
RebuildHierarchy[5]: Flagged 0/78 grids. 0 flagged cells
Level[3]: dt = 0.00671686  0.00671686 (0.0134195/0.0145272)
Level[4]: dt = 0.0029916  0.0029916 (0.0029916/0.00671686)
Level[5]: dt = 0.00142186  0.00142186 (0.00142186/0.0029916)
RebuildHierarchy: level = 5
TransferSubgridParticles[5]: Moved 0 particles, 0 stars, 0 active particles.
DetermineSGSize: MaxSubgridSize = 2000, MinSubgridEdge = 4, ncells = 46536
RebuildHierarchy[5]: Flagged 0/78 grids. 0 flagged cells
Level[5]: dt = 0.00142033  0.00142033 (0.00284219/0.0029916)
RebuildHierarchy: level = 5
TransferSubgridParticles[5]: Moved 0 particles, 0 stars, 0 active particles.
DetermineSGSize: MaxSubgridSize = 2000, MinSubgridEdge = 4, ncells = 46536
RebuildHierarchy[5]: Flagged 0/78 grids. 0 flagged cells
Level[5]: dt = 0.000149409  0.00141896 (0.0029916/0.0029916)
EvolveLevel[5]: NumberOfSubCycles = 3 (163 total, 3 sub)
RebuildHierarchy: level = 4
TransferSubgridParticles[4]: Moved 2 particles, 0 stars, 0 active particles.
DetermineSGSize: MaxSubgridSize = 2000, MinSubgridEdge = 4, ncells = 46536
RebuildHierarchy[4]: Flagged 77/122 grids. 4660 flagged cells
LoadBalance: Number of grids moved = 78 out of 78 (0.00146256 seconds elapsed)
DetermineSGSize: MaxSubgridSize = 2000, MinSubgridEdge = 4, ncells = 46536
RebuildHierarchy[5]: Flagged 0/78 grids. 0 flagged cells
Level[4]: dt = 0.0029802  0.0029802 (0.0059718/0.00671686)
Level[5]: dt = 0.00141883  0.00141883 (0.00141883/0.0029802)
RebuildHierarchy: level = 5
TransferSubgridParticles[5]: Moved 0 particles, 0 stars, 0 active particles.
DetermineSGSize: MaxSubgridSize = 2000, MinSubgridEdge = 4, ncells = 46368
RebuildHierarchy[5]: Flagged 0/78 grids. 0 flagged cells
Level[5]: dt = 0.00141791  0.00141791 (0.00283674/0.0029802)
RebuildHierarchy: level = 5
TransferSubgridParticles[5]: Moved 0 particles, 0 stars, 0 active particles.
DetermineSGSize: MaxSubgridSize = 2000, MinSubgridEdge = 4, ncells = 46368
RebuildHierarchy[5]: Flagged 0/78 grids. 0 flagged cells
Level[5]: dt = 0.00014346  0.00141748 (0.0029802/0.0029802)
EvolveLevel[5]: NumberOfSubCycles = 3 (166 total, 3 sub)
Level[4]: dt = 0.000745059  0.00297488 (0.00671686/0.00671686)
Level[5]: dt = 0.000745059  0.00141746 (0.000745059/0.000745059)
EvolveLevel[5]: NumberOfSubCycles = 1 (167 total, 1 sub)
EvolveLevel[4]: NumberOfSubCycles = 3 (77 total, 3 sub)
Level[3]: dt = 0.00110777  0.00673152 (0.0145272/0.0145272)
Level[4]: dt = 0.00110777  0.00297452 (0.00110777/0.00110777)
Level[5]: dt = 0.00110777  0.00141748 (0.00110777/0.00110777)
EvolveLevel[5]: NumberOfSubCycles = 1 (168 total, 1 sub)
EvolveLevel[4]: NumberOfSubCycles = 1 (78 total, 1 sub)
EvolveLevel[3]: NumberOfSubCycles = 3 (34 total, 3 sub)
Level[2]: dt = 0.00329977  0.0145613 (0.0323196/0.0323196)
Level[3]: dt = 0.00329977  0.00673394 (0.00329977/0.00329977)
Level[4]: dt = 0.00297461  0.00297461 (0.00297461/0.00329977)
Level[5]: dt = 0.00141775  0.00141775 (0.00141775/0.00297461)
RebuildHierarchy: level = 5
TransferSubgridParticles[5]: Moved 1 particles, 0 stars, 0 active particles.
DetermineSGSize: MaxSubgridSize = 2000, MinSubgridEdge = 4, ncells = 46368
RebuildHierarchy[5]: Flagged 0/78 grids. 0 flagged cells
Level[5]: dt = 0.00141845  0.00141845 (0.0028362/0.00297461)
RebuildHierarchy: level = 5
TransferSubgridParticles[5]: Moved 1 particles, 0 stars, 0 active particles.
DetermineSGSize: MaxSubgridSize = 2000, MinSubgridEdge = 4, ncells = 46368
RebuildHierarchy[5]: Flagged 0/78 grids. 0 flagged cells
Level[5]: dt = 0.000138415  0.00141973 (0.00297461/0.00297461)
EvolveLevel[5]: NumberOfSubCycles = 3 (171 total, 3 sub)
RebuildHierarchy: level = 4
TransferSubgridParticles[4]: Moved 7 particles, 0 stars, 0 active particles.
DetermineSGSize: MaxSubgridSize = 2000, MinSubgridEdge = 4, ncells = 46368
RebuildHierarchy[4]: Flagged 78/122 grids. 4678 flagged cells
LoadBalance: Number of grids moved = 79 out of 79 (0.00159962 seconds elapsed)
DetermineSGSize: MaxSubgridSize = 2000, MinSubgridEdge = 4, ncells = 46368
RebuildHierarchy[5]: Flagged 0/79 grids. 0 flagged cells
Level[4]: dt = 0.000325154  0.00297853 (0.00329977/0.00329977)
Level[5]: dt = 0.000325154  0.00141987 (0.000325154/0.000325154)
EvolveLevel[5]: NumberOfSubCycles = 1 (172 total, 1 sub)
EvolveLevel[4]: NumberOfSubCycles = 2 (80 total, 2 sub)
EvolveLevel[3]: NumberOfSubCycles = 1 (35 total, 1 sub)
EvolveLevel[2]: NumberOfSubCycles = 3 (15 total, 3 sub)
RebuildHierarchy: level = 1
TransferSubgridParticles[1]: Moved 96098 particles, 0 stars, 0 active particles.
DetermineSGSize: MaxSubgridSize = 2000, MinSubgridEdge = 4, ncells = 1294432
RebuildHierarchy[1]: Flagged 894/8551 grids. 88770 flagged cells
LoadBalance: Number of grids moved = 1347 out of 1351 (0.00273511 seconds elapsed)
DetermineSGSize: MaxSubgridSize = 2000, MinSubgridEdge = 4, ncells = 272280
RebuildHierarchy[2]: Flagged 340/1351 grids. 21523 flagged cells
LoadBalance: Number of grids moved = 381 out of 388 (0.000149231 seconds elapsed)
DetermineSGSize: MaxSubgridSize = 2000, MinSubgridEdge = 4, ncells = 55688
RebuildHierarchy[3]: Flagged 117/388 grids. 5921 flagged cells
LoadBalance: Number of grids moved = 120 out of 121 (5.60656e-05 seconds elapsed)
DetermineSGSize: MaxSubgridSize = 2000, MinSubgridEdge = 4, ncells = 45896
RebuildHierarchy[4]: Flagged 77/121 grids. 4681 flagged cells
LoadBalance: Number of grids moved = 78 out of 78 (0.00173372 seconds elapsed)
DetermineSGSize: MaxSubgridSize = 2000, MinSubgridEdge = 4, ncells = 45896
RebuildHierarchy[5]: Flagged 0/78 grids. 0 flagged cells
Level[1]: dt = 0.0320512  0.0320512 (0.0643708/0.0662517)
Level[2]: dt = 0.0145688  0.0145688 (0.0145688/0.0320512)
Level[3]: dt = 0.00674152  0.00674152 (0.00674152/0.0145688)
Level[4]: dt = 0.00297931  0.00297931 (0.00297931/0.00674152)
Level[5]: dt = 0.00142022  0.00142022 (0.00142022/0.00297931)
RebuildHierarchy: level = 5
TransferSubgridParticles[5]: Moved 1 particles, 0 stars, 0 active particles.
DetermineSGSize: MaxSubgridSize = 2000, MinSubgridEdge = 4, ncells = 45928
RebuildHierarchy[5]: Flagged 0/78 grids. 0 flagged cells
Level[5]: dt = 0.00142209  0.00142209 (0.00284231/0.00297931)
RebuildHierarchy: level = 5
TransferSubgridParticles[5]: Moved 0 particles, 0 stars, 0 active particles.
DetermineSGSize: MaxSubgridSize = 2000, MinSubgridEdge = 4, ncells = 45928
RebuildHierarchy[5]: Flagged 0/78 grids. 0 flagged cells
Level[5]: dt = 0.000136998  0.00142429 (0.00297931/0.00297931)
EvolveLevel[5]: NumberOfSubCycles = 3 (175 total, 3 sub)
RebuildHierarchy: level = 4
TransferSubgridParticles[4]: Moved 4 particles, 0 stars, 0 active particles.
DetermineSGSize: MaxSubgridSize = 2000, MinSubgridEdge = 4, ncells = 45928
RebuildHierarchy[4]: Flagged 77/121 grids. 4646 flagged cells
LoadBalance: Number of grids moved = 78 out of 78 (0.00141311 seconds elapsed)
DetermineSGSize: MaxSubgridSize = 2000, MinSubgridEdge = 4, ncells = 45928
RebuildHierarchy[5]: Flagged 0/78 grids. 0 flagged cells
Level[4]: dt = 0.00298934  0.00298934 (0.00596865/0.00674152)
Level[5]: dt = 0.00142453  0.00142453 (0.00142453/0.00298934)
RebuildHierarchy: level = 5
TransferSubgridParticles[5]: Moved 0 particles, 0 stars, 0 active particles.
DetermineSGSize: MaxSubgridSize = 2000, MinSubgridEdge = 4, ncells = 45448
RebuildHierarchy[5]: Flagged 0/78 grids. 0 flagged cells
Level[5]: dt = 0.00142738  0.00142738 (0.00285191/0.00298934)
RebuildHierarchy: level = 5
TransferSubgridParticles[5]: Moved 2 particles, 0 stars, 0 active particles.
DetermineSGSize: MaxSubgridSize = 2000, MinSubgridEdge = 4, ncells = 45448
RebuildHierarchy[5]: Flagged 0/78 grids. 0 flagged cells
Level[5]: dt = 0.000137425  0.00143066 (0.00298934/0.00298934)
EvolveLevel[5]: NumberOfSubCycles = 3 (178 total, 3 sub)
Level[4]: dt = 0.000772877  0.00300417 (0.00674152/0.00674152)
Level[5]: dt = 0.000772877  0.00143099 (0.000772877/0.000772877)
EvolveLevel[5]: NumberOfSubCycles = 1 (179 total, 1 sub)
EvolveLevel[4]: NumberOfSubCycles = 3 (83 total, 3 sub)
RebuildHierarchy: level = 3
TransferSubgridParticles[3]: Moved 29 particles, 0 stars, 0 active particles.
DetermineSGSize: MaxSubgridSize = 2000, MinSubgridEdge = 4, ncells = 56408
RebuildHierarchy[3]: Flagged 119/388 grids. 5954 flagged cells
LoadBalance: Number of grids moved = 122 out of 123 (5.58309e-05 seconds elapsed)
DetermineSGSize: MaxSubgridSize = 2000, MinSubgridEdge = 4, ncells = 45448
RebuildHierarchy[4]: Flagged 77/123 grids. 4666 flagged cells
LoadBalance: Number of grids moved = 78 out of 78 (0.00183029 seconds elapsed)
DetermineSGSize: MaxSubgridSize = 2000, MinSubgridEdge = 4, ncells = 45448
RebuildHierarchy[5]: Flagged 0/78 grids. 0 flagged cells
Level[3]: dt = 0.00675749  0.00675749 (0.013499/0.0145688)
Level[4]: dt = 0.00300876  0.00300876 (0.00300876/0.00675749)
Level[5]: dt = 0.00143294  0.00143294 (0.00143294/0.00300876)
RebuildHierarchy: level = 5
TransferSubgridParticles[5]: Moved 1 particles, 0 stars, 0 active particles.
DetermineSGSize: MaxSubgridSize = 2000, MinSubgridEdge = 4, ncells = 46376
RebuildHierarchy[5]: Flagged 0/78 grids. 0 flagged cells
Level[5]: dt = 0.00143011  0.00143011 (0.00286305/0.00300876)
RebuildHierarchy: level = 5
TransferSubgridParticles[5]: Moved 1 particles, 0 stars, 0 active particles.
DetermineSGSize: MaxSubgridSize = 2000, MinSubgridEdge = 4, ncells = 46376
RebuildHierarchy[5]: Flagged 0/78 grids. 0 flagged cells
Level[5]: dt = 0.000145711  0.00142678 (0.00300876/0.00300876)
EvolveLevel[5]: NumberOfSubCycles = 3 (182 total, 3 sub)
RebuildHierarchy: level = 4
TransferSubgridParticles[4]: Moved 2 particles, 0 stars, 0 active particles.
DetermineSGSize: MaxSubgridSize = 2000, MinSubgridEdge = 4, ncells = 46376
RebuildHierarchy[4]: Flagged 77/123 grids. 4664 flagged cells
LoadBalance: Number of grids moved = 78 out of 79 (0.00152101 seconds elapsed)
DetermineSGSize: MaxSubgridSize = 2000, MinSubgridEdge = 4, ncells = 46376
RebuildHierarchy[5]: Flagged 0/79 grids. 0 flagged cells
Level[4]: dt = 0.00302903  0.00302903 (0.00603779/0.00675749)
Level[5]: dt = 0.00142648  0.00142648 (0.00142648/0.00302903)
RebuildHierarchy: level = 5
TransferSubgridParticles[5]: Moved 0 particles, 0 stars, 0 active particles.
DetermineSGSize: MaxSubgridSize = 2000, MinSubgridEdge = 4, ncells = 44552
RebuildHierarchy[5]: Flagged 0/79 grids. 0 flagged cells
Level[5]: dt = 0.00142378  0.00142378 (0.00285026/0.00302903)
RebuildHierarchy: level = 5
TransferSubgridParticles[5]: Moved 0 particles, 0 stars, 0 active particles.
DetermineSGSize: MaxSubgridSize = 2000, MinSubgridEdge = 4, ncells = 44552
RebuildHierarchy[5]: Flagged 0/79 grids. 0 flagged cells
Level[5]: dt = 0.000178768  0.00142163 (0.00302903/0.00302903)
EvolveLevel[5]: NumberOfSubCycles = 3 (185 total, 3 sub)
Level[4]: dt = 0.0007197  0.00305254 (0.00675749/0.00675749)
Level[5]: dt = 0.0007197  0.00142139 (0.0007197/0.0007197)
EvolveLevel[5]: NumberOfSubCycles = 1 (186 total, 1 sub)
EvolveLevel[4]: NumberOfSubCycles = 3 (86 total, 3 sub)
Level[3]: dt = 0.00106977  0.00677377 (0.0145688/0.0145688)
Level[4]: dt = 0.00106977  0.00305841 (0.00106977/0.00106977)
Level[5]: dt = 0.00106977  0.00142049 (0.00106977/0.00106977)
EvolveLevel[5]: NumberOfSubCycles = 1 (187 total, 1 sub)
EvolveLevel[4]: NumberOfSubCycles = 1 (87 total, 1 sub)
EvolveLevel[3]: NumberOfSubCycles = 3 (38 total, 3 sub)
RebuildHierarchy: level = 2
TransferSubgridParticles[2]: Moved 239 particles, 0 stars, 0 active particles.
DetermineSGSize: MaxSubgridSize = 2000, MinSubgridEdge = 4, ncells = 271456
RebuildHierarchy[2]: Flagged 346/1351 grids. 21764 flagged cells
LoadBalance: Number of grids moved = 387 out of 394 (0.000152919 seconds elapsed)
DetermineSGSize: MaxSubgridSize = 2000, MinSubgridEdge = 4, ncells = 56584
RebuildHierarchy[3]: Flagged 117/394 grids. 5891 flagged cells
LoadBalance: Number of grids moved = 120 out of 121 (5.54845e-05 seconds elapsed)
DetermineSGSize: MaxSubgridSize = 2000, MinSubgridEdge = 4, ncells = 44552
RebuildHierarchy[4]: Flagged 78/121 grids. 4672 flagged cells
LoadBalance: Number of grids moved = 79 out of 80 (0.00158126 seconds elapsed)
DetermineSGSize: MaxSubgridSize = 2000, MinSubgridEdge = 4, ncells = 44552
RebuildHierarchy[5]: Flagged 0/80 grids. 0 flagged cells
Level[2]: dt = 0.0146012  0.0146012 (0.02917/0.0320512)
Level[3]: dt = 0.00677641  0.00677641 (0.00677641/0.0146012)
Level[4]: dt = 0.00306728  0.00306728 (0.00306728/0.00677641)
Level[5]: dt = 0.00141876  0.00141876 (0.00141876/0.00306728)
RebuildHierarchy: level = 5
TransferSubgridParticles[5]: Moved 1 particles, 0 stars, 0 active particles.
DetermineSGSize: MaxSubgridSize = 2000, MinSubgridEdge = 4, ncells = 44648
RebuildHierarchy[5]: Flagged 0/80 grids. 0 flagged cells
Level[5]: dt = 0.0014144  0.0014144 (0.00283316/0.00306728)
RebuildHierarchy: level = 5
TransferSubgridParticles[5]: Moved 1 particles, 0 stars, 0 active particles.
DetermineSGSize: MaxSubgridSize = 2000, MinSubgridEdge = 4, ncells = 44648
RebuildHierarchy[5]: Flagged 0/80 grids. 0 flagged cells
Level[5]: dt = 0.000234123  0.00141063 (0.00306728/0.00306728)
EvolveLevel[5]: NumberOfSubCycles = 3 (190 total, 3 sub)
RebuildHierarchy: level = 4
TransferSubgridParticles[4]: Moved 1 particles, 0 stars, 0 active particles.
DetermineSGSize: MaxSubgridSize = 2000, MinSubgridEdge = 4, ncells = 44648
RebuildHierarchy[4]: Flagged 78/121 grids. 4671 flagged cells
LoadBalance: Number of grids moved = 79 out of 80 (0.00133331 seconds elapsed)
DetermineSGSize: MaxSubgridSize = 2000, MinSubgridEdge = 4, ncells = 44648
RebuildHierarchy[5]: Flagged 0/80 grids. 0 flagged cells
Level[4]: dt = 0.00309317  0.00309317 (0.00616046/0.00677641)
Level[5]: dt = 0.00141009  0.00141009 (0.00141009/0.00309317)
RebuildHierarchy: level = 5
TransferSubgridParticles[5]: Moved 0 particles, 0 stars, 0 active particles.
DetermineSGSize: MaxSubgridSize = 2000, MinSubgridEdge = 4, ncells = 44752
RebuildHierarchy[5]: Flagged 0/80 grids. 0 flagged cells
Level[5]: dt = 0.00140718  0.00140718 (0.00281727/0.00309317)
RebuildHierarchy: level = 5
TransferSubgridParticles[5]: Moved 0 particles, 0 stars, 0 active particles.
DetermineSGSize: MaxSubgridSize = 2000, MinSubgridEdge = 4, ncells = 44752
RebuildHierarchy[5]: Flagged 0/80 grids. 0 flagged cells
Level[5]: dt = 0.000275904  0.00140505 (0.00309317/0.00309317)
EvolveLevel[5]: NumberOfSubCycles = 3 (193 total, 3 sub)
Level[4]: dt = 0.000615953  0.0031044 (0.00677641/0.00677641)
Level[5]: dt = 0.000615953  0.00140472 (0.000615953/0.000615953)
EvolveLevel[5]: NumberOfSubCycles = 1 (194 total, 1 sub)
EvolveLevel[4]: NumberOfSubCycles = 3 (90 total, 3 sub)
RebuildHierarchy: level = 3
TransferSubgridParticles[3]: Moved 36 particles, 0 stars, 0 active particles.
DetermineSGSize: MaxSubgridSize = 2000, MinSubgridEdge = 4, ncells = 55784
RebuildHierarchy[3]: Flagged 119/394 grids. 5956 flagged cells
LoadBalance: Number of grids moved = 122 out of 123 (5.63227e-05 seconds elapsed)
DetermineSGSize: MaxSubgridSize = 2000, MinSubgridEdge = 4, ncells = 44752
RebuildHierarchy[4]: Flagged 76/123 grids. 4638 flagged cells
LoadBalance: Number of grids moved = 77 out of 78 (0.00162377 seconds elapsed)
DetermineSGSize: MaxSubgridSize = 2000, MinSubgridEdge = 4, ncells = 44752
RebuildHierarchy[5]: Flagged 0/78 grids. 0 flagged cells
Level[3]: dt = 0.00679245  0.00679245 (0.0135689/0.0146012)
Level[4]: dt = 0.00310586  0.00310586 (0.00310586/0.00679245)
Level[5]: dt = 0.00140406  0.00140406 (0.00140406/0.00310586)
RebuildHierarchy: level = 5
TransferSubgridParticles[5]: Moved 1 particles, 0 stars, 0 active particles.
DetermineSGSize: MaxSubgridSize = 2000, MinSubgridEdge = 4, ncells = 44552
RebuildHierarchy[5]: Flagged 0/78 grids. 0 flagged cells
Level[5]: dt = 0.00140314  0.00140314 (0.0028072/0.00310586)
RebuildHierarchy: level = 5
TransferSubgridParticles[5]: Moved 2 particles, 0 stars, 0 active particles.
DetermineSGSize: MaxSubgridSize = 2000, MinSubgridEdge = 4, ncells = 44552
RebuildHierarchy[5]: Flagged 0/78 grids. 0 flagged cells
Level[5]: dt = 0.000298653  0.00140274 (0.00310586/0.00310586)
EvolveLevel[5]: NumberOfSubCycles = 3 (197 total, 3 sub)
RebuildHierarchy: level = 4
TransferSubgridParticles[4]: Moved 6 particles, 0 stars, 0 active particles.
DetermineSGSize: MaxSubgridSize = 2000, MinSubgridEdge = 4, ncells = 44552
RebuildHierarchy[4]: Flagged 76/123 grids. 4624 flagged cells
LoadBalance: Number of grids moved = 77 out of 77 (0.00134899 seconds elapsed)
DetermineSGSize: MaxSubgridSize = 2000, MinSubgridEdge = 4, ncells = 44552
RebuildHierarchy[5]: Flagged 0/77 grids. 0 flagged cells
Level[4]: dt = 0.00311321  0.00311321 (0.00621907/0.00679245)
Level[5]: dt = 0.00140273  0.00140273 (0.00140273/0.00311321)
RebuildHierarchy: level = 5
TransferSubgridParticles[5]: Moved 0 particles, 0 stars, 0 active particles.
DetermineSGSize: MaxSubgridSize = 2000, MinSubgridEdge = 4, ncells = 46256
RebuildHierarchy[5]: Flagged 0/77 grids. 0 flagged cells
Level[5]: dt = 0.00140306  0.00140306 (0.00280578/0.00311321)
RebuildHierarchy: level = 5
TransferSubgridParticles[5]: Moved 2 particles, 0 stars, 0 active particles.
DetermineSGSize: MaxSubgridSize = 2000, MinSubgridEdge = 4, ncells = 46256
RebuildHierarchy[5]: Flagged 0/77 grids. 0 flagged cells
Level[5]: dt = 0.000307429  0.00140417 (0.00311321/0.00311321)
EvolveLevel[5]: NumberOfSubCycles = 3 (200 total, 3 sub)
Level[4]: dt = 0.000573377  0.00312085 (0.00679245/0.00679245)
Level[5]: dt = 0.000573377  0.00140445 (0.000573377/0.000573377)
EvolveLevel[5]: NumberOfSubCycles = 1 (201 total, 1 sub)
EvolveLevel[4]: NumberOfSubCycles = 3 (93 total, 3 sub)
Level[3]: dt = 0.00103234  0.00680866 (0.0146012/0.0146012)
Level[4]: dt = 0.00103234  0.00312227 (0.00103234/0.00103234)
Level[5]: dt = 0.00103234  0.00140503 (0.00103234/0.00103234)
EvolveLevel[5]: NumberOfSubCycles = 1 (202 total, 1 sub)
EvolveLevel[4]: NumberOfSubCycles = 1 (94 total, 1 sub)
EvolveLevel[3]: NumberOfSubCycles = 3 (41 total, 3 sub)
Level[2]: dt = 0.00288119  0.0146326 (0.0320512/0.0320512)
Level[3]: dt = 0.00288119  0.00681124 (0.00288119/0.00288119)
Level[4]: dt = 0.00288119  0.0031248 (0.00288119/0.00288119)
Level[5]: dt = 0.00140637  0.00140637 (0.00140637/0.00288119)
RebuildHierarchy: level = 5
TransferSubgridParticles[5]: Moved 0 particles, 0 stars, 0 active particles.
DetermineSGSize: MaxSubgridSize = 2000, MinSubgridEdge = 4, ncells = 46256
RebuildHierarchy[5]: Flagged 0/77 grids. 0 flagged cells
Level[5]: dt = 0.00147482  0.00140873 (0.00288119/0.00288119)
EvolveLevel[5]: NumberOfSubCycles = 2 (204 total, 2 sub)
EvolveLevel[4]: NumberOfSubCycles = 1 (95 total, 1 sub)
EvolveLevel[3]: NumberOfSubCycles = 1 (42 total, 1 sub)
EvolveLevel[2]: NumberOfSubCycles = 3 (18 total, 3 sub)
Level[1]: dt = 0.00188086  0.0317125 (0.0662517/0.0662517)
Level[2]: dt = 0.00188086  0.0146386 (0.00188086/0.00188086)
Level[3]: dt = 0.00188086  0.00681807 (0.00188086/0.00188086)
Level[4]: dt = 0.00188086  0.00313161 (0.00188086/0.00188086)
Level[5]: dt = 0.00141151  0.00141151 (0.00141151/0.00188086)
RebuildHierarchy: level = 5
TransferSubgridParticles[5]: Moved 0 particles, 0 stars, 0 active particles.
DetermineSGSize: MaxSubgridSize = 2000, MinSubgridEdge = 4, ncells = 46256
RebuildHierarchy[5]: Flagged 0/77 grids. 0 flagged cells
Level[5]: dt = 0.000469354  0.00140634 (0.00188086/0.00188086)
EvolveLevel[5]: NumberOfSubCycles = 2 (206 total, 2 sub)
EvolveLevel[4]: NumberOfSubCycles = 1 (96 total, 1 sub)
EvolveLevel[3]: NumberOfSubCycles = 1 (43 total, 1 sub)
EvolveLevel[2]: NumberOfSubCycles = 1 (19 total, 1 sub)
EvolveLevel[1]: NumberOfSubCycles = 3 (7 total, 3 sub)
EvolveLevel[0]: NumberOfSubCycles = 1 (3 total, 3 sub)
CPUTime-output: Frac = 0.999991, Current = 855.23 (855.23), Stop = 2592000.000000, Last = 22.7206
[YT_INFO   ] Setting YT parameters ...
[YT_INFO   ] Setting YT parameters ... done.
[YT_INFO   ] Getting pointer to particle list information ...
[YT_INFO   ] Getting pointer to particle list information  ... done.
[YT_INFO   ] Getting pointer to field list information ...
[YT_INFO   ] Getting pointer to field list information  ... done.
[YT_INFO   ] Getting pointer to local grids information ...
[YT_INFO   ] Getting pointer to local grids information  ... done.
[YT_INFO   ] Loading full hierarchy and local data to libyt ...
[YT_INFO   ] Loading full hierarchy and local data ... done.
[YT_INFO   ] Performing YT inline analysis yt_inline_func() ...
[YT_INFO   ] Performing YT inline analysis yt_inline_func() ... done.
Level[0]: dt = 0.06629  0.06629 (0.06629/0.06629)
Level[1]: dt = 0.0316939  0.0316939 (0.0316939/0.06629)
Level[2]: dt = 0.0146425  0.0146425 (0.0146425/0.0316939)
Level[3]: dt = 0.00679278  0.00679278 (0.00679278/0.0146425)
Level[4]: dt = 0.00313596  0.00313596 (0.00313596/0.00679278)
Level[5]: dt = 0.00140482  0.00140482 (0.00140482/0.00313596)
RebuildHierarchy: level = 5
TransferSubgridParticles[5]: Moved 0 particles, 0 stars, 0 active particles.
DetermineSGSize: MaxSubgridSize = 2000, MinSubgridEdge = 4, ncells = 46256
RebuildHierarchy[5]: Flagged 0/77 grids. 0 flagged cells
Level[5]: dt = 0.00140075  0.00140075 (0.00280558/0.00313596)
RebuildHierarchy: level = 5
TransferSubgridParticles[5]: Moved 2 particles, 0 stars, 0 active particles.
DetermineSGSize: MaxSubgridSize = 2000, MinSubgridEdge = 4, ncells = 46256
RebuildHierarchy[5]: Flagged 0/77 grids. 0 flagged cells
Level[5]: dt = 0.000330379  0.00139684 (0.00313596/0.00313596)
EvolveLevel[5]: NumberOfSubCycles = 3 (209 total, 3 sub)
RebuildHierarchy: level = 4
TransferSubgridParticles[4]: Moved 16 particles, 0 stars, 0 active particles.
DetermineSGSize: MaxSubgridSize = 2000, MinSubgridEdge = 4, ncells = 46256
RebuildHierarchy[4]: Flagged 78/123 grids. 4721 flagged cells
LoadBalance: Number of grids moved = 79 out of 79 (0.00163071 seconds elapsed)
DetermineSGSize: MaxSubgridSize = 2000, MinSubgridEdge = 4, ncells = 46256
RebuildHierarchy[5]: Flagged 0/79 grids. 0 flagged cells
Level[4]: dt = 0.00314295  0.00314295 (0.0062789/0.00679278)
Level[5]: dt = 0.00139609  0.00139609 (0.00139609/0.00314295)
RebuildHierarchy: level = 5
TransferSubgridParticles[5]: Moved 0 particles, 0 stars, 0 active particles.
DetermineSGSize: MaxSubgridSize = 2000, MinSubgridEdge = 4, ncells = 46656
RebuildHierarchy[5]: Flagged 0/79 grids. 0 flagged cells
Level[5]: dt = 0.00139344  0.00139344 (0.00278953/0.00314295)
RebuildHierarchy: level = 5
TransferSubgridParticles[5]: Moved 0 particles, 0 stars, 0 active particles.
DetermineSGSize: MaxSubgridSize = 2000, MinSubgridEdge = 4, ncells = 46656
RebuildHierarchy[5]: Flagged 0/79 grids. 0 flagged cells
Level[5]: dt = 0.000353423  0.00139089 (0.00314295/0.00314295)
EvolveLevel[5]: NumberOfSubCycles = 3 (212 total, 3 sub)
Level[4]: dt = 0.000513879  0.00314965 (0.00679278/0.00679278)
Level[5]: dt = 0.000513879  0.00139038 (0.000513879/0.000513879)
EvolveLevel[5]: NumberOfSubCycles = 1 (213 total, 1 sub)
EvolveLevel[4]: NumberOfSubCycles = 3 (99 total, 3 sub)
RebuildHierarchy: level = 3
TransferSubgridParticles[3]: Moved 82 particles, 0 stars, 0 active particles.
DetermineSGSize: MaxSubgridSize = 2000, MinSubgridEdge = 4, ncells = 56248
RebuildHierarchy[3]: Flagged 116/394 grids. 5926 flagged cells
LoadBalance: Number of grids moved = 118 out of 119 (5.32903e-05 seconds elapsed)
DetermineSGSize: MaxSubgridSize = 2000, MinSubgridEdge = 4, ncells = 46656
RebuildHierarchy[4]: Flagged 77/119 grids. 4751 flagged cells
LoadBalance: Number of grids moved = 79 out of 79 (0.00186082 seconds elapsed)
DetermineSGSize: MaxSubgridSize = 2000, MinSubgridEdge = 4, ncells = 46656
RebuildHierarchy[5]: Flagged 0/79 grids. 0 flagged cells
Level[3]: dt = 0.00663537  0.00663537 (0.0134282/0.0146425)
Level[4]: dt = 0.00315074  0.00315074 (0.00315074/0.00663537)
Level[5]: dt = 0.00138969  0.00138969 (0.00138969/0.00315074)
RebuildHierarchy: level = 5
TransferSubgridParticles[5]: Moved 2 particles, 0 stars, 0 active particles.
DetermineSGSize: MaxSubgridSize = 2000, MinSubgridEdge = 4, ncells = 47072
RebuildHierarchy[5]: Flagged 0/79 grids. 0 flagged cells
Level[5]: dt = 0.00138791  0.00138791 (0.0027776/0.00315074)
RebuildHierarchy: level = 5
TransferSubgridParticles[5]: Moved 0 particles, 0 stars, 0 active particles.
DetermineSGSize: MaxSubgridSize = 2000, MinSubgridEdge = 4, ncells = 47072
RebuildHierarchy[5]: Flagged 0/79 grids. 0 flagged cells
Level[5]: dt = 0.000373139  0.00138691 (0.00315074/0.00315074)
EvolveLevel[5]: NumberOfSubCycles = 3 (216 total, 3 sub)
RebuildHierarchy: level = 4
TransferSubgridParticles[4]: Moved 0 particles, 0 stars, 0 active particles.
DetermineSGSize: MaxSubgridSize = 2000, MinSubgridEdge = 4, ncells = 47072
RebuildHierarchy[4]: Flagged 77/119 grids. 4734 flagged cells
LoadBalance: Number of grids moved = 79 out of 79 (0.00157071 seconds elapsed)
DetermineSGSize: MaxSubgridSize = 2000, MinSubgridEdge = 4, ncells = 47072
RebuildHierarchy[5]: Flagged 0/79 grids. 0 flagged cells
Level[4]: dt = 0.0031572  0.0031572 (0.00630794/0.00663537)
Level[5]: dt = 0.00138673  0.00138673 (0.00138673/0.0031572)
RebuildHierarchy: level = 5
TransferSubgridParticles[5]: Moved 0 particles, 0 stars, 0 active particles.
DetermineSGSize: MaxSubgridSize = 2000, MinSubgridEdge = 4, ncells = 46856
RebuildHierarchy[5]: Flagged 0/79 grids. 0 flagged cells
Level[5]: dt = 0.00138619  0.00138619 (0.00277291/0.0031572)
RebuildHierarchy: level = 5
TransferSubgridParticles[5]: Moved 1 particles, 0 stars, 0 active particles.
DetermineSGSize: MaxSubgridSize = 2000, MinSubgridEdge = 4, ncells = 46856
RebuildHierarchy[5]: Flagged 0/79 grids. 0 flagged cells
Level[5]: dt = 0.000384288  0.00138636 (0.0031572/0.0031572)
EvolveLevel[5]: NumberOfSubCycles = 3 (219 total, 3 sub)
Level[4]: dt = 0.000327433  0.00316323 (0.00663537/0.00663537)
Level[5]: dt = 0.000327433  0.00138648 (0.000327433/0.000327433)
EvolveLevel[5]: NumberOfSubCycles = 1 (220 total, 1 sub)
EvolveLevel[4]: NumberOfSubCycles = 3 (102 total, 3 sub)
Level[3]: dt = 0.00121438  0.00656591 (0.0146425/0.0146425)
Level[4]: dt = 0.00121438  0.00316382 (0.00121438/0.00121438)
Level[5]: dt = 0.00121438  0.0013866 (0.00121438/0.00121438)
EvolveLevel[5]: NumberOfSubCycles = 1 (221 total, 1 sub)
EvolveLevel[4]: NumberOfSubCycles = 1 (103 total, 1 sub)
EvolveLevel[3]: NumberOfSubCycles = 3 (46 total, 3 sub)
RebuildHierarchy: level = 2
TransferSubgridParticles[2]: Moved 488 particles, 0 stars, 0 active particles.
DetermineSGSize: MaxSubgridSize = 2000, MinSubgridEdge = 4, ncells = 274608
RebuildHierarchy[2]: Flagged 351/1351 grids. 22189 flagged cells
LoadBalance: Number of grids moved = 399 out of 406 (0.000161156 seconds elapsed)
DetermineSGSize: MaxSubgridSize = 2000, MinSubgridEdge = 4, ncells = 58520
RebuildHierarchy[3]: Flagged 121/406 grids. 5992 flagged cells
LoadBalance: Number of grids moved = 123 out of 124 (5.53802e-05 seconds elapsed)
DetermineSGSize: MaxSubgridSize = 2000, MinSubgridEdge = 4, ncells = 46856
RebuildHierarchy[4]: Flagged 77/124 grids. 4753 flagged cells
LoadBalance: Number of grids moved = 79 out of 80 (0.00184504 seconds elapsed)
DetermineSGSize: MaxSubgridSize = 2000, MinSubgridEdge = 4, ncells = 46856
RebuildHierarchy[5]: Flagged 0/80 grids. 0 flagged cells
Level[2]: dt = 0.014672  0.014672 (0.0293145/0.0316939)
Level[3]: dt = 0.00656266  0.00656266 (0.00656266/0.014672)
Level[4]: dt = 0.0031569  0.0031569 (0.0031569/0.00656266)
Level[5]: dt = 0.00138731  0.00138731 (0.00138731/0.0031569)
RebuildHierarchy: level = 5
TransferSubgridParticles[5]: Moved 0 particles, 0 stars, 0 active particles.
DetermineSGSize: MaxSubgridSize = 2000, MinSubgridEdge = 4, ncells = 45376
RebuildHierarchy[5]: Flagged 0/80 grids. 0 flagged cells
Level[5]: dt = 0.00138853  0.00138853 (0.00277583/0.0031569)
RebuildHierarchy: level = 5
TransferSubgridParticles[5]: Moved 0 particles, 0 stars, 0 active particles.
DetermineSGSize: MaxSubgridSize = 2000, MinSubgridEdge = 4, ncells = 45376
RebuildHierarchy[5]: Flagged 0/80 grids. 0 flagged cells
Level[5]: dt = 0.000381063  0.00139049 (0.0031569/0.0031569)
EvolveLevel[5]: NumberOfSubCycles = 3 (224 total, 3 sub)
RebuildHierarchy: level = 4
TransferSubgridParticles[4]: Moved 2 particles, 0 stars, 0 active particles.
DetermineSGSize: MaxSubgridSize = 2000, MinSubgridEdge = 4, ncells = 45376
RebuildHierarchy[4]: Flagged 77/124 grids. 4792 flagged cells
LoadBalance: Number of grids moved = 79 out of 80 (0.00133264 seconds elapsed)
DetermineSGSize: MaxSubgridSize = 2000, MinSubgridEdge = 4, ncells = 45376
RebuildHierarchy[5]: Flagged 0/80 grids. 0 flagged cells
Level[4]: dt = 0.00313872  0.00313872 (0.00629562/0.00656266)
Level[5]: dt = 0.00139114  0.00139114 (0.00139114/0.00313872)
RebuildHierarchy: level = 5
TransferSubgridParticles[5]: Moved 0 particles, 0 stars, 0 active particles.
DetermineSGSize: MaxSubgridSize = 2000, MinSubgridEdge = 4, ncells = 46128
RebuildHierarchy[5]: Flagged 0/80 grids. 0 flagged cells
Level[5]: dt = 0.00139382  0.00139382 (0.00278496/0.00313872)
RebuildHierarchy: level = 5
TransferSubgridParticles[5]: Moved 0 particles, 0 stars, 0 active particles.
DetermineSGSize: MaxSubgridSize = 2000, MinSubgridEdge = 4, ncells = 46128
RebuildHierarchy[5]: Flagged 0/80 grids. 0 flagged cells
Level[5]: dt = 0.000353762  0.00139059 (0.00313872/0.00313872)
EvolveLevel[5]: NumberOfSubCycles = 3 (227 total, 3 sub)
Level[4]: dt = 0.000267041  0.00313136 (0.00656266/0.00656266)
Level[5]: dt = 0.000267041  0.00138975 (0.000267041/0.000267041)
EvolveLevel[5]: NumberOfSubCycles = 1 (228 total, 1 sub)
EvolveLevel[4]: NumberOfSubCycles = 3 (106 total, 3 sub)
RebuildHierarchy: level = 3
TransferSubgridParticles[3]: Moved 37 particles, 0 stars, 0 active particles.
DetermineSGSize: MaxSubgridSize = 2000, MinSubgridEdge = 4, ncells = 59248
RebuildHierarchy[3]: Flagged 118/406 grids. 5924 flagged cells
LoadBalance: Number of grids moved = 120 out of 121 (5.46016e-05 seconds elapsed)
DetermineSGSize: MaxSubgridSize = 2000, MinSubgridEdge = 4, ncells = 46128
RebuildHierarchy[4]: Flagged 77/121 grids. 4773 flagged cells
LoadBalance: Number of grids moved = 79 out of 80 (0.00176189 seconds elapsed)
DetermineSGSize: MaxSubgridSize = 2000, MinSubgridEdge = 4, ncells = 46128
RebuildHierarchy[5]: Flagged 0/80 grids. 0 flagged cells
Level[3]: dt = 0.0065699  0.0065699 (0.0131326/0.014672)
Level[4]: dt = 0.00313107  0.00313107 (0.00313107/0.0065699)
Level[5]: dt = 0.00138913  0.00138913 (0.00138913/0.00313107)
RebuildHierarchy: level = 5
TransferSubgridParticles[5]: Moved 1 particles, 0 stars, 0 active particles.
DetermineSGSize: MaxSubgridSize = 2000, MinSubgridEdge = 4, ncells = 46016
RebuildHierarchy[5]: Flagged 0/80 grids. 0 flagged cells
Level[5]: dt = 0.00138591  0.00138591 (0.00277504/0.00313107)
RebuildHierarchy: level = 5
TransferSubgridParticles[5]: Moved 0 particles, 0 stars, 0 active particles.
DetermineSGSize: MaxSubgridSize = 2000, MinSubgridEdge = 4, ncells = 46016
RebuildHierarchy[5]: Flagged 0/80 grids. 0 flagged cells
Level[5]: dt = 0.000356025  0.00138361 (0.00313107/0.00313107)
EvolveLevel[5]: NumberOfSubCycles = 3 (231 total, 3 sub)
RebuildHierarchy: level = 4
TransferSubgridParticles[4]: Moved 2 particles, 0 stars, 0 active particles.
DetermineSGSize: MaxSubgridSize = 2000, MinSubgridEdge = 4, ncells = 46016
RebuildHierarchy[4]: Flagged 77/121 grids. 4779 flagged cells
LoadBalance: Number of grids moved = 79 out of 80 (0.00151307 seconds elapsed)
DetermineSGSize: MaxSubgridSize = 2000, MinSubgridEdge = 4, ncells = 46016
RebuildHierarchy[5]: Flagged 0/80 grids. 0 flagged cells
Level[4]: dt = 0.00313089  0.00313089 (0.00626195/0.0065699)
Level[5]: dt = 0.0013831  0.0013831 (0.0013831/0.00313089)
RebuildHierarchy: level = 5
TransferSubgridParticles[5]: Moved 0 particles, 0 stars, 0 active particles.
DetermineSGSize: MaxSubgridSize = 2000, MinSubgridEdge = 4, ncells = 46024
RebuildHierarchy[5]: Flagged 0/80 grids. 0 flagged cells
Level[5]: dt = 0.00138108  0.00138108 (0.00276417/0.00313089)
RebuildHierarchy: level = 5
TransferSubgridParticles[5]: Moved 0 particles, 0 stars, 0 active particles.
DetermineSGSize: MaxSubgridSize = 2000, MinSubgridEdge = 4, ncells = 46024
RebuildHierarchy[5]: Flagged 0/80 grids. 0 flagged cells
Level[5]: dt = 0.000366713  0.00138 (0.00313089/0.00313089)
EvolveLevel[5]: NumberOfSubCycles = 3 (234 total, 3 sub)
Level[4]: dt = 0.000307949  0.00313484 (0.0065699/0.0065699)
Level[5]: dt = 0.000307949  0.00137984 (0.000307949/0.000307949)
EvolveLevel[5]: NumberOfSubCycles = 1 (235 total, 1 sub)
EvolveLevel[4]: NumberOfSubCycles = 3 (109 total, 3 sub)
Level[3]: dt = 0.00153941  0.00659324 (0.014672/0.014672)
Level[4]: dt = 0.00153941  0.00313535 (0.00153941/0.00153941)
Level[5]: dt = 0.0013797  0.0013797 (0.0013797/0.00153941)
RebuildHierarchy: level = 5
TransferSubgridParticles[5]: Moved 1 particles, 0 stars, 0 active particles.
DetermineSGSize: MaxSubgridSize = 2000, MinSubgridEdge = 4, ncells = 46024
RebuildHierarchy[5]: Flagged 0/80 grids. 0 flagged cells
Level[5]: dt = 0.000159708  0.00137951 (0.00153941/0.00153941)
EvolveLevel[5]: NumberOfSubCycles = 2 (237 total, 2 sub)
EvolveLevel[4]: NumberOfSubCycles = 1 (110 total, 1 sub)
EvolveLevel[3]: NumberOfSubCycles = 3 (49 total, 3 sub)
Level[2]: dt = 0.00237938  0.0146988 (0.0316939/0.0316939)
Level[3]: dt = 0.00237938  0.00659889 (0.00237938/0.00237938)
Level[4]: dt = 0.00237938  0.00313816 (0.00237938/0.00237938)
Level[5]: dt = 0.00137953  0.00137953 (0.00137953/0.00237938)
RebuildHierarchy: level = 5
TransferSubgridParticles[5]: Moved 0 particles, 0 stars, 0 active particles.
DetermineSGSize: MaxSubgridSize = 2000, MinSubgridEdge = 4, ncells = 46024
RebuildHierarchy[5]: Flagged 0/80 grids. 0 flagged cells
Level[5]: dt = 0.000999851  0.00137966 (0.00237938/0.00237938)
EvolveLevel[5]: NumberOfSubCycles = 2 (239 total, 2 sub)
EvolveLevel[4]: NumberOfSubCycles = 1 (111 total, 1 sub)
EvolveLevel[3]: NumberOfSubCycles = 1 (50 total, 1 sub)
EvolveLevel[2]: NumberOfSubCycles = 3 (22 total, 3 sub)
RebuildHierarchy: level = 1
TransferSubgridParticles[1]: Moved 10493 particles, 0 stars, 0 active particles.
DetermineSGSize: MaxSubgridSize = 2000, MinSubgridEdge = 4, ncells = 1315000
RebuildHierarchy[1]: Flagged 918/8551 grids. 90484 flagged cells
LoadBalance: Number of grids moved = 1376 out of 1387 (0.00165866 seconds elapsed)
DetermineSGSize: MaxSubgridSize = 2000, MinSubgridEdge = 4, ncells = 279936
RebuildHierarchy[2]: Flagged 352/1387 grids. 22230 flagged cells
LoadBalance: Number of grids moved = 401 out of 405 (0.00215342 seconds elapsed)
DetermineSGSize: MaxSubgridSize = 2000, MinSubgridEdge = 4, ncells = 58528
RebuildHierarchy[3]: Flagged 122/405 grids. 5990 flagged cells
LoadBalance: Number of grids moved = 124 out of 125 (5.49778e-05 seconds elapsed)
DetermineSGSize: MaxSubgridSize = 2000, MinSubgridEdge = 4, ncells = 46024
RebuildHierarchy[4]: Flagged 80/125 grids. 4868 flagged cells
LoadBalance: Number of grids moved = 82 out of 83 (0.0016525 seconds elapsed)
DetermineSGSize: MaxSubgridSize = 2000, MinSubgridEdge = 4, ncells = 46024
RebuildHierarchy[5]: Flagged 0/83 grids. 0 flagged cells
Level[1]: dt = 0.0314168  0.0314168 (0.0631107/0.06629)
Level[2]: dt = 0.0147029  0.0147029 (0.0147029/0.0314168)
Level[3]: dt = 0.00660722  0.00660722 (0.00660722/0.0147029)
Level[4]: dt = 0.00314288  0.00314288 (0.00314288/0.00660722)
Level[5]: dt = 0.00138036  0.00138036 (0.00138036/0.00314288)
RebuildHierarchy: level = 5
TransferSubgridParticles[5]: Moved 3 particles, 0 stars, 0 active particles.
DetermineSGSize: MaxSubgridSize = 2000, MinSubgridEdge = 4, ncells = 46976
RebuildHierarchy[5]: Flagged 0/83 grids. 0 flagged cells
Level[5]: dt = 0.00138188  0.00138188 (0.00276224/0.00314288)
RebuildHierarchy: level = 5
TransferSubgridParticles[5]: Moved 0 particles, 0 stars, 0 active particles.
DetermineSGSize: MaxSubgridSize = 2000, MinSubgridEdge = 4, ncells = 46976
RebuildHierarchy[5]: Flagged 0/83 grids. 0 flagged cells
Level[5]: dt = 0.000380638  0.0013835 (0.00314288/0.00314288)
EvolveLevel[5]: NumberOfSubCycles = 3 (242 total, 3 sub)
RebuildHierarchy: level = 4
TransferSubgridParticles[4]: Moved 2 particles, 0 stars, 0 active particles.
DetermineSGSize: MaxSubgridSize = 2000, MinSubgridEdge = 4, ncells = 46976
RebuildHierarchy[4]: Flagged 80/125 grids. 4883 flagged cells
LoadBalance: Number of grids moved = 82 out of 83 (0.00143014 seconds elapsed)
DetermineSGSize: MaxSubgridSize = 2000, MinSubgridEdge = 4, ncells = 46976
RebuildHierarchy[5]: Flagged 0/83 grids. 0 flagged cells
Level[4]: dt = 0.00314943  0.00314943 (0.00629231/0.00660722)
Level[5]: dt = 0.00138421  0.00138421 (0.00138421/0.00314943)
RebuildHierarchy: level = 5
TransferSubgridParticles[5]: Moved 0 particles, 0 stars, 0 active particles.
DetermineSGSize: MaxSubgridSize = 2000, MinSubgridEdge = 4, ncells = 47008
RebuildHierarchy[5]: Flagged 0/83 grids. 0 flagged cells
Level[5]: dt = 0.00138718  0.00138718 (0.0027714/0.00314943)
RebuildHierarchy: level = 5
TransferSubgridParticles[5]: Moved 2 particles, 0 stars, 0 active particles.
DetermineSGSize: MaxSubgridSize = 2000, MinSubgridEdge = 4, ncells = 47008
RebuildHierarchy[5]: Flagged 0/83 grids. 0 flagged cells
Level[5]: dt = 0.000378037  0.00139052 (0.00314943/0.00314943)
EvolveLevel[5]: NumberOfSubCycles = 3 (245 total, 3 sub)
Level[4]: dt = 0.000314912  0.00315618 (0.00660722/0.00660722)
Level[5]: dt = 0.000314912  0.00139161 (0.000314912/0.000314912)
EvolveLevel[5]: NumberOfSubCycles = 1 (246 total, 1 sub)
EvolveLevel[4]: NumberOfSubCycles = 3 (114 total, 3 sub)
RebuildHierarchy: level = 3
TransferSubgridParticles[3]: Moved 23 particles, 0 stars, 0 active particles.
DetermineSGSize: MaxSubgridSize = 2000, MinSubgridEdge = 4, ncells = 59352
RebuildHierarchy[3]: Flagged 123/405 grids. 6029 flagged cells
LoadBalance: Number of grids moved = 125 out of 126 (5.51529e-05 seconds elapsed)
DetermineSGSize: MaxSubgridSize = 2000, MinSubgridEdge = 4, ncells = 47008
RebuildHierarchy[4]: Flagged 79/126 grids. 4867 flagged cells
LoadBalance: Number of grids moved = 81 out of 82 (0.00175115 seconds elapsed)
DetermineSGSize: MaxSubgridSize = 2000, MinSubgridEdge = 4, ncells = 47008
RebuildHierarchy[5]: Flagged 0/82 grids. 0 flagged cells
Level[3]: dt = 0.00662768  0.00662768 (0.0132349/0.0147029)
Level[4]: dt = 0.00315685  0.00315685 (0.00315685/0.00662768)
Level[5]: dt = 0.00139253  0.00139253 (0.00139253/0.00315685)
RebuildHierarchy: level = 5
TransferSubgridParticles[5]: Moved 2 particles, 0 stars, 0 active particles.
DetermineSGSize: MaxSubgridSize = 2000, MinSubgridEdge = 4, ncells = 47072
RebuildHierarchy[5]: Flagged 0/82 grids. 0 flagged cells
Level[5]: dt = 0.00139535  0.00139535 (0.00278788/0.00315685)
RebuildHierarchy: level = 5
TransferSubgridParticles[5]: Moved 3 particles, 0 stars, 0 active particles.
DetermineSGSize: MaxSubgridSize = 2000, MinSubgridEdge = 4, ncells = 47072
RebuildHierarchy[5]: Flagged 0/82 grids. 0 flagged cells
Level[5]: dt = 0.000368971  0.00139392 (0.00315685/0.00315685)
EvolveLevel[5]: NumberOfSubCycles = 3 (249 total, 3 sub)
RebuildHierarchy: level = 4
TransferSubgridParticles[4]: Moved 5 particles, 0 stars, 0 active particles.
DetermineSGSize: MaxSubgridSize = 2000, MinSubgridEdge = 4, ncells = 47072
RebuildHierarchy[4]: Flagged 79/126 grids. 4861 flagged cells
LoadBalance: Number of grids moved = 81 out of 82 (0.00151949 seconds elapsed)
DetermineSGSize: MaxSubgridSize = 2000, MinSubgridEdge = 4, ncells = 47072
RebuildHierarchy[5]: Flagged 0/82 grids. 0 flagged cells
Level[4]: dt = 0.00316365  0.00316365 (0.0063205/0.00662768)
Level[5]: dt = 0.0013936  0.0013936 (0.0013936/0.00316365)
RebuildHierarchy: level = 5
TransferSubgridParticles[5]: Moved 0 particles, 0 stars, 0 active particles.
DetermineSGSize: MaxSubgridSize = 2000, MinSubgridEdge = 4, ncells = 46944
RebuildHierarchy[5]: Flagged 0/82 grids. 0 flagged cells
Level[5]: dt = 0.00139251  0.00139251 (0.00278611/0.00316365)
RebuildHierarchy: level = 5
TransferSubgridParticles[5]: Moved 1 particles, 0 stars, 0 active particles.
DetermineSGSize: MaxSubgridSize = 2000, MinSubgridEdge = 4, ncells = 46944
RebuildHierarchy[5]: Flagged 0/82 grids. 0 flagged cells
Level[5]: dt = 0.000377539  0.00139216 (0.00316365/0.00316365)
EvolveLevel[5]: NumberOfSubCycles = 3 (252 total, 3 sub)
Level[4]: dt = 0.000307176  0.00316514 (0.00662768/0.00662768)
Level[5]: dt = 0.000307176  0.00139209 (0.000307176/0.000307176)
EvolveLevel[5]: NumberOfSubCycles = 1 (253 total, 1 sub)
EvolveLevel[4]: NumberOfSubCycles = 3 (117 total, 3 sub)
Level[3]: dt = 0.001468  0.00664604 (0.0147029/0.0147029)
Level[4]: dt = 0.001468  0.00315885 (0.001468/0.001468)
Level[5]: dt = 0.00139203  0.00139203 (0.00139203/0.001468)
RebuildHierarchy: level = 5
TransferSubgridParticles[5]: Moved 2 particles, 0 stars, 0 active particles.
DetermineSGSize: MaxSubgridSize = 2000, MinSubgridEdge = 4, ncells = 46944
RebuildHierarchy[5]: Flagged 0/82 grids. 0 flagged cells
Level[5]: dt = 7.59754e-05  0.0013922 (0.001468/0.001468)
EvolveLevel[5]: NumberOfSubCycles = 2 (255 total, 2 sub)
EvolveLevel[4]: NumberOfSubCycles = 1 (118 total, 1 sub)
EvolveLevel[3]: NumberOfSubCycles = 3 (53 total, 3 sub)
RebuildHierarchy: level = 2
TransferSubgridParticles[2]: Moved 269 particles, 0 stars, 0 active particles.
DetermineSGSize: MaxSubgridSize = 2000, MinSubgridEdge = 4, ncells = 279560
RebuildHierarchy[2]: Flagged 354/1387 grids. 22308 flagged cells
LoadBalance: Number of grids moved = 406 out of 410 (0.00222439 seconds elapsed)
DetermineSGSize: MaxSubgridSize = 2000, MinSubgridEdge = 4, ncells = 59808
RebuildHierarchy[3]: Flagged 119/410 grids. 5933 flagged cells
LoadBalance: Number of grids moved = 121 out of 122 (5.40651e-05 seconds elapsed)
DetermineSGSize: MaxSubgridSize = 2000, MinSubgridEdge = 4, ncells = 46944
RebuildHierarchy[4]: Flagged 81/122 grids. 4891 flagged cells
LoadBalance: Number of grids moved = 77 out of 84 (0.00176303 seconds elapsed)
DetermineSGSize: MaxSubgridSize = 2000, MinSubgridEdge = 4, ncells = 46944
RebuildHierarchy[5]: Flagged 0/84 grids. 0 flagged cells
Level[2]: dt = 0.0147273  0.0147273 (0.0294302/0.0314168)
Level[3]: dt = 0.00664998  0.00664998 (0.00664998/0.0147273)
Level[4]: dt = 0.00312989  0.00312989 (0.00312989/0.00664998)
Level[5]: dt = 0.00139222  0.00139222 (0.00139222/0.00312989)
RebuildHierarchy: level = 5
TransferSubgridParticles[5]: Moved 2 particles, 0 stars, 0 active particles.
DetermineSGSize: MaxSubgridSize = 2000, MinSubgridEdge = 4, ncells = 47008
RebuildHierarchy[5]: Flagged 0/84 grids. 0 flagged cells
Level[5]: dt = 0.00139265  0.00139265 (0.00278486/0.00312989)
RebuildHierarchy: level = 5
TransferSubgridParticles[5]: Moved 3 particles, 0 stars, 0 active particles.
DetermineSGSize: MaxSubgridSize = 2000, MinSubgridEdge = 4, ncells = 47008
RebuildHierarchy[5]: Flagged 0/84 grids. 0 flagged cells
Level[5]: dt = 0.000345024  0.0013924 (0.00312989/0.00312989)
EvolveLevel[5]: NumberOfSubCycles = 3 (258 total, 3 sub)
RebuildHierarchy: level = 4
TransferSubgridParticles[4]: Moved 2 particles, 0 stars, 0 active particles.
DetermineSGSize: MaxSubgridSize = 2000, MinSubgridEdge = 4, ncells = 47008
RebuildHierarchy[4]: Flagged 79/122 grids. 4852 flagged cells
LoadBalance: Number of grids moved = 75 out of 82 (0.00152766 seconds elapsed)
DetermineSGSize: MaxSubgridSize = 2000, MinSubgridEdge = 4, ncells = 47008
RebuildHierarchy[5]: Flagged 0/82 grids. 0 flagged cells
Level[4]: dt = 0.00307616  0.00307616 (0.00620604/0.00664998)
Level[5]: dt = 0.00139238  0.00139238 (0.00139238/0.00307616)
RebuildHierarchy: level = 5
TransferSubgridParticles[5]: Moved 2 particles, 0 stars, 0 active particles.
DetermineSGSize: MaxSubgridSize = 2000, MinSubgridEdge = 4, ncells = 47008
RebuildHierarchy[5]: Flagged 0/82 grids. 0 flagged cells
Level[5]: dt = 0.00139264  0.00139264 (0.00278502/0.00307616)
RebuildHierarchy: level = 5
TransferSubgridParticles[5]: Moved 1 particles, 0 stars, 0 active particles.
DetermineSGSize: MaxSubgridSize = 2000, MinSubgridEdge = 4, ncells = 47008
RebuildHierarchy[5]: Flagged 0/82 grids. 0 flagged cells
Level[5]: dt = 0.00029114  0.00139337 (0.00307616/0.00307616)
EvolveLevel[5]: NumberOfSubCycles = 3 (261 total, 3 sub)
Level[4]: dt = 0.000443932  0.00303899 (0.00664998/0.00664998)
Level[5]: dt = 0.000443932  0.00139358 (0.000443932/0.000443932)
EvolveLevel[5]: NumberOfSubCycles = 1 (262 total, 1 sub)
EvolveLevel[4]: NumberOfSubCycles = 3 (121 total, 3 sub)
RebuildHierarchy: level = 3
TransferSubgridParticles[3]: Moved 24 particles, 0 stars, 0 active particles.
DetermineSGSize: MaxSubgridSize = 2000, MinSubgridEdge = 4, ncells = 58544
RebuildHierarchy[3]: Flagged 120/410 grids. 5959 flagged cells
LoadBalance: Number of grids moved = 122 out of 123 (5.47059e-05 seconds elapsed)
DetermineSGSize: MaxSubgridSize = 2000, MinSubgridEdge = 4, ncells = 47008
RebuildHierarchy[4]: Flagged 80/123 grids. 4855 flagged cells
LoadBalance: Number of grids moved = 82 out of 83 (0.0018198 seconds elapsed)
DetermineSGSize: MaxSubgridSize = 2000, MinSubgridEdge = 4, ncells = 47008
RebuildHierarchy[5]: Flagged 0/83 grids. 0 flagged cells
Level[3]: dt = 0.00660303  0.00660303 (0.013253/0.0147273)
Level[4]: dt = 0.00303501  0.00303501 (0.00303501/0.00660303)
Level[5]: dt = 0.00139395  0.00139395 (0.00139395/0.00303501)
RebuildHierarchy: level = 5
TransferSubgridParticles[5]: Moved 0 particles, 0 stars, 0 active particles.
DetermineSGSize: MaxSubgridSize = 2000, MinSubgridEdge = 4, ncells = 46992
RebuildHierarchy[5]: Flagged 0/83 grids. 0 flagged cells
Level[5]: dt = 0.0013955  0.0013955 (0.00278945/0.00303501)
RebuildHierarchy: level = 5
TransferSubgridParticles[5]: Moved 1 particles, 0 stars, 0 active particles.
DetermineSGSize: MaxSubgridSize = 2000, MinSubgridEdge = 4, ncells = 46992
RebuildHierarchy[5]: Flagged 0/83 grids. 0 flagged cells
Level[5]: dt = 0.000245564  0.00139762 (0.00303501/0.00303501)
EvolveLevel[5]: NumberOfSubCycles = 3 (265 total, 3 sub)
RebuildHierarchy: level = 4
TransferSubgridParticles[4]: Moved 2 particles, 0 stars, 0 active particles.
DetermineSGSize: MaxSubgridSize = 2000, MinSubgridEdge = 4, ncells = 46992
RebuildHierarchy[4]: Flagged 80/123 grids. 4826 flagged cells
LoadBalance: Number of grids moved = 82 out of 83 (0.00157261 seconds elapsed)
DetermineSGSize: MaxSubgridSize = 2000, MinSubgridEdge = 4, ncells = 46992
RebuildHierarchy[5]: Flagged 0/83 grids. 0 flagged cells
Level[4]: dt = 0.0030155  0.0030155 (0.00605051/0.00660303)
Level[5]: dt = 0.00139804  0.00139804 (0.00139804/0.0030155)
RebuildHierarchy: level = 5
TransferSubgridParticles[5]: Moved 1 particles, 0 stars, 0 active particles.
DetermineSGSize: MaxSubgridSize = 2000, MinSubgridEdge = 4, ncells = 46696
RebuildHierarchy[5]: Flagged 0/83 grids. 0 flagged cells
Level[5]: dt = 0.00140076  0.00140076 (0.00279879/0.0030155)
RebuildHierarchy: level = 5
TransferSubgridParticles[5]: Moved 0 particles, 0 stars, 0 active particles.
DetermineSGSize: MaxSubgridSize = 2000, MinSubgridEdge = 4, ncells = 46696
RebuildHierarchy[5]: Flagged 0/83 grids. 0 flagged cells
Level[5]: dt = 0.000216711  0.00140394 (0.0030155/0.0030155)
EvolveLevel[5]: NumberOfSubCycles = 3 (268 total, 3 sub)
Level[4]: dt = 0.000552518  0.0030073 (0.00660303/0.00660303)
Level[5]: dt = 0.000552518  0.00140446 (0.000552518/0.000552518)
EvolveLevel[5]: NumberOfSubCycles = 1 (269 total, 1 sub)
EvolveLevel[4]: NumberOfSubCycles = 3 (124 total, 3 sub)
Level[3]: dt = 0.0014743  0.00648552 (0.0147273/0.0147273)
Level[4]: dt = 0.0014743  0.00300678 (0.0014743/0.0014743)
Level[5]: dt = 0.0014743  0.00140583 (0.0014743/0.0014743)
EvolveLevel[5]: NumberOfSubCycles = 1 (270 total, 1 sub)
EvolveLevel[4]: NumberOfSubCycles = 1 (125 total, 1 sub)
EvolveLevel[3]: NumberOfSubCycles = 3 (56 total, 3 sub)
Level[2]: dt = 0.00198657  0.0147489 (0.0314168/0.0314168)
Level[3]: dt = 0.00198657  0.00645202 (0.00198657/0.00198657)
Level[4]: dt = 0.00198657  0.00300642 (0.00198657/0.00198657)
Level[5]: dt = 0.00140986  0.00140986 (0.00140986/0.00198657)
RebuildHierarchy: level = 5
TransferSubgridParticles[5]: Moved 4 particles, 0 stars, 0 active particles.
DetermineSGSize: MaxSubgridSize = 2000, MinSubgridEdge = 4, ncells = 46696
RebuildHierarchy[5]: Flagged 0/83 grids. 0 flagged cells
Level[5]: dt = 0.000576713  0.00141406 (0.00198657/0.00198657)
EvolveLevel[5]: NumberOfSubCycles = 2 (272 total, 2 sub)
EvolveLevel[4]: NumberOfSubCycles = 1 (126 total, 1 sub)
EvolveLevel[3]: NumberOfSubCycles = 1 (57 total, 1 sub)
EvolveLevel[2]: NumberOfSubCycles = 3 (25 total, 3 sub)
Level[1]: dt = 0.00317931  0.0312606 (0.06629/0.06629)
Level[2]: dt = 0.00317931  0.0147516 (0.00317931/0.00317931)
Level[3]: dt = 0.00317931  0.00640822 (0.00317931/0.00317931)
Level[4]: dt = 0.00300733  0.00300733 (0.00300733/0.00317931)
Level[5]: dt = 0.00141576  0.00141576 (0.00141576/0.00300733)
RebuildHierarchy: level = 5
TransferSubgridParticles[5]: Moved 1 particles, 0 stars, 0 active particles.
DetermineSGSize: MaxSubgridSize = 2000, MinSubgridEdge = 4, ncells = 46696
RebuildHierarchy[5]: Flagged 0/83 grids. 0 flagged cells
Level[5]: dt = 0.00142015  0.00142015 (0.00283591/0.00300733)
RebuildHierarchy: level = 5
TransferSubgridParticles[5]: Moved 0 particles, 0 stars, 0 active particles.
DetermineSGSize: MaxSubgridSize = 2000, MinSubgridEdge = 4, ncells = 46696
RebuildHierarchy[5]: Flagged 0/83 grids. 0 flagged cells
Level[5]: dt = 0.000171422  0.00142473 (0.00300733/0.00300733)
EvolveLevel[5]: NumberOfSubCycles = 3 (275 total, 3 sub)
RebuildHierarchy: level = 4
TransferSubgridParticles[4]: Moved 12 particles, 0 stars, 0 active particles.
DetermineSGSize: MaxSubgridSize = 2000, MinSubgridEdge = 4, ncells = 46696
RebuildHierarchy[4]: Flagged 79/123 grids. 4746 flagged cells
LoadBalance: Number of grids moved = 81 out of 82 (0.00152782 seconds elapsed)
DetermineSGSize: MaxSubgridSize = 2000, MinSubgridEdge = 4, ncells = 46696
RebuildHierarchy[5]: Flagged 0/82 grids. 0 flagged cells
Level[4]: dt = 0.000171984  0.00301296 (0.00317931/0.00317931)
Level[5]: dt = 0.000171984  0.00142527 (0.000171984/0.000171984)
EvolveLevel[5]: NumberOfSubCycles = 1 (276 total, 1 sub)
EvolveLevel[4]: NumberOfSubCycles = 2 (128 total, 2 sub)
EvolveLevel[3]: NumberOfSubCycles = 1 (58 total, 1 sub)
EvolveLevel[2]: NumberOfSubCycles = 1 (26 total, 1 sub)
EvolveLevel[1]: NumberOfSubCycles = 3 (10 total, 3 sub)
EvolveLevel[0]: NumberOfSubCycles = 1 (4 total, 4 sub)
RebuildHierarchy: level = 0
CommunicationTransferParticles: moved = 340091
CommunicationTransferStars: moved = 0
CommunicationTransferActiveParticles: moved = 0
DetermineSGSize: MaxSubgridSize = 2000, MinSubgridEdge = 4, ncells = 12360336
RebuildHierarchy[0]: Flagged 748/1120 grids. 784245 flagged cells
LoadBalance: Number of grids moved = 8766 out of 8808 (0.0478972 seconds elapsed)
DetermineSGSize: MaxSubgridSize = 2000, MinSubgridEdge = 4, ncells = 1337384
RebuildHierarchy[1]: Flagged 960/8808 grids. 90963 flagged cells
LoadBalance: Number of grids moved = 1412 out of 1419 (0.00176073 seconds elapsed)
DetermineSGSize: MaxSubgridSize = 2000, MinSubgridEdge = 4, ncells = 279248
RebuildHierarchy[2]: Flagged 351/1419 grids. 22003 flagged cells
LoadBalance: Number of grids moved = 403 out of 405 (0.00236483 seconds elapsed)
DetermineSGSize: MaxSubgridSize = 2000, MinSubgridEdge = 4, ncells = 58456
RebuildHierarchy[3]: Flagged 123/405 grids. 5866 flagged cells
LoadBalance: Number of grids moved = 124 out of 125 (5.48325e-05 seconds elapsed)
DetermineSGSize: MaxSubgridSize = 2000, MinSubgridEdge = 4, ncells = 45608
RebuildHierarchy[4]: Flagged 80/125 grids. 4747 flagged cells
LoadBalance: Number of grids moved = 81 out of 81 (0.00287921 seconds elapsed)
DetermineSGSize: MaxSubgridSize = 2000, MinSubgridEdge = 4, ncells = 45608
RebuildHierarchy[5]: Flagged 0/81 grids. 0 flagged cells
CPUTime-output: Frac = 0.999992, Current = 877.84 (876.873), Stop = 2592000.000000, Last = 21.6427
[YT_INFO   ] Setting YT parameters ...
[YT_INFO   ] Setting YT parameters ... done.
[YT_INFO   ] Getting pointer to particle list information ...
[YT_INFO   ] Getting pointer to particle list information  ... done.
[YT_INFO   ] Getting pointer to field list information ...
[YT_INFO   ] Getting pointer to field list information  ... done.
[YT_INFO   ] Getting pointer to local grids information ...
[YT_INFO   ] Getting pointer to local grids information  ... done.
[YT_INFO   ] Loading full hierarchy and local data to libyt ...
[YT_INFO   ] Loading full hierarchy and local data ... done.
[YT_INFO   ] Performing YT inline analysis yt_inline_func() ...
[YT_INFO   ] Performing YT inline analysis yt_inline_func() ... done.
Level[0]: dt = 0.0663284  0.0663284 (0.0663284/0.0663284)
PrepareGreens: Start = 0 0 36  Dim = 32 52 38
PrepareGreens: Start = 0 0 0  Dim = 32 52 36
Level[1]: dt = 0.0312541  0.0312541 (0.0312541/0.0663284)
Level[2]: dt = 0.0147558  0.0147558 (0.0147558/0.0312541)
Level[3]: dt = 0.00634075  0.00634075 (0.00634075/0.0147558)
Level[4]: dt = 0.00301342  0.00301342 (0.00301342/0.00634075)
Level[5]: dt = 0.0014258  0.0014258 (0.0014258/0.00301342)
RebuildHierarchy: level = 5
TransferSubgridParticles[5]: Moved 66 particles, 0 stars, 0 active particles.
DetermineSGSize: MaxSubgridSize = 2000, MinSubgridEdge = 4, ncells = 46168
RebuildHierarchy[5]: Flagged 0/81 grids. 0 flagged cells
Level[5]: dt = 0.00143057  0.00143057 (0.00285637/0.00301342)
RebuildHierarchy: level = 5
TransferSubgridParticles[5]: Moved 1 particles, 0 stars, 0 active particles.
DetermineSGSize: MaxSubgridSize = 2000, MinSubgridEdge = 4, ncells = 46168
RebuildHierarchy[5]: Flagged 0/81 grids. 0 flagged cells
Level[5]: dt = 0.00015705  0.00143547 (0.00301342/0.00301342)
EvolveLevel[5]: NumberOfSubCycles = 3 (279 total, 3 sub)
RebuildHierarchy: level = 4
TransferSubgridParticles[4]: Moved 116 particles, 0 stars, 0 active particles.
DetermineSGSize: MaxSubgridSize = 2000, MinSubgridEdge = 4, ncells = 46168
RebuildHierarchy[4]: Flagged 80/125 grids. 4727 flagged cells
LoadBalance: Number of grids moved = 81 out of 81 (0.00265709 seconds elapsed)
DetermineSGSize: MaxSubgridSize = 2000, MinSubgridEdge = 4, ncells = 46168
RebuildHierarchy[5]: Flagged 0/81 grids. 0 flagged cells
Level[4]: dt = 0.00302296  0.00302296 (0.00603638/0.00634075)
Level[5]: dt = 0.00143603  0.00143603 (0.00143603/0.00302296)
RebuildHierarchy: level = 5
TransferSubgridParticles[5]: Moved 0 particles, 0 stars, 0 active particles.
DetermineSGSize: MaxSubgridSize = 2000, MinSubgridEdge = 4, ncells = 45864
RebuildHierarchy[5]: Flagged 0/81 grids. 0 flagged cells
Level[5]: dt = 0.00143445  0.00143445 (0.00287048/0.00302296)
RebuildHierarchy: level = 5
TransferSubgridParticles[5]: Moved 2 particles, 0 stars, 0 active particles.
DetermineSGSize: MaxSubgridSize = 2000, MinSubgridEdge = 4, ncells = 45864
RebuildHierarchy[5]: Flagged 0/81 grids. 0 flagged cells
Level[5]: dt = 0.000152483  0.00143319 (0.00302296/0.00302296)
EvolveLevel[5]: NumberOfSubCycles = 3 (282 total, 3 sub)
Level[4]: dt = 0.000304374  0.00303434 (0.00634075/0.00634075)
Level[5]: dt = 0.000304374  0.00143304 (0.000304374/0.000304374)
EvolveLevel[5]: NumberOfSubCycles = 1 (283 total, 1 sub)
EvolveLevel[4]: NumberOfSubCycles = 3 (131 total, 3 sub)
RebuildHierarchy: level = 3
TransferSubgridParticles[3]: Moved 663 particles, 0 stars, 0 active particles.
DetermineSGSize: MaxSubgridSize = 2000, MinSubgridEdge = 4, ncells = 54696
RebuildHierarchy[3]: Flagged 125/405 grids. 6004 flagged cells
LoadBalance: Number of grids moved = 127 out of 128 (5.57899e-05 seconds elapsed)
DetermineSGSize: MaxSubgridSize = 2000, MinSubgridEdge = 4, ncells = 45864
RebuildHierarchy[4]: Flagged 80/128 grids. 4713 flagged cells
LoadBalance: Number of grids moved = 81 out of 81 (0.00272885 seconds elapsed)
DetermineSGSize: MaxSubgridSize = 2000, MinSubgridEdge = 4, ncells = 45864
RebuildHierarchy[5]: Flagged 0/81 grids. 0 flagged cells
Level[3]: dt = 0.00622362  0.00622362 (0.0125644/0.0147558)
Level[4]: dt = 0.0030356  0.0030356 (0.0030356/0.00622362)
Level[5]: dt = 0.00143273  0.00143273 (0.00143273/0.0030356)
RebuildHierarchy: level = 5
TransferSubgridParticles[5]: Moved 2 particles, 0 stars, 0 active particles.
DetermineSGSize: MaxSubgridSize = 2000, MinSubgridEdge = 4, ncells = 45832
RebuildHierarchy[5]: Flagged 0/81 grids. 0 flagged cells
Level[5]: dt = 0.00143182  0.00143182 (0.00286455/0.0030356)
RebuildHierarchy: level = 5
TransferSubgridParticles[5]: Moved 0 particles, 0 stars, 0 active particles.
DetermineSGSize: MaxSubgridSize = 2000, MinSubgridEdge = 4, ncells = 45832
RebuildHierarchy[5]: Flagged 0/81 grids. 0 flagged cells
Level[5]: dt = 0.000171048  0.00143131 (0.0030356/0.0030356)
EvolveLevel[5]: NumberOfSubCycles = 3 (286 total, 3 sub)
RebuildHierarchy: level = 4
TransferSubgridParticles[4]: Moved 3 particles, 0 stars, 0 active particles.
DetermineSGSize: MaxSubgridSize = 2000, MinSubgridEdge = 4, ncells = 45832
RebuildHierarchy[4]: Flagged 80/128 grids. 4665 flagged cells
LoadBalance: Number of grids moved = 81 out of 81 (0.00261537 seconds elapsed)
DetermineSGSize: MaxSubgridSize = 2000, MinSubgridEdge = 4, ncells = 45832
RebuildHierarchy[5]: Flagged 0/81 grids. 0 flagged cells
Level[4]: dt = 0.00318802  0.00304945 (0.00622362/0.00622362)
Level[5]: dt = 0.00143122  0.00143122 (0.00143122/0.00318802)
RebuildHierarchy: level = 5
TransferSubgridParticles[5]: Moved 3 particles, 0 stars, 0 active particles.
DetermineSGSize: MaxSubgridSize = 2000, MinSubgridEdge = 4, ncells = 45168
RebuildHierarchy[5]: Flagged 0/81 grids. 0 flagged cells
Level[5]: dt = 0.00143056  0.00143056 (0.00286178/0.00318802)
RebuildHierarchy: level = 5
TransferSubgridParticles[5]: Moved 1 particles, 0 stars, 0 active particles.
DetermineSGSize: MaxSubgridSize = 2000, MinSubgridEdge = 4, ncells = 45168
RebuildHierarchy[5]: Flagged 0/81 grids. 0 flagged cells
Level[5]: dt = 0.000326242  0.00142662 (0.00318802/0.00318802)
EvolveLevel[5]: NumberOfSubCycles = 3 (289 total, 3 sub)
EvolveLevel[4]: NumberOfSubCycles = 2 (133 total, 2 sub)
Level[3]: dt = 0.0021914  0.00613182 (0.0147558/0.0147558)
Level[4]: dt = 0.0021914  0.00303332 (0.0021914/0.0021914)
Level[5]: dt = 0.00142461  0.00142461 (0.00142461/0.0021914)
RebuildHierarchy: level = 5
TransferSubgridParticles[5]: Moved 0 particles, 0 stars, 0 active particles.
DetermineSGSize: MaxSubgridSize = 2000, MinSubgridEdge = 4, ncells = 45168
RebuildHierarchy[5]: Flagged 0/81 grids. 0 flagged cells
Level[5]: dt = 0.000766796  0.00141618 (0.0021914/0.0021914)
EvolveLevel[5]: NumberOfSubCycles = 2 (291 total, 2 sub)
EvolveLevel[4]: NumberOfSubCycles = 1 (134 total, 1 sub)
EvolveLevel[3]: NumberOfSubCycles = 3 (61 total, 3 sub)
RebuildHierarchy: level = 2
TransferSubgridParticles[2]: Moved 8114 particles, 0 stars, 0 active particles.
DetermineSGSize: MaxSubgridSize = 2000, MinSubgridEdge = 4, ncells = 273784
RebuildHierarchy[2]: Flagged 354/1419 grids. 22371 flagged cells
LoadBalance: Number of grids moved = 406 out of 408 (0.00238963 seconds elapsed)
DetermineSGSize: MaxSubgridSize = 2000, MinSubgridEdge = 4, ncells = 56128
RebuildHierarchy[3]: Flagged 125/408 grids. 5991 flagged cells
LoadBalance: Number of grids moved = 126 out of 127 (5.52759e-05 seconds elapsed)
DetermineSGSize: MaxSubgridSize = 2000, MinSubgridEdge = 4, ncells = 45168
RebuildHierarchy[4]: Flagged 83/127 grids. 4705 flagged cells
LoadBalance: Number of grids moved = 84 out of 84 (0.0026167 seconds elapsed)
DetermineSGSize: MaxSubgridSize = 2000, MinSubgridEdge = 4, ncells = 45168
RebuildHierarchy[5]: Flagged 0/84 grids. 0 flagged cells
Level[2]: dt = 0.0147768  0.0147768 (0.0295326/0.0312541)
Level[3]: dt = 0.00610535  0.00610535 (0.00610535/0.0147768)
Level[4]: dt = 0.00300531  0.00300531 (0.00300531/0.00610535)
Level[5]: dt = 0.00141182  0.00141182 (0.00141182/0.00300531)
RebuildHierarchy: level = 5
TransferSubgridParticles[5]: Moved 2 particles, 0 stars, 0 active particles.
DetermineSGSize: MaxSubgridSize = 2000, MinSubgridEdge = 4, ncells = 45552
RebuildHierarchy[5]: Flagged 0/84 grids. 0 flagged cells
Level[5]: dt = 0.00140374  0.00140374 (0.00281556/0.00300531)
RebuildHierarchy: level = 5
TransferSubgridParticles[5]: Moved 4 particles, 0 stars, 0 active particles.
DetermineSGSize: MaxSubgridSize = 2000, MinSubgridEdge = 4, ncells = 45552
RebuildHierarchy[5]: Flagged 0/84 grids. 0 flagged cells
Level[5]: dt = 0.000189748  0.00139662 (0.00300531/0.00300531)
EvolveLevel[5]: NumberOfSubCycles = 3 (294 total, 3 sub)
RebuildHierarchy: level = 4
TransferSubgridParticles[4]: Moved 1 particles, 0 stars, 0 active particles.
DetermineSGSize: MaxSubgridSize = 2000, MinSubgridEdge = 4, ncells = 45552
RebuildHierarchy[4]: Flagged 83/127 grids. 4771 flagged cells
LoadBalance: Number of grids moved = 84 out of 84 (0.0024732 seconds elapsed)
DetermineSGSize: MaxSubgridSize = 2000, MinSubgridEdge = 4, ncells = 45552
RebuildHierarchy[5]: Flagged 0/84 grids. 0 flagged cells
Level[4]: dt = 0.00310004  0.00296647 (0.00610535/0.00610535)
Level[5]: dt = 0.00139571  0.00139571 (0.00139571/0.00310004)
RebuildHierarchy: level = 5
TransferSubgridParticles[5]: Moved 1 particles, 0 stars, 0 active particles.
DetermineSGSize: MaxSubgridSize = 2000, MinSubgridEdge = 4, ncells = 46288
RebuildHierarchy[5]: Flagged 0/84 grids. 0 flagged cells
Level[5]: dt = 0.00138881  0.00138881 (0.00278451/0.00310004)
RebuildHierarchy: level = 5
TransferSubgridParticles[5]: Moved 2 particles, 0 stars, 0 active particles.
DetermineSGSize: MaxSubgridSize = 2000, MinSubgridEdge = 4, ncells = 46288
RebuildHierarchy[5]: Flagged 0/84 grids. 0 flagged cells
Level[5]: dt = 0.000315527  0.00138259 (0.00310004/0.00310004)
EvolveLevel[5]: NumberOfSubCycles = 3 (297 total, 3 sub)
EvolveLevel[4]: NumberOfSubCycles = 2 (136 total, 2 sub)
RebuildHierarchy: level = 3
TransferSubgridParticles[3]: Moved 25 particles, 0 stars, 0 active particles.
DetermineSGSize: MaxSubgridSize = 2000, MinSubgridEdge = 4, ncells = 56160
RebuildHierarchy[3]: Flagged 125/408 grids. 5987 flagged cells
LoadBalance: Number of grids moved = 127 out of 128 (5.60582e-05 seconds elapsed)
DetermineSGSize: MaxSubgridSize = 2000, MinSubgridEdge = 4, ncells = 46288
RebuildHierarchy[4]: Flagged 83/128 grids. 4780 flagged cells
LoadBalance: Number of grids moved = 84 out of 84 (0.00261225 seconds elapsed)
DetermineSGSize: MaxSubgridSize = 2000, MinSubgridEdge = 4, ncells = 46288
RebuildHierarchy[5]: Flagged 0/84 grids. 0 flagged cells
Level[3]: dt = 0.00605468  0.00605468 (0.01216/0.0147768)
Level[4]: dt = 0.00292767  0.00292767 (0.00292767/0.00605468)
Level[5]: dt = 0.00138126  0.00138126 (0.00138126/0.00292767)
RebuildHierarchy: level = 5
TransferSubgridParticles[5]: Moved 1 particles, 0 stars, 0 active particles.
DetermineSGSize: MaxSubgridSize = 2000, MinSubgridEdge = 4, ncells = 46328
RebuildHierarchy[5]: Flagged 0/84 grids. 0 flagged cells
Level[5]: dt = 0.00137534  0.00137534 (0.0027566/0.00292767)
RebuildHierarchy: level = 5
TransferSubgridParticles[5]: Moved 0 particles, 0 stars, 0 active particles.
DetermineSGSize: MaxSubgridSize = 2000, MinSubgridEdge = 4, ncells = 46328
RebuildHierarchy[5]: Flagged 0/84 grids. 0 flagged cells
Level[5]: dt = 0.000171062  0.00137007 (0.00292767/0.00292767)
EvolveLevel[5]: NumberOfSubCycles = 3 (300 total, 3 sub)
RebuildHierarchy: level = 4
TransferSubgridParticles[4]: Moved 0 particles, 0 stars, 0 active particles.
DetermineSGSize: MaxSubgridSize = 2000, MinSubgridEdge = 4, ncells = 46328
RebuildHierarchy[4]: Flagged 84/128 grids. 4822 flagged cells
LoadBalance: Number of grids moved = 85 out of 85 (0.00247692 seconds elapsed)
DetermineSGSize: MaxSubgridSize = 2000, MinSubgridEdge = 4, ncells = 46328
RebuildHierarchy[5]: Flagged 0/85 grids. 0 flagged cells
Level[4]: dt = 0.00289461  0.00289461 (0.00582228/0.00605468)
Level[5]: dt = 0.00136946  0.00136946 (0.00136946/0.00289461)
RebuildHierarchy: level = 5
TransferSubgridParticles[5]: Moved 1 particles, 0 stars, 0 active particles.
DetermineSGSize: MaxSubgridSize = 2000, MinSubgridEdge = 4, ncells = 46576
RebuildHierarchy[5]: Flagged 0/85 grids. 0 flagged cells
Level[5]: dt = 0.00136458  0.00136458 (0.00273404/0.00289461)
RebuildHierarchy: level = 5
TransferSubgridParticles[5]: Moved 1 particles, 0 stars, 0 active particles.
DetermineSGSize: MaxSubgridSize = 2000, MinSubgridEdge = 4, ncells = 46576
RebuildHierarchy[5]: Flagged 0/85 grids. 0 flagged cells
Level[5]: dt = 0.000160569  0.0013601 (0.00289461/0.00289461)
EvolveLevel[5]: NumberOfSubCycles = 3 (303 total, 3 sub)
Level[4]: dt = 0.000232402  0.00286703 (0.00605468/0.00605468)
Level[5]: dt = 0.000232402  0.00135959 (0.000232402/0.000232402)
EvolveLevel[5]: NumberOfSubCycles = 1 (304 total, 1 sub)
EvolveLevel[4]: NumberOfSubCycles = 3 (139 total, 3 sub)
Level[3]: dt = 0.00261677  0.00606341 (0.0147768/0.0147768)
Level[4]: dt = 0.00261677  0.00286509 (0.00261677/0.00261677)
Level[5]: dt = 0.00135885  0.00135885 (0.00135885/0.00261677)
RebuildHierarchy: level = 5
TransferSubgridParticles[5]: Moved 3 particles, 0 stars, 0 active particles.
DetermineSGSize: MaxSubgridSize = 2000, MinSubgridEdge = 4, ncells = 46576
RebuildHierarchy[5]: Flagged 0/85 grids. 0 flagged cells
Level[5]: dt = 0.00125792  0.0013547 (0.00261677/0.00261677)
EvolveLevel[5]: NumberOfSubCycles = 2 (306 total, 2 sub)
EvolveLevel[4]: NumberOfSubCycles = 1 (140 total, 1 sub)
EvolveLevel[3]: NumberOfSubCycles = 3 (64 total, 3 sub)
Level[2]: dt = 0.00172147  0.0147968 (0.0312541/0.0312541)
Level[3]: dt = 0.00172147  0.00608711 (0.00172147/0.00172147)
Level[4]: dt = 0.00172147  0.00284499 (0.00172147/0.00172147)
Level[5]: dt = 0.00135115  0.00135115 (0.00135115/0.00172147)
RebuildHierarchy: level = 5
TransferSubgridParticles[5]: Moved 2 particles, 0 stars, 0 active particles.
DetermineSGSize: MaxSubgridSize = 2000, MinSubgridEdge = 4, ncells = 46576
RebuildHierarchy[5]: Flagged 0/85 grids. 0 flagged cells
Level[5]: dt = 0.000370325  0.0013476 (0.00172147/0.00172147)
EvolveLevel[5]: NumberOfSubCycles = 2 (308 total, 2 sub)
EvolveLevel[4]: NumberOfSubCycles = 1 (141 total, 1 sub)
EvolveLevel[3]: NumberOfSubCycles = 1 (65 total, 1 sub)
EvolveLevel[2]: NumberOfSubCycles = 3 (29 total, 3 sub)
RebuildHierarchy: level = 1
TransferSubgridParticles[1]: Moved 97402 particles, 0 stars, 0 active particles.
DetermineSGSize: MaxSubgridSize = 2000, MinSubgridEdge = 4, ncells = 1343048
RebuildHierarchy[1]: Flagged 970/8808 grids. 92340 flagged cells
LoadBalance: Number of grids moved = 1430 out of 1435 (0.00161101 seconds elapsed)
DetermineSGSize: MaxSubgridSize = 2000, MinSubgridEdge = 4, ncells = 281312
RebuildHierarchy[2]: Flagged 352/1435 grids. 22484 flagged cells
LoadBalance: Number of grids moved = 396 out of 403 (0.00224546 seconds elapsed)
DetermineSGSize: MaxSubgridSize = 2000, MinSubgridEdge = 4, ncells = 56080
RebuildHierarchy[3]: Flagged 122/403 grids. 5990 flagged cells
LoadBalance: Number of grids moved = 123 out of 124 (5.56894e-05 seconds elapsed)
DetermineSGSize: MaxSubgridSize = 2000, MinSubgridEdge = 4, ncells = 46576
RebuildHierarchy[4]: Flagged 84/124 grids. 4832 flagged cells
LoadBalance: Number of grids moved = 84 out of 84 (0.00274177 seconds elapsed)
DetermineSGSize: MaxSubgridSize = 2000, MinSubgridEdge = 4, ncells = 46576
RebuildHierarchy[5]: Flagged 0/84 grids. 0 flagged cells
Level[1]: dt = 0.0312829  0.0312829 (0.0625369/0.0663284)
Level[2]: dt = 0.014799  0.014799 (0.014799/0.0312829)
Level[3]: dt = 0.00610756  0.00610756 (0.00610756/0.014799)
Level[4]: dt = 0.00283385  0.00283385 (0.00283385/0.00610756)
Level[5]: dt = 0.00134672  0.00134672 (0.00134672/0.00283385)
RebuildHierarchy: level = 5
TransferSubgridParticles[5]: Moved 0 particles, 0 stars, 0 active particles.
DetermineSGSize: MaxSubgridSize = 2000, MinSubgridEdge = 4, ncells = 48224
RebuildHierarchy[5]: Flagged 0/84 grids. 0 flagged cells
Level[5]: dt = 0.00134398  0.00134398 (0.0026907/0.00283385)
RebuildHierarchy: level = 5
TransferSubgridParticles[5]: Moved 2 particles, 0 stars, 0 active particles.
DetermineSGSize: MaxSubgridSize = 2000, MinSubgridEdge = 4, ncells = 48224
RebuildHierarchy[5]: Flagged 0/84 grids. 0 flagged cells
Level[5]: dt = 0.000143147  0.00134195 (0.00283385/0.00283385)
EvolveLevel[5]: NumberOfSubCycles = 3 (311 total, 3 sub)
RebuildHierarchy: level = 4
TransferSubgridParticles[4]: Moved 2 particles, 0 stars, 0 active particles.
DetermineSGSize: MaxSubgridSize = 2000, MinSubgridEdge = 4, ncells = 48224
RebuildHierarchy[4]: Flagged 84/124 grids. 4803 flagged cells
LoadBalance: Number of grids moved = 84 out of 84 (0.00241452 seconds elapsed)
DetermineSGSize: MaxSubgridSize = 2000, MinSubgridEdge = 4, ncells = 48224
RebuildHierarchy[5]: Flagged 0/84 grids. 0 flagged cells
Level[4]: dt = 0.00281915  0.00281915 (0.005653/0.00610756)
Level[5]: dt = 0.00134177  0.00134177 (0.00134177/0.00281915)
RebuildHierarchy: level = 5
TransferSubgridParticles[5]: Moved 3 particles, 0 stars, 0 active particles.
DetermineSGSize: MaxSubgridSize = 2000, MinSubgridEdge = 4, ncells = 47680
RebuildHierarchy[5]: Flagged 0/84 grids. 0 flagged cells
Level[5]: dt = 0.00134062  0.00134062 (0.00268239/0.00281915)
RebuildHierarchy: level = 5
TransferSubgridParticles[5]: Moved 1 particles, 0 stars, 0 active particles.
DetermineSGSize: MaxSubgridSize = 2000, MinSubgridEdge = 4, ncells = 47680
RebuildHierarchy[5]: Flagged 0/84 grids. 0 flagged cells
Level[5]: dt = 0.000136763  0.0013402 (0.00281915/0.00281915)
EvolveLevel[5]: NumberOfSubCycles = 3 (314 total, 3 sub)
Level[4]: dt = 0.000454559  0.00280903 (0.00610756/0.00610756)
Level[5]: dt = 0.000454559  0.00134019 (0.000454559/0.000454559)
EvolveLevel[5]: NumberOfSubCycles = 1 (315 total, 1 sub)
EvolveLevel[4]: NumberOfSubCycles = 3 (144 total, 3 sub)
RebuildHierarchy: level = 3
TransferSubgridParticles[3]: Moved 39 particles, 0 stars, 0 active particles.
DetermineSGSize: MaxSubgridSize = 2000, MinSubgridEdge = 4, ncells = 56680
RebuildHierarchy[3]: Flagged 122/403 grids. 6015 flagged cells
LoadBalance: Number of grids moved = 124 out of 124 (0.00235691 seconds elapsed)
DetermineSGSize: MaxSubgridSize = 2000, MinSubgridEdge = 4, ncells = 47680
RebuildHierarchy[4]: Flagged 83/124 grids. 4826 flagged cells
LoadBalance: Number of grids moved = 80 out of 84 (4.768e-05 seconds elapsed)
DetermineSGSize: MaxSubgridSize = 2000, MinSubgridEdge = 4, ncells = 47680
RebuildHierarchy[5]: Flagged 0/84 grids. 0 flagged cells
Level[3]: dt = 0.00620253  0.00620253 (0.0123101/0.014799)
Level[4]: dt = 0.00280785  0.00280785 (0.00280785/0.00620253)
Level[5]: dt = 0.00134023  0.00134023 (0.00134023/0.00280785)
RebuildHierarchy: level = 5
TransferSubgridParticles[5]: Moved 0 particles, 0 stars, 0 active particles.
DetermineSGSize: MaxSubgridSize = 2000, MinSubgridEdge = 4, ncells = 47872
RebuildHierarchy[5]: Flagged 0/84 grids. 0 flagged cells
Level[5]: dt = 0.00134091  0.00134091 (0.00268114/0.00280785)
RebuildHierarchy: level = 5
TransferSubgridParticles[5]: Moved 3 particles, 0 stars, 0 active particles.
DetermineSGSize: MaxSubgridSize = 2000, MinSubgridEdge = 4, ncells = 47872
RebuildHierarchy[5]: Flagged 0/84 grids. 0 flagged cells
Level[5]: dt = 0.000126702  0.00134266 (0.00280785/0.00280785)
EvolveLevel[5]: NumberOfSubCycles = 3 (318 total, 3 sub)
RebuildHierarchy: level = 4
TransferSubgridParticles[4]: Moved 0 particles, 0 stars, 0 active particles.
DetermineSGSize: MaxSubgridSize = 2000, MinSubgridEdge = 4, ncells = 47872
RebuildHierarchy[4]: Flagged 83/124 grids. 4843 flagged cells
LoadBalance: Number of grids moved = 80 out of 84 (4.74453e-05 seconds elapsed)
DetermineSGSize: MaxSubgridSize = 2000, MinSubgridEdge = 4, ncells = 47872
RebuildHierarchy[5]: Flagged 0/84 grids. 0 flagged cells
Level[4]: dt = 0.0028035  0.0028035 (0.00561135/0.00620253)
Level[5]: dt = 0.00134285  0.00134285 (0.00134285/0.0028035)
RebuildHierarchy: level = 5
TransferSubgridParticles[5]: Moved 0 particles, 0 stars, 0 active particles.
DetermineSGSize: MaxSubgridSize = 2000, MinSubgridEdge = 4, ncells = 48000
RebuildHierarchy[5]: Flagged 0/84 grids. 0 flagged cells
Level[5]: dt = 0.00134538  0.00134538 (0.00268823/0.0028035)
RebuildHierarchy: level = 5
TransferSubgridParticles[5]: Moved 2 particles, 0 stars, 0 active particles.
DetermineSGSize: MaxSubgridSize = 2000, MinSubgridEdge = 4, ncells = 48000
RebuildHierarchy[5]: Flagged 0/84 grids. 0 flagged cells
Level[5]: dt = 0.000115267  0.00134868 (0.0028035/0.0028035)
EvolveLevel[5]: NumberOfSubCycles = 3 (321 total, 3 sub)
Level[4]: dt = 0.000591186  0.0028048 (0.00620253/0.00620253)
Level[5]: dt = 0.000591186  0.00134898 (0.000591186/0.000591186)
EvolveLevel[5]: NumberOfSubCycles = 1 (322 total, 1 sub)
EvolveLevel[4]: NumberOfSubCycles = 3 (147 total, 3 sub)
Level[3]: dt = 0.00248887  0.00616298 (0.014799/0.014799)
Level[4]: dt = 0.00248887  0.00280584 (0.00248887/0.00248887)
Level[5]: dt = 0.00135059  0.00135059 (0.00135059/0.00248887)
RebuildHierarchy: level = 5
TransferSubgridParticles[5]: Moved 0 particles, 0 stars, 0 active particles.
DetermineSGSize: MaxSubgridSize = 2000, MinSubgridEdge = 4, ncells = 48000
RebuildHierarchy[5]: Flagged 0/84 grids. 0 flagged cells
Level[5]: dt = 0.00113828  0.00135481 (0.00248887/0.00248887)
EvolveLevel[5]: NumberOfSubCycles = 2 (324 total, 2 sub)
EvolveLevel[4]: NumberOfSubCycles = 1 (148 total, 1 sub)
EvolveLevel[3]: NumberOfSubCycles = 3 (68 total, 3 sub)
RebuildHierarchy: level = 2
TransferSubgridParticles[2]: Moved 218 particles, 0 stars, 0 active particles.
DetermineSGSize: MaxSubgridSize = 2000, MinSubgridEdge = 4, ncells = 283976
RebuildHierarchy[2]: Flagged 354/1435 grids. 22673 flagged cells
LoadBalance: Number of grids moved = 399 out of 408 (0.00225701 seconds elapsed)
DetermineSGSize: MaxSubgridSize = 2000, MinSubgridEdge = 4, ncells = 58768
RebuildHierarchy[3]: Flagged 121/408 grids. 5948 flagged cells
LoadBalance: Number of grids moved = 122 out of 122 (0.00213459 seconds elapsed)
DetermineSGSize: MaxSubgridSize = 2000, MinSubgridEdge = 4, ncells = 48000
RebuildHierarchy[4]: Flagged 85/122 grids. 4889 flagged cells
LoadBalance: Number of grids moved = 80 out of 86 (4.87305e-05 seconds elapsed)
DetermineSGSize: MaxSubgridSize = 2000, MinSubgridEdge = 4, ncells = 48000
RebuildHierarchy[5]: Flagged 0/86 grids. 0 flagged cells
Level[2]: dt = 0.014672  0.014672 (0.0294709/0.0312829)
Level[3]: dt = 0.00615394  0.00615394 (0.00615394/0.014672)
Level[4]: dt = 0.00281339  0.00281339 (0.00281339/0.00615394)
Level[5]: dt = 0.00135858  0.00135858 (0.00135858/0.00281339)
RebuildHierarchy: level = 5
TransferSubgridParticles[5]: Moved 3 particles, 0 stars, 0 active particles.
DetermineSGSize: MaxSubgridSize = 2000, MinSubgridEdge = 4, ncells = 47952
RebuildHierarchy[5]: Flagged 0/86 grids. 0 flagged cells
Level[5]: dt = 0.00135619  0.00135619 (0.00271477/0.00281339)
RebuildHierarchy: level = 5
TransferSubgridParticles[5]: Moved 2 particles, 0 stars, 0 active particles.
DetermineSGSize: MaxSubgridSize = 2000, MinSubgridEdge = 4, ncells = 47952
RebuildHierarchy[5]: Flagged 0/86 grids. 0 flagged cells
Level[5]: dt = 9.86178e-05  0.00135423 (0.00281339/0.00281339)
EvolveLevel[5]: NumberOfSubCycles = 3 (327 total, 3 sub)
RebuildHierarchy: level = 4
TransferSubgridParticles[4]: Moved 3 particles, 0 stars, 0 active particles.
DetermineSGSize: MaxSubgridSize = 2000, MinSubgridEdge = 4, ncells = 47952
RebuildHierarchy[4]: Flagged 85/122 grids. 4893 flagged cells
LoadBalance: Number of grids moved = 80 out of 86 (5.02095e-05 seconds elapsed)
DetermineSGSize: MaxSubgridSize = 2000, MinSubgridEdge = 4, ncells = 47952
RebuildHierarchy[5]: Flagged 0/86 grids. 0 flagged cells
Level[4]: dt = 0.00282734  0.00282734 (0.00564073/0.00615394)
Level[5]: dt = 0.00135411  0.00135411 (0.00135411/0.00282734)
RebuildHierarchy: level = 5
TransferSubgridParticles[5]: Moved 1 particles, 0 stars, 0 active particles.
DetermineSGSize: MaxSubgridSize = 2000, MinSubgridEdge = 4, ncells = 47984
RebuildHierarchy[5]: Flagged 0/86 grids. 0 flagged cells
Level[5]: dt = 0.00135286  0.00135286 (0.00270697/0.00282734)
RebuildHierarchy: level = 5
TransferSubgridParticles[5]: Moved 1 particles, 0 stars, 0 active particles.
DetermineSGSize: MaxSubgridSize = 2000, MinSubgridEdge = 4, ncells = 47984
RebuildHierarchy[5]: Flagged 0/86 grids. 0 flagged cells
Level[5]: dt = 0.000120373  0.00135232 (0.00282734/0.00282734)
EvolveLevel[5]: NumberOfSubCycles = 3 (330 total, 3 sub)
P(0) -- CFRFl warn: -7.667010e-13 -7.196022e-12 -3.175498e-12 -4.020524e-12 5 5 6 0 [14]
Level[4]: dt = 0.000513208  0.00284669 (0.00615394/0.00615394)
Level[5]: dt = 0.000513208  0.0013523 (0.000513208/0.000513208)
EvolveLevel[5]: NumberOfSubCycles = 1 (331 total, 1 sub)
EvolveLevel[4]: NumberOfSubCycles = 3 (151 total, 3 sub)
RebuildHierarchy: level = 3
TransferSubgridParticles[3]: Moved 30 particles, 0 stars, 0 active particles.
DetermineSGSize: MaxSubgridSize = 2000, MinSubgridEdge = 4, ncells = 57624
RebuildHierarchy[3]: Flagged 122/408 grids. 5993 flagged cells
LoadBalance: Number of grids moved = 124 out of 124 (0.00220359 seconds elapsed)
DetermineSGSize: MaxSubgridSize = 2000, MinSubgridEdge = 4, ncells = 47984
RebuildHierarchy[4]: Flagged 84/124 grids. 4905 flagged cells
LoadBalance: Number of grids moved = 82 out of 86 (4.69461e-05 seconds elapsed)
DetermineSGSize: MaxSubgridSize = 2000, MinSubgridEdge = 4, ncells = 47984
RebuildHierarchy[5]: Flagged 0/86 grids. 0 flagged cells
Level[3]: dt = 0.00615077  0.00615077 (0.0123047/0.014672)
Level[4]: dt = 0.00285063  0.00285063 (0.00285063/0.00615077)
Level[5]: dt = 0.00135227  0.00135227 (0.00135227/0.00285063)
RebuildHierarchy: level = 5
TransferSubgridParticles[5]: Moved 1 particles, 0 stars, 0 active particles.
DetermineSGSize: MaxSubgridSize = 2000, MinSubgridEdge = 4, ncells = 48072
RebuildHierarchy[5]: Flagged 0/86 grids. 0 flagged cells
Level[5]: dt = 0.0013528  0.0013528 (0.00270507/0.00285063)
RebuildHierarchy: level = 5
TransferSubgridParticles[5]: Moved 0 particles, 0 stars, 0 active particles.
DetermineSGSize: MaxSubgridSize = 2000, MinSubgridEdge = 4, ncells = 48072
RebuildHierarchy[5]: Flagged 0/86 grids. 0 flagged cells
Level[5]: dt = 0.000145556  0.00135414 (0.00285063/0.00285063)
EvolveLevel[5]: NumberOfSubCycles = 3 (334 total, 3 sub)
P(0) -- CFRFl warn: -6.868945e-13 -6.978711e-12 -3.082509e-12 -3.896202e-12 5 5 6 0 [14]
RebuildHierarchy: level = 4
TransferSubgridParticles[4]: Moved 4 particles, 0 stars, 0 active particles.
DetermineSGSize: MaxSubgridSize = 2000, MinSubgridEdge = 4, ncells = 48072
RebuildHierarchy[4]: Flagged 84/124 grids. 4903 flagged cells
LoadBalance: Number of grids moved = 82 out of 86 (4.74676e-05 seconds elapsed)
DetermineSGSize: MaxSubgridSize = 2000, MinSubgridEdge = 4, ncells = 48072
RebuildHierarchy[5]: Flagged 0/86 grids. 0 flagged cells
Level[4]: dt = 0.00287446  0.00287446 (0.00572508/0.00615077)
Level[5]: dt = 0.00135433  0.00135433 (0.00135433/0.00287446)
RebuildHierarchy: level = 5
TransferSubgridParticles[5]: Moved 1 particles, 0 stars, 0 active particles.
DetermineSGSize: MaxSubgridSize = 2000, MinSubgridEdge = 4, ncells = 48064
RebuildHierarchy[5]: Flagged 0/86 grids. 0 flagged cells
Level[5]: dt = 0.00135665  0.00135665 (0.00271099/0.00287446)
RebuildHierarchy: level = 5
TransferSubgridParticles[5]: Moved 1 particles, 0 stars, 0 active particles.
DetermineSGSize: MaxSubgridSize = 2000, MinSubgridEdge = 4, ncells = 48064
RebuildHierarchy[5]: Flagged 0/86 grids. 0 flagged cells
Level[5]: dt = 0.00016347  0.0013596 (0.00287446/0.00287446)
EvolveLevel[5]: NumberOfSubCycles = 3 (337 total, 3 sub)
P(0) -- CFRFl warn: -1.465041e-12 -7.686996e-12 -3.037931e-12 -4.649064e-12 5 5 6 0 [14]
Level[4]: dt = 0.000425689  0.0028998 (0.00615077/0.00615077)
Level[5]: dt = 0.000425689  0.00136 (0.000425689/0.000425689)
EvolveLevel[5]: NumberOfSubCycles = 1 (338 total, 1 sub)
EvolveLevel[4]: NumberOfSubCycles = 3 (154 total, 3 sub)
Level[3]: dt = 0.00236727  0.00617267 (0.014672/0.014672)
Level[4]: dt = 0.00236727  0.00290358 (0.00236727/0.00236727)
Level[5]: dt = 0.0013611  0.0013611 (0.0013611/0.00236727)
RebuildHierarchy: level = 5
TransferSubgridParticles[5]: Moved 4 particles, 0 stars, 0 active particles.
DetermineSGSize: MaxSubgridSize = 2000, MinSubgridEdge = 4, ncells = 48064
RebuildHierarchy[5]: Flagged 0/86 grids. 0 flagged cells
Level[5]: dt = 0.00100617  0.00136506 (0.00236727/0.00236727)
EvolveLevel[5]: NumberOfSubCycles = 2 (340 total, 2 sub)
P(0) -- CFRFl warn: -5.217092e-13 -6.166504e-12 -2.482542e-12 -3.683963e-12 5 5 6 0 [14]
EvolveLevel[4]: NumberOfSubCycles = 1 (155 total, 1 sub)
EvolveLevel[3]: NumberOfSubCycles = 3 (71 total, 3 sub)
Level[2]: dt = 0.00181191  0.0143977 (0.0312829/0.0312829)
Level[3]: dt = 0.00181191  0.00618883 (0.00181191/0.00181191)
Level[4]: dt = 0.00181191  0.00292479 (0.00181191/0.00181191)
Level[5]: dt = 0.00136832  0.00136832 (0.00136832/0.00181191)
RebuildHierarchy: level = 5
TransferSubgridParticles[5]: Moved 4 particles, 0 stars, 0 active particles.
DetermineSGSize: MaxSubgridSize = 2000, MinSubgridEdge = 4, ncells = 48064
RebuildHierarchy[5]: Flagged 0/86 grids. 0 flagged cells
Level[5]: dt = 0.00044359  0.00137336 (0.00181191/0.00181191)
EvolveLevel[5]: NumberOfSubCycles = 2 (342 total, 2 sub)
P(0) -- CFRFl warn: -8.723194e-14 -5.082800e-12 -1.841287e-12 -3.241513e-12 5 5 6 0 [14]
EvolveLevel[4]: NumberOfSubCycles = 1 (156 total, 1 sub)
EvolveLevel[3]: NumberOfSubCycles = 1 (72 total, 1 sub)
EvolveLevel[2]: NumberOfSubCycles = 3 (32 total, 3 sub)
Level[1]: dt = 0.00379153  0.0314846 (0.0663284/0.0663284)
Level[2]: dt = 0.00379153  0.0143751 (0.00379153/0.00379153)
Level[3]: dt = 0.00379153  0.00620448 (0.00379153/0.00379153)
Level[4]: dt = 0.00294095  0.00294095 (0.00294095/0.00379153)
Level[5]: dt = 0.00137503  0.00137503 (0.00137503/0.00294095)
RebuildHierarchy: level = 5
TransferSubgridParticles[5]: Moved 4 particles, 0 stars, 0 active particles.
DetermineSGSize: MaxSubgridSize = 2000, MinSubgridEdge = 4, ncells = 48064
RebuildHierarchy[5]: Flagged 0/86 grids. 0 flagged cells
Level[5]: dt = 0.00138058  0.00138058 (0.0027556/0.00294095)
RebuildHierarchy: level = 5
TransferSubgridParticles[5]: Moved 2 particles, 0 stars, 0 active particles.
DetermineSGSize: MaxSubgridSize = 2000, MinSubgridEdge = 4, ncells = 48064
RebuildHierarchy[5]: Flagged 0/86 grids. 0 flagged cells
Level[5]: dt = 0.000185349  0.00138656 (0.00294095/0.00294095)
EvolveLevel[5]: NumberOfSubCycles = 3 (345 total, 3 sub)
P(0) -- CFRFl warn: -2.389511e-12 -8.535434e-12 -3.002008e-12 -5.533426e-12 5 5 6 0 [14]
RebuildHierarchy: level = 4
TransferSubgridParticles[4]: Moved 5 particles, 0 stars, 0 active particles.
DetermineSGSize: MaxSubgridSize = 2000, MinSubgridEdge = 4, ncells = 48064
RebuildHierarchy[4]: Flagged 84/124 grids. 4977 flagged cells
LoadBalance: Number of grids moved = 83 out of 87 (4.87827e-05 seconds elapsed)
DetermineSGSize: MaxSubgridSize = 2000, MinSubgridEdge = 4, ncells = 48064
RebuildHierarchy[5]: Flagged 0/87 grids. 0 flagged cells
Level[4]: dt = 0.000850574  0.00295685 (0.00379153/0.00379153)
Level[5]: dt = 0.000850574  0.00138736 (0.000850574/0.000850574)
EvolveLevel[5]: NumberOfSubCycles = 1 (346 total, 1 sub)
EvolveLevel[4]: NumberOfSubCycles = 2 (158 total, 2 sub)
EvolveLevel[3]: NumberOfSubCycles = 1 (73 total, 1 sub)
EvolveLevel[2]: NumberOfSubCycles = 1 (33 total, 1 sub)
EvolveLevel[1]: NumberOfSubCycles = 3 (13 total, 3 sub)
EvolveLevel[0]: NumberOfSubCycles = 1 (5 total, 5 sub)
CPUTime-output: Frac = 0.999991, Current = 899.862 (899.862), Stop = 2592000.000000, Last = 22.9893
[YT_INFO   ] Setting YT parameters ...
[YT_INFO   ] Setting YT parameters ... done.
[YT_INFO   ] Getting pointer to particle list information ...
[YT_INFO   ] Getting pointer to particle list information  ... done.
[YT_INFO   ] Getting pointer to field list information ...
[YT_INFO   ] Getting pointer to field list information  ... done.
[YT_INFO   ] Getting pointer to local grids information ...
[YT_INFO   ] Getting pointer to local grids information  ... done.
[YT_INFO   ] Loading full hierarchy and local data to libyt ...
[YT_INFO   ] Loading full hierarchy and local data ... done.
[YT_INFO   ] Performing YT inline analysis yt_inline_func() ...
[YT_INFO   ] Performing YT inline analysis yt_inline_func() ... done.
Level[0]: dt = 0.0663674  0.0663674 (0.0663674/0.0663674)
Level[1]: dt = 0.0315181  0.0315181 (0.0315181/0.0663674)
Level[2]: dt = 0.0143296  0.0143296 (0.0143296/0.0315181)
Level[3]: dt = 0.00624839  0.00624839 (0.00624839/0.0143296)
Level[4]: dt = 0.00295763  0.00295763 (0.00295763/0.00624839)
Level[5]: dt = 0.00139119  0.00139119 (0.00139119/0.00295763)
RebuildHierarchy: level = 5
TransferSubgridParticles[5]: Moved 4 particles, 0 stars, 0 active particles.
DetermineSGSize: MaxSubgridSize = 2000, MinSubgridEdge = 4, ncells = 47440
RebuildHierarchy[5]: Flagged 0/87 grids. 0 flagged cells
Level[5]: dt = 0.00139353  0.00139353 (0.00278472/0.00295763)
RebuildHierarchy: level = 5
TransferSubgridParticles[5]: Moved 3 particles, 0 stars, 0 active particles.
DetermineSGSize: MaxSubgridSize = 2000, MinSubgridEdge = 4, ncells = 47440
RebuildHierarchy[5]: Flagged 0/87 grids. 0 flagged cells
Level[5]: dt = 0.000172911  0.00139286 (0.00295763/0.00295763)
EvolveLevel[5]: NumberOfSubCycles = 3 (349 total, 3 sub)
P(0) -- CFRFl warn: -2.466517e-12 -8.565022e-12 -2.959631e-12 -5.605390e-12 5 5 6 0 [14]
RebuildHierarchy: level = 4
TransferSubgridParticles[4]: Moved 0 particles, 0 stars, 0 active particles.
DetermineSGSize: MaxSubgridSize = 2000, MinSubgridEdge = 4, ncells = 47440
RebuildHierarchy[4]: Flagged 84/124 grids. 4999 flagged cells
LoadBalance: Number of grids moved = 83 out of 87 (4.94607e-05 seconds elapsed)
DetermineSGSize: MaxSubgridSize = 2000, MinSubgridEdge = 4, ncells = 47440
RebuildHierarchy[5]: Flagged 0/87 grids. 0 flagged cells
Level[4]: dt = 0.00296398  0.00296398 (0.00592161/0.00624839)
Level[5]: dt = 0.00139279  0.00139279 (0.00139279/0.00296398)
RebuildHierarchy: level = 5
TransferSubgridParticles[5]: Moved 3 particles, 0 stars, 0 active particles.
DetermineSGSize: MaxSubgridSize = 2000, MinSubgridEdge = 4, ncells = 47640
RebuildHierarchy[5]: Flagged 0/87 grids. 0 flagged cells
Level[5]: dt = 0.00139254  0.00139254 (0.00278534/0.00296398)
RebuildHierarchy: level = 5
TransferSubgridParticles[5]: Moved 4 particles, 0 stars, 0 active particles.
DetermineSGSize: MaxSubgridSize = 2000, MinSubgridEdge = 4, ncells = 47640
RebuildHierarchy[5]: Flagged 0/87 grids. 0 flagged cells
Level[5]: dt = 0.000178646  0.00139281 (0.00296398/0.00296398)
EvolveLevel[5]: NumberOfSubCycles = 3 (352 total, 3 sub)
P(0) -- CFRFl warn: -2.916428e-12 -9.017137e-12 -2.957495e-12 -6.059642e-12 5 5 6 0 [14]
Level[4]: dt = 0.000326777  0.00297579 (0.00624839/0.00624839)
Level[5]: dt = 0.000326777  0.00139287 (0.000326777/0.000326777)
EvolveLevel[5]: NumberOfSubCycles = 1 (353 total, 1 sub)
EvolveLevel[4]: NumberOfSubCycles = 3 (161 total, 3 sub)
RebuildHierarchy: level = 3
TransferSubgridParticles[3]: Moved 76 particles, 0 stars, 0 active particles.
DetermineSGSize: MaxSubgridSize = 2000, MinSubgridEdge = 4, ncells = 57896
RebuildHierarchy[3]: Flagged 126/408 grids. 6151 flagged cells
LoadBalance: Number of grids moved = 127 out of 127 (0.00218229 seconds elapsed)
DetermineSGSize: MaxSubgridSize = 2000, MinSubgridEdge = 4, ncells = 47640
RebuildHierarchy[4]: Flagged 84/127 grids. 4974 flagged cells
LoadBalance: Number of grids moved = 83 out of 86 (5.01573e-05 seconds elapsed)
DetermineSGSize: MaxSubgridSize = 2000, MinSubgridEdge = 4, ncells = 47640
RebuildHierarchy[5]: Flagged 0/86 grids. 0 flagged cells
Level[3]: dt = 0.00635231  0.00635231 (0.0126007/0.0143296)
Level[4]: dt = 0.00297743  0.00297743 (0.00297743/0.00635231)
Level[5]: dt = 0.00139302  0.00139302 (0.00139302/0.00297743)
RebuildHierarchy: level = 5
TransferSubgridParticles[5]: Moved 2 particles, 0 stars, 0 active particles.
DetermineSGSize: MaxSubgridSize = 2000, MinSubgridEdge = 4, ncells = 48608
RebuildHierarchy[5]: Flagged 0/86 grids. 0 flagged cells
Level[5]: dt = 0.00139407  0.00139407 (0.00278709/0.00297743)
RebuildHierarchy: level = 5
TransferSubgridParticles[5]: Moved 2 particles, 0 stars, 0 active particles.
DetermineSGSize: MaxSubgridSize = 2000, MinSubgridEdge = 4, ncells = 48608
RebuildHierarchy[5]: Flagged 0/86 grids. 0 flagged cells
Level[5]: dt = 0.000190342  0.0013957 (0.00297743/0.00297743)
EvolveLevel[5]: NumberOfSubCycles = 3 (356 total, 3 sub)
P(0) -- CFRFl warn: -2.852150e-12 -9.015009e-12 -3.007700e-12 -6.007309e-12 5 5 6 0 [14]
RebuildHierarchy: level = 4
TransferSubgridParticles[4]: Moved 0 particles, 0 stars, 0 active particles.
DetermineSGSize: MaxSubgridSize = 2000, MinSubgridEdge = 4, ncells = 48608
RebuildHierarchy[4]: Flagged 84/127 grids. 4967 flagged cells
LoadBalance: Number of grids moved = 83 out of 86 (4.83766e-05 seconds elapsed)
DetermineSGSize: MaxSubgridSize = 2000, MinSubgridEdge = 4, ncells = 48608
RebuildHierarchy[5]: Flagged 0/86 grids. 0 flagged cells
Level[4]: dt = 0.00299524  0.00299524 (0.00597267/0.00635231)
Level[5]: dt = 0.00139594  0.00139594 (0.00139594/0.00299524)
RebuildHierarchy: level = 5
TransferSubgridParticles[5]: Moved 2 particles, 0 stars, 0 active particles.
DetermineSGSize: MaxSubgridSize = 2000, MinSubgridEdge = 4, ncells = 48632
RebuildHierarchy[5]: Flagged 0/86 grids. 0 flagged cells
Level[5]: dt = 0.00139815  0.00139815 (0.00279409/0.00299524)
RebuildHierarchy: level = 5
TransferSubgridParticles[5]: Moved 1 particles, 0 stars, 0 active particles.
DetermineSGSize: MaxSubgridSize = 2000, MinSubgridEdge = 4, ncells = 48632
RebuildHierarchy[5]: Flagged 0/86 grids. 0 flagged cells
Level[5]: dt = 0.000201146  0.00140096 (0.00299524/0.00299524)
EvolveLevel[5]: NumberOfSubCycles = 3 (359 total, 3 sub)
P(0) -- CFRFl warn: -3.317093e-12 -9.517702e-12 -3.030235e-12 -6.487466e-12 5 5 6 0 [14]
Level[4]: dt = 0.000379641  0.00301694 (0.00635231/0.00635231)
Level[5]: dt = 0.000379641  0.00140138 (0.000379641/0.000379641)
EvolveLevel[5]: NumberOfSubCycles = 1 (360 total, 1 sub)
EvolveLevel[4]: NumberOfSubCycles = 3 (164 total, 3 sub)
Level[3]: dt = 0.00172888  0.00648639 (0.0143296/0.0143296)
Level[4]: dt = 0.00172888  0.00301979 (0.00172888/0.00172888)
Level[5]: dt = 0.00140221  0.00140221 (0.00140221/0.00172888)
RebuildHierarchy: level = 5
TransferSubgridParticles[5]: Moved 2 particles, 0 stars, 0 active particles.
DetermineSGSize: MaxSubgridSize = 2000, MinSubgridEdge = 4, ncells = 48632
RebuildHierarchy[5]: Flagged 0/86 grids. 0 flagged cells
Level[5]: dt = 0.000326674  0.00140576 (0.00172888/0.00172888)
EvolveLevel[5]: NumberOfSubCycles = 2 (362 total, 2 sub)
P(0) -- CFRFl warn: -5.703888e-13 -5.512698e-12 -1.759798e-12 -3.752900e-12 5 5 6 0 [14]
EvolveLevel[4]: NumberOfSubCycles = 1 (165 total, 1 sub)
EvolveLevel[3]: NumberOfSubCycles = 3 (76 total, 3 sub)
RebuildHierarchy: level = 2
TransferSubgridParticles[2]: Moved 533 particles, 0 stars, 0 active particles.
DetermineSGSize: MaxSubgridSize = 2000, MinSubgridEdge = 4, ncells = 287416
RebuildHierarchy[2]: Flagged 357/1435 grids. 22961 flagged cells
LoadBalance: Number of grids moved = 408 out of 411 (0.00220445 seconds elapsed)
DetermineSGSize: MaxSubgridSize = 2000, MinSubgridEdge = 4, ncells = 61392
RebuildHierarchy[3]: Flagged 126/411 grids. 6218 flagged cells
LoadBalance: Number of grids moved = 129 out of 129 (0.00230462 seconds elapsed)
DetermineSGSize: MaxSubgridSize = 2000, MinSubgridEdge = 4, ncells = 48632
RebuildHierarchy[4]: Flagged 85/129 grids. 4943 flagged cells
LoadBalance: Number of grids moved = 84 out of 87 (4.84139e-05 seconds elapsed)
DetermineSGSize: MaxSubgridSize = 2000, MinSubgridEdge = 4, ncells = 48632
RebuildHierarchy[5]: Flagged 0/87 grids. 0 flagged cells
Level[2]: dt = 0.0141649  0.0141649 (0.0284945/0.0315181)
Level[3]: dt = 0.00652455  0.00652455 (0.00652455/0.0141649)
Level[4]: dt = 0.00303315  0.00303315 (0.00303315/0.00652455)
Level[5]: dt = 0.00140661  0.00140661 (0.00140661/0.00303315)
RebuildHierarchy: level = 5
TransferSubgridParticles[5]: Moved 2 particles, 0 stars, 0 active particles.
DetermineSGSize: MaxSubgridSize = 2000, MinSubgridEdge = 4, ncells = 48240
RebuildHierarchy[5]: Flagged 0/87 grids. 0 flagged cells
Level[5]: dt = 0.0014106  0.0014106 (0.00281721/0.00303315)
RebuildHierarchy: level = 5
TransferSubgridParticles[5]: Moved 2 particles, 0 stars, 0 active particles.
DetermineSGSize: MaxSubgridSize = 2000, MinSubgridEdge = 4, ncells = 48240
RebuildHierarchy[5]: Flagged 0/87 grids. 0 flagged cells
Level[5]: dt = 0.000215934  0.00141518 (0.00303315/0.00303315)
EvolveLevel[5]: NumberOfSubCycles = 3 (365 total, 3 sub)
P(0) -- CFRFl warn: -3.701181e-12 -9.999729e-12 -3.092522e-12 -6.907207e-12 5 5 6 0 [14]
RebuildHierarchy: level = 4
TransferSubgridParticles[4]: Moved 2 particles, 0 stars, 0 active particles.
DetermineSGSize: MaxSubgridSize = 2000, MinSubgridEdge = 4, ncells = 48240
RebuildHierarchy[4]: Flagged 85/129 grids. 4948 flagged cells
LoadBalance: Number of grids moved = 84 out of 87 (4.75198e-05 seconds elapsed)
DetermineSGSize: MaxSubgridSize = 2000, MinSubgridEdge = 4, ncells = 48240
RebuildHierarchy[5]: Flagged 0/87 grids. 0 flagged cells
Level[4]: dt = 0.00305596  0.00305596 (0.0060891/0.00652455)
Level[5]: dt = 0.00141589  0.00141589 (0.00141589/0.00305596)
RebuildHierarchy: level = 5
TransferSubgridParticles[5]: Moved 2 particles, 0 stars, 0 active particles.
DetermineSGSize: MaxSubgridSize = 2000, MinSubgridEdge = 4, ncells = 48200
RebuildHierarchy[5]: Flagged 0/87 grids. 0 flagged cells
Level[5]: dt = 0.00142087  0.00142087 (0.00283675/0.00305596)
RebuildHierarchy: level = 5
TransferSubgridParticles[5]: Moved 1 particles, 0 stars, 0 active particles.
DetermineSGSize: MaxSubgridSize = 2000, MinSubgridEdge = 4, ncells = 48200
RebuildHierarchy[5]: Flagged 0/87 grids. 0 flagged cells
Level[5]: dt = 0.000219206  0.00142633 (0.00305596/0.00305596)
EvolveLevel[5]: NumberOfSubCycles = 3 (368 total, 3 sub)
P(0) -- CFRFl warn: -3.098867e-12 -9.475852e-12 -3.141229e-12 -6.334624e-12 5 5 6 0 [14]
Level[4]: dt = 0.00043544  0.00307757 (0.00652455/0.00652455)
Level[5]: dt = 0.00043544  0.00142717 (0.00043544/0.00043544)
EvolveLevel[5]: NumberOfSubCycles = 1 (369 total, 1 sub)
EvolveLevel[4]: NumberOfSubCycles = 3 (168 total, 3 sub)
RebuildHierarchy: level = 3
TransferSubgridParticles[3]: Moved 33 particles, 0 stars, 0 active particles.
DetermineSGSize: MaxSubgridSize = 2000, MinSubgridEdge = 4, ncells = 62008
RebuildHierarchy[3]: Flagged 126/411 grids. 6234 flagged cells
LoadBalance: Number of grids moved = 129 out of 129 (0.00233475 seconds elapsed)
DetermineSGSize: MaxSubgridSize = 2000, MinSubgridEdge = 4, ncells = 48200
RebuildHierarchy[4]: Flagged 86/129 grids. 4988 flagged cells
LoadBalance: Number of grids moved = 85 out of 88 (4.76018e-05 seconds elapsed)
DetermineSGSize: MaxSubgridSize = 2000, MinSubgridEdge = 4, ncells = 48200
RebuildHierarchy[5]: Flagged 0/88 grids. 0 flagged cells
Level[3]: dt = 0.00666234  0.00666234 (0.0131869/0.0141649)
Level[4]: dt = 0.00307927  0.00307927 (0.00307927/0.00666234)
Level[5]: dt = 0.00142887  0.00142887 (0.00142887/0.00307927)
RebuildHierarchy: level = 5
TransferSubgridParticles[5]: Moved 2 particles, 0 stars, 0 active particles.
DetermineSGSize: MaxSubgridSize = 2000, MinSubgridEdge = 4, ncells = 48768
RebuildHierarchy[5]: Flagged 0/88 grids. 0 flagged cells
Level[5]: dt = 0.00143479  0.00143479 (0.00286366/0.00307927)
RebuildHierarchy: level = 5
TransferSubgridParticles[5]: Moved 4 particles, 0 stars, 0 active particles.
DetermineSGSize: MaxSubgridSize = 2000, MinSubgridEdge = 4, ncells = 48768
RebuildHierarchy[5]: Flagged 0/88 grids. 0 flagged cells
Level[5]: dt = 0.000215609  0.0014408 (0.00307927/0.00307927)
EvolveLevel[5]: NumberOfSubCycles = 3 (372 total, 3 sub)
P(0) -- CFRFl warn: -4.179834e-12 -1.063842e-11 -3.181398e-12 -7.457025e-12 5 5 6 0 [14]
RebuildHierarchy: level = 4
TransferSubgridParticles[4]: Moved 1 particles, 0 stars, 0 active particles.
DetermineSGSize: MaxSubgridSize = 2000, MinSubgridEdge = 4, ncells = 48768
RebuildHierarchy[4]: Flagged 86/129 grids. 4949 flagged cells
LoadBalance: Number of grids moved = 84 out of 87 (4.89205e-05 seconds elapsed)
DetermineSGSize: MaxSubgridSize = 2000, MinSubgridEdge = 4, ncells = 48768
RebuildHierarchy[5]: Flagged 0/87 grids. 0 flagged cells
Level[4]: dt = 0.00308859  0.00308859 (0.00616787/0.00666234)
Level[5]: dt = 0.00144171  0.00144171 (0.00144171/0.00308859)
RebuildHierarchy: level = 5
TransferSubgridParticles[5]: Moved 1 particles, 0 stars, 0 active particles.
DetermineSGSize: MaxSubgridSize = 2000, MinSubgridEdge = 4, ncells = 48216
RebuildHierarchy[5]: Flagged 0/87 grids. 0 flagged cells
Level[5]: dt = 0.00144805  0.00144805 (0.00288975/0.00308859)
RebuildHierarchy: level = 5
TransferSubgridParticles[5]: Moved 5 particles, 0 stars, 0 active particles.
DetermineSGSize: MaxSubgridSize = 2000, MinSubgridEdge = 4, ncells = 48216
RebuildHierarchy[5]: Flagged 0/87 grids. 0 flagged cells
Level[5]: dt = 0.00019884  0.00145418 (0.00308859/0.00308859)
EvolveLevel[5]: NumberOfSubCycles = 3 (375 total, 3 sub)
P(0) -- CFRFl warn: -3.497739e-12 -1.006043e-11 -3.241442e-12 -6.818990e-12 5 5 6 0 [14]
Level[4]: dt = 0.000494471  0.00309778 (0.00666234/0.00666234)
Level[5]: dt = 0.000494471  0.00145496 (0.000494471/0.000494471)
EvolveLevel[5]: NumberOfSubCycles = 1 (376 total, 1 sub)
EvolveLevel[4]: NumberOfSubCycles = 3 (171 total, 3 sub)
Level[3]: dt = 0.000978001  0.00672866 (0.0141649/0.0141649)
Level[4]: dt = 0.000978001  0.00309923 (0.000978001/0.000978001)
Level[5]: dt = 0.000978001  0.00145691 (0.000978001/0.000978001)
EvolveLevel[5]: NumberOfSubCycles = 1 (377 total, 1 sub)
EvolveLevel[4]: NumberOfSubCycles = 1 (172 total, 1 sub)
EvolveLevel[3]: NumberOfSubCycles = 3 (79 total, 3 sub)
Level[2]: dt = 0.00302366  0.0140606 (0.0315181/0.0315181)
Level[3]: dt = 0.00302366  0.00673265 (0.00302366/0.00302366)
Level[4]: dt = 0.00302366  0.00310214 (0.00302366/0.00302366)
Level[5]: dt = 0.00146063  0.00146063 (0.00146063/0.00302366)
RebuildHierarchy: level = 5
TransferSubgridParticles[5]: Moved 4 particles, 0 stars, 0 active particles.
DetermineSGSize: MaxSubgridSize = 2000, MinSubgridEdge = 4, ncells = 48216
RebuildHierarchy[5]: Flagged 0/87 grids. 0 flagged cells
Level[5]: dt = 0.0014659  0.0014659 (0.00292653/0.00302366)
RebuildHierarchy: level = 5
TransferSubgridParticles[5]: Moved 2 particles, 0 stars, 0 active particles.
DetermineSGSize: MaxSubgridSize = 2000, MinSubgridEdge = 4, ncells = 48216
RebuildHierarchy[5]: Flagged 0/87 grids. 0 flagged cells
Level[5]: dt = 9.71347e-05  0.0014707 (0.00302366/0.00302366)
EvolveLevel[5]: NumberOfSubCycles = 3 (380 total, 3 sub)
P(0) -- CFRFl warn: -3.513426e-12 -1.017583e-11 -3.270216e-12 -6.905610e-12 5 5 6 0 [14]
EvolveLevel[4]: NumberOfSubCycles = 1 (173 total, 1 sub)
EvolveLevel[3]: NumberOfSubCycles = 1 (80 total, 1 sub)
EvolveLevel[2]: NumberOfSubCycles = 3 (36 total, 3 sub)
RebuildHierarchy: level = 1
TransferSubgridParticles[1]: Moved 10927 particles, 0 stars, 0 active particles.
DetermineSGSize: MaxSubgridSize = 2000, MinSubgridEdge = 4, ncells = 1354040
RebuildHierarchy[1]: Flagged 974/8808 grids. 93591 flagged cells
LoadBalance: Number of grids moved = 1436 out of 1441 (0.00192168 seconds elapsed)
DetermineSGSize: MaxSubgridSize = 2000, MinSubgridEdge = 4, ncells = 293288
RebuildHierarchy[2]: Flagged 358/1441 grids. 23075 flagged cells
LoadBalance: Number of grids moved = 405 out of 417 (0.0022623 seconds elapsed)
DetermineSGSize: MaxSubgridSize = 2000, MinSubgridEdge = 4, ncells = 62208
RebuildHierarchy[3]: Flagged 128/417 grids. 6326 flagged cells
LoadBalance: Number of grids moved = 133 out of 133 (0.00233851 seconds elapsed)
DetermineSGSize: MaxSubgridSize = 2000, MinSubgridEdge = 4, ncells = 48216
RebuildHierarchy[4]: Flagged 87/133 grids. 4957 flagged cells
LoadBalance: Number of grids moved = 84 out of 87 (4.84549e-05 seconds elapsed)
DetermineSGSize: MaxSubgridSize = 2000, MinSubgridEdge = 4, ncells = 48216
RebuildHierarchy[5]: Flagged 0/87 grids. 0 flagged cells
Level[1]: dt = 0.0318225  0.0318225 (0.0633406/0.0663674)
Level[2]: dt = 0.0140519  0.0140519 (0.0140519/0.0318225)
Level[3]: dt = 0.00674499  0.00674499 (0.00674499/0.0140519)
Level[4]: dt = 0.00311109  0.00311109 (0.00311109/0.00674499)
Level[5]: dt = 0.00147099  0.00147099 (0.00147099/0.00311109)
RebuildHierarchy: level = 5
TransferSubgridParticles[5]: Moved 4 particles, 0 stars, 0 active particles.
DetermineSGSize: MaxSubgridSize = 2000, MinSubgridEdge = 4, ncells = 48440
RebuildHierarchy[5]: Flagged 0/87 grids. 0 flagged cells
Level[5]: dt = 0.00147456  0.00147456 (0.00294555/0.00311109)
RebuildHierarchy: level = 5
TransferSubgridParticles[5]: Moved 1 particles, 0 stars, 0 active particles.
DetermineSGSize: MaxSubgridSize = 2000, MinSubgridEdge = 4, ncells = 48440
RebuildHierarchy[5]: Flagged 0/87 grids. 0 flagged cells
Level[5]: dt = 0.000165537  0.00147219 (0.00311109/0.00311109)
EvolveLevel[5]: NumberOfSubCycles = 3 (383 total, 3 sub)
P(0) -- CFRFl warn: -4.378703e-12 -1.128181e-11 -3.441812e-12 -7.839994e-12 5 5 6 0 [14]
RebuildHierarchy: level = 4
TransferSubgridParticles[4]: Moved 4 particles, 0 stars, 0 active particles.
DetermineSGSize: MaxSubgridSize = 2000, MinSubgridEdge = 4, ncells = 48440
RebuildHierarchy[4]: Flagged 87/133 grids. 4956 flagged cells
LoadBalance: Number of grids moved = 84 out of 87 (4.80711e-05 seconds elapsed)
DetermineSGSize: MaxSubgridSize = 2000, MinSubgridEdge = 4, ncells = 48440
RebuildHierarchy[5]: Flagged 0/87 grids. 0 flagged cells
Level[4]: dt = 0.00312022  0.00312022 (0.00623131/0.00674499)
Level[5]: dt = 0.00147194  0.00147194 (0.00147194/0.00312022)
RebuildHierarchy: level = 5
TransferSubgridParticles[5]: Moved 1 particles, 0 stars, 0 active particles.
DetermineSGSize: MaxSubgridSize = 2000, MinSubgridEdge = 4, ncells = 48448
RebuildHierarchy[5]: Flagged 0/87 grids. 0 flagged cells
Level[5]: dt = 0.00146965  0.00146965 (0.00294159/0.00312022)
RebuildHierarchy: level = 5
TransferSubgridParticles[5]: Moved 1 particles, 0 stars, 0 active particles.
DetermineSGSize: MaxSubgridSize = 2000, MinSubgridEdge = 4, ncells = 48448
RebuildHierarchy[5]: Flagged 0/87 grids. 0 flagged cells
Level[5]: dt = 0.000178631  0.001466 (0.00312022/0.00312022)
EvolveLevel[5]: NumberOfSubCycles = 3 (386 total, 3 sub)
P(0) -- CFRFl warn: -4.793622e-12 -1.186505e-11 -3.529470e-12 -8.335578e-12 5 5 6 0 [14]
Level[4]: dt = 0.000513676  0.00312927 (0.00674499/0.00674499)
Level[5]: dt = 0.000513676  0.00146494 (0.000513676/0.000513676)
EvolveLevel[5]: NumberOfSubCycles = 1 (387 total, 1 sub)
EvolveLevel[4]: NumberOfSubCycles = 3 (176 total, 3 sub)
RebuildHierarchy: level = 3
TransferSubgridParticles[3]: Moved 35 particles, 0 stars, 0 active particles.
DetermineSGSize: MaxSubgridSize = 2000, MinSubgridEdge = 4, ncells = 61280
RebuildHierarchy[3]: Flagged 129/417 grids. 6311 flagged cells
LoadBalance: Number of grids moved = 133 out of 134 (5.61811e-05 seconds elapsed)
DetermineSGSize: MaxSubgridSize = 2000, MinSubgridEdge = 4, ncells = 48448
RebuildHierarchy[4]: Flagged 87/134 grids. 4962 flagged cells
LoadBalance: Number of grids moved = 87 out of 87 (0.0022901 seconds elapsed)
DetermineSGSize: MaxSubgridSize = 2000, MinSubgridEdge = 4, ncells = 48448
RebuildHierarchy[5]: Flagged 0/87 grids. 0 flagged cells
Level[3]: dt = 0.00674504  0.00674504 (0.01349/0.0140519)
Level[4]: dt = 0.00313075  0.00313075 (0.00313075/0.00674504)
Level[5]: dt = 0.00146204  0.00146204 (0.00146204/0.00313075)
RebuildHierarchy: level = 5
TransferSubgridParticles[5]: Moved 2 particles, 0 stars, 0 active particles.
DetermineSGSize: MaxSubgridSize = 2000, MinSubgridEdge = 4, ncells = 49024
RebuildHierarchy[5]: Flagged 0/87 grids. 0 flagged cells
Level[5]: dt = 0.00145448  0.00145448 (0.00291652/0.00313075)
RebuildHierarchy: level = 5
TransferSubgridParticles[5]: Moved 3 particles, 0 stars, 0 active particles.
DetermineSGSize: MaxSubgridSize = 2000, MinSubgridEdge = 4, ncells = 49024
RebuildHierarchy[5]: Flagged 0/87 grids. 0 flagged cells
Level[5]: dt = 0.000214224  0.00144838 (0.00313075/0.00313075)
EvolveLevel[5]: NumberOfSubCycles = 3 (390 total, 3 sub)
RebuildHierarchy: level = 4
TransferSubgridParticles[4]: Moved 2 particles, 0 stars, 0 active particles.
DetermineSGSize: MaxSubgridSize = 2000, MinSubgridEdge = 4, ncells = 49024
RebuildHierarchy[4]: Flagged 87/134 grids. 4961 flagged cells
LoadBalance: Number of grids moved = 87 out of 87 (0.00217679 seconds elapsed)
DetermineSGSize: MaxSubgridSize = 2000, MinSubgridEdge = 4, ncells = 49024
RebuildHierarchy[5]: Flagged 0/87 grids. 0 flagged cells
Level[4]: dt = 0.00313976  0.00313976 (0.00627051/0.00674504)
Level[5]: dt = 0.00144758  0.00144758 (0.00144758/0.00313976)
RebuildHierarchy: level = 5
TransferSubgridParticles[5]: Moved 3 particles, 0 stars, 0 active particles.
DetermineSGSize: MaxSubgridSize = 2000, MinSubgridEdge = 4, ncells = 49056
RebuildHierarchy[5]: Flagged 0/87 grids. 0 flagged cells
Level[5]: dt = 0.00144281  0.00144281 (0.0028904/0.00313976)
RebuildHierarchy: level = 5
TransferSubgridParticles[5]: Moved 1 particles, 0 stars, 0 active particles.
DetermineSGSize: MaxSubgridSize = 2000, MinSubgridEdge = 4, ncells = 49056
RebuildHierarchy[5]: Flagged 0/87 grids. 0 flagged cells
Level[5]: dt = 0.000249363  0.00143923 (0.00313976/0.00313976)
EvolveLevel[5]: NumberOfSubCycles = 3 (393 total, 3 sub)
Level[4]: dt = 0.000474527  0.00314874 (0.00674504/0.00674504)
Level[5]: dt = 0.000474527  0.0014387 (0.000474527/0.000474527)
EvolveLevel[5]: NumberOfSubCycles = 1 (394 total, 1 sub)
EvolveLevel[4]: NumberOfSubCycles = 3 (179 total, 3 sub)
Level[3]: dt = 0.000561845  0.00671455 (0.0140519/0.0140519)
Level[4]: dt = 0.000561845  0.00315009 (0.000561845/0.000561845)
Level[5]: dt = 0.000561845  0.00143779 (0.000561845/0.000561845)
EvolveLevel[5]: NumberOfSubCycles = 1 (395 total, 1 sub)
EvolveLevel[4]: NumberOfSubCycles = 1 (180 total, 1 sub)
EvolveLevel[3]: NumberOfSubCycles = 3 (83 total, 3 sub)
RebuildHierarchy: level = 2
TransferSubgridParticles[2]: Moved 262 particles, 0 stars, 0 active particles.
DetermineSGSize: MaxSubgridSize = 2000, MinSubgridEdge = 4, ncells = 293776
RebuildHierarchy[2]: Flagged 361/1441 grids. 23268 flagged cells
LoadBalance: Number of grids moved = 410 out of 422 (0.00260032 seconds elapsed)
DetermineSGSize: MaxSubgridSize = 2000, MinSubgridEdge = 4, ncells = 60280
RebuildHierarchy[3]: Flagged 128/422 grids. 6312 flagged cells
LoadBalance: Number of grids moved = 130 out of 131 (5.67138e-05 seconds elapsed)
DetermineSGSize: MaxSubgridSize = 2000, MinSubgridEdge = 4, ncells = 49056
RebuildHierarchy[4]: Flagged 87/131 grids. 4958 flagged cells
LoadBalance: Number of grids moved = 87 out of 87 (0.00226042 seconds elapsed)
DetermineSGSize: MaxSubgridSize = 2000, MinSubgridEdge = 4, ncells = 49056
RebuildHierarchy[5]: Flagged 0/87 grids. 0 flagged cells
Level[2]: dt = 0.0140402  0.0140402 (0.0280921/0.0318225)
Level[3]: dt = 0.0067124  0.0067124 (0.0067124/0.0140402)
Level[4]: dt = 0.00315168  0.00315168 (0.00315168/0.0067124)
Level[5]: dt = 0.00143683  0.00143683 (0.00143683/0.00315168)
RebuildHierarchy: level = 5
TransferSubgridParticles[5]: Moved 1 particles, 0 stars, 0 active particles.
DetermineSGSize: MaxSubgridSize = 2000, MinSubgridEdge = 4, ncells = 48992
RebuildHierarchy[5]: Flagged 0/87 grids. 0 flagged cells
Level[5]: dt = 0.00143518  0.00143518 (0.00287201/0.00315168)
RebuildHierarchy: level = 5
TransferSubgridParticles[5]: Moved 1 particles, 0 stars, 0 active particles.
DetermineSGSize: MaxSubgridSize = 2000, MinSubgridEdge = 4, ncells = 48992
RebuildHierarchy[5]: Flagged 0/87 grids. 0 flagged cells
Level[5]: dt = 0.000279671  0.00143448 (0.00315168/0.00315168)
EvolveLevel[5]: NumberOfSubCycles = 3 (398 total, 3 sub)
RebuildHierarchy: level = 4
TransferSubgridParticles[4]: Moved 2 particles, 0 stars, 0 active particles.
DetermineSGSize: MaxSubgridSize = 2000, MinSubgridEdge = 4, ncells = 48992
RebuildHierarchy[4]: Flagged 87/131 grids. 4945 flagged cells
LoadBalance: Number of grids moved = 87 out of 87 (0.00218967 seconds elapsed)
DetermineSGSize: MaxSubgridSize = 2000, MinSubgridEdge = 4, ncells = 48992
RebuildHierarchy[5]: Flagged 0/87 grids. 0 flagged cells
Level[4]: dt = 0.00316044  0.00316044 (0.00631212/0.0067124)
Level[5]: dt = 0.00143444  0.00143444 (0.00143444/0.00316044)
RebuildHierarchy: level = 5
TransferSubgridParticles[5]: Moved 3 particles, 0 stars, 0 active particles.
DetermineSGSize: MaxSubgridSize = 2000, MinSubgridEdge = 4, ncells = 48664
RebuildHierarchy[5]: Flagged 0/87 grids. 0 flagged cells
Level[5]: dt = 0.00143475  0.00143475 (0.00286918/0.00316044)
RebuildHierarchy: level = 5
TransferSubgridParticles[5]: Moved 1 particles, 0 stars, 0 active particles.
DetermineSGSize: MaxSubgridSize = 2000, MinSubgridEdge = 4, ncells = 48664
RebuildHierarchy[5]: Flagged 0/87 grids. 0 flagged cells
Level[5]: dt = 0.000291253  0.00143587 (0.00316044/0.00316044)
EvolveLevel[5]: NumberOfSubCycles = 3 (401 total, 3 sub)
Level[4]: dt = 0.000400285  0.00316836 (0.0067124/0.0067124)
Level[5]: dt = 0.000400285  0.00143616 (0.000400285/0.000400285)
EvolveLevel[5]: NumberOfSubCycles = 1 (402 total, 1 sub)
EvolveLevel[4]: NumberOfSubCycles = 3 (183 total, 3 sub)
RebuildHierarchy: level = 3
TransferSubgridParticles[3]: Moved 31 particles, 0 stars, 0 active particles.
DetermineSGSize: MaxSubgridSize = 2000, MinSubgridEdge = 4, ncells = 60320
RebuildHierarchy[3]: Flagged 130/422 grids. 6376 flagged cells
LoadBalance: Number of grids moved = 134 out of 135 (5.91464e-05 seconds elapsed)
DetermineSGSize: MaxSubgridSize = 2000, MinSubgridEdge = 4, ncells = 48664
RebuildHierarchy[4]: Flagged 87/135 grids. 4949 flagged cells
LoadBalance: Number of grids moved = 87 out of 87 (0.00229991 seconds elapsed)
DetermineSGSize: MaxSubgridSize = 2000, MinSubgridEdge = 4, ncells = 48664
RebuildHierarchy[5]: Flagged 0/87 grids. 0 flagged cells
Level[3]: dt = 0.00669004  0.00669004 (0.0134024/0.0140402)
Level[4]: dt = 0.0031693  0.0031693 (0.0031693/0.00669004)
Level[5]: dt = 0.00143656  0.00143656 (0.00143656/0.0031693)
RebuildHierarchy: level = 5
TransferSubgridParticles[5]: Moved 1 particles, 0 stars, 0 active particles.
DetermineSGSize: MaxSubgridSize = 2000, MinSubgridEdge = 4, ncells = 48544
RebuildHierarchy[5]: Flagged 0/87 grids. 0 flagged cells
Level[5]: dt = 0.00143829  0.00143829 (0.00287485/0.0031693)
RebuildHierarchy: level = 5
TransferSubgridParticles[5]: Moved 5 particles, 0 stars, 0 active particles.
DetermineSGSize: MaxSubgridSize = 2000, MinSubgridEdge = 4, ncells = 48544
RebuildHierarchy[5]: Flagged 0/87 grids. 0 flagged cells
Level[5]: dt = 0.000294442  0.0014402 (0.0031693/0.0031693)
EvolveLevel[5]: NumberOfSubCycles = 3 (405 total, 3 sub)
RebuildHierarchy: level = 4
TransferSubgridParticles[4]: Moved 4 particles, 0 stars, 0 active particles.
DetermineSGSize: MaxSubgridSize = 2000, MinSubgridEdge = 4, ncells = 48544
RebuildHierarchy[4]: Flagged 87/135 grids. 4959 flagged cells
LoadBalance: Number of grids moved = 87 out of 87 (0.00214465 seconds elapsed)
DetermineSGSize: MaxSubgridSize = 2000, MinSubgridEdge = 4, ncells = 48544
RebuildHierarchy[5]: Flagged 0/87 grids. 0 flagged cells
Level[4]: dt = 0.00317363  0.00317363 (0.00634293/0.00669004)
Level[5]: dt = 0.00144059  0.00144059 (0.00144059/0.00317363)
RebuildHierarchy: level = 5
TransferSubgridParticles[5]: Moved 2 particles, 0 stars, 0 active particles.
DetermineSGSize: MaxSubgridSize = 2000, MinSubgridEdge = 4, ncells = 48592
RebuildHierarchy[5]: Flagged 0/87 grids. 0 flagged cells
Level[5]: dt = 0.00144265  0.00144265 (0.00288324/0.00317363)
RebuildHierarchy: level = 5
TransferSubgridParticles[5]: Moved 0 particles, 0 stars, 0 active particles.
DetermineSGSize: MaxSubgridSize = 2000, MinSubgridEdge = 4, ncells = 48592
RebuildHierarchy[5]: Flagged 0/87 grids. 0 flagged cells
Level[5]: dt = 0.000290391  0.00144464 (0.00317363/0.00317363)
EvolveLevel[5]: NumberOfSubCycles = 3 (408 total, 3 sub)
Level[4]: dt = 0.000347115  0.00317702 (0.00669004/0.00669004)
Level[5]: dt = 0.000347115  0.001445 (0.000347115/0.000347115)
EvolveLevel[5]: NumberOfSubCycles = 1 (409 total, 1 sub)
EvolveLevel[4]: NumberOfSubCycles = 3 (186 total, 3 sub)
Level[3]: dt = 0.000637797  0.00667296 (0.0140402/0.0140402)
Level[4]: dt = 0.000637797  0.00317746 (0.000637797/0.000637797)
Level[5]: dt = 0.000637797  0.00144541 (0.000637797/0.000637797)
EvolveLevel[5]: NumberOfSubCycles = 1 (410 total, 1 sub)
EvolveLevel[4]: NumberOfSubCycles = 1 (187 total, 1 sub)
EvolveLevel[3]: NumberOfSubCycles = 3 (86 total, 3 sub)
Level[2]: dt = 0.00373035  0.0140449 (0.0318225/0.0318225)
Level[3]: dt = 0.00373035  0.00667157 (0.00373035/0.00373035)
Level[4]: dt = 0.00317829  0.00317829 (0.00317829/0.00373035)
Level[5]: dt = 0.00144617  0.00144617 (0.00144617/0.00317829)
RebuildHierarchy: level = 5
TransferSubgridParticles[5]: Moved 3 particles, 0 stars, 0 active particles.
DetermineSGSize: MaxSubgridSize = 2000, MinSubgridEdge = 4, ncells = 48592
RebuildHierarchy[5]: Flagged 0/87 grids. 0 flagged cells
Level[5]: dt = 0.00144121  0.00144121 (0.00288739/0.00317829)
RebuildHierarchy: level = 5
TransferSubgridParticles[5]: Moved 5 particles, 0 stars, 0 active particles.
DetermineSGSize: MaxSubgridSize = 2000, MinSubgridEdge = 4, ncells = 48592
RebuildHierarchy[5]: Flagged 0/87 grids. 0 flagged cells
Level[5]: dt = 0.000290906  0.00143402 (0.00317829/0.00317829)
EvolveLevel[5]: NumberOfSubCycles = 3 (413 total, 3 sub)
RebuildHierarchy: level = 4
TransferSubgridParticles[4]: Moved 9 particles, 0 stars, 0 active particles.
DetermineSGSize: MaxSubgridSize = 2000, MinSubgridEdge = 4, ncells = 48592
RebuildHierarchy[4]: Flagged 87/135 grids. 4966 flagged cells
LoadBalance: Number of grids moved = 87 out of 87 (0.00214281 seconds elapsed)
DetermineSGSize: MaxSubgridSize = 2000, MinSubgridEdge = 4, ncells = 48592
RebuildHierarchy[5]: Flagged 0/87 grids. 0 flagged cells
Level[4]: dt = 0.000552062  0.00318341 (0.00373035/0.00373035)
Level[5]: dt = 0.000552062  0.00143268 (0.000552062/0.000552062)
EvolveLevel[5]: NumberOfSubCycles = 1 (414 total, 1 sub)
EvolveLevel[4]: NumberOfSubCycles = 2 (189 total, 2 sub)
EvolveLevel[3]: NumberOfSubCycles = 1 (87 total, 1 sub)
EvolveLevel[2]: NumberOfSubCycles = 3 (39 total, 3 sub)
Level[1]: dt = 0.00302677  0.0317746 (0.0663674/0.0663674)
Level[2]: dt = 0.00302677  0.0140476 (0.00302677/0.00302677)
Level[3]: dt = 0.00302677  0.00666453 (0.00302677/0.00302677)
Level[4]: dt = 0.00302677  0.00318441 (0.00302677/0.00302677)
Level[5]: dt = 0.00143022  0.00143022 (0.00143022/0.00302677)
RebuildHierarchy: level = 5
TransferSubgridParticles[5]: Moved 2 particles, 0 stars, 0 active particles.
DetermineSGSize: MaxSubgridSize = 2000, MinSubgridEdge = 4, ncells = 48776
RebuildHierarchy[5]: Flagged 0/87 grids. 0 flagged cells
Level[5]: dt = 0.00142467  0.00142467 (0.00285489/0.00302677)
RebuildHierarchy: level = 5
TransferSubgridParticles[5]: Moved 1 particles, 0 stars, 0 active particles.
DetermineSGSize: MaxSubgridSize = 2000, MinSubgridEdge = 4, ncells = 48776
RebuildHierarchy[5]: Flagged 0/87 grids. 0 flagged cells
Level[5]: dt = 0.000171881  0.00142006 (0.00302677/0.00302677)
EvolveLevel[5]: NumberOfSubCycles = 3 (417 total, 3 sub)
EvolveLevel[4]: NumberOfSubCycles = 1 (190 total, 1 sub)
EvolveLevel[3]: NumberOfSubCycles = 1 (88 total, 1 sub)
EvolveLevel[2]: NumberOfSubCycles = 1 (40 total, 1 sub)
EvolveLevel[1]: NumberOfSubCycles = 3 (16 total, 3 sub)
EvolveLevel[0]: NumberOfSubCycles = 1 (6 total, 6 sub)
RebuildHierarchy: level = 0
CommunicationTransferParticles: moved = 340633
CommunicationTransferStars: moved = 0
CommunicationTransferActiveParticles: moved = 0
DetermineSGSize: MaxSubgridSize = 2000, MinSubgridEdge = 4, ncells = 12562880
RebuildHierarchy[0]: Flagged 752/1120 grids. 800231 flagged cells
LoadBalance: Number of grids moved = 8857 out of 8894 (0.235875 seconds elapsed)
DetermineSGSize: MaxSubgridSize = 2000, MinSubgridEdge = 4, ncells = 1383160
RebuildHierarchy[1]: Flagged 971/8894 grids. 93922 flagged cells
LoadBalance: Number of grids moved = 1455 out of 1462 (0.00296224 seconds elapsed)
DetermineSGSize: MaxSubgridSize = 2000, MinSubgridEdge = 4, ncells = 294048
RebuildHierarchy[2]: Flagged 369/1462 grids. 23338 flagged cells
LoadBalance: Number of grids moved = 427 out of 432 (0.00255182 seconds elapsed)
DetermineSGSize: MaxSubgridSize = 2000, MinSubgridEdge = 4, ncells = 60792
RebuildHierarchy[3]: Flagged 131/432 grids. 6353 flagged cells
LoadBalance: Number of grids moved = 135 out of 136 (5.72726e-05 seconds elapsed)
DetermineSGSize: MaxSubgridSize = 2000, MinSubgridEdge = 4, ncells = 48776
RebuildHierarchy[4]: Flagged 86/136 grids. 5077 flagged cells
LoadBalance: Number of grids moved = 86 out of 86 (0.00220121 seconds elapsed)
DetermineSGSize: MaxSubgridSize = 2000, MinSubgridEdge = 4, ncells = 48776
RebuildHierarchy[5]: Flagged 0/86 grids. 0 flagged cells
CPUTime-output: Frac = 0.999992, Current = 922.862 (921.882), Stop = 2592000.000000, Last = 22.02
[YT_INFO   ] Setting YT parameters ...
[YT_INFO   ] Setting YT parameters ... done.
[YT_INFO   ] Getting pointer to particle list information ...
[YT_INFO   ] Getting pointer to particle list information  ... done.
[YT_INFO   ] Getting pointer to field list information ...
[YT_INFO   ] Getting pointer to field list information  ... done.
[YT_INFO   ] Getting pointer to local grids information ...
[YT_INFO   ] Getting pointer to local grids information  ... done.
[YT_INFO   ] Loading full hierarchy and local data to libyt ...
[YT_INFO   ] Loading full hierarchy and local data ... done.
[YT_INFO   ] Performing YT inline analysis yt_inline_func() ...
[YT_INFO   ] Performing YT inline analysis yt_inline_func() ... done.
Level[0]: dt = 0.0656471  0.0656471 (0.0656471/0.0656471)
PrepareGreens: Start = 0 0 36  Dim = 32 52 38
PrepareGreens: Start = 0 0 0  Dim = 32 52 36
Level[1]: dt = 0.0317585  0.0317585 (0.0317585/0.0656471)
Level[2]: dt = 0.0140505  0.0140505 (0.0140505/0.0317585)
Level[3]: dt = 0.00666026  0.00666026 (0.00666026/0.0140505)
Level[4]: dt = 0.00319087  0.00319087 (0.00319087/0.00666026)
Level[5]: dt = 0.00141957  0.00141957 (0.00141957/0.00319087)
RebuildHierarchy: level = 5
TransferSubgridParticles[5]: Moved 95 particles, 0 stars, 0 active particles.
DetermineSGSize: MaxSubgridSize = 2000, MinSubgridEdge = 4, ncells = 49904
RebuildHierarchy[5]: Flagged 0/86 grids. 0 flagged cells
Level[5]: dt = 0.0014163  0.0014163 (0.00283587/0.00319087)
RebuildHierarchy: level = 5
TransferSubgridParticles[5]: Moved 0 particles, 0 stars, 0 active particles.
DetermineSGSize: MaxSubgridSize = 2000, MinSubgridEdge = 4, ncells = 49904
RebuildHierarchy[5]: Flagged 0/86 grids. 0 flagged cells
Level[5]: dt = 0.000354997  0.00141399 (0.00319087/0.00319087)
EvolveLevel[5]: NumberOfSubCycles = 3 (420 total, 3 sub)
RebuildHierarchy: level = 4
TransferSubgridParticles[4]: Moved 106 particles, 0 stars, 0 active particles.
DetermineSGSize: MaxSubgridSize = 2000, MinSubgridEdge = 4, ncells = 49904
RebuildHierarchy[4]: Flagged 86/136 grids. 5065 flagged cells
LoadBalance: Number of grids moved = 86 out of 86 (0.00198242 seconds elapsed)
DetermineSGSize: MaxSubgridSize = 2000, MinSubgridEdge = 4, ncells = 49904
RebuildHierarchy[5]: Flagged 0/86 grids. 0 flagged cells
Level[4]: dt = 0.00319867  0.00319867 (0.00638954/0.00666026)
Level[5]: dt = 0.00141356  0.00141356 (0.00141356/0.00319867)
RebuildHierarchy: level = 5
TransferSubgridParticles[5]: Moved 0 particles, 0 stars, 0 active particles.
DetermineSGSize: MaxSubgridSize = 2000, MinSubgridEdge = 4, ncells = 49776
RebuildHierarchy[5]: Flagged 0/86 grids. 0 flagged cells
Level[5]: dt = 0.00141274  0.00141274 (0.00282631/0.00319867)
RebuildHierarchy: level = 5
TransferSubgridParticles[5]: Moved 0 particles, 0 stars, 0 active particles.
DetermineSGSize: MaxSubgridSize = 2000, MinSubgridEdge = 4, ncells = 49776
RebuildHierarchy[5]: Flagged 0/86 grids. 0 flagged cells
Level[5]: dt = 0.000372365  0.00141297 (0.00319867/0.00319867)
EvolveLevel[5]: NumberOfSubCycles = 3 (423 total, 3 sub)
Level[4]: dt = 0.000270721  0.00320404 (0.00666026/0.00666026)
Level[5]: dt = 0.000270721  0.00141321 (0.000270721/0.000270721)
EvolveLevel[5]: NumberOfSubCycles = 1 (424 total, 1 sub)
EvolveLevel[4]: NumberOfSubCycles = 3 (193 total, 3 sub)
RebuildHierarchy: level = 3
TransferSubgridParticles[3]: Moved 734 particles, 0 stars, 0 active particles.
DetermineSGSize: MaxSubgridSize = 2000, MinSubgridEdge = 4, ncells = 59960
RebuildHierarchy[3]: Flagged 132/432 grids. 6422 flagged cells
LoadBalance: Number of grids moved = 136 out of 137 (5.68703e-05 seconds elapsed)
DetermineSGSize: MaxSubgridSize = 2000, MinSubgridEdge = 4, ncells = 49776
RebuildHierarchy[4]: Flagged 88/137 grids. 5077 flagged cells
LoadBalance: Number of grids moved = 88 out of 88 (0.00218518 seconds elapsed)
DetermineSGSize: MaxSubgridSize = 2000, MinSubgridEdge = 4, ncells = 49776
RebuildHierarchy[5]: Flagged 0/88 grids. 0 flagged cells
Level[3]: dt = 0.00665652  0.00665652 (0.0133168/0.0140505)
Level[4]: dt = 0.00320432  0.00320432 (0.00320432/0.00665652)
Level[5]: dt = 0.00141342  0.00141342 (0.00141342/0.00320432)
RebuildHierarchy: level = 5
TransferSubgridParticles[5]: Moved 1 particles, 0 stars, 0 active particles.
DetermineSGSize: MaxSubgridSize = 2000, MinSubgridEdge = 4, ncells = 49584
RebuildHierarchy[5]: Flagged 0/88 grids. 0 flagged cells
Level[5]: dt = 0.00141525  0.00141525 (0.00282868/0.00320432)
RebuildHierarchy: level = 5
TransferSubgridParticles[5]: Moved 0 particles, 0 stars, 0 active particles.
DetermineSGSize: MaxSubgridSize = 2000, MinSubgridEdge = 4, ncells = 49584
RebuildHierarchy[5]: Flagged 0/88 grids. 0 flagged cells
Level[5]: dt = 0.000375642  0.00141406 (0.00320432/0.00320432)
EvolveLevel[5]: NumberOfSubCycles = 3 (427 total, 3 sub)
RebuildHierarchy: level = 4
TransferSubgridParticles[4]: Moved 1 particles, 0 stars, 0 active particles.
DetermineSGSize: MaxSubgridSize = 2000, MinSubgridEdge = 4, ncells = 49584
RebuildHierarchy[4]: Flagged 88/137 grids. 5042 flagged cells
LoadBalance: Number of grids moved = 88 out of 88 (0.00201002 seconds elapsed)
DetermineSGSize: MaxSubgridSize = 2000, MinSubgridEdge = 4, ncells = 49584
RebuildHierarchy[5]: Flagged 0/88 grids. 0 flagged cells
Level[4]: dt = 0.00320737  0.00320737 (0.00641169/0.00665652)
Level[5]: dt = 0.00141306  0.00141306 (0.00141306/0.00320737)
RebuildHierarchy: level = 5
TransferSubgridParticles[5]: Moved 0 particles, 0 stars, 0 active particles.
DetermineSGSize: MaxSubgridSize = 2000, MinSubgridEdge = 4, ncells = 49192
RebuildHierarchy[5]: Flagged 0/88 grids. 0 flagged cells
Level[5]: dt = 0.00140944  0.00140944 (0.0028225/0.00320737)
RebuildHierarchy: level = 5
TransferSubgridParticles[5]: Moved 0 particles, 0 stars, 0 active particles.
DetermineSGSize: MaxSubgridSize = 2000, MinSubgridEdge = 4, ncells = 49192
RebuildHierarchy[5]: Flagged 0/88 grids. 0 flagged cells
Level[5]: dt = 0.000384878  0.00140645 (0.00320737/0.00320737)
EvolveLevel[5]: NumberOfSubCycles = 3 (430 total, 3 sub)
Level[4]: dt = 0.000244825  0.00321006 (0.00665652/0.00665652)
Level[5]: dt = 0.000244825  0.00140573 (0.000244825/0.000244825)
EvolveLevel[5]: NumberOfSubCycles = 1 (431 total, 1 sub)
EvolveLevel[4]: NumberOfSubCycles = 3 (196 total, 3 sub)
Level[3]: dt = 0.000733726  0.00666159 (0.0140505/0.0140505)
Level[4]: dt = 0.000733726  0.00321025 (0.000733726/0.000733726)
Level[5]: dt = 0.000733726  0.0014053 (0.000733726/0.000733726)
EvolveLevel[5]: NumberOfSubCycles = 1 (432 total, 1 sub)
EvolveLevel[4]: NumberOfSubCycles = 1 (197 total, 1 sub)
EvolveLevel[3]: NumberOfSubCycles = 3 (91 total, 3 sub)
RebuildHierarchy: level = 2
TransferSubgridParticles[2]: Moved 8198 particles, 0 stars, 0 active particles.
DetermineSGSize: MaxSubgridSize = 2000, MinSubgridEdge = 4, ncells = 292272
RebuildHierarchy[2]: Flagged 370/1462 grids. 23625 flagged cells
LoadBalance: Number of grids moved = 425 out of 433 (0.0023617 seconds elapsed)
DetermineSGSize: MaxSubgridSize = 2000, MinSubgridEdge = 4, ncells = 60440
RebuildHierarchy[3]: Flagged 133/433 grids. 6405 flagged cells
LoadBalance: Number of grids moved = 137 out of 138 (5.81741e-05 seconds elapsed)
DetermineSGSize: MaxSubgridSize = 2000, MinSubgridEdge = 4, ncells = 49192
RebuildHierarchy[4]: Flagged 88/138 grids. 5030 flagged cells
LoadBalance: Number of grids moved = 88 out of 88 (0.0021595 seconds elapsed)
DetermineSGSize: MaxSubgridSize = 2000, MinSubgridEdge = 4, ncells = 49192
RebuildHierarchy[5]: Flagged 0/88 grids. 0 flagged cells
Level[2]: dt = 0.0140721  0.0140721 (0.0281226/0.0317585)
Level[3]: dt = 0.0066626  0.0066626 (0.0066626/0.0140721)
Level[4]: dt = 0.00321082  0.00321082 (0.00321082/0.0066626)
Level[5]: dt = 0.00140403  0.00140403 (0.00140403/0.00321082)
RebuildHierarchy: level = 5
TransferSubgridParticles[5]: Moved 2 particles, 0 stars, 0 active particles.
DetermineSGSize: MaxSubgridSize = 2000, MinSubgridEdge = 4, ncells = 48960
RebuildHierarchy[5]: Flagged 0/88 grids. 0 flagged cells
Level[5]: dt = 0.00140193  0.00140193 (0.00280595/0.00321082)
RebuildHierarchy: level = 5
TransferSubgridParticles[5]: Moved 0 particles, 0 stars, 0 active particles.
DetermineSGSize: MaxSubgridSize = 2000, MinSubgridEdge = 4, ncells = 48960
RebuildHierarchy[5]: Flagged 0/88 grids. 0 flagged cells
Level[5]: dt = 0.000404866  0.00140035 (0.00321082/0.00321082)
EvolveLevel[5]: NumberOfSubCycles = 3 (435 total, 3 sub)
RebuildHierarchy: level = 4
TransferSubgridParticles[4]: Moved 1 particles, 0 stars, 0 active particles.
DetermineSGSize: MaxSubgridSize = 2000, MinSubgridEdge = 4, ncells = 48960
RebuildHierarchy[4]: Flagged 89/138 grids. 5059 flagged cells
LoadBalance: Number of grids moved = 89 out of 89 (0.00204647 seconds elapsed)
DetermineSGSize: MaxSubgridSize = 2000, MinSubgridEdge = 4, ncells = 48960
RebuildHierarchy[5]: Flagged 0/89 grids. 0 flagged cells
Level[4]: dt = 0.0031933  0.0031933 (0.00640412/0.0066626)
Level[5]: dt = 0.00139998  0.00139998 (0.00139998/0.0031933)
RebuildHierarchy: level = 5
TransferSubgridParticles[5]: Moved 2 particles, 0 stars, 0 active particles.
DetermineSGSize: MaxSubgridSize = 2000, MinSubgridEdge = 4, ncells = 49088
RebuildHierarchy[5]: Flagged 0/89 grids. 0 flagged cells
Level[5]: dt = 0.00139894  0.00139894 (0.00279892/0.0031933)
RebuildHierarchy: level = 5
TransferSubgridParticles[5]: Moved 0 particles, 0 stars, 0 active particles.
DetermineSGSize: MaxSubgridSize = 2000, MinSubgridEdge = 4, ncells = 49088
RebuildHierarchy[5]: Flagged 0/89 grids. 0 flagged cells
Level[5]: dt = 0.000394382  0.00139837 (0.0031933/0.0031933)
EvolveLevel[5]: NumberOfSubCycles = 3 (438 total, 3 sub)
Level[4]: dt = 0.000258479  0.00316284 (0.0066626/0.0066626)
Level[5]: dt = 0.000258479  0.00139824 (0.000258479/0.000258479)
EvolveLevel[5]: NumberOfSubCycles = 1 (439 total, 1 sub)
EvolveLevel[4]: NumberOfSubCycles = 3 (200 total, 3 sub)
RebuildHierarchy: level = 3
TransferSubgridParticles[3]: Moved 22 particles, 0 stars, 0 active particles.
DetermineSGSize: MaxSubgridSize = 2000, MinSubgridEdge = 4, ncells = 60864
RebuildHierarchy[3]: Flagged 133/433 grids. 6493 flagged cells
LoadBalance: Number of grids moved = 138 out of 139 (5.83008e-05 seconds elapsed)
DetermineSGSize: MaxSubgridSize = 2000, MinSubgridEdge = 4, ncells = 49088
RebuildHierarchy[4]: Flagged 89/139 grids. 5081 flagged cells
LoadBalance: Number of grids moved = 90 out of 90 (0.00214065 seconds elapsed)
DetermineSGSize: MaxSubgridSize = 2000, MinSubgridEdge = 4, ncells = 49088
RebuildHierarchy[5]: Flagged 0/90 grids. 0 flagged cells
Level[3]: dt = 0.00667426  0.00667426 (0.0133369/0.0140721)
Level[4]: dt = 0.00316064  0.00316064 (0.00316064/0.00667426)
Level[5]: dt = 0.00139817  0.00139817 (0.00139817/0.00316064)
RebuildHierarchy: level = 5
TransferSubgridParticles[5]: Moved 2 particles, 0 stars, 0 active particles.
DetermineSGSize: MaxSubgridSize = 2000, MinSubgridEdge = 4, ncells = 49504
RebuildHierarchy[5]: Flagged 0/90 grids. 0 flagged cells
Level[5]: dt = 0.00139805  0.00139805 (0.00279622/0.00316064)
RebuildHierarchy: level = 5
TransferSubgridParticles[5]: Moved 0 particles, 0 stars, 0 active particles.
DetermineSGSize: MaxSubgridSize = 2000, MinSubgridEdge = 4, ncells = 49504
RebuildHierarchy[5]: Flagged 0/90 grids. 0 flagged cells
Level[5]: dt = 0.000364414  0.00139833 (0.00316064/0.00316064)
EvolveLevel[5]: NumberOfSubCycles = 3 (442 total, 3 sub)
RebuildHierarchy: level = 4
TransferSubgridParticles[4]: Moved 3 particles, 0 stars, 0 active particles.
DetermineSGSize: MaxSubgridSize = 2000, MinSubgridEdge = 4, ncells = 49504
RebuildHierarchy[4]: Flagged 89/139 grids. 5068 flagged cells
LoadBalance: Number of grids moved = 90 out of 90 (0.00204531 seconds elapsed)
DetermineSGSize: MaxSubgridSize = 2000, MinSubgridEdge = 4, ncells = 49504
RebuildHierarchy[5]: Flagged 0/90 grids. 0 flagged cells
Level[4]: dt = 0.00313692  0.00313692 (0.00629756/0.00667426)
Level[5]: dt = 0.00139845  0.00139845 (0.00139845/0.00313692)
RebuildHierarchy: level = 5
TransferSubgridParticles[5]: Moved 2 particles, 0 stars, 0 active particles.
DetermineSGSize: MaxSubgridSize = 2000, MinSubgridEdge = 4, ncells = 49160
RebuildHierarchy[5]: Flagged 0/90 grids. 0 flagged cells
Level[5]: dt = 0.00139926  0.00139926 (0.00279771/0.00313692)
RebuildHierarchy: level = 5
TransferSubgridParticles[5]: Moved 1 particles, 0 stars, 0 active particles.
DetermineSGSize: MaxSubgridSize = 2000, MinSubgridEdge = 4, ncells = 49160
RebuildHierarchy[5]: Flagged 0/90 grids. 0 flagged cells
Level[5]: dt = 0.00033921  0.00140037 (0.00313692/0.00313692)
EvolveLevel[5]: NumberOfSubCycles = 3 (445 total, 3 sub)
Level[4]: dt = 0.000376708  0.00311886 (0.00667426/0.00667426)
Level[5]: dt = 0.000376708  0.00140068 (0.000376708/0.000376708)
EvolveLevel[5]: NumberOfSubCycles = 1 (446 total, 1 sub)
EvolveLevel[4]: NumberOfSubCycles = 3 (203 total, 3 sub)
Level[3]: dt = 0.000735246  0.00668862 (0.0140721/0.0140721)
Level[4]: dt = 0.000735246  0.00311706 (0.000735246/0.000735246)
Level[5]: dt = 0.000735246  0.00140106 (0.000735246/0.000735246)
EvolveLevel[5]: NumberOfSubCycles = 1 (447 total, 1 sub)
EvolveLevel[4]: NumberOfSubCycles = 1 (204 total, 1 sub)
EvolveLevel[3]: NumberOfSubCycles = 3 (94 total, 3 sub)
Level[2]: dt = 0.00363588  0.014101 (0.0317585/0.0317585)
Level[3]: dt = 0.00363588  0.00669027 (0.00363588/0.00363588)
Level[4]: dt = 0.00311367  0.00311367 (0.00311367/0.00363588)
Level[5]: dt = 0.00140192  0.00140192 (0.00140192/0.00311367)
RebuildHierarchy: level = 5
TransferSubgridParticles[5]: Moved 1 particles, 0 stars, 0 active particles.
DetermineSGSize: MaxSubgridSize = 2000, MinSubgridEdge = 4, ncells = 49160
RebuildHierarchy[5]: Flagged 0/90 grids. 0 flagged cells
Level[5]: dt = 0.00140396  0.00140396 (0.00280588/0.00311367)
RebuildHierarchy: level = 5
TransferSubgridParticles[5]: Moved 2 particles, 0 stars, 0 active particles.
DetermineSGSize: MaxSubgridSize = 2000, MinSubgridEdge = 4, ncells = 49160
RebuildHierarchy[5]: Flagged 0/90 grids. 0 flagged cells
Level[5]: dt = 0.000307793  0.00140669 (0.00311367/0.00311367)
EvolveLevel[5]: NumberOfSubCycles = 3 (450 total, 3 sub)
RebuildHierarchy: level = 4
TransferSubgridParticles[4]: Moved 8 particles, 0 stars, 0 active particles.
DetermineSGSize: MaxSubgridSize = 2000, MinSubgridEdge = 4, ncells = 49160
RebuildHierarchy[4]: Flagged 88/139 grids. 5075 flagged cells
LoadBalance: Number of grids moved = 89 out of 89 (0.00204054 seconds elapsed)
DetermineSGSize: MaxSubgridSize = 2000, MinSubgridEdge = 4, ncells = 49160
RebuildHierarchy[5]: Flagged 0/89 grids. 0 flagged cells
Level[4]: dt = 0.000522207  0.00310013 (0.00363588/0.00363588)
Level[5]: dt = 0.000522207  0.00140739 (0.000522207/0.000522207)
EvolveLevel[5]: NumberOfSubCycles = 1 (451 total, 1 sub)
EvolveLevel[4]: NumberOfSubCycles = 2 (206 total, 2 sub)
EvolveLevel[3]: NumberOfSubCycles = 1 (95 total, 1 sub)
EvolveLevel[2]: NumberOfSubCycles = 3 (43 total, 3 sub)
RebuildHierarchy: level = 1
TransferSubgridParticles[1]: Moved 99627 particles, 0 stars, 0 active particles.
DetermineSGSize: MaxSubgridSize = 2000, MinSubgridEdge = 4, ncells = 1379144
RebuildHierarchy[1]: Flagged 975/8894 grids. 95129 flagged cells
LoadBalance: Number of grids moved = 1452 out of 1459 (0.00204428 seconds elapsed)
DetermineSGSize: MaxSubgridSize = 2000, MinSubgridEdge = 4, ncells = 294216
RebuildHierarchy[2]: Flagged 369/1459 grids. 23841 flagged cells
LoadBalance: Number of grids moved = 426 out of 434 (0.00256226 seconds elapsed)
DetermineSGSize: MaxSubgridSize = 2000, MinSubgridEdge = 4, ncells = 61616
RebuildHierarchy[3]: Flagged 132/434 grids. 6386 flagged cells
LoadBalance: Number of grids moved = 137 out of 138 (6.00442e-05 seconds elapsed)
DetermineSGSize: MaxSubgridSize = 2000, MinSubgridEdge = 4, ncells = 49152
RebuildHierarchy[4]: Flagged 89/138 grids. 5051 flagged cells
LoadBalance: Number of grids moved = 90 out of 90 (0.00217827 seconds elapsed)
DetermineSGSize: MaxSubgridSize = 2000, MinSubgridEdge = 4, ncells = 49152
RebuildHierarchy[5]: Flagged 0/90 grids. 0 flagged cells
Level[1]: dt = 0.0317344  0.0317344 (0.0634929/0.0656471)
Level[2]: dt = 0.0141082  0.0141082 (0.0141082/0.0317344)
Level[3]: dt = 0.00669849  0.00669849 (0.00669849/0.0141082)
Level[4]: dt = 0.00309807  0.00309807 (0.00309807/0.00669849)
Level[5]: dt = 0.00140866  0.00140866 (0.00140866/0.00309807)
RebuildHierarchy: level = 5
TransferSubgridParticles[5]: Moved 3 particles, 0 stars, 0 active particles.
DetermineSGSize: MaxSubgridSize = 2000, MinSubgridEdge = 4, ncells = 48792
RebuildHierarchy[5]: Flagged 0/90 grids. 0 flagged cells
Level[5]: dt = 0.00141246  0.00141246 (0.00282113/0.00309807)
RebuildHierarchy: level = 5
TransferSubgridParticles[5]: Moved 0 particles, 0 stars, 0 active particles.
DetermineSGSize: MaxSubgridSize = 2000, MinSubgridEdge = 4, ncells = 48792
RebuildHierarchy[5]: Flagged 0/90 grids. 0 flagged cells
Level[5]: dt = 0.000276944  0.00141679 (0.00309807/0.00309807)
EvolveLevel[5]: NumberOfSubCycles = 3 (454 total, 3 sub)
RebuildHierarchy: level = 4
TransferSubgridParticles[4]: Moved 5 particles, 0 stars, 0 active particles.
DetermineSGSize: MaxSubgridSize = 2000, MinSubgridEdge = 4, ncells = 48792
RebuildHierarchy[4]: Flagged 90/138 grids. 5059 flagged cells
LoadBalance: Number of grids moved = 91 out of 91 (0.00182826 seconds elapsed)
DetermineSGSize: MaxSubgridSize = 2000, MinSubgridEdge = 4, ncells = 48792
RebuildHierarchy[5]: Flagged 0/91 grids. 0 flagged cells
Level[4]: dt = 0.00308631  0.00308631 (0.00618438/0.00669849)
Level[5]: dt = 0.00141772  0.00141772 (0.00141772/0.00308631)
RebuildHierarchy: level = 5
TransferSubgridParticles[5]: Moved 1 particles, 0 stars, 0 active particles.
DetermineSGSize: MaxSubgridSize = 2000, MinSubgridEdge = 4, ncells = 49136
RebuildHierarchy[5]: Flagged 0/91 grids. 0 flagged cells
Level[5]: dt = 0.00142268  0.00142268 (0.0028404/0.00308631)
RebuildHierarchy: level = 5
TransferSubgridParticles[5]: Moved 0 particles, 0 stars, 0 active particles.
DetermineSGSize: MaxSubgridSize = 2000, MinSubgridEdge = 4, ncells = 49136
RebuildHierarchy[5]: Flagged 0/91 grids. 0 flagged cells
Level[5]: dt = 0.000245914  0.00142766 (0.00308631/0.00308631)
EvolveLevel[5]: NumberOfSubCycles = 3 (457 total, 3 sub)
Level[4]: dt = 0.000514111  0.00307436 (0.00669849/0.00669849)
Level[5]: dt = 0.000514111  0.00142854 (0.000514111/0.000514111)
EvolveLevel[5]: NumberOfSubCycles = 1 (458 total, 1 sub)
EvolveLevel[4]: NumberOfSubCycles = 3 (209 total, 3 sub)
RebuildHierarchy: level = 3
TransferSubgridParticles[3]: Moved 32 particles, 0 stars, 0 active particles.
DetermineSGSize: MaxSubgridSize = 2000, MinSubgridEdge = 4, ncells = 60144
RebuildHierarchy[3]: Flagged 132/434 grids. 6370 flagged cells
LoadBalance: Number of grids moved = 137 out of 138 (5.81257e-05 seconds elapsed)
DetermineSGSize: MaxSubgridSize = 2000, MinSubgridEdge = 4, ncells = 49136
RebuildHierarchy[4]: Flagged 90/138 grids. 5088 flagged cells
LoadBalance: Number of grids moved = 91 out of 91 (0.00206546 seconds elapsed)
DetermineSGSize: MaxSubgridSize = 2000, MinSubgridEdge = 4, ncells = 49136
RebuildHierarchy[5]: Flagged 0/91 grids. 0 flagged cells
Level[3]: dt = 0.00671371  0.00671371 (0.0134122/0.0141082)
Level[4]: dt = 0.00307246  0.00307246 (0.00307246/0.00671371)
Level[5]: dt = 0.00143033  0.00143033 (0.00143033/0.00307246)
RebuildHierarchy: level = 5
TransferSubgridParticles[5]: Moved 1 particles, 0 stars, 0 active particles.
DetermineSGSize: MaxSubgridSize = 2000, MinSubgridEdge = 4, ncells = 49864
RebuildHierarchy[5]: Flagged 0/91 grids. 0 flagged cells
Level[5]: dt = 0.00143511  0.00143511 (0.00286544/0.00307246)
RebuildHierarchy: level = 5
TransferSubgridParticles[5]: Moved 1 particles, 0 stars, 0 active particles.
DetermineSGSize: MaxSubgridSize = 2000, MinSubgridEdge = 4, ncells = 49864
RebuildHierarchy[5]: Flagged 0/91 grids. 0 flagged cells
Level[5]: dt = 0.000207017  0.00143824 (0.00307246/0.00307246)
EvolveLevel[5]: NumberOfSubCycles = 3 (461 total, 3 sub)
RebuildHierarchy: level = 4
TransferSubgridParticles[4]: Moved 1 particles, 0 stars, 0 active particles.
DetermineSGSize: MaxSubgridSize = 2000, MinSubgridEdge = 4, ncells = 49864
RebuildHierarchy[4]: Flagged 91/138 grids. 5123 flagged cells
LoadBalance: Number of grids moved = 92 out of 92 (0.00192172 seconds elapsed)
DetermineSGSize: MaxSubgridSize = 2000, MinSubgridEdge = 4, ncells = 49864
RebuildHierarchy[5]: Flagged 0/92 grids. 0 flagged cells
Level[4]: dt = 0.00306099  0.00306099 (0.00613345/0.00671371)
Level[5]: dt = 0.00143858  0.00143858 (0.00143858/0.00306099)
RebuildHierarchy: level = 5
TransferSubgridParticles[5]: Moved 2 particles, 0 stars, 0 active particles.
DetermineSGSize: MaxSubgridSize = 2000, MinSubgridEdge = 4, ncells = 49824
RebuildHierarchy[5]: Flagged 0/92 grids. 0 flagged cells
Level[5]: dt = 0.00144153  0.00144153 (0.00288011/0.00306099)
RebuildHierarchy: level = 5
TransferSubgridParticles[5]: Moved 0 particles, 0 stars, 0 active particles.
DetermineSGSize: MaxSubgridSize = 2000, MinSubgridEdge = 4, ncells = 49824
RebuildHierarchy[5]: Flagged 0/92 grids. 0 flagged cells
Level[5]: dt = 0.000180881  0.00144495 (0.00306099/0.00306099)
EvolveLevel[5]: NumberOfSubCycles = 3 (464 total, 3 sub)
Level[4]: dt = 0.000580254  0.00305086 (0.00671371/0.00671371)
Level[5]: dt = 0.000580254  0.0014454 (0.000580254/0.000580254)
EvolveLevel[5]: NumberOfSubCycles = 1 (465 total, 1 sub)
EvolveLevel[4]: NumberOfSubCycles = 3 (212 total, 3 sub)
Level[3]: dt = 0.000696049  0.00672918 (0.0141082/0.0141082)
Level[4]: dt = 0.000696049  0.00304923 (0.000696049/0.000696049)
Level[5]: dt = 0.000696049  0.00144686 (0.000696049/0.000696049)
EvolveLevel[5]: NumberOfSubCycles = 1 (466 total, 1 sub)
EvolveLevel[4]: NumberOfSubCycles = 1 (213 total, 1 sub)
EvolveLevel[3]: NumberOfSubCycles = 3 (98 total, 3 sub)
RebuildHierarchy: level = 2
TransferSubgridParticles[2]: Moved 232 particles, 0 stars, 0 active particles.
DetermineSGSize: MaxSubgridSize = 2000, MinSubgridEdge = 4, ncells = 298000
RebuildHierarchy[2]: Flagged 372/1459 grids. 23994 flagged cells
LoadBalance: Number of grids moved = 426 out of 436 (0.00250788 seconds elapsed)
DetermineSGSize: MaxSubgridSize = 2000, MinSubgridEdge = 4, ncells = 59752
RebuildHierarchy[3]: Flagged 131/436 grids. 6326 flagged cells
LoadBalance: Number of grids moved = 135 out of 136 (5.73657e-05 seconds elapsed)
DetermineSGSize: MaxSubgridSize = 2000, MinSubgridEdge = 4, ncells = 49824
RebuildHierarchy[4]: Flagged 90/136 grids. 5146 flagged cells
LoadBalance: Number of grids moved = 91 out of 91 (0.00229152 seconds elapsed)
DetermineSGSize: MaxSubgridSize = 2000, MinSubgridEdge = 4, ncells = 49824
RebuildHierarchy[5]: Flagged 0/91 grids. 0 flagged cells
Level[2]: dt = 0.0141334  0.0141334 (0.0282416/0.0317344)
Level[3]: dt = 0.00673078  0.00673078 (0.00673078/0.0141334)
Level[4]: dt = 0.00304692  0.00304692 (0.00304692/0.00673078)
Level[5]: dt = 0.00144872  0.00144872 (0.00144872/0.00304692)
RebuildHierarchy: level = 5
TransferSubgridParticles[5]: Moved 3 particles, 0 stars, 0 active particles.
DetermineSGSize: MaxSubgridSize = 2000, MinSubgridEdge = 4, ncells = 50312
RebuildHierarchy[5]: Flagged 0/91 grids. 0 flagged cells
Level[5]: dt = 0.00145291  0.00145291 (0.00290163/0.00304692)
RebuildHierarchy: level = 5
TransferSubgridParticles[5]: Moved 0 particles, 0 stars, 0 active particles.
DetermineSGSize: MaxSubgridSize = 2000, MinSubgridEdge = 4, ncells = 50312
RebuildHierarchy[5]: Flagged 0/91 grids. 0 flagged cells
Level[5]: dt = 0.000145283  0.00145743 (0.00304692/0.00304692)
EvolveLevel[5]: NumberOfSubCycles = 3 (469 total, 3 sub)
RebuildHierarchy: level = 4
TransferSubgridParticles[4]: Moved 2 particles, 0 stars, 0 active particles.
DetermineSGSize: MaxSubgridSize = 2000, MinSubgridEdge = 4, ncells = 50312
RebuildHierarchy[4]: Flagged 89/136 grids. 5097 flagged cells
LoadBalance: Number of grids moved = 90 out of 90 (0.00191032 seconds elapsed)
DetermineSGSize: MaxSubgridSize = 2000, MinSubgridEdge = 4, ncells = 50312
RebuildHierarchy[5]: Flagged 0/90 grids. 0 flagged cells
Level[4]: dt = 0.00303904  0.00303904 (0.00608596/0.00673078)
Level[5]: dt = 0.00145787  0.00145787 (0.00145787/0.00303904)
RebuildHierarchy: level = 5
TransferSubgridParticles[5]: Moved 2 particles, 0 stars, 0 active particles.
DetermineSGSize: MaxSubgridSize = 2000, MinSubgridEdge = 4, ncells = 49648
RebuildHierarchy[5]: Flagged 0/90 grids. 0 flagged cells
Level[5]: dt = 0.00146017  0.00146017 (0.00291805/0.00303904)
RebuildHierarchy: level = 5
TransferSubgridParticles[5]: Moved 0 particles, 0 stars, 0 active particles.
DetermineSGSize: MaxSubgridSize = 2000, MinSubgridEdge = 4, ncells = 49648
RebuildHierarchy[5]: Flagged 0/90 grids. 0 flagged cells
Level[5]: dt = 0.000120999  0.00146242 (0.00303904/0.00303904)
EvolveLevel[5]: NumberOfSubCycles = 3 (472 total, 3 sub)
Level[4]: dt = 0.000644816  0.0030319 (0.00673078/0.00673078)
Level[5]: dt = 0.000644816  0.00146258 (0.000644816/0.000644816)
EvolveLevel[5]: NumberOfSubCycles = 1 (473 total, 1 sub)
EvolveLevel[4]: NumberOfSubCycles = 3 (216 total, 3 sub)
RebuildHierarchy: level = 3
TransferSubgridParticles[3]: Moved 30 particles, 0 stars, 0 active particles.
DetermineSGSize: MaxSubgridSize = 2000, MinSubgridEdge = 4, ncells = 59592
RebuildHierarchy[3]: Flagged 133/436 grids. 6461 flagged cells
LoadBalance: Number of grids moved = 137 out of 138 (6.01821e-05 seconds elapsed)
DetermineSGSize: MaxSubgridSize = 2000, MinSubgridEdge = 4, ncells = 49648
RebuildHierarchy[4]: Flagged 90/138 grids. 5158 flagged cells
LoadBalance: Number of grids moved = 91 out of 91 (0.00193287 seconds elapsed)
DetermineSGSize: MaxSubgridSize = 2000, MinSubgridEdge = 4, ncells = 49648
RebuildHierarchy[5]: Flagged 0/91 grids. 0 flagged cells
Level[3]: dt = 0.00674567  0.00674567 (0.0134764/0.0141334)
Level[4]: dt = 0.00303046  0.00303046 (0.00303046/0.00674567)
Level[5]: dt = 0.00146342  0.00146342 (0.00146342/0.00303046)
RebuildHierarchy: level = 5
TransferSubgridParticles[5]: Moved 1 particles, 0 stars, 0 active particles.
DetermineSGSize: MaxSubgridSize = 2000, MinSubgridEdge = 4, ncells = 50360
RebuildHierarchy[5]: Flagged 0/91 grids. 0 flagged cells
Level[5]: dt = 0.00146538  0.00146538 (0.0029288/0.00303046)
RebuildHierarchy: level = 5
TransferSubgridParticles[5]: Moved 1 particles, 0 stars, 0 active particles.
DetermineSGSize: MaxSubgridSize = 2000, MinSubgridEdge = 4, ncells = 50360
RebuildHierarchy[5]: Flagged 0/91 grids. 0 flagged cells
Level[5]: dt = 0.00010166  0.0014672 (0.00303046/0.00303046)
EvolveLevel[5]: NumberOfSubCycles = 3 (476 total, 3 sub)
RebuildHierarchy: level = 4
TransferSubgridParticles[4]: Moved 3 particles, 0 stars, 0 active particles.
DetermineSGSize: MaxSubgridSize = 2000, MinSubgridEdge = 4, ncells = 50360
RebuildHierarchy[4]: Flagged 90/138 grids. 5146 flagged cells
LoadBalance: Number of grids moved = 91 out of 91 (0.0020441 seconds elapsed)
DetermineSGSize: MaxSubgridSize = 2000, MinSubgridEdge = 4, ncells = 50360
RebuildHierarchy[5]: Flagged 0/91 grids. 0 flagged cells
Level[4]: dt = 0.00302404  0.00302404 (0.0060545/0.00674567)
Level[5]: dt = 0.00146732  0.00146732 (0.00146732/0.00302404)
RebuildHierarchy: level = 5
TransferSubgridParticles[5]: Moved 2 particles, 0 stars, 0 active particles.
DetermineSGSize: MaxSubgridSize = 2000, MinSubgridEdge = 4, ncells = 50040
RebuildHierarchy[5]: Flagged 0/91 grids. 0 flagged cells
Level[5]: dt = 0.00146907  0.00146907 (0.00293639/0.00302404)
RebuildHierarchy: level = 5
TransferSubgridParticles[5]: Moved 0 particles, 0 stars, 0 active particles.
DetermineSGSize: MaxSubgridSize = 2000, MinSubgridEdge = 4, ncells = 50040
RebuildHierarchy[5]: Flagged 0/91 grids. 0 flagged cells
Level[5]: dt = 8.76496e-05  0.00147084 (0.00302404/0.00302404)
EvolveLevel[5]: NumberOfSubCycles = 3 (479 total, 3 sub)
Level[4]: dt = 0.000691174  0.00301877 (0.00674567/0.00674567)
Level[5]: dt = 0.000691174  0.00147095 (0.000691174/0.000691174)
EvolveLevel[5]: NumberOfSubCycles = 1 (480 total, 1 sub)
EvolveLevel[4]: NumberOfSubCycles = 3 (219 total, 3 sub)
Level[3]: dt = 0.000656928  0.00675405 (0.0141334/0.0141334)
Level[4]: dt = 0.000656928  0.0030178 (0.000656928/0.000656928)
Level[5]: dt = 0.000656928  0.00147177 (0.000656928/0.000656928)
EvolveLevel[5]: NumberOfSubCycles = 1 (481 total, 1 sub)
EvolveLevel[4]: NumberOfSubCycles = 1 (220 total, 1 sub)
EvolveLevel[3]: NumberOfSubCycles = 3 (101 total, 3 sub)
Level[2]: dt = 0.0034928  0.0141518 (0.0317344/0.0317344)
Level[3]: dt = 0.0034928  0.00675497 (0.0034928/0.0034928)
Level[4]: dt = 0.00301697  0.00301697 (0.00301697/0.0034928)
Level[5]: dt = 0.00147256  0.00147256 (0.00147256/0.00301697)
RebuildHierarchy: level = 5
TransferSubgridParticles[5]: Moved 1 particles, 0 stars, 0 active particles.
DetermineSGSize: MaxSubgridSize = 2000, MinSubgridEdge = 4, ncells = 50040
RebuildHierarchy[5]: Flagged 0/91 grids. 0 flagged cells
Level[5]: dt = 0.00154441  0.00147449 (0.00301697/0.00301697)
EvolveLevel[5]: NumberOfSubCycles = 2 (483 total, 2 sub)
RebuildHierarchy: level = 4
TransferSubgridParticles[4]: Moved 8 particles, 0 stars, 0 active particles.
DetermineSGSize: MaxSubgridSize = 2000, MinSubgridEdge = 4, ncells = 50040
RebuildHierarchy[4]: Flagged 89/138 grids. 5143 flagged cells
LoadBalance: Number of grids moved = 90 out of 90 (0.00262782 seconds elapsed)
DetermineSGSize: MaxSubgridSize = 2000, MinSubgridEdge = 4, ncells = 50040
RebuildHierarchy[5]: Flagged 0/90 grids. 0 flagged cells
Level[4]: dt = 0.000475829  0.00301337 (0.0034928/0.0034928)
Level[5]: dt = 0.000475829  0.00147675 (0.000475829/0.000475829)
EvolveLevel[5]: NumberOfSubCycles = 1 (484 total, 1 sub)
EvolveLevel[4]: NumberOfSubCycles = 2 (222 total, 2 sub)
EvolveLevel[3]: NumberOfSubCycles = 1 (102 total, 1 sub)
EvolveLevel[2]: NumberOfSubCycles = 3 (46 total, 3 sub)
Level[1]: dt = 0.00215424  0.031771 (0.0656471/0.0656471)
Level[2]: dt = 0.00215424  0.0141558 (0.00215424/0.00215424)
Level[3]: dt = 0.00215424  0.00676003 (0.00215424/0.00215424)
Level[4]: dt = 0.00215424  0.00301302 (0.00215424/0.00215424)
Level[5]: dt = 0.00147744  0.00147744 (0.00147744/0.00215424)
RebuildHierarchy: level = 5
TransferSubgridParticles[5]: Moved 1 particles, 0 stars, 0 active particles.
DetermineSGSize: MaxSubgridSize = 2000, MinSubgridEdge = 4, ncells = 50176
RebuildHierarchy[5]: Flagged 0/90 grids. 0 flagged cells
Level[5]: dt = 0.000676799  0.00147889 (0.00215424/0.00215424)
EvolveLevel[5]: NumberOfSubCycles = 2 (486 total, 2 sub)
EvolveLevel[4]: NumberOfSubCycles = 1 (223 total, 1 sub)
EvolveLevel[3]: NumberOfSubCycles = 1 (103 total, 1 sub)
EvolveLevel[2]: NumberOfSubCycles = 1 (47 total, 1 sub)
EvolveLevel[1]: NumberOfSubCycles = 3 (19 total, 3 sub)
EvolveLevel[0]: NumberOfSubCycles = 1 (7 total, 7 sub)
CPUTime-output: Frac = 0.999991, Current = 944.932 (944.932), Stop = 2592000.000000, Last = 23.0499
[YT_INFO   ] Setting YT parameters ...
[YT_INFO   ] Setting YT parameters ... done.
[YT_INFO   ] Getting pointer to particle list information ...
[YT_INFO   ] Getting pointer to particle list information  ... done.
[YT_INFO   ] Getting pointer to field list information ...
[YT_INFO   ] Getting pointer to field list information  ... done.
[YT_INFO   ] Getting pointer to local grids information ...
[YT_INFO   ] Getting pointer to local grids information  ... done.
[YT_INFO   ] Loading full hierarchy and local data to libyt ...
[YT_INFO   ] Loading full hierarchy and local data ... done.
[YT_INFO   ] Performing YT inline analysis yt_inline_func() ...
[YT_INFO   ] Performing YT inline analysis yt_inline_func() ... done.
Level[0]: dt = 0.0657396  0.0657396 (0.0657396/0.0657396)
Level[1]: dt = 0.0317733  0.0317733 (0.0317733/0.0657396)
Level[2]: dt = 0.0141582  0.0141582 (0.0141582/0.0317733)
Level[3]: dt = 0.00676339  0.00676339 (0.00676339/0.0141582)
Level[4]: dt = 0.00301145  0.00301145 (0.00301145/0.00676339)
Level[5]: dt = 0.00147775  0.00147775 (0.00147775/0.00301145)
RebuildHierarchy: level = 5
TransferSubgridParticles[5]: Moved 1 particles, 0 stars, 0 active particles.
DetermineSGSize: MaxSubgridSize = 2000, MinSubgridEdge = 4, ncells = 50176
RebuildHierarchy[5]: Flagged 0/90 grids. 0 flagged cells
Level[5]: dt = 0.0015337  0.00147522 (0.00301145/0.00301145)
EvolveLevel[5]: NumberOfSubCycles = 2 (488 total, 2 sub)
RebuildHierarchy: level = 4
TransferSubgridParticles[4]: Moved 8 particles, 0 stars, 0 active particles.
DetermineSGSize: MaxSubgridSize = 2000, MinSubgridEdge = 4, ncells = 50176
RebuildHierarchy[4]: Flagged 90/138 grids. 5165 flagged cells
LoadBalance: Number of grids moved = 91 out of 91 (0.00217192 seconds elapsed)
DetermineSGSize: MaxSubgridSize = 2000, MinSubgridEdge = 4, ncells = 50176
RebuildHierarchy[5]: Flagged 0/91 grids. 0 flagged cells
Level[4]: dt = 0.00301044  0.00301044 (0.00602189/0.00676339)
Level[5]: dt = 0.00147298  0.00147298 (0.00147298/0.00301044)
RebuildHierarchy: level = 5
TransferSubgridParticles[5]: Moved 2 particles, 0 stars, 0 active particles.
DetermineSGSize: MaxSubgridSize = 2000, MinSubgridEdge = 4, ncells = 50488
RebuildHierarchy[5]: Flagged 0/91 grids. 0 flagged cells
Level[5]: dt = 0.00153746  0.00147046 (0.00301044/0.00301044)
EvolveLevel[5]: NumberOfSubCycles = 2 (490 total, 2 sub)
Level[4]: dt = 0.0007415  0.00301112 (0.00676339/0.00676339)
Level[5]: dt = 0.0007415  0.00146768 (0.0007415/0.0007415)
EvolveLevel[5]: NumberOfSubCycles = 1 (491 total, 1 sub)
EvolveLevel[4]: NumberOfSubCycles = 3 (226 total, 3 sub)
RebuildHierarchy: level = 3
TransferSubgridParticles[3]: Moved 97 particles, 0 stars, 0 active particles.
DetermineSGSize: MaxSubgridSize = 2000, MinSubgridEdge = 4, ncells = 60896
RebuildHierarchy[3]: Flagged 135/436 grids. 6510 flagged cells
LoadBalance: Number of grids moved = 139 out of 140 (6.00964e-05 seconds elapsed)
DetermineSGSize: MaxSubgridSize = 2000, MinSubgridEdge = 4, ncells = 50488
RebuildHierarchy[4]: Flagged 90/140 grids. 5203 flagged cells
LoadBalance: Number of grids moved = 91 out of 91 (0.00226731 seconds elapsed)
DetermineSGSize: MaxSubgridSize = 2000, MinSubgridEdge = 4, ncells = 50488
RebuildHierarchy[5]: Flagged 0/91 grids. 0 flagged cells
Level[3]: dt = 0.00677452  0.00677452 (0.0135379/0.0141582)
Level[4]: dt = 0.00301162  0.00301162 (0.00301162/0.00677452)
Level[5]: dt = 0.00146622  0.00146622 (0.00146622/0.00301162)
RebuildHierarchy: level = 5
TransferSubgridParticles[5]: Moved 0 particles, 0 stars, 0 active particles.
DetermineSGSize: MaxSubgridSize = 2000, MinSubgridEdge = 4, ncells = 51048
RebuildHierarchy[5]: Flagged 0/91 grids. 0 flagged cells
Level[5]: dt = 0.00146324  0.00146324 (0.00292947/0.00301162)
RebuildHierarchy: level = 5
TransferSubgridParticles[5]: Moved 0 particles, 0 stars, 0 active particles.
DetermineSGSize: MaxSubgridSize = 2000, MinSubgridEdge = 4, ncells = 51048
RebuildHierarchy[5]: Flagged 0/91 grids. 0 flagged cells
Level[5]: dt = 8.21577e-05  0.00146053 (0.00301162/0.00301162)
EvolveLevel[5]: NumberOfSubCycles = 3 (494 total, 3 sub)
RebuildHierarchy: level = 4
TransferSubgridParticles[4]: Moved 2 particles, 0 stars, 0 active particles.
DetermineSGSize: MaxSubgridSize = 2000, MinSubgridEdge = 4, ncells = 51048
RebuildHierarchy[4]: Flagged 90/140 grids. 5239 flagged cells
LoadBalance: Number of grids moved = 91 out of 91 (0.00212108 seconds elapsed)
DetermineSGSize: MaxSubgridSize = 2000, MinSubgridEdge = 4, ncells = 51048
RebuildHierarchy[5]: Flagged 0/91 grids. 0 flagged cells
Level[4]: dt = 0.00301504  0.00301504 (0.00602667/0.00677452)
Level[5]: dt = 0.00146038  0.00146038 (0.00146038/0.00301504)
RebuildHierarchy: level = 5
TransferSubgridParticles[5]: Moved 0 particles, 0 stars, 0 active particles.
DetermineSGSize: MaxSubgridSize = 2000, MinSubgridEdge = 4, ncells = 51432
RebuildHierarchy[5]: Flagged 0/91 grids. 0 flagged cells
Level[5]: dt = 0.0014575  0.0014575 (0.00291788/0.00301504)
RebuildHierarchy: level = 5
TransferSubgridParticles[5]: Moved 1 particles, 0 stars, 0 active particles.
DetermineSGSize: MaxSubgridSize = 2000, MinSubgridEdge = 4, ncells = 51432
RebuildHierarchy[5]: Flagged 0/91 grids. 0 flagged cells
Level[5]: dt = 9.71601e-05  0.00145497 (0.00301504/0.00301504)
EvolveLevel[5]: NumberOfSubCycles = 3 (497 total, 3 sub)
Level[4]: dt = 0.000747848  0.0030213 (0.00677452/0.00677452)
Level[5]: dt = 0.000747848  0.00145481 (0.000747848/0.000747848)
EvolveLevel[5]: NumberOfSubCycles = 1 (498 total, 1 sub)
EvolveLevel[4]: NumberOfSubCycles = 3 (229 total, 3 sub)
Level[3]: dt = 0.000620315  0.00678604 (0.0141582/0.0141582)
Level[4]: dt = 0.000620315  0.00302332 (0.000620315/0.000620315)
Level[5]: dt = 0.000620315  0.00145357 (0.000620315/0.000620315)
EvolveLevel[5]: NumberOfSubCycles = 1 (499 total, 1 sub)
EvolveLevel[4]: NumberOfSubCycles = 1 (230 total, 1 sub)
EvolveLevel[3]: NumberOfSubCycles = 3 (106 total, 3 sub)
RebuildHierarchy: level = 2
TransferSubgridParticles[2]: Moved 520 particles, 0 stars, 0 active particles.
DetermineSGSize: MaxSubgridSize = 2000, MinSubgridEdge = 4, ncells = 301312
RebuildHierarchy[2]: Flagged 375/1459 grids. 24343 flagged cells
LoadBalance: Number of grids moved = 435 out of 442 (0.00285774 seconds elapsed)
DetermineSGSize: MaxSubgridSize = 2000, MinSubgridEdge = 4, ncells = 61128
RebuildHierarchy[3]: Flagged 135/442 grids. 6532 flagged cells
LoadBalance: Number of grids moved = 139 out of 140 (6.09048e-05 seconds elapsed)
DetermineSGSize: MaxSubgridSize = 2000, MinSubgridEdge = 4, ncells = 51432
RebuildHierarchy[4]: Flagged 91/140 grids. 5248 flagged cells
LoadBalance: Number of grids moved = 92 out of 92 (0.00224302 seconds elapsed)
DetermineSGSize: MaxSubgridSize = 2000, MinSubgridEdge = 4, ncells = 51432
RebuildHierarchy[5]: Flagged 0/92 grids. 0 flagged cells
Level[2]: dt = 0.0141736  0.0141736 (0.0283318/0.0317733)
Level[3]: dt = 0.00678711  0.00678711 (0.00678711/0.0141736)
Level[4]: dt = 0.00302509  0.00302509 (0.00302509/0.00678711)
Level[5]: dt = 0.0014526  0.0014526 (0.0014526/0.00302509)
RebuildHierarchy: level = 5
TransferSubgridParticles[5]: Moved 0 particles, 0 stars, 0 active particles.
DetermineSGSize: MaxSubgridSize = 2000, MinSubgridEdge = 4, ncells = 51376
RebuildHierarchy[5]: Flagged 0/92 grids. 0 flagged cells
Level[5]: dt = 0.00145042  0.00145042 (0.00290302/0.00302509)
RebuildHierarchy: level = 5
TransferSubgridParticles[5]: Moved 0 particles, 0 stars, 0 active particles.
DetermineSGSize: MaxSubgridSize = 2000, MinSubgridEdge = 4, ncells = 51376
RebuildHierarchy[5]: Flagged 0/92 grids. 0 flagged cells
Level[5]: dt = 0.000122072  0.00144851 (0.00302509/0.00302509)
EvolveLevel[5]: NumberOfSubCycles = 3 (502 total, 3 sub)
RebuildHierarchy: level = 4
TransferSubgridParticles[4]: Moved 3 particles, 0 stars, 0 active particles.
DetermineSGSize: MaxSubgridSize = 2000, MinSubgridEdge = 4, ncells = 51376
RebuildHierarchy[4]: Flagged 90/140 grids. 5209 flagged cells
LoadBalance: Number of grids moved = 91 out of 91 (0.00220397 seconds elapsed)
DetermineSGSize: MaxSubgridSize = 2000, MinSubgridEdge = 4, ncells = 51376
RebuildHierarchy[5]: Flagged 0/91 grids. 0 flagged cells
Level[4]: dt = 0.00303469  0.00303469 (0.00605979/0.00678711)
Level[5]: dt = 0.00144837  0.00144837 (0.00144837/0.00303469)
RebuildHierarchy: level = 5
TransferSubgridParticles[5]: Moved 2 particles, 0 stars, 0 active particles.
DetermineSGSize: MaxSubgridSize = 2000, MinSubgridEdge = 4, ncells = 51016
RebuildHierarchy[5]: Flagged 0/91 grids. 0 flagged cells
Level[5]: dt = 0.00144677  0.00144677 (0.00289514/0.00303469)
RebuildHierarchy: level = 5
TransferSubgridParticles[5]: Moved 0 particles, 0 stars, 0 active particles.
DetermineSGSize: MaxSubgridSize = 2000, MinSubgridEdge = 4, ncells = 51016
RebuildHierarchy[5]: Flagged 0/91 grids. 0 flagged cells
Level[5]: dt = 0.000139553  0.00144547 (0.00303469/0.00303469)
EvolveLevel[5]: NumberOfSubCycles = 3 (505 total, 3 sub)
Level[4]: dt = 0.000727328  0.00304576 (0.00678711/0.00678711)
Level[5]: dt = 0.000727328  0.00144537 (0.000727328/0.000727328)
EvolveLevel[5]: NumberOfSubCycles = 1 (506 total, 1 sub)
EvolveLevel[4]: NumberOfSubCycles = 3 (233 total, 3 sub)
RebuildHierarchy: level = 3
TransferSubgridParticles[3]: Moved 40 particles, 0 stars, 0 active particles.
DetermineSGSize: MaxSubgridSize = 2000, MinSubgridEdge = 4, ncells = 61328
RebuildHierarchy[3]: Flagged 134/442 grids. 6494 flagged cells
LoadBalance: Number of grids moved = 137 out of 138 (6.02752e-05 seconds elapsed)
DetermineSGSize: MaxSubgridSize = 2000, MinSubgridEdge = 4, ncells = 51016
RebuildHierarchy[4]: Flagged 90/138 grids. 5248 flagged cells
LoadBalance: Number of grids moved = 92 out of 92 (0.00227849 seconds elapsed)
DetermineSGSize: MaxSubgridSize = 2000, MinSubgridEdge = 4, ncells = 51016
RebuildHierarchy[5]: Flagged 0/92 grids. 0 flagged cells
Level[3]: dt = 0.00679873  0.00679873 (0.0135858/0.0141736)
Level[4]: dt = 0.00304859  0.00304859 (0.00304859/0.00679873)
Level[5]: dt = 0.00144487  0.00144487 (0.00144487/0.00304859)
RebuildHierarchy: level = 5
TransferSubgridParticles[5]: Moved 1 particles, 0 stars, 0 active particles.
DetermineSGSize: MaxSubgridSize = 2000, MinSubgridEdge = 4, ncells = 51200
RebuildHierarchy[5]: Flagged 0/92 grids. 0 flagged cells
Level[5]: dt = 0.00144403  0.00144403 (0.00288889/0.00304859)
RebuildHierarchy: level = 5
TransferSubgridParticles[5]: Moved 3 particles, 0 stars, 0 active particles.
DetermineSGSize: MaxSubgridSize = 2000, MinSubgridEdge = 4, ncells = 51200
RebuildHierarchy[5]: Flagged 0/92 grids. 0 flagged cells
Level[5]: dt = 0.000159695  0.00144357 (0.00304859/0.00304859)
EvolveLevel[5]: NumberOfSubCycles = 3 (509 total, 3 sub)
RebuildHierarchy: level = 4
TransferSubgridParticles[4]: Moved 3 particles, 0 stars, 0 active particles.
DetermineSGSize: MaxSubgridSize = 2000, MinSubgridEdge = 4, ncells = 51200
RebuildHierarchy[4]: Flagged 91/138 grids. 5294 flagged cells
LoadBalance: Number of grids moved = 93 out of 93 (0.00224019 seconds elapsed)
DetermineSGSize: MaxSubgridSize = 2000, MinSubgridEdge = 4, ncells = 51200
RebuildHierarchy[5]: Flagged 0/93 grids. 0 flagged cells
Level[4]: dt = 0.00305088  0.00305088 (0.00609947/0.00679873)
Level[5]: dt = 0.00144355  0.00144355 (0.00144355/0.00305088)
RebuildHierarchy: level = 5
TransferSubgridParticles[5]: Moved 1 particles, 0 stars, 0 active particles.
DetermineSGSize: MaxSubgridSize = 2000, MinSubgridEdge = 4, ncells = 51760
RebuildHierarchy[5]: Flagged 0/93 grids. 0 flagged cells
Level[5]: dt = 0.00144344  0.00144344 (0.002887/0.00305088)
RebuildHierarchy: level = 5
TransferSubgridParticles[5]: Moved 0 particles, 0 stars, 0 active particles.
DetermineSGSize: MaxSubgridSize = 2000, MinSubgridEdge = 4, ncells = 51760
RebuildHierarchy[5]: Flagged 0/93 grids. 0 flagged cells
Level[5]: dt = 0.000163887  0.00144368 (0.00305088/0.00305088)
EvolveLevel[5]: NumberOfSubCycles = 3 (512 total, 3 sub)
Level[4]: dt = 0.000699259  0.00304849 (0.00679873/0.00679873)
Level[5]: dt = 0.000699259  0.00144374 (0.000699259/0.000699259)
EvolveLevel[5]: NumberOfSubCycles = 1 (513 total, 1 sub)
EvolveLevel[4]: NumberOfSubCycles = 3 (236 total, 3 sub)
Level[3]: dt = 0.000587735  0.00680985 (0.0141736/0.0141736)
Level[4]: dt = 0.000587735  0.003048 (0.000587735/0.000587735)
Level[5]: dt = 0.000587735  0.00144398 (0.000587735/0.000587735)
EvolveLevel[5]: NumberOfSubCycles = 1 (514 total, 1 sub)
EvolveLevel[4]: NumberOfSubCycles = 1 (237 total, 1 sub)
EvolveLevel[3]: NumberOfSubCycles = 3 (109 total, 3 sub)
Level[2]: dt = 0.00344147  0.0141869 (0.0317733/0.0317733)
Level[3]: dt = 0.00344147  0.00681078 (0.00344147/0.00344147)
Level[4]: dt = 0.00304741  0.00304741 (0.00304741/0.00344147)
Level[5]: dt = 0.00144423  0.00144423 (0.00144423/0.00304741)
RebuildHierarchy: level = 5
TransferSubgridParticles[5]: Moved 0 particles, 0 stars, 0 active particles.
DetermineSGSize: MaxSubgridSize = 2000, MinSubgridEdge = 4, ncells = 51760
RebuildHierarchy[5]: Flagged 0/93 grids. 0 flagged cells
Level[5]: dt = 0.0014449  0.0014449 (0.00288914/0.00304741)
RebuildHierarchy: level = 5
TransferSubgridParticles[5]: Moved 1 particles, 0 stars, 0 active particles.
DetermineSGSize: MaxSubgridSize = 2000, MinSubgridEdge = 4, ncells = 51760
RebuildHierarchy[5]: Flagged 0/93 grids. 0 flagged cells
Level[5]: dt = 0.000158275  0.00144598 (0.00304741/0.00304741)
EvolveLevel[5]: NumberOfSubCycles = 3 (517 total, 3 sub)
RebuildHierarchy: level = 4
TransferSubgridParticles[4]: Moved 5 particles, 0 stars, 0 active particles.
DetermineSGSize: MaxSubgridSize = 2000, MinSubgridEdge = 4, ncells = 51760
RebuildHierarchy[4]: Flagged 92/138 grids. 5378 flagged cells
LoadBalance: Number of grids moved = 94 out of 94 (0.00222261 seconds elapsed)
DetermineSGSize: MaxSubgridSize = 2000, MinSubgridEdge = 4, ncells = 51760
RebuildHierarchy[5]: Flagged 0/94 grids. 0 flagged cells
Level[4]: dt = 0.000394055  0.00304397 (0.00344147/0.00344147)
Level[5]: dt = 0.000394055  0.00144615 (0.000394055/0.000394055)
EvolveLevel[5]: NumberOfSubCycles = 1 (518 total, 1 sub)
EvolveLevel[4]: NumberOfSubCycles = 2 (239 total, 2 sub)
EvolveLevel[3]: NumberOfSubCycles = 1 (110 total, 1 sub)
EvolveLevel[2]: NumberOfSubCycles = 3 (50 total, 3 sub)
RebuildHierarchy: level = 1
TransferSubgridParticles[1]: Moved 10949 particles, 0 stars, 0 active particles.
DetermineSGSize: MaxSubgridSize = 2000, MinSubgridEdge = 4, ncells = 1400688
RebuildHierarchy[1]: Flagged 992/8894 grids. 96841 flagged cells
LoadBalance: Number of grids moved = 1478 out of 1483 (0.00345506 seconds elapsed)
DetermineSGSize: MaxSubgridSize = 2000, MinSubgridEdge = 4, ncells = 309408
RebuildHierarchy[2]: Flagged 373/1483 grids. 24206 flagged cells
LoadBalance: Number of grids moved = 432 out of 437 (0.00274028 seconds elapsed)
DetermineSGSize: MaxSubgridSize = 2000, MinSubgridEdge = 4, ncells = 63440
RebuildHierarchy[3]: Flagged 135/437 grids. 6499 flagged cells
LoadBalance: Number of grids moved = 138 out of 139 (5.84833e-05 seconds elapsed)
DetermineSGSize: MaxSubgridSize = 2000, MinSubgridEdge = 4, ncells = 52560
RebuildHierarchy[4]: Flagged 94/139 grids. 5366 flagged cells
LoadBalance: Number of grids moved = 95 out of 95 (0.00232513 seconds elapsed)
DetermineSGSize: MaxSubgridSize = 2000, MinSubgridEdge = 4, ncells = 52560
RebuildHierarchy[5]: Flagged 0/95 grids. 0 flagged cells
Level[1]: dt = 0.0318038  0.0318038 (0.063577/0.0657396)
Level[2]: dt = 0.0141898  0.0141898 (0.0141898/0.0318038)
Level[3]: dt = 0.00681606  0.00681606 (0.00681606/0.0141898)
Level[4]: dt = 0.00304347  0.00304347 (0.00304347/0.00681606)
Level[5]: dt = 0.00144657  0.00144657 (0.00144657/0.00304347)
RebuildHierarchy: level = 5
TransferSubgridParticles[5]: Moved 0 particles, 0 stars, 0 active particles.
DetermineSGSize: MaxSubgridSize = 2000, MinSubgridEdge = 4, ncells = 52216
RebuildHierarchy[5]: Flagged 0/95 grids. 0 flagged cells
Level[5]: dt = 0.00144808  0.00144808 (0.00289466/0.00304347)
RebuildHierarchy: level = 5
TransferSubgridParticles[5]: Moved 0 particles, 0 stars, 0 active particles.
DetermineSGSize: MaxSubgridSize = 2000, MinSubgridEdge = 4, ncells = 52216
RebuildHierarchy[5]: Flagged 0/95 grids. 0 flagged cells
Level[5]: dt = 0.000148813  0.0014498 (0.00304347/0.00304347)
EvolveLevel[5]: NumberOfSubCycles = 3 (521 total, 3 sub)
RebuildHierarchy: level = 4
TransferSubgridParticles[4]: Moved 2 particles, 0 stars, 0 active particles.
DetermineSGSize: MaxSubgridSize = 2000, MinSubgridEdge = 4, ncells = 52216
RebuildHierarchy[4]: Flagged 95/139 grids. 5378 flagged cells
LoadBalance: Number of grids moved = 96 out of 96 (0.00212289 seconds elapsed)
DetermineSGSize: MaxSubgridSize = 2000, MinSubgridEdge = 4, ncells = 52216
RebuildHierarchy[5]: Flagged 0/96 grids. 0 flagged cells
Level[4]: dt = 0.0030387  0.0030387 (0.00608217/0.00681606)
Level[5]: dt = 0.00145002  0.00145002 (0.00145002/0.0030387)
RebuildHierarchy: level = 5
TransferSubgridParticles[5]: Moved 0 particles, 0 stars, 0 active particles.
DetermineSGSize: MaxSubgridSize = 2000, MinSubgridEdge = 4, ncells = 52176
RebuildHierarchy[5]: Flagged 0/96 grids. 0 flagged cells
Level[5]: dt = 0.00144803  0.00144803 (0.00289805/0.0030387)
RebuildHierarchy: level = 5
TransferSubgridParticles[5]: Moved 2 particles, 0 stars, 0 active particles.
DetermineSGSize: MaxSubgridSize = 2000, MinSubgridEdge = 4, ncells = 52176
RebuildHierarchy[5]: Flagged 0/96 grids. 0 flagged cells
Level[5]: dt = 0.000140655  0.00144351 (0.0030387/0.0030387)
EvolveLevel[5]: NumberOfSubCycles = 3 (524 total, 3 sub)
Level[4]: dt = 0.000733889  0.00303388 (0.00681606/0.00681606)
Level[5]: dt = 0.000733889  0.0014431 (0.000733889/0.000733889)
EvolveLevel[5]: NumberOfSubCycles = 1 (525 total, 1 sub)
EvolveLevel[4]: NumberOfSubCycles = 3 (242 total, 3 sub)
RebuildHierarchy: level = 3
TransferSubgridParticles[3]: Moved 31 particles, 0 stars, 0 active particles.
DetermineSGSize: MaxSubgridSize = 2000, MinSubgridEdge = 4, ncells = 61456
RebuildHierarchy[3]: Flagged 135/437 grids. 6510 flagged cells
LoadBalance: Number of grids moved = 138 out of 139 (5.90421e-05 seconds elapsed)
DetermineSGSize: MaxSubgridSize = 2000, MinSubgridEdge = 4, ncells = 52176
RebuildHierarchy[4]: Flagged 94/139 grids. 5357 flagged cells
LoadBalance: Number of grids moved = 95 out of 95 (0.00232697 seconds elapsed)
DetermineSGSize: MaxSubgridSize = 2000, MinSubgridEdge = 4, ncells = 52176
RebuildHierarchy[5]: Flagged 0/95 grids. 0 flagged cells
Level[3]: dt = 0.00682575  0.00682575 (0.0136418/0.0141898)
Level[4]: dt = 0.003033  0.003033 (0.003033/0.00682575)
Level[5]: dt = 0.00144094  0.00144094 (0.00144094/0.003033)
RebuildHierarchy: level = 5
TransferSubgridParticles[5]: Moved 4 particles, 0 stars, 0 active particles.
DetermineSGSize: MaxSubgridSize = 2000, MinSubgridEdge = 4, ncells = 51808
RebuildHierarchy[5]: Flagged 0/95 grids. 0 flagged cells
Level[5]: dt = 0.00143654  0.00143654 (0.00287748/0.003033)
RebuildHierarchy: level = 5
TransferSubgridParticles[5]: Moved 0 particles, 0 stars, 0 active particles.
DetermineSGSize: MaxSubgridSize = 2000, MinSubgridEdge = 4, ncells = 51808
RebuildHierarchy[5]: Flagged 0/95 grids. 0 flagged cells
Level[5]: dt = 0.000155521  0.00143229 (0.003033/0.003033)
EvolveLevel[5]: NumberOfSubCycles = 3 (528 total, 3 sub)
RebuildHierarchy: level = 4
TransferSubgridParticles[4]: Moved 2 particles, 0 stars, 0 active particles.
DetermineSGSize: MaxSubgridSize = 2000, MinSubgridEdge = 4, ncells = 51808
RebuildHierarchy[4]: Flagged 94/139 grids. 5345 flagged cells
LoadBalance: Number of grids moved = 95 out of 95 (0.00215293 seconds elapsed)
DetermineSGSize: MaxSubgridSize = 2000, MinSubgridEdge = 4, ncells = 51808
RebuildHierarchy[5]: Flagged 0/95 grids. 0 flagged cells
Level[4]: dt = 0.00302994  0.00302994 (0.00606294/0.00682575)
Level[5]: dt = 0.00143187  0.00143187 (0.00143187/0.00302994)
RebuildHierarchy: level = 5
TransferSubgridParticles[5]: Moved 1 particles, 0 stars, 0 active particles.
DetermineSGSize: MaxSubgridSize = 2000, MinSubgridEdge = 4, ncells = 51776
RebuildHierarchy[5]: Flagged 0/95 grids. 0 flagged cells
Level[5]: dt = 0.0014278  0.0014278 (0.00285967/0.00302994)
RebuildHierarchy: level = 5
TransferSubgridParticles[5]: Moved 2 particles, 0 stars, 0 active particles.
DetermineSGSize: MaxSubgridSize = 2000, MinSubgridEdge = 4, ncells = 51776
RebuildHierarchy[5]: Flagged 0/95 grids. 0 flagged cells
Level[5]: dt = 0.000170265  0.00142394 (0.00302994/0.00302994)
EvolveLevel[5]: NumberOfSubCycles = 3 (531 total, 3 sub)
Level[4]: dt = 0.000762813  0.00302805 (0.00682575/0.00682575)
Level[5]: dt = 0.000762813  0.00142351 (0.000762813/0.000762813)
EvolveLevel[5]: NumberOfSubCycles = 1 (532 total, 1 sub)
EvolveLevel[4]: NumberOfSubCycles = 3 (245 total, 3 sub)
Level[3]: dt = 0.000547955  0.00683432 (0.0141898/0.0141898)
Level[4]: dt = 0.000547955  0.00302776 (0.000547955/0.000547955)
Level[5]: dt = 0.000547955  0.00142157 (0.000547955/0.000547955)
EvolveLevel[5]: NumberOfSubCycles = 1 (533 total, 1 sub)
EvolveLevel[4]: NumberOfSubCycles = 1 (246 total, 1 sub)
EvolveLevel[3]: NumberOfSubCycles = 3 (113 total, 3 sub)
RebuildHierarchy: level = 2
TransferSubgridParticles[2]: Moved 245 particles, 0 stars, 0 active particles.
DetermineSGSize: MaxSubgridSize = 2000, MinSubgridEdge = 4, ncells = 309608
RebuildHierarchy[2]: Flagged 375/1483 grids. 24301 flagged cells
LoadBalance: Number of grids moved = 429 out of 437 (0.00266318 seconds elapsed)
DetermineSGSize: MaxSubgridSize = 2000, MinSubgridEdge = 4, ncells = 61424
RebuildHierarchy[3]: Flagged 136/437 grids. 6498 flagged cells
LoadBalance: Number of grids moved = 139 out of 140 (5.85243e-05 seconds elapsed)
DetermineSGSize: MaxSubgridSize = 2000, MinSubgridEdge = 4, ncells = 51776
RebuildHierarchy[4]: Flagged 93/140 grids. 5362 flagged cells
LoadBalance: Number of grids moved = 94 out of 94 (0.00227786 seconds elapsed)
DetermineSGSize: MaxSubgridSize = 2000, MinSubgridEdge = 4, ncells = 51776
RebuildHierarchy[5]: Flagged 0/94 grids. 0 flagged cells
Level[2]: dt = 0.0141997  0.0141997 (0.0283895/0.0318038)
Level[3]: dt = 0.00683496  0.00683496 (0.00683496/0.0141997)
Level[4]: dt = 0.0030277  0.0030277 (0.0030277/0.00683496)
Level[5]: dt = 0.00142028  0.00142028 (0.00142028/0.0030277)
RebuildHierarchy: level = 5
TransferSubgridParticles[5]: Moved 2 particles, 0 stars, 0 active particles.
DetermineSGSize: MaxSubgridSize = 2000, MinSubgridEdge = 4, ncells = 52168
RebuildHierarchy[5]: Flagged 0/94 grids. 0 flagged cells
Level[5]: dt = 0.00141719  0.00141719 (0.00283746/0.0030277)
RebuildHierarchy: level = 5
TransferSubgridParticles[5]: Moved 1 particles, 0 stars, 0 active particles.
DetermineSGSize: MaxSubgridSize = 2000, MinSubgridEdge = 4, ncells = 52168
RebuildHierarchy[5]: Flagged 0/94 grids. 0 flagged cells
Level[5]: dt = 0.000190242  0.00141418 (0.0030277/0.0030277)
EvolveLevel[5]: NumberOfSubCycles = 3 (536 total, 3 sub)
RebuildHierarchy: level = 4
TransferSubgridParticles[4]: Moved 0 particles, 0 stars, 0 active particles.
DetermineSGSize: MaxSubgridSize = 2000, MinSubgridEdge = 4, ncells = 52168
RebuildHierarchy[4]: Flagged 93/140 grids. 5374 flagged cells
LoadBalance: Number of grids moved = 94 out of 94 (0.00215376 seconds elapsed)
DetermineSGSize: MaxSubgridSize = 2000, MinSubgridEdge = 4, ncells = 52168
RebuildHierarchy[5]: Flagged 0/94 grids. 0 flagged cells
Level[4]: dt = 0.00302783  0.00302783 (0.00605553/0.00683496)
Level[5]: dt = 0.00141387  0.00141387 (0.00141387/0.00302783)
RebuildHierarchy: level = 5
TransferSubgridParticles[5]: Moved 0 particles, 0 stars, 0 active particles.
DetermineSGSize: MaxSubgridSize = 2000, MinSubgridEdge = 4, ncells = 52376
RebuildHierarchy[5]: Flagged 0/94 grids. 0 flagged cells
Level[5]: dt = 0.00141154  0.00141154 (0.00282541/0.00302783)
RebuildHierarchy: level = 5
TransferSubgridParticles[5]: Moved 4 particles, 0 stars, 0 active particles.
DetermineSGSize: MaxSubgridSize = 2000, MinSubgridEdge = 4, ncells = 52376
RebuildHierarchy[5]: Flagged 0/94 grids. 0 flagged cells
Level[5]: dt = 0.000202414  0.00140913 (0.00302783/0.00302783)
EvolveLevel[5]: NumberOfSubCycles = 3 (539 total, 3 sub)
Level[4]: dt = 0.000779424  0.00302947 (0.00683496/0.00683496)
Level[5]: dt = 0.000779424  0.00140887 (0.000779424/0.000779424)
EvolveLevel[5]: NumberOfSubCycles = 1 (540 total, 1 sub)
EvolveLevel[4]: NumberOfSubCycles = 3 (249 total, 3 sub)
RebuildHierarchy: level = 3
TransferSubgridParticles[3]: Moved 29 particles, 0 stars, 0 active particles.
DetermineSGSize: MaxSubgridSize = 2000, MinSubgridEdge = 4, ncells = 61232
RebuildHierarchy[3]: Flagged 136/437 grids. 6492 flagged cells
LoadBalance: Number of grids moved = 138 out of 139 (5.98542e-05 seconds elapsed)
DetermineSGSize: MaxSubgridSize = 2000, MinSubgridEdge = 4, ncells = 52376
RebuildHierarchy[4]: Flagged 92/139 grids. 5357 flagged cells
LoadBalance: Number of grids moved = 94 out of 94 (0.00208963 seconds elapsed)
DetermineSGSize: MaxSubgridSize = 2000, MinSubgridEdge = 4, ncells = 52376
RebuildHierarchy[5]: Flagged 0/94 grids. 0 flagged cells
Level[3]: dt = 0.00684208  0.00684208 (0.013677/0.0141997)
Level[4]: dt = 0.0030301  0.0030301 (0.0030301/0.00684208)
Level[5]: dt = 0.00140787  0.00140787 (0.00140787/0.0030301)
RebuildHierarchy: level = 5
TransferSubgridParticles[5]: Moved 0 particles, 0 stars, 0 active particles.
DetermineSGSize: MaxSubgridSize = 2000, MinSubgridEdge = 4, ncells = 51840
RebuildHierarchy[5]: Flagged 0/94 grids. 0 flagged cells
Level[5]: dt = 0.00140579  0.00140579 (0.00281366/0.0030301)
RebuildHierarchy: level = 5
TransferSubgridParticles[5]: Moved 0 particles, 0 stars, 0 active particles.
DetermineSGSize: MaxSubgridSize = 2000, MinSubgridEdge = 4, ncells = 51840
RebuildHierarchy[5]: Flagged 0/94 grids. 0 flagged cells
Level[5]: dt = 0.000216437  0.00140409 (0.0030301/0.0030301)
EvolveLevel[5]: NumberOfSubCycles = 3 (543 total, 3 sub)
RebuildHierarchy: level = 4
TransferSubgridParticles[4]: Moved 1 particles, 0 stars, 0 active particles.
DetermineSGSize: MaxSubgridSize = 2000, MinSubgridEdge = 4, ncells = 51840
RebuildHierarchy[4]: Flagged 92/139 grids. 5371 flagged cells
LoadBalance: Number of grids moved = 94 out of 94 (0.00202214 seconds elapsed)
DetermineSGSize: MaxSubgridSize = 2000, MinSubgridEdge = 4, ncells = 51840
RebuildHierarchy[5]: Flagged 0/94 grids. 0 flagged cells
Level[4]: dt = 0.00303254  0.00303254 (0.00606263/0.00684208)
Level[5]: dt = 0.00140391  0.00140391 (0.00140391/0.00303254)
RebuildHierarchy: level = 5
TransferSubgridParticles[5]: Moved 3 particles, 0 stars, 0 active particles.
DetermineSGSize: MaxSubgridSize = 2000, MinSubgridEdge = 4, ncells = 51752
RebuildHierarchy[5]: Flagged 0/94 grids. 0 flagged cells
Level[5]: dt = 0.00140232  0.00140232 (0.00280624/0.00303254)
RebuildHierarchy: level = 5
TransferSubgridParticles[5]: Moved 0 particles, 0 stars, 0 active particles.
DetermineSGSize: MaxSubgridSize = 2000, MinSubgridEdge = 4, ncells = 51752
RebuildHierarchy[5]: Flagged 0/94 grids. 0 flagged cells
Level[5]: dt = 0.000226298  0.00140105 (0.00303254/0.00303254)
EvolveLevel[5]: NumberOfSubCycles = 3 (546 total, 3 sub)
Level[4]: dt = 0.000779451  0.00303594 (0.00684208/0.00684208)
Level[5]: dt = 0.000779451  0.00140092 (0.000779451/0.000779451)
EvolveLevel[5]: NumberOfSubCycles = 1 (547 total, 1 sub)
EvolveLevel[4]: NumberOfSubCycles = 3 (252 total, 3 sub)
Level[3]: dt = 0.000522684  0.00684826 (0.0141997/0.0141997)
Level[4]: dt = 0.000522684  0.00303698 (0.000522684/0.000522684)
Level[5]: dt = 0.000522684  0.00140033 (0.000522684/0.000522684)
EvolveLevel[5]: NumberOfSubCycles = 1 (548 total, 1 sub)
EvolveLevel[4]: NumberOfSubCycles = 1 (253 total, 1 sub)
EvolveLevel[3]: NumberOfSubCycles = 3 (116 total, 3 sub)
Level[2]: dt = 0.00341427  0.0142071 (0.0318038/0.0318038)
Level[3]: dt = 0.00341427  0.0068487 (0.00341427/0.00341427)
Level[4]: dt = 0.00303771  0.00303771 (0.00303771/0.00341427)
Level[5]: dt = 0.0014  0.0014 (0.0014/0.00303771)
RebuildHierarchy: level = 5
TransferSubgridParticles[5]: Moved 1 particles, 0 stars, 0 active particles.
DetermineSGSize: MaxSubgridSize = 2000, MinSubgridEdge = 4, ncells = 51752
RebuildHierarchy[5]: Flagged 0/94 grids. 0 flagged cells
Level[5]: dt = 0.00139906  0.00139906 (0.00279906/0.00303771)
RebuildHierarchy: level = 5
TransferSubgridParticles[5]: Moved 0 particles, 0 stars, 0 active particles.
DetermineSGSize: MaxSubgridSize = 2000, MinSubgridEdge = 4, ncells = 51752
RebuildHierarchy[5]: Flagged 0/94 grids. 0 flagged cells
Level[5]: dt = 0.000238647  0.00139814 (0.00303771/0.00303771)
EvolveLevel[5]: NumberOfSubCycles = 3 (551 total, 3 sub)
RebuildHierarchy: level = 4
TransferSubgridParticles[4]: Moved 12 particles, 0 stars, 0 active particles.
DetermineSGSize: MaxSubgridSize = 2000, MinSubgridEdge = 4, ncells = 51752
RebuildHierarchy[4]: Flagged 92/139 grids. 5388 flagged cells
LoadBalance: Number of grids moved = 94 out of 94 (0.00199859 seconds elapsed)
DetermineSGSize: MaxSubgridSize = 2000, MinSubgridEdge = 4, ncells = 51752
RebuildHierarchy[5]: Flagged 0/94 grids. 0 flagged cells
Level[4]: dt = 0.000376557  0.00304152 (0.00341427/0.00341427)
Level[5]: dt = 0.000376557  0.00139807 (0.000376557/0.000376557)
EvolveLevel[5]: NumberOfSubCycles = 1 (552 total, 1 sub)
EvolveLevel[4]: NumberOfSubCycles = 2 (255 total, 2 sub)
EvolveLevel[3]: NumberOfSubCycles = 1 (117 total, 1 sub)
EvolveLevel[2]: NumberOfSubCycles = 3 (53 total, 3 sub)
Level[1]: dt = 0.00216261  0.0317101 (0.0657396/0.0657396)
Level[2]: dt = 0.00216261  0.0142085 (0.00216261/0.00216261)
Level[3]: dt = 0.00216261  0.00685128 (0.00216261/0.00216261)
Level[4]: dt = 0.00216261  0.00304215 (0.00216261/0.00216261)
Level[5]: dt = 0.00139795  0.00139795 (0.00139795/0.00216261)
RebuildHierarchy: level = 5
TransferSubgridParticles[5]: Moved 1 particles, 0 stars, 0 active particles.
DetermineSGSize: MaxSubgridSize = 2000, MinSubgridEdge = 4, ncells = 51552
RebuildHierarchy[5]: Flagged 0/94 grids. 0 flagged cells
Level[5]: dt = 0.000764658  0.00139732 (0.00216261/0.00216261)
EvolveLevel[5]: NumberOfSubCycles = 2 (554 total, 2 sub)
EvolveLevel[4]: NumberOfSubCycles = 1 (256 total, 1 sub)
EvolveLevel[3]: NumberOfSubCycles = 1 (118 total, 1 sub)
EvolveLevel[2]: NumberOfSubCycles = 1 (54 total, 1 sub)
EvolveLevel[1]: NumberOfSubCycles = 3 (22 total, 3 sub)
EvolveLevel[0]: NumberOfSubCycles = 1 (8 total, 8 sub)
RebuildHierarchy: level = 0
CommunicationTransferParticles: moved = 340346
CommunicationTransferStars: moved = 0
CommunicationTransferActiveParticles: moved = 0
DetermineSGSize: MaxSubgridSize = 2000, MinSubgridEdge = 4, ncells = 12888264
RebuildHierarchy[0]: Flagged 753/1120 grids. 814651 flagged cells
LoadBalance: Number of grids moved = 8980 out of 9033 (0.0477206 seconds elapsed)
DetermineSGSize: MaxSubgridSize = 2000, MinSubgridEdge = 4, ncells = 1419984
RebuildHierarchy[1]: Flagged 985/9033 grids. 97023 flagged cells
LoadBalance: Number of grids moved = 1487 out of 1498 (0.00625075 seconds elapsed)
DetermineSGSize: MaxSubgridSize = 2000, MinSubgridEdge = 4, ncells = 312800
RebuildHierarchy[2]: Flagged 397/1498 grids. 24048 flagged cells
LoadBalance: Number of grids moved = 449 out of 456 (0.0001642 seconds elapsed)
DetermineSGSize: MaxSubgridSize = 2000, MinSubgridEdge = 4, ncells = 62728
RebuildHierarchy[3]: Flagged 143/456 grids. 6508 flagged cells
LoadBalance: Number of grids moved = 145 out of 146 (5.88521e-05 seconds elapsed)
DetermineSGSize: MaxSubgridSize = 2000, MinSubgridEdge = 4, ncells = 51552
RebuildHierarchy[4]: Flagged 95/146 grids. 5371 flagged cells
LoadBalance: Number of grids moved = 97 out of 98 (0.00298382 seconds elapsed)
DetermineSGSize: MaxSubgridSize = 2000, MinSubgridEdge = 4, ncells = 51552
RebuildHierarchy[5]: Flagged 0/98 grids. 0 flagged cells
CPUTime-output: Frac = 0.999992, Current = 967.835 (966.84), Stop = 2592000.000000, Last = 21.908
[YT_INFO   ] Setting YT parameters ...
[YT_INFO   ] Setting YT parameters ... done.
[YT_INFO   ] Getting pointer to particle list information ...
[YT_INFO   ] Getting pointer to particle list information  ... done.
[YT_INFO   ] Getting pointer to field list information ...
[YT_INFO   ] Getting pointer to field list information  ... done.
[YT_INFO   ] Getting pointer to local grids information ...
[YT_INFO   ] Getting pointer to local grids information  ... done.
[YT_INFO   ] Loading full hierarchy and local data to libyt ...
[YT_INFO   ] Loading full hierarchy and local data ... done.
[YT_INFO   ] Performing YT inline analysis yt_inline_func() ...
[YT_INFO   ] Performing YT inline analysis yt_inline_func() ... done.
Level[0]: dt = 0.0644172  0.0644172 (0.0644172/0.0644172)
PrepareGreens: Start = 0 0 36  Dim = 32 52 38
PrepareGreens: Start = 0 0 0  Dim = 32 52 36
Level[1]: dt = 0.0315982  0.0315982 (0.0315982/0.0644172)
Level[2]: dt = 0.0142094  0.0142094 (0.0142094/0.0315982)
Level[3]: dt = 0.00685287  0.00685287 (0.00685287/0.0142094)
Level[4]: dt = 0.00304566  0.00304566 (0.00304566/0.00685287)
Level[5]: dt = 0.00139718  0.00139718 (0.00139718/0.00304566)
RebuildHierarchy: level = 5
TransferSubgridParticles[5]: Moved 78 particles, 0 stars, 0 active particles.
DetermineSGSize: MaxSubgridSize = 2000, MinSubgridEdge = 4, ncells = 51584
RebuildHierarchy[5]: Flagged 0/98 grids. 0 flagged cells
Level[5]: dt = 0.00139691  0.00139691 (0.00279409/0.00304566)
RebuildHierarchy: level = 5
TransferSubgridParticles[5]: Moved 2 particles, 0 stars, 0 active particles.
DetermineSGSize: MaxSubgridSize = 2000, MinSubgridEdge = 4, ncells = 51584
RebuildHierarchy[5]: Flagged 0/98 grids. 0 flagged cells
Level[5]: dt = 0.00025157  0.00139678 (0.00304566/0.00304566)
EvolveLevel[5]: NumberOfSubCycles = 3 (557 total, 3 sub)
RebuildHierarchy: level = 4
TransferSubgridParticles[4]: Moved 131 particles, 0 stars, 0 active particles.
DetermineSGSize: MaxSubgridSize = 2000, MinSubgridEdge = 4, ncells = 51584
RebuildHierarchy[4]: Flagged 95/146 grids. 5333 flagged cells
LoadBalance: Number of grids moved = 97 out of 98 (0.00259809 seconds elapsed)
DetermineSGSize: MaxSubgridSize = 2000, MinSubgridEdge = 4, ncells = 51584
RebuildHierarchy[5]: Flagged 0/98 grids. 0 flagged cells
Level[4]: dt = 0.00303369  0.00303369 (0.00607935/0.00685287)
Level[5]: dt = 0.00139684  0.00139684 (0.00139684/0.00303369)
RebuildHierarchy: level = 5
TransferSubgridParticles[5]: Moved 0 particles, 0 stars, 0 active particles.
DetermineSGSize: MaxSubgridSize = 2000, MinSubgridEdge = 4, ncells = 50568
RebuildHierarchy[5]: Flagged 0/98 grids. 0 flagged cells
Level[5]: dt = 0.00139706  0.00139706 (0.00279389/0.00303369)
RebuildHierarchy: level = 5
TransferSubgridParticles[5]: Moved 1 particles, 0 stars, 0 active particles.
DetermineSGSize: MaxSubgridSize = 2000, MinSubgridEdge = 4, ncells = 50568
RebuildHierarchy[5]: Flagged 0/98 grids. 0 flagged cells
Level[5]: dt = 0.000239797  0.00139748 (0.00303369/0.00303369)
EvolveLevel[5]: NumberOfSubCycles = 3 (560 total, 3 sub)
Level[4]: dt = 0.000773521  0.00302562 (0.00685287/0.00685287)
Level[5]: dt = 0.000773521  0.00139762 (0.000773521/0.000773521)
EvolveLevel[5]: NumberOfSubCycles = 1 (561 total, 1 sub)
EvolveLevel[4]: NumberOfSubCycles = 3 (259 total, 3 sub)
RebuildHierarchy: level = 3
TransferSubgridParticles[3]: Moved 875 particles, 0 stars, 0 active particles.
DetermineSGSize: MaxSubgridSize = 2000, MinSubgridEdge = 4, ncells = 64400
RebuildHierarchy[3]: Flagged 143/456 grids. 6542 flagged cells
LoadBalance: Number of grids moved = 144 out of 145 (5.92805e-05 seconds elapsed)
DetermineSGSize: MaxSubgridSize = 2000, MinSubgridEdge = 4, ncells = 50568
RebuildHierarchy[4]: Flagged 94/145 grids. 5353 flagged cells
LoadBalance: Number of grids moved = 93 out of 98 (0.00280861 seconds elapsed)
DetermineSGSize: MaxSubgridSize = 2000, MinSubgridEdge = 4, ncells = 50568
RebuildHierarchy[5]: Flagged 0/98 grids. 0 flagged cells
Level[3]: dt = 0.0068573  0.0068573 (0.0137102/0.0142094)
Level[4]: dt = 0.0030243  0.0030243 (0.0030243/0.0068573)
Level[5]: dt = 0.00139806  0.00139806 (0.00139806/0.0030243)
RebuildHierarchy: level = 5
TransferSubgridParticles[5]: Moved 1 particles, 0 stars, 0 active particles.
DetermineSGSize: MaxSubgridSize = 2000, MinSubgridEdge = 4, ncells = 50872
RebuildHierarchy[5]: Flagged 0/98 grids. 0 flagged cells
Level[5]: dt = 0.00139892  0.00139892 (0.00279698/0.0030243)
RebuildHierarchy: level = 5
TransferSubgridParticles[5]: Moved 4 particles, 0 stars, 0 active particles.
DetermineSGSize: MaxSubgridSize = 2000, MinSubgridEdge = 4, ncells = 50872
RebuildHierarchy[5]: Flagged 0/98 grids. 0 flagged cells
Level[5]: dt = 0.000227317  0.00140025 (0.0030243/0.0030243)
EvolveLevel[5]: NumberOfSubCycles = 3 (564 total, 3 sub)
RebuildHierarchy: level = 4
TransferSubgridParticles[4]: Moved 3 particles, 0 stars, 0 active particles.
DetermineSGSize: MaxSubgridSize = 2000, MinSubgridEdge = 4, ncells = 50872
RebuildHierarchy[4]: Flagged 94/145 grids. 5337 flagged cells
LoadBalance: Number of grids moved = 93 out of 98 (0.00263075 seconds elapsed)
DetermineSGSize: MaxSubgridSize = 2000, MinSubgridEdge = 4, ncells = 50872
RebuildHierarchy[5]: Flagged 0/98 grids. 0 flagged cells
Level[4]: dt = 0.00302201  0.00302201 (0.00604631/0.0068573)
Level[5]: dt = 0.00140054  0.00140054 (0.00140054/0.00302201)
RebuildHierarchy: level = 5
TransferSubgridParticles[5]: Moved 1 particles, 0 stars, 0 active particles.
DetermineSGSize: MaxSubgridSize = 2000, MinSubgridEdge = 4, ncells = 50968
RebuildHierarchy[5]: Flagged 0/98 grids. 0 flagged cells
Level[5]: dt = 0.00140225  0.00140225 (0.00280279/0.00302201)
RebuildHierarchy: level = 5
TransferSubgridParticles[5]: Moved 2 particles, 0 stars, 0 active particles.
DetermineSGSize: MaxSubgridSize = 2000, MinSubgridEdge = 4, ncells = 50968
RebuildHierarchy[5]: Flagged 0/98 grids. 0 flagged cells
Level[5]: dt = 0.000219225  0.00140427 (0.00302201/0.00302201)
EvolveLevel[5]: NumberOfSubCycles = 3 (567 total, 3 sub)
Level[4]: dt = 0.000810985  0.00302543 (0.0068573/0.0068573)
Level[5]: dt = 0.000810985  0.00140463 (0.000810985/0.000810985)
EvolveLevel[5]: NumberOfSubCycles = 1 (568 total, 1 sub)
EvolveLevel[4]: NumberOfSubCycles = 3 (262 total, 3 sub)
Level[3]: dt = 0.000499282  0.00676489 (0.0142094/0.0142094)
Level[4]: dt = 0.000499282  0.00302755 (0.000499282/0.000499282)
Level[5]: dt = 0.000499282  0.00140596 (0.000499282/0.000499282)
EvolveLevel[5]: NumberOfSubCycles = 1 (569 total, 1 sub)
EvolveLevel[4]: NumberOfSubCycles = 1 (263 total, 1 sub)
EvolveLevel[3]: NumberOfSubCycles = 3 (121 total, 3 sub)
RebuildHierarchy: level = 2
TransferSubgridParticles[2]: Moved 8232 particles, 0 stars, 0 active particles.
DetermineSGSize: MaxSubgridSize = 2000, MinSubgridEdge = 4, ncells = 307152
RebuildHierarchy[2]: Flagged 400/1498 grids. 24368 flagged cells
LoadBalance: Number of grids moved = 453 out of 460 (0.000168499 seconds elapsed)
DetermineSGSize: MaxSubgridSize = 2000, MinSubgridEdge = 4, ncells = 66440
RebuildHierarchy[3]: Flagged 147/460 grids. 6573 flagged cells
LoadBalance: Number of grids moved = 148 out of 149 (6.19181e-05 seconds elapsed)
DetermineSGSize: MaxSubgridSize = 2000, MinSubgridEdge = 4, ncells = 50968
RebuildHierarchy[4]: Flagged 94/149 grids. 5366 flagged cells
LoadBalance: Number of grids moved = 97 out of 98 (0.00279952 seconds elapsed)
DetermineSGSize: MaxSubgridSize = 2000, MinSubgridEdge = 4, ncells = 50968
RebuildHierarchy[5]: Flagged 0/98 grids. 0 flagged cells
Level[2]: dt = 0.0142152  0.0142152 (0.0284247/0.0315982)
Level[3]: dt = 0.00674955  0.00674955 (0.00674955/0.0142152)
Level[4]: dt = 0.00302908  0.00302908 (0.00302908/0.00674955)
Level[5]: dt = 0.00140681  0.00140681 (0.00140681/0.00302908)
RebuildHierarchy: level = 5
TransferSubgridParticles[5]: Moved 1 particles, 0 stars, 0 active particles.
DetermineSGSize: MaxSubgridSize = 2000, MinSubgridEdge = 4, ncells = 51368
RebuildHierarchy[5]: Flagged 0/98 grids. 0 flagged cells
Level[5]: dt = 0.00140924  0.00140924 (0.00281605/0.00302908)
RebuildHierarchy: level = 5
TransferSubgridParticles[5]: Moved 3 particles, 0 stars, 0 active particles.
DetermineSGSize: MaxSubgridSize = 2000, MinSubgridEdge = 4, ncells = 51368
RebuildHierarchy[5]: Flagged 0/98 grids. 0 flagged cells
Level[5]: dt = 0.000213033  0.00141204 (0.00302908/0.00302908)
EvolveLevel[5]: NumberOfSubCycles = 3 (572 total, 3 sub)
RebuildHierarchy: level = 4
TransferSubgridParticles[4]: Moved 6 particles, 0 stars, 0 active particles.
DetermineSGSize: MaxSubgridSize = 2000, MinSubgridEdge = 4, ncells = 51368
RebuildHierarchy[4]: Flagged 94/149 grids. 5404 flagged cells
LoadBalance: Number of grids moved = 97 out of 98 (0.00262129 seconds elapsed)
DetermineSGSize: MaxSubgridSize = 2000, MinSubgridEdge = 4, ncells = 51368
RebuildHierarchy[5]: Flagged 0/98 grids. 0 flagged cells
Level[4]: dt = 0.00304221  0.00304221 (0.0060713/0.00674955)
Level[5]: dt = 0.00141249  0.00141249 (0.00141249/0.00304221)
RebuildHierarchy: level = 5
TransferSubgridParticles[5]: Moved 4 particles, 0 stars, 0 active particles.
DetermineSGSize: MaxSubgridSize = 2000, MinSubgridEdge = 4, ncells = 51784
RebuildHierarchy[5]: Flagged 0/98 grids. 0 flagged cells
Level[5]: dt = 0.00141536  0.00141536 (0.00282786/0.00304221)
RebuildHierarchy: level = 5
TransferSubgridParticles[5]: Moved 1 particles, 0 stars, 0 active particles.
DetermineSGSize: MaxSubgridSize = 2000, MinSubgridEdge = 4, ncells = 51784
RebuildHierarchy[5]: Flagged 0/98 grids. 0 flagged cells
Level[5]: dt = 0.000214356  0.00141865 (0.00304221/0.00304221)
EvolveLevel[5]: NumberOfSubCycles = 3 (575 total, 3 sub)
Level[4]: dt = 0.000678253  0.00306196 (0.00674955/0.00674955)
Level[5]: dt = 0.000678253  0.00141918 (0.000678253/0.000678253)
EvolveLevel[5]: NumberOfSubCycles = 1 (576 total, 1 sub)
EvolveLevel[4]: NumberOfSubCycles = 3 (266 total, 3 sub)
RebuildHierarchy: level = 3
TransferSubgridParticles[3]: Moved 43 particles, 0 stars, 0 active particles.
DetermineSGSize: MaxSubgridSize = 2000, MinSubgridEdge = 4, ncells = 66008
RebuildHierarchy[3]: Flagged 147/460 grids. 6602 flagged cells
LoadBalance: Number of grids moved = 148 out of 149 (6.04652e-05 seconds elapsed)
DetermineSGSize: MaxSubgridSize = 2000, MinSubgridEdge = 4, ncells = 51784
RebuildHierarchy[4]: Flagged 93/149 grids. 5398 flagged cells
LoadBalance: Number of grids moved = 96 out of 97 (0.00271578 seconds elapsed)
DetermineSGSize: MaxSubgridSize = 2000, MinSubgridEdge = 4, ncells = 51784
RebuildHierarchy[5]: Flagged 0/97 grids. 0 flagged cells
Level[3]: dt = 0.00656945  0.00656945 (0.013319/0.0142152)
Level[4]: dt = 0.00306701  0.00306701 (0.00306701/0.00656945)
Level[5]: dt = 0.00142079  0.00142079 (0.00142079/0.00306701)
RebuildHierarchy: level = 5
TransferSubgridParticles[5]: Moved 2 particles, 0 stars, 0 active particles.
DetermineSGSize: MaxSubgridSize = 2000, MinSubgridEdge = 4, ncells = 51552
RebuildHierarchy[5]: Flagged 0/97 grids. 0 flagged cells
Level[5]: dt = 0.00142439  0.00142439 (0.00284517/0.00306701)
RebuildHierarchy: level = 5
TransferSubgridParticles[5]: Moved 1 particles, 0 stars, 0 active particles.
DetermineSGSize: MaxSubgridSize = 2000, MinSubgridEdge = 4, ncells = 51552
RebuildHierarchy[5]: Flagged 0/97 grids. 0 flagged cells
Level[5]: dt = 0.000221836  0.0014254 (0.00306701/0.00306701)
EvolveLevel[5]: NumberOfSubCycles = 3 (579 total, 3 sub)
RebuildHierarchy: level = 4
TransferSubgridParticles[4]: Moved 2 particles, 0 stars, 0 active particles.
DetermineSGSize: MaxSubgridSize = 2000, MinSubgridEdge = 4, ncells = 51552
RebuildHierarchy[4]: Flagged 93/149 grids. 5349 flagged cells
LoadBalance: Number of grids moved = 96 out of 97 (0.00262397 seconds elapsed)
DetermineSGSize: MaxSubgridSize = 2000, MinSubgridEdge = 4, ncells = 51552
RebuildHierarchy[5]: Flagged 0/97 grids. 0 flagged cells
Level[4]: dt = 0.00306935  0.00306935 (0.00613636/0.00656945)
Level[5]: dt = 0.00142559  0.00142559 (0.00142559/0.00306935)
RebuildHierarchy: level = 5
TransferSubgridParticles[5]: Moved 0 particles, 0 stars, 0 active particles.
DetermineSGSize: MaxSubgridSize = 2000, MinSubgridEdge = 4, ncells = 50648
RebuildHierarchy[5]: Flagged 0/97 grids. 0 flagged cells
Level[5]: dt = 0.00142688  0.00142688 (0.00285247/0.00306935)
RebuildHierarchy: level = 5
TransferSubgridParticles[5]: Moved 0 particles, 0 stars, 0 active particles.
DetermineSGSize: MaxSubgridSize = 2000, MinSubgridEdge = 4, ncells = 50648
RebuildHierarchy[5]: Flagged 0/97 grids. 0 flagged cells
Level[5]: dt = 0.000216884  0.00142953 (0.00306935/0.00306935)
EvolveLevel[5]: NumberOfSubCycles = 3 (582 total, 3 sub)
Level[4]: dt = 0.000433086  0.00307208 (0.00656945/0.00656945)
Level[5]: dt = 0.000433086  0.00142997 (0.000433086/0.000433086)
EvolveLevel[5]: NumberOfSubCycles = 1 (583 total, 1 sub)
EvolveLevel[4]: NumberOfSubCycles = 3 (269 total, 3 sub)
Level[3]: dt = 0.00089622  0.00649058 (0.0142152/0.0142152)
Level[4]: dt = 0.00089622  0.00307272 (0.00089622/0.00089622)
Level[5]: dt = 0.00089622  0.00143088 (0.00089622/0.00089622)
EvolveLevel[5]: NumberOfSubCycles = 1 (584 total, 1 sub)
EvolveLevel[4]: NumberOfSubCycles = 1 (270 total, 1 sub)
EvolveLevel[3]: NumberOfSubCycles = 3 (124 total, 3 sub)
Level[2]: dt = 0.00317357  0.0142023 (0.0315982/0.0315982)
Level[3]: dt = 0.00317357  0.00648733 (0.00317357/0.00317357)
Level[4]: dt = 0.00317357  0.00307425 (0.00317357/0.00317357)
Level[5]: dt = 0.00143306  0.00143306 (0.00143306/0.00317357)
RebuildHierarchy: level = 5
TransferSubgridParticles[5]: Moved 3 particles, 0 stars, 0 active particles.
DetermineSGSize: MaxSubgridSize = 2000, MinSubgridEdge = 4, ncells = 50648
RebuildHierarchy[5]: Flagged 0/97 grids. 0 flagged cells
Level[5]: dt = 0.00143697  0.00143697 (0.00287002/0.00317357)
RebuildHierarchy: level = 5
TransferSubgridParticles[5]: Moved 0 particles, 0 stars, 0 active particles.
DetermineSGSize: MaxSubgridSize = 2000, MinSubgridEdge = 4, ncells = 50648
RebuildHierarchy[5]: Flagged 0/97 grids. 0 flagged cells
Level[5]: dt = 0.000303551  0.00144135 (0.00317357/0.00317357)
EvolveLevel[5]: NumberOfSubCycles = 3 (587 total, 3 sub)
EvolveLevel[4]: NumberOfSubCycles = 1 (271 total, 1 sub)
EvolveLevel[3]: NumberOfSubCycles = 1 (125 total, 1 sub)
EvolveLevel[2]: NumberOfSubCycles = 3 (57 total, 3 sub)
RebuildHierarchy: level = 1
TransferSubgridParticles[1]: Moved 101904 particles, 0 stars, 0 active particles.
DetermineSGSize: MaxSubgridSize = 2000, MinSubgridEdge = 4, ncells = 1432136
RebuildHierarchy[1]: Flagged 986/9033 grids. 98371 flagged cells
LoadBalance: Number of grids moved = 1483 out of 1505 (0.00568612 seconds elapsed)
DetermineSGSize: MaxSubgridSize = 2000, MinSubgridEdge = 4, ncells = 310312
RebuildHierarchy[2]: Flagged 400/1505 grids. 24587 flagged cells
LoadBalance: Number of grids moved = 458 out of 461 (0.000166692 seconds elapsed)
DetermineSGSize: MaxSubgridSize = 2000, MinSubgridEdge = 4, ncells = 66152
RebuildHierarchy[3]: Flagged 150/461 grids. 6705 flagged cells
LoadBalance: Number of grids moved = 151 out of 152 (5.93141e-05 seconds elapsed)
DetermineSGSize: MaxSubgridSize = 2000, MinSubgridEdge = 4, ncells = 50648
RebuildHierarchy[4]: Flagged 93/152 grids. 5331 flagged cells
LoadBalance: Number of grids moved = 96 out of 97 (0.00247274 seconds elapsed)
DetermineSGSize: MaxSubgridSize = 2000, MinSubgridEdge = 4, ncells = 50648
RebuildHierarchy[5]: Flagged 0/97 grids. 0 flagged cells
Level[1]: dt = 0.0301032  0.0301032 (0.0617015/0.0644172)
Level[2]: dt = 0.0141758  0.0141758 (0.0141758/0.0301032)
Level[3]: dt = 0.00648553  0.00648553 (0.00648553/0.0141758)
Level[4]: dt = 0.00308122  0.00308122 (0.00308122/0.00648553)
Level[5]: dt = 0.00144243  0.00144243 (0.00144243/0.00308122)
RebuildHierarchy: level = 5
TransferSubgridParticles[5]: Moved 2 particles, 0 stars, 0 active particles.
DetermineSGSize: MaxSubgridSize = 2000, MinSubgridEdge = 4, ncells = 50200
RebuildHierarchy[5]: Flagged 0/97 grids. 0 flagged cells
Level[5]: dt = 0.00144783  0.00144783 (0.00289026/0.00308122)
RebuildHierarchy: level = 5
TransferSubgridParticles[5]: Moved 2 particles, 0 stars, 0 active particles.
DetermineSGSize: MaxSubgridSize = 2000, MinSubgridEdge = 4, ncells = 50200
RebuildHierarchy[5]: Flagged 0/97 grids. 0 flagged cells
Level[5]: dt = 0.000190961  0.00144885 (0.00308122/0.00308122)
EvolveLevel[5]: NumberOfSubCycles = 3 (590 total, 3 sub)
RebuildHierarchy: level = 4
TransferSubgridParticles[4]: Moved 4 particles, 0 stars, 0 active particles.
DetermineSGSize: MaxSubgridSize = 2000, MinSubgridEdge = 4, ncells = 50200
RebuildHierarchy[4]: Flagged 93/152 grids. 5307 flagged cells
LoadBalance: Number of grids moved = 96 out of 97 (0.00235863 seconds elapsed)
DetermineSGSize: MaxSubgridSize = 2000, MinSubgridEdge = 4, ncells = 50200
RebuildHierarchy[5]: Flagged 0/97 grids. 0 flagged cells
Level[4]: dt = 0.00309053  0.00309053 (0.00617174/0.00648553)
Level[5]: dt = 0.00144914  0.00144914 (0.00144914/0.00309053)
RebuildHierarchy: level = 5
TransferSubgridParticles[5]: Moved 2 particles, 0 stars, 0 active particles.
DetermineSGSize: MaxSubgridSize = 2000, MinSubgridEdge = 4, ncells = 49840
RebuildHierarchy[5]: Flagged 0/97 grids. 0 flagged cells
Level[5]: dt = 0.00145173  0.00145173 (0.00290087/0.00309053)
RebuildHierarchy: level = 5
TransferSubgridParticles[5]: Moved 1 particles, 0 stars, 0 active particles.
DetermineSGSize: MaxSubgridSize = 2000, MinSubgridEdge = 4, ncells = 49840
RebuildHierarchy[5]: Flagged 0/97 grids. 0 flagged cells
Level[5]: dt = 0.000189659  0.0014539 (0.00309053/0.00309053)
EvolveLevel[5]: NumberOfSubCycles = 3 (593 total, 3 sub)
Level[4]: dt = 0.000313782  0.00310245 (0.00648553/0.00648553)
Level[5]: dt = 0.000313782  0.00145433 (0.000313782/0.000313782)
EvolveLevel[5]: NumberOfSubCycles = 1 (594 total, 1 sub)
EvolveLevel[4]: NumberOfSubCycles = 3 (274 total, 3 sub)
RebuildHierarchy: level = 3
TransferSubgridParticles[3]: Moved 36 particles, 0 stars, 0 active particles.
DetermineSGSize: MaxSubgridSize = 2000, MinSubgridEdge = 4, ncells = 67640
RebuildHierarchy[3]: Flagged 150/461 grids. 6725 flagged cells
LoadBalance: Number of grids moved = 151 out of 152 (6.0197e-05 seconds elapsed)
DetermineSGSize: MaxSubgridSize = 2000, MinSubgridEdge = 4, ncells = 49840
RebuildHierarchy[4]: Flagged 93/152 grids. 5300 flagged cells
LoadBalance: Number of grids moved = 96 out of 97 (0.00250094 seconds elapsed)
DetermineSGSize: MaxSubgridSize = 2000, MinSubgridEdge = 4, ncells = 49840
RebuildHierarchy[5]: Flagged 0/97 grids. 0 flagged cells
Level[3]: dt = 0.0065318  0.0065318 (0.0130173/0.0141758)
Level[4]: dt = 0.0031038  0.0031038 (0.0031038/0.0065318)
Level[5]: dt = 0.00145504  0.00145504 (0.00145504/0.0031038)
RebuildHierarchy: level = 5
TransferSubgridParticles[5]: Moved 0 particles, 0 stars, 0 active particles.
DetermineSGSize: MaxSubgridSize = 2000, MinSubgridEdge = 4, ncells = 49704
RebuildHierarchy[5]: Flagged 0/97 grids. 0 flagged cells
Level[5]: dt = 0.00145802  0.00145802 (0.00291306/0.0031038)
RebuildHierarchy: level = 5
TransferSubgridParticles[5]: Moved 3 particles, 0 stars, 0 active particles.
DetermineSGSize: MaxSubgridSize = 2000, MinSubgridEdge = 4, ncells = 49704
RebuildHierarchy[5]: Flagged 0/97 grids. 0 flagged cells
Level[5]: dt = 0.000190748  0.00146241 (0.0031038/0.0031038)
EvolveLevel[5]: NumberOfSubCycles = 3 (597 total, 3 sub)
RebuildHierarchy: level = 4
TransferSubgridParticles[4]: Moved 4 particles, 0 stars, 0 active particles.
DetermineSGSize: MaxSubgridSize = 2000, MinSubgridEdge = 4, ncells = 49704
RebuildHierarchy[4]: Flagged 92/152 grids. 5282 flagged cells
LoadBalance: Number of grids moved = 95 out of 96 (0.00235679 seconds elapsed)
DetermineSGSize: MaxSubgridSize = 2000, MinSubgridEdge = 4, ncells = 49704
RebuildHierarchy[5]: Flagged 0/96 grids. 0 flagged cells
Level[4]: dt = 0.00311854  0.00311854 (0.00622234/0.0065318)
Level[5]: dt = 0.00146299  0.00146299 (0.00146299/0.00311854)
RebuildHierarchy: level = 5
TransferSubgridParticles[5]: Moved 3 particles, 0 stars, 0 active particles.
DetermineSGSize: MaxSubgridSize = 2000, MinSubgridEdge = 4, ncells = 49616
RebuildHierarchy[5]: Flagged 0/96 grids. 0 flagged cells
Level[5]: dt = 0.00146716  0.00146716 (0.00293015/0.00311854)
RebuildHierarchy: level = 5
TransferSubgridParticles[5]: Moved 1 particles, 0 stars, 0 active particles.
DetermineSGSize: MaxSubgridSize = 2000, MinSubgridEdge = 4, ncells = 49616
RebuildHierarchy[5]: Flagged 0/96 grids. 0 flagged cells
Level[5]: dt = 0.00018839  0.00147281 (0.00311854/0.00311854)
EvolveLevel[5]: NumberOfSubCycles = 3 (600 total, 3 sub)
Level[4]: dt = 0.000309457  0.0031256 (0.0065318/0.0065318)
Level[5]: dt = 0.000309457  0.00147355 (0.000309457/0.000309457)
EvolveLevel[5]: NumberOfSubCycles = 1 (601 total, 1 sub)
EvolveLevel[4]: NumberOfSubCycles = 3 (277 total, 3 sub)
Level[3]: dt = 0.00115846  0.00662159 (0.0141758/0.0141758)
Level[4]: dt = 0.00115846  0.00312508 (0.00115846/0.00115846)
Level[5]: dt = 0.00115846  0.00147474 (0.00115846/0.00115846)
EvolveLevel[5]: NumberOfSubCycles = 1 (602 total, 1 sub)
EvolveLevel[4]: NumberOfSubCycles = 1 (278 total, 1 sub)
EvolveLevel[3]: NumberOfSubCycles = 3 (128 total, 3 sub)
RebuildHierarchy: level = 2
TransferSubgridParticles[2]: Moved 279 particles, 0 stars, 0 active particles.
DetermineSGSize: MaxSubgridSize = 2000, MinSubgridEdge = 4, ncells = 311856
RebuildHierarchy[2]: Flagged 401/1505 grids. 24627 flagged cells
LoadBalance: Number of grids moved = 458 out of 461 (0.000170987 seconds elapsed)
DetermineSGSize: MaxSubgridSize = 2000, MinSubgridEdge = 4, ncells = 67840
RebuildHierarchy[3]: Flagged 151/461 grids. 6728 flagged cells
LoadBalance: Number of grids moved = 152 out of 153 (5.98654e-05 seconds elapsed)
DetermineSGSize: MaxSubgridSize = 2000, MinSubgridEdge = 4, ncells = 49616
RebuildHierarchy[4]: Flagged 92/153 grids. 5300 flagged cells
LoadBalance: Number of grids moved = 95 out of 96 (0.00266979 seconds elapsed)
DetermineSGSize: MaxSubgridSize = 2000, MinSubgridEdge = 4, ncells = 49616
RebuildHierarchy[5]: Flagged 0/96 grids. 0 flagged cells
Level[2]: dt = 0.0141245  0.0141245 (0.0283003/0.0301032)
Level[3]: dt = 0.00664034  0.00664034 (0.00664034/0.0141245)
Level[4]: dt = 0.00312331  0.00312331 (0.00312331/0.00664034)
Level[5]: dt = 0.00147975  0.00147975 (0.00147975/0.00312331)
RebuildHierarchy: level = 5
TransferSubgridParticles[5]: Moved 2 particles, 0 stars, 0 active particles.
DetermineSGSize: MaxSubgridSize = 2000, MinSubgridEdge = 4, ncells = 49656
RebuildHierarchy[5]: Flagged 0/96 grids. 0 flagged cells
Level[5]: dt = 0.00148659  0.00148659 (0.00296634/0.00312331)
RebuildHierarchy: level = 5
TransferSubgridParticles[5]: Moved 1 particles, 0 stars, 0 active particles.
DetermineSGSize: MaxSubgridSize = 2000, MinSubgridEdge = 4, ncells = 49656
RebuildHierarchy[5]: Flagged 0/96 grids. 0 flagged cells
Level[5]: dt = 0.000156973  0.00148579 (0.00312331/0.00312331)
EvolveLevel[5]: NumberOfSubCycles = 3 (605 total, 3 sub)
RebuildHierarchy: level = 4
TransferSubgridParticles[4]: Moved 9 particles, 0 stars, 0 active particles.
DetermineSGSize: MaxSubgridSize = 2000, MinSubgridEdge = 4, ncells = 49656
RebuildHierarchy[4]: Flagged 92/153 grids. 5272 flagged cells
LoadBalance: Number of grids moved = 95 out of 96 (0.00283939 seconds elapsed)
DetermineSGSize: MaxSubgridSize = 2000, MinSubgridEdge = 4, ncells = 49656
RebuildHierarchy[5]: Flagged 0/96 grids. 0 flagged cells
Level[4]: dt = 0.00311823  0.00311823 (0.00624154/0.00664034)
Level[5]: dt = 0.00148575  0.00148575 (0.00148575/0.00311823)
RebuildHierarchy: level = 5
TransferSubgridParticles[5]: Moved 3 particles, 0 stars, 0 active particles.
DetermineSGSize: MaxSubgridSize = 2000, MinSubgridEdge = 4, ncells = 49104
RebuildHierarchy[5]: Flagged 0/96 grids. 0 flagged cells
Level[5]: dt = 0.00148552  0.00148552 (0.00297127/0.00311823)
RebuildHierarchy: level = 5
TransferSubgridParticles[5]: Moved 4 particles, 0 stars, 0 active particles.
DetermineSGSize: MaxSubgridSize = 2000, MinSubgridEdge = 4, ncells = 49104
RebuildHierarchy[5]: Flagged 0/96 grids. 0 flagged cells
Level[5]: dt = 0.000146961  0.00148521 (0.00311823/0.00311823)
EvolveLevel[5]: NumberOfSubCycles = 3 (608 total, 3 sub)
Level[4]: dt = 0.000398799  0.003114 (0.00664034/0.00664034)
Level[5]: dt = 0.000398799  0.00148519 (0.000398799/0.000398799)
EvolveLevel[5]: NumberOfSubCycles = 1 (609 total, 1 sub)
EvolveLevel[4]: NumberOfSubCycles = 3 (281 total, 3 sub)
RebuildHierarchy: level = 3
TransferSubgridParticles[3]: Moved 43 particles, 0 stars, 0 active particles.
DetermineSGSize: MaxSubgridSize = 2000, MinSubgridEdge = 4, ncells = 67688
RebuildHierarchy[3]: Flagged 151/461 grids. 6707 flagged cells
LoadBalance: Number of grids moved = 152 out of 153 (6.25364e-05 seconds elapsed)
DetermineSGSize: MaxSubgridSize = 2000, MinSubgridEdge = 4, ncells = 49104
RebuildHierarchy[4]: Flagged 92/153 grids. 5309 flagged cells
LoadBalance: Number of grids moved = 95 out of 96 (0.00264743 seconds elapsed)
DetermineSGSize: MaxSubgridSize = 2000, MinSubgridEdge = 4, ncells = 49104
RebuildHierarchy[5]: Flagged 0/96 grids. 0 flagged cells
Level[3]: dt = 0.00672371  0.00672371 (0.0133641/0.0141245)
Level[4]: dt = 0.00311367  0.00311367 (0.00311367/0.00672371)
Level[5]: dt = 0.0014851  0.0014851 (0.0014851/0.00311367)
RebuildHierarchy: level = 5
TransferSubgridParticles[5]: Moved 4 particles, 0 stars, 0 active particles.
DetermineSGSize: MaxSubgridSize = 2000, MinSubgridEdge = 4, ncells = 49464
RebuildHierarchy[5]: Flagged 0/96 grids. 0 flagged cells
Level[5]: dt = 0.00148445  0.00148445 (0.00296955/0.00311367)
RebuildHierarchy: level = 5
TransferSubgridParticles[5]: Moved 3 particles, 0 stars, 0 active particles.
DetermineSGSize: MaxSubgridSize = 2000, MinSubgridEdge = 4, ncells = 49464
RebuildHierarchy[5]: Flagged 0/96 grids. 0 flagged cells
Level[5]: dt = 0.000144115  0.00148341 (0.00311367/0.00311367)
EvolveLevel[5]: NumberOfSubCycles = 3 (612 total, 3 sub)
RebuildHierarchy: level = 4
TransferSubgridParticles[4]: Moved 4 particles, 0 stars, 0 active particles.
DetermineSGSize: MaxSubgridSize = 2000, MinSubgridEdge = 4, ncells = 49464
RebuildHierarchy[4]: Flagged 92/153 grids. 5299 flagged cells
LoadBalance: Number of grids moved = 95 out of 96 (0.00251767 seconds elapsed)
DetermineSGSize: MaxSubgridSize = 2000, MinSubgridEdge = 4, ncells = 49464
RebuildHierarchy[5]: Flagged 0/96 grids. 0 flagged cells
Level[4]: dt = 0.00311187  0.00311187 (0.00622554/0.00672371)
Level[5]: dt = 0.00148332  0.00148332 (0.00148332/0.00311187)
RebuildHierarchy: level = 5
TransferSubgridParticles[5]: Moved 1 particles, 0 stars, 0 active particles.
DetermineSGSize: MaxSubgridSize = 2000, MinSubgridEdge = 4, ncells = 49936
RebuildHierarchy[5]: Flagged 0/96 grids. 0 flagged cells
Level[5]: dt = 0.001482  0.001482 (0.00296532/0.00311187)
RebuildHierarchy: level = 5
TransferSubgridParticles[5]: Moved 4 particles, 0 stars, 0 active particles.
DetermineSGSize: MaxSubgridSize = 2000, MinSubgridEdge = 4, ncells = 49936
RebuildHierarchy[5]: Flagged 0/96 grids. 0 flagged cells
Level[5]: dt = 0.000146555  0.00148042 (0.00311187/0.00311187)
EvolveLevel[5]: NumberOfSubCycles = 3 (615 total, 3 sub)
Level[4]: dt = 0.000498177  0.0031122 (0.00672371/0.00672371)
Level[5]: dt = 0.000498177  0.0014803 (0.000498177/0.000498177)
EvolveLevel[5]: NumberOfSubCycles = 1 (616 total, 1 sub)
EvolveLevel[4]: NumberOfSubCycles = 3 (284 total, 3 sub)
Level[3]: dt = 0.000760415  0.00673683 (0.0141245/0.0141245)
Level[4]: dt = 0.000760415  0.00311245 (0.000760415/0.000760415)
Level[5]: dt = 0.000760415  0.00147983 (0.000760415/0.000760415)
EvolveLevel[5]: NumberOfSubCycles = 1 (617 total, 1 sub)
EvolveLevel[4]: NumberOfSubCycles = 1 (285 total, 1 sub)
EvolveLevel[3]: NumberOfSubCycles = 3 (131 total, 3 sub)
Level[2]: dt = 0.00180299  0.014123 (0.0301032/0.0301032)
Level[3]: dt = 0.00180299  0.00673951 (0.00180299/0.00180299)
Level[4]: dt = 0.00180299  0.00311295 (0.00180299/0.00180299)
Level[5]: dt = 0.00147902  0.00147902 (0.00147902/0.00180299)
RebuildHierarchy: level = 5
TransferSubgridParticles[5]: Moved 3 particles, 0 stars, 0 active particles.
DetermineSGSize: MaxSubgridSize = 2000, MinSubgridEdge = 4, ncells = 49936
RebuildHierarchy[5]: Flagged 0/96 grids. 0 flagged cells
Level[5]: dt = 0.000323967  0.00147359 (0.00180299/0.00180299)
EvolveLevel[5]: NumberOfSubCycles = 2 (619 total, 2 sub)
EvolveLevel[4]: NumberOfSubCycles = 1 (286 total, 1 sub)
EvolveLevel[3]: NumberOfSubCycles = 1 (132 total, 1 sub)
EvolveLevel[2]: NumberOfSubCycles = 3 (60 total, 3 sub)
Level[1]: dt = 0.00271568  0.0289368 (0.0644172/0.0644172)
Level[2]: dt = 0.00271568  0.0141227 (0.00271568/0.00271568)
Level[3]: dt = 0.00271568  0.00674692 (0.00271568/0.00271568)
Level[4]: dt = 0.00271568  0.00311413 (0.00271568/0.00271568)
Level[5]: dt = 0.00147221  0.00147221 (0.00147221/0.00271568)
RebuildHierarchy: level = 5
TransferSubgridParticles[5]: Moved 2 particles, 0 stars, 0 active particles.
DetermineSGSize: MaxSubgridSize = 2000, MinSubgridEdge = 4, ncells = 49936
RebuildHierarchy[5]: Flagged 0/96 grids. 0 flagged cells
Level[5]: dt = 0.00124347  0.00146612 (0.00271568/0.00271568)
EvolveLevel[5]: NumberOfSubCycles = 2 (621 total, 2 sub)
EvolveLevel[4]: NumberOfSubCycles = 1 (287 total, 1 sub)
EvolveLevel[3]: NumberOfSubCycles = 1 (133 total, 1 sub)
EvolveLevel[2]: NumberOfSubCycles = 1 (61 total, 1 sub)
EvolveLevel[1]: NumberOfSubCycles = 3 (25 total, 3 sub)
EvolveLevel[0]: NumberOfSubCycles = 1 (9 total, 9 sub)
CPUTime-output: Frac = 0.999991, Current = 990.069 (990.069), Stop = 2592000.000000, Last = 23.2284
[YT_INFO   ] Setting YT parameters ...
[YT_INFO   ] Setting YT parameters ... done.
[YT_INFO   ] Getting pointer to particle list information ...
[YT_INFO   ] Getting pointer to particle list information  ... done.
[YT_INFO   ] Getting pointer to field list information ...
[YT_INFO   ] Getting pointer to field list information  ... done.
[YT_INFO   ] Getting pointer to local grids information ...
[YT_INFO   ] Getting pointer to local grids information  ... done.
[YT_INFO   ] Loading full hierarchy and local data to libyt ...
[YT_INFO   ] Loading full hierarchy and local data ... done.
[YT_INFO   ] Performing YT inline analysis yt_inline_func() ...
[YT_INFO   ] Performing YT inline analysis yt_inline_func() ... done.
Level[0]: dt = 0.0619415  0.0619415 (0.0619415/0.0619415)
Level[1]: dt = 0.0288585  0.0288585 (0.0288585/0.0619415)
Level[2]: dt = 0.0141216  0.0141216 (0.0141216/0.0288585)
Level[3]: dt = 0.00676188  0.00676188 (0.00676188/0.0141216)
Level[4]: dt = 0.00311737  0.00311737 (0.00311737/0.00676188)
Level[5]: dt = 0.00146098  0.00146098 (0.00146098/0.00311737)
RebuildHierarchy: level = 5
TransferSubgridParticles[5]: Moved 0 particles, 0 stars, 0 active particles.
DetermineSGSize: MaxSubgridSize = 2000, MinSubgridEdge = 4, ncells = 49936
RebuildHierarchy[5]: Flagged 0/96 grids. 0 flagged cells
Level[5]: dt = 0.00145517  0.00145517 (0.00291614/0.00311737)
RebuildHierarchy: level = 5
TransferSubgridParticles[5]: Moved 2 particles, 0 stars, 0 active particles.
DetermineSGSize: MaxSubgridSize = 2000, MinSubgridEdge = 4, ncells = 49936
RebuildHierarchy[5]: Flagged 0/96 grids. 0 flagged cells
Level[5]: dt = 0.000201223  0.00144973 (0.00311737/0.00311737)
EvolveLevel[5]: NumberOfSubCycles = 3 (624 total, 3 sub)
RebuildHierarchy: level = 4
TransferSubgridParticles[4]: Moved 11 particles, 0 stars, 0 active particles.
DetermineSGSize: MaxSubgridSize = 2000, MinSubgridEdge = 4, ncells = 49936
RebuildHierarchy[4]: Flagged 93/153 grids. 5357 flagged cells
LoadBalance: Number of grids moved = 96 out of 97 (0.00243301 seconds elapsed)
DetermineSGSize: MaxSubgridSize = 2000, MinSubgridEdge = 4, ncells = 49936
RebuildHierarchy[5]: Flagged 0/97 grids. 0 flagged cells
Level[4]: dt = 0.00312155  0.00312155 (0.00623891/0.00676188)
Level[5]: dt = 0.00144899  0.00144899 (0.00144899/0.00312155)
RebuildHierarchy: level = 5
TransferSubgridParticles[5]: Moved 2 particles, 0 stars, 0 active particles.
DetermineSGSize: MaxSubgridSize = 2000, MinSubgridEdge = 4, ncells = 50344
RebuildHierarchy[5]: Flagged 0/97 grids. 0 flagged cells
Level[5]: dt = 0.001444  0.001444 (0.00289298/0.00312155)
RebuildHierarchy: level = 5
TransferSubgridParticles[5]: Moved 2 particles, 0 stars, 0 active particles.
DetermineSGSize: MaxSubgridSize = 2000, MinSubgridEdge = 4, ncells = 50344
RebuildHierarchy[5]: Flagged 0/97 grids. 0 flagged cells
Level[5]: dt = 0.000228563  0.00143933 (0.00312155/0.00312155)
EvolveLevel[5]: NumberOfSubCycles = 3 (627 total, 3 sub)
Level[4]: dt = 0.000522966  0.00312814 (0.00676188/0.00676188)
Level[5]: dt = 0.000522966  0.00143862 (0.000522966/0.000522966)
EvolveLevel[5]: NumberOfSubCycles = 1 (628 total, 1 sub)
EvolveLevel[4]: NumberOfSubCycles = 3 (290 total, 3 sub)
RebuildHierarchy: level = 3
TransferSubgridParticles[3]: Moved 92 particles, 0 stars, 0 active particles.
DetermineSGSize: MaxSubgridSize = 2000, MinSubgridEdge = 4, ncells = 67656
RebuildHierarchy[3]: Flagged 152/461 grids. 6684 flagged cells
LoadBalance: Number of grids moved = 154 out of 155 (6.19702e-05 seconds elapsed)
DetermineSGSize: MaxSubgridSize = 2000, MinSubgridEdge = 4, ncells = 50344
RebuildHierarchy[4]: Flagged 94/155 grids. 5359 flagged cells
LoadBalance: Number of grids moved = 96 out of 97 (0.00255581 seconds elapsed)
DetermineSGSize: MaxSubgridSize = 2000, MinSubgridEdge = 4, ncells = 50344
RebuildHierarchy[5]: Flagged 0/97 grids. 0 flagged cells
Level[3]: dt = 0.00680701  0.00680701 (0.0135689/0.0141216)
Level[4]: dt = 0.00312956  0.00312956 (0.00312956/0.00680701)
Level[5]: dt = 0.00143707  0.00143707 (0.00143707/0.00312956)
RebuildHierarchy: level = 5
TransferSubgridParticles[5]: Moved 0 particles, 0 stars, 0 active particles.
DetermineSGSize: MaxSubgridSize = 2000, MinSubgridEdge = 4, ncells = 50184
RebuildHierarchy[5]: Flagged 0/97 grids. 0 flagged cells
Level[5]: dt = 0.00143336  0.00143336 (0.00287042/0.00312956)
RebuildHierarchy: level = 5
TransferSubgridParticles[5]: Moved 1 particles, 0 stars, 0 active particles.
DetermineSGSize: MaxSubgridSize = 2000, MinSubgridEdge = 4, ncells = 50184
RebuildHierarchy[5]: Flagged 0/97 grids. 0 flagged cells
Level[5]: dt = 0.000259143  0.00143012 (0.00312956/0.00312956)
EvolveLevel[5]: NumberOfSubCycles = 3 (631 total, 3 sub)
RebuildHierarchy: level = 4
TransferSubgridParticles[4]: Moved 1 particles, 0 stars, 0 active particles.
DetermineSGSize: MaxSubgridSize = 2000, MinSubgridEdge = 4, ncells = 50184
RebuildHierarchy[4]: Flagged 94/155 grids. 5341 flagged cells
LoadBalance: Number of grids moved = 96 out of 97 (0.00244887 seconds elapsed)
DetermineSGSize: MaxSubgridSize = 2000, MinSubgridEdge = 4, ncells = 50184
RebuildHierarchy[5]: Flagged 0/97 grids. 0 flagged cells
Level[4]: dt = 0.00313956  0.00313956 (0.00626912/0.00680701)
Level[5]: dt = 0.00142972  0.00142972 (0.00142972/0.00313956)
RebuildHierarchy: level = 5
TransferSubgridParticles[5]: Moved 4 particles, 0 stars, 0 active particles.
DetermineSGSize: MaxSubgridSize = 2000, MinSubgridEdge = 4, ncells = 49880
RebuildHierarchy[5]: Flagged 0/97 grids. 0 flagged cells
Level[5]: dt = 0.00142813  0.00142813 (0.00285785/0.00313956)
RebuildHierarchy: level = 5
TransferSubgridParticles[5]: Moved 1 particles, 0 stars, 0 active particles.
DetermineSGSize: MaxSubgridSize = 2000, MinSubgridEdge = 4, ncells = 49880
RebuildHierarchy[5]: Flagged 0/97 grids. 0 flagged cells
Level[5]: dt = 0.000281703  0.00142713 (0.00313956/0.00313956)
EvolveLevel[5]: NumberOfSubCycles = 3 (634 total, 3 sub)
Level[4]: dt = 0.000537886  0.00315109 (0.00680701/0.00680701)
Level[5]: dt = 0.000537886  0.00142711 (0.000537886/0.000537886)
EvolveLevel[5]: NumberOfSubCycles = 1 (635 total, 1 sub)
EvolveLevel[4]: NumberOfSubCycles = 3 (293 total, 3 sub)
Level[3]: dt = 0.000552729  0.00680726 (0.0141216/0.0141216)
Level[4]: dt = 0.000552729  0.00315328 (0.000552729/0.000552729)
Level[5]: dt = 0.000552729  0.0014272 (0.000552729/0.000552729)
EvolveLevel[5]: NumberOfSubCycles = 1 (636 total, 1 sub)
EvolveLevel[4]: NumberOfSubCycles = 1 (294 total, 1 sub)
EvolveLevel[3]: NumberOfSubCycles = 3 (136 total, 3 sub)
RebuildHierarchy: level = 2
TransferSubgridParticles[2]: Moved 621 particles, 0 stars, 0 active particles.
DetermineSGSize: MaxSubgridSize = 2000, MinSubgridEdge = 4, ncells = 311368
RebuildHierarchy[2]: Flagged 400/1505 grids. 24837 flagged cells
LoadBalance: Number of grids moved = 458 out of 461 (0.000173632 seconds elapsed)
DetermineSGSize: MaxSubgridSize = 2000, MinSubgridEdge = 4, ncells = 65400
RebuildHierarchy[3]: Flagged 153/461 grids. 6678 flagged cells
LoadBalance: Number of grids moved = 155 out of 156 (7.40215e-05 seconds elapsed)
DetermineSGSize: MaxSubgridSize = 2000, MinSubgridEdge = 4, ncells = 49880
RebuildHierarchy[4]: Flagged 94/156 grids. 5363 flagged cells
LoadBalance: Number of grids moved = 97 out of 97 (0.00254361 seconds elapsed)
DetermineSGSize: MaxSubgridSize = 2000, MinSubgridEdge = 4, ncells = 49880
RebuildHierarchy[5]: Flagged 0/97 grids. 0 flagged cells
Level[2]: dt = 0.0147369  0.0140593 (0.0288585/0.0288585)
Level[3]: dt = 0.00680748  0.00680748 (0.00680748/0.0147369)
Level[4]: dt = 0.00315551  0.00315551 (0.00315551/0.00680748)
Level[5]: dt = 0.00142736  0.00142736 (0.00142736/0.00315551)
RebuildHierarchy: level = 5
TransferSubgridParticles[5]: Moved 2 particles, 0 stars, 0 active particles.
DetermineSGSize: MaxSubgridSize = 2000, MinSubgridEdge = 4, ncells = 50392
RebuildHierarchy[5]: Flagged 0/97 grids. 0 flagged cells
Level[5]: dt = 0.00142824  0.00142824 (0.0028556/0.00315551)
RebuildHierarchy: level = 5
TransferSubgridParticles[5]: Moved 1 particles, 0 stars, 0 active particles.
DetermineSGSize: MaxSubgridSize = 2000, MinSubgridEdge = 4, ncells = 50392
RebuildHierarchy[5]: Flagged 0/97 grids. 0 flagged cells
Level[5]: dt = 0.00029991  0.00142923 (0.00315551/0.00315551)
EvolveLevel[5]: NumberOfSubCycles = 3 (639 total, 3 sub)
RebuildHierarchy: level = 4
TransferSubgridParticles[4]: Moved 4 particles, 0 stars, 0 active particles.
DetermineSGSize: MaxSubgridSize = 2000, MinSubgridEdge = 4, ncells = 50392
RebuildHierarchy[4]: Flagged 95/156 grids. 5417 flagged cells
LoadBalance: Number of grids moved = 98 out of 98 (0.0026661 seconds elapsed)
DetermineSGSize: MaxSubgridSize = 2000, MinSubgridEdge = 4, ncells = 50392
RebuildHierarchy[5]: Flagged 0/98 grids. 0 flagged cells
Level[4]: dt = 0.00316774  0.00316774 (0.00632326/0.00680748)
Level[5]: dt = 0.0014294  0.0014294 (0.0014294/0.00316774)
RebuildHierarchy: level = 5
TransferSubgridParticles[5]: Moved 1 particles, 0 stars, 0 active particles.
DetermineSGSize: MaxSubgridSize = 2000, MinSubgridEdge = 4, ncells = 51000
RebuildHierarchy[5]: Flagged 0/98 grids. 0 flagged cells
Level[5]: dt = 0.00142736  0.00142736 (0.00285676/0.00316774)
RebuildHierarchy: level = 5
TransferSubgridParticles[5]: Moved 0 particles, 0 stars, 0 active particles.
DetermineSGSize: MaxSubgridSize = 2000, MinSubgridEdge = 4, ncells = 51000
RebuildHierarchy[5]: Flagged 0/98 grids. 0 flagged cells
Level[5]: dt = 0.00031098  0.00142446 (0.00316774/0.00316774)
EvolveLevel[5]: NumberOfSubCycles = 3 (642 total, 3 sub)
Level[4]: dt = 0.000484223  0.0031798 (0.00680748/0.00680748)
Level[5]: dt = 0.000484223  0.00142397 (0.000484223/0.000484223)
EvolveLevel[5]: NumberOfSubCycles = 1 (643 total, 1 sub)
EvolveLevel[4]: NumberOfSubCycles = 3 (297 total, 3 sub)
RebuildHierarchy: level = 3
TransferSubgridParticles[3]: Moved 40 particles, 0 stars, 0 active particles.
DetermineSGSize: MaxSubgridSize = 2000, MinSubgridEdge = 4, ncells = 65584
RebuildHierarchy[3]: Flagged 153/461 grids. 6722 flagged cells
LoadBalance: Number of grids moved = 154 out of 155 (7.62641e-05 seconds elapsed)
DetermineSGSize: MaxSubgridSize = 2000, MinSubgridEdge = 4, ncells = 51000
RebuildHierarchy[4]: Flagged 94/155 grids. 5449 flagged cells
LoadBalance: Number of grids moved = 98 out of 98 (0.00272411 seconds elapsed)
DetermineSGSize: MaxSubgridSize = 2000, MinSubgridEdge = 4, ncells = 51000
RebuildHierarchy[5]: Flagged 0/98 grids. 0 flagged cells
Level[3]: dt = 0.00677152  0.00677152 (0.013579/0.0147369)
Level[4]: dt = 0.00318167  0.00318167 (0.00318167/0.00677152)
Level[5]: dt = 0.0014233  0.0014233 (0.0014233/0.00318167)
RebuildHierarchy: level = 5
TransferSubgridParticles[5]: Moved 0 particles, 0 stars, 0 active particles.
DetermineSGSize: MaxSubgridSize = 2000, MinSubgridEdge = 4, ncells = 51648
RebuildHierarchy[5]: Flagged 0/98 grids. 0 flagged cells
Level[5]: dt = 0.00142186  0.00142186 (0.00284516/0.00318167)
RebuildHierarchy: level = 5
TransferSubgridParticles[5]: Moved 2 particles, 0 stars, 0 active particles.
DetermineSGSize: MaxSubgridSize = 2000, MinSubgridEdge = 4, ncells = 51648
RebuildHierarchy[5]: Flagged 0/98 grids. 0 flagged cells
Level[5]: dt = 0.000336513  0.00142119 (0.00318167/0.00318167)
EvolveLevel[5]: NumberOfSubCycles = 3 (646 total, 3 sub)
RebuildHierarchy: level = 4
TransferSubgridParticles[4]: Moved 5 particles, 0 stars, 0 active particles.
DetermineSGSize: MaxSubgridSize = 2000, MinSubgridEdge = 4, ncells = 51648
RebuildHierarchy[4]: Flagged 94/155 grids. 5450 flagged cells
LoadBalance: Number of grids moved = 98 out of 98 (0.00266475 seconds elapsed)
DetermineSGSize: MaxSubgridSize = 2000, MinSubgridEdge = 4, ncells = 51648
RebuildHierarchy[5]: Flagged 0/98 grids. 0 flagged cells
Level[4]: dt = 0.00319479  0.00319479 (0.00637646/0.00677152)
Level[5]: dt = 0.00142117  0.00142117 (0.00142117/0.00319479)
RebuildHierarchy: level = 5
TransferSubgridParticles[5]: Moved 1 particles, 0 stars, 0 active particles.
DetermineSGSize: MaxSubgridSize = 2000, MinSubgridEdge = 4, ncells = 51712
RebuildHierarchy[5]: Flagged 0/98 grids. 0 flagged cells
Level[5]: dt = 0.00142163  0.00142163 (0.0028428/0.00319479)
RebuildHierarchy: level = 5
TransferSubgridParticles[5]: Moved 0 particles, 0 stars, 0 active particles.
DetermineSGSize: MaxSubgridSize = 2000, MinSubgridEdge = 4, ncells = 51712
RebuildHierarchy[5]: Flagged 0/98 grids. 0 flagged cells
Level[5]: dt = 0.000351987  0.0014229 (0.00319479/0.00319479)
EvolveLevel[5]: NumberOfSubCycles = 3 (649 total, 3 sub)
Level[4]: dt = 0.000395063  0.0031936 (0.00677152/0.00677152)
Level[5]: dt = 0.000395063  0.00142341 (0.000395063/0.000395063)
EvolveLevel[5]: NumberOfSubCycles = 1 (650 total, 1 sub)
EvolveLevel[4]: NumberOfSubCycles = 3 (300 total, 3 sub)
Level[3]: dt = 0.00115787  0.00663029 (0.0147369/0.0147369)
Level[4]: dt = 0.00115787  0.00319327 (0.00115787/0.00115787)
Level[5]: dt = 0.00115787  0.00142406 (0.00115787/0.00115787)
EvolveLevel[5]: NumberOfSubCycles = 1 (651 total, 1 sub)
EvolveLevel[4]: NumberOfSubCycles = 1 (301 total, 1 sub)
EvolveLevel[3]: NumberOfSubCycles = 3 (139 total, 3 sub)
EvolveLevel[2]: NumberOfSubCycles = 2 (63 total, 2 sub)
RebuildHierarchy: level = 1
TransferSubgridParticles[1]: Moved 10688 particles, 0 stars, 0 active particles.
DetermineSGSize: MaxSubgridSize = 2000, MinSubgridEdge = 4, ncells = 1456128
RebuildHierarchy[1]: Flagged 994/9033 grids. 100327 flagged cells
LoadBalance: Number of grids moved = 1504 out of 1517 (0.00569783 seconds elapsed)
DetermineSGSize: MaxSubgridSize = 2000, MinSubgridEdge = 4, ncells = 318136
RebuildHierarchy[2]: Flagged 400/1517 grids. 24977 flagged cells
LoadBalance: Number of grids moved = 459 out of 463 (0.00017022 seconds elapsed)
DetermineSGSize: MaxSubgridSize = 2000, MinSubgridEdge = 4, ncells = 67816
RebuildHierarchy[3]: Flagged 151/463 grids. 6702 flagged cells
LoadBalance: Number of grids moved = 152 out of 153 (7.30976e-05 seconds elapsed)
DetermineSGSize: MaxSubgridSize = 2000, MinSubgridEdge = 4, ncells = 51712
RebuildHierarchy[4]: Flagged 93/153 grids. 5424 flagged cells
LoadBalance: Number of grids moved = 97 out of 97 (0.00266849 seconds elapsed)
DetermineSGSize: MaxSubgridSize = 2000, MinSubgridEdge = 4, ncells = 51712
RebuildHierarchy[5]: Flagged 0/97 grids. 0 flagged cells
Level[1]: dt = 0.0284405  0.0284405 (0.057299/0.0619415)
Level[2]: dt = 0.0139155  0.0139155 (0.0139155/0.0284405)
Level[3]: dt = 0.00660684  0.00660684 (0.00660684/0.0139155)
Level[4]: dt = 0.00318915  0.00318915 (0.00318915/0.00660684)
Level[5]: dt = 0.00142626  0.00142626 (0.00142626/0.00318915)
RebuildHierarchy: level = 5
TransferSubgridParticles[5]: Moved 1 particles, 0 stars, 0 active particles.
DetermineSGSize: MaxSubgridSize = 2000, MinSubgridEdge = 4, ncells = 51480
RebuildHierarchy[5]: Flagged 0/97 grids. 0 flagged cells
Level[5]: dt = 0.0014299  0.0014299 (0.00285616/0.00318915)
RebuildHierarchy: level = 5
TransferSubgridParticles[5]: Moved 2 particles, 0 stars, 0 active particles.
DetermineSGSize: MaxSubgridSize = 2000, MinSubgridEdge = 4, ncells = 51480
RebuildHierarchy[5]: Flagged 0/97 grids. 0 flagged cells
Level[5]: dt = 0.000332992  0.00143422 (0.00318915/0.00318915)
EvolveLevel[5]: NumberOfSubCycles = 3 (654 total, 3 sub)
RebuildHierarchy: level = 4
TransferSubgridParticles[4]: Moved 4 particles, 0 stars, 0 active particles.
DetermineSGSize: MaxSubgridSize = 2000, MinSubgridEdge = 4, ncells = 51480
RebuildHierarchy[4]: Flagged 93/153 grids. 5406 flagged cells
LoadBalance: Number of grids moved = 97 out of 97 (0.00282086 seconds elapsed)
DetermineSGSize: MaxSubgridSize = 2000, MinSubgridEdge = 4, ncells = 51480
RebuildHierarchy[5]: Flagged 0/97 grids. 0 flagged cells
Level[4]: dt = 0.00314967  0.00314967 (0.00633881/0.00660684)
Level[5]: dt = 0.00143533  0.00143533 (0.00143533/0.00314967)
RebuildHierarchy: level = 5
TransferSubgridParticles[5]: Moved 1 particles, 0 stars, 0 active particles.
DetermineSGSize: MaxSubgridSize = 2000, MinSubgridEdge = 4, ncells = 51448
RebuildHierarchy[5]: Flagged 0/97 grids. 0 flagged cells
Level[5]: dt = 0.00144058  0.00144058 (0.00287592/0.00314967)
RebuildHierarchy: level = 5
TransferSubgridParticles[5]: Moved 1 particles, 0 stars, 0 active particles.
DetermineSGSize: MaxSubgridSize = 2000, MinSubgridEdge = 4, ncells = 51448
RebuildHierarchy[5]: Flagged 0/97 grids. 0 flagged cells
Level[5]: dt = 0.000273751  0.00144607 (0.00314967/0.00314967)
EvolveLevel[5]: NumberOfSubCycles = 3 (657 total, 3 sub)
Level[4]: dt = 0.000268024  0.00311136 (0.00660684/0.00660684)
Level[5]: dt = 0.000268024  0.00144709 (0.000268024/0.000268024)
EvolveLevel[5]: NumberOfSubCycles = 1 (658 total, 1 sub)
EvolveLevel[4]: NumberOfSubCycles = 3 (304 total, 3 sub)
RebuildHierarchy: level = 3
TransferSubgridParticles[3]: Moved 31 particles, 0 stars, 0 active particles.
DetermineSGSize: MaxSubgridSize = 2000, MinSubgridEdge = 4, ncells = 67304
RebuildHierarchy[3]: Flagged 150/463 grids. 6691 flagged cells
LoadBalance: Number of grids moved = 151 out of 152 (7.36304e-05 seconds elapsed)
DetermineSGSize: MaxSubgridSize = 2000, MinSubgridEdge = 4, ncells = 51448
RebuildHierarchy[4]: Flagged 94/152 grids. 5397 flagged cells
LoadBalance: Number of grids moved = 98 out of 98 (0.00270451 seconds elapsed)
DetermineSGSize: MaxSubgridSize = 2000, MinSubgridEdge = 4, ncells = 51448
RebuildHierarchy[5]: Flagged 0/98 grids. 0 flagged cells
Level[3]: dt = 0.00648022  0.00648022 (0.0130871/0.0139155)
Level[4]: dt = 0.0031082  0.0031082 (0.0031082/0.00648022)
Level[5]: dt = 0.00144812  0.00144812 (0.00144812/0.0031082)
RebuildHierarchy: level = 5
TransferSubgridParticles[5]: Moved 3 particles, 0 stars, 0 active particles.
DetermineSGSize: MaxSubgridSize = 2000, MinSubgridEdge = 4, ncells = 51352
RebuildHierarchy[5]: Flagged 0/98 grids. 0 flagged cells
Level[5]: dt = 0.0014536  0.0014536 (0.00290172/0.0031082)
RebuildHierarchy: level = 5
TransferSubgridParticles[5]: Moved 2 particles, 0 stars, 0 active particles.
DetermineSGSize: MaxSubgridSize = 2000, MinSubgridEdge = 4, ncells = 51352
RebuildHierarchy[5]: Flagged 0/98 grids. 0 flagged cells
Level[5]: dt = 0.000206484  0.00145883 (0.0031082/0.0031082)
EvolveLevel[5]: NumberOfSubCycles = 3 (661 total, 3 sub)
RebuildHierarchy: level = 4
TransferSubgridParticles[4]: Moved 1 particles, 0 stars, 0 active particles.
DetermineSGSize: MaxSubgridSize = 2000, MinSubgridEdge = 4, ncells = 51352
RebuildHierarchy[4]: Flagged 93/152 grids. 5395 flagged cells
LoadBalance: Number of grids moved = 97 out of 97 (0.00269744 seconds elapsed)
DetermineSGSize: MaxSubgridSize = 2000, MinSubgridEdge = 4, ncells = 51352
RebuildHierarchy[5]: Flagged 0/97 grids. 0 flagged cells
Level[4]: dt = 0.00307261  0.00307261 (0.00618081/0.00648022)
Level[5]: dt = 0.00145952  0.00145952 (0.00145952/0.00307261)
RebuildHierarchy: level = 5
TransferSubgridParticles[5]: Moved 0 particles, 0 stars, 0 active particles.
DetermineSGSize: MaxSubgridSize = 2000, MinSubgridEdge = 4, ncells = 51368
RebuildHierarchy[5]: Flagged 0/97 grids. 0 flagged cells
Level[5]: dt = 0.00146455  0.00146455 (0.00292408/0.00307261)
RebuildHierarchy: level = 5
TransferSubgridParticles[5]: Moved 1 particles, 0 stars, 0 active particles.
DetermineSGSize: MaxSubgridSize = 2000, MinSubgridEdge = 4, ncells = 51368
RebuildHierarchy[5]: Flagged 0/97 grids. 0 flagged cells
Level[5]: dt = 0.000148533  0.00146937 (0.00307261/0.00307261)
EvolveLevel[5]: NumberOfSubCycles = 3 (664 total, 3 sub)
Level[4]: dt = 0.000299411  0.00303937 (0.00648022/0.00648022)
Level[5]: dt = 0.000299411  0.00146984 (0.000299411/0.000299411)
EvolveLevel[5]: NumberOfSubCycles = 1 (665 total, 1 sub)
EvolveLevel[4]: NumberOfSubCycles = 3 (307 total, 3 sub)
Level[3]: dt = 0.000828465  0.00638204 (0.0139155/0.0139155)
Level[4]: dt = 0.000828465  0.00303618 (0.000828465/0.000828465)
Level[5]: dt = 0.000828465  0.00147082 (0.000828465/0.000828465)
EvolveLevel[5]: NumberOfSubCycles = 1 (666 total, 1 sub)
EvolveLevel[4]: NumberOfSubCycles = 1 (308 total, 1 sub)
EvolveLevel[3]: NumberOfSubCycles = 3 (142 total, 3 sub)
RebuildHierarchy: level = 2
TransferSubgridParticles[2]: Moved 287 particles, 0 stars, 0 active particles.
DetermineSGSize: MaxSubgridSize = 2000, MinSubgridEdge = 4, ncells = 320848
RebuildHierarchy[2]: Flagged 404/1517 grids. 25136 flagged cells
LoadBalance: Number of grids moved = 461 out of 466 (0.000164624 seconds elapsed)
DetermineSGSize: MaxSubgridSize = 2000, MinSubgridEdge = 4, ncells = 67376
RebuildHierarchy[3]: Flagged 148/466 grids. 6669 flagged cells
LoadBalance: Number of grids moved = 149 out of 150 (7.45244e-05 seconds elapsed)
DetermineSGSize: MaxSubgridSize = 2000, MinSubgridEdge = 4, ncells = 51368
RebuildHierarchy[4]: Flagged 93/150 grids. 5385 flagged cells
LoadBalance: Number of grids moved = 97 out of 97 (0.00277146 seconds elapsed)
DetermineSGSize: MaxSubgridSize = 2000, MinSubgridEdge = 4, ncells = 51368
RebuildHierarchy[5]: Flagged 0/97 grids. 0 flagged cells
Level[2]: dt = 0.0137539  0.0137539 (0.0276694/0.0284405)
Level[3]: dt = 0.00637256  0.00637256 (0.00637256/0.0137539)
Level[4]: dt = 0.00302744  0.00302744 (0.00302744/0.00637256)
Level[5]: dt = 0.00147356  0.00147356 (0.00147356/0.00302744)
RebuildHierarchy: level = 5
TransferSubgridParticles[5]: Moved 4 particles, 0 stars, 0 active particles.
DetermineSGSize: MaxSubgridSize = 2000, MinSubgridEdge = 4, ncells = 51176
RebuildHierarchy[5]: Flagged 0/97 grids. 0 flagged cells
Level[5]: dt = 0.00147842  0.00147842 (0.00295198/0.00302744)
RebuildHierarchy: level = 5
TransferSubgridParticles[5]: Moved 3 particles, 0 stars, 0 active particles.
DetermineSGSize: MaxSubgridSize = 2000, MinSubgridEdge = 4, ncells = 51176
RebuildHierarchy[5]: Flagged 0/97 grids. 0 flagged cells
Level[5]: dt = 7.54666e-05  0.00147521 (0.00302744/0.00302744)
EvolveLevel[5]: NumberOfSubCycles = 3 (669 total, 3 sub)
RebuildHierarchy: level = 4
TransferSubgridParticles[4]: Moved 3 particles, 0 stars, 0 active particles.
DetermineSGSize: MaxSubgridSize = 2000, MinSubgridEdge = 4, ncells = 51176
RebuildHierarchy[4]: Flagged 93/150 grids. 5395 flagged cells
LoadBalance: Number of grids moved = 97 out of 97 (0.00268171 seconds elapsed)
DetermineSGSize: MaxSubgridSize = 2000, MinSubgridEdge = 4, ncells = 51176
RebuildHierarchy[5]: Flagged 0/97 grids. 0 flagged cells
Level[4]: dt = 0.00299625  0.00299625 (0.0060237/0.00637256)
Level[5]: dt = 0.00147481  0.00147481 (0.00147481/0.00299625)
RebuildHierarchy: level = 5
TransferSubgridParticles[5]: Moved 4 particles, 0 stars, 0 active particles.
DetermineSGSize: MaxSubgridSize = 2000, MinSubgridEdge = 4, ncells = 51544
RebuildHierarchy[5]: Flagged 0/97 grids. 0 flagged cells
Level[5]: dt = 0.00152145  0.00146723 (0.00299625/0.00299625)
EvolveLevel[5]: NumberOfSubCycles = 2 (671 total, 2 sub)
Level[4]: dt = 0.000348865  0.00296716 (0.00637256/0.00637256)
Level[5]: dt = 0.000348865  0.0014597 (0.000348865/0.000348865)
EvolveLevel[5]: NumberOfSubCycles = 1 (672 total, 1 sub)
EvolveLevel[4]: NumberOfSubCycles = 3 (311 total, 3 sub)
RebuildHierarchy: level = 3
TransferSubgridParticles[3]: Moved 39 particles, 0 stars, 0 active particles.
DetermineSGSize: MaxSubgridSize = 2000, MinSubgridEdge = 4, ncells = 67816
RebuildHierarchy[3]: Flagged 148/466 grids. 6712 flagged cells
LoadBalance: Number of grids moved = 149 out of 150 (7.34441e-05 seconds elapsed)
DetermineSGSize: MaxSubgridSize = 2000, MinSubgridEdge = 4, ncells = 51544
RebuildHierarchy[4]: Flagged 93/150 grids. 5403 flagged cells
LoadBalance: Number of grids moved = 97 out of 97 (0.00274569 seconds elapsed)
DetermineSGSize: MaxSubgridSize = 2000, MinSubgridEdge = 4, ncells = 51544
RebuildHierarchy[5]: Flagged 0/97 grids. 0 flagged cells
Level[3]: dt = 0.00632289  0.00632289 (0.0126955/0.0137539)
Level[4]: dt = 0.00296406  0.00296406 (0.00296406/0.00632289)
Level[5]: dt = 0.00145799  0.00145799 (0.00145799/0.00296406)
RebuildHierarchy: level = 5
TransferSubgridParticles[5]: Moved 1 particles, 0 stars, 0 active particles.
DetermineSGSize: MaxSubgridSize = 2000, MinSubgridEdge = 4, ncells = 51680
RebuildHierarchy[5]: Flagged 0/97 grids. 0 flagged cells
Level[5]: dt = 0.00150607  0.0014514 (0.00296406/0.00296406)
EvolveLevel[5]: NumberOfSubCycles = 2 (674 total, 2 sub)
RebuildHierarchy: level = 4
TransferSubgridParticles[4]: Moved 4 particles, 0 stars, 0 active particles.
DetermineSGSize: MaxSubgridSize = 2000, MinSubgridEdge = 4, ncells = 51680
RebuildHierarchy[4]: Flagged 93/150 grids. 5405 flagged cells
LoadBalance: Number of grids moved = 97 out of 97 (0.0027543 seconds elapsed)
DetermineSGSize: MaxSubgridSize = 2000, MinSubgridEdge = 4, ncells = 51680
RebuildHierarchy[5]: Flagged 0/97 grids. 0 flagged cells
Level[4]: dt = 0.00294078  0.00294078 (0.00590484/0.00632289)
Level[5]: dt = 0.00144558  0.00144558 (0.00144558/0.00294078)
RebuildHierarchy: level = 5
TransferSubgridParticles[5]: Moved 1 particles, 0 stars, 0 active particles.
DetermineSGSize: MaxSubgridSize = 2000, MinSubgridEdge = 4, ncells = 51552
RebuildHierarchy[5]: Flagged 0/97 grids. 0 flagged cells
Level[5]: dt = 0.0014952  0.00144087 (0.00294078/0.00294078)
EvolveLevel[5]: NumberOfSubCycles = 2 (676 total, 2 sub)
Level[4]: dt = 0.000418048  0.00292444 (0.00632289/0.00632289)
Level[5]: dt = 0.000418048  0.00143707 (0.000418048/0.000418048)
EvolveLevel[5]: NumberOfSubCycles = 1 (677 total, 1 sub)
EvolveLevel[4]: NumberOfSubCycles = 3 (314 total, 3 sub)
Level[3]: dt = 0.00105845  0.00632107 (0.0137539/0.0137539)
Level[4]: dt = 0.00105845  0.00292279 (0.00105845/0.00105845)
Level[5]: dt = 0.00105845  0.00143615 (0.00105845/0.00105845)
EvolveLevel[5]: NumberOfSubCycles = 1 (678 total, 1 sub)
EvolveLevel[4]: NumberOfSubCycles = 1 (315 total, 1 sub)
EvolveLevel[3]: NumberOfSubCycles = 3 (145 total, 3 sub)
Level[2]: dt = 0.000771116  0.0135408 (0.0284405/0.0284405)
Level[3]: dt = 0.000771116  0.00632552 (0.000771116/0.000771116)
Level[4]: dt = 0.000771116  0.00291925 (0.000771116/0.000771116)
Level[5]: dt = 0.000771116  0.00143412 (0.000771116/0.000771116)
EvolveLevel[5]: NumberOfSubCycles = 1 (679 total, 1 sub)
EvolveLevel[4]: NumberOfSubCycles = 1 (316 total, 1 sub)
EvolveLevel[3]: NumberOfSubCycles = 1 (146 total, 1 sub)
EvolveLevel[2]: NumberOfSubCycles = 3 (66 total, 3 sub)
Level[1]: dt = 0.00464248  0.0287608 (0.0619415/0.0619415)
Level[2]: dt = 0.00464248  0.0135326 (0.00464248/0.00464248)
Level[3]: dt = 0.00464248  0.00632942 (0.00464248/0.00464248)
Level[4]: dt = 0.00291731  0.00291731 (0.00291731/0.00464248)
Level[5]: dt = 0.00143296  0.00143296 (0.00143296/0.00291731)
RebuildHierarchy: level = 5
TransferSubgridParticles[5]: Moved 8 particles, 0 stars, 0 active particles.
DetermineSGSize: MaxSubgridSize = 2000, MinSubgridEdge = 4, ncells = 51552
RebuildHierarchy[5]: Flagged 0/97 grids. 0 flagged cells
Level[5]: dt = 0.00148435  0.00143008 (0.00291731/0.00291731)
EvolveLevel[5]: NumberOfSubCycles = 2 (681 total, 2 sub)
RebuildHierarchy: level = 4
TransferSubgridParticles[4]: Moved 11 particles, 0 stars, 0 active particles.
DetermineSGSize: MaxSubgridSize = 2000, MinSubgridEdge = 4, ncells = 51552
RebuildHierarchy[4]: Flagged 94/150 grids. 5347 flagged cells
LoadBalance: Number of grids moved = 98 out of 98 (0.0027693 seconds elapsed)
DetermineSGSize: MaxSubgridSize = 2000, MinSubgridEdge = 4, ncells = 51552
RebuildHierarchy[5]: Flagged 0/98 grids. 0 flagged cells
Level[4]: dt = 0.00172518  0.00291429 (0.00464248/0.00464248)
Level[5]: dt = 0.00142604  0.00142604 (0.00142604/0.00172518)
RebuildHierarchy: level = 5
TransferSubgridParticles[5]: Moved 1 particles, 0 stars, 0 active particles.
DetermineSGSize: MaxSubgridSize = 2000, MinSubgridEdge = 4, ncells = 50968
RebuildHierarchy[5]: Flagged 0/98 grids. 0 flagged cells
Level[5]: dt = 0.000299135  0.00142295 (0.00172518/0.00172518)
EvolveLevel[5]: NumberOfSubCycles = 2 (683 total, 2 sub)
EvolveLevel[4]: NumberOfSubCycles = 2 (318 total, 2 sub)
EvolveLevel[3]: NumberOfSubCycles = 1 (147 total, 1 sub)
EvolveLevel[2]: NumberOfSubCycles = 1 (67 total, 1 sub)
EvolveLevel[1]: NumberOfSubCycles = 3 (28 total, 3 sub)
EvolveLevel[0]: NumberOfSubCycles = 1 (10 total, 10 sub)
RebuildHierarchy: level = 0
CommunicationTransferParticles: moved = 333616
CommunicationTransferStars: moved = 0
CommunicationTransferActiveParticles: moved = 0
DetermineSGSize: MaxSubgridSize = 2000, MinSubgridEdge = 4, ncells = 13096248
RebuildHierarchy[0]: Flagged 758/1120 grids. 829985 flagged cells
LoadBalance: Number of grids moved = 9163 out of 9199 (0.25065 seconds elapsed)
DetermineSGSize: MaxSubgridSize = 2000, MinSubgridEdge = 4, ncells = 1485192
RebuildHierarchy[1]: Flagged 1019/9199 grids. 100620 flagged cells
LoadBalance: Number of grids moved = 1519 out of 1539 (0.00582844 seconds elapsed)
DetermineSGSize: MaxSubgridSize = 2000, MinSubgridEdge = 4, ncells = 325824
RebuildHierarchy[2]: Flagged 400/1539 grids. 25202 flagged cells
LoadBalance: Number of grids moved = 461 out of 465 (0.000188287 seconds elapsed)
DetermineSGSize: MaxSubgridSize = 2000, MinSubgridEdge = 4, ncells = 68080
RebuildHierarchy[3]: Flagged 139/465 grids. 6768 flagged cells
LoadBalance: Number of grids moved = 140 out of 141 (7.1045e-05 seconds elapsed)
DetermineSGSize: MaxSubgridSize = 2000, MinSubgridEdge = 4, ncells = 50968
RebuildHierarchy[4]: Flagged 90/141 grids. 5349 flagged cells
LoadBalance: Number of grids moved = 94 out of 94 (0.00273411 seconds elapsed)
DetermineSGSize: MaxSubgridSize = 2000, MinSubgridEdge = 4, ncells = 50968
RebuildHierarchy[5]: Flagged 0/94 grids. 0 flagged cells
CPUTime-output: Frac = 0.999991, Current = 1013.38 (1012.38), Stop = 2592000.000000, Last = 22.3085
[YT_INFO   ] Setting YT parameters ...
[YT_INFO   ] Setting YT parameters ... done.
[YT_INFO   ] Getting pointer to particle list information ...
[YT_INFO   ] Getting pointer to particle list information  ... done.
[YT_INFO   ] Getting pointer to field list information ...
[YT_INFO   ] Getting pointer to field list information  ... done.
[YT_INFO   ] Getting pointer to local grids information ...
[YT_INFO   ] Getting pointer to local grids information  ... done.
[YT_INFO   ] Loading full hierarchy and local data to libyt ...
[YT_INFO   ] Loading full hierarchy and local data ... done.
[YT_INFO   ] Performing YT inline analysis yt_inline_func() ...
[YT_INFO   ] Performing YT inline analysis yt_inline_func() ... done.
Level[0]: dt = 0.0636857  0.0636857 (0.0636857/0.0636857)
PrepareGreens: Start = 0 0 36  Dim = 32 52 38
PrepareGreens: Start = 0 0 0  Dim = 32 52 36
Level[1]: dt = 0.0288469  0.0288469 (0.0288469/0.0636857)
Level[2]: dt = 0.0135129  0.0135129 (0.0135129/0.0288469)
Level[3]: dt = 0.00636035  0.00636035 (0.00636035/0.0135129)
Level[4]: dt = 0.00291568  0.00291568 (0.00291568/0.00636035)
Level[5]: dt = 0.00142245  0.00142245 (0.00142245/0.00291568)
RebuildHierarchy: level = 5
TransferSubgridParticles[5]: Moved 94 particles, 0 stars, 0 active particles.
DetermineSGSize: MaxSubgridSize = 2000, MinSubgridEdge = 4, ncells = 51096
RebuildHierarchy[5]: Flagged 0/94 grids. 0 flagged cells
Level[5]: dt = 0.00142046  0.00142046 (0.00284291/0.00291568)
RebuildHierarchy: level = 5
TransferSubgridParticles[5]: Moved 1 particles, 0 stars, 0 active particles.
DetermineSGSize: MaxSubgridSize = 2000, MinSubgridEdge = 4, ncells = 51096
RebuildHierarchy[5]: Flagged 0/94 grids. 0 flagged cells
Level[5]: dt = 7.27706e-05  0.00141918 (0.00291568/0.00291568)
EvolveLevel[5]: NumberOfSubCycles = 3 (686 total, 3 sub)
RebuildHierarchy: level = 4
TransferSubgridParticles[4]: Moved 131 particles, 0 stars, 0 active particles.
DetermineSGSize: MaxSubgridSize = 2000, MinSubgridEdge = 4, ncells = 51096
RebuildHierarchy[4]: Flagged 90/141 grids. 5331 flagged cells
LoadBalance: Number of grids moved = 94 out of 94 (0.00262438 seconds elapsed)
DetermineSGSize: MaxSubgridSize = 2000, MinSubgridEdge = 4, ncells = 51096
RebuildHierarchy[5]: Flagged 0/94 grids. 0 flagged cells
Level[4]: dt = 0.00292271  0.00292271 (0.00583839/0.00636035)
Level[5]: dt = 0.00141915  0.00141915 (0.00141915/0.00292271)
RebuildHierarchy: level = 5
TransferSubgridParticles[5]: Moved 0 particles, 0 stars, 0 active particles.
DetermineSGSize: MaxSubgridSize = 2000, MinSubgridEdge = 4, ncells = 50776
RebuildHierarchy[5]: Flagged 0/94 grids. 0 flagged cells
Level[5]: dt = 0.00141885  0.00141885 (0.00283801/0.00292271)
RebuildHierarchy: level = 5
TransferSubgridParticles[5]: Moved 1 particles, 0 stars, 0 active particles.
DetermineSGSize: MaxSubgridSize = 2000, MinSubgridEdge = 4, ncells = 50776
RebuildHierarchy[5]: Flagged 0/94 grids. 0 flagged cells
Level[5]: dt = 8.47055e-05  0.00141933 (0.00292271/0.00292271)
EvolveLevel[5]: NumberOfSubCycles = 3 (689 total, 3 sub)
Level[4]: dt = 0.000521963  0.00293554 (0.00636035/0.00636035)
Level[5]: dt = 0.000521963  0.00141939 (0.000521963/0.000521963)
EvolveLevel[5]: NumberOfSubCycles = 1 (690 total, 1 sub)
EvolveLevel[4]: NumberOfSubCycles = 3 (321 total, 3 sub)
RebuildHierarchy: level = 3
TransferSubgridParticles[3]: Moved 963 particles, 0 stars, 0 active particles.
DetermineSGSize: MaxSubgridSize = 2000, MinSubgridEdge = 4, ncells = 68544
RebuildHierarchy[3]: Flagged 139/465 grids. 6835 flagged cells
LoadBalance: Number of grids moved = 141 out of 142 (7.15777e-05 seconds elapsed)
DetermineSGSize: MaxSubgridSize = 2000, MinSubgridEdge = 4, ncells = 50776
RebuildHierarchy[4]: Flagged 90/142 grids. 5374 flagged cells
LoadBalance: Number of grids moved = 94 out of 94 (0.0026779 seconds elapsed)
DetermineSGSize: MaxSubgridSize = 2000, MinSubgridEdge = 4, ncells = 50776
RebuildHierarchy[5]: Flagged 0/94 grids. 0 flagged cells
Level[3]: dt = 0.00641054  0.00641054 (0.0127709/0.0135129)
Level[4]: dt = 0.00293839  0.00293839 (0.00293839/0.00641054)
Level[5]: dt = 0.00141959  0.00141959 (0.00141959/0.00293839)
RebuildHierarchy: level = 5
TransferSubgridParticles[5]: Moved 1 particles, 0 stars, 0 active particles.
DetermineSGSize: MaxSubgridSize = 2000, MinSubgridEdge = 4, ncells = 51112
RebuildHierarchy[5]: Flagged 0/94 grids. 0 flagged cells
Level[5]: dt = 0.00141903  0.00141903 (0.00283863/0.00293839)
RebuildHierarchy: level = 5
TransferSubgridParticles[5]: Moved 0 particles, 0 stars, 0 active particles.
DetermineSGSize: MaxSubgridSize = 2000, MinSubgridEdge = 4, ncells = 51112
RebuildHierarchy[5]: Flagged 0/94 grids. 0 flagged cells
Level[5]: dt = 9.97608e-05  0.00141891 (0.00293839/0.00293839)
EvolveLevel[5]: NumberOfSubCycles = 3 (693 total, 3 sub)
RebuildHierarchy: level = 4
TransferSubgridParticles[4]: Moved 1 particles, 0 stars, 0 active particles.
DetermineSGSize: MaxSubgridSize = 2000, MinSubgridEdge = 4, ncells = 51112
RebuildHierarchy[4]: Flagged 90/142 grids. 5412 flagged cells
LoadBalance: Number of grids moved = 94 out of 94 (0.00270911 seconds elapsed)
DetermineSGSize: MaxSubgridSize = 2000, MinSubgridEdge = 4, ncells = 51112
RebuildHierarchy[5]: Flagged 0/94 grids. 0 flagged cells
Level[4]: dt = 0.00295655  0.00295655 (0.00589494/0.00641054)
Level[5]: dt = 0.00141891  0.00141891 (0.00141891/0.00295655)
RebuildHierarchy: level = 5
TransferSubgridParticles[5]: Moved 2 particles, 0 stars, 0 active particles.
DetermineSGSize: MaxSubgridSize = 2000, MinSubgridEdge = 4, ncells = 51400
RebuildHierarchy[5]: Flagged 0/94 grids. 0 flagged cells
Level[5]: dt = 0.00141932  0.00141932 (0.00283823/0.00295655)
RebuildHierarchy: level = 5
TransferSubgridParticles[5]: Moved 1 particles, 0 stars, 0 active particles.
DetermineSGSize: MaxSubgridSize = 2000, MinSubgridEdge = 4, ncells = 51400
RebuildHierarchy[5]: Flagged 0/94 grids. 0 flagged cells
Level[5]: dt = 0.000118316  0.00142015 (0.00295655/0.00295655)
EvolveLevel[5]: NumberOfSubCycles = 3 (696 total, 3 sub)
Level[4]: dt = 0.000515604  0.0029774 (0.00641054/0.00641054)
Level[5]: dt = 0.000515604  0.00142022 (0.000515604/0.000515604)
EvolveLevel[5]: NumberOfSubCycles = 1 (697 total, 1 sub)
EvolveLevel[4]: NumberOfSubCycles = 3 (324 total, 3 sub)
Level[3]: dt = 0.000742052  0.00645842 (0.0135129/0.0135129)
Level[4]: dt = 0.000742052  0.00298121 (0.000742052/0.000742052)
Level[5]: dt = 0.000742052  0.00142061 (0.000742052/0.000742052)
EvolveLevel[5]: NumberOfSubCycles = 1 (698 total, 1 sub)
EvolveLevel[4]: NumberOfSubCycles = 1 (325 total, 1 sub)
EvolveLevel[3]: NumberOfSubCycles = 3 (150 total, 3 sub)
RebuildHierarchy: level = 2
TransferSubgridParticles[2]: Moved 8266 particles, 0 stars, 0 active particles.
DetermineSGSize: MaxSubgridSize = 2000, MinSubgridEdge = 4, ncells = 322144
RebuildHierarchy[2]: Flagged 400/1539 grids. 25581 flagged cells
LoadBalance: Number of grids moved = 464 out of 468 (0.000172328 seconds elapsed)
DetermineSGSize: MaxSubgridSize = 2000, MinSubgridEdge = 4, ncells = 69168
RebuildHierarchy[3]: Flagged 140/468 grids. 6895 flagged cells
LoadBalance: Number of grids moved = 142 out of 143 (7.28965e-05 seconds elapsed)
DetermineSGSize: MaxSubgridSize = 2000, MinSubgridEdge = 4, ncells = 51400
RebuildHierarchy[4]: Flagged 91/143 grids. 5463 flagged cells
LoadBalance: Number of grids moved = 95 out of 95 (0.00277471 seconds elapsed)
DetermineSGSize: MaxSubgridSize = 2000, MinSubgridEdge = 4, ncells = 51400
RebuildHierarchy[5]: Flagged 0/95 grids. 0 flagged cells
Level[2]: dt = 0.0137428  0.0137428 (0.0272558/0.0288469)
Level[3]: dt = 0.00646338  0.00646338 (0.00646338/0.0137428)
Level[4]: dt = 0.00298678  0.00298678 (0.00298678/0.00646338)
Level[5]: dt = 0.00142126  0.00142126 (0.00142126/0.00298678)
RebuildHierarchy: level = 5
TransferSubgridParticles[5]: Moved 0 particles, 0 stars, 0 active particles.
DetermineSGSize: MaxSubgridSize = 2000, MinSubgridEdge = 4, ncells = 52152
RebuildHierarchy[5]: Flagged 0/95 grids. 0 flagged cells
Level[5]: dt = 0.00142278  0.00142278 (0.00284403/0.00298678)
RebuildHierarchy: level = 5
TransferSubgridParticles[5]: Moved 2 particles, 0 stars, 0 active particles.
DetermineSGSize: MaxSubgridSize = 2000, MinSubgridEdge = 4, ncells = 52152
RebuildHierarchy[5]: Flagged 0/95 grids. 0 flagged cells
Level[5]: dt = 0.000142748  0.001425 (0.00298678/0.00298678)
EvolveLevel[5]: NumberOfSubCycles = 3 (701 total, 3 sub)
RebuildHierarchy: level = 4
TransferSubgridParticles[4]: Moved 7 particles, 0 stars, 0 active particles.
DetermineSGSize: MaxSubgridSize = 2000, MinSubgridEdge = 4, ncells = 52152
RebuildHierarchy[4]: Flagged 91/143 grids. 5477 flagged cells
LoadBalance: Number of grids moved = 95 out of 95 (0.00265516 seconds elapsed)
DetermineSGSize: MaxSubgridSize = 2000, MinSubgridEdge = 4, ncells = 52152
RebuildHierarchy[5]: Flagged 0/95 grids. 0 flagged cells
Level[4]: dt = 0.00301011  0.00301011 (0.00599689/0.00646338)
Level[5]: dt = 0.00142527  0.00142527 (0.00142527/0.00301011)
RebuildHierarchy: level = 5
TransferSubgridParticles[5]: Moved 0 particles, 0 stars, 0 active particles.
DetermineSGSize: MaxSubgridSize = 2000, MinSubgridEdge = 4, ncells = 52488
RebuildHierarchy[5]: Flagged 0/95 grids. 0 flagged cells
Level[5]: dt = 0.00142822  0.00142822 (0.0028535/0.00301011)
RebuildHierarchy: level = 5
TransferSubgridParticles[5]: Moved 2 particles, 0 stars, 0 active particles.
DetermineSGSize: MaxSubgridSize = 2000, MinSubgridEdge = 4, ncells = 52488
RebuildHierarchy[5]: Flagged 0/95 grids. 0 flagged cells
Level[5]: dt = 0.000156608  0.00143191 (0.00301011/0.00301011)
EvolveLevel[5]: NumberOfSubCycles = 3 (704 total, 3 sub)
Level[4]: dt = 0.000466494  0.0030348 (0.00646338/0.00646338)
Level[5]: dt = 0.000466494  0.00143236 (0.000466494/0.000466494)
EvolveLevel[5]: NumberOfSubCycles = 1 (705 total, 1 sub)
EvolveLevel[4]: NumberOfSubCycles = 3 (328 total, 3 sub)
RebuildHierarchy: level = 3
TransferSubgridParticles[3]: Moved 27 particles, 0 stars, 0 active particles.
DetermineSGSize: MaxSubgridSize = 2000, MinSubgridEdge = 4, ncells = 69656
RebuildHierarchy[3]: Flagged 140/468 grids. 6872 flagged cells
LoadBalance: Number of grids moved = 141 out of 142 (7.6402e-05 seconds elapsed)
DetermineSGSize: MaxSubgridSize = 2000, MinSubgridEdge = 4, ncells = 52488
RebuildHierarchy[4]: Flagged 91/142 grids. 5439 flagged cells
LoadBalance: Number of grids moved = 95 out of 95 (0.00274786 seconds elapsed)
DetermineSGSize: MaxSubgridSize = 2000, MinSubgridEdge = 4, ncells = 52488
RebuildHierarchy[5]: Flagged 0/95 grids. 0 flagged cells
Level[3]: dt = 0.00650149  0.00650149 (0.0129649/0.0137428)
Level[4]: dt = 0.00303865  0.00303865 (0.00303865/0.00650149)
Level[5]: dt = 0.0014337  0.0014337 (0.0014337/0.00303865)
RebuildHierarchy: level = 5
TransferSubgridParticles[5]: Moved 1 particles, 0 stars, 0 active particles.
DetermineSGSize: MaxSubgridSize = 2000, MinSubgridEdge = 4, ncells = 52064
RebuildHierarchy[5]: Flagged 0/95 grids. 0 flagged cells
Level[5]: dt = 0.00143814  0.00143814 (0.00287184/0.00303865)
RebuildHierarchy: level = 5
TransferSubgridParticles[5]: Moved 2 particles, 0 stars, 0 active particles.
DetermineSGSize: MaxSubgridSize = 2000, MinSubgridEdge = 4, ncells = 52064
RebuildHierarchy[5]: Flagged 0/95 grids. 0 flagged cells
Level[5]: dt = 0.000166813  0.00143962 (0.00303865/0.00303865)
EvolveLevel[5]: NumberOfSubCycles = 3 (708 total, 3 sub)
RebuildHierarchy: level = 4
TransferSubgridParticles[4]: Moved 5 particles, 0 stars, 0 active particles.
DetermineSGSize: MaxSubgridSize = 2000, MinSubgridEdge = 4, ncells = 52064
RebuildHierarchy[4]: Flagged 91/142 grids. 5462 flagged cells
LoadBalance: Number of grids moved = 95 out of 95 (0.00304789 seconds elapsed)
DetermineSGSize: MaxSubgridSize = 2000, MinSubgridEdge = 4, ncells = 52064
RebuildHierarchy[5]: Flagged 0/95 grids. 0 flagged cells
Level[4]: dt = 0.00303344  0.00303344 (0.0060721/0.00650149)
Level[5]: dt = 0.00143977  0.00143977 (0.00143977/0.00303344)
RebuildHierarchy: level = 5
TransferSubgridParticles[5]: Moved 1 particles, 0 stars, 0 active particles.
DetermineSGSize: MaxSubgridSize = 2000, MinSubgridEdge = 4, ncells = 52136
RebuildHierarchy[5]: Flagged 0/95 grids. 0 flagged cells
Level[5]: dt = 0.0014408  0.0014408 (0.00288057/0.00303344)
RebuildHierarchy: level = 5
TransferSubgridParticles[5]: Moved 2 particles, 0 stars, 0 active particles.
DetermineSGSize: MaxSubgridSize = 2000, MinSubgridEdge = 4, ncells = 52136
RebuildHierarchy[5]: Flagged 0/95 grids. 0 flagged cells
Level[5]: dt = 0.000152874  0.0014421 (0.00303344/0.00303344)
EvolveLevel[5]: NumberOfSubCycles = 3 (711 total, 3 sub)
Level[4]: dt = 0.000429392  0.00302773 (0.00650149/0.00650149)
Level[5]: dt = 0.000429392  0.00144229 (0.000429392/0.000429392)
EvolveLevel[5]: NumberOfSubCycles = 1 (712 total, 1 sub)
EvolveLevel[4]: NumberOfSubCycles = 3 (331 total, 3 sub)
Level[3]: dt = 0.000777974  0.0065312 (0.0137428/0.0137428)
Level[4]: dt = 0.000777974  0.00302752 (0.000777974/0.000777974)
Level[5]: dt = 0.000777974  0.00144284 (0.000777974/0.000777974)
EvolveLevel[5]: NumberOfSubCycles = 1 (713 total, 1 sub)
EvolveLevel[4]: NumberOfSubCycles = 1 (332 total, 1 sub)
EvolveLevel[3]: NumberOfSubCycles = 3 (153 total, 3 sub)
Level[2]: dt = 0.00159107  0.0143792 (0.0288469/0.0288469)
Level[3]: dt = 0.00159107  0.0065342 (0.00159107/0.00159107)
Level[4]: dt = 0.00159107  0.00302741 (0.00159107/0.00159107)
Level[5]: dt = 0.00144399  0.00144399 (0.00144399/0.00159107)
RebuildHierarchy: level = 5
TransferSubgridParticles[5]: Moved 1 particles, 0 stars, 0 active particles.
DetermineSGSize: MaxSubgridSize = 2000, MinSubgridEdge = 4, ncells = 52136
RebuildHierarchy[5]: Flagged 0/95 grids. 0 flagged cells
Level[5]: dt = 0.000147082  0.00144652 (0.00159107/0.00159107)
EvolveLevel[5]: NumberOfSubCycles = 2 (715 total, 2 sub)
EvolveLevel[4]: NumberOfSubCycles = 1 (333 total, 1 sub)
EvolveLevel[3]: NumberOfSubCycles = 1 (154 total, 1 sub)
EvolveLevel[2]: NumberOfSubCycles = 3 (70 total, 3 sub)
RebuildHierarchy: level = 1
TransferSubgridParticles[1]: Moved 102499 particles, 0 stars, 0 active particles.
DetermineSGSize: MaxSubgridSize = 2000, MinSubgridEdge = 4, ncells = 1485896
RebuildHierarchy[1]: Flagged 1021/9199 grids. 102106 flagged cells
LoadBalance: Number of grids moved = 1530 out of 1549 (0.00548248 seconds elapsed)
DetermineSGSize: MaxSubgridSize = 2000, MinSubgridEdge = 4, ncells = 325528
RebuildHierarchy[2]: Flagged 411/1549 grids. 25601 flagged cells
LoadBalance: Number of grids moved = 472 out of 476 (0.00286359 seconds elapsed)
DetermineSGSize: MaxSubgridSize = 2000, MinSubgridEdge = 4, ncells = 69456
RebuildHierarchy[3]: Flagged 144/476 grids. 6887 flagged cells
LoadBalance: Number of grids moved = 145 out of 146 (7.30492e-05 seconds elapsed)
DetermineSGSize: MaxSubgridSize = 2000, MinSubgridEdge = 4, ncells = 52136
RebuildHierarchy[4]: Flagged 94/146 grids. 5508 flagged cells
LoadBalance: Number of grids moved = 98 out of 98 (0.0029882 seconds elapsed)
DetermineSGSize: MaxSubgridSize = 2000, MinSubgridEdge = 4, ncells = 52136
RebuildHierarchy[5]: Flagged 0/98 grids. 0 flagged cells
Level[1]: dt = 0.0292268  0.0292268 (0.0580737/0.0636857)
Level[2]: dt = 0.0143825  0.0143825 (0.0143825/0.0292268)
Level[3]: dt = 0.00654011  0.00654011 (0.00654011/0.0143825)
Level[4]: dt = 0.00302848  0.00302848 (0.00302848/0.00654011)
Level[5]: dt = 0.00144683  0.00144683 (0.00144683/0.00302848)
RebuildHierarchy: level = 5
TransferSubgridParticles[5]: Moved 1 particles, 0 stars, 0 active particles.
DetermineSGSize: MaxSubgridSize = 2000, MinSubgridEdge = 4, ncells = 52456
RebuildHierarchy[5]: Flagged 0/98 grids. 0 flagged cells
Level[5]: dt = 0.00145016  0.00145016 (0.00289699/0.00302848)
RebuildHierarchy: level = 5
TransferSubgridParticles[5]: Moved 1 particles, 0 stars, 0 active particles.
DetermineSGSize: MaxSubgridSize = 2000, MinSubgridEdge = 4, ncells = 52456
RebuildHierarchy[5]: Flagged 0/98 grids. 0 flagged cells
Level[5]: dt = 0.000131499  0.00145405 (0.00302848/0.00302848)
EvolveLevel[5]: NumberOfSubCycles = 3 (718 total, 3 sub)
RebuildHierarchy: level = 4
TransferSubgridParticles[4]: Moved 2 particles, 0 stars, 0 active particles.
DetermineSGSize: MaxSubgridSize = 2000, MinSubgridEdge = 4, ncells = 52456
RebuildHierarchy[4]: Flagged 95/146 grids. 5493 flagged cells
LoadBalance: Number of grids moved = 99 out of 99 (0.00269723 seconds elapsed)
DetermineSGSize: MaxSubgridSize = 2000, MinSubgridEdge = 4, ncells = 52456
RebuildHierarchy[5]: Flagged 0/99 grids. 0 flagged cells
Level[4]: dt = 0.00303566  0.00303566 (0.00606414/0.00654011)
Level[5]: dt = 0.00145445  0.00145445 (0.00145445/0.00303566)
RebuildHierarchy: level = 5
TransferSubgridParticles[5]: Moved 2 particles, 0 stars, 0 active particles.
DetermineSGSize: MaxSubgridSize = 2000, MinSubgridEdge = 4, ncells = 52480
RebuildHierarchy[5]: Flagged 0/99 grids. 0 flagged cells
Level[5]: dt = 0.00145909  0.00145909 (0.00291353/0.00303566)
RebuildHierarchy: level = 5
TransferSubgridParticles[5]: Moved 0 particles, 0 stars, 0 active particles.
DetermineSGSize: MaxSubgridSize = 2000, MinSubgridEdge = 4, ncells = 52480
RebuildHierarchy[5]: Flagged 0/99 grids. 0 flagged cells
Level[5]: dt = 0.000122125  0.00146422 (0.00303566/0.00303566)
EvolveLevel[5]: NumberOfSubCycles = 3 (721 total, 3 sub)
Level[4]: dt = 0.000475972  0.00305057 (0.00654011/0.00654011)
Level[5]: dt = 0.000475972  0.00146469 (0.000475972/0.000475972)
EvolveLevel[5]: NumberOfSubCycles = 1 (722 total, 1 sub)
EvolveLevel[4]: NumberOfSubCycles = 3 (336 total, 3 sub)
RebuildHierarchy: level = 3
TransferSubgridParticles[3]: Moved 40 particles, 0 stars, 0 active particles.
DetermineSGSize: MaxSubgridSize = 2000, MinSubgridEdge = 4, ncells = 69280
RebuildHierarchy[3]: Flagged 146/476 grids. 6955 flagged cells
LoadBalance: Number of grids moved = 147 out of 148 (7.49789e-05 seconds elapsed)
DetermineSGSize: MaxSubgridSize = 2000, MinSubgridEdge = 4, ncells = 52480
RebuildHierarchy[4]: Flagged 95/148 grids. 5493 flagged cells
LoadBalance: Number of grids moved = 99 out of 99 (0.00275851 seconds elapsed)
DetermineSGSize: MaxSubgridSize = 2000, MinSubgridEdge = 4, ncells = 52480
RebuildHierarchy[5]: Flagged 0/99 grids. 0 flagged cells
Level[3]: dt = 0.00656138  0.00656138 (0.0131015/0.0143825)
Level[4]: dt = 0.00305362  0.00305362 (0.00305362/0.00656138)
Level[5]: dt = 0.00146653  0.00146653 (0.00146653/0.00305362)
RebuildHierarchy: level = 5
TransferSubgridParticles[5]: Moved 1 particles, 0 stars, 0 active particles.
DetermineSGSize: MaxSubgridSize = 2000, MinSubgridEdge = 4, ncells = 52400
RebuildHierarchy[5]: Flagged 0/99 grids. 0 flagged cells
Level[5]: dt = 0.00147256  0.00147256 (0.00293908/0.00305362)
RebuildHierarchy: level = 5
TransferSubgridParticles[5]: Moved 1 particles, 0 stars, 0 active particles.
DetermineSGSize: MaxSubgridSize = 2000, MinSubgridEdge = 4, ncells = 52400
RebuildHierarchy[5]: Flagged 0/99 grids. 0 flagged cells
Level[5]: dt = 0.000114539  0.00147927 (0.00305362/0.00305362)
EvolveLevel[5]: NumberOfSubCycles = 3 (725 total, 3 sub)
RebuildHierarchy: level = 4
TransferSubgridParticles[4]: Moved 2 particles, 0 stars, 0 active particles.
DetermineSGSize: MaxSubgridSize = 2000, MinSubgridEdge = 4, ncells = 52400
RebuildHierarchy[4]: Flagged 95/148 grids. 5483 flagged cells
LoadBalance: Number of grids moved = 99 out of 99 (0.00276227 seconds elapsed)
DetermineSGSize: MaxSubgridSize = 2000, MinSubgridEdge = 4, ncells = 52400
RebuildHierarchy[5]: Flagged 0/99 grids. 0 flagged cells
Level[4]: dt = 0.00307716  0.00307716 (0.00613078/0.00656138)
Level[5]: dt = 0.00147982  0.00147982 (0.00147982/0.00307716)
RebuildHierarchy: level = 5
TransferSubgridParticles[5]: Moved 0 particles, 0 stars, 0 active particles.
DetermineSGSize: MaxSubgridSize = 2000, MinSubgridEdge = 4, ncells = 52208
RebuildHierarchy[5]: Flagged 0/99 grids. 0 flagged cells
Level[5]: dt = 0.00148279  0.00148279 (0.00296261/0.00307716)
RebuildHierarchy: level = 5
TransferSubgridParticles[5]: Moved 1 particles, 0 stars, 0 active particles.
DetermineSGSize: MaxSubgridSize = 2000, MinSubgridEdge = 4, ncells = 52208
RebuildHierarchy[5]: Flagged 0/99 grids. 0 flagged cells
Level[5]: dt = 0.000114555  0.00148578 (0.00307716/0.00307716)
EvolveLevel[5]: NumberOfSubCycles = 3 (728 total, 3 sub)
Level[4]: dt = 0.000430602  0.00310682 (0.00656138/0.00656138)
Level[5]: dt = 0.000430602  0.001486 (0.000430602/0.000430602)
EvolveLevel[5]: NumberOfSubCycles = 1 (729 total, 1 sub)
EvolveLevel[4]: NumberOfSubCycles = 3 (339 total, 3 sub)
Level[3]: dt = 0.00128096  0.00657929 (0.0143825/0.0143825)
Level[4]: dt = 0.00128096  0.00311136 (0.00128096/0.00128096)
Level[5]: dt = 0.00128096  0.00148681 (0.00128096/0.00128096)
EvolveLevel[5]: NumberOfSubCycles = 1 (730 total, 1 sub)
EvolveLevel[4]: NumberOfSubCycles = 1 (340 total, 1 sub)
EvolveLevel[3]: NumberOfSubCycles = 3 (157 total, 3 sub)
RebuildHierarchy: level = 2
TransferSubgridParticles[2]: Moved 250 particles, 0 stars, 0 active particles.
DetermineSGSize: MaxSubgridSize = 2000, MinSubgridEdge = 4, ncells = 323600
RebuildHierarchy[2]: Flagged 411/1549 grids. 25693 flagged cells
LoadBalance: Number of grids moved = 477 out of 480 (0.00292716 seconds elapsed)
DetermineSGSize: MaxSubgridSize = 2000, MinSubgridEdge = 4, ncells = 69816
RebuildHierarchy[3]: Flagged 147/480 grids. 6988 flagged cells
LoadBalance: Number of grids moved = 148 out of 149 (7.3798e-05 seconds elapsed)
DetermineSGSize: MaxSubgridSize = 2000, MinSubgridEdge = 4, ncells = 52208
RebuildHierarchy[4]: Flagged 95/149 grids. 5521 flagged cells
LoadBalance: Number of grids moved = 99 out of 99 (0.00278182 seconds elapsed)
DetermineSGSize: MaxSubgridSize = 2000, MinSubgridEdge = 4, ncells = 52208
RebuildHierarchy[5]: Flagged 0/99 grids. 0 flagged cells
Level[2]: dt = 0.0148444  0.0143342 (0.0292268/0.0292268)
Level[3]: dt = 0.00658251  0.00658251 (0.00658251/0.0148444)
Level[4]: dt = 0.00312549  0.00312549 (0.00312549/0.00658251)
Level[5]: dt = 0.00148933  0.00148933 (0.00148933/0.00312549)
RebuildHierarchy: level = 5
TransferSubgridParticles[5]: Moved 3 particles, 0 stars, 0 active particles.
DetermineSGSize: MaxSubgridSize = 2000, MinSubgridEdge = 4, ncells = 52600
RebuildHierarchy[5]: Flagged 0/99 grids. 0 flagged cells
Level[5]: dt = 0.0014915  0.0014915 (0.00298083/0.00312549)
RebuildHierarchy: level = 5
TransferSubgridParticles[5]: Moved 1 particles, 0 stars, 0 active particles.
DetermineSGSize: MaxSubgridSize = 2000, MinSubgridEdge = 4, ncells = 52600
RebuildHierarchy[5]: Flagged 0/99 grids. 0 flagged cells
Level[5]: dt = 0.00014466  0.00149204 (0.00312549/0.00312549)
EvolveLevel[5]: NumberOfSubCycles = 3 (733 total, 3 sub)
RebuildHierarchy: level = 4
TransferSubgridParticles[4]: Moved 4 particles, 0 stars, 0 active particles.
DetermineSGSize: MaxSubgridSize = 2000, MinSubgridEdge = 4, ncells = 52600
RebuildHierarchy[4]: Flagged 95/149 grids. 5492 flagged cells
LoadBalance: Number of grids moved = 99 out of 99 (0.00271205 seconds elapsed)
DetermineSGSize: MaxSubgridSize = 2000, MinSubgridEdge = 4, ncells = 52600
RebuildHierarchy[5]: Flagged 0/99 grids. 0 flagged cells
Level[4]: dt = 0.00316184  0.00316184 (0.00628733/0.00658251)
Level[5]: dt = 0.00149204  0.00149204 (0.00149204/0.00316184)
RebuildHierarchy: level = 5
TransferSubgridParticles[5]: Moved 2 particles, 0 stars, 0 active particles.
DetermineSGSize: MaxSubgridSize = 2000, MinSubgridEdge = 4, ncells = 52256
RebuildHierarchy[5]: Flagged 0/99 grids. 0 flagged cells
Level[5]: dt = 0.00148969  0.00148969 (0.00298174/0.00316184)
RebuildHierarchy: level = 5
TransferSubgridParticles[5]: Moved 2 particles, 0 stars, 0 active particles.
DetermineSGSize: MaxSubgridSize = 2000, MinSubgridEdge = 4, ncells = 52256
RebuildHierarchy[5]: Flagged 0/99 grids. 0 flagged cells
Level[5]: dt = 0.000180104  0.00148716 (0.00316184/0.00316184)
EvolveLevel[5]: NumberOfSubCycles = 3 (736 total, 3 sub)
Level[4]: dt = 0.000295183  0.0031922 (0.00658251/0.00658251)
Level[5]: dt = 0.000295183  0.00148689 (0.000295183/0.000295183)
EvolveLevel[5]: NumberOfSubCycles = 1 (737 total, 1 sub)
EvolveLevel[4]: NumberOfSubCycles = 3 (343 total, 3 sub)
RebuildHierarchy: level = 3
TransferSubgridParticles[3]: Moved 46 particles, 0 stars, 0 active particles.
DetermineSGSize: MaxSubgridSize = 2000, MinSubgridEdge = 4, ncells = 69992
RebuildHierarchy[3]: Flagged 153/480 grids. 7120 flagged cells
LoadBalance: Number of grids moved = 155 out of 156 (7.61859e-05 seconds elapsed)
DetermineSGSize: MaxSubgridSize = 2000, MinSubgridEdge = 4, ncells = 52256
RebuildHierarchy[4]: Flagged 95/156 grids. 5466 flagged cells
LoadBalance: Number of grids moved = 99 out of 99 (0.00276931 seconds elapsed)
DetermineSGSize: MaxSubgridSize = 2000, MinSubgridEdge = 4, ncells = 52256
RebuildHierarchy[5]: Flagged 0/99 grids. 0 flagged cells
Level[3]: dt = 0.00659811  0.00659811 (0.0131806/0.0148444)
Level[4]: dt = 0.00319306  0.00319306 (0.00319306/0.00659811)
Level[5]: dt = 0.00148645  0.00148645 (0.00148645/0.00319306)
RebuildHierarchy: level = 5
TransferSubgridParticles[5]: Moved 1 particles, 0 stars, 0 active particles.
DetermineSGSize: MaxSubgridSize = 2000, MinSubgridEdge = 4, ncells = 51872
RebuildHierarchy[5]: Flagged 0/99 grids. 0 flagged cells
Level[5]: dt = 0.0014846  0.0014846 (0.00297105/0.00319306)
RebuildHierarchy: level = 5
TransferSubgridParticles[5]: Moved 3 particles, 0 stars, 0 active particles.
DetermineSGSize: MaxSubgridSize = 2000, MinSubgridEdge = 4, ncells = 51872
RebuildHierarchy[5]: Flagged 0/99 grids. 0 flagged cells
Level[5]: dt = 0.000222007  0.00148336 (0.00319306/0.00319306)
EvolveLevel[5]: NumberOfSubCycles = 3 (740 total, 3 sub)
RebuildHierarchy: level = 4
TransferSubgridParticles[4]: Moved 7 particles, 0 stars, 0 active particles.
DetermineSGSize: MaxSubgridSize = 2000, MinSubgridEdge = 4, ncells = 51872
RebuildHierarchy[4]: Flagged 95/156 grids. 5493 flagged cells
LoadBalance: Number of grids moved = 99 out of 99 (0.0025925 seconds elapsed)
DetermineSGSize: MaxSubgridSize = 2000, MinSubgridEdge = 4, ncells = 51872
RebuildHierarchy[5]: Flagged 0/99 grids. 0 flagged cells
Level[4]: dt = 0.00319629  0.00319629 (0.00638934/0.00659811)
Level[5]: dt = 0.00148319  0.00148319 (0.00148319/0.00319629)
RebuildHierarchy: level = 5
TransferSubgridParticles[5]: Moved 1 particles, 0 stars, 0 active particles.
DetermineSGSize: MaxSubgridSize = 2000, MinSubgridEdge = 4, ncells = 52256
RebuildHierarchy[5]: Flagged 0/99 grids. 0 flagged cells
Level[5]: dt = 0.00148247  0.00148247 (0.00296566/0.00319629)
RebuildHierarchy: level = 5
TransferSubgridParticles[5]: Moved 4 particles, 0 stars, 0 active particles.
DetermineSGSize: MaxSubgridSize = 2000, MinSubgridEdge = 4, ncells = 52256
RebuildHierarchy[5]: Flagged 0/99 grids. 0 flagged cells
Level[5]: dt = 0.000230627  0.00148235 (0.00319629/0.00319629)
EvolveLevel[5]: NumberOfSubCycles = 3 (743 total, 3 sub)
Level[4]: dt = 0.00020877  0.00319169 (0.00659811/0.00659811)
Level[5]: dt = 0.00020877  0.00148234 (0.00020877/0.00020877)
EvolveLevel[5]: NumberOfSubCycles = 1 (744 total, 1 sub)
EvolveLevel[4]: NumberOfSubCycles = 3 (346 total, 3 sub)
Level[3]: dt = 0.00166375  0.00661284 (0.0148444/0.0148444)
Level[4]: dt = 0.00166375  0.00319145 (0.00166375/0.00166375)
Level[5]: dt = 0.00148234  0.00148234 (0.00148234/0.00166375)
RebuildHierarchy: level = 5
TransferSubgridParticles[5]: Moved 3 particles, 0 stars, 0 active particles.
DetermineSGSize: MaxSubgridSize = 2000, MinSubgridEdge = 4, ncells = 52256
RebuildHierarchy[5]: Flagged 0/99 grids. 0 flagged cells
Level[5]: dt = 0.000181413  0.00148277 (0.00166375/0.00166375)
EvolveLevel[5]: NumberOfSubCycles = 2 (746 total, 2 sub)
EvolveLevel[4]: NumberOfSubCycles = 1 (347 total, 1 sub)
EvolveLevel[3]: NumberOfSubCycles = 3 (160 total, 3 sub)
EvolveLevel[2]: NumberOfSubCycles = 2 (72 total, 2 sub)
Level[1]: dt = 0.00561204  0.0293887 (0.0636857/0.0636857)
Level[2]: dt = 0.00561204  0.0142765 (0.00561204/0.00561204)
Level[3]: dt = 0.00561204  0.00661643 (0.00561204/0.00561204)
Level[4]: dt = 0.00318983  0.00318983 (0.00318983/0.00561204)
Level[5]: dt = 0.00148282  0.00148282 (0.00148282/0.00318983)
RebuildHierarchy: level = 5
TransferSubgridParticles[5]: Moved 3 particles, 0 stars, 0 active particles.
DetermineSGSize: MaxSubgridSize = 2000, MinSubgridEdge = 4, ncells = 52256
RebuildHierarchy[5]: Flagged 0/99 grids. 0 flagged cells
Level[5]: dt = 0.00148351  0.00148351 (0.00296634/0.00318983)
RebuildHierarchy: level = 5
TransferSubgridParticles[5]: Moved 2 particles, 0 stars, 0 active particles.
DetermineSGSize: MaxSubgridSize = 2000, MinSubgridEdge = 4, ncells = 52256
RebuildHierarchy[5]: Flagged 0/99 grids. 0 flagged cells
Level[5]: dt = 0.000223488  0.00148466 (0.00318983/0.00318983)
EvolveLevel[5]: NumberOfSubCycles = 3 (749 total, 3 sub)
RebuildHierarchy: level = 4
TransferSubgridParticles[4]: Moved 8 particles, 0 stars, 0 active particles.
DetermineSGSize: MaxSubgridSize = 2000, MinSubgridEdge = 4, ncells = 52256
RebuildHierarchy[4]: Flagged 97/156 grids. 5595 flagged cells
LoadBalance: Number of grids moved = 101 out of 101 (0.00262947 seconds elapsed)
DetermineSGSize: MaxSubgridSize = 2000, MinSubgridEdge = 4, ncells = 52256
RebuildHierarchy[5]: Flagged 0/101 grids. 0 flagged cells
Level[4]: dt = 0.00242221  0.00318815 (0.00561204/0.00561204)
Level[5]: dt = 0.00148483  0.00148483 (0.00148483/0.00242221)
RebuildHierarchy: level = 5
TransferSubgridParticles[5]: Moved 2 particles, 0 stars, 0 active particles.
DetermineSGSize: MaxSubgridSize = 2000, MinSubgridEdge = 4, ncells = 53048
RebuildHierarchy[5]: Flagged 0/101 grids. 0 flagged cells
Level[5]: dt = 0.000937379  0.00148588 (0.00242221/0.00242221)
EvolveLevel[5]: NumberOfSubCycles = 2 (751 total, 2 sub)
EvolveLevel[4]: NumberOfSubCycles = 2 (349 total, 2 sub)
EvolveLevel[3]: NumberOfSubCycles = 1 (161 total, 1 sub)
EvolveLevel[2]: NumberOfSubCycles = 1 (73 total, 1 sub)
EvolveLevel[1]: NumberOfSubCycles = 3 (31 total, 3 sub)
EvolveLevel[0]: NumberOfSubCycles = 1 (11 total, 11 sub)
CPUTime-output: Frac = 0.999991, Current = 1036 (1036), Stop = 2592000.000000, Last = 23.6193
[YT_INFO   ] Setting YT parameters ...
[YT_INFO   ] Setting YT parameters ... done.
[YT_INFO   ] Getting pointer to particle list information ...
[YT_INFO   ] Getting pointer to particle list information  ... done.
[YT_INFO   ] Getting pointer to field list information ...
[YT_INFO   ] Getting pointer to field list information  ... done.
[YT_INFO   ] Getting pointer to local grids information ...
[YT_INFO   ] Getting pointer to local grids information  ... done.
[YT_INFO   ] Loading full hierarchy and local data to libyt ...
[YT_INFO   ] Loading full hierarchy and local data ... done.
[YT_INFO   ] Performing YT inline analysis yt_inline_func() ...
[YT_INFO   ] Performing YT inline analysis yt_inline_func() ... done.
Level[0]: dt = 0.0643881  0.0643881 (0.0643881/0.0643881)
Level[1]: dt = 0.0294097  0.0294097 (0.0294097/0.0643881)
Level[2]: dt = 0.0142576  0.0142576 (0.0142576/0.0294097)
Level[3]: dt = 0.00662808  0.00662808 (0.00662808/0.0142576)
Level[4]: dt = 0.00318817  0.00318817 (0.00318817/0.00662808)
Level[5]: dt = 0.0014807  0.0014807 (0.0014807/0.00318817)
RebuildHierarchy: level = 5
TransferSubgridParticles[5]: Moved 0 particles, 0 stars, 0 active particles.
DetermineSGSize: MaxSubgridSize = 2000, MinSubgridEdge = 4, ncells = 53048
RebuildHierarchy[5]: Flagged 0/101 grids. 0 flagged cells
Level[5]: dt = 0.0014732  0.0014732 (0.0029539/0.00318817)
RebuildHierarchy: level = 5
TransferSubgridParticles[5]: Moved 3 particles, 0 stars, 0 active particles.
DetermineSGSize: MaxSubgridSize = 2000, MinSubgridEdge = 4, ncells = 53048
RebuildHierarchy[5]: Flagged 0/101 grids. 0 flagged cells
Level[5]: dt = 0.000234271  0.00146652 (0.00318817/0.00318817)
EvolveLevel[5]: NumberOfSubCycles = 3 (754 total, 3 sub)
RebuildHierarchy: level = 4
TransferSubgridParticles[4]: Moved 12 particles, 0 stars, 0 active particles.
DetermineSGSize: MaxSubgridSize = 2000, MinSubgridEdge = 4, ncells = 53048
RebuildHierarchy[4]: Flagged 96/156 grids. 5549 flagged cells
LoadBalance: Number of grids moved = 100 out of 100 (0.00265531 seconds elapsed)
DetermineSGSize: MaxSubgridSize = 2000, MinSubgridEdge = 4, ncells = 53048
RebuildHierarchy[5]: Flagged 0/100 grids. 0 flagged cells
Level[4]: dt = 0.0031896  0.0031896 (0.00637777/0.00662808)
Level[5]: dt = 0.00146557  0.00146557 (0.00146557/0.0031896)
RebuildHierarchy: level = 5
TransferSubgridParticles[5]: Moved 2 particles, 0 stars, 0 active particles.
DetermineSGSize: MaxSubgridSize = 2000, MinSubgridEdge = 4, ncells = 52544
RebuildHierarchy[5]: Flagged 0/100 grids. 0 flagged cells
Level[5]: dt = 0.00146002  0.00146002 (0.00292559/0.0031896)
RebuildHierarchy: level = 5
TransferSubgridParticles[5]: Moved 0 particles, 0 stars, 0 active particles.
DetermineSGSize: MaxSubgridSize = 2000, MinSubgridEdge = 4, ncells = 52544
RebuildHierarchy[5]: Flagged 0/100 grids. 0 flagged cells
Level[5]: dt = 0.000264006  0.00145512 (0.0031896/0.0031896)
EvolveLevel[5]: NumberOfSubCycles = 3 (757 total, 3 sub)
Level[4]: dt = 0.000250319  0.00319258 (0.00662808/0.00662808)
Level[5]: dt = 0.000250319  0.00145436 (0.000250319/0.000250319)
EvolveLevel[5]: NumberOfSubCycles = 1 (758 total, 1 sub)
EvolveLevel[4]: NumberOfSubCycles = 3 (352 total, 3 sub)
RebuildHierarchy: level = 3
TransferSubgridParticles[3]: Moved 106 particles, 0 stars, 0 active particles.
DetermineSGSize: MaxSubgridSize = 2000, MinSubgridEdge = 4, ncells = 71200
RebuildHierarchy[3]: Flagged 154/480 grids. 7106 flagged cells
LoadBalance: Number of grids moved = 156 out of 157 (7.82758e-05 seconds elapsed)
DetermineSGSize: MaxSubgridSize = 2000, MinSubgridEdge = 4, ncells = 52544
RebuildHierarchy[4]: Flagged 96/157 grids. 5540 flagged cells
LoadBalance: Number of grids moved = 100 out of 100 (0.00268016 seconds elapsed)
DetermineSGSize: MaxSubgridSize = 2000, MinSubgridEdge = 4, ncells = 52544
RebuildHierarchy[5]: Flagged 0/100 grids. 0 flagged cells
Level[3]: dt = 0.00664109  0.00664109 (0.0132692/0.0142576)
Level[4]: dt = 0.00319287  0.00319287 (0.00319287/0.00664109)
Level[5]: dt = 0.00145366  0.00145366 (0.00145366/0.00319287)
RebuildHierarchy: level = 5
TransferSubgridParticles[5]: Moved 1 particles, 0 stars, 0 active particles.
DetermineSGSize: MaxSubgridSize = 2000, MinSubgridEdge = 4, ncells = 52568
RebuildHierarchy[5]: Flagged 0/100 grids. 0 flagged cells
Level[5]: dt = 0.00144989  0.00144989 (0.00290355/0.00319287)
RebuildHierarchy: level = 5
TransferSubgridParticles[5]: Moved 3 particles, 0 stars, 0 active particles.
DetermineSGSize: MaxSubgridSize = 2000, MinSubgridEdge = 4, ncells = 52568
RebuildHierarchy[5]: Flagged 0/100 grids. 0 flagged cells
Level[5]: dt = 0.000289327  0.00144704 (0.00319287/0.00319287)
EvolveLevel[5]: NumberOfSubCycles = 3 (761 total, 3 sub)
RebuildHierarchy: level = 4
TransferSubgridParticles[4]: Moved 9 particles, 0 stars, 0 active particles.
DetermineSGSize: MaxSubgridSize = 2000, MinSubgridEdge = 4, ncells = 52568
RebuildHierarchy[4]: Flagged 96/157 grids. 5510 flagged cells
LoadBalance: Number of grids moved = 100 out of 100 (0.0026961 seconds elapsed)
DetermineSGSize: MaxSubgridSize = 2000, MinSubgridEdge = 4, ncells = 52568
RebuildHierarchy[5]: Flagged 0/100 grids. 0 flagged cells
Level[4]: dt = 0.00319733  0.00319733 (0.0063902/0.00664109)
Level[5]: dt = 0.00144656  0.00144656 (0.00144656/0.00319733)
RebuildHierarchy: level = 5
TransferSubgridParticles[5]: Moved 1 particles, 0 stars, 0 active particles.
DetermineSGSize: MaxSubgridSize = 2000, MinSubgridEdge = 4, ncells = 52312
RebuildHierarchy[5]: Flagged 0/100 grids. 0 flagged cells
Level[5]: dt = 0.00144453  0.00144453 (0.00289109/0.00319733)
RebuildHierarchy: level = 5
TransferSubgridParticles[5]: Moved 0 particles, 0 stars, 0 active particles.
DetermineSGSize: MaxSubgridSize = 2000, MinSubgridEdge = 4, ncells = 52312
RebuildHierarchy[5]: Flagged 0/100 grids. 0 flagged cells
Level[5]: dt = 0.000306242  0.00144333 (0.00319733/0.00319733)
EvolveLevel[5]: NumberOfSubCycles = 3 (764 total, 3 sub)
Level[4]: dt = 0.000250881  0.00317596 (0.00664109/0.00664109)
Level[5]: dt = 0.000250881  0.00144314 (0.000250881/0.000250881)
EvolveLevel[5]: NumberOfSubCycles = 1 (765 total, 1 sub)
EvolveLevel[4]: NumberOfSubCycles = 3 (355 total, 3 sub)
Level[3]: dt = 0.0009884  0.00665302 (0.0142576/0.0142576)
Level[4]: dt = 0.0009884  0.00317449 (0.0009884/0.0009884)
Level[5]: dt = 0.0009884  0.001443 (0.0009884/0.0009884)
EvolveLevel[5]: NumberOfSubCycles = 1 (766 total, 1 sub)
EvolveLevel[4]: NumberOfSubCycles = 1 (356 total, 1 sub)
EvolveLevel[3]: NumberOfSubCycles = 3 (164 total, 3 sub)
RebuildHierarchy: level = 2
TransferSubgridParticles[2]: Moved 617 particles, 0 stars, 0 active particles.
DetermineSGSize: MaxSubgridSize = 2000, MinSubgridEdge = 4, ncells = 324016
RebuildHierarchy[2]: Flagged 409/1549 grids. 25861 flagged cells
LoadBalance: Number of grids moved = 479 out of 482 (0.0030277 seconds elapsed)
DetermineSGSize: MaxSubgridSize = 2000, MinSubgridEdge = 4, ncells = 71144
RebuildHierarchy[3]: Flagged 157/482 grids. 7193 flagged cells
LoadBalance: Number of grids moved = 159 out of 160 (7.78139e-05 seconds elapsed)
DetermineSGSize: MaxSubgridSize = 2000, MinSubgridEdge = 4, ncells = 52312
RebuildHierarchy[4]: Flagged 96/160 grids. 5549 flagged cells
LoadBalance: Number of grids moved = 100 out of 100 (0.00268941 seconds elapsed)
DetermineSGSize: MaxSubgridSize = 2000, MinSubgridEdge = 4, ncells = 52312
RebuildHierarchy[5]: Flagged 0/100 grids. 0 flagged cells
Level[2]: dt = 0.0142153  0.0142153 (0.0284729/0.0294097)
Level[3]: dt = 0.00665465  0.00665465 (0.00665465/0.0142153)
Level[4]: dt = 0.00316947  0.00316947 (0.00316947/0.00665465)
Level[5]: dt = 0.0014427  0.0014427 (0.0014427/0.00316947)
RebuildHierarchy: level = 5
TransferSubgridParticles[5]: Moved 0 particles, 0 stars, 0 active particles.
DetermineSGSize: MaxSubgridSize = 2000, MinSubgridEdge = 4, ncells = 52776
RebuildHierarchy[5]: Flagged 0/100 grids. 0 flagged cells
Level[5]: dt = 0.00144285  0.00144285 (0.00288555/0.00316947)
RebuildHierarchy: level = 5
TransferSubgridParticles[5]: Moved 2 particles, 0 stars, 0 active particles.
DetermineSGSize: MaxSubgridSize = 2000, MinSubgridEdge = 4, ncells = 52776
RebuildHierarchy[5]: Flagged 0/100 grids. 0 flagged cells
Level[5]: dt = 0.000283916  0.00144357 (0.00316947/0.00316947)
EvolveLevel[5]: NumberOfSubCycles = 3 (769 total, 3 sub)
RebuildHierarchy: level = 4
TransferSubgridParticles[4]: Moved 11 particles, 0 stars, 0 active particles.
DetermineSGSize: MaxSubgridSize = 2000, MinSubgridEdge = 4, ncells = 52776
RebuildHierarchy[4]: Flagged 96/160 grids. 5584 flagged cells
LoadBalance: Number of grids moved = 100 out of 100 (0.00273542 seconds elapsed)
DetermineSGSize: MaxSubgridSize = 2000, MinSubgridEdge = 4, ncells = 52776
RebuildHierarchy[5]: Flagged 0/100 grids. 0 flagged cells
Level[4]: dt = 0.00316226  0.00316226 (0.00633173/0.00665465)
Level[5]: dt = 0.00144377  0.00144377 (0.00144377/0.00316226)
RebuildHierarchy: level = 5
TransferSubgridParticles[5]: Moved 1 particles, 0 stars, 0 active particles.
DetermineSGSize: MaxSubgridSize = 2000, MinSubgridEdge = 4, ncells = 53192
RebuildHierarchy[5]: Flagged 0/100 grids. 0 flagged cells
Level[5]: dt = 0.00144524  0.00144524 (0.002889/0.00316226)
RebuildHierarchy: level = 5
TransferSubgridParticles[5]: Moved 2 particles, 0 stars, 0 active particles.
DetermineSGSize: MaxSubgridSize = 2000, MinSubgridEdge = 4, ncells = 53192
RebuildHierarchy[5]: Flagged 0/100 grids. 0 flagged cells
Level[5]: dt = 0.000273257  0.00144731 (0.00316226/0.00316226)
EvolveLevel[5]: NumberOfSubCycles = 3 (772 total, 3 sub)
Level[4]: dt = 0.000322919  0.00316481 (0.00665465/0.00665465)
Level[5]: dt = 0.000322919  0.00144765 (0.000322919/0.000322919)
EvolveLevel[5]: NumberOfSubCycles = 1 (773 total, 1 sub)
EvolveLevel[4]: NumberOfSubCycles = 3 (359 total, 3 sub)
RebuildHierarchy: level = 3
TransferSubgridParticles[3]: Moved 40 particles, 0 stars, 0 active particles.
DetermineSGSize: MaxSubgridSize = 2000, MinSubgridEdge = 4, ncells = 71992
RebuildHierarchy[3]: Flagged 157/482 grids. 7163 flagged cells
LoadBalance: Number of grids moved = 159 out of 160 (7.89165e-05 seconds elapsed)
DetermineSGSize: MaxSubgridSize = 2000, MinSubgridEdge = 4, ncells = 53192
RebuildHierarchy[4]: Flagged 96/160 grids. 5621 flagged cells
LoadBalance: Number of grids moved = 100 out of 100 (0.0027708 seconds elapsed)
DetermineSGSize: MaxSubgridSize = 2000, MinSubgridEdge = 4, ncells = 53192
RebuildHierarchy[5]: Flagged 0/100 grids. 0 flagged cells
Level[3]: dt = 0.00666449  0.00666449 (0.0133191/0.0142153)
Level[4]: dt = 0.00316535  0.00316535 (0.00316535/0.00666449)
Level[5]: dt = 0.00144734  0.00144734 (0.00144734/0.00316535)
RebuildHierarchy: level = 5
TransferSubgridParticles[5]: Moved 0 particles, 0 stars, 0 active particles.
DetermineSGSize: MaxSubgridSize = 2000, MinSubgridEdge = 4, ncells = 53368
RebuildHierarchy[5]: Flagged 0/100 grids. 0 flagged cells
Level[5]: dt = 0.00144623  0.00144623 (0.00289356/0.00316535)
RebuildHierarchy: level = 5
TransferSubgridParticles[5]: Moved 2 particles, 0 stars, 0 active particles.
DetermineSGSize: MaxSubgridSize = 2000, MinSubgridEdge = 4, ncells = 53368
RebuildHierarchy[5]: Flagged 0/100 grids. 0 flagged cells
Level[5]: dt = 0.000271782  0.0014456 (0.00316535/0.00316535)
EvolveLevel[5]: NumberOfSubCycles = 3 (776 total, 3 sub)
RebuildHierarchy: level = 4
TransferSubgridParticles[4]: Moved 6 particles, 0 stars, 0 active particles.
DetermineSGSize: MaxSubgridSize = 2000, MinSubgridEdge = 4, ncells = 53368
RebuildHierarchy[4]: Flagged 97/160 grids. 5637 flagged cells
LoadBalance: Number of grids moved = 101 out of 101 (0.00277304 seconds elapsed)
DetermineSGSize: MaxSubgridSize = 2000, MinSubgridEdge = 4, ncells = 53368
RebuildHierarchy[5]: Flagged 0/101 grids. 0 flagged cells
Level[4]: dt = 0.00317175  0.00317175 (0.00633709/0.00666449)
Level[5]: dt = 0.00144551  0.00144551 (0.00144551/0.00317175)
RebuildHierarchy: level = 5
TransferSubgridParticles[5]: Moved 2 particles, 0 stars, 0 active particles.
DetermineSGSize: MaxSubgridSize = 2000, MinSubgridEdge = 4, ncells = 53360
RebuildHierarchy[5]: Flagged 0/101 grids. 0 flagged cells
Level[5]: dt = 0.00144526  0.00144526 (0.00289077/0.00317175)
RebuildHierarchy: level = 5
TransferSubgridParticles[5]: Moved 0 particles, 0 stars, 0 active particles.
DetermineSGSize: MaxSubgridSize = 2000, MinSubgridEdge = 4, ncells = 53360
RebuildHierarchy[5]: Flagged 0/101 grids. 0 flagged cells
Level[5]: dt = 0.00028098  0.00144546 (0.00317175/0.00317175)
EvolveLevel[5]: NumberOfSubCycles = 3 (779 total, 3 sub)
Level[4]: dt = 0.000327394  0.00317964 (0.00666449/0.00666449)
Level[5]: dt = 0.000327394  0.00144553 (0.000327394/0.000327394)
EvolveLevel[5]: NumberOfSubCycles = 1 (780 total, 1 sub)
EvolveLevel[4]: NumberOfSubCycles = 3 (362 total, 3 sub)
Level[3]: dt = 0.00089617  0.00667288 (0.0142153/0.0142153)
Level[4]: dt = 0.00089617  0.00318048 (0.00089617/0.00089617)
Level[5]: dt = 0.00089617  0.00144562 (0.00089617/0.00089617)
EvolveLevel[5]: NumberOfSubCycles = 1 (781 total, 1 sub)
EvolveLevel[4]: NumberOfSubCycles = 1 (363 total, 1 sub)
EvolveLevel[3]: NumberOfSubCycles = 3 (167 total, 3 sub)
Level[2]: dt = 0.000936776  0.0141789 (0.0294097/0.0294097)
Level[3]: dt = 0.000936776  0.00667391 (0.000936776/0.000936776)
Level[4]: dt = 0.000936776  0.00318275 (0.000936776/0.000936776)
Level[5]: dt = 0.000936776  0.00144601 (0.000936776/0.000936776)
EvolveLevel[5]: NumberOfSubCycles = 1 (782 total, 1 sub)
EvolveLevel[4]: NumberOfSubCycles = 1 (364 total, 1 sub)
EvolveLevel[3]: NumberOfSubCycles = 1 (168 total, 1 sub)
EvolveLevel[2]: NumberOfSubCycles = 3 (76 total, 3 sub)
RebuildHierarchy: level = 1
TransferSubgridParticles[1]: Moved 11198 particles, 0 stars, 0 active particles.
DetermineSGSize: MaxSubgridSize = 2000, MinSubgridEdge = 4, ncells = 1504328
RebuildHierarchy[1]: Flagged 1029/9199 grids. 103495 flagged cells
LoadBalance: Number of grids moved = 1555 out of 1572 (0.00652624 seconds elapsed)
DetermineSGSize: MaxSubgridSize = 2000, MinSubgridEdge = 4, ncells = 324352
RebuildHierarchy[2]: Flagged 414/1572 grids. 26012 flagged cells
LoadBalance: Number of grids moved = 488 out of 492 (0.00017691 seconds elapsed)
DetermineSGSize: MaxSubgridSize = 2000, MinSubgridEdge = 4, ncells = 71472
RebuildHierarchy[3]: Flagged 159/492 grids. 7196 flagged cells
LoadBalance: Number of grids moved = 163 out of 164 (8.00155e-05 seconds elapsed)
DetermineSGSize: MaxSubgridSize = 2000, MinSubgridEdge = 4, ncells = 53360
RebuildHierarchy[4]: Flagged 98/164 grids. 5625 flagged cells
LoadBalance: Number of grids moved = 102 out of 102 (0.00127833 seconds elapsed)
DetermineSGSize: MaxSubgridSize = 2000, MinSubgridEdge = 4, ncells = 53360
RebuildHierarchy[5]: Flagged 0/102 grids. 0 flagged cells
Level[1]: dt = 0.0295033  0.0295033 (0.0589129/0.0643881)
Level[2]: dt = 0.0141766  0.0141766 (0.0141766/0.0295033)
Level[3]: dt = 0.00667496  0.00667496 (0.00667496/0.0141766)
Level[4]: dt = 0.00318509  0.00318509 (0.00318509/0.00667496)
Level[5]: dt = 0.00144656  0.00144656 (0.00144656/0.00318509)
RebuildHierarchy: level = 5
TransferSubgridParticles[5]: Moved 2 particles, 0 stars, 0 active particles.
DetermineSGSize: MaxSubgridSize = 2000, MinSubgridEdge = 4, ncells = 52792
RebuildHierarchy[5]: Flagged 0/102 grids. 0 flagged cells
Level[5]: dt = 0.00144808  0.00144808 (0.00289464/0.00318509)
RebuildHierarchy: level = 5
TransferSubgridParticles[5]: Moved 2 particles, 0 stars, 0 active particles.
DetermineSGSize: MaxSubgridSize = 2000, MinSubgridEdge = 4, ncells = 52792
RebuildHierarchy[5]: Flagged 0/102 grids. 0 flagged cells
Level[5]: dt = 0.000290451  0.00145032 (0.00318509/0.00318509)
EvolveLevel[5]: NumberOfSubCycles = 3 (785 total, 3 sub)
RebuildHierarchy: level = 4
TransferSubgridParticles[4]: Moved 5 particles, 0 stars, 0 active particles.
DetermineSGSize: MaxSubgridSize = 2000, MinSubgridEdge = 4, ncells = 52792
RebuildHierarchy[4]: Flagged 98/164 grids. 5661 flagged cells
LoadBalance: Number of grids moved = 102 out of 102 (0.0011652 seconds elapsed)
DetermineSGSize: MaxSubgridSize = 2000, MinSubgridEdge = 4, ncells = 52792
RebuildHierarchy[5]: Flagged 0/102 grids. 0 flagged cells
Level[4]: dt = 0.00319256  0.00319256 (0.00637765/0.00667496)
Level[5]: dt = 0.00145078  0.00145078 (0.00145078/0.00319256)
RebuildHierarchy: level = 5
TransferSubgridParticles[5]: Moved 2 particles, 0 stars, 0 active particles.
DetermineSGSize: MaxSubgridSize = 2000, MinSubgridEdge = 4, ncells = 53672
RebuildHierarchy[5]: Flagged 0/102 grids. 0 flagged cells
Level[5]: dt = 0.00145325  0.00145325 (0.00290403/0.00319256)
RebuildHierarchy: level = 5
TransferSubgridParticles[5]: Moved 4 particles, 0 stars, 0 active particles.
DetermineSGSize: MaxSubgridSize = 2000, MinSubgridEdge = 4, ncells = 53672
RebuildHierarchy[5]: Flagged 0/102 grids. 0 flagged cells
Level[5]: dt = 0.000288524  0.00145635 (0.00319256/0.00319256)
EvolveLevel[5]: NumberOfSubCycles = 3 (788 total, 3 sub)
Level[4]: dt = 0.000297307  0.00319893 (0.00667496/0.00667496)
Level[5]: dt = 0.000297307  0.00145698 (0.000297307/0.000297307)
EvolveLevel[5]: NumberOfSubCycles = 1 (789 total, 1 sub)
EvolveLevel[4]: NumberOfSubCycles = 3 (367 total, 3 sub)
RebuildHierarchy: level = 3
TransferSubgridParticles[3]: Moved 46 particles, 0 stars, 0 active particles.
DetermineSGSize: MaxSubgridSize = 2000, MinSubgridEdge = 4, ncells = 70776
RebuildHierarchy[3]: Flagged 158/492 grids. 7212 flagged cells
LoadBalance: Number of grids moved = 162 out of 163 (7.9181e-05 seconds elapsed)
DetermineSGSize: MaxSubgridSize = 2000, MinSubgridEdge = 4, ncells = 53672
RebuildHierarchy[4]: Flagged 98/163 grids. 5681 flagged cells
LoadBalance: Number of grids moved = 102 out of 102 (0.00125253 seconds elapsed)
DetermineSGSize: MaxSubgridSize = 2000, MinSubgridEdge = 4, ncells = 53672
RebuildHierarchy[5]: Flagged 0/102 grids. 0 flagged cells
Level[3]: dt = 0.00667928  0.00667928 (0.0133542/0.0141766)
Level[4]: dt = 0.00319946  0.00319946 (0.00319946/0.00667928)
Level[5]: dt = 0.00145763  0.00145763 (0.00145763/0.00319946)
RebuildHierarchy: level = 5
TransferSubgridParticles[5]: Moved 3 particles, 0 stars, 0 active particles.
DetermineSGSize: MaxSubgridSize = 2000, MinSubgridEdge = 4, ncells = 53968
RebuildHierarchy[5]: Flagged 0/102 grids. 0 flagged cells
Level[5]: dt = 0.00146126  0.00146126 (0.00291888/0.00319946)
RebuildHierarchy: level = 5
TransferSubgridParticles[5]: Moved 0 particles, 0 stars, 0 active particles.
DetermineSGSize: MaxSubgridSize = 2000, MinSubgridEdge = 4, ncells = 53968
RebuildHierarchy[5]: Flagged 0/102 grids. 0 flagged cells
Level[5]: dt = 0.000280578  0.00146517 (0.00319946/0.00319946)
EvolveLevel[5]: NumberOfSubCycles = 3 (792 total, 3 sub)
RebuildHierarchy: level = 4
TransferSubgridParticles[4]: Moved 5 particles, 0 stars, 0 active particles.
DetermineSGSize: MaxSubgridSize = 2000, MinSubgridEdge = 4, ncells = 53968
RebuildHierarchy[4]: Flagged 98/163 grids. 5692 flagged cells
LoadBalance: Number of grids moved = 102 out of 102 (0.00121928 seconds elapsed)
DetermineSGSize: MaxSubgridSize = 2000, MinSubgridEdge = 4, ncells = 53968
RebuildHierarchy[5]: Flagged 0/102 grids. 0 flagged cells
Level[4]: dt = 0.00320313  0.00320313 (0.0064026/0.00667928)
Level[5]: dt = 0.00146593  0.00146593 (0.00146593/0.00320313)
RebuildHierarchy: level = 5
TransferSubgridParticles[5]: Moved 4 particles, 0 stars, 0 active particles.
DetermineSGSize: MaxSubgridSize = 2000, MinSubgridEdge = 4, ncells = 53976
RebuildHierarchy[5]: Flagged 0/102 grids. 0 flagged cells
Level[5]: dt = 0.00146848  0.00146848 (0.00293441/0.00320313)
RebuildHierarchy: level = 5
TransferSubgridParticles[5]: Moved 4 particles, 0 stars, 0 active particles.
DetermineSGSize: MaxSubgridSize = 2000, MinSubgridEdge = 4, ncells = 53976
RebuildHierarchy[5]: Flagged 0/102 grids. 0 flagged cells
Level[5]: dt = 0.000268723  0.00146795 (0.00320313/0.00320313)
EvolveLevel[5]: NumberOfSubCycles = 3 (795 total, 3 sub)
Level[4]: dt = 0.000276689  0.00318935 (0.00667928/0.00667928)
Level[5]: dt = 0.000276689  0.00146795 (0.000276689/0.000276689)
EvolveLevel[5]: NumberOfSubCycles = 1 (796 total, 1 sub)
EvolveLevel[4]: NumberOfSubCycles = 3 (370 total, 3 sub)
Level[3]: dt = 0.000822362  0.00668334 (0.0141766/0.0141766)
Level[4]: dt = 0.000822362  0.00318744 (0.000822362/0.000822362)
Level[5]: dt = 0.000822362  0.00146797 (0.000822362/0.000822362)
EvolveLevel[5]: NumberOfSubCycles = 1 (797 total, 1 sub)
EvolveLevel[4]: NumberOfSubCycles = 1 (371 total, 1 sub)
EvolveLevel[3]: NumberOfSubCycles = 3 (171 total, 3 sub)
RebuildHierarchy: level = 2
TransferSubgridParticles[2]: Moved 289 particles, 0 stars, 0 active particles.
DetermineSGSize: MaxSubgridSize = 2000, MinSubgridEdge = 4, ncells = 328632
RebuildHierarchy[2]: Flagged 418/1572 grids. 26299 flagged cells
LoadBalance: Number of grids moved = 494 out of 499 (0.000180937 seconds elapsed)
DetermineSGSize: MaxSubgridSize = 2000, MinSubgridEdge = 4, ncells = 70832
RebuildHierarchy[3]: Flagged 161/499 grids. 7302 flagged cells
LoadBalance: Number of grids moved = 164 out of 165 (7.66702e-05 seconds elapsed)
DetermineSGSize: MaxSubgridSize = 2000, MinSubgridEdge = 4, ncells = 53976
RebuildHierarchy[4]: Flagged 98/165 grids. 5663 flagged cells
LoadBalance: Number of grids moved = 102 out of 102 (0.00128058 seconds elapsed)
DetermineSGSize: MaxSubgridSize = 2000, MinSubgridEdge = 4, ncells = 53976
RebuildHierarchy[5]: Flagged 0/102 grids. 0 flagged cells
Level[2]: dt = 0.0141502  0.0141502 (0.0283268/0.0295033)
Level[3]: dt = 0.00668381  0.00668381 (0.00668381/0.0141502)
Level[4]: dt = 0.00318223  0.00318223 (0.00318223/0.00668381)
Level[5]: dt = 0.00146818  0.00146818 (0.00146818/0.00318223)
RebuildHierarchy: level = 5
TransferSubgridParticles[5]: Moved 2 particles, 0 stars, 0 active particles.
DetermineSGSize: MaxSubgridSize = 2000, MinSubgridEdge = 4, ncells = 53440
RebuildHierarchy[5]: Flagged 0/102 grids. 0 flagged cells
Level[5]: dt = 0.00146908  0.00146908 (0.00293726/0.00318223)
RebuildHierarchy: level = 5
TransferSubgridParticles[5]: Moved 1 particles, 0 stars, 0 active particles.
DetermineSGSize: MaxSubgridSize = 2000, MinSubgridEdge = 4, ncells = 53440
RebuildHierarchy[5]: Flagged 0/102 grids. 0 flagged cells
Level[5]: dt = 0.000244968  0.00147061 (0.00318223/0.00318223)
EvolveLevel[5]: NumberOfSubCycles = 3 (800 total, 3 sub)
RebuildHierarchy: level = 4
TransferSubgridParticles[4]: Moved 3 particles, 0 stars, 0 active particles.
DetermineSGSize: MaxSubgridSize = 2000, MinSubgridEdge = 4, ncells = 53440
RebuildHierarchy[4]: Flagged 98/165 grids. 5666 flagged cells
LoadBalance: Number of grids moved = 102 out of 102 (0.00111506 seconds elapsed)
DetermineSGSize: MaxSubgridSize = 2000, MinSubgridEdge = 4, ncells = 53440
RebuildHierarchy[5]: Flagged 0/102 grids. 0 flagged cells
Level[4]: dt = 0.00316324  0.00316324 (0.00634547/0.00668381)
Level[5]: dt = 0.00147092  0.00147092 (0.00147092/0.00316324)
RebuildHierarchy: level = 5
TransferSubgridParticles[5]: Moved 4 particles, 0 stars, 0 active particles.
DetermineSGSize: MaxSubgridSize = 2000, MinSubgridEdge = 4, ncells = 53592
RebuildHierarchy[5]: Flagged 0/102 grids. 0 flagged cells
Level[5]: dt = 0.00147305  0.00147305 (0.00294396/0.00316324)
RebuildHierarchy: level = 5
TransferSubgridParticles[5]: Moved 2 particles, 0 stars, 0 active particles.
DetermineSGSize: MaxSubgridSize = 2000, MinSubgridEdge = 4, ncells = 53592
RebuildHierarchy[5]: Flagged 0/102 grids. 0 flagged cells
Level[5]: dt = 0.000219276  0.0014757 (0.00316324/0.00316324)
EvolveLevel[5]: NumberOfSubCycles = 3 (803 total, 3 sub)
Level[4]: dt = 0.000338342  0.00314803 (0.00668381/0.00668381)
Level[5]: dt = 0.000338342  0.00147612 (0.000338342/0.000338342)
EvolveLevel[5]: NumberOfSubCycles = 1 (804 total, 1 sub)
EvolveLevel[4]: NumberOfSubCycles = 3 (374 total, 3 sub)
RebuildHierarchy: level = 3
TransferSubgridParticles[3]: Moved 45 particles, 0 stars, 0 active particles.
DetermineSGSize: MaxSubgridSize = 2000, MinSubgridEdge = 4, ncells = 71352
RebuildHierarchy[3]: Flagged 162/499 grids. 7290 flagged cells
LoadBalance: Number of grids moved = 165 out of 166 (8.45008e-05 seconds elapsed)
DetermineSGSize: MaxSubgridSize = 2000, MinSubgridEdge = 4, ncells = 53592
RebuildHierarchy[4]: Flagged 99/166 grids. 5736 flagged cells
LoadBalance: Number of grids moved = 103 out of 103 (0.00122221 seconds elapsed)
DetermineSGSize: MaxSubgridSize = 2000, MinSubgridEdge = 4, ncells = 53592
RebuildHierarchy[5]: Flagged 0/103 grids. 0 flagged cells
Level[3]: dt = 0.00668783  0.00668783 (0.0133716/0.0141502)
Level[4]: dt = 0.00314665  0.00314665 (0.00314665/0.00668783)
Level[5]: dt = 0.00147679  0.00147679 (0.00147679/0.00314665)
RebuildHierarchy: level = 5
TransferSubgridParticles[5]: Moved 2 particles, 0 stars, 0 active particles.
DetermineSGSize: MaxSubgridSize = 2000, MinSubgridEdge = 4, ncells = 54328
RebuildHierarchy[5]: Flagged 0/103 grids. 0 flagged cells
Level[5]: dt = 0.00148008  0.00148008 (0.00295687/0.00314665)
RebuildHierarchy: level = 5
TransferSubgridParticles[5]: Moved 3 particles, 0 stars, 0 active particles.
DetermineSGSize: MaxSubgridSize = 2000, MinSubgridEdge = 4, ncells = 54328
RebuildHierarchy[5]: Flagged 0/103 grids. 0 flagged cells
Level[5]: dt = 0.000189775  0.00148374 (0.00314665/0.00314665)
EvolveLevel[5]: NumberOfSubCycles = 3 (807 total, 3 sub)
RebuildHierarchy: level = 4
TransferSubgridParticles[4]: Moved 5 particles, 0 stars, 0 active particles.
DetermineSGSize: MaxSubgridSize = 2000, MinSubgridEdge = 4, ncells = 54328
RebuildHierarchy[4]: Flagged 99/166 grids. 5721 flagged cells
LoadBalance: Number of grids moved = 103 out of 103 (0.00112817 seconds elapsed)
DetermineSGSize: MaxSubgridSize = 2000, MinSubgridEdge = 4, ncells = 54328
RebuildHierarchy[5]: Flagged 0/103 grids. 0 flagged cells
Level[4]: dt = 0.00313486  0.00313486 (0.0062815/0.00668783)
Level[5]: dt = 0.00148424  0.00148424 (0.00148424/0.00313486)
RebuildHierarchy: level = 5
TransferSubgridParticles[5]: Moved 5 particles, 0 stars, 0 active particles.
DetermineSGSize: MaxSubgridSize = 2000, MinSubgridEdge = 4, ncells = 54448
RebuildHierarchy[5]: Flagged 0/103 grids. 0 flagged cells
Level[5]: dt = 0.00148849  0.00148849 (0.00297273/0.00313486)
RebuildHierarchy: level = 5
TransferSubgridParticles[5]: Moved 1 particles, 0 stars, 0 active particles.
DetermineSGSize: MaxSubgridSize = 2000, MinSubgridEdge = 4, ncells = 54448
RebuildHierarchy[5]: Flagged 0/103 grids. 0 flagged cells
Level[5]: dt = 0.000162127  0.00149307 (0.00313486/0.00313486)
EvolveLevel[5]: NumberOfSubCycles = 3 (810 total, 3 sub)
Level[4]: dt = 0.000406328  0.00312554 (0.00668783/0.00668783)
Level[5]: dt = 0.000406328  0.00149359 (0.000406328/0.000406328)
EvolveLevel[5]: NumberOfSubCycles = 1 (811 total, 1 sub)
EvolveLevel[4]: NumberOfSubCycles = 3 (377 total, 3 sub)
Level[3]: dt = 0.000778547  0.00669215 (0.0141502/0.0141502)
Level[4]: dt = 0.000778547  0.00312452 (0.000778547/0.000778547)
Level[5]: dt = 0.000778547  0.00149492 (0.000778547/0.000778547)
EvolveLevel[5]: NumberOfSubCycles = 1 (812 total, 1 sub)
EvolveLevel[4]: NumberOfSubCycles = 1 (378 total, 1 sub)
EvolveLevel[3]: NumberOfSubCycles = 3 (174 total, 3 sub)
Level[2]: dt = 0.00117647  0.0141234 (0.0295033/0.0295033)
Level[3]: dt = 0.00117647  0.00669264 (0.00117647/0.00117647)
Level[4]: dt = 0.00117647  0.00312269 (0.00117647/0.00117647)
Level[5]: dt = 0.00117647  0.00149753 (0.00117647/0.00117647)
EvolveLevel[5]: NumberOfSubCycles = 1 (813 total, 1 sub)
EvolveLevel[4]: NumberOfSubCycles = 1 (379 total, 1 sub)
EvolveLevel[3]: NumberOfSubCycles = 1 (175 total, 1 sub)
EvolveLevel[2]: NumberOfSubCycles = 3 (79 total, 3 sub)
Level[1]: dt = 0.00547517  0.0295932 (0.0643881/0.0643881)
Level[2]: dt = 0.00547517  0.0141215 (0.00547517/0.00547517)
Level[3]: dt = 0.00547517  0.00669334 (0.00547517/0.00547517)
Level[4]: dt = 0.00312001  0.00312001 (0.00312001/0.00547517)
Level[5]: dt = 0.00150162  0.00150162 (0.00150162/0.00312001)
RebuildHierarchy: level = 5
TransferSubgridParticles[5]: Moved 4 particles, 0 stars, 0 active particles.
DetermineSGSize: MaxSubgridSize = 2000, MinSubgridEdge = 4, ncells = 54448
RebuildHierarchy[5]: Flagged 0/103 grids. 0 flagged cells
Level[5]: dt = 0.0015067  0.0015067 (0.00300832/0.00312001)
RebuildHierarchy: level = 5
TransferSubgridParticles[5]: Moved 1 particles, 0 stars, 0 active particles.
DetermineSGSize: MaxSubgridSize = 2000, MinSubgridEdge = 4, ncells = 54448
RebuildHierarchy[5]: Flagged 0/103 grids. 0 flagged cells
Level[5]: dt = 0.000111691  0.00150943 (0.00312001/0.00312001)
EvolveLevel[5]: NumberOfSubCycles = 3 (816 total, 3 sub)
RebuildHierarchy: level = 4
TransferSubgridParticles[4]: Moved 14 particles, 0 stars, 0 active particles.
DetermineSGSize: MaxSubgridSize = 2000, MinSubgridEdge = 4, ncells = 54448
RebuildHierarchy[4]: Flagged 100/166 grids. 5751 flagged cells
LoadBalance: Number of grids moved = 104 out of 104 (0.00123245 seconds elapsed)
DetermineSGSize: MaxSubgridSize = 2000, MinSubgridEdge = 4, ncells = 54448
RebuildHierarchy[5]: Flagged 0/104 grids. 0 flagged cells
Level[4]: dt = 0.00235516  0.0031142 (0.00547517/0.00547517)
Level[5]: dt = 0.00150934  0.00150934 (0.00150934/0.00235516)
RebuildHierarchy: level = 5
TransferSubgridParticles[5]: Moved 3 particles, 0 stars, 0 active particles.
DetermineSGSize: MaxSubgridSize = 2000, MinSubgridEdge = 4, ncells = 54464
RebuildHierarchy[5]: Flagged 0/104 grids. 0 flagged cells
Level[5]: dt = 0.00084582  0.00150836 (0.00235516/0.00235516)
EvolveLevel[5]: NumberOfSubCycles = 2 (818 total, 2 sub)
EvolveLevel[4]: NumberOfSubCycles = 2 (381 total, 2 sub)
EvolveLevel[3]: NumberOfSubCycles = 1 (176 total, 1 sub)
EvolveLevel[2]: NumberOfSubCycles = 1 (80 total, 1 sub)
EvolveLevel[1]: NumberOfSubCycles = 3 (34 total, 3 sub)
EvolveLevel[0]: NumberOfSubCycles = 1 (12 total, 12 sub)
RebuildHierarchy: level = 0
CommunicationTransferParticles: moved = 336932
CommunicationTransferStars: moved = 0
CommunicationTransferActiveParticles: moved = 0
DetermineSGSize: MaxSubgridSize = 2000, MinSubgridEdge = 4, ncells = 13369360
RebuildHierarchy[0]: Flagged 765/1120 grids. 844709 flagged cells
LoadBalance: Number of grids moved = 9288 out of 9330 (0.222912 seconds elapsed)
DetermineSGSize: MaxSubgridSize = 2000, MinSubgridEdge = 4, ncells = 1516440
RebuildHierarchy[1]: Flagged 1050/9330 grids. 103596 flagged cells
LoadBalance: Number of grids moved = 1558 out of 1573 (0.00664273 seconds elapsed)
DetermineSGSize: MaxSubgridSize = 2000, MinSubgridEdge = 4, ncells = 329512
RebuildHierarchy[2]: Flagged 418/1573 grids. 26345 flagged cells
LoadBalance: Number of grids moved = 491 out of 492 (0.00309859 seconds elapsed)
DetermineSGSize: MaxSubgridSize = 2000, MinSubgridEdge = 4, ncells = 71048
RebuildHierarchy[3]: Flagged 155/492 grids. 7284 flagged cells
LoadBalance: Number of grids moved = 157 out of 158 (7.77915e-05 seconds elapsed)
DetermineSGSize: MaxSubgridSize = 2000, MinSubgridEdge = 4, ncells = 54464
RebuildHierarchy[4]: Flagged 96/158 grids. 5748 flagged cells
LoadBalance: Number of grids moved = 100 out of 100 (0.00271112 seconds elapsed)
DetermineSGSize: MaxSubgridSize = 2000, MinSubgridEdge = 4, ncells = 54464
RebuildHierarchy[5]: Flagged 0/100 grids. 0 flagged cells
CPUTime-output: Frac = 0.999758, Current = 1665.02 (1664.01), Stop = 2592000.000000, Last = 628.018
[YT_INFO   ] Setting YT parameters ...
[YT_INFO   ] Setting YT parameters ... done.
[YT_INFO   ] Getting pointer to particle list information ...
[YT_INFO   ] Getting pointer to particle list information  ... done.
[YT_INFO   ] Getting pointer to field list information ...
[YT_INFO   ] Getting pointer to field list information  ... done.
[YT_INFO   ] Getting pointer to local grids information ...
[YT_INFO   ] Getting pointer to local grids information  ... done.
[YT_INFO   ] Loading full hierarchy and local data to libyt ...
[YT_INFO   ] Loading full hierarchy and local data ... done.
[YT_INFO   ] Performing YT inline analysis yt_inline_func() ...
[YT_INFO   ] Performing YT inline analysis yt_inline_func() ... done.
Level[0]: dt = 0.064456  0.064456 (0.064456/0.064456)
PrepareGreens: Start = 0 0 36  Dim = 32 52 38
PrepareGreens: Start = 0 0 0  Dim = 32 52 36
Level[1]: dt = 0.0296115  0.0296115 (0.0296115/0.064456)
Level[2]: dt = 0.0141128  0.0141128 (0.0141128/0.0296115)
Level[3]: dt = 0.00669668  0.00669668 (0.00669668/0.0141128)
Level[4]: dt = 0.00311099  0.00311099 (0.00311099/0.00669668)
Level[5]: dt = 0.00150776  0.00150776 (0.00150776/0.00311099)
RebuildHierarchy: level = 5
TransferSubgridParticles[5]: Moved 86 particles, 0 stars, 0 active particles.
DetermineSGSize: MaxSubgridSize = 2000, MinSubgridEdge = 4, ncells = 54680
RebuildHierarchy[5]: Flagged 0/100 grids. 0 flagged cells
Level[5]: dt = 0.00150698  0.00150698 (0.00301475/0.00311099)
RebuildHierarchy: level = 5
TransferSubgridParticles[5]: Moved 0 particles, 0 stars, 0 active particles.
DetermineSGSize: MaxSubgridSize = 2000, MinSubgridEdge = 4, ncells = 54680
RebuildHierarchy[5]: Flagged 0/100 grids. 0 flagged cells
Level[5]: dt = 9.62407e-05  0.00150669 (0.00311099/0.00311099)
EvolveLevel[5]: NumberOfSubCycles = 3 (821 total, 3 sub)
RebuildHierarchy: level = 4
TransferSubgridParticles[4]: Moved 154 particles, 0 stars, 0 active particles.
DetermineSGSize: MaxSubgridSize = 2000, MinSubgridEdge = 4, ncells = 54680
RebuildHierarchy[4]: Flagged 96/158 grids. 5739 flagged cells
LoadBalance: Number of grids moved = 100 out of 100 (0.00271555 seconds elapsed)
DetermineSGSize: MaxSubgridSize = 2000, MinSubgridEdge = 4, ncells = 54680
RebuildHierarchy[5]: Flagged 0/100 grids. 0 flagged cells
Level[4]: dt = 0.00310841  0.00310841 (0.0062194/0.00669668)
Level[5]: dt = 0.00150669  0.00150669 (0.00150669/0.00310841)
RebuildHierarchy: level = 5
TransferSubgridParticles[5]: Moved 3 particles, 0 stars, 0 active particles.
DetermineSGSize: MaxSubgridSize = 2000, MinSubgridEdge = 4, ncells = 54608
RebuildHierarchy[5]: Flagged 0/100 grids. 0 flagged cells
Level[5]: dt = 0.00150673  0.00150673 (0.00301341/0.00310841)
RebuildHierarchy: level = 5
TransferSubgridParticles[5]: Moved 1 particles, 0 stars, 0 active particles.
DetermineSGSize: MaxSubgridSize = 2000, MinSubgridEdge = 4, ncells = 54608
RebuildHierarchy[5]: Flagged 0/100 grids. 0 flagged cells
Level[5]: dt = 9.49967e-05  0.00150688 (0.00310841/0.00310841)
EvolveLevel[5]: NumberOfSubCycles = 3 (824 total, 3 sub)
Level[4]: dt = 0.000477279  0.00310806 (0.00669668/0.00669668)
Level[5]: dt = 0.000477279  0.00150688 (0.000477279/0.000477279)
EvolveLevel[5]: NumberOfSubCycles = 1 (825 total, 1 sub)
EvolveLevel[4]: NumberOfSubCycles = 3 (384 total, 3 sub)
RebuildHierarchy: level = 3
TransferSubgridParticles[3]: Moved 1086 particles, 0 stars, 0 active particles.
DetermineSGSize: MaxSubgridSize = 2000, MinSubgridEdge = 4, ncells = 72000
RebuildHierarchy[3]: Flagged 156/492 grids. 7262 flagged cells
LoadBalance: Number of grids moved = 156 out of 157 (7.74823e-05 seconds elapsed)
DetermineSGSize: MaxSubgridSize = 2000, MinSubgridEdge = 4, ncells = 54608
RebuildHierarchy[4]: Flagged 95/157 grids. 5743 flagged cells
LoadBalance: Number of grids moved = 100 out of 100 (0.00273615 seconds elapsed)
DetermineSGSize: MaxSubgridSize = 2000, MinSubgridEdge = 4, ncells = 54608
RebuildHierarchy[5]: Flagged 0/100 grids. 0 flagged cells
Level[3]: dt = 0.00670098  0.00670098 (0.0133977/0.0141128)
Level[4]: dt = 0.00310812  0.00310812 (0.00310812/0.00670098)
Level[5]: dt = 0.00150686  0.00150686 (0.00150686/0.00310812)
RebuildHierarchy: level = 5
TransferSubgridParticles[5]: Moved 1 particles, 0 stars, 0 active particles.
DetermineSGSize: MaxSubgridSize = 2000, MinSubgridEdge = 4, ncells = 54392
RebuildHierarchy[5]: Flagged 0/100 grids. 0 flagged cells
Level[5]: dt = 0.00150305  0.00150305 (0.00300991/0.00310812)
RebuildHierarchy: level = 5
TransferSubgridParticles[5]: Moved 0 particles, 0 stars, 0 active particles.
DetermineSGSize: MaxSubgridSize = 2000, MinSubgridEdge = 4, ncells = 54392
RebuildHierarchy[5]: Flagged 0/100 grids. 0 flagged cells
Level[5]: dt = 9.82125e-05  0.0014999 (0.00310812/0.00310812)
EvolveLevel[5]: NumberOfSubCycles = 3 (828 total, 3 sub)
RebuildHierarchy: level = 4
TransferSubgridParticles[4]: Moved 2 particles, 0 stars, 0 active particles.
DetermineSGSize: MaxSubgridSize = 2000, MinSubgridEdge = 4, ncells = 54392
RebuildHierarchy[4]: Flagged 95/157 grids. 5769 flagged cells
LoadBalance: Number of grids moved = 99 out of 99 (0.00269135 seconds elapsed)
DetermineSGSize: MaxSubgridSize = 2000, MinSubgridEdge = 4, ncells = 54392
RebuildHierarchy[5]: Flagged 0/99 grids. 0 flagged cells
Level[4]: dt = 0.00310956  0.00310956 (0.00621769/0.00670098)
Level[5]: dt = 0.00149973  0.00149973 (0.00149973/0.00310956)
RebuildHierarchy: level = 5
TransferSubgridParticles[5]: Moved 0 particles, 0 stars, 0 active particles.
DetermineSGSize: MaxSubgridSize = 2000, MinSubgridEdge = 4, ncells = 56240
RebuildHierarchy[5]: Flagged 0/99 grids. 0 flagged cells
Level[5]: dt = 0.00149658  0.00149658 (0.00299631/0.00310956)
RebuildHierarchy: level = 5
TransferSubgridParticles[5]: Moved 0 particles, 0 stars, 0 active particles.
DetermineSGSize: MaxSubgridSize = 2000, MinSubgridEdge = 4, ncells = 56240
RebuildHierarchy[5]: Flagged 0/99 grids. 0 flagged cells
Level[5]: dt = 0.000113253  0.0014942 (0.00310956/0.00310956)
EvolveLevel[5]: NumberOfSubCycles = 3 (831 total, 3 sub)
Level[4]: dt = 0.000483293  0.00311273 (0.00670098/0.00670098)
Level[5]: dt = 0.000483293  0.00149407 (0.000483293/0.000483293)
EvolveLevel[5]: NumberOfSubCycles = 1 (832 total, 1 sub)
EvolveLevel[4]: NumberOfSubCycles = 3 (387 total, 3 sub)
Level[3]: dt = 0.000715096  0.00670551 (0.0141128/0.0141128)
Level[4]: dt = 0.000715096  0.00311335 (0.000715096/0.000715096)
Level[5]: dt = 0.000715096  0.00149343 (0.000715096/0.000715096)
EvolveLevel[5]: NumberOfSubCycles = 1 (833 total, 1 sub)
EvolveLevel[4]: NumberOfSubCycles = 1 (388 total, 1 sub)
EvolveLevel[3]: NumberOfSubCycles = 3 (179 total, 3 sub)
RebuildHierarchy: level = 2
TransferSubgridParticles[2]: Moved 8286 particles, 0 stars, 0 active particles.
DetermineSGSize: MaxSubgridSize = 2000, MinSubgridEdge = 4, ncells = 334656
RebuildHierarchy[2]: Flagged 421/1573 grids. 26654 flagged cells
LoadBalance: Number of grids moved = 498 out of 499 (0.00295255 seconds elapsed)
DetermineSGSize: MaxSubgridSize = 2000, MinSubgridEdge = 4, ncells = 73680
RebuildHierarchy[3]: Flagged 158/499 grids. 7323 flagged cells
LoadBalance: Number of grids moved = 159 out of 160 (7.68304e-05 seconds elapsed)
DetermineSGSize: MaxSubgridSize = 2000, MinSubgridEdge = 4, ncells = 56240
RebuildHierarchy[4]: Flagged 96/160 grids. 5748 flagged cells
LoadBalance: Number of grids moved = 100 out of 100 (0.00283011 seconds elapsed)
DetermineSGSize: MaxSubgridSize = 2000, MinSubgridEdge = 4, ncells = 56240
RebuildHierarchy[5]: Flagged 0/100 grids. 0 flagged cells
Level[2]: dt = 0.0140959  0.0140959 (0.0282087/0.0296115)
Level[3]: dt = 0.006706  0.006706 (0.006706/0.0140959)
Level[4]: dt = 0.00311434  0.00311434 (0.00311434/0.006706)
Level[5]: dt = 0.0014926  0.0014926 (0.0014926/0.00311434)
RebuildHierarchy: level = 5
TransferSubgridParticles[5]: Moved 0 particles, 0 stars, 0 active particles.
DetermineSGSize: MaxSubgridSize = 2000, MinSubgridEdge = 4, ncells = 55752
RebuildHierarchy[5]: Flagged 0/100 grids. 0 flagged cells
Level[5]: dt = 0.0014902  0.0014902 (0.0029828/0.00311434)
RebuildHierarchy: level = 5
TransferSubgridParticles[5]: Moved 0 particles, 0 stars, 0 active particles.
DetermineSGSize: MaxSubgridSize = 2000, MinSubgridEdge = 4, ncells = 55752
RebuildHierarchy[5]: Flagged 0/100 grids. 0 flagged cells
Level[5]: dt = 0.000131538  0.00148671 (0.00311434/0.00311434)
EvolveLevel[5]: NumberOfSubCycles = 3 (836 total, 3 sub)
RebuildHierarchy: level = 4
TransferSubgridParticles[4]: Moved 2 particles, 0 stars, 0 active particles.
DetermineSGSize: MaxSubgridSize = 2000, MinSubgridEdge = 4, ncells = 55752
RebuildHierarchy[4]: Flagged 96/160 grids. 5749 flagged cells
LoadBalance: Number of grids moved = 100 out of 100 (0.00265642 seconds elapsed)
DetermineSGSize: MaxSubgridSize = 2000, MinSubgridEdge = 4, ncells = 55752
RebuildHierarchy[5]: Flagged 0/100 grids. 0 flagged cells
Level[4]: dt = 0.00311921  0.00311921 (0.00623355/0.006706)
Level[5]: dt = 0.00148642  0.00148642 (0.00148642/0.00311921)
RebuildHierarchy: level = 5
TransferSubgridParticles[5]: Moved 1 particles, 0 stars, 0 active particles.
DetermineSGSize: MaxSubgridSize = 2000, MinSubgridEdge = 4, ncells = 55736
RebuildHierarchy[5]: Flagged 0/100 grids. 0 flagged cells
Level[5]: dt = 0.00148338  0.00148338 (0.0029698/0.00311921)
RebuildHierarchy: level = 5
TransferSubgridParticles[5]: Moved 3 particles, 0 stars, 0 active particles.
DetermineSGSize: MaxSubgridSize = 2000, MinSubgridEdge = 4, ncells = 55736
RebuildHierarchy[5]: Flagged 0/100 grids. 0 flagged cells
Level[5]: dt = 0.00014941  0.0014808 (0.00311921/0.00311921)
EvolveLevel[5]: NumberOfSubCycles = 3 (839 total, 3 sub)
Level[4]: dt = 0.000472458  0.00311866 (0.006706/0.006706)
Level[5]: dt = 0.000472458  0.00148057 (0.000472458/0.000472458)
EvolveLevel[5]: NumberOfSubCycles = 1 (840 total, 1 sub)
EvolveLevel[4]: NumberOfSubCycles = 3 (391 total, 3 sub)
RebuildHierarchy: level = 3
TransferSubgridParticles[3]: Moved 46 particles, 0 stars, 0 active particles.
DetermineSGSize: MaxSubgridSize = 2000, MinSubgridEdge = 4, ncells = 74248
RebuildHierarchy[3]: Flagged 157/499 grids. 7361 flagged cells
LoadBalance: Number of grids moved = 159 out of 160 (7.88644e-05 seconds elapsed)
DetermineSGSize: MaxSubgridSize = 2000, MinSubgridEdge = 4, ncells = 55736
RebuildHierarchy[4]: Flagged 96/160 grids. 5770 flagged cells
LoadBalance: Number of grids moved = 100 out of 100 (0.00280184 seconds elapsed)
DetermineSGSize: MaxSubgridSize = 2000, MinSubgridEdge = 4, ncells = 55736
RebuildHierarchy[5]: Flagged 0/100 grids. 0 flagged cells
Level[3]: dt = 0.00671084  0.00671084 (0.0134168/0.0140959)
Level[4]: dt = 0.00311329  0.00311329 (0.00311329/0.00671084)
Level[5]: dt = 0.00147985  0.00147985 (0.00147985/0.00311329)
RebuildHierarchy: level = 5
TransferSubgridParticles[5]: Moved 0 particles, 0 stars, 0 active particles.
DetermineSGSize: MaxSubgridSize = 2000, MinSubgridEdge = 4, ncells = 56072
RebuildHierarchy[5]: Flagged 0/100 grids. 0 flagged cells
Level[5]: dt = 0.00147788  0.00147788 (0.00295773/0.00311329)
RebuildHierarchy: level = 5
TransferSubgridParticles[5]: Moved 1 particles, 0 stars, 0 active particles.
DetermineSGSize: MaxSubgridSize = 2000, MinSubgridEdge = 4, ncells = 56072
RebuildHierarchy[5]: Flagged 0/100 grids. 0 flagged cells
Level[5]: dt = 0.000155555  0.0014765 (0.00311329/0.00311329)
EvolveLevel[5]: NumberOfSubCycles = 3 (843 total, 3 sub)
RebuildHierarchy: level = 4
TransferSubgridParticles[4]: Moved 3 particles, 0 stars, 0 active particles.
DetermineSGSize: MaxSubgridSize = 2000, MinSubgridEdge = 4, ncells = 56072
RebuildHierarchy[4]: Flagged 95/160 grids. 5766 flagged cells
LoadBalance: Number of grids moved = 99 out of 99 (0.0027437 seconds elapsed)
DetermineSGSize: MaxSubgridSize = 2000, MinSubgridEdge = 4, ncells = 56072
RebuildHierarchy[5]: Flagged 0/99 grids. 0 flagged cells
Level[4]: dt = 0.00308065  0.00308065 (0.00619393/0.00671084)
Level[5]: dt = 0.00147636  0.00147636 (0.00147636/0.00308065)
RebuildHierarchy: level = 5
TransferSubgridParticles[5]: Moved 1 particles, 0 stars, 0 active particles.
DetermineSGSize: MaxSubgridSize = 2000, MinSubgridEdge = 4, ncells = 56000
RebuildHierarchy[5]: Flagged 0/99 grids. 0 flagged cells
Level[5]: dt = 0.00147524  0.00147524 (0.00295161/0.00308065)
RebuildHierarchy: level = 5
TransferSubgridParticles[5]: Moved 1 particles, 0 stars, 0 active particles.
DetermineSGSize: MaxSubgridSize = 2000, MinSubgridEdge = 4, ncells = 56000
RebuildHierarchy[5]: Flagged 0/99 grids. 0 flagged cells
Level[5]: dt = 0.000129039  0.00147483 (0.00308065/0.00308065)
EvolveLevel[5]: NumberOfSubCycles = 3 (846 total, 3 sub)
Level[4]: dt = 0.000516903  0.00305497 (0.00671084/0.00671084)
Level[5]: dt = 0.000516903  0.00147485 (0.000516903/0.000516903)
EvolveLevel[5]: NumberOfSubCycles = 1 (847 total, 1 sub)
EvolveLevel[4]: NumberOfSubCycles = 3 (394 total, 3 sub)
Level[3]: dt = 0.000679101  0.00671593 (0.0140959/0.0140959)
Level[4]: dt = 0.000679101  0.00305148 (0.000679101/0.000679101)
Level[5]: dt = 0.000679101  0.00147492 (0.000679101/0.000679101)
EvolveLevel[5]: NumberOfSubCycles = 1 (848 total, 1 sub)
EvolveLevel[4]: NumberOfSubCycles = 1 (395 total, 1 sub)
EvolveLevel[3]: NumberOfSubCycles = 3 (182 total, 3 sub)
Level[2]: dt = 0.00140278  0.0140848 (0.0296115/0.0296115)
Level[3]: dt = 0.00140278  0.00671645 (0.00140278/0.00140278)
Level[4]: dt = 0.00140278  0.00304721 (0.00140278/0.00140278)
Level[5]: dt = 0.00140278  0.00147512 (0.00140278/0.00140278)
EvolveLevel[5]: NumberOfSubCycles = 1 (849 total, 1 sub)
EvolveLevel[4]: NumberOfSubCycles = 1 (396 total, 1 sub)
EvolveLevel[3]: NumberOfSubCycles = 1 (183 total, 1 sub)
EvolveLevel[2]: NumberOfSubCycles = 3 (83 total, 3 sub)
RebuildHierarchy: level = 1
TransferSubgridParticles[1]: Moved 104898 particles, 0 stars, 0 active particles.
DetermineSGSize: MaxSubgridSize = 2000, MinSubgridEdge = 4, ncells = 1526616
RebuildHierarchy[1]: Flagged 1062/9330 grids. 105287 flagged cells
LoadBalance: Number of grids moved = 1582 out of 1592 (0.00697863 seconds elapsed)
DetermineSGSize: MaxSubgridSize = 2000, MinSubgridEdge = 4, ncells = 336368
RebuildHierarchy[2]: Flagged 421/1592 grids. 26840 flagged cells
LoadBalance: Number of grids moved = 495 out of 497 (0.00287456 seconds elapsed)
DetermineSGSize: MaxSubgridSize = 2000, MinSubgridEdge = 4, ncells = 74568
RebuildHierarchy[3]: Flagged 152/497 grids. 7350 flagged cells
LoadBalance: Number of grids moved = 153 out of 154 (7.55712e-05 seconds elapsed)
DetermineSGSize: MaxSubgridSize = 2000, MinSubgridEdge = 4, ncells = 56000
RebuildHierarchy[4]: Flagged 94/154 grids. 5750 flagged cells
LoadBalance: Number of grids moved = 97 out of 97 (0.00267403 seconds elapsed)
DetermineSGSize: MaxSubgridSize = 2000, MinSubgridEdge = 4, ncells = 56000
RebuildHierarchy[5]: Flagged 0/97 grids. 0 flagged cells
Level[1]: dt = 0.0297022  0.0297022 (0.0593137/0.064456)
Level[2]: dt = 0.014084  0.014084 (0.014084/0.0297022)
Level[3]: dt = 0.00671755  0.00671755 (0.00671755/0.014084)
Level[4]: dt = 0.00303941  0.00303941 (0.00303941/0.00671755)
Level[5]: dt = 0.00147585  0.00147585 (0.00147585/0.00303941)
RebuildHierarchy: level = 5
TransferSubgridParticles[5]: Moved 0 particles, 0 stars, 0 active particles.
DetermineSGSize: MaxSubgridSize = 2000, MinSubgridEdge = 4, ncells = 56048
RebuildHierarchy[5]: Flagged 0/97 grids. 0 flagged cells
Level[5]: dt = 0.00147715  0.00147715 (0.002953/0.00303941)
RebuildHierarchy: level = 5
TransferSubgridParticles[5]: Moved 1 particles, 0 stars, 0 active particles.
DetermineSGSize: MaxSubgridSize = 2000, MinSubgridEdge = 4, ncells = 56048
RebuildHierarchy[5]: Flagged 0/97 grids. 0 flagged cells
Level[5]: dt = 8.64041e-05  0.00147928 (0.00303941/0.00303941)
EvolveLevel[5]: NumberOfSubCycles = 3 (852 total, 3 sub)
RebuildHierarchy: level = 4
TransferSubgridParticles[4]: Moved 4 particles, 0 stars, 0 active particles.
DetermineSGSize: MaxSubgridSize = 2000, MinSubgridEdge = 4, ncells = 56048
RebuildHierarchy[4]: Flagged 94/154 grids. 5724 flagged cells
LoadBalance: Number of grids moved = 97 out of 97 (0.00259267 seconds elapsed)
DetermineSGSize: MaxSubgridSize = 2000, MinSubgridEdge = 4, ncells = 56048
RebuildHierarchy[5]: Flagged 0/97 grids. 0 flagged cells
Level[4]: dt = 0.00302673  0.00302673 (0.00606614/0.00671755)
Level[5]: dt = 0.00147944  0.00147944 (0.00147944/0.00302673)
RebuildHierarchy: level = 5
TransferSubgridParticles[5]: Moved 0 particles, 0 stars, 0 active particles.
DetermineSGSize: MaxSubgridSize = 2000, MinSubgridEdge = 4, ncells = 55568
RebuildHierarchy[5]: Flagged 0/97 grids. 0 flagged cells
Level[5]: dt = 0.00154728  0.00147678 (0.00302673/0.00302673)
EvolveLevel[5]: NumberOfSubCycles = 2 (854 total, 2 sub)
Level[4]: dt = 0.00065141  0.00302009 (0.00671755/0.00671755)
Level[5]: dt = 0.00065141  0.00147377 (0.00065141/0.00065141)
EvolveLevel[5]: NumberOfSubCycles = 1 (855 total, 1 sub)
EvolveLevel[4]: NumberOfSubCycles = 3 (399 total, 3 sub)
RebuildHierarchy: level = 3
TransferSubgridParticles[3]: Moved 40 particles, 0 stars, 0 active particles.
DetermineSGSize: MaxSubgridSize = 2000, MinSubgridEdge = 4, ncells = 72824
RebuildHierarchy[3]: Flagged 153/497 grids. 7377 flagged cells
LoadBalance: Number of grids moved = 155 out of 156 (7.66814e-05 seconds elapsed)
DetermineSGSize: MaxSubgridSize = 2000, MinSubgridEdge = 4, ncells = 55568
RebuildHierarchy[4]: Flagged 95/156 grids. 5700 flagged cells
LoadBalance: Number of grids moved = 98 out of 98 (0.00265824 seconds elapsed)
DetermineSGSize: MaxSubgridSize = 2000, MinSubgridEdge = 4, ncells = 55568
RebuildHierarchy[5]: Flagged 0/98 grids. 0 flagged cells
Level[3]: dt = 0.00672332  0.00672332 (0.0134409/0.014084)
Level[4]: dt = 0.00301943  0.00301943 (0.00301943/0.00672332)
Level[5]: dt = 0.0014726  0.0014726 (0.0014726/0.00301943)
RebuildHierarchy: level = 5
TransferSubgridParticles[5]: Moved 0 particles, 0 stars, 0 active particles.
DetermineSGSize: MaxSubgridSize = 2000, MinSubgridEdge = 4, ncells = 55320
RebuildHierarchy[5]: Flagged 0/98 grids. 0 flagged cells
Level[5]: dt = 0.00147026  0.00147026 (0.00294286/0.00301943)
RebuildHierarchy: level = 5
TransferSubgridParticles[5]: Moved 1 particles, 0 stars, 0 active particles.
DetermineSGSize: MaxSubgridSize = 2000, MinSubgridEdge = 4, ncells = 55320
RebuildHierarchy[5]: Flagged 0/98 grids. 0 flagged cells
Level[5]: dt = 7.65652e-05  0.00146833 (0.00301943/0.00301943)
EvolveLevel[5]: NumberOfSubCycles = 3 (858 total, 3 sub)
RebuildHierarchy: level = 4
TransferSubgridParticles[4]: Moved 2 particles, 0 stars, 0 active particles.
DetermineSGSize: MaxSubgridSize = 2000, MinSubgridEdge = 4, ncells = 55320
RebuildHierarchy[4]: Flagged 94/156 grids. 5675 flagged cells
LoadBalance: Number of grids moved = 97 out of 97 (0.00270901 seconds elapsed)
DetermineSGSize: MaxSubgridSize = 2000, MinSubgridEdge = 4, ncells = 55320
RebuildHierarchy[5]: Flagged 0/97 grids. 0 flagged cells
Level[4]: dt = 0.00301936  0.00301936 (0.00603879/0.00672332)
Level[5]: dt = 0.00146824  0.00146824 (0.00146824/0.00301936)
RebuildHierarchy: level = 5
TransferSubgridParticles[5]: Moved 0 particles, 0 stars, 0 active particles.
DetermineSGSize: MaxSubgridSize = 2000, MinSubgridEdge = 4, ncells = 55104
RebuildHierarchy[5]: Flagged 0/97 grids. 0 flagged cells
Level[5]: dt = 0.0014667  0.0014667 (0.00293494/0.00301936)
RebuildHierarchy: level = 5
TransferSubgridParticles[5]: Moved 0 particles, 0 stars, 0 active particles.
DetermineSGSize: MaxSubgridSize = 2000, MinSubgridEdge = 4, ncells = 55104
RebuildHierarchy[5]: Flagged 0/97 grids. 0 flagged cells
Level[5]: dt = 8.44251e-05  0.00146558 (0.00301936/0.00301936)
EvolveLevel[5]: NumberOfSubCycles = 3 (861 total, 3 sub)
Level[4]: dt = 0.000684521  0.00302454 (0.00672332/0.00672332)
Level[5]: dt = 0.000684521  0.00146552 (0.000684521/0.000684521)
EvolveLevel[5]: NumberOfSubCycles = 1 (862 total, 1 sub)
EvolveLevel[4]: NumberOfSubCycles = 3 (402 total, 3 sub)
Level[3]: dt = 0.000643124  0.00672957 (0.014084/0.014084)
Level[4]: dt = 0.000643124  0.00302628 (0.000643124/0.000643124)
Level[5]: dt = 0.000643124  0.00146513 (0.000643124/0.000643124)
EvolveLevel[5]: NumberOfSubCycles = 1 (863 total, 1 sub)
EvolveLevel[4]: NumberOfSubCycles = 1 (403 total, 1 sub)
EvolveLevel[3]: NumberOfSubCycles = 3 (186 total, 3 sub)
RebuildHierarchy: level = 2
TransferSubgridParticles[2]: Moved 271 particles, 0 stars, 0 active particles.
DetermineSGSize: MaxSubgridSize = 2000, MinSubgridEdge = 4, ncells = 340384
RebuildHierarchy[2]: Flagged 426/1592 grids. 27044 flagged cells
LoadBalance: Number of grids moved = 499 out of 501 (0.00290413 seconds elapsed)
DetermineSGSize: MaxSubgridSize = 2000, MinSubgridEdge = 4, ncells = 73024
RebuildHierarchy[3]: Flagged 154/501 grids. 7401 flagged cells
LoadBalance: Number of grids moved = 155 out of 156 (8.35247e-05 seconds elapsed)
DetermineSGSize: MaxSubgridSize = 2000, MinSubgridEdge = 4, ncells = 55104
RebuildHierarchy[4]: Flagged 93/156 grids. 5628 flagged cells
LoadBalance: Number of grids moved = 96 out of 96 (0.00264492 seconds elapsed)
DetermineSGSize: MaxSubgridSize = 2000, MinSubgridEdge = 4, ncells = 55104
RebuildHierarchy[5]: Flagged 0/96 grids. 0 flagged cells
Level[2]: dt = 0.0140784  0.0140784 (0.0281624/0.0297022)
Level[3]: dt = 0.0067302  0.0067302 (0.0067302/0.0140784)
Level[4]: dt = 0.00302807  0.00302807 (0.00302807/0.0067302)
Level[5]: dt = 0.00146484  0.00146484 (0.00146484/0.00302807)
RebuildHierarchy: level = 5
TransferSubgridParticles[5]: Moved 0 particles, 0 stars, 0 active particles.
DetermineSGSize: MaxSubgridSize = 2000, MinSubgridEdge = 4, ncells = 54600
RebuildHierarchy[5]: Flagged 0/96 grids. 0 flagged cells
Level[5]: dt = 0.0014644  0.0014644 (0.00292924/0.00302807)
RebuildHierarchy: level = 5
TransferSubgridParticles[5]: Moved 1 particles, 0 stars, 0 active particles.
DetermineSGSize: MaxSubgridSize = 2000, MinSubgridEdge = 4, ncells = 54600
RebuildHierarchy[5]: Flagged 0/96 grids. 0 flagged cells
Level[5]: dt = 9.88306e-05  0.00146455 (0.00302807/0.00302807)
EvolveLevel[5]: NumberOfSubCycles = 3 (866 total, 3 sub)
RebuildHierarchy: level = 4
TransferSubgridParticles[4]: Moved 4 particles, 0 stars, 0 active particles.
DetermineSGSize: MaxSubgridSize = 2000, MinSubgridEdge = 4, ncells = 54600
RebuildHierarchy[4]: Flagged 93/156 grids. 5642 flagged cells
LoadBalance: Number of grids moved = 96 out of 96 (0.00261948 seconds elapsed)
DetermineSGSize: MaxSubgridSize = 2000, MinSubgridEdge = 4, ncells = 54600
RebuildHierarchy[5]: Flagged 0/96 grids. 0 flagged cells
Level[4]: dt = 0.00303815  0.00303815 (0.00606622/0.0067302)
Level[5]: dt = 0.00146456  0.00146456 (0.00146456/0.00303815)
RebuildHierarchy: level = 5
TransferSubgridParticles[5]: Moved 2 particles, 0 stars, 0 active particles.
DetermineSGSize: MaxSubgridSize = 2000, MinSubgridEdge = 4, ncells = 55040
RebuildHierarchy[5]: Flagged 0/96 grids. 0 flagged cells
Level[5]: dt = 0.0014649  0.0014649 (0.00292947/0.00303815)
RebuildHierarchy: level = 5
TransferSubgridParticles[5]: Moved 0 particles, 0 stars, 0 active particles.
DetermineSGSize: MaxSubgridSize = 2000, MinSubgridEdge = 4, ncells = 55040
RebuildHierarchy[5]: Flagged 0/96 grids. 0 flagged cells
Level[5]: dt = 0.000108688  0.00146581 (0.00303815/0.00303815)
EvolveLevel[5]: NumberOfSubCycles = 3 (869 total, 3 sub)
Level[4]: dt = 0.000663977  0.0030501 (0.0067302/0.0067302)
Level[5]: dt = 0.000663977  0.00146588 (0.000663977/0.000663977)
EvolveLevel[5]: NumberOfSubCycles = 1 (870 total, 1 sub)
EvolveLevel[4]: NumberOfSubCycles = 3 (406 total, 3 sub)
RebuildHierarchy: level = 3
TransferSubgridParticles[3]: Moved 39 particles, 0 stars, 0 active particles.
DetermineSGSize: MaxSubgridSize = 2000, MinSubgridEdge = 4, ncells = 73048
RebuildHierarchy[3]: Flagged 156/501 grids. 7482 flagged cells
LoadBalance: Number of grids moved = 158 out of 159 (7.9181e-05 seconds elapsed)
DetermineSGSize: MaxSubgridSize = 2000, MinSubgridEdge = 4, ncells = 55040
RebuildHierarchy[4]: Flagged 93/159 grids. 5668 flagged cells
LoadBalance: Number of grids moved = 96 out of 96 (0.00264691 seconds elapsed)
DetermineSGSize: MaxSubgridSize = 2000, MinSubgridEdge = 4, ncells = 55040
RebuildHierarchy[5]: Flagged 0/96 grids. 0 flagged cells
Level[3]: dt = 0.00673728  0.00673728 (0.0134675/0.0140784)
Level[4]: dt = 0.0030528  0.0030528 (0.0030528/0.00673728)
Level[5]: dt = 0.00146491  0.00146491 (0.00146491/0.0030528)
RebuildHierarchy: level = 5
TransferSubgridParticles[5]: Moved 2 particles, 0 stars, 0 active particles.
DetermineSGSize: MaxSubgridSize = 2000, MinSubgridEdge = 4, ncells = 55216
RebuildHierarchy[5]: Flagged 0/96 grids. 0 flagged cells
Level[5]: dt = 0.00146331  0.00146331 (0.00292822/0.0030528)
RebuildHierarchy: level = 5
TransferSubgridParticles[5]: Moved 0 particles, 0 stars, 0 active particles.
DetermineSGSize: MaxSubgridSize = 2000, MinSubgridEdge = 4, ncells = 55216
RebuildHierarchy[5]: Flagged 0/96 grids. 0 flagged cells
Level[5]: dt = 0.000124588  0.001462 (0.0030528/0.0030528)
EvolveLevel[5]: NumberOfSubCycles = 3 (873 total, 3 sub)
RebuildHierarchy: level = 4
TransferSubgridParticles[4]: Moved 4 particles, 0 stars, 0 active particles.
DetermineSGSize: MaxSubgridSize = 2000, MinSubgridEdge = 4, ncells = 55216
RebuildHierarchy[4]: Flagged 93/159 grids. 5718 flagged cells
LoadBalance: Number of grids moved = 96 out of 96 (0.00261943 seconds elapsed)
DetermineSGSize: MaxSubgridSize = 2000, MinSubgridEdge = 4, ncells = 55216
RebuildHierarchy[5]: Flagged 0/96 grids. 0 flagged cells
Level[4]: dt = 0.00306603  0.00306603 (0.00611883/0.00673728)
Level[5]: dt = 0.00146193  0.00146193 (0.00146193/0.00306603)
RebuildHierarchy: level = 5
TransferSubgridParticles[5]: Moved 2 particles, 0 stars, 0 active particles.
DetermineSGSize: MaxSubgridSize = 2000, MinSubgridEdge = 4, ncells = 55800
RebuildHierarchy[5]: Flagged 0/96 grids. 0 flagged cells
Level[5]: dt = 0.00146158  0.00146158 (0.00292351/0.00306603)
RebuildHierarchy: level = 5
TransferSubgridParticles[5]: Moved 1 particles, 0 stars, 0 active particles.
DetermineSGSize: MaxSubgridSize = 2000, MinSubgridEdge = 4, ncells = 55800
RebuildHierarchy[5]: Flagged 0/96 grids. 0 flagged cells
Level[5]: dt = 0.000142518  0.00146136 (0.00306603/0.00306603)
EvolveLevel[5]: NumberOfSubCycles = 3 (876 total, 3 sub)
Level[4]: dt = 0.000618446  0.00307999 (0.00673728/0.00673728)
Level[5]: dt = 0.000618446  0.00146138 (0.000618446/0.000618446)
EvolveLevel[5]: NumberOfSubCycles = 1 (877 total, 1 sub)
EvolveLevel[4]: NumberOfSubCycles = 3 (409 total, 3 sub)
Level[3]: dt = 0.000610935  0.00673363 (0.0140784/0.0140784)
Level[4]: dt = 0.000610935  0.00308278 (0.000610935/0.000610935)
Level[5]: dt = 0.000610935  0.00146156 (0.000610935/0.000610935)
EvolveLevel[5]: NumberOfSubCycles = 1 (878 total, 1 sub)
EvolveLevel[4]: NumberOfSubCycles = 1 (410 total, 1 sub)
EvolveLevel[3]: NumberOfSubCycles = 3 (189 total, 3 sub)
Level[2]: dt = 0.0015398  0.0140764 (0.0297022/0.0297022)
Level[3]: dt = 0.0015398  0.00673285 (0.0015398/0.0015398)
Level[4]: dt = 0.0015398  0.00308546 (0.0015398/0.0015398)
Level[5]: dt = 0.00146176  0.00146176 (0.00146176/0.0015398)
RebuildHierarchy: level = 5
TransferSubgridParticles[5]: Moved 4 particles, 0 stars, 0 active particles.
DetermineSGSize: MaxSubgridSize = 2000, MinSubgridEdge = 4, ncells = 55800
RebuildHierarchy[5]: Flagged 0/96 grids. 0 flagged cells
Level[5]: dt = 7.80379e-05  0.00146298 (0.0015398/0.0015398)
EvolveLevel[5]: NumberOfSubCycles = 2 (880 total, 2 sub)
EvolveLevel[4]: NumberOfSubCycles = 1 (411 total, 1 sub)
EvolveLevel[3]: NumberOfSubCycles = 1 (190 total, 1 sub)
EvolveLevel[2]: NumberOfSubCycles = 3 (86 total, 3 sub)
Level[1]: dt = 0.0051423  0.0298058 (0.064456/0.064456)
Level[2]: dt = 0.0051423  0.0140764 (0.0051423/0.0051423)
Level[3]: dt = 0.0051423  0.00673096 (0.0051423/0.0051423)
Level[4]: dt = 0.00309169  0.00309169 (0.00309169/0.0051423)
Level[5]: dt = 0.00146304  0.00146304 (0.00146304/0.00309169)
RebuildHierarchy: level = 5
TransferSubgridParticles[5]: Moved 3 particles, 0 stars, 0 active particles.
DetermineSGSize: MaxSubgridSize = 2000, MinSubgridEdge = 4, ncells = 55800
RebuildHierarchy[5]: Flagged 0/96 grids. 0 flagged cells
Level[5]: dt = 0.00146435  0.00146435 (0.00292738/0.00309169)
RebuildHierarchy: level = 5
TransferSubgridParticles[5]: Moved 0 particles, 0 stars, 0 active particles.
DetermineSGSize: MaxSubgridSize = 2000, MinSubgridEdge = 4, ncells = 55800
RebuildHierarchy[5]: Flagged 0/96 grids. 0 flagged cells
Level[5]: dt = 0.000164311  0.00146652 (0.00309169/0.00309169)
EvolveLevel[5]: NumberOfSubCycles = 3 (883 total, 3 sub)
RebuildHierarchy: level = 4
TransferSubgridParticles[4]: Moved 10 particles, 0 stars, 0 active particles.
DetermineSGSize: MaxSubgridSize = 2000, MinSubgridEdge = 4, ncells = 55800
RebuildHierarchy[4]: Flagged 94/159 grids. 5748 flagged cells
LoadBalance: Number of grids moved = 98 out of 98 (0.00259499 seconds elapsed)
DetermineSGSize: MaxSubgridSize = 2000, MinSubgridEdge = 4, ncells = 55800
RebuildHierarchy[5]: Flagged 0/98 grids. 0 flagged cells
Level[4]: dt = 0.00205061  0.00310167 (0.0051423/0.0051423)
Level[5]: dt = 0.00146675  0.00146675 (0.00146675/0.00205061)
RebuildHierarchy: level = 5
TransferSubgridParticles[5]: Moved 2 particles, 0 stars, 0 active particles.
DetermineSGSize: MaxSubgridSize = 2000, MinSubgridEdge = 4, ncells = 55616
RebuildHierarchy[5]: Flagged 0/98 grids. 0 flagged cells
Level[5]: dt = 0.000583857  0.00146893 (0.00205061/0.00205061)
EvolveLevel[5]: NumberOfSubCycles = 2 (885 total, 2 sub)
EvolveLevel[4]: NumberOfSubCycles = 2 (413 total, 2 sub)
EvolveLevel[3]: NumberOfSubCycles = 1 (191 total, 1 sub)
EvolveLevel[2]: NumberOfSubCycles = 1 (87 total, 1 sub)
EvolveLevel[1]: NumberOfSubCycles = 3 (37 total, 3 sub)
EvolveLevel[0]: NumberOfSubCycles = 1 (13 total, 13 sub)
CPUTime-output: Frac = 0.999991, Current = 1688.55 (1688.55), Stop = 2592000.000000, Last = 24.5348
[YT_INFO   ] Setting YT parameters ...
[YT_INFO   ] Setting YT parameters ... done.
[YT_INFO   ] Getting pointer to particle list information ...
[YT_INFO   ] Getting pointer to particle list information  ... done.
[YT_INFO   ] Getting pointer to field list information ...
[YT_INFO   ] Getting pointer to field list information  ... done.
[YT_INFO   ] Getting pointer to local grids information ...
[YT_INFO   ] Getting pointer to local grids information  ... done.
[YT_INFO   ] Loading full hierarchy and local data to libyt ...
[YT_INFO   ] Loading full hierarchy and local data ... done.
[YT_INFO   ] Performing YT inline analysis yt_inline_func() ...
[YT_INFO   ] Performing YT inline analysis yt_inline_func() ... done.
Level[0]: dt = 0.0646411  0.0646411 (0.0646411/0.0646411)
Level[1]: dt = 0.0298237  0.0298237 (0.0298237/0.0646411)
Level[2]: dt = 0.0140768  0.0140768 (0.0140768/0.0298237)
Level[3]: dt = 0.00670489  0.00670489 (0.00670489/0.0140768)
Level[4]: dt = 0.00310705  0.00310705 (0.00310705/0.00670489)
Level[5]: dt = 0.00146997  0.00146997 (0.00146997/0.00310705)
RebuildHierarchy: level = 5
TransferSubgridParticles[5]: Moved 1 particles, 0 stars, 0 active particles.
DetermineSGSize: MaxSubgridSize = 2000, MinSubgridEdge = 4, ncells = 55616
RebuildHierarchy[5]: Flagged 0/98 grids. 0 flagged cells
Level[5]: dt = 0.00147302  0.00147302 (0.00294299/0.00310705)
RebuildHierarchy: level = 5
TransferSubgridParticles[5]: Moved 1 particles, 0 stars, 0 active particles.
DetermineSGSize: MaxSubgridSize = 2000, MinSubgridEdge = 4, ncells = 55616
RebuildHierarchy[5]: Flagged 0/98 grids. 0 flagged cells
Level[5]: dt = 0.000164066  0.00147437 (0.00310705/0.00310705)
EvolveLevel[5]: NumberOfSubCycles = 3 (888 total, 3 sub)
RebuildHierarchy: level = 4
TransferSubgridParticles[4]: Moved 5 particles, 0 stars, 0 active particles.
DetermineSGSize: MaxSubgridSize = 2000, MinSubgridEdge = 4, ncells = 55616
RebuildHierarchy[4]: Flagged 94/159 grids. 5738 flagged cells
LoadBalance: Number of grids moved = 98 out of 98 (0.00257324 seconds elapsed)
DetermineSGSize: MaxSubgridSize = 2000, MinSubgridEdge = 4, ncells = 55616
RebuildHierarchy[5]: Flagged 0/98 grids. 0 flagged cells
Level[4]: dt = 0.00311423  0.00311423 (0.00622129/0.00670489)
Level[5]: dt = 0.00147455  0.00147455 (0.00147455/0.00311423)
RebuildHierarchy: level = 5
TransferSubgridParticles[5]: Moved 1 particles, 0 stars, 0 active particles.
DetermineSGSize: MaxSubgridSize = 2000, MinSubgridEdge = 4, ncells = 55192
RebuildHierarchy[5]: Flagged 0/98 grids. 0 flagged cells
Level[5]: dt = 0.00147663  0.00147663 (0.00295118/0.00311423)
RebuildHierarchy: level = 5
TransferSubgridParticles[5]: Moved 0 particles, 0 stars, 0 active particles.
DetermineSGSize: MaxSubgridSize = 2000, MinSubgridEdge = 4, ncells = 55192
RebuildHierarchy[5]: Flagged 0/98 grids. 0 flagged cells
Level[5]: dt = 0.000163057  0.0014789 (0.00311423/0.00311423)
EvolveLevel[5]: NumberOfSubCycles = 3 (891 total, 3 sub)
Level[4]: dt = 0.000483599  0.00312104 (0.00670489/0.00670489)
Level[5]: dt = 0.000483599  0.00147919 (0.000483599/0.000483599)
EvolveLevel[5]: NumberOfSubCycles = 1 (892 total, 1 sub)
EvolveLevel[4]: NumberOfSubCycles = 3 (416 total, 3 sub)
RebuildHierarchy: level = 3
TransferSubgridParticles[3]: Moved 131 particles, 0 stars, 0 active particles.
DetermineSGSize: MaxSubgridSize = 2000, MinSubgridEdge = 4, ncells = 73240
RebuildHierarchy[3]: Flagged 159/501 grids. 7479 flagged cells
LoadBalance: Number of grids moved = 160 out of 161 (7.7866e-05 seconds elapsed)
DetermineSGSize: MaxSubgridSize = 2000, MinSubgridEdge = 4, ncells = 55192
RebuildHierarchy[4]: Flagged 94/161 grids. 5737 flagged cells
LoadBalance: Number of grids moved = 98 out of 98 (0.00274029 seconds elapsed)
DetermineSGSize: MaxSubgridSize = 2000, MinSubgridEdge = 4, ncells = 55192
RebuildHierarchy[5]: Flagged 0/98 grids. 0 flagged cells
Level[3]: dt = 0.00658857  0.00658857 (0.0132935/0.0140768)
Level[4]: dt = 0.00312209  0.00312209 (0.00312209/0.00658857)
Level[5]: dt = 0.00148012  0.00148012 (0.00148012/0.00312209)
RebuildHierarchy: level = 5
TransferSubgridParticles[5]: Moved 0 particles, 0 stars, 0 active particles.
DetermineSGSize: MaxSubgridSize = 2000, MinSubgridEdge = 4, ncells = 55264
RebuildHierarchy[5]: Flagged 0/98 grids. 0 flagged cells
Level[5]: dt = 0.00148323  0.00148323 (0.00296335/0.00312209)
RebuildHierarchy: level = 5
TransferSubgridParticles[5]: Moved 1 particles, 0 stars, 0 active particles.
DetermineSGSize: MaxSubgridSize = 2000, MinSubgridEdge = 4, ncells = 55264
RebuildHierarchy[5]: Flagged 0/98 grids. 0 flagged cells
Level[5]: dt = 0.000158743  0.00148687 (0.00312209/0.00312209)
EvolveLevel[5]: NumberOfSubCycles = 3 (895 total, 3 sub)
RebuildHierarchy: level = 4
TransferSubgridParticles[4]: Moved 3 particles, 0 stars, 0 active particles.
DetermineSGSize: MaxSubgridSize = 2000, MinSubgridEdge = 4, ncells = 55264
RebuildHierarchy[4]: Flagged 94/161 grids. 5738 flagged cells
LoadBalance: Number of grids moved = 99 out of 99 (0.00263685 seconds elapsed)
DetermineSGSize: MaxSubgridSize = 2000, MinSubgridEdge = 4, ncells = 55264
RebuildHierarchy[5]: Flagged 0/99 grids. 0 flagged cells
Level[4]: dt = 0.00312883  0.00312883 (0.00625093/0.00658857)
Level[5]: dt = 0.0014873  0.0014873 (0.0014873/0.00312883)
RebuildHierarchy: level = 5
TransferSubgridParticles[5]: Moved 2 particles, 0 stars, 0 active particles.
DetermineSGSize: MaxSubgridSize = 2000, MinSubgridEdge = 4, ncells = 54920
RebuildHierarchy[5]: Flagged 0/99 grids. 0 flagged cells
Level[5]: dt = 0.00149151  0.00149151 (0.00297882/0.00312883)
RebuildHierarchy: level = 5
TransferSubgridParticles[5]: Moved 0 particles, 0 stars, 0 active particles.
DetermineSGSize: MaxSubgridSize = 2000, MinSubgridEdge = 4, ncells = 54920
RebuildHierarchy[5]: Flagged 0/99 grids. 0 flagged cells
Level[5]: dt = 0.000150016  0.00149603 (0.00312883/0.00312883)
EvolveLevel[5]: NumberOfSubCycles = 3 (898 total, 3 sub)
Level[4]: dt = 0.000337645  0.00313521 (0.00658857/0.00658857)
Level[5]: dt = 0.000337645  0.00149652 (0.000337645/0.000337645)
EvolveLevel[5]: NumberOfSubCycles = 1 (899 total, 1 sub)
EvolveLevel[4]: NumberOfSubCycles = 3 (419 total, 3 sub)
Level[3]: dt = 0.000783378  0.0065471 (0.0140768/0.0140768)
Level[4]: dt = 0.000783378  0.00313587 (0.000783378/0.000783378)
Level[5]: dt = 0.000783378  0.00149762 (0.000783378/0.000783378)
EvolveLevel[5]: NumberOfSubCycles = 1 (900 total, 1 sub)
EvolveLevel[4]: NumberOfSubCycles = 1 (420 total, 1 sub)
EvolveLevel[3]: NumberOfSubCycles = 3 (194 total, 3 sub)
RebuildHierarchy: level = 2
TransferSubgridParticles[2]: Moved 644 particles, 0 stars, 0 active particles.
DetermineSGSize: MaxSubgridSize = 2000, MinSubgridEdge = 4, ncells = 339512
RebuildHierarchy[2]: Flagged 430/1592 grids. 27246 flagged cells
LoadBalance: Number of grids moved = 508 out of 510 (0.00302668 seconds elapsed)
DetermineSGSize: MaxSubgridSize = 2000, MinSubgridEdge = 4, ncells = 72536
RebuildHierarchy[3]: Flagged 157/510 grids. 7432 flagged cells
LoadBalance: Number of grids moved = 158 out of 159 (8.9705e-05 seconds elapsed)
DetermineSGSize: MaxSubgridSize = 2000, MinSubgridEdge = 4, ncells = 54920
RebuildHierarchy[4]: Flagged 94/159 grids. 5778 flagged cells
LoadBalance: Number of grids moved = 99 out of 99 (0.00264447 seconds elapsed)
DetermineSGSize: MaxSubgridSize = 2000, MinSubgridEdge = 4, ncells = 54920
RebuildHierarchy[5]: Flagged 0/99 grids. 0 flagged cells
Level[2]: dt = 0.0140806  0.0140806 (0.0281574/0.0298237)
Level[3]: dt = 0.00654501  0.00654501 (0.00654501/0.0140806)
Level[4]: dt = 0.00313738  0.00313738 (0.00313738/0.00654501)
Level[5]: dt = 0.00150018  0.00150018 (0.00150018/0.00313738)
RebuildHierarchy: level = 5
TransferSubgridParticles[5]: Moved 0 particles, 0 stars, 0 active particles.
DetermineSGSize: MaxSubgridSize = 2000, MinSubgridEdge = 4, ncells = 55528
RebuildHierarchy[5]: Flagged 0/99 grids. 0 flagged cells
Level[5]: dt = 0.00150103  0.00150103 (0.00300121/0.00313738)
RebuildHierarchy: level = 5
TransferSubgridParticles[5]: Moved 0 particles, 0 stars, 0 active particles.
DetermineSGSize: MaxSubgridSize = 2000, MinSubgridEdge = 4, ncells = 55528
RebuildHierarchy[5]: Flagged 0/99 grids. 0 flagged cells
Level[5]: dt = 0.000136173  0.0015 (0.00313738/0.00313738)
EvolveLevel[5]: NumberOfSubCycles = 3 (903 total, 3 sub)
RebuildHierarchy: level = 4
TransferSubgridParticles[4]: Moved 2 particles, 0 stars, 0 active particles.
DetermineSGSize: MaxSubgridSize = 2000, MinSubgridEdge = 4, ncells = 55528
RebuildHierarchy[4]: Flagged 94/159 grids. 5837 flagged cells
LoadBalance: Number of grids moved = 99 out of 99 (0.00270779 seconds elapsed)
DetermineSGSize: MaxSubgridSize = 2000, MinSubgridEdge = 4, ncells = 55528
RebuildHierarchy[5]: Flagged 0/99 grids. 0 flagged cells
Level[4]: dt = 0.00314325  0.00314325 (0.00628063/0.00654501)
Level[5]: dt = 0.00149989  0.00149989 (0.00149989/0.00314325)
RebuildHierarchy: level = 5
TransferSubgridParticles[5]: Moved 0 particles, 0 stars, 0 active particles.
DetermineSGSize: MaxSubgridSize = 2000, MinSubgridEdge = 4, ncells = 56160
RebuildHierarchy[5]: Flagged 0/99 grids. 0 flagged cells
Level[5]: dt = 0.00149725  0.00149725 (0.00299714/0.00314325)
RebuildHierarchy: level = 5
TransferSubgridParticles[5]: Moved 0 particles, 0 stars, 0 active particles.
DetermineSGSize: MaxSubgridSize = 2000, MinSubgridEdge = 4, ncells = 56160
RebuildHierarchy[5]: Flagged 0/99 grids. 0 flagged cells
Level[5]: dt = 0.00014611  0.00149491 (0.00314325/0.00314325)
EvolveLevel[5]: NumberOfSubCycles = 3 (906 total, 3 sub)
Level[4]: dt = 0.000264377  0.00313687 (0.00654501/0.00654501)
Level[5]: dt = 0.000264377  0.00149469 (0.000264377/0.000264377)
EvolveLevel[5]: NumberOfSubCycles = 1 (907 total, 1 sub)
EvolveLevel[4]: NumberOfSubCycles = 3 (423 total, 3 sub)
RebuildHierarchy: level = 3
TransferSubgridParticles[3]: Moved 37 particles, 0 stars, 0 active particles.
DetermineSGSize: MaxSubgridSize = 2000, MinSubgridEdge = 4, ncells = 72296
RebuildHierarchy[3]: Flagged 158/510 grids. 7446 flagged cells
LoadBalance: Number of grids moved = 159 out of 160 (7.93263e-05 seconds elapsed)
DetermineSGSize: MaxSubgridSize = 2000, MinSubgridEdge = 4, ncells = 56160
RebuildHierarchy[4]: Flagged 94/160 grids. 5839 flagged cells
LoadBalance: Number of grids moved = 99 out of 99 (0.00282795 seconds elapsed)
DetermineSGSize: MaxSubgridSize = 2000, MinSubgridEdge = 4, ncells = 56160
RebuildHierarchy[5]: Flagged 0/99 grids. 0 flagged cells
Level[3]: dt = 0.00654077  0.00654077 (0.0130858/0.0140806)
Level[4]: dt = 0.00313564  0.00313564 (0.00313564/0.00654077)
Level[5]: dt = 0.00149431  0.00149431 (0.00149431/0.00313564)
RebuildHierarchy: level = 5
TransferSubgridParticles[5]: Moved 0 particles, 0 stars, 0 active particles.
DetermineSGSize: MaxSubgridSize = 2000, MinSubgridEdge = 4, ncells = 55952
RebuildHierarchy[5]: Flagged 0/99 grids. 0 flagged cells
Level[5]: dt = 0.00149233  0.00149233 (0.00298664/0.00313564)
RebuildHierarchy: level = 5
TransferSubgridParticles[5]: Moved 1 particles, 0 stars, 0 active particles.
DetermineSGSize: MaxSubgridSize = 2000, MinSubgridEdge = 4, ncells = 55952
RebuildHierarchy[5]: Flagged 0/99 grids. 0 flagged cells
Level[5]: dt = 0.000149007  0.00149061 (0.00313564/0.00313564)
EvolveLevel[5]: NumberOfSubCycles = 3 (910 total, 3 sub)
RebuildHierarchy: level = 4
TransferSubgridParticles[4]: Moved 4 particles, 0 stars, 0 active particles.
DetermineSGSize: MaxSubgridSize = 2000, MinSubgridEdge = 4, ncells = 55952
RebuildHierarchy[4]: Flagged 95/160 grids. 5877 flagged cells
LoadBalance: Number of grids moved = 100 out of 100 (0.00271359 seconds elapsed)
DetermineSGSize: MaxSubgridSize = 2000, MinSubgridEdge = 4, ncells = 55952
RebuildHierarchy[5]: Flagged 0/100 grids. 0 flagged cells
Level[4]: dt = 0.00312463  0.00312463 (0.00626027/0.00654077)
Level[5]: dt = 0.00149045  0.00149045 (0.00149045/0.00312463)
RebuildHierarchy: level = 5
TransferSubgridParticles[5]: Moved 0 particles, 0 stars, 0 active particles.
DetermineSGSize: MaxSubgridSize = 2000, MinSubgridEdge = 4, ncells = 56392
RebuildHierarchy[5]: Flagged 0/100 grids. 0 flagged cells
Level[5]: dt = 0.00148711  0.00148711 (0.00297756/0.00312463)
RebuildHierarchy: level = 5
TransferSubgridParticles[5]: Moved 0 particles, 0 stars, 0 active particles.
DetermineSGSize: MaxSubgridSize = 2000, MinSubgridEdge = 4, ncells = 56392
RebuildHierarchy[5]: Flagged 0/100 grids. 0 flagged cells
Level[5]: dt = 0.000147069  0.00148175 (0.00312463/0.00312463)
EvolveLevel[5]: NumberOfSubCycles = 3 (913 total, 3 sub)
Level[4]: dt = 0.000280499  0.00311884 (0.00654077/0.00654077)
Level[5]: dt = 0.000280499  0.00148129 (0.000280499/0.000280499)
EvolveLevel[5]: NumberOfSubCycles = 1 (914 total, 1 sub)
EvolveLevel[4]: NumberOfSubCycles = 3 (426 total, 3 sub)
Level[3]: dt = 0.000994803  0.00654938 (0.0140806/0.0140806)
Level[4]: dt = 0.000994803  0.00311854 (0.000994803/0.000994803)
Level[5]: dt = 0.000994803  0.00148043 (0.000994803/0.000994803)
EvolveLevel[5]: NumberOfSubCycles = 1 (915 total, 1 sub)
EvolveLevel[4]: NumberOfSubCycles = 1 (427 total, 1 sub)
EvolveLevel[3]: NumberOfSubCycles = 3 (197 total, 3 sub)
Level[2]: dt = 0.00166626  0.0140871 (0.0298237/0.0298237)
Level[3]: dt = 0.00166626  0.00655128 (0.00166626/0.00166626)
Level[4]: dt = 0.00166626  0.00311786 (0.00166626/0.00166626)
Level[5]: dt = 0.0014775  0.0014775 (0.0014775/0.00166626)
RebuildHierarchy: level = 5
TransferSubgridParticles[5]: Moved 0 particles, 0 stars, 0 active particles.
DetermineSGSize: MaxSubgridSize = 2000, MinSubgridEdge = 4, ncells = 56392
RebuildHierarchy[5]: Flagged 0/100 grids. 0 flagged cells
Level[5]: dt = 0.000188753  0.00147379 (0.00166626/0.00166626)
EvolveLevel[5]: NumberOfSubCycles = 2 (917 total, 2 sub)
EvolveLevel[4]: NumberOfSubCycles = 1 (428 total, 1 sub)
EvolveLevel[3]: NumberOfSubCycles = 1 (198 total, 1 sub)
EvolveLevel[2]: NumberOfSubCycles = 3 (90 total, 3 sub)
RebuildHierarchy: level = 1
TransferSubgridParticles[1]: Moved 11655 particles, 0 stars, 0 active particles.
DetermineSGSize: MaxSubgridSize = 2000, MinSubgridEdge = 4, ncells = 1548520
RebuildHierarchy[1]: Flagged 1076/9330 grids. 107703 flagged cells
LoadBalance: Number of grids moved = 1589 out of 1613 (0.00747758 seconds elapsed)
DetermineSGSize: MaxSubgridSize = 2000, MinSubgridEdge = 4, ncells = 338648
RebuildHierarchy[2]: Flagged 432/1613 grids. 27318 flagged cells
LoadBalance: Number of grids moved = 503 out of 509 (0.00292347 seconds elapsed)
DetermineSGSize: MaxSubgridSize = 2000, MinSubgridEdge = 4, ncells = 72496
RebuildHierarchy[3]: Flagged 159/509 grids. 7469 flagged cells
LoadBalance: Number of grids moved = 160 out of 161 (7.69645e-05 seconds elapsed)
DetermineSGSize: MaxSubgridSize = 2000, MinSubgridEdge = 4, ncells = 56392
RebuildHierarchy[4]: Flagged 97/161 grids. 5884 flagged cells
LoadBalance: Number of grids moved = 102 out of 102 (0.00273879 seconds elapsed)
DetermineSGSize: MaxSubgridSize = 2000, MinSubgridEdge = 4, ncells = 56392
RebuildHierarchy[5]: Flagged 0/102 grids. 0 flagged cells
Level[1]: dt = 0.0299248  0.0299248 (0.0597484/0.0646411)
Level[2]: dt = 0.0140879  0.0140879 (0.0140879/0.0299248)
Level[3]: dt = 0.00655481  0.00655481 (0.00655481/0.0140879)
Level[4]: dt = 0.00311785  0.00311785 (0.00311785/0.00655481)
Level[5]: dt = 0.00147338  0.00147338 (0.00147338/0.00311785)
RebuildHierarchy: level = 5
TransferSubgridParticles[5]: Moved 1 particles, 0 stars, 0 active particles.
DetermineSGSize: MaxSubgridSize = 2000, MinSubgridEdge = 4, ncells = 56664
RebuildHierarchy[5]: Flagged 0/102 grids. 0 flagged cells
Level[5]: dt = 0.00147037  0.00147037 (0.00294375/0.00311785)
RebuildHierarchy: level = 5
TransferSubgridParticles[5]: Moved 1 particles, 0 stars, 0 active particles.
DetermineSGSize: MaxSubgridSize = 2000, MinSubgridEdge = 4, ncells = 56664
RebuildHierarchy[5]: Flagged 0/102 grids. 0 flagged cells
Level[5]: dt = 0.000174096  0.00146817 (0.00311785/0.00311785)
EvolveLevel[5]: NumberOfSubCycles = 3 (920 total, 3 sub)
RebuildHierarchy: level = 4
TransferSubgridParticles[4]: Moved 2 particles, 0 stars, 0 active particles.
DetermineSGSize: MaxSubgridSize = 2000, MinSubgridEdge = 4, ncells = 56664
RebuildHierarchy[4]: Flagged 97/161 grids. 5929 flagged cells
LoadBalance: Number of grids moved = 102 out of 102 (0.00270902 seconds elapsed)
DetermineSGSize: MaxSubgridSize = 2000, MinSubgridEdge = 4, ncells = 56664
RebuildHierarchy[5]: Flagged 0/102 grids. 0 flagged cells
Level[4]: dt = 0.00311632  0.00311632 (0.00623417/0.00655481)
Level[5]: dt = 0.00146796  0.00146796 (0.00146796/0.00311632)
RebuildHierarchy: level = 5
TransferSubgridParticles[5]: Moved 1 particles, 0 stars, 0 active particles.
DetermineSGSize: MaxSubgridSize = 2000, MinSubgridEdge = 4, ncells = 57616
RebuildHierarchy[5]: Flagged 0/102 grids. 0 flagged cells
Level[5]: dt = 0.00146635  0.00146635 (0.00293431/0.00311632)
RebuildHierarchy: level = 5
TransferSubgridParticles[5]: Moved 1 particles, 0 stars, 0 active particles.
DetermineSGSize: MaxSubgridSize = 2000, MinSubgridEdge = 4, ncells = 57616
RebuildHierarchy[5]: Flagged 0/102 grids. 0 flagged cells
Level[5]: dt = 0.000182016  0.00146539 (0.00311632/0.00311632)
EvolveLevel[5]: NumberOfSubCycles = 3 (923 total, 3 sub)
Level[4]: dt = 0.000320641  0.00311348 (0.00655481/0.00655481)
Level[5]: dt = 0.000320641  0.00146529 (0.000320641/0.000320641)
EvolveLevel[5]: NumberOfSubCycles = 1 (924 total, 1 sub)
EvolveLevel[4]: NumberOfSubCycles = 3 (431 total, 3 sub)
RebuildHierarchy: level = 3
TransferSubgridParticles[3]: Moved 30 particles, 0 stars, 0 active particles.
DetermineSGSize: MaxSubgridSize = 2000, MinSubgridEdge = 4, ncells = 73000
RebuildHierarchy[3]: Flagged 160/509 grids. 7539 flagged cells
LoadBalance: Number of grids moved = 161 out of 162 (7.77058e-05 seconds elapsed)
DetermineSGSize: MaxSubgridSize = 2000, MinSubgridEdge = 4, ncells = 57616
RebuildHierarchy[4]: Flagged 97/162 grids. 5949 flagged cells
LoadBalance: Number of grids moved = 100 out of 100 (0.0027003 seconds elapsed)
DetermineSGSize: MaxSubgridSize = 2000, MinSubgridEdge = 4, ncells = 57616
RebuildHierarchy[5]: Flagged 0/100 grids. 0 flagged cells
Level[3]: dt = 0.00657001  0.00657001 (0.0131248/0.0140879)
Level[4]: dt = 0.00311323  0.00311323 (0.00311323/0.00657001)
Level[5]: dt = 0.00146514  0.00146514 (0.00146514/0.00311323)
RebuildHierarchy: level = 5
TransferSubgridParticles[5]: Moved 0 particles, 0 stars, 0 active particles.
DetermineSGSize: MaxSubgridSize = 2000, MinSubgridEdge = 4, ncells = 58352
RebuildHierarchy[5]: Flagged 0/100 grids. 0 flagged cells
Level[5]: dt = 0.00146472  0.00146472 (0.00292986/0.00311323)
RebuildHierarchy: level = 5
TransferSubgridParticles[5]: Moved 0 particles, 0 stars, 0 active particles.
DetermineSGSize: MaxSubgridSize = 2000, MinSubgridEdge = 4, ncells = 58352
RebuildHierarchy[5]: Flagged 0/100 grids. 0 flagged cells
Level[5]: dt = 0.000183371  0.00146476 (0.00311323/0.00311323)
EvolveLevel[5]: NumberOfSubCycles = 3 (927 total, 3 sub)
RebuildHierarchy: level = 4
TransferSubgridParticles[4]: Moved 6 particles, 0 stars, 0 active particles.
DetermineSGSize: MaxSubgridSize = 2000, MinSubgridEdge = 4, ncells = 58352
RebuildHierarchy[4]: Flagged 97/162 grids. 5987 flagged cells
LoadBalance: Number of grids moved = 100 out of 100 (0.00272316 seconds elapsed)
DetermineSGSize: MaxSubgridSize = 2000, MinSubgridEdge = 4, ncells = 58352
RebuildHierarchy[5]: Flagged 0/100 grids. 0 flagged cells
Level[4]: dt = 0.00311156  0.00311156 (0.0062248/0.00657001)
Level[5]: dt = 0.00146479  0.00146479 (0.00146479/0.00311156)
RebuildHierarchy: level = 5
TransferSubgridParticles[5]: Moved 0 particles, 0 stars, 0 active particles.
DetermineSGSize: MaxSubgridSize = 2000, MinSubgridEdge = 4, ncells = 58896
RebuildHierarchy[5]: Flagged 0/100 grids. 0 flagged cells
Level[5]: dt = 0.00146495  0.00146495 (0.00292974/0.00311156)
RebuildHierarchy: level = 5
TransferSubgridParticles[5]: Moved 2 particles, 0 stars, 0 active particles.
DetermineSGSize: MaxSubgridSize = 2000, MinSubgridEdge = 4, ncells = 58896
RebuildHierarchy[5]: Flagged 0/100 grids. 0 flagged cells
Level[5]: dt = 0.000181829  0.001465 (0.00311156/0.00311156)
EvolveLevel[5]: NumberOfSubCycles = 3 (930 total, 3 sub)
Level[4]: dt = 0.000345213  0.00311177 (0.00657001/0.00657001)
Level[5]: dt = 0.000345213  0.00146501 (0.000345213/0.000345213)
EvolveLevel[5]: NumberOfSubCycles = 1 (931 total, 1 sub)
EvolveLevel[4]: NumberOfSubCycles = 3 (434 total, 3 sub)
Level[3]: dt = 0.000963107  0.00658478 (0.0140879/0.0140879)
Level[4]: dt = 0.000963107  0.00311192 (0.000963107/0.000963107)
Level[5]: dt = 0.000963107  0.001465 (0.000963107/0.000963107)
EvolveLevel[5]: NumberOfSubCycles = 1 (932 total, 1 sub)
EvolveLevel[4]: NumberOfSubCycles = 1 (435 total, 1 sub)
EvolveLevel[3]: NumberOfSubCycles = 3 (201 total, 3 sub)
RebuildHierarchy: level = 2
TransferSubgridParticles[2]: Moved 322 particles, 0 stars, 0 active particles.
DetermineSGSize: MaxSubgridSize = 2000, MinSubgridEdge = 4, ncells = 343176
RebuildHierarchy[2]: Flagged 432/1613 grids. 27349 flagged cells
LoadBalance: Number of grids moved = 501 out of 505 (0.00310235 seconds elapsed)
DetermineSGSize: MaxSubgridSize = 2000, MinSubgridEdge = 4, ncells = 74160
RebuildHierarchy[3]: Flagged 164/505 grids. 7636 flagged cells
LoadBalance: Number of grids moved = 165 out of 166 (8.01422e-05 seconds elapsed)
DetermineSGSize: MaxSubgridSize = 2000, MinSubgridEdge = 4, ncells = 58896
RebuildHierarchy[4]: Flagged 97/166 grids. 5963 flagged cells
LoadBalance: Number of grids moved = 100 out of 100 (0.00272058 seconds elapsed)
DetermineSGSize: MaxSubgridSize = 2000, MinSubgridEdge = 4, ncells = 58896
RebuildHierarchy[5]: Flagged 0/100 grids. 0 flagged cells
Level[2]: dt = 0.0140969  0.0140969 (0.0281849/0.0299248)
Level[3]: dt = 0.00658679  0.00658679 (0.00658679/0.0140969)
Level[4]: dt = 0.00311237  0.00311237 (0.00311237/0.00658679)
Level[5]: dt = 0.00146501  0.00146501 (0.00146501/0.00311237)
RebuildHierarchy: level = 5
TransferSubgridParticles[5]: Moved 0 particles, 0 stars, 0 active particles.
DetermineSGSize: MaxSubgridSize = 2000, MinSubgridEdge = 4, ncells = 58656
RebuildHierarchy[5]: Flagged 0/100 grids. 0 flagged cells
Level[5]: dt = 0.0014652  0.0014652 (0.00293021/0.00311237)
RebuildHierarchy: level = 5
TransferSubgridParticles[5]: Moved 0 particles, 0 stars, 0 active particles.
DetermineSGSize: MaxSubgridSize = 2000, MinSubgridEdge = 4, ncells = 58656
RebuildHierarchy[5]: Flagged 0/100 grids. 0 flagged cells
Level[5]: dt = 0.000182161  0.00146502 (0.00311237/0.00311237)
EvolveLevel[5]: NumberOfSubCycles = 3 (935 total, 3 sub)
RebuildHierarchy: level = 4
TransferSubgridParticles[4]: Moved 4 particles, 0 stars, 0 active particles.
DetermineSGSize: MaxSubgridSize = 2000, MinSubgridEdge = 4, ncells = 58656
RebuildHierarchy[4]: Flagged 97/166 grids. 5983 flagged cells
LoadBalance: Number of grids moved = 100 out of 100 (0.00266372 seconds elapsed)
DetermineSGSize: MaxSubgridSize = 2000, MinSubgridEdge = 4, ncells = 58656
RebuildHierarchy[5]: Flagged 0/100 grids. 0 flagged cells
Level[4]: dt = 0.00311547  0.00311547 (0.00622784/0.00658679)
Level[5]: dt = 0.00146502  0.00146502 (0.00146502/0.00311547)
RebuildHierarchy: level = 5
TransferSubgridParticles[5]: Moved 1 particles, 0 stars, 0 active particles.
DetermineSGSize: MaxSubgridSize = 2000, MinSubgridEdge = 4, ncells = 58864
RebuildHierarchy[5]: Flagged 0/100 grids. 0 flagged cells
Level[5]: dt = 0.00146525  0.00146525 (0.00293027/0.00311547)
RebuildHierarchy: level = 5
TransferSubgridParticles[5]: Moved 0 particles, 0 stars, 0 active particles.
DetermineSGSize: MaxSubgridSize = 2000, MinSubgridEdge = 4, ncells = 58864
RebuildHierarchy[5]: Flagged 0/100 grids. 0 flagged cells
Level[5]: dt = 0.000185201  0.00146536 (0.00311547/0.00311547)
EvolveLevel[5]: NumberOfSubCycles = 3 (938 total, 3 sub)
Level[4]: dt = 0.000358943  0.00312071 (0.00658679/0.00658679)
Level[5]: dt = 0.000358943  0.00146541 (0.000358943/0.000358943)
EvolveLevel[5]: NumberOfSubCycles = 1 (939 total, 1 sub)
EvolveLevel[4]: NumberOfSubCycles = 3 (438 total, 3 sub)
RebuildHierarchy: level = 3
TransferSubgridParticles[3]: Moved 29 particles, 0 stars, 0 active particles.
DetermineSGSize: MaxSubgridSize = 2000, MinSubgridEdge = 4, ncells = 74784
RebuildHierarchy[3]: Flagged 164/505 grids. 7625 flagged cells
LoadBalance: Number of grids moved = 165 out of 166 (8.02353e-05 seconds elapsed)
DetermineSGSize: MaxSubgridSize = 2000, MinSubgridEdge = 4, ncells = 58864
RebuildHierarchy[4]: Flagged 97/166 grids. 5945 flagged cells
LoadBalance: Number of grids moved = 100 out of 100 (0.00272382 seconds elapsed)
DetermineSGSize: MaxSubgridSize = 2000, MinSubgridEdge = 4, ncells = 58864
RebuildHierarchy[5]: Flagged 0/100 grids. 0 flagged cells
Level[3]: dt = 0.00660193  0.00660193 (0.0131887/0.0140969)
Level[4]: dt = 0.0031214  0.0031214 (0.0031214/0.00660193)
Level[5]: dt = 0.00146553  0.00146553 (0.00146553/0.0031214)
RebuildHierarchy: level = 5
TransferSubgridParticles[5]: Moved 1 particles, 0 stars, 0 active particles.
DetermineSGSize: MaxSubgridSize = 2000, MinSubgridEdge = 4, ncells = 58488
RebuildHierarchy[5]: Flagged 0/100 grids. 0 flagged cells
Level[5]: dt = 0.0014659  0.0014659 (0.00293143/0.0031214)
RebuildHierarchy: level = 5
TransferSubgridParticles[5]: Moved 0 particles, 0 stars, 0 active particles.
DetermineSGSize: MaxSubgridSize = 2000, MinSubgridEdge = 4, ncells = 58488
RebuildHierarchy[5]: Flagged 0/100 grids. 0 flagged cells
Level[5]: dt = 0.000189971  0.00146405 (0.0031214/0.0031214)
EvolveLevel[5]: NumberOfSubCycles = 3 (942 total, 3 sub)
RebuildHierarchy: level = 4
TransferSubgridParticles[4]: Moved 1 particles, 0 stars, 0 active particles.
DetermineSGSize: MaxSubgridSize = 2000, MinSubgridEdge = 4, ncells = 58488
RebuildHierarchy[4]: Flagged 98/166 grids. 5970 flagged cells
LoadBalance: Number of grids moved = 102 out of 102 (0.00280457 seconds elapsed)
DetermineSGSize: MaxSubgridSize = 2000, MinSubgridEdge = 4, ncells = 58488
RebuildHierarchy[5]: Flagged 0/102 grids. 0 flagged cells
Level[4]: dt = 0.00312811  0.00312811 (0.0062495/0.00660193)
Level[5]: dt = 0.00146363  0.00146363 (0.00146363/0.00312811)
RebuildHierarchy: level = 5
TransferSubgridParticles[5]: Moved 0 particles, 0 stars, 0 active particles.
DetermineSGSize: MaxSubgridSize = 2000, MinSubgridEdge = 4, ncells = 57632
RebuildHierarchy[5]: Flagged 0/102 grids. 0 flagged cells
Level[5]: dt = 0.00146059  0.00146059 (0.00292422/0.00312811)
RebuildHierarchy: level = 5
TransferSubgridParticles[5]: Moved 0 particles, 0 stars, 0 active particles.
DetermineSGSize: MaxSubgridSize = 2000, MinSubgridEdge = 4, ncells = 57632
RebuildHierarchy[5]: Flagged 0/102 grids. 0 flagged cells
Level[5]: dt = 0.000203882  0.00145772 (0.00312811/0.00312811)
EvolveLevel[5]: NumberOfSubCycles = 3 (945 total, 3 sub)
Level[4]: dt = 0.000352426  0.00313614 (0.00660193/0.00660193)
Level[5]: dt = 0.000352426  0.00145734 (0.000352426/0.000352426)
EvolveLevel[5]: NumberOfSubCycles = 1 (946 total, 1 sub)
EvolveLevel[4]: NumberOfSubCycles = 3 (441 total, 3 sub)
Level[3]: dt = 0.000908208  0.00661689 (0.0140969/0.0140969)
Level[4]: dt = 0.000908208  0.0031371 (0.000908208/0.000908208)
Level[5]: dt = 0.000908208  0.0014567 (0.000908208/0.000908208)
EvolveLevel[5]: NumberOfSubCycles = 1 (947 total, 1 sub)
EvolveLevel[4]: NumberOfSubCycles = 1 (442 total, 1 sub)
EvolveLevel[3]: NumberOfSubCycles = 3 (204 total, 3 sub)
Level[2]: dt = 0.00173992  0.0141066 (0.0299248/0.0299248)
Level[3]: dt = 0.00173992  0.00661877 (0.00173992/0.00173992)
Level[4]: dt = 0.00173992  0.00313966 (0.00173992/0.00173992)
Level[5]: dt = 0.00145511  0.00145511 (0.00145511/0.00173992)
RebuildHierarchy: level = 5
TransferSubgridParticles[5]: Moved 1 particles, 0 stars, 0 active particles.
DetermineSGSize: MaxSubgridSize = 2000, MinSubgridEdge = 4, ncells = 57632
RebuildHierarchy[5]: Flagged 0/102 grids. 0 flagged cells
Level[5]: dt = 0.000284802  0.00145285 (0.00173992/0.00173992)
EvolveLevel[5]: NumberOfSubCycles = 2 (949 total, 2 sub)
EvolveLevel[4]: NumberOfSubCycles = 1 (443 total, 1 sub)
EvolveLevel[3]: NumberOfSubCycles = 1 (205 total, 1 sub)
EvolveLevel[2]: NumberOfSubCycles = 3 (93 total, 3 sub)
Level[1]: dt = 0.00489265  0.0300245 (0.0646411/0.0646411)
Level[2]: dt = 0.00489265  0.0141078 (0.00489265/0.00489265)
Level[3]: dt = 0.00489265  0.00662228 (0.00489265/0.00489265)
Level[4]: dt = 0.00314476  0.00314476 (0.00314476/0.00489265)
Level[5]: dt = 0.00145242  0.00145242 (0.00145242/0.00314476)
RebuildHierarchy: level = 5
TransferSubgridParticles[5]: Moved 1 particles, 0 stars, 0 active particles.
DetermineSGSize: MaxSubgridSize = 2000, MinSubgridEdge = 4, ncells = 57632
RebuildHierarchy[5]: Flagged 0/102 grids. 0 flagged cells
Level[5]: dt = 0.00145042  0.00145042 (0.00290284/0.00314476)
RebuildHierarchy: level = 5
TransferSubgridParticles[5]: Moved 1 particles, 0 stars, 0 active particles.
DetermineSGSize: MaxSubgridSize = 2000, MinSubgridEdge = 4, ncells = 57632
RebuildHierarchy[5]: Flagged 0/102 grids. 0 flagged cells
Level[5]: dt = 0.000241925  0.00144887 (0.00314476/0.00314476)
EvolveLevel[5]: NumberOfSubCycles = 3 (952 total, 3 sub)
RebuildHierarchy: level = 4
TransferSubgridParticles[4]: Moved 12 particles, 0 stars, 0 active particles.
DetermineSGSize: MaxSubgridSize = 2000, MinSubgridEdge = 4, ncells = 57632
RebuildHierarchy[4]: Flagged 98/166 grids. 5978 flagged cells
LoadBalance: Number of grids moved = 102 out of 102 (0.00256664 seconds elapsed)
DetermineSGSize: MaxSubgridSize = 2000, MinSubgridEdge = 4, ncells = 57632
RebuildHierarchy[5]: Flagged 0/102 grids. 0 flagged cells
Level[4]: dt = 0.00174788  0.00315473 (0.00489265/0.00489265)
Level[5]: dt = 0.00144867  0.00144867 (0.00144867/0.00174788)
RebuildHierarchy: level = 5
TransferSubgridParticles[5]: Moved 1 particles, 0 stars, 0 active particles.
DetermineSGSize: MaxSubgridSize = 2000, MinSubgridEdge = 4, ncells = 57248
RebuildHierarchy[5]: Flagged 0/102 grids. 0 flagged cells
Level[5]: dt = 0.000299217  0.00144797 (0.00174788/0.00174788)
EvolveLevel[5]: NumberOfSubCycles = 2 (954 total, 2 sub)
EvolveLevel[4]: NumberOfSubCycles = 2 (445 total, 2 sub)
EvolveLevel[3]: NumberOfSubCycles = 1 (206 total, 1 sub)
EvolveLevel[2]: NumberOfSubCycles = 1 (94 total, 1 sub)
EvolveLevel[1]: NumberOfSubCycles = 3 (40 total, 3 sub)
EvolveLevel[0]: NumberOfSubCycles = 1 (14 total, 14 sub)
RebuildHierarchy: level = 0
CommunicationTransferParticles: moved = 341271
CommunicationTransferStars: moved = 0
CommunicationTransferActiveParticles: moved = 0
DetermineSGSize: MaxSubgridSize = 2000, MinSubgridEdge = 4, ncells = 13590744
RebuildHierarchy[0]: Flagged 762/1120 grids. 860020 flagged cells
LoadBalance: Number of grids moved = 9338 out of 9384 (0.0510115 seconds elapsed)
DetermineSGSize: MaxSubgridSize = 2000, MinSubgridEdge = 4, ncells = 1591576
RebuildHierarchy[1]: Flagged 1084/9384 grids. 108372 flagged cells
LoadBalance: Number of grids moved = 1599 out of 1607 (0.00777912 seconds elapsed)
DetermineSGSize: MaxSubgridSize = 2000, MinSubgridEdge = 4, ncells = 345728
RebuildHierarchy[2]: Flagged 437/1607 grids. 27059 flagged cells
LoadBalance: Number of grids moved = 508 out of 510 (0.00294371 seconds elapsed)
DetermineSGSize: MaxSubgridSize = 2000, MinSubgridEdge = 4, ncells = 74632
RebuildHierarchy[3]: Flagged 173/510 grids. 7676 flagged cells
LoadBalance: Number of grids moved = 172 out of 174 (8.91946e-05 seconds elapsed)
DetermineSGSize: MaxSubgridSize = 2000, MinSubgridEdge = 4, ncells = 57248
RebuildHierarchy[4]: Flagged 101/174 grids. 5974 flagged cells
LoadBalance: Number of grids moved = 106 out of 106 (0.00274866 seconds elapsed)
DetermineSGSize: MaxSubgridSize = 2000, MinSubgridEdge = 4, ncells = 57248
RebuildHierarchy[5]: Flagged 0/106 grids. 0 flagged cells
CPUTime-output: Frac = 0.999991, Current = 1712.3 (1711.29), Stop = 2592000.000000, Last = 22.7424
[YT_INFO   ] Setting YT parameters ...
[YT_INFO   ] Setting YT parameters ... done.
[YT_INFO   ] Getting pointer to particle list information ...
[YT_INFO   ] Getting pointer to particle list information  ... done.
[YT_INFO   ] Getting pointer to field list information ...
[YT_INFO   ] Getting pointer to field list information  ... done.
[YT_INFO   ] Getting pointer to local grids information ...
[YT_INFO   ] Getting pointer to local grids information  ... done.
[YT_INFO   ] Loading full hierarchy and local data to libyt ...
[YT_INFO   ] Loading full hierarchy and local data ... done.
[YT_INFO   ] Performing YT inline analysis yt_inline_func() ...
[YT_INFO   ] Performing YT inline analysis yt_inline_func() ... done.
Level[0]: dt = 0.0648832  0.0648832 (0.0648832/0.0648832)
PrepareGreens: Start = 0 0 36  Dim = 32 52 38
PrepareGreens: Start = 0 0 0  Dim = 32 52 36
Level[1]: dt = 0.0300419  0.0300419 (0.0300419/0.0648832)
Level[2]: dt = 0.0141112  0.0141112 (0.0141112/0.0300419)
Level[3]: dt = 0.0066313  0.0066313 (0.0066313/0.0141112)
Level[4]: dt = 0.00313625  0.00313625 (0.00313625/0.0066313)
Level[5]: dt = 0.0014479  0.0014479 (0.0014479/0.00313625)
RebuildHierarchy: level = 5
TransferSubgridParticles[5]: Moved 1 particles, 0 stars, 0 active particles.
DetermineSGSize: MaxSubgridSize = 2000, MinSubgridEdge = 4, ncells = 56960
RebuildHierarchy[5]: Flagged 0/106 grids. 0 flagged cells
Level[5]: dt = 0.00144798  0.00144798 (0.00289588/0.00313625)
RebuildHierarchy: level = 5
TransferSubgridParticles[5]: Moved 1 particles, 0 stars, 0 active particles.
DetermineSGSize: MaxSubgridSize = 2000, MinSubgridEdge = 4, ncells = 56960
RebuildHierarchy[5]: Flagged 0/106 grids. 0 flagged cells
Level[5]: dt = 0.000240367  0.00144912 (0.00313625/0.00313625)
EvolveLevel[5]: NumberOfSubCycles = 3 (957 total, 3 sub)
RebuildHierarchy: level = 4
TransferSubgridParticles[4]: Moved 274 particles, 0 stars, 0 active particles.
DetermineSGSize: MaxSubgridSize = 2000, MinSubgridEdge = 4, ncells = 56960
RebuildHierarchy[4]: Flagged 101/174 grids. 6006 flagged cells
LoadBalance: Number of grids moved = 105 out of 105 (0.00261771 seconds elapsed)
DetermineSGSize: MaxSubgridSize = 2000, MinSubgridEdge = 4, ncells = 56960
RebuildHierarchy[5]: Flagged 0/105 grids. 0 flagged cells
Level[4]: dt = 0.00309253  0.00309253 (0.00622877/0.0066313)
Level[5]: dt = 0.00144937  0.00144937 (0.00144937/0.00309253)
RebuildHierarchy: level = 5
TransferSubgridParticles[5]: Moved 0 particles, 0 stars, 0 active particles.
DetermineSGSize: MaxSubgridSize = 2000, MinSubgridEdge = 4, ncells = 58672
RebuildHierarchy[5]: Flagged 0/105 grids. 0 flagged cells
Level[5]: dt = 0.00145134  0.00145134 (0.00290072/0.00309253)
RebuildHierarchy: level = 5
TransferSubgridParticles[5]: Moved 4 particles, 0 stars, 0 active particles.
DetermineSGSize: MaxSubgridSize = 2000, MinSubgridEdge = 4, ncells = 58672
RebuildHierarchy[5]: Flagged 0/105 grids. 0 flagged cells
Level[5]: dt = 0.000191807  0.00145417 (0.00309253/0.00309253)
EvolveLevel[5]: NumberOfSubCycles = 3 (960 total, 3 sub)
Level[4]: dt = 0.000402533  0.0030563 (0.0066313/0.0066313)
Level[5]: dt = 0.000402533  0.00145456 (0.000402533/0.000402533)
EvolveLevel[5]: NumberOfSubCycles = 1 (961 total, 1 sub)
EvolveLevel[4]: NumberOfSubCycles = 3 (448 total, 3 sub)
RebuildHierarchy: level = 3
TransferSubgridParticles[3]: Moved 1117 particles, 0 stars, 0 active particles.
DetermineSGSize: MaxSubgridSize = 2000, MinSubgridEdge = 4, ncells = 78152
RebuildHierarchy[3]: Flagged 172/510 grids. 7676 flagged cells
LoadBalance: Number of grids moved = 170 out of 172 (8.38339e-05 seconds elapsed)
DetermineSGSize: MaxSubgridSize = 2000, MinSubgridEdge = 4, ncells = 58672
RebuildHierarchy[4]: Flagged 101/172 grids. 6001 flagged cells
LoadBalance: Number of grids moved = 105 out of 105 (0.00262703 seconds elapsed)
DetermineSGSize: MaxSubgridSize = 2000, MinSubgridEdge = 4, ncells = 58672
RebuildHierarchy[5]: Flagged 0/105 grids. 0 flagged cells
Level[3]: dt = 0.00664207  0.00664207 (0.0132734/0.0141112)
Level[4]: dt = 0.00305247  0.00305247 (0.00305247/0.00664207)
Level[5]: dt = 0.0014554  0.0014554 (0.0014554/0.00305247)
RebuildHierarchy: level = 5
TransferSubgridParticles[5]: Moved 3 particles, 0 stars, 0 active particles.
DetermineSGSize: MaxSubgridSize = 2000, MinSubgridEdge = 4, ncells = 58872
RebuildHierarchy[5]: Flagged 0/105 grids. 0 flagged cells
Level[5]: dt = 0.00145873  0.00145873 (0.00291413/0.00305247)
RebuildHierarchy: level = 5
TransferSubgridParticles[5]: Moved 3 particles, 0 stars, 0 active particles.
DetermineSGSize: MaxSubgridSize = 2000, MinSubgridEdge = 4, ncells = 58872
RebuildHierarchy[5]: Flagged 0/105 grids. 0 flagged cells
Level[5]: dt = 0.000138336  0.00145855 (0.00305247/0.00305247)
EvolveLevel[5]: NumberOfSubCycles = 3 (964 total, 3 sub)
RebuildHierarchy: level = 4
TransferSubgridParticles[4]: Moved 2 particles, 0 stars, 0 active particles.
DetermineSGSize: MaxSubgridSize = 2000, MinSubgridEdge = 4, ncells = 58872
RebuildHierarchy[4]: Flagged 101/172 grids. 6007 flagged cells
LoadBalance: Number of grids moved = 105 out of 105 (0.00268977 seconds elapsed)
DetermineSGSize: MaxSubgridSize = 2000, MinSubgridEdge = 4, ncells = 58872
RebuildHierarchy[5]: Flagged 0/105 grids. 0 flagged cells
Level[4]: dt = 0.00303038  0.00303038 (0.00608285/0.00664207)
Level[5]: dt = 0.00145841  0.00145841 (0.00145841/0.00303038)
RebuildHierarchy: level = 5
TransferSubgridParticles[5]: Moved 4 particles, 0 stars, 0 active particles.
DetermineSGSize: MaxSubgridSize = 2000, MinSubgridEdge = 4, ncells = 58992
RebuildHierarchy[5]: Flagged 0/105 grids. 0 flagged cells
Level[5]: dt = 0.00145719  0.00145719 (0.0029156/0.00303038)
RebuildHierarchy: level = 5
TransferSubgridParticles[5]: Moved 2 particles, 0 stars, 0 active particles.
DetermineSGSize: MaxSubgridSize = 2000, MinSubgridEdge = 4, ncells = 58992
RebuildHierarchy[5]: Flagged 0/105 grids. 0 flagged cells
Level[5]: dt = 0.000114788  0.00145633 (0.00303038/0.00303038)
EvolveLevel[5]: NumberOfSubCycles = 3 (967 total, 3 sub)
Level[4]: dt = 0.000559219  0.00301942 (0.00664207/0.00664207)
Level[5]: dt = 0.000559219  0.00145629 (0.000559219/0.000559219)
EvolveLevel[5]: NumberOfSubCycles = 1 (968 total, 1 sub)
EvolveLevel[4]: NumberOfSubCycles = 3 (451 total, 3 sub)
Level[3]: dt = 0.000837776  0.00656179 (0.0141112/0.0141112)
Level[4]: dt = 0.000837776  0.00301836 (0.000837776/0.000837776)
Level[5]: dt = 0.000837776  0.00145614 (0.000837776/0.000837776)
EvolveLevel[5]: NumberOfSubCycles = 1 (969 total, 1 sub)
EvolveLevel[4]: NumberOfSubCycles = 1 (452 total, 1 sub)
EvolveLevel[3]: NumberOfSubCycles = 3 (209 total, 3 sub)
RebuildHierarchy: level = 2
TransferSubgridParticles[2]: Moved 8638 particles, 0 stars, 0 active particles.
DetermineSGSize: MaxSubgridSize = 2000, MinSubgridEdge = 4, ncells = 341160
RebuildHierarchy[2]: Flagged 447/1607 grids. 27467 flagged cells
LoadBalance: Number of grids moved = 520 out of 523 (0.00304158 seconds elapsed)
DetermineSGSize: MaxSubgridSize = 2000, MinSubgridEdge = 4, ncells = 77280
RebuildHierarchy[3]: Flagged 173/523 grids. 7764 flagged cells
LoadBalance: Number of grids moved = 171 out of 173 (8.09692e-05 seconds elapsed)
DetermineSGSize: MaxSubgridSize = 2000, MinSubgridEdge = 4, ncells = 58992
RebuildHierarchy[4]: Flagged 102/173 grids. 5985 flagged cells
LoadBalance: Number of grids moved = 106 out of 106 (0.00266473 seconds elapsed)
DetermineSGSize: MaxSubgridSize = 2000, MinSubgridEdge = 4, ncells = 58992
RebuildHierarchy[5]: Flagged 0/106 grids. 0 flagged cells
Level[2]: dt = 0.0141211  0.0141211 (0.0282323/0.0300419)
Level[3]: dt = 0.00655239  0.00655239 (0.00655239/0.0141211)
Level[4]: dt = 0.00301713  0.00301713 (0.00301713/0.00655239)
Level[5]: dt = 0.00145606  0.00145606 (0.00145606/0.00301713)
RebuildHierarchy: level = 5
TransferSubgridParticles[5]: Moved 1 particles, 0 stars, 0 active particles.
DetermineSGSize: MaxSubgridSize = 2000, MinSubgridEdge = 4, ncells = 58328
RebuildHierarchy[5]: Flagged 0/106 grids. 0 flagged cells
Level[5]: dt = 0.00145628  0.00145628 (0.00291234/0.00301713)
RebuildHierarchy: level = 5
TransferSubgridParticles[5]: Moved 1 particles, 0 stars, 0 active particles.
DetermineSGSize: MaxSubgridSize = 2000, MinSubgridEdge = 4, ncells = 58328
RebuildHierarchy[5]: Flagged 0/106 grids. 0 flagged cells
Level[5]: dt = 0.000104794  0.001457 (0.00301713/0.00301713)
EvolveLevel[5]: NumberOfSubCycles = 3 (972 total, 3 sub)
RebuildHierarchy: level = 4
TransferSubgridParticles[4]: Moved 5 particles, 0 stars, 0 active particles.
DetermineSGSize: MaxSubgridSize = 2000, MinSubgridEdge = 4, ncells = 58328
RebuildHierarchy[4]: Flagged 102/173 grids. 5953 flagged cells
LoadBalance: Number of grids moved = 108 out of 108 (0.00293552 seconds elapsed)
DetermineSGSize: MaxSubgridSize = 2000, MinSubgridEdge = 4, ncells = 58328
RebuildHierarchy[5]: Flagged 0/108 grids. 0 flagged cells
Level[4]: dt = 0.0030161  0.0030161 (0.00603324/0.00655239)
Level[5]: dt = 0.00145707  0.00145707 (0.00145707/0.0030161)
RebuildHierarchy: level = 5
TransferSubgridParticles[5]: Moved 1 particles, 0 stars, 0 active particles.
DetermineSGSize: MaxSubgridSize = 2000, MinSubgridEdge = 4, ncells = 56576
RebuildHierarchy[5]: Flagged 0/108 grids. 0 flagged cells
Level[5]: dt = 0.00145814  0.00145814 (0.0029152/0.0030161)
RebuildHierarchy: level = 5
TransferSubgridParticles[5]: Moved 5 particles, 0 stars, 0 active particles.
DetermineSGSize: MaxSubgridSize = 2000, MinSubgridEdge = 4, ncells = 56576
RebuildHierarchy[5]: Flagged 0/108 grids. 0 flagged cells
Level[5]: dt = 0.000100903  0.00145967 (0.0030161/0.0030161)
EvolveLevel[5]: NumberOfSubCycles = 3 (975 total, 3 sub)
Level[4]: dt = 0.000519152  0.00301897 (0.00655239/0.00655239)
Level[5]: dt = 0.000519152  0.00145978 (0.000519152/0.000519152)
EvolveLevel[5]: NumberOfSubCycles = 1 (976 total, 1 sub)
EvolveLevel[4]: NumberOfSubCycles = 3 (455 total, 3 sub)
RebuildHierarchy: level = 3
TransferSubgridParticles[3]: Moved 47 particles, 0 stars, 0 active particles.
DetermineSGSize: MaxSubgridSize = 2000, MinSubgridEdge = 4, ncells = 78232
RebuildHierarchy[3]: Flagged 173/523 grids. 7731 flagged cells
LoadBalance: Number of grids moved = 171 out of 173 (8.31075e-05 seconds elapsed)
DetermineSGSize: MaxSubgridSize = 2000, MinSubgridEdge = 4, ncells = 56576
RebuildHierarchy[4]: Flagged 102/173 grids. 5995 flagged cells
LoadBalance: Number of grids moved = 108 out of 108 (0.00272895 seconds elapsed)
DetermineSGSize: MaxSubgridSize = 2000, MinSubgridEdge = 4, ncells = 56576
RebuildHierarchy[5]: Flagged 0/108 grids. 0 flagged cells
Level[3]: dt = 0.00650314  0.00650314 (0.0130555/0.0141211)
Level[4]: dt = 0.00301967  0.00301967 (0.00301967/0.00650314)
Level[5]: dt = 0.00146036  0.00146036 (0.00146036/0.00301967)
RebuildHierarchy: level = 5
TransferSubgridParticles[5]: Moved 1 particles, 0 stars, 0 active particles.
DetermineSGSize: MaxSubgridSize = 2000, MinSubgridEdge = 4, ncells = 57552
RebuildHierarchy[5]: Flagged 0/108 grids. 0 flagged cells
Level[5]: dt = 0.00145784  0.00145784 (0.0029182/0.00301967)
RebuildHierarchy: level = 5
TransferSubgridParticles[5]: Moved 1 particles, 0 stars, 0 active particles.
DetermineSGSize: MaxSubgridSize = 2000, MinSubgridEdge = 4, ncells = 57552
RebuildHierarchy[5]: Flagged 0/108 grids. 0 flagged cells
Level[5]: dt = 0.000101466  0.00145605 (0.00301967/0.00301967)
EvolveLevel[5]: NumberOfSubCycles = 3 (979 total, 3 sub)
RebuildHierarchy: level = 4
TransferSubgridParticles[4]: Moved 3 particles, 0 stars, 0 active particles.
DetermineSGSize: MaxSubgridSize = 2000, MinSubgridEdge = 4, ncells = 57552
RebuildHierarchy[4]: Flagged 102/173 grids. 6014 flagged cells
LoadBalance: Number of grids moved = 108 out of 108 (0.00271648 seconds elapsed)
DetermineSGSize: MaxSubgridSize = 2000, MinSubgridEdge = 4, ncells = 57552
RebuildHierarchy[5]: Flagged 0/108 grids. 0 flagged cells
Level[4]: dt = 0.00302385  0.00302385 (0.00604352/0.00650314)
Level[5]: dt = 0.00145597  0.00145597 (0.00145597/0.00302385)
RebuildHierarchy: level = 5
TransferSubgridParticles[5]: Moved 1 particles, 0 stars, 0 active particles.
DetermineSGSize: MaxSubgridSize = 2000, MinSubgridEdge = 4, ncells = 57688
RebuildHierarchy[5]: Flagged 0/108 grids. 0 flagged cells
Level[5]: dt = 0.00145525  0.00145525 (0.00291122/0.00302385)
RebuildHierarchy: level = 5
TransferSubgridParticles[5]: Moved 1 particles, 0 stars, 0 active particles.
DetermineSGSize: MaxSubgridSize = 2000, MinSubgridEdge = 4, ncells = 57688
RebuildHierarchy[5]: Flagged 0/108 grids. 0 flagged cells
Level[5]: dt = 0.000112637  0.00145521 (0.00302385/0.00302385)
EvolveLevel[5]: NumberOfSubCycles = 3 (982 total, 3 sub)
Level[4]: dt = 0.000459623  0.00302755 (0.00650314/0.00650314)
Level[5]: dt = 0.000459623  0.00145522 (0.000459623/0.000459623)
EvolveLevel[5]: NumberOfSubCycles = 1 (983 total, 1 sub)
EvolveLevel[4]: NumberOfSubCycles = 3 (458 total, 3 sub)
Level[3]: dt = 0.00106561  0.0064368 (0.0141211/0.0141211)
Level[4]: dt = 0.00106561  0.00302803 (0.00106561/0.00106561)
Level[5]: dt = 0.00106561  0.00145534 (0.00106561/0.00106561)
EvolveLevel[5]: NumberOfSubCycles = 1 (984 total, 1 sub)
EvolveLevel[4]: NumberOfSubCycles = 1 (459 total, 1 sub)
EvolveLevel[3]: NumberOfSubCycles = 3 (212 total, 3 sub)
Level[2]: dt = 0.00180961  0.0141317 (0.0300419/0.0300419)
Level[3]: dt = 0.00180961  0.00641802 (0.00180961/0.00180961)
Level[4]: dt = 0.00180961  0.00302925 (0.00180961/0.00180961)
Level[5]: dt = 0.00145579  0.00145579 (0.00145579/0.00180961)
RebuildHierarchy: level = 5
TransferSubgridParticles[5]: Moved 1 particles, 0 stars, 0 active particles.
DetermineSGSize: MaxSubgridSize = 2000, MinSubgridEdge = 4, ncells = 57688
RebuildHierarchy[5]: Flagged 0/108 grids. 0 flagged cells
Level[5]: dt = 0.000353811  0.00145694 (0.00180961/0.00180961)
EvolveLevel[5]: NumberOfSubCycles = 2 (986 total, 2 sub)
EvolveLevel[4]: NumberOfSubCycles = 1 (460 total, 1 sub)
EvolveLevel[3]: NumberOfSubCycles = 1 (213 total, 1 sub)
EvolveLevel[2]: NumberOfSubCycles = 3 (97 total, 3 sub)
RebuildHierarchy: level = 1
TransferSubgridParticles[1]: Moved 106855 particles, 0 stars, 0 active particles.
DetermineSGSize: MaxSubgridSize = 2000, MinSubgridEdge = 4, ncells = 1612048
RebuildHierarchy[1]: Flagged 1087/9384 grids. 109685 flagged cells
LoadBalance: Number of grids moved = 1596 out of 1608 (0.00722557 seconds elapsed)
DetermineSGSize: MaxSubgridSize = 2000, MinSubgridEdge = 4, ncells = 347088
RebuildHierarchy[2]: Flagged 445/1608 grids. 27579 flagged cells
LoadBalance: Number of grids moved = 520 out of 522 (0.00296951 seconds elapsed)
DetermineSGSize: MaxSubgridSize = 2000, MinSubgridEdge = 4, ncells = 77904
RebuildHierarchy[3]: Flagged 174/522 grids. 7786 flagged cells
LoadBalance: Number of grids moved = 173 out of 175 (0.000105828 seconds elapsed)
DetermineSGSize: MaxSubgridSize = 2000, MinSubgridEdge = 4, ncells = 57688
RebuildHierarchy[4]: Flagged 102/175 grids. 6048 flagged cells
LoadBalance: Number of grids moved = 108 out of 108 (0.00258841 seconds elapsed)
DetermineSGSize: MaxSubgridSize = 2000, MinSubgridEdge = 4, ncells = 57688
RebuildHierarchy[5]: Flagged 0/108 grids. 0 flagged cells
Level[1]: dt = 0.0301458  0.0301458 (0.0601877/0.0648832)
Level[2]: dt = 0.014133  0.014133 (0.014133/0.0301458)
Level[3]: dt = 0.0063884  0.0063884 (0.0063884/0.014133)
Level[4]: dt = 0.00303122  0.00303122 (0.00303122/0.0063884)
Level[5]: dt = 0.00145735  0.00145735 (0.00145735/0.00303122)
RebuildHierarchy: level = 5
TransferSubgridParticles[5]: Moved 2 particles, 0 stars, 0 active particles.
DetermineSGSize: MaxSubgridSize = 2000, MinSubgridEdge = 4, ncells = 58016
RebuildHierarchy[5]: Flagged 0/108 grids. 0 flagged cells
Level[5]: dt = 0.00145667  0.00145667 (0.00291402/0.00303122)
RebuildHierarchy: level = 5
TransferSubgridParticles[5]: Moved 0 particles, 0 stars, 0 active particles.
DetermineSGSize: MaxSubgridSize = 2000, MinSubgridEdge = 4, ncells = 58016
RebuildHierarchy[5]: Flagged 0/108 grids. 0 flagged cells
Level[5]: dt = 0.000117207  0.00145328 (0.00303122/0.00303122)
EvolveLevel[5]: NumberOfSubCycles = 3 (989 total, 3 sub)
RebuildHierarchy: level = 4
TransferSubgridParticles[4]: Moved 5 particles, 0 stars, 0 active particles.
DetermineSGSize: MaxSubgridSize = 2000, MinSubgridEdge = 4, ncells = 58016
RebuildHierarchy[4]: Flagged 103/175 grids. 6074 flagged cells
LoadBalance: Number of grids moved = 109 out of 109 (0.00250806 seconds elapsed)
DetermineSGSize: MaxSubgridSize = 2000, MinSubgridEdge = 4, ncells = 58016
RebuildHierarchy[5]: Flagged 0/109 grids. 0 flagged cells
Level[4]: dt = 0.00303535  0.00303535 (0.00606657/0.0063884)
Level[5]: dt = 0.001453  0.001453 (0.001453/0.00303535)
RebuildHierarchy: level = 5
TransferSubgridParticles[5]: Moved 2 particles, 0 stars, 0 active particles.
DetermineSGSize: MaxSubgridSize = 2000, MinSubgridEdge = 4, ncells = 58184
RebuildHierarchy[5]: Flagged 0/109 grids. 0 flagged cells
Level[5]: dt = 0.00144951  0.00144951 (0.00290251/0.00303535)
RebuildHierarchy: level = 5
TransferSubgridParticles[5]: Moved 2 particles, 0 stars, 0 active particles.
DetermineSGSize: MaxSubgridSize = 2000, MinSubgridEdge = 4, ncells = 58184
RebuildHierarchy[5]: Flagged 0/109 grids. 0 flagged cells
Level[5]: dt = 0.000132843  0.00144649 (0.00303535/0.00303535)
EvolveLevel[5]: NumberOfSubCycles = 3 (992 total, 3 sub)
Level[4]: dt = 0.00032183  0.0030402 (0.0063884/0.0063884)
Level[5]: dt = 0.00032183  0.0014462 (0.00032183/0.00032183)
EvolveLevel[5]: NumberOfSubCycles = 1 (993 total, 1 sub)
EvolveLevel[4]: NumberOfSubCycles = 3 (463 total, 3 sub)
RebuildHierarchy: level = 3
TransferSubgridParticles[3]: Moved 38 particles, 0 stars, 0 active particles.
DetermineSGSize: MaxSubgridSize = 2000, MinSubgridEdge = 4, ncells = 78928
RebuildHierarchy[3]: Flagged 176/522 grids. 7853 flagged cells
LoadBalance: Number of grids moved = 175 out of 177 (8.42176e-05 seconds elapsed)
DetermineSGSize: MaxSubgridSize = 2000, MinSubgridEdge = 4, ncells = 58184
RebuildHierarchy[4]: Flagged 103/177 grids. 6124 flagged cells
LoadBalance: Number of grids moved = 109 out of 109 (0.00261196 seconds elapsed)
DetermineSGSize: MaxSubgridSize = 2000, MinSubgridEdge = 4, ncells = 58184
RebuildHierarchy[5]: Flagged 0/109 grids. 0 flagged cells
Level[3]: dt = 0.00632251  0.00632251 (0.0127109/0.014133)
Level[4]: dt = 0.00304073  0.00304073 (0.00304073/0.00632251)
Level[5]: dt = 0.00144551  0.00144551 (0.00144551/0.00304073)
RebuildHierarchy: level = 5
TransferSubgridParticles[5]: Moved 2 particles, 0 stars, 0 active particles.
DetermineSGSize: MaxSubgridSize = 2000, MinSubgridEdge = 4, ncells = 58808
RebuildHierarchy[5]: Flagged 0/109 grids. 0 flagged cells
Level[5]: dt = 0.00144278  0.00144278 (0.00288829/0.00304073)
RebuildHierarchy: level = 5
TransferSubgridParticles[5]: Moved 0 particles, 0 stars, 0 active particles.
DetermineSGSize: MaxSubgridSize = 2000, MinSubgridEdge = 4, ncells = 58808
RebuildHierarchy[5]: Flagged 0/109 grids. 0 flagged cells
Level[5]: dt = 0.00015244  0.00144005 (0.00304073/0.00304073)
EvolveLevel[5]: NumberOfSubCycles = 3 (996 total, 3 sub)
RebuildHierarchy: level = 4
TransferSubgridParticles[4]: Moved 2 particles, 0 stars, 0 active particles.
DetermineSGSize: MaxSubgridSize = 2000, MinSubgridEdge = 4, ncells = 58808
RebuildHierarchy[4]: Flagged 103/177 grids. 6114 flagged cells
LoadBalance: Number of grids moved = 109 out of 109 (0.0024995 seconds elapsed)
DetermineSGSize: MaxSubgridSize = 2000, MinSubgridEdge = 4, ncells = 58808
RebuildHierarchy[5]: Flagged 0/109 grids. 0 flagged cells
Level[4]: dt = 0.00304583  0.00304583 (0.00608656/0.00632251)
Level[5]: dt = 0.00143979  0.00143979 (0.00143979/0.00304583)
RebuildHierarchy: level = 5
TransferSubgridParticles[5]: Moved 1 particles, 0 stars, 0 active particles.
DetermineSGSize: MaxSubgridSize = 2000, MinSubgridEdge = 4, ncells = 58632
RebuildHierarchy[5]: Flagged 0/109 grids. 0 flagged cells
Level[5]: dt = 0.00143769  0.00143769 (0.00287749/0.00304583)
RebuildHierarchy: level = 5
TransferSubgridParticles[5]: Moved 3 particles, 0 stars, 0 active particles.
DetermineSGSize: MaxSubgridSize = 2000, MinSubgridEdge = 4, ncells = 58632
RebuildHierarchy[5]: Flagged 0/109 grids. 0 flagged cells
Level[5]: dt = 0.000168342  0.00143585 (0.00304583/0.00304583)
EvolveLevel[5]: NumberOfSubCycles = 3 (999 total, 3 sub)
Level[4]: dt = 0.000235951  0.00305099 (0.00632251/0.00632251)
Level[5]: dt = 0.000235951  0.00143566 (0.000235951/0.000235951)
EvolveLevel[5]: NumberOfSubCycles = 1 (1000 total, 1 sub)
EvolveLevel[4]: NumberOfSubCycles = 3 (466 total, 3 sub)
Level[3]: dt = 0.00142209  0.00632132 (0.014133/0.014133)
Level[4]: dt = 0.00142209  0.00305138 (0.00142209/0.00142209)
Level[5]: dt = 0.00142209  0.00143539 (0.00142209/0.00142209)
EvolveLevel[5]: NumberOfSubCycles = 1 (1001 total, 1 sub)
EvolveLevel[4]: NumberOfSubCycles = 1 (467 total, 1 sub)
EvolveLevel[3]: NumberOfSubCycles = 3 (216 total, 3 sub)
RebuildHierarchy: level = 2
TransferSubgridParticles[2]: Moved 302 particles, 0 stars, 0 active particles.
DetermineSGSize: MaxSubgridSize = 2000, MinSubgridEdge = 4, ncells = 349680
RebuildHierarchy[2]: Flagged 447/1608 grids. 27592 flagged cells
LoadBalance: Number of grids moved = 524 out of 526 (0.00279152 seconds elapsed)
DetermineSGSize: MaxSubgridSize = 2000, MinSubgridEdge = 4, ncells = 79160
RebuildHierarchy[3]: Flagged 176/526 grids. 7893 flagged cells
LoadBalance: Number of grids moved = 175 out of 177 (8.42251e-05 seconds elapsed)
DetermineSGSize: MaxSubgridSize = 2000, MinSubgridEdge = 4, ncells = 58632
RebuildHierarchy[4]: Flagged 103/177 grids. 6066 flagged cells
LoadBalance: Number of grids moved = 108 out of 108 (0.0025147 seconds elapsed)
DetermineSGSize: MaxSubgridSize = 2000, MinSubgridEdge = 4, ncells = 58632
RebuildHierarchy[5]: Flagged 0/108 grids. 0 flagged cells
Level[2]: dt = 0.0141437  0.0141437 (0.0282767/0.0301458)
Level[3]: dt = 0.00632642  0.00632642 (0.00632642/0.0141437)
Level[4]: dt = 0.0030538  0.0030538 (0.0030538/0.00632642)
Level[5]: dt = 0.00143403  0.00143403 (0.00143403/0.0030538)
RebuildHierarchy: level = 5
TransferSubgridParticles[5]: Moved 0 particles, 0 stars, 0 active particles.
DetermineSGSize: MaxSubgridSize = 2000, MinSubgridEdge = 4, ncells = 58440
RebuildHierarchy[5]: Flagged 0/108 grids. 0 flagged cells
Level[5]: dt = 0.00143296  0.00143296 (0.00286699/0.0030538)
RebuildHierarchy: level = 5
TransferSubgridParticles[5]: Moved 1 particles, 0 stars, 0 active particles.
DetermineSGSize: MaxSubgridSize = 2000, MinSubgridEdge = 4, ncells = 58440
RebuildHierarchy[5]: Flagged 0/108 grids. 0 flagged cells
Level[5]: dt = 0.000186814  0.00143224 (0.0030538/0.0030538)
EvolveLevel[5]: NumberOfSubCycles = 3 (1004 total, 3 sub)
RebuildHierarchy: level = 4
TransferSubgridParticles[4]: Moved 2 particles, 0 stars, 0 active particles.
DetermineSGSize: MaxSubgridSize = 2000, MinSubgridEdge = 4, ncells = 58440
RebuildHierarchy[4]: Flagged 103/177 grids. 6081 flagged cells
LoadBalance: Number of grids moved = 108 out of 108 (0.00239155 seconds elapsed)
DetermineSGSize: MaxSubgridSize = 2000, MinSubgridEdge = 4, ncells = 58440
RebuildHierarchy[5]: Flagged 0/108 grids. 0 flagged cells
Level[4]: dt = 0.00305896  0.00305896 (0.00611276/0.00632642)
Level[5]: dt = 0.00143215  0.00143215 (0.00143215/0.00305896)
RebuildHierarchy: level = 5
TransferSubgridParticles[5]: Moved 2 particles, 0 stars, 0 active particles.
DetermineSGSize: MaxSubgridSize = 2000, MinSubgridEdge = 4, ncells = 58496
RebuildHierarchy[5]: Flagged 0/108 grids. 0 flagged cells
Level[5]: dt = 0.00143167  0.00143167 (0.00286382/0.00305896)
RebuildHierarchy: level = 5
TransferSubgridParticles[5]: Moved 2 particles, 0 stars, 0 active particles.
DetermineSGSize: MaxSubgridSize = 2000, MinSubgridEdge = 4, ncells = 58496
RebuildHierarchy[5]: Flagged 0/108 grids. 0 flagged cells
Level[5]: dt = 0.00019514  0.00143145 (0.00305896/0.00305896)
EvolveLevel[5]: NumberOfSubCycles = 3 (1007 total, 3 sub)
Level[4]: dt = 0.000213662  0.00306421 (0.00632642/0.00632642)
Level[5]: dt = 0.000213662  0.00143142 (0.000213662/0.000213662)
EvolveLevel[5]: NumberOfSubCycles = 1 (1008 total, 1 sub)
EvolveLevel[4]: NumberOfSubCycles = 3 (470 total, 3 sub)
RebuildHierarchy: level = 3
TransferSubgridParticles[3]: Moved 37 particles, 0 stars, 0 active particles.
DetermineSGSize: MaxSubgridSize = 2000, MinSubgridEdge = 4, ncells = 79752
RebuildHierarchy[3]: Flagged 178/526 grids. 7937 flagged cells
LoadBalance: Number of grids moved = 178 out of 180 (8.82708e-05 seconds elapsed)
DetermineSGSize: MaxSubgridSize = 2000, MinSubgridEdge = 4, ncells = 58496
RebuildHierarchy[4]: Flagged 102/180 grids. 6084 flagged cells
LoadBalance: Number of grids moved = 107 out of 107 (0.0024058 seconds elapsed)
DetermineSGSize: MaxSubgridSize = 2000, MinSubgridEdge = 4, ncells = 58496
RebuildHierarchy[5]: Flagged 0/107 grids. 0 flagged cells
Level[3]: dt = 0.00635857  0.00635857 (0.012685/0.0141437)
Level[4]: dt = 0.00306458  0.00306458 (0.00306458/0.00635857)
Level[5]: dt = 0.00143139  0.00143139 (0.00143139/0.00306458)
RebuildHierarchy: level = 5
TransferSubgridParticles[5]: Moved 1 particles, 0 stars, 0 active particles.
DetermineSGSize: MaxSubgridSize = 2000, MinSubgridEdge = 4, ncells = 58496
RebuildHierarchy[5]: Flagged 0/107 grids. 0 flagged cells
Level[5]: dt = 0.00143177  0.00143177 (0.00286316/0.00306458)
RebuildHierarchy: level = 5
TransferSubgridParticles[5]: Moved 1 particles, 0 stars, 0 active particles.
DetermineSGSize: MaxSubgridSize = 2000, MinSubgridEdge = 4, ncells = 58496
RebuildHierarchy[5]: Flagged 0/107 grids. 0 flagged cells
Level[5]: dt = 0.000201418  0.00143262 (0.00306458/0.00306458)
EvolveLevel[5]: NumberOfSubCycles = 3 (1011 total, 3 sub)
RebuildHierarchy: level = 4
TransferSubgridParticles[4]: Moved 4 particles, 0 stars, 0 active particles.
DetermineSGSize: MaxSubgridSize = 2000, MinSubgridEdge = 4, ncells = 58496
RebuildHierarchy[4]: Flagged 102/180 grids. 6079 flagged cells
LoadBalance: Number of grids moved = 106 out of 106 (0.00238387 seconds elapsed)
DetermineSGSize: MaxSubgridSize = 2000, MinSubgridEdge = 4, ncells = 58496
RebuildHierarchy[5]: Flagged 0/106 grids. 0 flagged cells
Level[4]: dt = 0.00306971  0.00306971 (0.00613429/0.00635857)
Level[5]: dt = 0.00143275  0.00143275 (0.00143275/0.00306971)
RebuildHierarchy: level = 5
TransferSubgridParticles[5]: Moved 4 particles, 0 stars, 0 active particles.
DetermineSGSize: MaxSubgridSize = 2000, MinSubgridEdge = 4, ncells = 59016
RebuildHierarchy[5]: Flagged 0/106 grids. 0 flagged cells
Level[5]: dt = 0.00143416  0.00143416 (0.00286691/0.00306971)
RebuildHierarchy: level = 5
TransferSubgridParticles[5]: Moved 1 particles, 0 stars, 0 active particles.
DetermineSGSize: MaxSubgridSize = 2000, MinSubgridEdge = 4, ncells = 59016
RebuildHierarchy[5]: Flagged 0/106 grids. 0 flagged cells
Level[5]: dt = 0.000202796  0.00143602 (0.00306971/0.00306971)
EvolveLevel[5]: NumberOfSubCycles = 3 (1014 total, 3 sub)
Level[4]: dt = 0.000224279  0.00307536 (0.00635857/0.00635857)
Level[5]: dt = 0.000224279  0.00143631 (0.000224279/0.000224279)
EvolveLevel[5]: NumberOfSubCycles = 1 (1015 total, 1 sub)
EvolveLevel[4]: NumberOfSubCycles = 3 (473 total, 3 sub)
Level[3]: dt = 0.0014587  0.0063939 (0.0141437/0.0141437)
Level[4]: dt = 0.0014587  0.00307575 (0.0014587/0.0014587)
Level[5]: dt = 0.0014587  0.00143664 (0.0014587/0.0014587)
EvolveLevel[5]: NumberOfSubCycles = 1 (1016 total, 1 sub)
EvolveLevel[4]: NumberOfSubCycles = 1 (474 total, 1 sub)
EvolveLevel[3]: NumberOfSubCycles = 3 (219 total, 3 sub)
Level[2]: dt = 0.00186912  0.0141575 (0.0301458/0.0301458)
Level[3]: dt = 0.00186912  0.00640111 (0.00186912/0.00186912)
Level[4]: dt = 0.00186912  0.00307829 (0.00186912/0.00186912)
Level[5]: dt = 0.00143916  0.00143916 (0.00143916/0.00186912)
RebuildHierarchy: level = 5
TransferSubgridParticles[5]: Moved 5 particles, 0 stars, 0 active particles.
DetermineSGSize: MaxSubgridSize = 2000, MinSubgridEdge = 4, ncells = 59016
RebuildHierarchy[5]: Flagged 0/106 grids. 0 flagged cells
Level[5]: dt = 0.000429963  0.00144211 (0.00186912/0.00186912)
EvolveLevel[5]: NumberOfSubCycles = 2 (1018 total, 2 sub)
EvolveLevel[4]: NumberOfSubCycles = 1 (475 total, 1 sub)
EvolveLevel[3]: NumberOfSubCycles = 1 (220 total, 1 sub)
EvolveLevel[2]: NumberOfSubCycles = 3 (100 total, 3 sub)
Level[1]: dt = 0.00469553  0.0302185 (0.0648832/0.0648832)
Level[2]: dt = 0.00469553  0.0141596 (0.00469553/0.00469553)
Level[3]: dt = 0.00469553  0.00640941 (0.00469553/0.00469553)
Level[4]: dt = 0.00308153  0.00308153 (0.00308153/0.00469553)
Level[5]: dt = 0.00144306  0.00144306 (0.00144306/0.00308153)
RebuildHierarchy: level = 5
TransferSubgridParticles[5]: Moved 1 particles, 0 stars, 0 active particles.
DetermineSGSize: MaxSubgridSize = 2000, MinSubgridEdge = 4, ncells = 59016
RebuildHierarchy[5]: Flagged 0/106 grids. 0 flagged cells
Level[5]: dt = 0.00144311  0.00144311 (0.00288617/0.00308153)
RebuildHierarchy: level = 5
TransferSubgridParticles[5]: Moved 2 particles, 0 stars, 0 active particles.
DetermineSGSize: MaxSubgridSize = 2000, MinSubgridEdge = 4, ncells = 59016
RebuildHierarchy[5]: Flagged 0/106 grids. 0 flagged cells
Level[5]: dt = 0.000195359  0.00143742 (0.00308153/0.00308153)
EvolveLevel[5]: NumberOfSubCycles = 3 (1021 total, 3 sub)
RebuildHierarchy: level = 4
TransferSubgridParticles[4]: Moved 21 particles, 0 stars, 0 active particles.
DetermineSGSize: MaxSubgridSize = 2000, MinSubgridEdge = 4, ncells = 59016
RebuildHierarchy[4]: Flagged 102/180 grids. 6153 flagged cells
LoadBalance: Number of grids moved = 106 out of 106 (0.00236298 seconds elapsed)
DetermineSGSize: MaxSubgridSize = 2000, MinSubgridEdge = 4, ncells = 59016
RebuildHierarchy[5]: Flagged 0/106 grids. 0 flagged cells
Level[4]: dt = 0.001614  0.00308692 (0.00469553/0.00469553)
Level[5]: dt = 0.0014367  0.0014367 (0.0014367/0.001614)
RebuildHierarchy: level = 5
TransferSubgridParticles[5]: Moved 0 particles, 0 stars, 0 active particles.
DetermineSGSize: MaxSubgridSize = 2000, MinSubgridEdge = 4, ncells = 59592
RebuildHierarchy[5]: Flagged 0/106 grids. 0 flagged cells
Level[5]: dt = 0.000177299  0.00143144 (0.001614/0.001614)
EvolveLevel[5]: NumberOfSubCycles = 2 (1023 total, 2 sub)
EvolveLevel[4]: NumberOfSubCycles = 2 (477 total, 2 sub)
EvolveLevel[3]: NumberOfSubCycles = 1 (221 total, 1 sub)
EvolveLevel[2]: NumberOfSubCycles = 1 (101 total, 1 sub)
EvolveLevel[1]: NumberOfSubCycles = 3 (43 total, 3 sub)
EvolveLevel[0]: NumberOfSubCycles = 1 (15 total, 15 sub)
CPUTime-output: Frac = 0.999991, Current = 1735.04 (1735.04), Stop = 2592000.000000, Last = 23.7486
[YT_INFO   ] Setting YT parameters ...
[YT_INFO   ] Setting YT parameters ... done.
[YT_INFO   ] Getting pointer to particle list information ...
[YT_INFO   ] Getting pointer to particle list information  ... done.
[YT_INFO   ] Getting pointer to field list information ...
[YT_INFO   ] Getting pointer to field list information  ... done.
[YT_INFO   ] Getting pointer to local grids information ...
[YT_INFO   ] Getting pointer to local grids information  ... done.
[YT_INFO   ] Loading full hierarchy and local data to libyt ...
[YT_INFO   ] Loading full hierarchy and local data ... done.
[YT_INFO   ] Performing YT inline analysis yt_inline_func() ...
[YT_INFO   ] Performing YT inline analysis yt_inline_func() ... done.
Level[0]: dt = 0.0650982  0.0650982 (0.0650982/0.0650982)
Level[1]: dt = 0.0302221  0.0302221 (0.0302221/0.0650982)
Level[2]: dt = 0.0141649  0.0141649 (0.0141649/0.0302221)
Level[3]: dt = 0.00642629  0.00642629 (0.00642629/0.0141649)
Level[4]: dt = 0.00308973  0.00308973 (0.00308973/0.00642629)
Level[5]: dt = 0.00143083  0.00143083 (0.00143083/0.00308973)
RebuildHierarchy: level = 5
TransferSubgridParticles[5]: Moved 1 particles, 0 stars, 0 active particles.
DetermineSGSize: MaxSubgridSize = 2000, MinSubgridEdge = 4, ncells = 59592
RebuildHierarchy[5]: Flagged 0/106 grids. 0 flagged cells
Level[5]: dt = 0.00142623  0.00142623 (0.00285706/0.00308973)
RebuildHierarchy: level = 5
TransferSubgridParticles[5]: Moved 2 particles, 0 stars, 0 active particles.
DetermineSGSize: MaxSubgridSize = 2000, MinSubgridEdge = 4, ncells = 59592
RebuildHierarchy[5]: Flagged 0/106 grids. 0 flagged cells
Level[5]: dt = 0.000232674  0.00142206 (0.00308973/0.00308973)
EvolveLevel[5]: NumberOfSubCycles = 3 (1026 total, 3 sub)
RebuildHierarchy: level = 4
TransferSubgridParticles[4]: Moved 6 particles, 0 stars, 0 active particles.
DetermineSGSize: MaxSubgridSize = 2000, MinSubgridEdge = 4, ncells = 59592
RebuildHierarchy[4]: Flagged 102/180 grids. 6187 flagged cells
LoadBalance: Number of grids moved = 106 out of 106 (0.00238342 seconds elapsed)
DetermineSGSize: MaxSubgridSize = 2000, MinSubgridEdge = 4, ncells = 59592
RebuildHierarchy[5]: Flagged 0/106 grids. 0 flagged cells
Level[4]: dt = 0.00309512  0.00309512 (0.00618486/0.00642629)
Level[5]: dt = 0.00142145  0.00142145 (0.00142145/0.00309512)
RebuildHierarchy: level = 5
TransferSubgridParticles[5]: Moved 0 particles, 0 stars, 0 active particles.
DetermineSGSize: MaxSubgridSize = 2000, MinSubgridEdge = 4, ncells = 59952
RebuildHierarchy[5]: Flagged 0/106 grids. 0 flagged cells
Level[5]: dt = 0.00141797  0.00141797 (0.00283942/0.00309512)
RebuildHierarchy: level = 5
TransferSubgridParticles[5]: Moved 1 particles, 0 stars, 0 active particles.
DetermineSGSize: MaxSubgridSize = 2000, MinSubgridEdge = 4, ncells = 59952
RebuildHierarchy[5]: Flagged 0/106 grids. 0 flagged cells
Level[5]: dt = 0.000255698  0.00141529 (0.00309512/0.00309512)
EvolveLevel[5]: NumberOfSubCycles = 3 (1029 total, 3 sub)
Level[4]: dt = 0.000241439  0.00310053 (0.00642629/0.00642629)
Level[5]: dt = 0.000241439  0.00141489 (0.000241439/0.000241439)
EvolveLevel[5]: NumberOfSubCycles = 1 (1030 total, 1 sub)
EvolveLevel[4]: NumberOfSubCycles = 3 (480 total, 3 sub)
RebuildHierarchy: level = 3
TransferSubgridParticles[3]: Moved 139 particles, 0 stars, 0 active particles.
DetermineSGSize: MaxSubgridSize = 2000, MinSubgridEdge = 4, ncells = 79352
RebuildHierarchy[3]: Flagged 174/526 grids. 7829 flagged cells
LoadBalance: Number of grids moved = 175 out of 177 (7.76984e-05 seconds elapsed)
DetermineSGSize: MaxSubgridSize = 2000, MinSubgridEdge = 4, ncells = 59952
RebuildHierarchy[4]: Flagged 102/177 grids. 6195 flagged cells
LoadBalance: Number of grids moved = 106 out of 106 (0.00248874 seconds elapsed)
DetermineSGSize: MaxSubgridSize = 2000, MinSubgridEdge = 4, ncells = 59952
RebuildHierarchy[5]: Flagged 0/106 grids. 0 flagged cells
Level[3]: dt = 0.0064409  0.0064409 (0.0128672/0.0141649)
Level[4]: dt = 0.00310095  0.00310095 (0.00310095/0.0064409)
Level[5]: dt = 0.00141455  0.00141455 (0.00141455/0.00310095)
RebuildHierarchy: level = 5
TransferSubgridParticles[5]: Moved 0 particles, 0 stars, 0 active particles.
DetermineSGSize: MaxSubgridSize = 2000, MinSubgridEdge = 4, ncells = 59824
RebuildHierarchy[5]: Flagged 0/106 grids. 0 flagged cells
Level[5]: dt = 0.00141306  0.00141306 (0.00282761/0.00310095)
RebuildHierarchy: level = 5
TransferSubgridParticles[5]: Moved 0 particles, 0 stars, 0 active particles.
DetermineSGSize: MaxSubgridSize = 2000, MinSubgridEdge = 4, ncells = 59824
RebuildHierarchy[5]: Flagged 0/106 grids. 0 flagged cells
Level[5]: dt = 0.000273341  0.00141224 (0.00310095/0.00310095)
EvolveLevel[5]: NumberOfSubCycles = 3 (1033 total, 3 sub)
RebuildHierarchy: level = 4
TransferSubgridParticles[4]: Moved 6 particles, 0 stars, 0 active particles.
DetermineSGSize: MaxSubgridSize = 2000, MinSubgridEdge = 4, ncells = 59824
RebuildHierarchy[4]: Flagged 102/177 grids. 6203 flagged cells
LoadBalance: Number of grids moved = 106 out of 106 (0.00243557 seconds elapsed)
DetermineSGSize: MaxSubgridSize = 2000, MinSubgridEdge = 4, ncells = 59824
RebuildHierarchy[5]: Flagged 0/106 grids. 0 flagged cells
Level[4]: dt = 0.00310443  0.00310443 (0.00620538/0.0064409)
Level[5]: dt = 0.00141217  0.00141217 (0.00141217/0.00310443)
RebuildHierarchy: level = 5
TransferSubgridParticles[5]: Moved 2 particles, 0 stars, 0 active particles.
DetermineSGSize: MaxSubgridSize = 2000, MinSubgridEdge = 4, ncells = 60152
RebuildHierarchy[5]: Flagged 0/106 grids. 0 flagged cells
Level[5]: dt = 0.00141231  0.00141231 (0.00282449/0.00310443)
RebuildHierarchy: level = 5
TransferSubgridParticles[5]: Moved 0 particles, 0 stars, 0 active particles.
DetermineSGSize: MaxSubgridSize = 2000, MinSubgridEdge = 4, ncells = 60152
RebuildHierarchy[5]: Flagged 0/106 grids. 0 flagged cells
Level[5]: dt = 0.000279939  0.00141277 (0.00310443/0.00310443)
EvolveLevel[5]: NumberOfSubCycles = 3 (1036 total, 3 sub)
Level[4]: dt = 0.000235518  0.00310681 (0.0064409/0.0064409)
Level[5]: dt = 0.000235518  0.00141294 (0.000235518/0.000235518)
EvolveLevel[5]: NumberOfSubCycles = 1 (1037 total, 1 sub)
EvolveLevel[4]: NumberOfSubCycles = 3 (483 total, 3 sub)
Level[3]: dt = 0.00129769  0.00645279 (0.0141649/0.0141649)
Level[4]: dt = 0.00129769  0.00310694 (0.00129769/0.00129769)
Level[5]: dt = 0.00129769  0.00141309 (0.00129769/0.00129769)
EvolveLevel[5]: NumberOfSubCycles = 1 (1038 total, 1 sub)
EvolveLevel[4]: NumberOfSubCycles = 1 (484 total, 1 sub)
EvolveLevel[3]: NumberOfSubCycles = 3 (224 total, 3 sub)
RebuildHierarchy: level = 2
TransferSubgridParticles[2]: Moved 670 particles, 0 stars, 0 active particles.
DetermineSGSize: MaxSubgridSize = 2000, MinSubgridEdge = 4, ncells = 349992
RebuildHierarchy[2]: Flagged 449/1608 grids. 27973 flagged cells
LoadBalance: Number of grids moved = 529 out of 531 (0.00275886 seconds elapsed)
DetermineSGSize: MaxSubgridSize = 2000, MinSubgridEdge = 4, ncells = 77696
RebuildHierarchy[3]: Flagged 176/531 grids. 7897 flagged cells
LoadBalance: Number of grids moved = 177 out of 179 (8.17031e-05 seconds elapsed)
DetermineSGSize: MaxSubgridSize = 2000, MinSubgridEdge = 4, ncells = 60152
RebuildHierarchy[4]: Flagged 103/179 grids. 6179 flagged cells
LoadBalance: Number of grids moved = 106 out of 106 (0.00235264 seconds elapsed)
DetermineSGSize: MaxSubgridSize = 2000, MinSubgridEdge = 4, ncells = 60152
RebuildHierarchy[5]: Flagged 0/106 grids. 0 flagged cells
Level[2]: dt = 0.0141811  0.0141811 (0.0283459/0.0302221)
Level[3]: dt = 0.00645509  0.00645509 (0.00645509/0.0141811)
Level[4]: dt = 0.00310776  0.00310776 (0.00310776/0.00645509)
Level[5]: dt = 0.00141418  0.00141418 (0.00141418/0.00310776)
RebuildHierarchy: level = 5
TransferSubgridParticles[5]: Moved 0 particles, 0 stars, 0 active particles.
DetermineSGSize: MaxSubgridSize = 2000, MinSubgridEdge = 4, ncells = 59480
RebuildHierarchy[5]: Flagged 0/106 grids. 0 flagged cells
Level[5]: dt = 0.00141604  0.00141604 (0.00283022/0.00310776)
RebuildHierarchy: level = 5
TransferSubgridParticles[5]: Moved 3 particles, 0 stars, 0 active particles.
DetermineSGSize: MaxSubgridSize = 2000, MinSubgridEdge = 4, ncells = 59480
RebuildHierarchy[5]: Flagged 0/106 grids. 0 flagged cells
Level[5]: dt = 0.000277539  0.00141858 (0.00310776/0.00310776)
EvolveLevel[5]: NumberOfSubCycles = 3 (1041 total, 3 sub)
RebuildHierarchy: level = 4
TransferSubgridParticles[4]: Moved 5 particles, 0 stars, 0 active particles.
DetermineSGSize: MaxSubgridSize = 2000, MinSubgridEdge = 4, ncells = 59480
RebuildHierarchy[4]: Flagged 103/179 grids. 6186 flagged cells
LoadBalance: Number of grids moved = 106 out of 106 (0.00227568 seconds elapsed)
DetermineSGSize: MaxSubgridSize = 2000, MinSubgridEdge = 4, ncells = 59480
RebuildHierarchy[5]: Flagged 0/106 grids. 0 flagged cells
Level[4]: dt = 0.00307181  0.00307181 (0.00617957/0.00645509)
Level[5]: dt = 0.00141912  0.00141912 (0.00141912/0.00307181)
RebuildHierarchy: level = 5
TransferSubgridParticles[5]: Moved 1 particles, 0 stars, 0 active particles.
DetermineSGSize: MaxSubgridSize = 2000, MinSubgridEdge = 4, ncells = 59728
RebuildHierarchy[5]: Flagged 0/106 grids. 0 flagged cells
Level[5]: dt = 0.00142217  0.00142217 (0.00284129/0.00307181)
RebuildHierarchy: level = 5
TransferSubgridParticles[5]: Moved 0 particles, 0 stars, 0 active particles.
DetermineSGSize: MaxSubgridSize = 2000, MinSubgridEdge = 4, ncells = 59728
RebuildHierarchy[5]: Flagged 0/106 grids. 0 flagged cells
Level[5]: dt = 0.000230524  0.0014258 (0.00307181/0.00307181)
EvolveLevel[5]: NumberOfSubCycles = 3 (1044 total, 3 sub)
Level[4]: dt = 0.000275525  0.00303918 (0.00645509/0.00645509)
Level[5]: dt = 0.000275525  0.00142634 (0.000275525/0.000275525)
EvolveLevel[5]: NumberOfSubCycles = 1 (1045 total, 1 sub)
EvolveLevel[4]: NumberOfSubCycles = 3 (487 total, 3 sub)
RebuildHierarchy: level = 3
TransferSubgridParticles[3]: Moved 42 particles, 0 stars, 0 active particles.
DetermineSGSize: MaxSubgridSize = 2000, MinSubgridEdge = 4, ncells = 76360
RebuildHierarchy[3]: Flagged 178/531 grids. 7994 flagged cells
LoadBalance: Number of grids moved = 178 out of 180 (8.19713e-05 seconds elapsed)
DetermineSGSize: MaxSubgridSize = 2000, MinSubgridEdge = 4, ncells = 59728
RebuildHierarchy[4]: Flagged 103/180 grids. 6154 flagged cells
LoadBalance: Number of grids moved = 107 out of 107 (0.00222281 seconds elapsed)
DetermineSGSize: MaxSubgridSize = 2000, MinSubgridEdge = 4, ncells = 59728
RebuildHierarchy[5]: Flagged 0/107 grids. 0 flagged cells
Level[3]: dt = 0.00646677  0.00646677 (0.0129219/0.0141811)
Level[4]: dt = 0.00303681  0.00303681 (0.00303681/0.00646677)
Level[5]: dt = 0.00142697  0.00142697 (0.00142697/0.00303681)
RebuildHierarchy: level = 5
TransferSubgridParticles[5]: Moved 2 particles, 0 stars, 0 active particles.
DetermineSGSize: MaxSubgridSize = 2000, MinSubgridEdge = 4, ncells = 59424
RebuildHierarchy[5]: Flagged 0/107 grids. 0 flagged cells
Level[5]: dt = 0.00143034  0.00143034 (0.00285731/0.00303681)
RebuildHierarchy: level = 5
TransferSubgridParticles[5]: Moved 1 particles, 0 stars, 0 active particles.
DetermineSGSize: MaxSubgridSize = 2000, MinSubgridEdge = 4, ncells = 59424
RebuildHierarchy[5]: Flagged 0/107 grids. 0 flagged cells
Level[5]: dt = 0.000179505  0.00143361 (0.00303681/0.00303681)
EvolveLevel[5]: NumberOfSubCycles = 3 (1048 total, 3 sub)
RebuildHierarchy: level = 4
TransferSubgridParticles[4]: Moved 2 particles, 0 stars, 0 active particles.
DetermineSGSize: MaxSubgridSize = 2000, MinSubgridEdge = 4, ncells = 59424
RebuildHierarchy[4]: Flagged 104/180 grids. 6184 flagged cells
LoadBalance: Number of grids moved = 108 out of 108 (0.00240719 seconds elapsed)
DetermineSGSize: MaxSubgridSize = 2000, MinSubgridEdge = 4, ncells = 59424
RebuildHierarchy[5]: Flagged 0/108 grids. 0 flagged cells
Level[4]: dt = 0.00301792  0.00301792 (0.00605473/0.00646677)
Level[5]: dt = 0.00143398  0.00143398 (0.00143398/0.00301792)
RebuildHierarchy: level = 5
TransferSubgridParticles[5]: Moved 3 particles, 0 stars, 0 active particles.
DetermineSGSize: MaxSubgridSize = 2000, MinSubgridEdge = 4, ncells = 59664
RebuildHierarchy[5]: Flagged 0/108 grids. 0 flagged cells
Level[5]: dt = 0.00143702  0.00143702 (0.002871/0.00301792)
RebuildHierarchy: level = 5
TransferSubgridParticles[5]: Moved 1 particles, 0 stars, 0 active particles.
DetermineSGSize: MaxSubgridSize = 2000, MinSubgridEdge = 4, ncells = 59664
RebuildHierarchy[5]: Flagged 0/108 grids. 0 flagged cells
Level[5]: dt = 0.000146923  0.00144002 (0.00301792/0.00301792)
EvolveLevel[5]: NumberOfSubCycles = 3 (1051 total, 3 sub)
Level[4]: dt = 0.00041204  0.00301308 (0.00646677/0.00646677)
Level[5]: dt = 0.00041204  0.0014403 (0.00041204/0.00041204)
EvolveLevel[5]: NumberOfSubCycles = 1 (1052 total, 1 sub)
EvolveLevel[4]: NumberOfSubCycles = 3 (490 total, 3 sub)
Level[3]: dt = 0.00125919  0.00647872 (0.0141811/0.0141811)
Level[4]: dt = 0.00125919  0.00301321 (0.00125919/0.00125919)
Level[5]: dt = 0.00125919  0.0014411 (0.00125919/0.00125919)
EvolveLevel[5]: NumberOfSubCycles = 1 (1053 total, 1 sub)
EvolveLevel[4]: NumberOfSubCycles = 1 (491 total, 1 sub)
EvolveLevel[3]: NumberOfSubCycles = 3 (227 total, 3 sub)
Level[2]: dt = 0.00187616  0.0141973 (0.0302221/0.0302221)
Level[3]: dt = 0.00187616  0.00648109 (0.00187616/0.00187616)
Level[4]: dt = 0.00187616  0.00301446 (0.00187616/0.00187616)
Level[5]: dt = 0.00144366  0.00144366 (0.00144366/0.00187616)
RebuildHierarchy: level = 5
TransferSubgridParticles[5]: Moved 1 particles, 0 stars, 0 active particles.
DetermineSGSize: MaxSubgridSize = 2000, MinSubgridEdge = 4, ncells = 59664
RebuildHierarchy[5]: Flagged 0/108 grids. 0 flagged cells
Level[5]: dt = 0.000432505  0.0014464 (0.00187616/0.00187616)
EvolveLevel[5]: NumberOfSubCycles = 2 (1055 total, 2 sub)
EvolveLevel[4]: NumberOfSubCycles = 1 (492 total, 1 sub)
EvolveLevel[3]: NumberOfSubCycles = 1 (228 total, 1 sub)
EvolveLevel[2]: NumberOfSubCycles = 3 (104 total, 3 sub)
RebuildHierarchy: level = 1
TransferSubgridParticles[1]: Moved 11673 particles, 0 stars, 0 active particles.
DetermineSGSize: MaxSubgridSize = 2000, MinSubgridEdge = 4, ncells = 1635216
RebuildHierarchy[1]: Flagged 1096/9384 grids. 111019 flagged cells
LoadBalance: Number of grids moved = 1619 out of 1633 (0.00684678 seconds elapsed)
DetermineSGSize: MaxSubgridSize = 2000, MinSubgridEdge = 4, ncells = 355272
RebuildHierarchy[2]: Flagged 448/1633 grids. 28135 flagged cells
LoadBalance: Number of grids moved = 528 out of 531 (0.00250675 seconds elapsed)
DetermineSGSize: MaxSubgridSize = 2000, MinSubgridEdge = 4, ncells = 79528
RebuildHierarchy[3]: Flagged 185/531 grids. 8033 flagged cells
LoadBalance: Number of grids moved = 186 out of 187 (8.96975e-05 seconds elapsed)
DetermineSGSize: MaxSubgridSize = 2000, MinSubgridEdge = 4, ncells = 59664
RebuildHierarchy[4]: Flagged 103/187 grids. 6229 flagged cells
LoadBalance: Number of grids moved = 107 out of 107 (0.00235932 seconds elapsed)
DetermineSGSize: MaxSubgridSize = 2000, MinSubgridEdge = 4, ncells = 59664
RebuildHierarchy[5]: Flagged 0/107 grids. 0 flagged cells
Level[1]: dt = 0.0302538  0.0302538 (0.0604759/0.0650982)
Level[2]: dt = 0.0141995  0.0141995 (0.0141995/0.0302538)
Level[3]: dt = 0.00648469  0.00648469 (0.00648469/0.0141995)
Level[4]: dt = 0.00301798  0.00301798 (0.00301798/0.00648469)
Level[5]: dt = 0.00144672  0.00144672 (0.00144672/0.00301798)
RebuildHierarchy: level = 5
TransferSubgridParticles[5]: Moved 0 particles, 0 stars, 0 active particles.
DetermineSGSize: MaxSubgridSize = 2000, MinSubgridEdge = 4, ncells = 60440
RebuildHierarchy[5]: Flagged 0/107 grids. 0 flagged cells
Level[5]: dt = 0.0014437  0.0014437 (0.00289043/0.00301798)
RebuildHierarchy: level = 5
TransferSubgridParticles[5]: Moved 1 particles, 0 stars, 0 active particles.
DetermineSGSize: MaxSubgridSize = 2000, MinSubgridEdge = 4, ncells = 60440
RebuildHierarchy[5]: Flagged 0/107 grids. 0 flagged cells
Level[5]: dt = 0.000127552  0.00144137 (0.00301798/0.00301798)
EvolveLevel[5]: NumberOfSubCycles = 3 (1058 total, 3 sub)
RebuildHierarchy: level = 4
TransferSubgridParticles[4]: Moved 6 particles, 0 stars, 0 active particles.
DetermineSGSize: MaxSubgridSize = 2000, MinSubgridEdge = 4, ncells = 60440
RebuildHierarchy[4]: Flagged 103/187 grids. 6263 flagged cells
LoadBalance: Number of grids moved = 107 out of 107 (0.00236768 seconds elapsed)
DetermineSGSize: MaxSubgridSize = 2000, MinSubgridEdge = 4, ncells = 60440
RebuildHierarchy[5]: Flagged 0/107 grids. 0 flagged cells
Level[4]: dt = 0.00302592  0.00302592 (0.0060439/0.00648469)
Level[5]: dt = 0.00144118  0.00144118 (0.00144118/0.00302592)
RebuildHierarchy: level = 5
TransferSubgridParticles[5]: Moved 3 particles, 0 stars, 0 active particles.
DetermineSGSize: MaxSubgridSize = 2000, MinSubgridEdge = 4, ncells = 60984
RebuildHierarchy[5]: Flagged 0/107 grids. 0 flagged cells
Level[5]: dt = 0.00143933  0.00143933 (0.00288051/0.00302592)
RebuildHierarchy: level = 5
TransferSubgridParticles[5]: Moved 1 particles, 0 stars, 0 active particles.
DetermineSGSize: MaxSubgridSize = 2000, MinSubgridEdge = 4, ncells = 60984
RebuildHierarchy[5]: Flagged 0/107 grids. 0 flagged cells
Level[5]: dt = 0.000145413  0.00143825 (0.00302592/0.00302592)
EvolveLevel[5]: NumberOfSubCycles = 3 (1061 total, 3 sub)
Level[4]: dt = 0.000440795  0.003035 (0.00648469/0.00648469)
Level[5]: dt = 0.000440795  0.00143816 (0.000440795/0.000440795)
EvolveLevel[5]: NumberOfSubCycles = 1 (1062 total, 1 sub)
EvolveLevel[4]: NumberOfSubCycles = 3 (495 total, 3 sub)
RebuildHierarchy: level = 3
TransferSubgridParticles[3]: Moved 44 particles, 0 stars, 0 active particles.
DetermineSGSize: MaxSubgridSize = 2000, MinSubgridEdge = 4, ncells = 79736
RebuildHierarchy[3]: Flagged 186/531 grids. 8075 flagged cells
LoadBalance: Number of grids moved = 187 out of 188 (8.47504e-05 seconds elapsed)
DetermineSGSize: MaxSubgridSize = 2000, MinSubgridEdge = 4, ncells = 60984
RebuildHierarchy[4]: Flagged 104/188 grids. 6281 flagged cells
LoadBalance: Number of grids moved = 108 out of 108 (0.002495 seconds elapsed)
DetermineSGSize: MaxSubgridSize = 2000, MinSubgridEdge = 4, ncells = 60984
RebuildHierarchy[5]: Flagged 0/108 grids. 0 flagged cells
Level[3]: dt = 0.00649735  0.00649735 (0.012982/0.0141995)
Level[4]: dt = 0.00303634  0.00303634 (0.00303634/0.00649735)
Level[5]: dt = 0.00143792  0.00143792 (0.00143792/0.00303634)
RebuildHierarchy: level = 5
TransferSubgridParticles[5]: Moved 1 particles, 0 stars, 0 active particles.
DetermineSGSize: MaxSubgridSize = 2000, MinSubgridEdge = 4, ncells = 61040
RebuildHierarchy[5]: Flagged 0/108 grids. 0 flagged cells
Level[5]: dt = 0.00143764  0.00143764 (0.00287556/0.00303634)
RebuildHierarchy: level = 5
TransferSubgridParticles[5]: Moved 0 particles, 0 stars, 0 active particles.
DetermineSGSize: MaxSubgridSize = 2000, MinSubgridEdge = 4, ncells = 61040
RebuildHierarchy[5]: Flagged 0/108 grids. 0 flagged cells
Level[5]: dt = 0.000160783  0.00143785 (0.00303634/0.00303634)
EvolveLevel[5]: NumberOfSubCycles = 3 (1065 total, 3 sub)
RebuildHierarchy: level = 4
TransferSubgridParticles[4]: Moved 4 particles, 0 stars, 0 active particles.
DetermineSGSize: MaxSubgridSize = 2000, MinSubgridEdge = 4, ncells = 61040
RebuildHierarchy[4]: Flagged 104/188 grids. 6280 flagged cells
LoadBalance: Number of grids moved = 108 out of 108 (0.00245846 seconds elapsed)
DetermineSGSize: MaxSubgridSize = 2000, MinSubgridEdge = 4, ncells = 61040
RebuildHierarchy[5]: Flagged 0/108 grids. 0 flagged cells
Level[4]: dt = 0.00304545  0.00304545 (0.00608179/0.00649735)
Level[5]: dt = 0.00143789  0.00143789 (0.00143789/0.00304545)
RebuildHierarchy: level = 5
TransferSubgridParticles[5]: Moved 1 particles, 0 stars, 0 active particles.
DetermineSGSize: MaxSubgridSize = 2000, MinSubgridEdge = 4, ncells = 61128
RebuildHierarchy[5]: Flagged 0/108 grids. 0 flagged cells
Level[5]: dt = 0.00143863  0.00143863 (0.00287651/0.00304545)
RebuildHierarchy: level = 5
TransferSubgridParticles[5]: Moved 1 particles, 0 stars, 0 active particles.
DetermineSGSize: MaxSubgridSize = 2000, MinSubgridEdge = 4, ncells = 61128
RebuildHierarchy[5]: Flagged 0/108 grids. 0 flagged cells
Level[5]: dt = 0.000168939  0.00143672 (0.00304545/0.00304545)
EvolveLevel[5]: NumberOfSubCycles = 3 (1068 total, 3 sub)
Level[4]: dt = 0.000415553  0.00305346 (0.00649735/0.00649735)
Level[5]: dt = 0.000415553  0.00143635 (0.000415553/0.000415553)
EvolveLevel[5]: NumberOfSubCycles = 1 (1069 total, 1 sub)
EvolveLevel[4]: NumberOfSubCycles = 3 (498 total, 3 sub)
Level[3]: dt = 0.00121746  0.00651025 (0.0141995/0.0141995)
Level[4]: dt = 0.00121746  0.00304972 (0.00121746/0.00121746)
Level[5]: dt = 0.00121746  0.00143545 (0.00121746/0.00121746)
EvolveLevel[5]: NumberOfSubCycles = 1 (1070 total, 1 sub)
EvolveLevel[4]: NumberOfSubCycles = 1 (499 total, 1 sub)
EvolveLevel[3]: NumberOfSubCycles = 3 (231 total, 3 sub)
RebuildHierarchy: level = 2
TransferSubgridParticles[2]: Moved 306 particles, 0 stars, 0 active particles.
DetermineSGSize: MaxSubgridSize = 2000, MinSubgridEdge = 4, ncells = 356400
RebuildHierarchy[2]: Flagged 446/1633 grids. 28173 flagged cells
LoadBalance: Number of grids moved = 526 out of 529 (0.00237311 seconds elapsed)
DetermineSGSize: MaxSubgridSize = 2000, MinSubgridEdge = 4, ncells = 81096
RebuildHierarchy[3]: Flagged 186/529 grids. 8066 flagged cells
LoadBalance: Number of grids moved = 187 out of 188 (9.01222e-05 seconds elapsed)
DetermineSGSize: MaxSubgridSize = 2000, MinSubgridEdge = 4, ncells = 61128
RebuildHierarchy[4]: Flagged 106/188 grids. 6325 flagged cells
LoadBalance: Number of grids moved = 110 out of 110 (0.00263333 seconds elapsed)
DetermineSGSize: MaxSubgridSize = 2000, MinSubgridEdge = 4, ncells = 61128
RebuildHierarchy[5]: Flagged 0/110 grids. 0 flagged cells
Level[2]: dt = 0.0142163  0.0142163 (0.0284158/0.0302538)
Level[3]: dt = 0.0065126  0.0065126 (0.0065126/0.0142163)
Level[4]: dt = 0.00303416  0.00303416 (0.00303416/0.0065126)
Level[5]: dt = 0.00143286  0.00143286 (0.00143286/0.00303416)
RebuildHierarchy: level = 5
TransferSubgridParticles[5]: Moved 3 particles, 0 stars, 0 active particles.
DetermineSGSize: MaxSubgridSize = 2000, MinSubgridEdge = 4, ncells = 61816
RebuildHierarchy[5]: Flagged 0/110 grids. 0 flagged cells
Level[5]: dt = 0.00143002  0.00143002 (0.00286288/0.00303416)
RebuildHierarchy: level = 5
TransferSubgridParticles[5]: Moved 1 particles, 0 stars, 0 active particles.
DetermineSGSize: MaxSubgridSize = 2000, MinSubgridEdge = 4, ncells = 61816
RebuildHierarchy[5]: Flagged 0/110 grids. 0 flagged cells
Level[5]: dt = 0.000171285  0.00142734 (0.00303416/0.00303416)
EvolveLevel[5]: NumberOfSubCycles = 3 (1073 total, 3 sub)
RebuildHierarchy: level = 4
TransferSubgridParticles[4]: Moved 12 particles, 0 stars, 0 active particles.
DetermineSGSize: MaxSubgridSize = 2000, MinSubgridEdge = 4, ncells = 61816
RebuildHierarchy[4]: Flagged 106/188 grids. 6340 flagged cells
LoadBalance: Number of grids moved = 110 out of 110 (0.00242702 seconds elapsed)
DetermineSGSize: MaxSubgridSize = 2000, MinSubgridEdge = 4, ncells = 61816
RebuildHierarchy[5]: Flagged 0/110 grids. 0 flagged cells
Level[4]: dt = 0.00299831  0.00299831 (0.00603247/0.0065126)
Level[5]: dt = 0.00142703  0.00142703 (0.00142703/0.00299831)
RebuildHierarchy: level = 5
TransferSubgridParticles[5]: Moved 1 particles, 0 stars, 0 active particles.
DetermineSGSize: MaxSubgridSize = 2000, MinSubgridEdge = 4, ncells = 61848
RebuildHierarchy[5]: Flagged 0/110 grids. 0 flagged cells
Level[5]: dt = 0.00142471  0.00142471 (0.00285174/0.00299831)
RebuildHierarchy: level = 5
TransferSubgridParticles[5]: Moved 1 particles, 0 stars, 0 active particles.
DetermineSGSize: MaxSubgridSize = 2000, MinSubgridEdge = 4, ncells = 61848
RebuildHierarchy[5]: Flagged 0/110 grids. 0 flagged cells
Level[5]: dt = 0.000146568  0.00142297 (0.00299831/0.00299831)
EvolveLevel[5]: NumberOfSubCycles = 3 (1076 total, 3 sub)
Level[4]: dt = 0.000480132  0.0029726 (0.0065126/0.0065126)
Level[5]: dt = 0.000480132  0.00142282 (0.000480132/0.000480132)
EvolveLevel[5]: NumberOfSubCycles = 1 (1077 total, 1 sub)
EvolveLevel[4]: NumberOfSubCycles = 3 (502 total, 3 sub)
RebuildHierarchy: level = 3
TransferSubgridParticles[3]: Moved 57 particles, 0 stars, 0 active particles.
DetermineSGSize: MaxSubgridSize = 2000, MinSubgridEdge = 4, ncells = 80784
RebuildHierarchy[3]: Flagged 185/529 grids. 8061 flagged cells
LoadBalance: Number of grids moved = 186 out of 187 (8.27722e-05 seconds elapsed)
DetermineSGSize: MaxSubgridSize = 2000, MinSubgridEdge = 4, ncells = 61848
RebuildHierarchy[4]: Flagged 105/187 grids. 6315 flagged cells
LoadBalance: Number of grids moved = 109 out of 109 (0.00256854 seconds elapsed)
DetermineSGSize: MaxSubgridSize = 2000, MinSubgridEdge = 4, ncells = 61848
RebuildHierarchy[5]: Flagged 0/109 grids. 0 flagged cells
Level[3]: dt = 0.00652497  0.00652497 (0.0130376/0.0142163)
Level[4]: dt = 0.00296968  0.00296968 (0.00296968/0.00652497)
Level[5]: dt = 0.00142239  0.00142239 (0.00142239/0.00296968)
RebuildHierarchy: level = 5
TransferSubgridParticles[5]: Moved 3 particles, 0 stars, 0 active particles.
DetermineSGSize: MaxSubgridSize = 2000, MinSubgridEdge = 4, ncells = 61720
RebuildHierarchy[5]: Flagged 0/109 grids. 0 flagged cells
Level[5]: dt = 0.00142157  0.00142157 (0.00284396/0.00296968)
RebuildHierarchy: level = 5
TransferSubgridParticles[5]: Moved 4 particles, 0 stars, 0 active particles.
DetermineSGSize: MaxSubgridSize = 2000, MinSubgridEdge = 4, ncells = 61720
RebuildHierarchy[5]: Flagged 0/109 grids. 0 flagged cells
Level[5]: dt = 0.000125715  0.00142144 (0.00296968/0.00296968)
EvolveLevel[5]: NumberOfSubCycles = 3 (1080 total, 3 sub)
RebuildHierarchy: level = 4
TransferSubgridParticles[4]: Moved 10 particles, 0 stars, 0 active particles.
DetermineSGSize: MaxSubgridSize = 2000, MinSubgridEdge = 4, ncells = 61720
RebuildHierarchy[4]: Flagged 106/187 grids. 6328 flagged cells
LoadBalance: Number of grids moved = 110 out of 110 (0.00229782 seconds elapsed)
DetermineSGSize: MaxSubgridSize = 2000, MinSubgridEdge = 4, ncells = 61720
RebuildHierarchy[5]: Flagged 0/110 grids. 0 flagged cells
Level[4]: dt = 0.00295415  0.00295415 (0.00592383/0.00652497)
Level[5]: dt = 0.00142144  0.00142144 (0.00142144/0.00295415)
RebuildHierarchy: level = 5
TransferSubgridParticles[5]: Moved 0 particles, 0 stars, 0 active particles.
DetermineSGSize: MaxSubgridSize = 2000, MinSubgridEdge = 4, ncells = 61600
RebuildHierarchy[5]: Flagged 0/110 grids. 0 flagged cells
Level[5]: dt = 0.00142186  0.00142186 (0.0028433/0.00295415)
RebuildHierarchy: level = 5
TransferSubgridParticles[5]: Moved 0 particles, 0 stars, 0 active particles.
DetermineSGSize: MaxSubgridSize = 2000, MinSubgridEdge = 4, ncells = 61600
RebuildHierarchy[5]: Flagged 0/110 grids. 0 flagged cells
Level[5]: dt = 0.000110854  0.00142258 (0.00295415/0.00295415)
EvolveLevel[5]: NumberOfSubCycles = 3 (1083 total, 3 sub)
Level[4]: dt = 0.000601143  0.00294486 (0.00652497/0.00652497)
Level[5]: dt = 0.000601143  0.00142264 (0.000601143/0.000601143)
EvolveLevel[5]: NumberOfSubCycles = 1 (1084 total, 1 sub)
EvolveLevel[4]: NumberOfSubCycles = 3 (505 total, 3 sub)
Level[3]: dt = 0.00117869  0.00653672 (0.0142163/0.0142163)
Level[4]: dt = 0.00117869  0.00294355 (0.00117869/0.00117869)
Level[5]: dt = 0.00117869  0.00142305 (0.00117869/0.00117869)
EvolveLevel[5]: NumberOfSubCycles = 1 (1085 total, 1 sub)
EvolveLevel[4]: NumberOfSubCycles = 1 (506 total, 1 sub)
EvolveLevel[3]: NumberOfSubCycles = 3 (234 total, 3 sub)
Level[2]: dt = 0.00183803  0.0142337 (0.0302538/0.0302538)
Level[3]: dt = 0.00183803  0.00653876 (0.00183803/0.00183803)
Level[4]: dt = 0.00183803  0.00294174 (0.00183803/0.00183803)
Level[5]: dt = 0.00142397  0.00142397 (0.00142397/0.00183803)
RebuildHierarchy: level = 5
TransferSubgridParticles[5]: Moved 5 particles, 0 stars, 0 active particles.
DetermineSGSize: MaxSubgridSize = 2000, MinSubgridEdge = 4, ncells = 61600
RebuildHierarchy[5]: Flagged 0/110 grids. 0 flagged cells
Level[5]: dt = 0.000414056  0.00142523 (0.00183803/0.00183803)
EvolveLevel[5]: NumberOfSubCycles = 2 (1087 total, 2 sub)
EvolveLevel[4]: NumberOfSubCycles = 1 (507 total, 1 sub)
EvolveLevel[3]: NumberOfSubCycles = 1 (235 total, 1 sub)
EvolveLevel[2]: NumberOfSubCycles = 3 (107 total, 3 sub)
Level[1]: dt = 0.00462225  0.0302973 (0.0650982/0.0650982)
Level[2]: dt = 0.00462225  0.014236 (0.00462225/0.00462225)
Level[3]: dt = 0.00462225  0.00654188 (0.00462225/0.00462225)
Level[4]: dt = 0.00294036  0.00294036 (0.00294036/0.00462225)
Level[5]: dt = 0.00142564  0.00142564 (0.00142564/0.00294036)
RebuildHierarchy: level = 5
TransferSubgridParticles[5]: Moved 4 particles, 0 stars, 0 active particles.
DetermineSGSize: MaxSubgridSize = 2000, MinSubgridEdge = 4, ncells = 61600
RebuildHierarchy[5]: Flagged 0/110 grids. 0 flagged cells
Level[5]: dt = 0.00142733  0.00142733 (0.00285297/0.00294036)
RebuildHierarchy: level = 5
TransferSubgridParticles[5]: Moved 3 particles, 0 stars, 0 active particles.
DetermineSGSize: MaxSubgridSize = 2000, MinSubgridEdge = 4, ncells = 61600
RebuildHierarchy[5]: Flagged 0/110 grids. 0 flagged cells
Level[5]: dt = 8.73858e-05  0.00142934 (0.00294036/0.00294036)
EvolveLevel[5]: NumberOfSubCycles = 3 (1090 total, 3 sub)
RebuildHierarchy: level = 4
TransferSubgridParticles[4]: Moved 17 particles, 0 stars, 0 active particles.
DetermineSGSize: MaxSubgridSize = 2000, MinSubgridEdge = 4, ncells = 61600
RebuildHierarchy[4]: Flagged 105/187 grids. 6232 flagged cells
LoadBalance: Number of grids moved = 109 out of 109 (0.00246224 seconds elapsed)
DetermineSGSize: MaxSubgridSize = 2000, MinSubgridEdge = 4, ncells = 61600
RebuildHierarchy[5]: Flagged 0/109 grids. 0 flagged cells
Level[4]: dt = 0.00168189  0.00294024 (0.00462225/0.00462225)
Level[5]: dt = 0.00142948  0.00142948 (0.00142948/0.00168189)
RebuildHierarchy: level = 5
TransferSubgridParticles[5]: Moved 3 particles, 0 stars, 0 active particles.
DetermineSGSize: MaxSubgridSize = 2000, MinSubgridEdge = 4, ncells = 60248
RebuildHierarchy[5]: Flagged 0/109 grids. 0 flagged cells
Level[5]: dt = 0.000252414  0.0014316 (0.00168189/0.00168189)
EvolveLevel[5]: NumberOfSubCycles = 2 (1092 total, 2 sub)
EvolveLevel[4]: NumberOfSubCycles = 2 (509 total, 2 sub)
EvolveLevel[3]: NumberOfSubCycles = 1 (236 total, 1 sub)
EvolveLevel[2]: NumberOfSubCycles = 1 (108 total, 1 sub)
EvolveLevel[1]: NumberOfSubCycles = 3 (46 total, 3 sub)
EvolveLevel[0]: NumberOfSubCycles = 1 (16 total, 16 sub)
RebuildHierarchy: level = 0
CommunicationTransferParticles: moved = 344179
CommunicationTransferStars: moved = 0
CommunicationTransferActiveParticles: moved = 0
DetermineSGSize: MaxSubgridSize = 2000, MinSubgridEdge = 4, ncells = 13861288
RebuildHierarchy[0]: Flagged 762/1120 grids. 876531 flagged cells
LoadBalance: Number of grids moved = 9612 out of 9658 (0.0657878 seconds elapsed)
DetermineSGSize: MaxSubgridSize = 2000, MinSubgridEdge = 4, ncells = 1660000
RebuildHierarchy[1]: Flagged 1069/9658 grids. 111403 flagged cells
LoadBalance: Number of grids moved = 1597 out of 1620 (0.00664332 seconds elapsed)
DetermineSGSize: MaxSubgridSize = 2000, MinSubgridEdge = 4, ncells = 357776
RebuildHierarchy[2]: Flagged 442/1620 grids. 28233 flagged cells
LoadBalance: Number of grids moved = 515 out of 521 (0.00256399 seconds elapsed)
DetermineSGSize: MaxSubgridSize = 2000, MinSubgridEdge = 4, ncells = 80768
RebuildHierarchy[3]: Flagged 174/521 grids. 8091 flagged cells
LoadBalance: Number of grids moved = 175 out of 176 (7.90805e-05 seconds elapsed)
DetermineSGSize: MaxSubgridSize = 2000, MinSubgridEdge = 4, ncells = 60248
RebuildHierarchy[4]: Flagged 100/176 grids. 6239 flagged cells
LoadBalance: Number of grids moved = 104 out of 104 (0.00256293 seconds elapsed)
DetermineSGSize: MaxSubgridSize = 2000, MinSubgridEdge = 4, ncells = 60248
RebuildHierarchy[5]: Flagged 0/104 grids. 0 flagged cells
CPUTime-output: Frac = 0.999991, Current = 1760.1 (1759.05), Stop = 2592000.000000, Last = 24.0098
[YT_INFO   ] Setting YT parameters ...
[YT_INFO   ] Setting YT parameters ... done.
[YT_INFO   ] Getting pointer to particle list information ...
[YT_INFO   ] Getting pointer to particle list information  ... done.
[YT_INFO   ] Getting pointer to field list information ...
[YT_INFO   ] Getting pointer to field list information  ... done.
[YT_INFO   ] Getting pointer to local grids information ...
[YT_INFO   ] Getting pointer to local grids information  ... done.
[YT_INFO   ] Loading full hierarchy and local data to libyt ...
[YT_INFO   ] Loading full hierarchy and local data ... done.
[YT_INFO   ] Performing YT inline analysis yt_inline_func() ...
[YT_INFO   ] Performing YT inline analysis yt_inline_func() ... done.
Level[0]: dt = 0.0651806  0.0651806 (0.0651806/0.0651806)
PrepareGreens: Start = 0 0 36  Dim = 32 52 38
PrepareGreens: Start = 0 0 0  Dim = 32 52 36
Level[1]: dt = 0.030305  0.030305 (0.030305/0.0651806)
Level[2]: dt = 0.0142418  0.0142418 (0.0142418/0.030305)

===================================================================================
=   BAD TERMINATION OF ONE OF YOUR APPLICATION PROCESSES
=   RANK 378 PID 283741 RUNNING AT c169-153
=   KILLED BY SIGNAL: 9 (Killed)
===================================================================================

===================================================================================
=   BAD TERMINATION OF ONE OF YOUR APPLICATION PROCESSES
=   RANK 379 PID 283742 RUNNING AT c169-153
=   KILLED BY SIGNAL: 9 (Killed)
===================================================================================

===================================================================================
=   BAD TERMINATION OF ONE OF YOUR APPLICATION PROCESSES
=   RANK 380 PID 283743 RUNNING AT c169-153
=   KILLED BY SIGNAL: 9 (Killed)
===================================================================================

===================================================================================
=   BAD TERMINATION OF ONE OF YOUR APPLICATION PROCESSES
=   RANK 381 PID 283744 RUNNING AT c169-153
=   KILLED BY SIGNAL: 9 (Killed)
===================================================================================

===================================================================================
=   BAD TERMINATION OF ONE OF YOUR APPLICATION PROCESSES
=   RANK 382 PID 283745 RUNNING AT c169-153
=   KILLED BY SIGNAL: 9 (Killed)
===================================================================================

===================================================================================
=   BAD TERMINATION OF ONE OF YOUR APPLICATION PROCESSES
=   RANK 383 PID 283746 RUNNING AT c169-153
=   KILLED BY SIGNAL: 9 (Killed)
===================================================================================

===================================================================================
=   BAD TERMINATION OF ONE OF YOUR APPLICATION PROCESSES
=   RANK 384 PID 283747 RUNNING AT c169-153
=   KILLED BY SIGNAL: 9 (Killed)
===================================================================================

===================================================================================
=   BAD TERMINATION OF ONE OF YOUR APPLICATION PROCESSES
=   RANK 385 PID 283748 RUNNING AT c169-153
=   KILLED BY SIGNAL: 9 (Killed)
===================================================================================

===================================================================================
=   BAD TERMINATION OF ONE OF YOUR APPLICATION PROCESSES
=   RANK 386 PID 283749 RUNNING AT c169-153
=   KILLED BY SIGNAL: 9 (Killed)
===================================================================================

===================================================================================
=   BAD TERMINATION OF ONE OF YOUR APPLICATION PROCESSES
=   RANK 387 PID 283750 RUNNING AT c169-153
=   KILLED BY SIGNAL: 6 (Aborted)
===================================================================================

===================================================================================
=   BAD TERMINATION OF ONE OF YOUR APPLICATION PROCESSES
=   RANK 388 PID 283751 RUNNING AT c169-153
=   KILLED BY SIGNAL: 9 (Killed)
===================================================================================

===================================================================================
=   BAD TERMINATION OF ONE OF YOUR APPLICATION PROCESSES
=   RANK 389 PID 283752 RUNNING AT c169-153
=   KILLED BY SIGNAL: 9 (Killed)
===================================================================================

===================================================================================
=   BAD TERMINATION OF ONE OF YOUR APPLICATION PROCESSES
=   RANK 390 PID 283753 RUNNING AT c169-153
=   KILLED BY SIGNAL: 9 (Killed)
===================================================================================

===================================================================================
=   BAD TERMINATION OF ONE OF YOUR APPLICATION PROCESSES
=   RANK 391 PID 283754 RUNNING AT c169-153
=   KILLED BY SIGNAL: 9 (Killed)
===================================================================================
TACC:  MPI job exited with code: 255 
TACC:  Shutdown complete. Exiting. 
=== Done ===
