
The following have been reloaded with a version change:
  1) intel/19.0.5 => intel/19.1.1

warning: the following parameter line was not interpreted:
use_grackle                 = 1
warning: the following parameter line was not interpreted:
with_radiative_cooling      = 1
warning: the following parameter line was not interpreted:
use_volumetric_heating_rate = 0
warning: the following parameter line was not interpreted:
use_specific_heating_rate   = 0
warning: the following parameter line was not interpreted:
self_shielding_method       = 1
warning: the following parameter line was not interpreted:
H2_self_shielding           = 0
warning: the following parameter line was not interpreted:
UVbackground                = 1
warning: the following parameter line was not interpreted:
Compton_xray_heating        = 0
warning: the following parameter line was not interpreted:
LWbackground_intensity      = 0.000000
warning: the following parameter line was not interpreted:
LWbackground_sawtooth_suppression = 0
warning: the following parameter line was not interpreted:
dust_chemistry              = 0
warning: the following parameter line was not interpreted:
local_dust_to_gas_ratio     = 0.009387
warning: the following parameter line was not interpreted:
use_isrf_field              = 0
warning: the following parameter line was not interpreted:
use_dust_density_field      = 0
Output to Global Dir .
Successfully read ParameterFile z_0015/z_0015.
yt : [INFO     ] 2026-07-30 23:26:03,111 Global parallel computation enabled: 374 / 560
yt : [INFO     ] 2026-07-30 23:26:03,111 Global parallel computation enabled: 375 / 560
yt : [INFO     ] 2026-07-30 23:26:03,112 Global parallel computation enabled: 47 / 560
yt : [INFO     ] 2026-07-30 23:26:03,111 Global parallel computation enabled: 377 / 560
yt : [INFO     ] 2026-07-30 23:26:03,112 Global parallel computation enabled: 31 / 560
yt : [INFO     ] 2026-07-30 23:26:03,112 Global parallel computation enabled: 155 / 560
yt : [INFO     ] 2026-07-30 23:26:03,112 Global parallel computation enabled: 270 / 560
yt : [INFO     ] 2026-07-30 23:26:03,112 Global parallel computation enabled: 49 / 560
yt : [INFO     ] 2026-07-30 23:26:03,111 Global parallel computation enabled: 364 / 560
yt : [INFO     ] 2026-07-30 23:26:03,112 Global parallel computation enabled: 533 / 560
yt : [INFO     ] 2026-07-30 23:26:03,112 Global parallel computation enabled: 481 / 560
yt : [INFO     ] 2026-07-30 23:26:03,112 Global parallel computation enabled: 11 / 560
yt : [INFO     ] 2026-07-30 23:26:03,111 Global parallel computation enabled: 323 / 560
yt : [INFO     ] 2026-07-30 23:26:03,105 Global parallel computation enabled: 168 / 560
yt : [INFO     ] 2026-07-30 23:26:03,111 Global parallel computation enabled: 462 / 560
yt : [INFO     ] 2026-07-30 23:26:03,112 Global parallel computation enabled: 158 / 560
yt : [INFO     ] 2026-07-30 23:26:03,112 Global parallel computation enabled: 50 / 560
yt : [INFO     ] 2026-07-30 23:26:03,111 Global parallel computation enabled: 365 / 560
yt : [INFO     ] 2026-07-30 23:26:03,111 Global parallel computation enabled: 226 / 560
yt : [INFO     ] 2026-07-30 23:26:03,112 Global parallel computation enabled: 535 / 560
yt : [INFO     ] 2026-07-30 23:26:03,112 Global parallel computation enabled: 482 / 560
yt : [INFO     ] 2026-07-30 23:26:03,112 Global parallel computation enabled: 98 / 560
yt : [INFO     ] 2026-07-30 23:26:03,112 Global parallel computation enabled: 34 / 560
yt : [INFO     ] 2026-07-30 23:26:03,111 Global parallel computation enabled: 325 / 560
yt : [INFO     ] 2026-07-30 23:26:03,105 Global parallel computation enabled: 170 / 560
yt : [INFO     ] 2026-07-30 23:26:03,111 Global parallel computation enabled: 406 / 560
yt : [INFO     ] 2026-07-30 23:26:03,111 Global parallel computation enabled: 463 / 560
yt : [INFO     ] 2026-07-30 23:26:03,112 Global parallel computation enabled: 165 / 560
yt : [INFO     ] 2026-07-30 23:26:03,111 Global parallel computation enabled: 255 / 560
yt : [INFO     ] 2026-07-30 23:26:03,112 Global parallel computation enabled: 52 / 560
yt : [INFO     ] 2026-07-30 23:26:03,111 Global parallel computation enabled: 366 / 560
yt : [INFO     ] 2026-07-30 23:26:03,111 Global parallel computation enabled: 240 / 560
yt : [INFO     ] 2026-07-30 23:26:03,112 Global parallel computation enabled: 537 / 560
yt : [INFO     ] 2026-07-30 23:26:03,111 Global parallel computation enabled: 351 / 560
yt : [INFO     ] 2026-07-30 23:26:03,112 Global parallel computation enabled: 484 / 560
yt : [INFO     ] 2026-07-30 23:26:03,112 Global parallel computation enabled: 99 / 560
yt : [INFO     ] 2026-07-30 23:26:03,112 Global parallel computation enabled: 0 / 560
yt : [INFO     ] 2026-07-30 23:26:03,111 Global parallel computation enabled: 328 / 560
yt : [INFO     ] 2026-07-30 23:26:03,105 Global parallel computation enabled: 172 / 560
yt : [INFO     ] 2026-07-30 23:26:03,111 Global parallel computation enabled: 407 / 560
yt : [INFO     ] 2026-07-30 23:26:03,112 Global parallel computation enabled: 455 / 560
yt : [INFO     ] 2026-07-30 23:26:03,112 Global parallel computation enabled: 166 / 560
yt : [INFO     ] 2026-07-30 23:26:03,111 Global parallel computation enabled: 421 / 560
yt : [INFO     ] 2026-07-30 23:26:03,111 Global parallel computation enabled: 263 / 560
yt : [INFO     ] 2026-07-30 23:26:03,112 Global parallel computation enabled: 55 / 560
yt : [INFO     ] 2026-07-30 23:26:03,111 Global parallel computation enabled: 367 / 560
yt : [INFO     ] 2026-07-30 23:26:03,111 Global parallel computation enabled: 234 / 560
yt : [INFO     ] 2026-07-30 23:26:03,112 Global parallel computation enabled: 543 / 560
yt : [INFO     ] 2026-07-30 23:26:03,111 Global parallel computation enabled: 353 / 560
yt : [INFO     ] 2026-07-30 23:26:03,112 Global parallel computation enabled: 485 / 560
yt : [INFO     ] 2026-07-30 23:26:03,113 Global parallel computation enabled: 85 / 560
yt : [INFO     ] 2026-07-30 23:26:03,112 Global parallel computation enabled: 1 / 560
yt : [INFO     ] 2026-07-30 23:26:03,111 Global parallel computation enabled: 329 / 560
yt : [INFO     ] 2026-07-30 23:26:03,105 Global parallel computation enabled: 174 / 560
yt : [INFO     ] 2026-07-30 23:26:03,111 Global parallel computation enabled: 411 / 560
yt : [INFO     ] 2026-07-30 23:26:03,112 Global parallel computation enabled: 456 / 560
yt : [INFO     ] 2026-07-30 23:26:03,112 Global parallel computation enabled: 154 / 560
yt : [INFO     ] 2026-07-30 23:26:03,111 Global parallel computation enabled: 423 / 560
yt : [INFO     ] 2026-07-30 23:26:03,111 Global parallel computation enabled: 265 / 560
yt : [INFO     ] 2026-07-30 23:26:03,112 Global parallel computation enabled: 75 / 560
yt : [INFO     ] 2026-07-30 23:26:03,111 Global parallel computation enabled: 368 / 560
yt : [INFO     ] 2026-07-30 23:26:03,111 Global parallel computation enabled: 242 / 560
yt : [INFO     ] 2026-07-30 23:26:03,111 Global parallel computation enabled: 518 / 560
yt : [INFO     ] 2026-07-30 23:26:03,110 Global parallel computation enabled: 546 / 560
yt : [INFO     ] 2026-07-30 23:26:03,111 Global parallel computation enabled: 356 / 560
yt : [INFO     ] 2026-07-30 23:26:03,112 Global parallel computation enabled: 486 / 560
yt : [INFO     ] 2026-07-30 23:26:03,113 Global parallel computation enabled: 89 / 560
yt : [INFO     ] 2026-07-30 23:26:03,112 Global parallel computation enabled: 2 / 560
yt : [INFO     ] 2026-07-30 23:26:03,111 Global parallel computation enabled: 330 / 560
yt : [INFO     ] 2026-07-30 23:26:03,105 Global parallel computation enabled: 177 / 560
yt : [INFO     ] 2026-07-30 23:26:03,111 Global parallel computation enabled: 412 / 560
yt : [INFO     ] 2026-07-30 23:26:03,112 Global parallel computation enabled: 457 / 560
yt : [INFO     ] 2026-07-30 23:26:03,112 Global parallel computation enabled: 156 / 560
yt : [INFO     ] 2026-07-30 23:26:03,111 Global parallel computation enabled: 427 / 560
yt : [INFO     ] 2026-07-30 23:26:03,112 Global parallel computation enabled: 271 / 560
yt : [INFO     ] 2026-07-30 23:26:03,112 Global parallel computation enabled: 42 / 560
yt : [INFO     ] 2026-07-30 23:26:03,111 Global parallel computation enabled: 369 / 560
yt : [INFO     ] 2026-07-30 23:26:03,111 Global parallel computation enabled: 236 / 560
yt : [INFO     ] 2026-07-30 23:26:03,111 Global parallel computation enabled: 519 / 560
yt : [INFO     ] 2026-07-30 23:26:03,112 Global parallel computation enabled: 532 / 560
yt : [INFO     ] 2026-07-30 23:26:03,111 Global parallel computation enabled: 358 / 560
yt : [INFO     ] 2026-07-30 23:26:03,112 Global parallel computation enabled: 487 / 560
yt : [INFO     ] 2026-07-30 23:26:03,113 Global parallel computation enabled: 92 / 560
yt : [INFO     ] 2026-07-30 23:26:03,112 Global parallel computation enabled: 3 / 560
yt : [INFO     ] 2026-07-30 23:26:03,111 Global parallel computation enabled: 331 / 560
yt : [INFO     ] 2026-07-30 23:26:03,105 Global parallel computation enabled: 178 / 560
yt : [INFO     ] 2026-07-30 23:26:03,111 Global parallel computation enabled: 415 / 560
yt : [INFO     ] 2026-07-30 23:26:03,112 Global parallel computation enabled: 458 / 560
yt : [INFO     ] 2026-07-30 23:26:03,111 Global parallel computation enabled: 144 / 560
yt : [INFO     ] 2026-07-30 23:26:03,111 Global parallel computation enabled: 429 / 560
yt : [INFO     ] 2026-07-30 23:26:03,111 Global parallel computation enabled: 252 / 560
yt : [INFO     ] 2026-07-30 23:26:03,112 Global parallel computation enabled: 43 / 560
yt : [INFO     ] 2026-07-30 23:26:03,111 Global parallel computation enabled: 370 / 560
yt : [INFO     ] 2026-07-30 23:26:03,111 Global parallel computation enabled: 243 / 560
yt : [INFO     ] 2026-07-30 23:26:03,111 Global parallel computation enabled: 520 / 560
yt : [INFO     ] 2026-07-30 23:26:03,112 Global parallel computation enabled: 534 / 560
yt : [INFO     ] 2026-07-30 23:26:03,111 Global parallel computation enabled: 359 / 560
yt : [INFO     ] 2026-07-30 23:26:03,112 Global parallel computation enabled: 488 / 560
yt : [INFO     ] 2026-07-30 23:26:03,113 Global parallel computation enabled: 93 / 560
yt : [INFO     ] 2026-07-30 23:26:03,112 Global parallel computation enabled: 4 / 560
yt : [INFO     ] 2026-07-30 23:26:03,111 Global parallel computation enabled: 322 / 560
yt : [INFO     ] 2026-07-30 23:26:03,105 Global parallel computation enabled: 179 / 560
yt : [INFO     ] 2026-07-30 23:26:03,111 Global parallel computation enabled: 416 / 560
yt : [INFO     ] 2026-07-30 23:26:03,111 Global parallel computation enabled: 465 / 560
yt : [INFO     ] 2026-07-30 23:26:03,112 Global parallel computation enabled: 157 / 560
yt : [INFO     ] 2026-07-30 23:26:03,111 Global parallel computation enabled: 432 / 560
yt : [INFO     ] 2026-07-30 23:26:03,111 Global parallel computation enabled: 253 / 560
yt : [INFO     ] 2026-07-30 23:26:03,112 Global parallel computation enabled: 44 / 560
yt : [INFO     ] 2026-07-30 23:26:03,111 Global parallel computation enabled: 371 / 560
yt : [INFO     ] 2026-07-30 23:26:03,111 Global parallel computation enabled: 237 / 560
yt : [INFO     ] 2026-07-30 23:26:03,111 Global parallel computation enabled: 522 / 560
yt : [INFO     ] 2026-07-30 23:26:03,112 Global parallel computation enabled: 536 / 560
yt : [INFO     ] 2026-07-30 23:26:03,111 Global parallel computation enabled: 361 / 560
yt : [INFO     ] 2026-07-30 23:26:03,112 Global parallel computation enabled: 489 / 560
yt : [INFO     ] 2026-07-30 23:26:03,113 Global parallel computation enabled: 97 / 560
yt : [INFO     ] 2026-07-30 23:26:03,112 Global parallel computation enabled: 5 / 560
yt : [INFO     ] 2026-07-30 23:26:03,111 Global parallel computation enabled: 324 / 560
yt : [INFO     ] 2026-07-30 23:26:03,105 Global parallel computation enabled: 169 / 560
yt : [INFO     ] 2026-07-30 23:26:03,111 Global parallel computation enabled: 417 / 560
yt : [INFO     ] 2026-07-30 23:26:03,112 Global parallel computation enabled: 448 / 560
yt : [INFO     ] 2026-07-30 23:26:03,111 Global parallel computation enabled: 145 / 560
yt : [INFO     ] 2026-07-30 23:26:03,111 Global parallel computation enabled: 420 / 560
yt : [INFO     ] 2026-07-30 23:26:03,111 Global parallel computation enabled: 254 / 560
yt : [INFO     ] 2026-07-30 23:26:03,112 Global parallel computation enabled: 45 / 560
yt : [INFO     ] 2026-07-30 23:26:03,111 Global parallel computation enabled: 372 / 560
yt : [INFO     ] 2026-07-30 23:26:03,111 Global parallel computation enabled: 244 / 560
yt : [INFO     ] 2026-07-30 23:26:03,111 Global parallel computation enabled: 525 / 560
yt : [INFO     ] 2026-07-30 23:26:03,112 Global parallel computation enabled: 538 / 560
yt : [INFO     ] 2026-07-30 23:26:03,111 Global parallel computation enabled: 363 / 560
yt : [INFO     ] 2026-07-30 23:26:03,111 Global parallel computation enabled: 493 / 560
yt : [INFO     ] 2026-07-30 23:26:03,112 Global parallel computation enabled: 100 / 560
yt : [INFO     ] 2026-07-30 23:26:03,112 Global parallel computation enabled: 6 / 560
yt : [INFO     ] 2026-07-30 23:26:03,111 Global parallel computation enabled: 326 / 560
yt : [INFO     ] 2026-07-30 23:26:03,105 Global parallel computation enabled: 171 / 560
yt : [INFO     ] 2026-07-30 23:26:03,111 Global parallel computation enabled: 419 / 560
yt : [INFO     ] 2026-07-30 23:26:03,112 Global parallel computation enabled: 449 / 560
yt : [INFO     ] 2026-07-30 23:26:03,112 Global parallel computation enabled: 159 / 560
yt : [INFO     ] 2026-07-30 23:26:03,111 Global parallel computation enabled: 422 / 560
yt : [INFO     ] 2026-07-30 23:26:03,111 Global parallel computation enabled: 256 / 560
yt : [INFO     ] 2026-07-30 23:26:03,112 Global parallel computation enabled: 46 / 560
yt : [INFO     ] 2026-07-30 23:26:03,111 Global parallel computation enabled: 373 / 560
yt : [INFO     ] 2026-07-30 23:26:03,111 Global parallel computation enabled: 224 / 560
yt : [INFO     ] 2026-07-30 23:26:03,111 Global parallel computation enabled: 526 / 560
yt : [INFO     ] 2026-07-30 23:26:03,112 Global parallel computation enabled: 539 / 560
yt : [INFO     ] 2026-07-30 23:26:03,111 Global parallel computation enabled: 350 / 560
yt : [INFO     ] 2026-07-30 23:26:03,112 Global parallel computation enabled: 476 / 560
yt : [INFO     ] 2026-07-30 23:26:03,113 Global parallel computation enabled: 84 / 560
yt : [INFO     ] 2026-07-30 23:26:03,112 Global parallel computation enabled: 7 / 560
yt : [INFO     ] 2026-07-30 23:26:03,111 Global parallel computation enabled: 327 / 560
yt : [INFO     ] 2026-07-30 23:26:03,105 Global parallel computation enabled: 173 / 560
yt : [INFO     ] 2026-07-30 23:26:03,111 Global parallel computation enabled: 408 / 560
yt : [INFO     ] 2026-07-30 23:26:03,112 Global parallel computation enabled: 451 / 560
yt : [INFO     ] 2026-07-30 23:26:03,112 Global parallel computation enabled: 160 / 560
yt : [INFO     ] 2026-07-30 23:26:03,111 Global parallel computation enabled: 424 / 560
yt : [INFO     ] 2026-07-30 23:26:03,111 Global parallel computation enabled: 257 / 560
yt : [INFO     ] 2026-07-30 23:26:03,112 Global parallel computation enabled: 48 / 560
yt : [INFO     ] 2026-07-30 23:26:03,111 Global parallel computation enabled: 376 / 560
yt : [INFO     ] 2026-07-30 23:26:03,111 Global parallel computation enabled: 245 / 560
yt : [INFO     ] 2026-07-30 23:26:03,111 Global parallel computation enabled: 529 / 560
yt : [INFO     ] 2026-07-30 23:26:03,112 Global parallel computation enabled: 540 / 560
yt : [INFO     ] 2026-07-30 23:26:03,111 Global parallel computation enabled: 352 / 560
yt : [INFO     ] 2026-07-30 23:26:03,112 Global parallel computation enabled: 477 / 560
yt : [INFO     ] 2026-07-30 23:26:03,113 Global parallel computation enabled: 86 / 560
yt : [INFO     ] 2026-07-30 23:26:03,112 Global parallel computation enabled: 8 / 560
yt : [INFO     ] 2026-07-30 23:26:03,111 Global parallel computation enabled: 332 / 560
yt : [INFO     ] 2026-07-30 23:26:03,105 Global parallel computation enabled: 175 / 560
yt : [INFO     ] 2026-07-30 23:26:03,111 Global parallel computation enabled: 409 / 560
yt : [INFO     ] 2026-07-30 23:26:03,112 Global parallel computation enabled: 452 / 560
yt : [INFO     ] 2026-07-30 23:26:03,112 Global parallel computation enabled: 161 / 560
yt : [INFO     ] 2026-07-30 23:26:03,111 Global parallel computation enabled: 425 / 560
yt : [INFO     ] 2026-07-30 23:26:03,111 Global parallel computation enabled: 258 / 560
yt : [INFO     ] 2026-07-30 23:26:03,112 Global parallel computation enabled: 51 / 560
yt : [INFO     ] 2026-07-30 23:26:03,111 Global parallel computation enabled: 383 / 560
yt : [INFO     ] 2026-07-30 23:26:03,111 Global parallel computation enabled: 225 / 560
yt : [INFO     ] 2026-07-30 23:26:03,111 Global parallel computation enabled: 530 / 560
yt : [INFO     ] 2026-07-30 23:26:03,112 Global parallel computation enabled: 541 / 560
yt : [INFO     ] 2026-07-30 23:26:03,111 Global parallel computation enabled: 354 / 560
yt : [INFO     ] 2026-07-30 23:26:03,112 Global parallel computation enabled: 478 / 560
yt : [INFO     ] 2026-07-30 23:26:03,113 Global parallel computation enabled: 87 / 560
yt : [INFO     ] 2026-07-30 23:26:03,112 Global parallel computation enabled: 9 / 560
yt : [INFO     ] 2026-07-30 23:26:03,111 Global parallel computation enabled: 333 / 560
yt : [INFO     ] 2026-07-30 23:26:03,105 Global parallel computation enabled: 176 / 560
yt : [INFO     ] 2026-07-30 23:26:03,111 Global parallel computation enabled: 410 / 560
yt : [INFO     ] 2026-07-30 23:26:03,112 Global parallel computation enabled: 453 / 560
yt : [INFO     ] 2026-07-30 23:26:03,112 Global parallel computation enabled: 162 / 560
yt : [INFO     ] 2026-07-30 23:26:03,111 Global parallel computation enabled: 426 / 560
yt : [INFO     ] 2026-07-30 23:26:03,111 Global parallel computation enabled: 259 / 560
yt : [INFO     ] 2026-07-30 23:26:03,112 Global parallel computation enabled: 53 / 560
yt : [INFO     ] 2026-07-30 23:26:03,111 Global parallel computation enabled: 384 / 560
yt : [INFO     ] 2026-07-30 23:26:03,111 Global parallel computation enabled: 248 / 560
yt : [INFO     ] 2026-07-30 23:26:03,111 Global parallel computation enabled: 531 / 560
yt : [INFO     ] 2026-07-30 23:26:03,112 Global parallel computation enabled: 542 / 560
yt : [INFO     ] 2026-07-30 23:26:03,111 Global parallel computation enabled: 355 / 560
yt : [INFO     ] 2026-07-30 23:26:03,112 Global parallel computation enabled: 479 / 560
yt : [INFO     ] 2026-07-30 23:26:03,113 Global parallel computation enabled: 88 / 560
yt : [INFO     ] 2026-07-30 23:26:03,112 Global parallel computation enabled: 10 / 560
yt : [INFO     ] 2026-07-30 23:26:03,111 Global parallel computation enabled: 334 / 560
yt : [INFO     ] 2026-07-30 23:26:03,105 Global parallel computation enabled: 180 / 560
yt : [INFO     ] 2026-07-30 23:26:03,111 Global parallel computation enabled: 413 / 560
yt : [INFO     ] 2026-07-30 23:26:03,112 Global parallel computation enabled: 454 / 560
yt : [INFO     ] 2026-07-30 23:26:03,112 Global parallel computation enabled: 163 / 560
yt : [INFO     ] 2026-07-30 23:26:03,111 Global parallel computation enabled: 428 / 560
yt : [INFO     ] 2026-07-30 23:26:03,111 Global parallel computation enabled: 260 / 560
yt : [INFO     ] 2026-07-30 23:26:03,112 Global parallel computation enabled: 54 / 560
yt : [INFO     ] 2026-07-30 23:26:03,111 Global parallel computation enabled: 385 / 560
yt : [INFO     ] 2026-07-30 23:26:03,111 Global parallel computation enabled: 227 / 560
yt : [INFO     ] 2026-07-30 23:26:03,111 Global parallel computation enabled: 521 / 560
yt : [INFO     ] 2026-07-30 23:26:03,112 Global parallel computation enabled: 544 / 560
yt : [INFO     ] 2026-07-30 23:26:03,111 Global parallel computation enabled: 357 / 560
yt : [INFO     ] 2026-07-30 23:26:03,112 Global parallel computation enabled: 480 / 560
yt : [INFO     ] 2026-07-30 23:26:03,113 Global parallel computation enabled: 90 / 560
yt : [INFO     ] 2026-07-30 23:26:03,112 Global parallel computation enabled: 13 / 560
yt : [INFO     ] 2026-07-30 23:26:03,111 Global parallel computation enabled: 335 / 560
yt : [INFO     ] 2026-07-30 23:26:03,105 Global parallel computation enabled: 181 / 560
yt : [INFO     ] 2026-07-30 23:26:03,111 Global parallel computation enabled: 414 / 560
yt : [INFO     ] 2026-07-30 23:26:03,112 Global parallel computation enabled: 459 / 560
yt : [INFO     ] 2026-07-30 23:26:03,112 Global parallel computation enabled: 164 / 560
yt : [INFO     ] 2026-07-30 23:26:03,111 Global parallel computation enabled: 430 / 560
yt : [INFO     ] 2026-07-30 23:26:03,111 Global parallel computation enabled: 261 / 560
yt : [INFO     ] 2026-07-30 23:26:03,112 Global parallel computation enabled: 77 / 560
yt : [INFO     ] 2026-07-30 23:26:03,111 Global parallel computation enabled: 387 / 560
yt : [INFO     ] 2026-07-30 23:26:03,111 Global parallel computation enabled: 250 / 560
yt : [INFO     ] 2026-07-30 23:26:03,111 Global parallel computation enabled: 523 / 560
yt : [INFO     ] 2026-07-30 23:26:03,112 Global parallel computation enabled: 545 / 560
yt : [INFO     ] 2026-07-30 23:26:03,111 Global parallel computation enabled: 360 / 560
yt : [INFO     ] 2026-07-30 23:26:03,112 Global parallel computation enabled: 483 / 560
yt : [INFO     ] 2026-07-30 23:26:03,113 Global parallel computation enabled: 91 / 560
yt : [INFO     ] 2026-07-30 23:26:03,112 Global parallel computation enabled: 37 / 560
yt : [INFO     ] 2026-07-30 23:26:03,112 Global parallel computation enabled: 308 / 560
yt : [INFO     ] 2026-07-30 23:26:03,111 Global parallel computation enabled: 183 / 560
yt : [INFO     ] 2026-07-30 23:26:03,111 Global parallel computation enabled: 418 / 560
yt : [INFO     ] 2026-07-30 23:26:03,112 Global parallel computation enabled: 460 / 560
yt : [INFO     ] 2026-07-30 23:26:03,112 Global parallel computation enabled: 167 / 560
yt : [INFO     ] 2026-07-30 23:26:03,111 Global parallel computation enabled: 431 / 560
yt : [INFO     ] 2026-07-30 23:26:03,111 Global parallel computation enabled: 262 / 560
yt : [INFO     ] 2026-07-30 23:26:03,112 Global parallel computation enabled: 79 / 560
yt : [INFO     ] 2026-07-30 23:26:03,111 Global parallel computation enabled: 388 / 560
yt : [INFO     ] 2026-07-30 23:26:03,111 Global parallel computation enabled: 228 / 560
yt : [INFO     ] 2026-07-30 23:26:03,111 Global parallel computation enabled: 524 / 560
yt : [INFO     ] 2026-07-30 23:26:03,110 Global parallel computation enabled: 547 / 560
yt : [INFO     ] 2026-07-30 23:26:03,111 Global parallel computation enabled: 362 / 560
yt : [INFO     ] 2026-07-30 23:26:03,111 Global parallel computation enabled: 495 / 560
yt : [INFO     ] 2026-07-30 23:26:03,113 Global parallel computation enabled: 94 / 560
yt : [INFO     ] 2026-07-30 23:26:03,112 Global parallel computation enabled: 12 / 560
yt : [INFO     ] 2026-07-30 23:26:03,112 Global parallel computation enabled: 310 / 560
yt : [INFO     ] 2026-07-30 23:26:03,111 Global parallel computation enabled: 185 / 560
yt : [INFO     ] 2026-07-30 23:26:03,112 Global parallel computation enabled: 461 / 560
yt : [INFO     ] 2026-07-30 23:26:03,111 Global parallel computation enabled: 147 / 560
yt : [INFO     ] 2026-07-30 23:26:03,111 Global parallel computation enabled: 433 / 560
yt : [INFO     ] 2026-07-30 23:26:03,111 Global parallel computation enabled: 264 / 560
yt : [INFO     ] 2026-07-30 23:26:03,112 Global parallel computation enabled: 70 / 560
yt : [INFO     ] 2026-07-30 23:26:03,111 Global parallel computation enabled: 389 / 560
yt : [INFO     ] 2026-07-30 23:26:03,111 Global parallel computation enabled: 251 / 560
yt : [INFO     ] 2026-07-30 23:26:03,111 Global parallel computation enabled: 527 / 560
yt : [INFO     ] 2026-07-30 23:26:03,110 Global parallel computation enabled: 549 / 560
yt : [INFO     ] 2026-07-30 23:26:03,112 Global parallel computation enabled: 338 / 560
yt : [INFO     ] 2026-07-30 23:26:03,111 Global parallel computation enabled: 498 / 560
yt : [INFO     ] 2026-07-30 23:26:03,113 Global parallel computation enabled: 95 / 560
yt : [INFO     ] 2026-07-30 23:26:03,112 Global parallel computation enabled: 39 / 560
yt : [INFO     ] 2026-07-30 23:26:03,112 Global parallel computation enabled: 313 / 560
yt : [INFO     ] 2026-07-30 23:26:03,111 Global parallel computation enabled: 187 / 560
yt : [INFO     ] 2026-07-30 23:26:03,111 Global parallel computation enabled: 466 / 560
yt : [INFO     ] 2026-07-30 23:26:03,111 Global parallel computation enabled: 149 / 560
yt : [INFO     ] 2026-07-30 23:26:03,112 Global parallel computation enabled: 437 / 560
yt : [INFO     ] 2026-07-30 23:26:03,112 Global parallel computation enabled: 272 / 560
yt : [INFO     ] 2026-07-30 23:26:03,112 Global parallel computation enabled: 71 / 560
yt : [INFO     ] 2026-07-30 23:26:03,111 Global parallel computation enabled: 378 / 560
yt : [INFO     ] 2026-07-30 23:26:03,111 Global parallel computation enabled: 229 / 560
yt : [INFO     ] 2026-07-30 23:26:03,111 Global parallel computation enabled: 528 / 560
yt : [INFO     ] 2026-07-30 23:26:03,110 Global parallel computation enabled: 550 / 560
yt : [INFO     ] 2026-07-30 23:26:03,112 Global parallel computation enabled: 346 / 560
yt : [INFO     ] 2026-07-30 23:26:03,111 Global parallel computation enabled: 499 / 560
yt : [INFO     ] 2026-07-30 23:26:03,113 Global parallel computation enabled: 96 / 560
yt : [INFO     ] 2026-07-30 23:26:03,112 Global parallel computation enabled: 40 / 560
yt : [INFO     ] 2026-07-30 23:26:03,112 Global parallel computation enabled: 314 / 560
yt : [INFO     ] 2026-07-30 23:26:03,111 Global parallel computation enabled: 188 / 560
yt : [INFO     ] 2026-07-30 23:26:03,112 Global parallel computation enabled: 450 / 560
yt : [INFO     ] 2026-07-30 23:26:03,111 Global parallel computation enabled: 150 / 560
yt : [INFO     ] 2026-07-30 23:26:03,112 Global parallel computation enabled: 444 / 560
yt : [INFO     ] 2026-07-30 23:26:03,112 Global parallel computation enabled: 275 / 560
yt : [INFO     ] 2026-07-30 23:26:03,112 Global parallel computation enabled: 72 / 560
yt : [INFO     ] 2026-07-30 23:26:03,111 Global parallel computation enabled: 379 / 560
yt : [INFO     ] 2026-07-30 23:26:03,111 Global parallel computation enabled: 238 / 560
yt : [INFO     ] 2026-07-30 23:26:03,110 Global parallel computation enabled: 551 / 560
yt : [INFO     ] 2026-07-30 23:26:03,112 Global parallel computation enabled: 339 / 560
yt : [INFO     ] 2026-07-30 23:26:03,111 Global parallel computation enabled: 503 / 560
yt : [INFO     ] 2026-07-30 23:26:03,112 Global parallel computation enabled: 101 / 560
yt : [INFO     ] 2026-07-30 23:26:03,112 Global parallel computation enabled: 41 / 560
yt : [INFO     ] 2026-07-30 23:26:03,112 Global parallel computation enabled: 316 / 560
yt : [INFO     ] 2026-07-30 23:26:03,111 Global parallel computation enabled: 190 / 560
yt : [INFO     ] 2026-07-30 23:26:03,111 Global parallel computation enabled: 467 / 560
yt : [INFO     ] 2026-07-30 23:26:03,111 Global parallel computation enabled: 140 / 560
yt : [INFO     ] 2026-07-30 23:26:03,112 Global parallel computation enabled: 446 / 560
yt : [INFO     ] 2026-07-30 23:26:03,112 Global parallel computation enabled: 276 / 560
yt : [INFO     ] 2026-07-30 23:26:03,112 Global parallel computation enabled: 73 / 560
yt : [INFO     ] 2026-07-30 23:26:03,111 Global parallel computation enabled: 380 / 560
yt : [INFO     ] 2026-07-30 23:26:03,111 Global parallel computation enabled: 230 / 560
yt : [INFO     ] 2026-07-30 23:26:03,110 Global parallel computation enabled: 553 / 560
yt : [INFO     ] 2026-07-30 23:26:03,112 Global parallel computation enabled: 340 / 560
yt : [INFO     ] 2026-07-30 23:26:03,111 Global parallel computation enabled: 490 / 560
yt : [INFO     ] 2026-07-30 23:26:03,112 Global parallel computation enabled: 102 / 560
yt : [INFO     ] 2026-07-30 23:26:03,112 Global parallel computation enabled: 28 / 560
yt : [INFO     ] 2026-07-30 23:26:03,112 Global parallel computation enabled: 318 / 560
yt : [INFO     ] 2026-07-30 23:26:03,111 Global parallel computation enabled: 191 / 560
yt : [INFO     ] 2026-07-30 23:26:03,111 Global parallel computation enabled: 473 / 560
yt : [INFO     ] 2026-07-30 23:26:03,111 Global parallel computation enabled: 141 / 560
yt : [INFO     ] 2026-07-30 23:26:03,112 Global parallel computation enabled: 447 / 560
yt : [INFO     ] 2026-07-30 23:26:03,112 Global parallel computation enabled: 277 / 560
yt : [INFO     ] 2026-07-30 23:26:03,112 Global parallel computation enabled: 74 / 560
yt : [INFO     ] 2026-07-30 23:26:03,111 Global parallel computation enabled: 381 / 560
yt : [INFO     ] 2026-07-30 23:26:03,111 Global parallel computation enabled: 239 / 560
yt : [INFO     ] 2026-07-30 23:26:03,110 Global parallel computation enabled: 555 / 560
yt : [INFO     ] 2026-07-30 23:26:03,112 Global parallel computation enabled: 344 / 560
yt : [INFO     ] 2026-07-30 23:26:03,111 Global parallel computation enabled: 491 / 560
yt : [INFO     ] 2026-07-30 23:26:03,112 Global parallel computation enabled: 103 / 560
yt : [INFO     ] 2026-07-30 23:26:03,112 Global parallel computation enabled: 29 / 560
yt : [INFO     ] 2026-07-30 23:26:03,112 Global parallel computation enabled: 319 / 560
yt : [INFO     ] 2026-07-30 23:26:03,111 Global parallel computation enabled: 193 / 560
yt : [INFO     ] 2026-07-30 23:26:03,111 Global parallel computation enabled: 464 / 560
yt : [INFO     ] 2026-07-30 23:26:03,111 Global parallel computation enabled: 142 / 560
yt : [INFO     ] 2026-07-30 23:26:03,112 Global parallel computation enabled: 434 / 560
yt : [INFO     ] 2026-07-30 23:26:03,112 Global parallel computation enabled: 278 / 560
yt : [INFO     ] 2026-07-30 23:26:03,112 Global parallel computation enabled: 76 / 560
yt : [INFO     ] 2026-07-30 23:26:03,111 Global parallel computation enabled: 382 / 560
yt : [INFO     ] 2026-07-30 23:26:03,111 Global parallel computation enabled: 231 / 560
yt : [INFO     ] 2026-07-30 23:26:03,110 Global parallel computation enabled: 558 / 560
yt : [INFO     ] 2026-07-30 23:26:03,112 Global parallel computation enabled: 336 / 560
yt : [INFO     ] 2026-07-30 23:26:03,111 Global parallel computation enabled: 492 / 560
yt : [INFO     ] 2026-07-30 23:26:03,112 Global parallel computation enabled: 105 / 560
yt : [INFO     ] 2026-07-30 23:26:03,112 Global parallel computation enabled: 30 / 560
yt : [INFO     ] 2026-07-30 23:26:03,112 Global parallel computation enabled: 320 / 560
yt : [INFO     ] 2026-07-30 23:26:03,111 Global parallel computation enabled: 194 / 560
yt : [INFO     ] 2026-07-30 23:26:03,111 Global parallel computation enabled: 468 / 560
yt : [INFO     ] 2026-07-30 23:26:03,111 Global parallel computation enabled: 143 / 560
yt : [INFO     ] 2026-07-30 23:26:03,112 Global parallel computation enabled: 436 / 560
yt : [INFO     ] 2026-07-30 23:26:03,112 Global parallel computation enabled: 266 / 560
yt : [INFO     ] 2026-07-30 23:26:03,112 Global parallel computation enabled: 78 / 560
yt : [INFO     ] 2026-07-30 23:26:03,111 Global parallel computation enabled: 386 / 560
yt : [INFO     ] 2026-07-30 23:26:03,111 Global parallel computation enabled: 241 / 560
yt : [INFO     ] 2026-07-30 23:26:03,110 Global parallel computation enabled: 559 / 560
yt : [INFO     ] 2026-07-30 23:26:03,112 Global parallel computation enabled: 337 / 560
yt : [INFO     ] 2026-07-30 23:26:03,111 Global parallel computation enabled: 494 / 560
yt : [INFO     ] 2026-07-30 23:26:03,112 Global parallel computation enabled: 107 / 560
yt : [INFO     ] 2026-07-30 23:26:03,112 Global parallel computation enabled: 32 / 560
yt : [INFO     ] 2026-07-30 23:26:03,112 Global parallel computation enabled: 309 / 560
yt : [INFO     ] 2026-07-30 23:26:03,111 Global parallel computation enabled: 182 / 560
yt : [INFO     ] 2026-07-30 23:26:03,111 Global parallel computation enabled: 469 / 560
yt : [INFO     ] 2026-07-30 23:26:03,111 Global parallel computation enabled: 146 / 560
yt : [INFO     ] 2026-07-30 23:26:03,112 Global parallel computation enabled: 438 / 560
yt : [INFO     ] 2026-07-30 23:26:03,112 Global parallel computation enabled: 267 / 560
yt : [INFO     ] 2026-07-30 23:26:03,112 Global parallel computation enabled: 80 / 560
yt : [INFO     ] 2026-07-30 23:26:03,111 Global parallel computation enabled: 390 / 560
yt : [INFO     ] 2026-07-30 23:26:03,111 Global parallel computation enabled: 232 / 560
yt : [INFO     ] 2026-07-30 23:26:03,110 Global parallel computation enabled: 548 / 560
yt : [INFO     ] 2026-07-30 23:26:03,112 Global parallel computation enabled: 341 / 560
yt : [INFO     ] 2026-07-30 23:26:03,111 Global parallel computation enabled: 497 / 560
yt : [INFO     ] 2026-07-30 23:26:03,112 Global parallel computation enabled: 108 / 560
yt : [INFO     ] 2026-07-30 23:26:03,112 Global parallel computation enabled: 33 / 560
yt : [INFO     ] 2026-07-30 23:26:03,112 Global parallel computation enabled: 311 / 560
yt : [INFO     ] 2026-07-30 23:26:03,111 Global parallel computation enabled: 184 / 560
yt : [INFO     ] 2026-07-30 23:26:03,111 Global parallel computation enabled: 470 / 560
yt : [INFO     ] 2026-07-30 23:26:03,111 Global parallel computation enabled: 148 / 560
yt : [INFO     ] 2026-07-30 23:26:03,112 Global parallel computation enabled: 439 / 560
yt : [INFO     ] 2026-07-30 23:26:03,112 Global parallel computation enabled: 268 / 560
yt : [INFO     ] 2026-07-30 23:26:03,112 Global parallel computation enabled: 81 / 560
yt : [INFO     ] 2026-07-30 23:26:03,111 Global parallel computation enabled: 391 / 560
yt : [INFO     ] 2026-07-30 23:26:03,111 Global parallel computation enabled: 246 / 560
yt : [INFO     ] 2026-07-30 23:26:03,110 Global parallel computation enabled: 552 / 560
yt : [INFO     ] 2026-07-30 23:26:03,112 Global parallel computation enabled: 345 / 560
yt : [INFO     ] 2026-07-30 23:26:03,111 Global parallel computation enabled: 500 / 560
yt : [INFO     ] 2026-07-30 23:26:03,112 Global parallel computation enabled: 109 / 560
yt : [INFO     ] 2026-07-30 23:26:03,112 Global parallel computation enabled: 35 / 560
yt : [INFO     ] 2026-07-30 23:26:03,112 Global parallel computation enabled: 312 / 560
yt : [INFO     ] 2026-07-30 23:26:03,111 Global parallel computation enabled: 186 / 560
yt : [INFO     ] 2026-07-30 23:26:03,111 Global parallel computation enabled: 471 / 560
yt : [INFO     ] 2026-07-30 23:26:03,111 Global parallel computation enabled: 151 / 560
yt : [INFO     ] 2026-07-30 23:26:03,112 Global parallel computation enabled: 440 / 560
yt : [INFO     ] 2026-07-30 23:26:03,112 Global parallel computation enabled: 269 / 560
yt : [INFO     ] 2026-07-30 23:26:03,112 Global parallel computation enabled: 82 / 560
yt : [INFO     ] 2026-07-30 23:26:03,111 Global parallel computation enabled: 233 / 560
yt : [INFO     ] 2026-07-30 23:26:03,110 Global parallel computation enabled: 554 / 560
yt : [INFO     ] 2026-07-30 23:26:03,112 Global parallel computation enabled: 348 / 560
yt : [INFO     ] 2026-07-30 23:26:03,111 Global parallel computation enabled: 501 / 560
yt : [INFO     ] 2026-07-30 23:26:03,112 Global parallel computation enabled: 110 / 560
yt : [INFO     ] 2026-07-30 23:26:03,112 Global parallel computation enabled: 38 / 560
yt : [INFO     ] 2026-07-30 23:26:03,112 Global parallel computation enabled: 315 / 560
yt : [INFO     ] 2026-07-30 23:26:03,111 Global parallel computation enabled: 189 / 560
yt : [INFO     ] 2026-07-30 23:26:03,111 Global parallel computation enabled: 472 / 560
yt : [INFO     ] 2026-07-30 23:26:03,111 Global parallel computation enabled: 152 / 560
yt : [INFO     ] 2026-07-30 23:26:03,112 Global parallel computation enabled: 441 / 560
yt : [INFO     ] 2026-07-30 23:26:03,112 Global parallel computation enabled: 273 / 560
yt : [INFO     ] 2026-07-30 23:26:03,112 Global parallel computation enabled: 83 / 560
yt : [INFO     ] 2026-07-30 23:26:03,111 Global parallel computation enabled: 247 / 560
yt : [INFO     ] 2026-07-30 23:26:03,110 Global parallel computation enabled: 556 / 560
yt : [INFO     ] 2026-07-30 23:26:03,112 Global parallel computation enabled: 342 / 560
yt : [INFO     ] 2026-07-30 23:26:03,111 Global parallel computation enabled: 502 / 560
yt : [INFO     ] 2026-07-30 23:26:03,112 Global parallel computation enabled: 111 / 560
yt : [INFO     ] 2026-07-30 23:26:03,112 Global parallel computation enabled: 36 / 560
yt : [INFO     ] 2026-07-30 23:26:03,112 Global parallel computation enabled: 317 / 560
yt : [INFO     ] 2026-07-30 23:26:03,111 Global parallel computation enabled: 192 / 560
yt : [INFO     ] 2026-07-30 23:26:03,111 Global parallel computation enabled: 474 / 560
yt : [INFO     ] 2026-07-30 23:26:03,111 Global parallel computation enabled: 153 / 560
yt : [INFO     ] 2026-07-30 23:26:03,112 Global parallel computation enabled: 442 / 560
yt : [INFO     ] 2026-07-30 23:26:03,112 Global parallel computation enabled: 274 / 560
yt : [INFO     ] 2026-07-30 23:26:03,113 Global parallel computation enabled: 57 / 560
yt : [INFO     ] 2026-07-30 23:26:03,111 Global parallel computation enabled: 235 / 560
yt : [INFO     ] 2026-07-30 23:26:03,110 Global parallel computation enabled: 557 / 560
yt : [INFO     ] 2026-07-30 23:26:03,112 Global parallel computation enabled: 343 / 560
yt : [INFO     ] 2026-07-30 23:26:03,111 Global parallel computation enabled: 496 / 560
yt : [INFO     ] 2026-07-30 23:26:03,112 Global parallel computation enabled: 104 / 560
yt : [INFO     ] 2026-07-30 23:26:03,111 Global parallel computation enabled: 306 / 560
yt : [INFO     ] 2026-07-30 23:26:03,111 Global parallel computation enabled: 195 / 560
yt : [INFO     ] 2026-07-30 23:26:03,111 Global parallel computation enabled: 475 / 560
yt : [INFO     ] 2026-07-30 23:26:03,112 Global parallel computation enabled: 443 / 560
yt : [INFO     ] 2026-07-30 23:26:03,112 Global parallel computation enabled: 279 / 560
yt : [INFO     ] 2026-07-30 23:26:03,113 Global parallel computation enabled: 60 / 560
yt : [INFO     ] 2026-07-30 23:26:03,111 Global parallel computation enabled: 249 / 560
yt : [INFO     ] 2026-07-30 23:26:03,112 Global parallel computation enabled: 347 / 560
yt : [INFO     ] 2026-07-30 23:26:03,112 Global parallel computation enabled: 106 / 560
yt : [INFO     ] 2026-07-30 23:26:03,113 Global parallel computation enabled: 17 / 560
yt : [INFO     ] 2026-07-30 23:26:03,111 Global parallel computation enabled: 299 / 560
yt : [INFO     ] 2026-07-30 23:26:03,111 Global parallel computation enabled: 197 / 560
yt : [INFO     ] 2026-07-30 23:26:03,112 Global parallel computation enabled: 445 / 560
yt : [INFO     ] 2026-07-30 23:26:03,113 Global parallel computation enabled: 62 / 560
yt : [INFO     ] 2026-07-30 23:26:03,112 Global parallel computation enabled: 213 / 560
yt : [INFO     ] 2026-07-30 23:26:03,112 Global parallel computation enabled: 349 / 560
yt : [INFO     ] 2026-07-30 23:26:03,113 Global parallel computation enabled: 19 / 560
yt : [INFO     ] 2026-07-30 23:26:03,111 Global parallel computation enabled: 304 / 560
yt : [INFO     ] 2026-07-30 23:26:03,111 Global parallel computation enabled: 200 / 560
yt : [INFO     ] 2026-07-30 23:26:03,112 Global parallel computation enabled: 435 / 560
yt : [INFO     ] 2026-07-30 23:26:03,113 Global parallel computation enabled: 66 / 560
yt : [INFO     ] 2026-07-30 23:26:03,112 Global parallel computation enabled: 218 / 560
yt : [INFO     ] 2026-07-30 23:26:03,113 Global parallel computation enabled: 20 / 560
yt : [INFO     ] 2026-07-30 23:26:03,111 Global parallel computation enabled: 305 / 560
yt : [INFO     ] 2026-07-30 23:26:03,111 Global parallel computation enabled: 201 / 560
yt : [INFO     ] 2026-07-30 23:26:03,113 Global parallel computation enabled: 56 / 560
yt : [INFO     ] 2026-07-30 23:26:03,112 Global parallel computation enabled: 210 / 560
yt : [INFO     ] 2026-07-30 23:26:03,113 Global parallel computation enabled: 22 / 560
yt : [INFO     ] 2026-07-30 23:26:03,111 Global parallel computation enabled: 298 / 560
yt : [INFO     ] 2026-07-30 23:26:03,111 Global parallel computation enabled: 204 / 560
yt : [INFO     ] 2026-07-30 23:26:03,113 Global parallel computation enabled: 58 / 560
yt : [INFO     ] 2026-07-30 23:26:03,112 Global parallel computation enabled: 211 / 560
yt : [INFO     ] 2026-07-30 23:26:03,113 Global parallel computation enabled: 24 / 560
yt : [INFO     ] 2026-07-30 23:26:03,111 Global parallel computation enabled: 300 / 560
yt : [INFO     ] 2026-07-30 23:26:03,111 Global parallel computation enabled: 205 / 560
yt : [INFO     ] 2026-07-30 23:26:03,113 Global parallel computation enabled: 59 / 560
yt : [INFO     ] 2026-07-30 23:26:03,112 Global parallel computation enabled: 212 / 560
yt : [INFO     ] 2026-07-30 23:26:03,113 Global parallel computation enabled: 25 / 560
yt : [INFO     ] 2026-07-30 23:26:03,111 Global parallel computation enabled: 301 / 560
yt : [INFO     ] 2026-07-30 23:26:03,111 Global parallel computation enabled: 206 / 560
yt : [INFO     ] 2026-07-30 23:26:03,113 Global parallel computation enabled: 61 / 560
yt : [INFO     ] 2026-07-30 23:26:03,112 Global parallel computation enabled: 214 / 560
yt : [INFO     ] 2026-07-30 23:26:03,113 Global parallel computation enabled: 26 / 560
yt : [INFO     ] 2026-07-30 23:26:03,111 Global parallel computation enabled: 302 / 560
yt : [INFO     ] 2026-07-30 23:26:03,111 Global parallel computation enabled: 207 / 560
yt : [INFO     ] 2026-07-30 23:26:03,113 Global parallel computation enabled: 63 / 560
yt : [INFO     ] 2026-07-30 23:26:03,112 Global parallel computation enabled: 215 / 560
yt : [INFO     ] 2026-07-30 23:26:03,113 Global parallel computation enabled: 14 / 560
yt : [INFO     ] 2026-07-30 23:26:03,111 Global parallel computation enabled: 294 / 560
yt : [INFO     ] 2026-07-30 23:26:03,111 Global parallel computation enabled: 208 / 560
yt : [INFO     ] 2026-07-30 23:26:03,113 Global parallel computation enabled: 65 / 560
yt : [INFO     ] 2026-07-30 23:26:03,112 Global parallel computation enabled: 216 / 560
yt : [INFO     ] 2026-07-30 23:26:03,113 Global parallel computation enabled: 15 / 560
yt : [INFO     ] 2026-07-30 23:26:03,111 Global parallel computation enabled: 295 / 560
yt : [INFO     ] 2026-07-30 23:26:03,111 Global parallel computation enabled: 209 / 560
yt : [INFO     ] 2026-07-30 23:26:03,113 Global parallel computation enabled: 67 / 560
yt : [INFO     ] 2026-07-30 23:26:03,112 Global parallel computation enabled: 217 / 560
yt : [INFO     ] 2026-07-30 23:26:03,113 Global parallel computation enabled: 16 / 560
yt : [INFO     ] 2026-07-30 23:26:03,111 Global parallel computation enabled: 296 / 560
yt : [INFO     ] 2026-07-30 23:26:03,111 Global parallel computation enabled: 196 / 560
yt : [INFO     ] 2026-07-30 23:26:03,113 Global parallel computation enabled: 68 / 560
yt : [INFO     ] 2026-07-30 23:26:03,112 Global parallel computation enabled: 219 / 560
yt : [INFO     ] 2026-07-30 23:26:03,113 Global parallel computation enabled: 18 / 560
yt : [INFO     ] 2026-07-30 23:26:03,111 Global parallel computation enabled: 297 / 560
yt : [INFO     ] 2026-07-30 23:26:03,111 Global parallel computation enabled: 198 / 560
yt : [INFO     ] 2026-07-30 23:26:03,113 Global parallel computation enabled: 69 / 560
yt : [INFO     ] 2026-07-30 23:26:03,112 Global parallel computation enabled: 220 / 560
yt : [INFO     ] 2026-07-30 23:26:03,113 Global parallel computation enabled: 21 / 560
yt : [INFO     ] 2026-07-30 23:26:03,111 Global parallel computation enabled: 303 / 560
yt : [INFO     ] 2026-07-30 23:26:03,111 Global parallel computation enabled: 199 / 560
yt : [INFO     ] 2026-07-30 23:26:03,114 Global parallel computation enabled: 64 / 560
yt : [INFO     ] 2026-07-30 23:26:03,112 Global parallel computation enabled: 221 / 560
yt : [INFO     ] 2026-07-30 23:26:03,113 Global parallel computation enabled: 23 / 560
yt : [INFO     ] 2026-07-30 23:26:03,111 Global parallel computation enabled: 307 / 560
yt : [INFO     ] 2026-07-30 23:26:03,111 Global parallel computation enabled: 202 / 560
yt : [INFO     ] 2026-07-30 23:26:03,112 Global parallel computation enabled: 222 / 560
yt : [INFO     ] 2026-07-30 23:26:03,113 Global parallel computation enabled: 27 / 560
yt : [INFO     ] 2026-07-30 23:26:03,113 Global parallel computation enabled: 321 / 560
yt : [INFO     ] 2026-07-30 23:26:03,111 Global parallel computation enabled: 203 / 560
yt : [INFO     ] 2026-07-30 23:26:03,112 Global parallel computation enabled: 223 / 560
yt : [INFO     ] 2026-07-30 23:26:03,116 Global parallel computation enabled: 131 / 560
yt : [INFO     ] 2026-07-30 23:26:03,116 Global parallel computation enabled: 138 / 560
yt : [INFO     ] 2026-07-30 23:26:03,116 Global parallel computation enabled: 127 / 560
yt : [INFO     ] 2026-07-30 23:26:03,116 Global parallel computation enabled: 128 / 560
yt : [INFO     ] 2026-07-30 23:26:03,116 Global parallel computation enabled: 129 / 560
yt : [INFO     ] 2026-07-30 23:26:03,116 Global parallel computation enabled: 130 / 560
yt : [INFO     ] 2026-07-30 23:26:03,116 Global parallel computation enabled: 133 / 560
yt : [INFO     ] 2026-07-30 23:26:03,116 Global parallel computation enabled: 134 / 560
yt : [INFO     ] 2026-07-30 23:26:03,116 Global parallel computation enabled: 135 / 560
yt : [INFO     ] 2026-07-30 23:26:03,116 Global parallel computation enabled: 136 / 560
yt : [INFO     ] 2026-07-30 23:26:03,116 Global parallel computation enabled: 139 / 560
yt : [INFO     ] 2026-07-30 23:26:03,116 Global parallel computation enabled: 126 / 560
yt : [INFO     ] 2026-07-30 23:26:03,116 Global parallel computation enabled: 132 / 560
yt : [INFO     ] 2026-07-30 23:26:03,116 Global parallel computation enabled: 137 / 560
yt : [INFO     ] 2026-07-30 23:26:03,116 Global parallel computation enabled: 393 / 560
yt : [INFO     ] 2026-07-30 23:26:03,116 Global parallel computation enabled: 398 / 560
yt : [INFO     ] 2026-07-30 23:26:03,116 Global parallel computation enabled: 395 / 560
yt : [INFO     ] 2026-07-30 23:26:03,116 Global parallel computation enabled: 399 / 560
yt : [INFO     ] 2026-07-30 23:26:03,116 Global parallel computation enabled: 114 / 560
yt : [INFO     ] 2026-07-30 23:26:03,116 Global parallel computation enabled: 400 / 560
yt : [INFO     ] 2026-07-30 23:26:03,116 Global parallel computation enabled: 401 / 560
yt : [INFO     ] 2026-07-30 23:26:03,116 Global parallel computation enabled: 402 / 560
yt : [INFO     ] 2026-07-30 23:26:03,116 Global parallel computation enabled: 405 / 560
yt : [INFO     ] 2026-07-30 23:26:03,116 Global parallel computation enabled: 392 / 560
yt : [INFO     ] 2026-07-30 23:26:03,116 Global parallel computation enabled: 394 / 560
yt : [INFO     ] 2026-07-30 23:26:03,116 Global parallel computation enabled: 396 / 560
yt : [INFO     ] 2026-07-30 23:26:03,116 Global parallel computation enabled: 397 / 560
yt : [INFO     ] 2026-07-30 23:26:03,116 Global parallel computation enabled: 403 / 560
yt : [INFO     ] 2026-07-30 23:26:03,116 Global parallel computation enabled: 404 / 560
yt : [INFO     ] 2026-07-30 23:26:03,116 Global parallel computation enabled: 115 / 560
yt : [INFO     ] 2026-07-30 23:26:03,116 Global parallel computation enabled: 117 / 560
yt : [INFO     ] 2026-07-30 23:26:03,116 Global parallel computation enabled: 119 / 560
yt : [INFO     ] 2026-07-30 23:26:03,116 Global parallel computation enabled: 120 / 560
yt : [INFO     ] 2026-07-30 23:26:03,116 Global parallel computation enabled: 122 / 560
yt : [INFO     ] 2026-07-30 23:26:03,116 Global parallel computation enabled: 123 / 560
yt : [INFO     ] 2026-07-30 23:26:03,116 Global parallel computation enabled: 124 / 560
yt : [INFO     ] 2026-07-30 23:26:03,116 Global parallel computation enabled: 112 / 560
yt : [INFO     ] 2026-07-30 23:26:03,116 Global parallel computation enabled: 113 / 560
yt : [INFO     ] 2026-07-30 23:26:03,116 Global parallel computation enabled: 116 / 560
yt : [INFO     ] 2026-07-30 23:26:03,116 Global parallel computation enabled: 118 / 560
yt : [INFO     ] 2026-07-30 23:26:03,116 Global parallel computation enabled: 121 / 560
yt : [INFO     ] 2026-07-30 23:26:03,116 Global parallel computation enabled: 125 / 560
yt : [INFO     ] 2026-07-30 23:26:03,117 Global parallel computation enabled: 504 / 560
yt : [INFO     ] 2026-07-30 23:26:03,117 Global parallel computation enabled: 505 / 560
yt : [INFO     ] 2026-07-30 23:26:03,117 Global parallel computation enabled: 510 / 560
yt : [INFO     ] 2026-07-30 23:26:03,117 Global parallel computation enabled: 511 / 560
yt : [INFO     ] 2026-07-30 23:26:03,117 Global parallel computation enabled: 507 / 560
yt : [INFO     ] 2026-07-30 23:26:03,116 Global parallel computation enabled: 281 / 560
yt : [INFO     ] 2026-07-30 23:26:03,117 Global parallel computation enabled: 508 / 560
yt : [INFO     ] 2026-07-30 23:26:03,117 Global parallel computation enabled: 509 / 560
yt : [INFO     ] 2026-07-30 23:26:03,117 Global parallel computation enabled: 512 / 560
yt : [INFO     ] 2026-07-30 23:26:03,117 Global parallel computation enabled: 513 / 560
yt : [INFO     ] 2026-07-30 23:26:03,116 Global parallel computation enabled: 283 / 560
yt : [INFO     ] 2026-07-30 23:26:03,117 Global parallel computation enabled: 514 / 560
yt : [INFO     ] 2026-07-30 23:26:03,116 Global parallel computation enabled: 284 / 560
yt : [INFO     ] 2026-07-30 23:26:03,117 Global parallel computation enabled: 515 / 560
yt : [INFO     ] 2026-07-30 23:26:03,117 Global parallel computation enabled: 516 / 560
yt : [INFO     ] 2026-07-30 23:26:03,116 Global parallel computation enabled: 285 / 560
yt : [INFO     ] 2026-07-30 23:26:03,117 Global parallel computation enabled: 517 / 560
yt : [INFO     ] 2026-07-30 23:26:03,116 Global parallel computation enabled: 287 / 560
yt : [INFO     ] 2026-07-30 23:26:03,117 Global parallel computation enabled: 506 / 560
yt : [INFO     ] 2026-07-30 23:26:03,116 Global parallel computation enabled: 289 / 560
yt : [INFO     ] 2026-07-30 23:26:03,116 Global parallel computation enabled: 290 / 560
yt : [INFO     ] 2026-07-30 23:26:03,116 Global parallel computation enabled: 291 / 560
yt : [INFO     ] 2026-07-30 23:26:03,116 Global parallel computation enabled: 292 / 560
yt : [INFO     ] 2026-07-30 23:26:03,116 Global parallel computation enabled: 293 / 560
yt : [INFO     ] 2026-07-30 23:26:03,116 Global parallel computation enabled: 280 / 560
yt : [INFO     ] 2026-07-30 23:26:03,116 Global parallel computation enabled: 282 / 560
yt : [INFO     ] 2026-07-30 23:26:03,116 Global parallel computation enabled: 286 / 560
yt : [INFO     ] 2026-07-30 23:26:03,116 Global parallel computation enabled: 288 / 560
Finished calling initialize!
Finished calling initialize!
Finished calling initialize!
Finished calling initialize!
Finished calling initialize!
Finished calling initialize!
Finished calling initialize!
Finished calling initialize!
Finished calling initialize!
Finished calling initialize!
Finished calling initialize!
Finished calling initialize!
Finished calling initialize!
Finished calling initialize!
Finished calling initialize!
Finished calling initialize!
Finished calling initialize!
Finished calling initialize!
Finished calling initialize!
Finished calling initialize!
Finished calling initialize!
Finished calling initialize!
Finished calling initialize!
Finished calling initialize!
Finished calling initialize!
Finished calling initialize!
Finished calling initialize!
Finished calling initialize!
Finished calling initialize!
Finished calling initialize!
Finished calling initialize!
Finished calling initialize!
Finished calling initialize!
Finished calling initialize!
Finished calling initialize!
Finished calling initialize!
Finished calling initialize!
Finished calling initialize!
Finished calling initialize!
Finished calling initialize!
Finished calling initialize!
Finished calling initialize!
Finished calling initialize!
Finished calling initialize!
Finished calling initialize!
Finished calling initialize!
Finished calling initialize!
Finished calling initialize!
Finished calling initialize!
Finished calling initialize!
Finished calling initialize!
Finished calling initialize!
Finished calling initialize!
Finished calling initialize!
Finished calling initialize!
Finished calling initialize!
Finished calling initialize!
Finished calling initialize!
Finished calling initialize!
Finished calling initialize!
Finished calling initialize!
Finished calling initialize!
Finished calling initialize!
Finished calling initialize!
Finished calling initialize!
Finished calling initialize!
Finished calling initialize!
Finished calling initialize!
Finished calling initialize!
Finished calling initialize!
Finished calling initialize!
Finished calling initialize!
Finished calling initialize!
Finished calling initialize!
Finished calling initialize!
Finished calling initialize!
Finished calling initialize!
Finished calling initialize!
Finished calling initialize!
Finished calling initialize!
Finished calling initialize!
Finished calling initialize!
Finished calling initialize!
Finished calling initialize!
Finished calling initialize!
Finished calling initialize!
Finished calling initialize!
Finished calling initialize!
Finished calling initialize!
Finished calling initialize!
Finished calling initialize!
Finished calling initialize!
Finished calling initialize!
Finished calling initialize!
Finished calling initialize!
Finished calling initialize!
Finished calling initialize!
Finished calling initialize!
Finished calling initialize!
Finished calling initialize!
Finished calling initialize!
Finished calling initialize!
Finished calling initialize!
Finished calling initialize!
Finished calling initialize!
Finished calling initialize!
Finished calling initialize!
Finished calling initialize!
Finished calling initialize!
Finished calling initialize!
Finished calling initialize!
Finished calling initialize!
Finished calling initialize!
Finished calling initialize!
Finished calling initialize!
Finished calling initialize!
Finished calling initialize!
Finished calling initialize!
Finished calling initialize!
Finished calling initialize!
Finished calling initialize!
Finished calling initialize!
Finished calling initialize!
Finished calling initialize!
Finished calling initialize!
Finished calling initialize!
INITIALDT :::::::::::   0.00000000e+00
Finished calling initialize!
Finished calling initialize!
Finished calling initialize!
Finished calling initialize!
Finished calling initialize!
Finished calling initialize!
Finished calling initialize!
Finished calling initialize!
Finished calling initialize!
Finished calling initialize!
Finished calling initialize!
Finished calling initialize!
Finished calling initialize!
Finished calling initialize!
Finished calling initialize!
Finished calling initialize!
Finished calling initialize!
Finished calling initialize!
Finished calling initialize!
Finished calling initialize!
Finished calling initialize!
Finished calling initialize!
Finished calling initialize!
Finished calling initialize!
Finished calling initialize!
Finished calling initialize!
Finished calling initialize!
Finished calling initialize!
Finished calling initialize!
Finished calling initialize!
Finished calling initialize!
Finished calling initialize!
Finished calling initialize!
Finished calling initialize!
Finished calling initialize!
Finished calling initialize!
Finished calling initialize!
Finished calling initialize!
Finished calling initialize!
Finished calling initialize!
Finished calling initialize!
Finished calling initialize!
Finished calling initialize!
Finished calling initialize!
Finished calling initialize!
Finished calling initialize!
Finished calling initialize!
Finished calling initialize!
Finished calling initialize!
Finished calling initialize!
Finished calling initialize!
Finished calling initialize!
Finished calling initialize!
Finished calling initialize!
Finished calling initialize!
Finished calling initialize!
Finished calling initialize!
Finished calling initialize!
Finished calling initialize!
Finished calling initialize!
Finished calling initialize!
Finished calling initialize!
Finished calling initialize!
Finished calling initialize!
Finished calling initialize!
Finished calling initialize!
Finished calling initialize!
Finished calling initialize!
Finished calling initialize!
Finished calling initialize!
Finished calling initialize!
Finished calling initialize!
Finished calling initialize!
Finished calling initialize!
Finished calling initialize!
Finished calling initialize!
Finished calling initialize!
Finished calling initialize!
Finished calling initialize!
Finished calling initialize!
Finished calling initialize!
Finished calling initialize!
Finished calling initialize!
Finished calling initialize!
Finished calling initialize!
Finished calling initialize!
Finished calling initialize!
Finished calling initialize!
Finished calling initialize!
Finished calling initialize!
Finished calling initialize!
Finished calling initialize!
Finished calling initialize!
Finished calling initialize!
Finished calling initialize!
Finished calling initialize!
Finished calling initialize!
Finished calling initialize!
Finished calling initialize!
Finished calling initialize!
Finished calling initialize!
Finished calling initialize!
Finished calling initialize!
Finished calling initialize!
Finished calling initialize!
Finished calling initialize!
Finished calling initialize!
Finished calling initialize!
Finished calling initialize!
Finished calling initialize!
Finished calling initialize!
Finished calling initialize!
Finished calling initialize!
Finished calling initialize!
Finished calling initialize!
Finished calling initialize!
Finished calling initialize!
Finished calling initialize!
Finished calling initialize!
Finished calling initialize!
Finished calling initialize!
Finished calling initialize!
Finished calling initialize!
Finished calling initialize!
Finished calling initialize!
Finished calling initialize!
Finished calling initialize!
Finished calling initialize!
Finished calling initialize!
Finished calling initialize!
Finished calling initialize!
Finished calling initialize!
Finished calling initialize!
Finished calling initialize!
Finished calling initialize!
Finished calling initialize!
Finished calling initialize!
Finished calling initialize!
Finished calling initialize!
Finished calling initialize!
Finished calling initialize!
Finished calling initialize!
Finished calling initialize!
Finished calling initialize!
Finished calling initialize!
Finished calling initialize!
Finished calling initialize!
Finished calling initialize!
Finished calling initialize!
Finished calling initialize!
Finished calling initialize!
Finished calling initialize!
Finished calling initialize!
Finished calling initialize!
Finished calling initialize!
Finished calling initialize!
Finished calling initialize!
Finished calling initialize!
Finished calling initialize!
Finished calling initialize!
Finished calling initialize!
Finished calling initialize!
Finished calling initialize!
Finished calling initialize!
Finished calling initialize!
Finished calling initialize!
Finished calling initialize!
Finished calling initialize!
Finished calling initialize!
Finished calling initialize!
Finished calling initialize!
Finished calling initialize!
Finished calling initialize!
Finished calling initialize!
Finished calling initialize!
Finished calling initialize!
Finished calling initialize!
Finished calling initialize!
Finished calling initialize!
Finished calling initialize!
Finished calling initialize!
Finished calling initialize!
Finished calling initialize!
Finished calling initialize!
Finished calling initialize!
Finished calling initialize!
Finished calling initialize!
Finished calling initialize!
Finished calling initialize!
Finished calling initialize!
Finished calling initialize!
Finished calling initialize!
Finished calling initialize!
Finished calling initialize!
Finished calling initialize!
Finished calling initialize!
Finished calling initialize!
Finished calling initialize!
Finished calling initialize!
Finished calling initialize!
Finished calling initialize!
Finished calling initialize!
Finished calling initialize!
Finished calling initialize!
Finished calling initialize!
Finished calling initialize!
Finished calling initialize!
Finished calling initialize!
Finished calling initialize!
Finished calling initialize!
Finished calling initialize!
Finished calling initialize!
Finished calling initialize!
Finished calling initialize!
Finished calling initialize!
Finished calling initialize!
Finished calling initialize!
Finished calling initialize!
Finished calling initialize!
Finished calling initialize!
Finished calling initialize!
Finished calling initialize!
Finished calling initialize!
Finished calling initialize!
Finished calling initialize!
Finished calling initialize!
Finished calling initialize!
Finished calling initialize!
Finished calling initialize!
Finished calling initialize!
Finished calling initialize!
Finished calling initialize!
Finished calling initialize!
Finished calling initialize!
Finished calling initialize!
Finished calling initialize!
Finished calling initialize!
Finished calling initialize!
Finished calling initialize!
Finished calling initialize!
Finished calling initialize!
Finished calling initialize!
Finished calling initialize!
Finished calling initialize!
Finished calling initialize!
Finished calling initialize!
Finished calling initialize!
Finished calling initialize!
Finished calling initialize!
Finished calling initialize!
Finished calling initialize!
Finished calling initialize!
Finished calling initialize!
Finished calling initialize!
Finished calling initialize!
Finished calling initialize!
Finished calling initialize!
Finished calling initialize!
Finished calling initialize!
Finished calling initialize!
Finished calling initialize!
Finished calling initialize!
Finished calling initialize!
Finished calling initialize!
Finished calling initialize!
Finished calling initialize!
Finished calling initialize!
Finished calling initialize!
Finished calling initialize!
Finished calling initialize!
Finished calling initialize!
Finished calling initialize!
Finished calling initialize!
Finished calling initialize!
Finished calling initialize!
Finished calling initialize!
Finished calling initialize!
Finished calling initialize!
Finished calling initialize!
Finished calling initialize!
Finished calling initialize!
Finished calling initialize!
Finished calling initialize!
Finished calling initialize!
Finished calling initialize!
Finished calling initialize!
Finished calling initialize!
Finished calling initialize!
Finished calling initialize!
Finished calling initialize!
Finished calling initialize!
Finished calling initialize!
Finished calling initialize!
Finished calling initialize!
Finished calling initialize!
Finished calling initialize!
Finished calling initialize!
Finished calling initialize!
Finished calling initialize!
Finished calling initialize!
Finished calling initialize!
Finished calling initialize!
Finished calling initialize!
Finished calling initialize!
Finished calling initialize!
Finished calling initialize!
Finished calling initialize!
Finished calling initialize!
Finished calling initialize!
Finished calling initialize!
Finished calling initialize!
Finished calling initialize!
Finished calling initialize!
Finished calling initialize!
Finished calling initialize!
Finished calling initialize!
Finished calling initialize!
Finished calling initialize!
Finished calling initialize!
Finished calling initialize!
Finished calling initialize!
Finished calling initialize!
Finished calling initialize!
Finished calling initialize!
Finished calling initialize!
Finished calling initialize!
Finished calling initialize!
Finished calling initialize!
Finished calling initialize!
Finished calling initialize!
Finished calling initialize!
Finished calling initialize!
Finished calling initialize!
Finished calling initialize!
Finished calling initialize!
Finished calling initialize!
Finished calling initialize!
Finished calling initialize!
Finished calling initialize!
Finished calling initialize!
Finished calling initialize!
Finished calling initialize!
Finished calling initialize!
Finished calling initialize!
Finished calling initialize!
Finished calling initialize!
Finished calling initialize!
Finished calling initialize!
Finished calling initialize!
Finished calling initialize!
Finished calling initialize!
Finished calling initialize!
Finished calling initialize!
Finished calling initialize!
Finished calling initialize!
Finished calling initialize!
Finished calling initialize!
Finished calling initialize!
Finished calling initialize!
Finished calling initialize!
Finished calling initialize!
Finished calling initialize!
Finished calling initialize!
Finished calling initialize!
Finished calling initialize!
Finished calling initialize!
Finished calling initialize!
Finished calling initialize!
Finished calling initialize!
Finished calling initialize!
Finished calling initialize!
Finished calling initialize!
Finished calling initialize!
Finished calling initialize!
Finished calling initialize!
Finished calling initialize!
Finished calling initialize!
Finished calling initialize!
Finished calling initialize!
Finished calling initialize!
Finished calling initialize!
Finished calling initialize!
Finished calling initialize!
Finished calling initialize!
Finished calling initialize!
Finished calling initialize!
Finished calling initialize!
Finished calling initialize!
Finished calling initialize!
Finished calling initialize!
Finished calling initialize!
Finished calling initialize!
Finished calling initialize!
Finished calling initialize!
Finished calling initialize!
Finished calling initialize!
Finished calling initialize!
Finished calling initialize!
Finished calling initialize!
Finished calling initialize!
Finished calling initialize!
Finished calling initialize!
Finished calling initialize!
Finished calling initialize!
Finished calling initialize!
Finished calling initialize!
Finished calling initialize!
Finished calling initialize!
Finished calling initialize!
Finished calling initialize!
Finished calling initialize!
Finished calling initialize!
Finished calling initialize!
Finished calling initialize!
Finished calling initialize!
Finished calling initialize!
Finished calling initialize!
Finished calling initialize!
Finished calling initialize!
Finished calling initialize!
Finished calling initialize!
Finished calling initialize!
Finished calling initialize!
Finished calling initialize!
Finished calling initialize!
Finished calling initialize!
Finished calling initialize!
Finished calling initialize!
Finished calling initialize!
Finished calling initialize!
Finished calling initialize!
Finished calling initialize!
Finished calling initialize!
Finished calling initialize!
dt, Initialdt: 0.0661648 0 
TopGrid dt = 6.616479e-02     time = 25.286404181556    cycle = 522    z = 19.2799976375
dt, Initialdt: 0.0662138 0 
TopGrid dt = 6.621380e-02     time = 25.352568967977    cycle = 523    z = 19.244694831565
dt, Initialdt: 0.0662517 0 
TopGrid dt = 6.625167e-02     time = 25.418782770571    cycle = 524    z = 19.20951926958
dt, Initialdt: 0.06629 0 
TopGrid dt = 6.628998e-02     time = 25.485034444288    cycle = 525    z = 19.174476109773
dt, Initialdt: 0.0663284 0 
TopGrid dt = 6.632844e-02     time = 25.551324423489    cycle = 526    z = 19.139564329239
dt, Initialdt: 0.0663674 0 
TopGrid dt = 6.636736e-02     time = 25.617652861941    cycle = 527    z = 19.104783061713
dt, Initialdt: 0.0656471 0 
TopGrid dt = 6.564715e-02     time = 25.684020220373    cycle = 528    z = 19.070131160394
dt, Initialdt: 0.0657396 0 
TopGrid dt = 6.573963e-02     time = 25.749667368477    cycle = 529    z = 19.036001804314
dt, Initialdt: 0.0644172 0 
TopGrid dt = 6.441716e-02     time = 25.815407000843    cycle = 530    z = 19.001969387708
dt, Initialdt: 0.0619415 0 
TopGrid dt = 6.194151e-02     time = 25.879824165648    cycle = 531    z = 18.968761418998
dt, Initialdt: 0.0636857 0 
TopGrid dt = 6.368574e-02     time = 25.941765674899    cycle = 532    z = 18.936959355699
dt, Initialdt: 0.0643881 0 
TopGrid dt = 6.438809e-02     time = 26.005451411746    cycle = 533    z = 18.904393457441
dt, Initialdt: 0.064456 0 
TopGrid dt = 6.445597e-02     time = 26.069839505686    cycle = 534    z = 18.87160326004
dt, Initialdt: 0.0646411 0 
TopGrid dt = 6.464109e-02     time = 26.134295476004    cycle = 535    z = 18.838913413642
dt, Initialdt: 0.0648832 0 
TopGrid dt = 6.488324e-02     time = 26.198936565792    cycle = 536    z = 18.806264272829
dt, Initialdt: 0.0650982 0 
TopGrid dt = 6.509815e-02     time = 26.263819803759    cycle = 537    z = 18.77362752954
dt, Initialdt: 0.0651806 0 
TopGrid dt = 6.518061e-02     time = 26.328917956489    cycle = 538    z = 18.741017456401
*** Error in `/work2/11056/zwu/frontera/enzo_gh/data/251110/ic512_b_starnetlibyt/enzo_260427.exe': corrupted size vs. prev_size: 0x00000000214210c0 ***
======= Backtrace: =========
/lib64/libc.so.6(+0x7f474)[0x2b0414038474]
/lib64/libc.so.6(+0x8156b)[0x2b041403a56b]
/work2/11056/zwu/frontera/enzo_gh/data/251110/ic512_b_starnetlibyt/enzo_260427.exe[0x47b90b]
/work2/11056/zwu/frontera/enzo_gh/data/251110/ic512_b_starnetlibyt/enzo_260427.exe[0x6248d9]
/work2/11056/zwu/frontera/enzo_gh/data/251110/ic512_b_starnetlibyt/enzo_260427.exe[0x657cd3]
/work2/11056/zwu/frontera/enzo_gh/data/251110/ic512_b_starnetlibyt/enzo_260427.exe[0x7cb52b]
/work2/11056/zwu/frontera/enzo_gh/data/251110/ic512_b_starnetlibyt/enzo_260427.exe[0x7c9ea9]
/work2/11056/zwu/frontera/enzo_gh/data/251110/ic512_b_starnetlibyt/enzo_260427.exe[0x4f50cc]
/work2/11056/zwu/frontera/enzo_gh/data/251110/ic512_b_starnetlibyt/enzo_260427.exe[0x4f4900]
/work2/11056/zwu/frontera/enzo_gh/data/251110/ic512_b_starnetlibyt/enzo_260427.exe[0x4f4900]
/work2/11056/zwu/frontera/enzo_gh/data/251110/ic512_b_starnetlibyt/enzo_260427.exe[0x4e282f]
/work2/11056/zwu/frontera/enzo_gh/data/251110/ic512_b_starnetlibyt/enzo_260427.exe[0x40888f]
/lib64/libc.so.6(__libc_start_main+0xf5)[0x2b0413fdb555]
/work2/11056/zwu/frontera/enzo_gh/data/251110/ic512_b_starnetlibyt/enzo_260427.exe[0x408139]
======= Memory map: ========
00400000-00407000 r--p 00000000 3d8:ad14e 144134959974685995             /work2/11056/zwu/frontera/enzo_gh/data/251110/ic512_b_starnetlibyt/enzo_260427.exe
00407000-00a02000 r-xp 00007000 3d8:ad14e 144134959974685995             /work2/11056/zwu/frontera/enzo_gh/data/251110/ic512_b_starnetlibyt/enzo_260427.exe
00a02000-00af4000 r--p 00602000 3d8:ad14e 144134959974685995             /work2/11056/zwu/frontera/enzo_gh/data/251110/ic512_b_starnetlibyt/enzo_260427.exe
00af4000-00af7000 r--p 006f3000 3d8:ad14e 144134959974685995             /work2/11056/zwu/frontera/enzo_gh/data/251110/ic512_b_starnetlibyt/enzo_260427.exe
00af7000-00b3c000 rw-p 006f6000 3d8:ad14e 144134959974685995             /work2/11056/zwu/frontera/enzo_gh/data/251110/ic512_b_starnetlibyt/enzo_260427.exe
00b3c000-05a0c000 rw-p 00000000 00:00 0 
07924000-07cf4000 rw-p 00000000 00:00 0                                  [heap]
07cf4000-07cf6000 rw-p 00000000 00:00 0                                  [heap]
07cf6000-07cf7000 rw-p 00000000 00:00 0                                  [heap]
07cf7000-07d77000 rw-p 00000000 00:00 0                                  [heap]
07d77000-07d78000 rw-p 00000000 00:00 0                                  [heap]
07d78000-07d98000 rw-p 00000000 00:00 0                                  [heap]
07d98000-07da5000 rw-p 00000000 00:00 0                                  [heap]
07da5000-07e25000 rw-p 00000000 00:00 0                                  [heap]
07e25000-07e26000 rw-p 00000000 00:00 0                                  [heap]
07e26000-07ea6000 rw-p 00000000 00:00 0                                  [heap]
07ea6000-07ecf000 rw-p 00000000 00:00 0                                  [heap]
07ecf000-07eef000 rw-p 00000000 00:00 0                                  [heap]
07eef000-10100000 rw-p 00000000 00:00 0                                  [heap]
10100000-10108000 rw-p 00000000 00:00 0                                  [heap]
10108000-10109000 rw-p 00000000 00:00 0                                  [heap]
10109000-10111000 rw-p 00000000 00:00 0                                  [heap]
10111000-10112000 rw-p 00000000 00:00 0                                  [heap]
10112000-1011a000 rw-p 00000000 00:00 0                                  [heap]
1011a000-1011b000 rw-p 00000000 00:00 0                                  [heap]
1011b000-10123000 rw-p 00000000 00:00 0                                  [heap]
10123000-10124000 rw-p 00000000 00:00 0                                  [heap]
10124000-1012c000 rw-p 00000000 00:00 0                                  [heap]
1012c000-1013b000 rw-p 00000000 00:00 0                                  [heap]
1013b000-10143000 rw-p 00000000 00:00 0                                  [heap]
10143000-1022a000 rw-p 00000000 00:00 0                                  [heap]
1022a000-10232000 rw-p 00000000 00:00 0                                  [heap]
10232000-10241000 rw-p 00000000 00:00 0                                  [heap]
10241000-10249000 rw-p 00000000 00:00 0                                  [heap]
10249000-1026a000 rw-p 00000000 00:00 0                                  [heap]
1026a000-10272000 rw-p 00000000 00:00 0                                  [heap]
10272000-10273000 rw-p 00000000 00:00 0                                  [heap]
10273000-1027b000 rw-p 00000000 00:00 0                                  [heap]
1027b000-10290000 rw-p 00000000 00:00 0                                  [heap]
10290000-10298000 rw-p 00000000 00:00 0                                  [heap]
10298000-103c5000 rw-p 00000000 00:00 0                                  [heap]
103c5000-103cd000 rw-p 00000000 00:00 0                                  [heap]
103cd000-103e0000 rw-p 00000000 00:00 0                                  [heap]
103e0000-103e8000 rw-p 00000000 00:00 0                                  [heap]
103e8000-103f7000 rw-p 00000000 00:00 0                                  [heap]
103f7000-103ff000 rw-p 00000000 00:00 0                                  [heap]
103ff000-10401000 rw-p 00000000 00:00 0                                  [heap]
10401000-10409000 rw-p 00000000 00:00 0                                  [heap]
10409000-1040a000 rw-p 00000000 00:00 0                                  [heap]
1040a000-10412000 rw-p 00000000 00:00 0                                  [heap]
10412000-10425000 rw-p 00000000 00:00 0                                  [heap]
10425000-1042d000 rw-p 00000000 00:00 0                                  [heap]
1042d000-1042f000 rw-p 00000000 00:00 0                                  [heap]
1042f000-10437000 rw-p 00000000 00:00 0                                  [heap]
10437000-10438000 rw-p 00000000 00:00 0                                  [heap]
10438000-10440000 rw-p 00000000 00:00 0                                  [heap]
10440000-10442000 rw-p 00000000 00:00 0                                  [heap]
10442000-1044a000 rw-p 00000000 00:00 0                                  [heap]
1044a000-10523000 rw-p 00000000 00:00 0                                  [heap]
10523000-1052b000 rw-p 00000000 00:00 0                                  [heap]
1052b000-105d4000 rw-p 00000000 00:00 0                                  [heap]
105d4000-105dc000 rw-p 00000000 00:00 0                                  [heap]
105dc000-106a4000 rw-p 00000000 00:00 0                                  [heap]
106a4000-106ac000 rw-p 00000000 00:00 0                                  [heap]
106ac000-1075c000 rw-p 00000000 00:00 0                                  [heap]
1075c000-10764000 rw-p 00000000 00:00 0                                  [heap]
10764000-2179f000 rw-p 00000000 00:00 0                                  [heap]
2179f000-217a7000 rw-p 00000000 00:00 0                                  [heap]
217a7000-21833000 rw-p 00000000 00:00 0                                  [heap]
21833000-2183b000 rw-p 00000000 00:00 0                                  [heap]
2183b000-21847000 rw-p 00000000 00:00 0                                  [heap]
21847000-2184f000 rw-p 00000000 00:00 0                                  [heap]
2184f000-39000000 rw-p 00000000 00:00 0                                  [heap]
39000000-3b600000 rw-p 00000000 00:00 0                                  [heap]
3b600000-5abf5000 rw-p 00000000 00:00 0                                  [heap]
5abf5000-5abfd000 rw-p 00000000 00:00 0                                  [heap]
5abfd000-5ac0b000 rw-p 00000000 00:00 0                                  [heap]
5ac0b000-5ac13000 rw-p 00000000 00:00 0                                  [heap]
5ac13000-5ac27000 rw-p 00000000 00:00 0                                  [heap]
5ac27000-5ac2f000 rw-p 00000000 00:00 0                                  [heap]
5ac2f000-5ac43000 rw-p 00000000 00:00 0                                  [heap]
5ac43000-5ac4b000 rw-p 00000000 00:00 0                                  [heap]
5ac4b000-5ac59000 rw-p 00000000 00:00 0                                  [heap]
5ac59000-5ac61000 rw-p 00000000 00:00 0                                  [heap]
5ac61000-86eae000 rw-p 00000000 00:00 0                                  [heap]
2b040e27e000-2b040e2a0000 r-xp 00000000 fd:00 402681673                  /usr/lib64/ld-2.17.so
2b040e2a0000-2b040e2a3000 rw-p 00000000 00:00 0 
2b040e2a3000-2b040e2a6000 r--p 00000000 3d8:ad14e 144134765124010327     /work2/11056/zwu/frontera/miniconda3/envs/libyt/lib/libz.so.1.3.2
2b040e2a6000-2b040e2b6000 r-xp 00003000 3d8:ad14e 144134765124010327     /work2/11056/zwu/frontera/miniconda3/envs/libyt/lib/libz.so.1.3.2
2b040e2b6000-2b040e2bc000 r--p 00013000 3d8:ad14e 144134765124010327     /work2/11056/zwu/frontera/miniconda3/envs/libyt/lib/libz.so.1.3.2
2b040e2bc000-2b040e2bd000 r--p 00019000 3d8:ad14e 144134765124010327     /work2/11056/zwu/frontera/miniconda3/envs/libyt/lib/libz.so.1.3.2
2b040e2bd000-2b040e2be000 rw-p 0001a000 3d8:ad14e 144134765124010327     /work2/11056/zwu/frontera/miniconda3/envs/libyt/lib/libz.so.1.3.2
2b040e2be000-2b040e2ce000 rw-p 00000000 00:00 0 
2b040e2ce000-2b040e2d0000 r--p 00000000 3d8:ad14e 144132292263082908     /work2/11056/zwu/frontera/miniconda3/lib/libefa.so.1.4.59.0
2b040e2d0000-2b040e2d8000 r-xp 00002000 3d8:ad14e 144132292263082908     /work2/11056/zwu/frontera/miniconda3/lib/libefa.so.1.4.59.0
2b040e2d8000-2b040e2db000 r--p 0000a000 3d8:ad14e 144132292263082908     /work2/11056/zwu/frontera/miniconda3/lib/libefa.so.1.4.59.0
2b040e2db000-2b040e2dc000 r--p 0000c000 3d8:ad14e 144132292263082908     /work2/11056/zwu/frontera/miniconda3/lib/libefa.so.1.4.59.0
2b040e2dc000-2b040e2dd000 rw-p 0000d000 3d8:ad14e 144132292263082908     /work2/11056/zwu/frontera/miniconda3/lib/libefa.so.1.4.59.0
2b040e2dd000-2b040e351000 rw-p 00000000 00:00 0 
2b040e351000-2b040e362000 r--p 00000000 3d8:ad14e 144134765124072526     /work2/11056/zwu/frontera/enzo_gh/libyt_dev/libyt_wr/install/lib/libyt.so.0.5.0
2b040e362000-2b040e3dd000 r-xp 00011000 3d8:ad14e 144134765124072526     /work2/11056/zwu/frontera/enzo_gh/libyt_dev/libyt_wr/install/lib/libyt.so.0.5.0
2b040e3dd000-2b040e3fa000 r--p 0008c000 3d8:ad14e 144134765124072526     /work2/11056/zwu/frontera/enzo_gh/libyt_dev/libyt_wr/install/lib/libyt.so.0.5.0
2b040e3fa000-2b040e3fb000 r--p 000a8000 3d8:ad14e 144134765124072526     /work2/11056/zwu/frontera/enzo_gh/libyt_dev/libyt_wr/install/lib/libyt.so.0.5.0
2b040e3fb000-2b040e3fc000 rw-p 000a9000 3d8:ad14e 144134765124072526     /work2/11056/zwu/frontera/enzo_gh/libyt_dev/libyt_wr/install/lib/libyt.so.0.5.0
2b040e3fc000-2b040e3fd000 rw-p 00000000 00:00 0 
2b040e3fd000-2b040e401000 r--p 00000000 3d8:ad14e 144134765124008883     /work2/11056/zwu/frontera/miniconda3/envs/libyt/lib/libgcc_s.so.1
2b040e401000-2b040e424000 r-xp 00004000 3d8:ad14e 144134765124008883     /work2/11056/zwu/frontera/miniconda3/envs/libyt/lib/libgcc_s.so.1
2b040e424000-2b040e428000 r--p 00027000 3d8:ad14e 144134765124008883     /work2/11056/zwu/frontera/miniconda3/envs/libyt/lib/libgcc_s.so.1
2b040e428000-2b040e429000 r--p 0002a000 3d8:ad14e 144134765124008883     /work2/11056/zwu/frontera/miniconda3/envs/libyt/lib/libgcc_s.so.1
2b040e429000-2b040e42a000 rw-p 0002b000 3d8:ad14e 144134765124008883     /work2/11056/zwu/frontera/miniconda3/envs/libyt/lib/libgcc_s.so.1
2b040e42a000-2b040e42b000 r--p 00000000 fd:00 148942345                  /opt/apps/intel19/hdf5/1.10.4/x86_64/lib/libsz.so.2.0.0
2b040e42b000-2b040e43c000 r-xp 00001000 fd:00 148942345                  /opt/apps/intel19/hdf5/1.10.4/x86_64/lib/libsz.so.2.0.0
2b040e43c000-2b040e43e000 r--p 00012000 fd:00 148942345                  /opt/apps/intel19/hdf5/1.10.4/x86_64/lib/libsz.so.2.0.0
2b040e43e000-2b040e43f000 r--p 00013000 fd:00 148942345                  /opt/apps/intel19/hdf5/1.10.4/x86_64/lib/libsz.so.2.0.0
2b040e43f000-2b040e440000 rw-p 00014000 fd:00 148942345                  /opt/apps/intel19/hdf5/1.10.4/x86_64/lib/libsz.so.2.0.0
2b040e440000-2b040e448000 rw-p 00000000 00:00 0 
2b040e448000-2b040e44b000 r--p 00000000 3d8:ad14e 144134765124008903     /work2/11056/zwu/frontera/miniconda3/envs/libyt/lib/libquadmath.so.0.0.0
2b040e44b000-2b040e477000 r-xp 00003000 3d8:ad14e 144134765124008903     /work2/11056/zwu/frontera/miniconda3/envs/libyt/lib/libquadmath.so.0.0.0
2b040e477000-2b040e48e000 r--p 0002f000 3d8:ad14e 144134765124008903     /work2/11056/zwu/frontera/miniconda3/envs/libyt/lib/libquadmath.so.0.0.0
2b040e48e000-2b040e48f000 r--p 00045000 3d8:ad14e 144134765124008903     /work2/11056/zwu/frontera/miniconda3/envs/libyt/lib/libquadmath.so.0.0.0
2b040e48f000-2b040e490000 rw-p 00046000 3d8:ad14e 144134765124008903     /work2/11056/zwu/frontera/miniconda3/envs/libyt/lib/libquadmath.so.0.0.0
2b040e490000-2b040e492000 r--p 00000000 3d8:ad14e 144132292263082135     /work2/11056/zwu/frontera/miniconda3/lib/libibverbs/libhfi1verbs-rdmav59.so
2b040e492000-2b040e494000 r-xp 00002000 3d8:ad14e 144132292263082135     /work2/11056/zwu/frontera/miniconda3/lib/libibverbs/libhfi1verbs-rdmav59.so
2b040e494000-2b040e495000 r--p 00004000 3d8:ad14e 144132292263082135     /work2/11056/zwu/frontera/miniconda3/lib/libibverbs/libhfi1verbs-rdmav59.so
2b040e495000-2b040e496000 r--p 00005000 3d8:ad14e 144132292263082135     /work2/11056/zwu/frontera/miniconda3/lib/libibverbs/libhfi1verbs-rdmav59.so
2b040e496000-2b040e497000 rw-p 00006000 3d8:ad14e 144132292263082135     /work2/11056/zwu/frontera/miniconda3/lib/libibverbs/libhfi1verbs-rdmav59.so
2b040e497000-2b040e499000 r--p 00000000 3d8:ad14e 144132292263082510     /work2/11056/zwu/frontera/miniconda3/lib/libibverbs/liberdma-rdmav59.so
2b040e499000-2b040e49b000 r-xp 00002000 3d8:ad14e 144132292263082510     /work2/11056/zwu/frontera/miniconda3/lib/libibverbs/liberdma-rdmav59.so
2b040e49b000-2b040e49c000 r--p 00004000 3d8:ad14e 144132292263082510     /work2/11056/zwu/frontera/miniconda3/lib/libibverbs/liberdma-rdmav59.so
2b040e49c000-2b040e49d000 r--p 00004000 3d8:ad14e 144132292263082510     /work2/11056/zwu/frontera/miniconda3/lib/libibverbs/liberdma-rdmav59.so
2b040e49d000-2b040e49e000 rw-p 00005000 3d8:ad14e 144132292263082510     /work2/11056/zwu/frontera/miniconda3/lib/libibverbs/liberdma-rdmav59.so
2b040e49e000-2b040e49f000 r--s 00500000 00:05 26645                      /dev/infiniband/uverbs0
2b040e49f000-2b040e4a0000 r--p 00021000 fd:00 402681673                  /usr/lib64/ld-2.17.so
2b040e4a0000-2b040e4a1000 rw-p 00022000 fd:00 402681673                  /usr/lib64/ld-2.17.so
2b040e4a1000-2b040e4a2000 rw-p 00000000 00:00 0 
2b040e4a2000-2b040e4eb000 r--p 00000000 fd:00 148942315                  /opt/apps/intel19/hdf5/1.10.4/x86_64/lib/libhdf5.so.103.0.0
2b040e4eb000-2b040e80d000 r-xp 00049000 fd:00 148942315                  /opt/apps/intel19/hdf5/1.10.4/x86_64/lib/libhdf5.so.103.0.0
2b040e80d000-2b040e923000 r--p 0036b000 fd:00 148942315                  /opt/apps/intel19/hdf5/1.10.4/x86_64/lib/libhdf5.so.103.0.0
2b040e923000-2b040e924000 ---p 00481000 fd:00 148942315                  /opt/apps/intel19/hdf5/1.10.4/x86_64/lib/libhdf5.so.103.0.0
2b040e924000-2b040e92e000 r--p 00481000 fd:00 148942315                  /opt/apps/intel19/hdf5/1.10.4/x86_64/lib/libhdf5.so.103.0.0
2b040e92e000-2b040e938000 rw-p 0048b000 fd:00 148942315                  /opt/apps/intel19/hdf5/1.10.4/x86_64/lib/libhdf5.so.103.0.0
2b040e938000-2b040e93b000 rw-p 00000000 00:00 0 
2b040e93b000-2b040ea3c000 r-xp 00000000 fd:00 402681689                  /usr/lib64/libm-2.17.so
2b040ea3c000-2b040ec3b000 ---p 00101000 fd:00 402681689                  /usr/lib64/libm-2.17.so
2b040ec3b000-2b040ec3c000 r--p 00100000 fd:00 402681689                  /usr/lib64/libm-2.17.so
2b040ec3c000-2b040ec3d000 rw-p 00101000 fd:00 402681689                  /usr/lib64/libm-2.17.so
2b040ec3d000-2b040ed77000 r-xp 00000000 fd:00 269125048                  /opt/intel/compilers_and_libraries_2019.5.281/linux/compiler/lib/intel64_lin/libifcore.so.5
2b040ed77000-2b040ef76000 ---p 0013a000 fd:00 269125048                  /opt/intel/compilers_and_libraries_2019.5.281/linux/compiler/lib/intel64_lin/libifcore.so.5
2b040ef76000-2b040ef79000 r--p 00139000 fd:00 269125048                  /opt/intel/compilers_and_libraries_2019.5.281/linux/compiler/lib/intel64_lin/libifcore.so.5
2b040ef79000-2b040ef7c000 rw-p 0013c000 fd:00 269125048                  /opt/intel/compilers_and_libraries_2019.5.281/linux/compiler/lib/intel64_lin/libifcore.so.5
2b040ef7c000-2b040ef9a000 rw-p 00000000 00:00 0 
2b040ef9a000-2b040f154000 r-xp 00000000 fd:00 286083631                  /opt/intel/compilers_and_libraries_2019.5.281/linux/compiler/lib/intel64_lin/libiomp5.so
2b040f154000-2b040f354000 ---p 001ba000 fd:00 286083631                  /opt/intel/compilers_and_libraries_2019.5.281/linux/compiler/lib/intel64_lin/libiomp5.so
2b040f354000-2b040f357000 r--p 001ba000 fd:00 286083631                  /opt/intel/compilers_and_libraries_2019.5.281/linux/compiler/lib/intel64_lin/libiomp5.so
2b040f357000-2b040f361000 rw-p 001bd000 fd:00 286083631                  /opt/intel/compilers_and_libraries_2019.5.281/linux/compiler/lib/intel64_lin/libiomp5.so
2b040f361000-2b040f38f000 rw-p 00000000 00:00 0 
2b040f38f000-2b040f3b3000 r--p 00000000 3d8:ad14e 144134765124016352     /work2/11056/zwu/frontera/miniconda3/envs/libyt/lib/libgfortran.so.5.0.0
2b040f3b3000-2b040f6ac000 r-xp 00024000 3d8:ad14e 144134765124016352     /work2/11056/zwu/frontera/miniconda3/envs/libyt/lib/libgfortran.so.5.0.0
2b040f6ac000-2b040f6e3000 r--p 0031d000 3d8:ad14e 144134765124016352     /work2/11056/zwu/frontera/miniconda3/envs/libyt/lib/libgfortran.so.5.0.0
2b040f6e3000-2b040f6e4000 r--p 00354000 3d8:ad14e 144134765124016352     /work2/11056/zwu/frontera/miniconda3/envs/libyt/lib/libgfortran.so.5.0.0
2b040f6e4000-2b040f6e6000 rw-p 00355000 3d8:ad14e 144134765124016352     /work2/11056/zwu/frontera/miniconda3/envs/libyt/lib/libgfortran.so.5.0.0
2b040f6e6000-2b040faf0000 r-xp 00000000 fd:00 269131664                  /opt/intel/compilers_and_libraries_2019.5.281/linux/compiler/lib/intel64_lin/libimf.so
2b040faf0000-2b040fcf0000 ---p 0040a000 fd:00 269131664                  /opt/intel/compilers_and_libraries_2019.5.281/linux/compiler/lib/intel64_lin/libimf.so
2b040fcf0000-2b040fcf7000 r--p 0040a000 fd:00 269131664                  /opt/intel/compilers_and_libraries_2019.5.281/linux/compiler/lib/intel64_lin/libimf.so
2b040fcf7000-2b040fd6b000 rw-p 00411000 fd:00 269131664                  /opt/intel/compilers_and_libraries_2019.5.281/linux/compiler/lib/intel64_lin/libimf.so
2b040fd6b000-2b0411573000 r-xp 00000000 fd:00 269131681                  /opt/intel/compilers_and_libraries_2019.5.281/linux/compiler/lib/intel64_lin/libsvml.so
2b0411573000-2b0411773000 ---p 01808000 fd:00 269131681                  /opt/intel/compilers_and_libraries_2019.5.281/linux/compiler/lib/intel64_lin/libsvml.so
2b0411773000-2b04117c3000 r--p 01808000 fd:00 269131681                  /opt/intel/compilers_and_libraries_2019.5.281/linux/compiler/lib/intel64_lin/libsvml.so
2b04117c3000-2b04117f7000 rw-p 01858000 fd:00 269131681                  /opt/intel/compilers_and_libraries_2019.5.281/linux/compiler/lib/intel64_lin/libsvml.so
2b04117f7000-2b041194f000 r-xp 00000000 fd:00 269131672                  /opt/intel/compilers_and_libraries_2019.5.281/linux/compiler/lib/intel64_lin/libirng.so
2b041194f000-2b0411b4e000 ---p 00158000 fd:00 269131672                  /opt/intel/compilers_and_libraries_2019.5.281/linux/compiler/lib/intel64_lin/libirng.so
2b0411b4e000-2b0411b4f000 r--p 00157000 fd:00 269131672                  /opt/intel/compilers_and_libraries_2019.5.281/linux/compiler/lib/intel64_lin/libirng.so
2b0411b4f000-2b0411b62000 rw-p 00158000 fd:00 269131672                  /opt/intel/compilers_and_libraries_2019.5.281/linux/compiler/lib/intel64_lin/libirng.so
2b0411b62000-2b0411bd0000 r-xp 00000000 fd:00 269131666                  /opt/intel/compilers_and_libraries_2019.5.281/linux/compiler/lib/intel64_lin/libintlc.so.5
2b0411bd0000-2b0411dd0000 ---p 0006e000 fd:00 269131666                  /opt/intel/compilers_and_libraries_2019.5.281/linux/compiler/lib/intel64_lin/libintlc.so.5
2b0411dd0000-2b0411dd1000 r--p 0006e000 fd:00 269131666                  /opt/intel/compilers_and_libraries_2019.5.281/linux/compiler/lib/intel64_lin/libintlc.so.5
2b0411dd1000-2b0411dd2000 rw-p 0006f000 fd:00 269131666                  /opt/intel/compilers_and_libraries_2019.5.281/linux/compiler/lib/intel64_lin/libintlc.so.5
2b0411dd2000-2b0411dd4000 rw-p 00000000 00:00 0 
2b0411dd4000-2b0411ddb000 r-xp 00000000 fd:00 402770576                  /usr/lib64/librt-2.17.so
2b0411ddb000-2b0411fda000 ---p 00007000 fd:00 402770576                  /usr/lib64/librt-2.17.so
2b0411fda000-2b0411fdb000 r--p 00006000 fd:00 402770576                  /usr/lib64/librt-2.17.so
2b0411fdb000-2b0411fdc000 rw-p 00007000 fd:00 402770576                  /usr/lib64/librt-2.17.so
2b0411fdc000-2b0411ff3000 r-xp 00000000 fd:00 402681711                  /usr/lib64/libpthread-2.17.so
2b0411ff3000-2b04121f2000 ---p 00017000 fd:00 402681711                  /usr/lib64/libpthread-2.17.so
2b04121f2000-2b04121f3000 r--p 00016000 fd:00 402681711                  /usr/lib64/libpthread-2.17.so
2b04121f3000-2b04121f4000 rw-p 00017000 fd:00 402681711                  /usr/lib64/libpthread-2.17.so
2b04121f4000-2b04121f8000 rw-p 00000000 00:00 0 
2b04121f8000-2b0412216000 r-xp 00000000 fd:00 405840293                  /opt/intel/compilers_and_libraries_2020.4.304/linux/mpi/intel64/lib/libmpicxx.so.12.0.0
2b0412216000-2b0412415000 ---p 0001e000 fd:00 405840293                  /opt/intel/compilers_and_libraries_2020.4.304/linux/mpi/intel64/lib/libmpicxx.so.12.0.0
2b0412415000-2b0412416000 r--p 0001d000 fd:00 405840293                  /opt/intel/compilers_and_libraries_2020.4.304/linux/mpi/intel64/lib/libmpicxx.so.12.0.0
2b0412416000-2b0412418000 rw-p 0001e000 fd:00 405840293                  /opt/intel/compilers_and_libraries_2020.4.304/linux/mpi/intel64/lib/libmpicxx.so.12.0.0
2b0412418000-2b04125aa000 r-xp 00000000 fd:00 405840297                  /opt/intel/compilers_and_libraries_2020.4.304/linux/mpi/intel64/lib/libmpifort.so.12.0.0
2b04125aa000-2b04127aa000 ---p 00192000 fd:00 405840297                  /opt/intel/compilers_and_libraries_2020.4.304/linux/mpi/intel64/lib/libmpifort.so.12.0.0
2b04127aa000-2b04127ae000 r--p 00192000 fd:00 405840297                  /opt/intel/compilers_and_libraries_2020.4.304/linux/mpi/intel64/lib/libmpifort.so.12.0.0
2b04127ae000-2b04127b2000 rw-p 00196000 fd:00 405840297                  /opt/intel/compilers_and_libraries_2020.4.304/linux/mpi/intel64/lib/libmpifort.so.12.0.0
2b04127b2000-2b04127d6000 rw-p 00000000 00:00 0 
2b04127d6000-2b041360b000 r-xp 00000000 fd:00 332747970                  /opt/intel/compilers_and_libraries_2020.4.304/linux/mpi/intel64/lib/release/libmpi.so.12.0.0
2b041360b000-2b041380b000 ---p 00e35000 fd:00 332747970                  /opt/intel/compilers_and_libraries_2020.4.304/linux/mpi/intel64/lib/release/libmpi.so.12.0.0
2b041380b000-2b041381c000 r--p 00e35000 fd:00 332747970                  /opt/intel/compilers_and_libraries_2020.4.304/linux/mpi/intel64/lib/release/libmpi.so.12.0.0
2b041381c000-2b041382d000 rw-p 00e46000 fd:00 332747970                  /opt/intel/compilers_and_libraries_2020.4.304/linux/mpi/intel64/lib/release/libmpi.so.12.0.0
2b041382d000-2b0413b36000 rw-p 00000000 00:00 0 
2b0413b36000-2b0413b38000 r-xp 00000000 fd:00 402681686                  /usr/lib64/libdl-2.17.so
2b0413b38000-2b0413d38000 ---p 00002000 fd:00 402681686                  /usr/lib64/libdl-2.17.so
2b0413d38000-2b0413d39000 r--p 00002000 fd:00 402681686                  /usr/lib64/libdl-2.17.so
2b0413d39000-2b0413d3a000 rw-p 00003000 fd:00 402681686                  /usr/lib64/libdl-2.17.so
2b0413d3a000-2b0413de4000 r--p 00000000 3d8:ad14e 144134765124008209     /work2/11056/zwu/frontera/miniconda3/envs/libyt/lib/libstdc++.so.6.0.34
2b0413de4000-2b0413f15000 r-xp 000aa000 3d8:ad14e 144134765124008209     /work2/11056/zwu/frontera/miniconda3/envs/libyt/lib/libstdc++.so.6.0.34
2b0413f15000-2b0413fa3000 r--p 001db000 3d8:ad14e 144134765124008209     /work2/11056/zwu/frontera/miniconda3/envs/libyt/lib/libstdc++.so.6.0.34
2b0413fa3000-2b0413fb2000 r--p 00268000 3d8:ad14e 144134765124008209     /work2/11056/zwu/frontera/miniconda3/envs/libyt/lib/libstdc++.so.6.0.34
2b0413fb2000-2b0413fb5000 rw-p 00277000 3d8:ad14e 144134765124008209     /work2/11056/zwu/frontera/miniconda3/envs/libyt/lib/libstdc++.so.6.0.34
2b0413fb5000-2b0413fb9000 rw-p 00000000 00:00 0 
2b0413fb9000-2b04140ae000 r-xp 00000000 fd:00 402681679                  /usr/lib64/libc-2.17.so
2b04140ae000-2b04140af000 r-xp 000f5000 fd:00 402681679                  /usr/lib64/libc-2.17.so
2b04140af000-2b04140b1000 r-xp 000f6000 fd:00 402681679                  /usr/lib64/libc-2.17.so
2b04140b1000-2b04140b3000 r-xp 000f8000 fd:00 402681679                  /usr/lib64/libc-2.17.so
2b04140b3000-2b04140b8000 r-xp 000fa000 fd:00 402681679                  /usr/lib64/libc-2.17.so
2b04140b8000-2b04140ba000 r-xp 000ff000 fd:00 402681679                  /usr/lib64/libc-2.17.so
2b04140ba000-2b041417d000 r-xp 00101000 fd:00 402681679                  /usr/lib64/libc-2.17.so
2b041417d000-2b041437c000 ---p 001c4000 fd:00 402681679                  /usr/lib64/libc-2.17.so
2b041437c000-2b0414380000 r--p 001c3000 fd:00 402681679                  /usr/lib64/libc-2.17.so
2b0414380000-2b0414382000 rw-p 001c7000 fd:00 402681679                  /usr/lib64/libc-2.17.so
2b0414382000-2b0414387000 rw-p 00000000 00:00 0 
2b0414387000-2b041440d000 r--p 00000000 3d8:ad14e 144134765124014084     /work2/11056/zwu/frontera/miniconda3/envs/libyt/lib/libpython3.13.so.1.0
2b041440d000-2b04146b5000 r-xp 00086000 3d8:ad14e 144134765124014084     /work2/11056/zwu/frontera/miniconda3/envs/libyt/lib/libpython3.13.so.1.0
2b04146b5000-2b0414832000 r--p 0032e000 3d8:ad14e 144134765124014084     /work2/11056/zwu/frontera/miniconda3/envs/libyt/lib/libpython3.13.so.1.0
2b0414832000-2b0414884000 r--p 004aa000 3d8:ad14e 144134765124014084     /work2/11056/zwu/frontera/miniconda3/envs/libyt/lib/libpython3.13.so.1.0
2b0414884000-2b0414905000 rw-p 004fc000 3d8:ad14e 144134765124014084     /work2/11056/zwu/frontera/miniconda3/envs/libyt/lib/libpython3.13.so.1.0
2b0414905000-2b041497e000 rw-p 00000000 00:00 0 
2b041497e000-2b04149ba000 r-xp 00000000 fd:00 402682723                  /usr/lib64/libreadline.so.6.2
2b04149ba000-2b0414bba000 ---p 0003c000 fd:00 402682723                  /usr/lib64/libreadline.so.6.2
2b0414bba000-2b0414bbc000 r--p 0003c000 fd:00 402682723                  /usr/lib64/libreadline.so.6.2
2b0414bbc000-2b0414bc2000 rw-p 0003e000 fd:00 402682723                  /usr/lib64/libreadline.so.6.2
2b0414bc2000-2b0414bc4000 rw-p 00000000 00:00 0 
2b0414bc4000-2b0414c03000 r-xp 00000000 fd:00 297695586                  /opt/intel/compilers_and_libraries_2020.4.304/linux/mpi/intel64/libfabric/lib/libfabric.so.1
2b0414c03000-2b0414e03000 ---p 0003f000 fd:00 297695586                  /opt/intel/compilers_and_libraries_2020.4.304/linux/mpi/intel64/libfabric/lib/libfabric.so.1
2b0414e03000-2b0414e06000 rw-p 0003f000 fd:00 297695586                  /opt/intel/compilers_and_libraries_2020.4.304/linux/mpi/intel64/libfabric/lib/libfabric.so.1
2b0414e06000-2b0414e08000 r-xp 00000000 fd:00 402681719                  /usr/lib64/libutil-2.17.so
2b0414e08000-2b0415007000 ---p 00002000 fd:00 402681719                  /usr/lib64/libutil-2.17.so
2b0415007000-2b0415008000 r--p 00001000 fd:00 402681719                  /usr/lib64/libutil-2.17.so
2b0415008000-2b0415009000 rw-p 00002000 fd:00 402681719                  /usr/lib64/libutil-2.17.so
2b0415009000-2b041502e000 r-xp 00000000 fd:00 402682346                  /usr/lib64/libtinfo.so.5.9
2b041502e000-2b041522e000 ---p 00025000 fd:00 402682346                  /usr/lib64/libtinfo.so.5.9
2b041522e000-2b0415232000 r--p 00025000 fd:00 402682346                  /usr/lib64/libtinfo.so.5.9
2b0415232000-2b0415233000 rw-p 00029000 fd:00 402682346                  /usr/lib64/libtinfo.so.5.9
2b0415233000-2b041523d000 r-xp 00000000 fd:00 403489283                  /usr/lib64/libnuma.so.1.0.0
2b041523d000-2b041543d000 ---p 0000a000 fd:00 403489283                  /usr/lib64/libnuma.so.1.0.0
2b041543d000-2b041543e000 r--p 0000a000 fd:00 403489283                  /usr/lib64/libnuma.so.1.0.0
2b041543e000-2b041543f000 rw-p 0000b000 fd:00 403489283                  /usr/lib64/libnuma.so.1.0.0
2b041543f000-2b04f2169000 rw-s 00000000 00:13 15102785                   /dev/shm/Intel_MPI_J6ZblF (deleted)
2b04f2169000-2b04f21b6000 r-xp 00000000 fd:00 405840318                  /opt/intel/compilers_and_libraries_2020.4.304/linux/mpi/intel64/libfabric/lib/prov/libverbs-fi.so
2b04f21b6000-2b04f23b5000 ---p 0004d000 fd:00 405840318                  /opt/intel/compilers_and_libraries_2020.4.304/linux/mpi/intel64/libfabric/lib/prov/libverbs-fi.so
2b04f23b5000-2b04f23b9000 rw-p 0004c000 fd:00 405840318                  /opt/intel/compilers_and_libraries_2020.4.304/linux/mpi/intel64/libfabric/lib/prov/libverbs-fi.so
2b04f23b9000-2b04f23be000 r--p 00000000 3d8:ad14e 144132292263083547     /work2/11056/zwu/frontera/miniconda3/lib/librdmacm.so.1.3.59.0
2b04f23be000-2b04f23d2000 r-xp 00005000 3d8:ad14e 144132292263083547     /work2/11056/zwu/frontera/miniconda3/lib/librdmacm.so.1.3.59.0
2b04f23d2000-2b04f23d6000 r--p 00019000 3d8:ad14e 144132292263083547     /work2/11056/zwu/frontera/miniconda3/lib/librdmacm.so.1.3.59.0
2b04f23d6000-2b04f23d7000 r--p 0001c000 3d8:ad14e 144132292263083547     /work2/11056/zwu/frontera/miniconda3/lib/librdmacm.so.1.3.59.0
2b04f23d7000-2b04f23d8000 rw-p 0001d000 3d8:ad14e 144132292263083547     /work2/11056/zwu/frontera/miniconda3/lib/librdmacm.so.1.3.59.0
2b04f23d8000-2b04f23d9000 rw-p 00000000 00:00 0 
2b04f23d9000-2b04f23e1000 r--p 00000000 3d8:ad14e 144132292263083546     /work2/11056/zwu/frontera/miniconda3/lib/libibverbs.so.1.15.59.0
2b04f23e1000-2b04f23f4000 r-xp 00008000 3d8:ad14e 144132292263083546     /work2/11056/zwu/frontera/miniconda3/lib/libibverbs.so.1.15.59.0
2b04f23f4000-2b04f23fa000 r--p 0001b000 3d8:ad14e 144132292263083546     /work2/11056/zwu/frontera/miniconda3/lib/libibverbs.so.1.15.59.0
2b04f23fa000-2b04f23fb000 r--p 00020000 3d8:ad14e 144132292263083546     /work2/11056/zwu/frontera/miniconda3/lib/libibverbs.so.1.15.59.0
2b04f23fb000-2b04f23fc000 rw-p 00021000 3d8:ad14e 144132292263083546     /work2/11056/zwu/frontera/miniconda3/lib/libibverbs.so.1.15.59.0
2b04f23fc000-2b04f2406000 r--p 00000000 3d8:ad14e 144132292263081342     /work2/11056/zwu/frontera/miniconda3/lib/libnl-3.so.200.26.0
2b04f2406000-2b04f2415000 r-xp 0000a000 3d8:ad14e 144132292263081342     /work2/11056/zwu/frontera/miniconda3/lib/libnl-3.so.200.26.0
2b04f2415000-2b04f241e000 r--p 00019000 3d8:ad14e 144132292263081342     /work2/11056/zwu/frontera/miniconda3/lib/libnl-3.so.200.26.0
2b04f241e000-2b04f2420000 r--p 00021000 3d8:ad14e 144132292263081342     /work2/11056/zwu/frontera/miniconda3/lib/libnl-3.so.200.26.0
2b04f2420000-2b04f2421000 rw-p 00023000 3d8:ad14e 144132292263081342     /work2/11056/zwu/frontera/miniconda3/lib/libnl-3.so.200.26.0
2b04f2421000-2b04f2443000 r--p 00000000 3d8:ad14e 144132292263083512     /work2/11056/zwu/frontera/miniconda3/lib/libnl-route-3.so.200.26.0
2b04f2443000-2b04f2489000 r-xp 00022000 3d8:ad14e 144132292263083512     /work2/11056/zwu/frontera/miniconda3/lib/libnl-route-3.so.200.26.0
2b04f2489000-2b04f24aa000 r--p 00068000 3d8:ad14e 144132292263083512     /work2/11056/zwu/frontera/miniconda3/lib/libnl-route-3.so.200.26.0
2b04f24aa000-2b04f24ae000 r--p 00089000 3d8:ad14e 144132292263083512     /work2/11056/zwu/frontera/miniconda3/lib/libnl-route-3.so.200.26.0
2b04f24ae000-2b04f24b3000 rw-p 0008d000 3d8:ad14e 144132292263083512     /work2/11056/zwu/frontera/miniconda3/lib/libnl-route-3.so.200.26.0
2b04f24b3000-2b04f24b6000 rw-p 00000000 00:00 0 
2b04f24b6000-2b04f24b8000 r--p 00000000 3d8:ad14e 144132292263082965     /work2/11056/zwu/frontera/miniconda3/lib/libibverbs/libbnxt_re-rdmav59.so
2b04f24b8000-2b04f24bf000 r-xp 00002000 3d8:ad14e 144132292263082965     /work2/11056/zwu/frontera/miniconda3/lib/libibverbs/libbnxt_re-rdmav59.so
2b04f24bf000-2b04f24c1000 r--p 00009000 3d8:ad14e 144132292263082965     /work2/11056/zwu/frontera/miniconda3/lib/libibverbs/libbnxt_re-rdmav59.so
2b04f24c1000-2b04f24c2000 r--p 0000a000 3d8:ad14e 144132292263082965     /work2/11056/zwu/frontera/miniconda3/lib/libibverbs/libbnxt_re-rdmav59.so
2b04f24c2000-2b04f24c3000 rw-p 0000b000 3d8:ad14e 144132292263082965     /work2/11056/zwu/frontera/miniconda3/lib/libibverbs/libbnxt_re-rdmav59.so
2b04f24c3000-2b04f24c5000 r--p 00000000 3d8:ad14e 144132292263082415     /work2/11056/zwu/frontera/miniconda3/lib/libibverbs/libcxgb4-rdmav59.so
2b04f24c5000-2b04f24cc000 r-xp 00002000 3d8:ad14e 144132292263082415     /work2/11056/zwu/frontera/miniconda3/lib/libibverbs/libcxgb4-rdmav59.so
2b04f24cc000-2b04f24ce000 r--p 00009000 3d8:ad14e 144132292263082415     /work2/11056/zwu/frontera/miniconda3/lib/libibverbs/libcxgb4-rdmav59.so
2b04f24ce000-2b04f24cf000 r--p 0000b000 3d8:ad14e 144132292263082415     /work2/11056/zwu/frontera/miniconda3/lib/libibverbs/libcxgb4-rdmav59.so
2b04f24cf000-2b04f24d0000 rw-p 0000c000 3d8:ad14e 144132292263082415     /work2/11056/zwu/frontera/miniconda3/lib/libibverbs/libcxgb4-rdmav59.so
2b04f24d0000-2b04f24d2000 r--p 00000000 3d8:ad14e 144132292263082756     /work2/11056/zwu/frontera/miniconda3/lib/libibverbs/libqedr-rdmav59.so
2b04f24d2000-2b04f24d8000 r-xp 00002000 3d8:ad14e 144132292263082756     /work2/11056/zwu/frontera/miniconda3/lib/libibverbs/libqedr-rdmav59.so
2b04f24d8000-2b04f24db000 r--p 00008000 3d8:ad14e 144132292263082756     /work2/11056/zwu/frontera/miniconda3/lib/libibverbs/libqedr-rdmav59.so
2b04f24db000-2b04f24dc000 r--p 0000b000 3d8:ad14e 144132292263082756     /work2/11056/zwu/frontera/miniconda3/lib/libibverbs/libqedr-rdmav59.so
2b04f24dc000-2b04f24dd000 rw-p 0000c000 3d8:ad14e 144132292263082756     /work2/11056/zwu/frontera/miniconda3/lib/libibverbs/libqedr-rdmav59.so
2b04f24dd000-2b04f24df000 r--p 00000000 3d8:ad14e 144132292263083057     /work2/11056/zwu/frontera/miniconda3/lib/libibverbs/libocrdma-rdmav59.so
2b04f24df000-2b04f24e3000 r-xp 00002000 3d8:ad14e 144132292263083057     /work2/11056/zwu/frontera/miniconda3/lib/libibverbs/libocrdma-rdmav59.so
2b04f24e3000-2b04f24e4000 r--p 00006000 3d8:ad14e 144132292263083057     /work2/11056/zwu/frontera/miniconda3/lib/libibverbs/libocrdma-rdmav59.so
2b04f24e4000-2b04f24e5000 r--p 00007000 3d8:ad14e 144132292263083057     /work2/11056/zwu/frontera/miniconda3/lib/libibverbs/libocrdma-rdmav59.so
2b04f24e5000-2b04f24e6000 rw-p 00008000 3d8:ad14e 144132292263083057     /work2/11056/zwu/frontera/miniconda3/lib/libibverbs/libocrdma-rdmav59.so
2b04f24e6000-2b04f24e8000 r--p 00000000 3d8:ad14e 144132292263082804     /work2/11056/zwu/frontera/miniconda3/lib/libhns.so.1.0.59.0
2b04f24e8000-2b04f24f2000 r-xp 00002000 3d8:ad14e 144132292263082804     /work2/11056/zwu/frontera/miniconda3/lib/libhns.so.1.0.59.0
2b04f24f2000-2b04f24f5000 r--p 0000c000 3d8:ad14e 144132292263082804     /work2/11056/zwu/frontera/miniconda3/lib/libhns.so.1.0.59.0
2b04f24f5000-2b04f24f6000 r--p 0000e000 3d8:ad14e 144132292263082804     /work2/11056/zwu/frontera/miniconda3/lib/libhns.so.1.0.59.0
2b04f24f6000-2b04f24f7000 rw-p 0000f000 3d8:ad14e 144132292263082804     /work2/11056/zwu/frontera/miniconda3/lib/libhns.so.1.0.59.0
2b04f24f7000-2b04f24f9000 r--p 00000000 3d8:ad14e 144132292263081634     /work2/11056/zwu/frontera/miniconda3/lib/libibverbs/librxe-rdmav59.so
2b04f24f9000-2b04f24fd000 r-xp 00002000 3d8:ad14e 144132292263081634     /work2/11056/zwu/frontera/miniconda3/lib/libibverbs/librxe-rdmav59.so
2b04f24fd000-2b04f24fe000 r--p 00006000 3d8:ad14e 144132292263081634     /work2/11056/zwu/frontera/miniconda3/lib/libibverbs/librxe-rdmav59.so
2b04f24fe000-2b04f24ff000 r--p 00007000 3d8:ad14e 144132292263081634     /work2/11056/zwu/frontera/miniconda3/lib/libibverbs/librxe-rdmav59.so
2b04f24ff000-2b04f2500000 rw-p 00008000 3d8:ad14e 144132292263081634     /work2/11056/zwu/frontera/miniconda3/lib/libibverbs/librxe-rdmav59.so
2b04f2500000-2b04f2502000 r--p 00000000 3d8:ad14e 144132292263081367     /work2/11056/zwu/frontera/miniconda3/lib/libibverbs/libirdma-rdmav59.so
2b04f2502000-2b04f2508000 r-xp 00002000 3d8:ad14e 144132292263081367     /work2/11056/zwu/frontera/miniconda3/lib/libibverbs/libirdma-rdmav59.so
2b04f2508000-2b04f250a000 r--p 00008000 3d8:ad14e 144132292263081367     /work2/11056/zwu/frontera/miniconda3/lib/libibverbs/libirdma-rdmav59.so
2b04f250a000-2b04f250b000 r--p 00009000 3d8:ad14e 144132292263081367     /work2/11056/zwu/frontera/miniconda3/lib/libibverbs/libirdma-rdmav59.so
2b04f250b000-2b04f250c000 rw-p 0000a000 3d8:ad14e 144132292263081367     /work2/11056/zwu/frontera/miniconda3/lib/libibverbs/libirdma-rdmav59.so
2b04f250c000-2b04f250e000 r--p 00000000 3d8:ad14e 144132292263082086     /work2/11056/zwu/frontera/miniconda3/lib/libibverbs/libipathverbs-rdmav59.so
2b04f250e000-2b04f2510000 r-xp 00002000 3d8:ad14e 144132292263082086     /work2/11056/zwu/frontera/miniconda3/lib/libibverbs/libipathverbs-rdmav59.so
2b04f2510000-2b04f2511000 r--p 00004000 3d8:ad14e 144132292263082086     /work2/11056/zwu/frontera/miniconda3/lib/libibverbs/libipathverbs-rdmav59.so
2b04f2511000-2b04f2512000 r--p 00005000 3d8:ad14e 144132292263082086     /work2/11056/zwu/frontera/miniconda3/lib/libibverbs/libipathverbs-rdmav59.so
2b04f2512000-2b04f2513000 rw-p 00006000 3d8:ad14e 144132292263082086     /work2/11056/zwu/frontera/miniconda3/lib/libibverbs/libipathverbs-rdmav59.so
2b04f2513000-2b04f2515000 r--p 00000000 3d8:ad14e 144132292263082299     /work2/11056/zwu/frontera/miniconda3/lib/libmana.so.1.0.59.0
2b04f2515000-2b04f251a000 r-xp 00002000 3d8:ad14e 144132292263082299     /work2/11056/zwu/frontera/miniconda3/lib/libmana.so.1.0.59.0
2b04f251a000-2b04f251c000 r--p 00007000 3d8:ad14e 144132292263082299     /work2/11056/zwu/frontera/miniconda3/lib/libmana.so.1.0.59.0
2b04f251c000-2b04f251d000 r--p 00008000 3d8:ad14e 144132292263082299     /work2/11056/zwu/frontera/miniconda3/lib/libmana.so.1.0.59.0
2b04f251d000-2b04f251e000 rw-p 00009000 3d8:ad14e 144132292263082299     /work2/11056/zwu/frontera/miniconda3/lib/libmana.so.1.0.59.0
2b04f251e000-2b04f2527000 r--p 00000000 3d8:ad14e 144132292263082021     /work2/11056/zwu/frontera/miniconda3/lib/libmlx5.so.1.25.59.0
2b04f2527000-2b04f2586000 r-xp 00009000 3d8:ad14e 144132292263082021     /work2/11056/zwu/frontera/miniconda3/lib/libmlx5.so.1.25.59.0
2b04f2586000-2b04f2598000 r--p 00068000 3d8:ad14e 144132292263082021     /work2/11056/zwu/frontera/miniconda3/lib/libmlx5.so.1.25.59.0
2b04f2598000-2b04f259a000 r--p 00079000 3d8:ad14e 144132292263082021     /work2/11056/zwu/frontera/miniconda3/lib/libmlx5.so.1.25.59.0
2b04f259a000-2b04f259b000 rw-p 0007b000 3d8:ad14e 144132292263082021     /work2/11056/zwu/frontera/miniconda3/lib/libmlx5.so.1.25.59.0
2b04f259b000-2b04f259d000 rw-p 00000000 00:00 0 
2b04f259d000-2b04f259f000 r--p 00000000 3d8:ad14e 144132292263081823     /work2/11056/zwu/frontera/miniconda3/lib/libibverbs/libsiw-rdmav59.so
2b04f259f000-2b04f25a1000 r-xp 00002000 3d8:ad14e 144132292263081823     /work2/11056/zwu/frontera/miniconda3/lib/libibverbs/libsiw-rdmav59.so
2b04f25a1000-2b04f25a2000 r--p 00004000 3d8:ad14e 144132292263081823     /work2/11056/zwu/frontera/miniconda3/lib/libibverbs/libsiw-rdmav59.so
2b04f25a2000-2b04f25a3000 r--p 00005000 3d8:ad14e 144132292263081823     /work2/11056/zwu/frontera/miniconda3/lib/libibverbs/libsiw-rdmav59.so
2b04f25a3000-2b04f25a4000 rw-p 00006000 3d8:ad14e 144132292263081823     /work2/11056/zwu/frontera/miniconda3/lib/libibverbs/libsiw-rdmav59.so
2b04f25a4000-2b04f25a6000 r--p 00000000 3d8:ad14e 144132292263081345     /work2/11056/zwu/frontera/miniconda3/lib/libibverbs/libmthca-rdmav59.so
2b04f25a6000-2b04f25ab000 r-xp 00002000 3d8:ad14e 144132292263081345     /work2/11056/zwu/frontera/miniconda3/lib/libibverbs/libmthca-rdmav59.so
2b04f25ab000-2b04f25ad000 r--p 00007000 3d8:ad14e 144132292263081345     /work2/11056/zwu/frontera/miniconda3/lib/libibverbs/libmthca-rdmav59.so
2b04f25ad000-2b04f25ae000 r--p 00008000 3d8:ad14e 144132292263081345     /work2/11056/zwu/frontera/miniconda3/lib/libibverbs/libmthca-rdmav59.so
2b04f25ae000-2b04f25af000 rw-p 00009000 3d8:ad14e 144132292263081345     /work2/11056/zwu/frontera/miniconda3/lib/libibverbs/libmthca-rdmav59.so
2b04f25af000-2b04f25b1000 r--p 00000000 3d8:ad14e 144132292263081621     /work2/11056/zwu/frontera/miniconda3/lib/libibverbs/libvmw_pvrdma-rdmav59.so
2b04f25b1000-2b04f25b3000 r-xp 00002000 3d8:ad14e 144132292263081621     /work2/11056/zwu/frontera/miniconda3/lib/libibverbs/libvmw_pvrdma-rdmav59.so
2b04f25b3000-2b04f25b4000 r--p 00004000 3d8:ad14e 144132292263081621     /work2/11056/zwu/frontera/miniconda3/lib/libibverbs/libvmw_pvrdma-rdmav59.so
2b04f25b4000-2b04f25b5000 r--p 00004000 3d8:ad14e 144132292263081621     /work2/11056/zwu/frontera/miniconda3/lib/libibverbs/libvmw_pvrdma-rdmav59.so
2b04f25b5000-2b04f25b6000 rw-p 00005000 3d8:ad14e 144132292263081621     /work2/11056/zwu/frontera/miniconda3/lib/libibverbs/libvmw_pvrdma-rdmav59.so
2b04f25b6000-2b04f25b9000 r--p 00000000 3d8:ad14e 144132292263082676     /work2/11056/zwu/frontera/miniconda3/lib/libmlx4.so.1.0.59.0
2b04f25b9000-2b04f25c0000 r-xp 00003000 3d8:ad14e 144132292263082676     /work2/11056/zwu/frontera/miniconda3/lib/libmlx4.so.1.0.59.0
2b04f25c0000-2b04f25c2000 r--p 0000a000 3d8:ad14e 144132292263082676     /work2/11056/zwu/frontera/miniconda3/lib/libmlx4.so.1.0.59.0
2b04f25c2000-2b04f25c3000 r--p 0000c000 3d8:ad14e 144132292263082676     /work2/11056/zwu/frontera/miniconda3/lib/libmlx4.so.1.0.59.0
2b04f25c3000-2b04f25c4000 rw-p 0000d000 3d8:ad14e 144132292263082676     /work2/11056/zwu/frontera/miniconda3/lib/libmlx4.so.1.0.59.0
2b04f25c4000-2b04f25c5000 r--s 00700000 00:05 26645                      /dev/infiniband/uverbs0
2b04f25c5000-2b04f25c6000 -w-s 00900000 00:05 26645                      /dev/infiniband/uverbs0
2b04f25c6000-2b04f25c7000 -w-s 00901000 00:05 26645                      /dev/infiniband/uverbs0
2b04f25c7000-2b04f2601000 r-xp 00000000 fd:00 405840317                  /opt/intel/compilers_and_libraries_2020.4.304/linux/mpi/intel64/libfabric/lib/prov/libtcp-fi.so
2b04f2601000-2b04f2801000 ---p 0003a000 fd:00 405840317                  /opt/intel/compilers_and_libraries_2020.4.304/linux/mpi/intel64/libfabric/lib/prov/libtcp-fi.so
2b04f2801000-2b04f2804000 rw-p 0003a000 fd:00 405840317                  /opt/intel/compilers_and_libraries_2020.4.304/linux/mpi/intel64/libfabric/lib/prov/libtcp-fi.so
2b04f2804000-2b04f2856000 r-xp 00000000 fd:00 405840316                  /opt/intel/compilers_and_libraries_2020.4.304/linux/mpi/intel64/libfabric/lib/prov/libsockets-fi.so
2b04f2856000-2b04f2a56000 ---p 00052000 fd:00 405840316                  /opt/intel/compilers_and_libraries_2020.4.304/linux/mpi/intel64/libfabric/lib/prov/libsockets-fi.so
2b04f2a56000-2b04f2a59000 rw-p 00052000 fd:00 405840316                  /opt/intel/compilers_and_libraries_2020.4.304/linux/mpi/intel64/libfabric/lib/prov/libsockets-fi.so
2b04f2a59000-2b04f2a96000 r-xp 00000000 fd:00 405840315                  /opt/intel/compilers_and_libraries_2020.4.304/linux/mpi/intel64/libfabric/lib/prov/libshm-fi.so
2b04f2a96000-2b04f2c95000 ---p 0003d000 fd:00 405840315                  /opt/intel/compilers_and_libraries_2020.4.304/linux/mpi/intel64/libfabric/lib/prov/libshm-fi.so
2b04f2c95000-2b04f2c98000 rw-p 0003c000 fd:00 405840315                  /opt/intel/compilers_and_libraries_2020.4.304/linux/mpi/intel64/libfabric/lib/prov/libshm-fi.so
2b04f2c98000-2b04f2ce3000 r-xp 00000000 fd:00 405840314                  /opt/intel/compilers_and_libraries_2020.4.304/linux/mpi/intel64/libfabric/lib/prov/librxm-fi.so
2b04f2ce3000-2b04f2ee3000 ---p 0004b000 fd:00 405840314                  /opt/intel/compilers_and_libraries_2020.4.304/linux/mpi/intel64/libfabric/lib/prov/librxm-fi.so
2b04f2ee3000-2b04f2ee6000 rw-p 0004b000 fd:00 405840314                  /opt/intel/compilers_and_libraries_2020.4.304/linux/mpi/intel64/libfabric/lib/prov/librxm-fi.so
2b04f2ee6000-2b04f2f20000 r-xp 00000000 fd:00 405840312                  /opt/intel/compilers_and_libraries_2020.4.304/linux/mpi/intel64/libfabric/lib/prov/libmlx-fi.so
2b04f2f20000-2b04f311f000 ---p 0003a000 fd:00 405840312                  /opt/intel/compilers_and_libraries_2020.4.304/linux/mpi/intel64/libfabric/lib/prov/libmlx-fi.so
2b04f311f000-2b04f3122000 rw-p 00039000 fd:00 405840312                  /opt/intel/compilers_and_libraries_2020.4.304/linux/mpi/intel64/libfabric/lib/prov/libmlx-fi.so
2b04f3122000-2b04f3143000 r--p 00000000 3d8:ad14e 144132292263080675     /work2/11056/zwu/frontera/miniconda3/lib/libucp.so.0.0.0
2b04f3143000-2b04f31d8000 r-xp 00021000 3d8:ad14e 144132292263080675     /work2/11056/zwu/frontera/miniconda3/lib/libucp.so.0.0.0
2b04f31d8000-2b04f31fe000 r--p 000b6000 3d8:ad14e 144132292263080675     /work2/11056/zwu/frontera/miniconda3/lib/libucp.so.0.0.0
2b04f31fe000-2b04f3200000 r--p 000dc000 3d8:ad14e 144132292263080675     /work2/11056/zwu/frontera/miniconda3/lib/libucp.so.0.0.0
2b04f3200000-2b04f3206000 rw-p 000de000 3d8:ad14e 144132292263080675     /work2/11056/zwu/frontera/miniconda3/lib/libucp.so.0.0.0
2b04f3206000-2b04f321b000 r--p 00000000 3d8:ad14e 144132292263080519     /work2/11056/zwu/frontera/miniconda3/lib/libuct.so.0.0.0
2b04f321b000-2b04f3232000 r-xp 00015000 3d8:ad14e 144132292263080519     /work2/11056/zwu/frontera/miniconda3/lib/libuct.so.0.0.0
2b04f3232000-2b04f323f000 r--p 0002c000 3d8:ad14e 144132292263080519     /work2/11056/zwu/frontera/miniconda3/lib/libuct.so.0.0.0
2b04f323f000-2b04f3241000 r--p 00038000 3d8:ad14e 144132292263080519     /work2/11056/zwu/frontera/miniconda3/lib/libuct.so.0.0.0
2b04f3241000-2b04f3245000 rw-p 0003a000 3d8:ad14e 144132292263080519     /work2/11056/zwu/frontera/miniconda3/lib/libuct.so.0.0.0
2b04f3245000-2b04f325b000 r--p 00000000 3d8:ad14e 144132292263083603     /work2/11056/zwu/frontera/miniconda3/lib/libucs.so.0.0.0
2b04f325b000-2b04f328c000 r-xp 00016000 3d8:ad14e 144132292263083603     /work2/11056/zwu/frontera/miniconda3/lib/libucs.so.0.0.0
2b04f328c000-2b04f32a3000 r--p 00047000 3d8:ad14e 144132292263083603     /work2/11056/zwu/frontera/miniconda3/lib/libucs.so.0.0.0
2b04f32a3000-2b04f32a5000 r--p 0005e000 3d8:ad14e 144132292263083603     /work2/11056/zwu/frontera/miniconda3/lib/libucs.so.0.0.0
2b04f32a5000-2b04f32a8000 rw-p 00060000 3d8:ad14e 144132292263083603     /work2/11056/zwu/frontera/miniconda3/lib/libucs.so.0.0.0
2b04f32a8000-2b04f32ad000 rw-p 00000000 00:00 0 
2b04f32ad000-2b04f32b3000 r--p 00000000 3d8:ad14e 144132292263080791     /work2/11056/zwu/frontera/miniconda3/lib/libucm.so.0.0.0
2b04f32b3000-2b04f32c1000 r-xp 00006000 3d8:ad14e 144132292263080791     /work2/11056/zwu/frontera/miniconda3/lib/libucm.so.0.0.0
2b04f32c1000-2b04f32c6000 r--p 00014000 3d8:ad14e 144132292263080791     /work2/11056/zwu/frontera/miniconda3/lib/libucm.so.0.0.0
2b04f32c6000-2b04f32c7000 r--p 00018000 3d8:ad14e 144132292263080791     /work2/11056/zwu/frontera/miniconda3/lib/libucm.so.0.0.0
2b04f32c7000-2b04f32c8000 rw-p 00019000 3d8:ad14e 144132292263080791     /work2/11056/zwu/frontera/miniconda3/lib/libucm.so.0.0.0
2b04f32c8000-2b04f32ec000 rw-p 00000000 00:00 0 
2b04f32ec000-2b04f3300000 r--p 00000000 3d8:ad14e 144132292263080951     /work2/11056/zwu/frontera/miniconda3/lib/ucx/libuct_ib.so.0.0.0
2b04f3300000-2b04f331d000 r-xp 00014000 3d8:ad14e 144132292263080951     /work2/11056/zwu/frontera/miniconda3/lib/ucx/libuct_ib.so.0.0.0
2b04f331d000-2b04f332c000 r--p 00031000 3d8:ad14e 144132292263080951     /work2/11056/zwu/frontera/miniconda3/lib/ucx/libuct_ib.so.0.0.0
2b04f332c000-2b04f332e000 r--p 0003f000 3d8:ad14e 144132292263080951     /work2/11056/zwu/frontera/miniconda3/lib/ucx/libuct_ib.so.0.0.0
2b04f332e000-2b04f3332000 rw-p 00041000 3d8:ad14e 144132292263080951     /work2/11056/zwu/frontera/miniconda3/lib/ucx/libuct_ib.so.0.0.0
2b04f3332000-2b04f3344000 r--p 00000000 3d8:ad14e 144132292263080801     /work2/11056/zwu/frontera/miniconda3/lib/ucx/libuct_ib_mlx5.so.0.0.0
2b04f3344000-2b04f3387000 r-xp 00012000 3d8:ad14e 144132292263080801     /work2/11056/zwu/frontera/miniconda3/lib/ucx/libuct_ib_mlx5.so.0.0.0
2b04f3387000-2b04f3397000 r--p 00055000 3d8:ad14e 144132292263080801     /work2/11056/zwu/frontera/miniconda3/lib/ucx/libuct_ib_mlx5.so.0.0.0
2b04f3397000-2b04f3399000 r--p 00064000 3d8:ad14e 144132292263080801     /work2/11056/zwu/frontera/miniconda3/lib/ucx/libuct_ib_mlx5.so.0.0.0
2b04f3399000-2b04f339c000 rw-p 00066000 3d8:ad14e 144132292263080801     /work2/11056/zwu/frontera/miniconda3/lib/ucx/libuct_ib_mlx5.so.0.0.0
2b04f339c000-2b04f33a0000 r--p 00000000 3d8:ad14e 144132292263080663     /work2/11056/zwu/frontera/miniconda3/lib/ucx/libuct_ib_efa.so.0.0.0
2b04f33a0000-2b04f33a5000 r-xp 00004000 3d8:ad14e 144132292263080663     /work2/11056/zwu/frontera/miniconda3/lib/ucx/libuct_ib_efa.so.0.0.0
2b04f33a5000-2b04f33a7000 r--p 00009000 3d8:ad14e 144132292263080663     /work2/11056/zwu/frontera/miniconda3/lib/ucx/libuct_ib_efa.so.0.0.0
2b04f33a7000-2b04f33a8000 r--p 0000a000 3d8:ad14e 144132292263080663     /work2/11056/zwu/frontera/miniconda3/lib/ucx/libuct_ib_efa.so.0.0.0
2b04f33a8000-2b04f33a9000 rw-p 0000b000 3d8:ad14e 144132292263080663     /work2/11056/zwu/frontera/miniconda3/lib/ucx/libuct_ib_efa.so.0.0.0
2b04f33a9000-2b04f33ae000 r--p 00000000 3d8:ad14e 144132292263080749     /work2/11056/zwu/frontera/miniconda3/lib/ucx/libuct_rdmacm.so.0.0.0
2b04f33ae000-2b04f33b3000 r-xp 00005000 3d8:ad14e 144132292263080749     /work2/11056/zwu/frontera/miniconda3/lib/ucx/libuct_rdmacm.so.0.0.0
2b04f33b3000-2b04f33b6000 r--p 0000a000 3d8:ad14e 144132292263080749     /work2/11056/zwu/frontera/miniconda3/lib/ucx/libuct_rdmacm.so.0.0.0
2b04f33b6000-2b04f33b7000 r--p 0000c000 3d8:ad14e 144132292263080749     /work2/11056/zwu/frontera/miniconda3/lib/ucx/libuct_rdmacm.so.0.0.0
2b04f33b7000-2b04f33b8000 rw-p 0000d000 3d8:ad14e 144132292263080749     /work2/11056/zwu/frontera/miniconda3/lib/ucx/libuct_rdmacm.so.0.0.0
2b04f33b8000-2b04f33bb000 r--p 00000000 3d8:ad14e 144132292263080558     /work2/11056/zwu/frontera/miniconda3/lib/ucx/libuct_cma.so.0.0.0
2b04f33bb000-2b04f33bc000 r-xp 00003000 3d8:ad14e 144132292263080558     /work2/11056/zwu/frontera/miniconda3/lib/ucx/libuct_cma.so.0.0.0
2b04f33bc000-2b04f33bd000 r--p 00004000 3d8:ad14e 144132292263080558     /work2/11056/zwu/frontera/miniconda3/lib/ucx/libuct_cma.so.0.0.0
2b04f33bd000-2b04f33be000 r--p 00004000 3d8:ad14e 144132292263080558     /work2/11056/zwu/frontera/miniconda3/lib/ucx/libuct_cma.so.0.0.0
2b04f33be000-2b04f33bf000 rw-p 00005000 3d8:ad14e 144132292263080558     /work2/11056/zwu/frontera/miniconda3/lib/ucx/libuct_cma.so.0.0.0
2b04f33bf000-2b04f33c0000 r--s 00500000 00:05 26645                      /dev/infiniband/uverbs0
2b04f33c0000-2b04f33c1000 r--s 00700000 00:05 26645                      /dev/infiniband/uverbs0
2b04f33c1000-2b04f33c2000 -w-s 00900000 00:05 26645                      /dev/infiniband/uverbs0
2b04f33c2000-2b04f33c3000 -w-s 00901000 00:05 26645                      /dev/infiniband/uverbs0
2b04f33c3000-2b04f33c4000 -w-s 00902000 00:05 26645                      /dev/infiniband/uverbs0
2b04f33c4000-2b04f33c5000 rw-s 00800000 00:05 26645                      /dev/infiniband/uverbs0
2b04f33c5000-2b04f3538000 rw-p 00000000 00:00 0 
2b04f3538000-2b04f353f000 r--s 00000000 fd:00 276300522                  /usr/lib64/gconv/gconv-modules.cache
2b04f353f000-2b04f3547000 rw-p 00000000 00:00 0 
2b04f3547000-2b04f3548000 r--s 00500000 00:05 26645                      /dev/infiniband/uverbs0
2b04f3548000-2b04f3549000 r--s 00700000 00:05 26645                      /dev/infiniband/uverbs0
2b04f3549000-2b04f354a000 -w-s 00900000 00:05 26645                      /dev/infiniband/uverbs0
2b04f354a000-2b04f354b000 ---p 00000000 00:00 0 
2b04f354b000-2b04f374c000 rw-p 00000000 00:00 0 
2b04f374c000-2b04f394c000 rw-p 00000000 00:00 0 
2b04f394c000-2b04f3cf8000 rw-p 00000000 00:00 0 
2b04f3cf8000-2b04f3cfa000 r--p 00000000 3d8:ad14e 144134765124013464     /work2/11056/zwu/frontera/miniconda3/envs/libyt/lib/python3.13/lib-dynload/grp.cpython-313-x86_64-linux-gnu.so
2b04f3cfa000-2b04f3cfb000 r-xp 00002000 3d8:ad14e 144134765124013464     /work2/11056/zwu/frontera/miniconda3/envs/libyt/lib/python3.13/lib-dynload/grp.cpython-313-x86_64-linux-gnu.so
2b04f3cfb000-2b04f3cfc000 r--p 00003000 3d8:ad14e 144134765124013464     /work2/11056/zwu/frontera/miniconda3/envs/libyt/lib/python3.13/lib-dynload/grp.cpython-313-x86_64-linux-gnu.so
2b04f3cfc000-2b04f3cfd000 r--p 00003000 3d8:ad14e 144134765124013464     /work2/11056/zwu/frontera/miniconda3/envs/libyt/lib/python3.13/lib-dynload/grp.cpython-313-x86_64-linux-gnu.so
2b04f3cfd000-2b04f3cfe000 rw-p 00004000 3d8:ad14e 144134765124013464     /work2/11056/zwu/frontera/miniconda3/envs/libyt/lib/python3.13/lib-dynload/grp.cpython-313-x86_64-linux-gnu.so
2b04f3cfe000-2b04f3cff000 -w-s 00903000 00:05 26645                      /dev/infiniband/uverbs0
2b04f3cff000-2b04f3f0c000 rw-p 00000000 00:00 0 
2b04f3f0c000-2b04f3f12000 r--p 00000000 3d8:ad14e 144134765124012662     /work2/11056/zwu/frontera/miniconda3/envs/libyt/lib/python3.13/lib-dynload/_datetime.cpython-313-x86_64-linux-gnu.so
2b04f3f12000-2b04f3f25000 r-xp 00006000 3d8:ad14e 144134765124012662     /work2/11056/zwu/frontera/miniconda3/envs/libyt/lib/python3.13/lib-dynload/_datetime.cpython-313-x86_64-linux-gnu.so
2b04f3f25000-2b04f3f2b000 r--p 00019000 3d8:ad14e 144134765124012662     /work2/11056/zwu/frontera/miniconda3/envs/libyt/lib/python3.13/lib-dynload/_datetime.cpython-313-x86_64-linux-gnu.so
2b04f3f2b000-2b04f3f2c000 r--p 0001f000 3d8:ad14e 144134765124012662     /work2/11056/zwu/frontera/miniconda3/envs/libyt/lib/python3.13/lib-dynload/_datetime.cpython-313-x86_64-linux-gnu.so
2b04f3f2c000-2b04f3f2f000 rw-p 00020000 3d8:ad14e 144134765124012662     /work2/11056/zwu/frontera/miniconda3/envs/libyt/lib/python3.13/lib-dynload/_datetime.cpython-313-x86_64-linux-gnu.so
2b04f3f2f000-2b04f3f33000 r--p 00000000 3d8:ad14e 144134765124012639     /work2/11056/zwu/frontera/miniconda3/envs/libyt/lib/python3.13/lib-dynload/math.cpython-313-x86_64-linux-gnu.so
2b04f3f33000-2b04f3f3c000 r-xp 00004000 3d8:ad14e 144134765124012639     /work2/11056/zwu/frontera/miniconda3/envs/libyt/lib/python3.13/lib-dynload/math.cpython-313-x86_64-linux-gnu.so
2b04f3f3c000-2b04f3f41000 r--p 0000d000 3d8:ad14e 144134765124012639     /work2/11056/zwu/frontera/miniconda3/envs/libyt/lib/python3.13/lib-dynload/math.cpython-313-x86_64-linux-gnu.so
2b04f3f41000-2b04f3f42000 r--p 00012000 3d8:ad14e 144134765124012639     /work2/11056/zwu/frontera/miniconda3/envs/libyt/lib/python3.13/lib-dynload/math.cpython-313-x86_64-linux-gnu.so
2b04f3f42000-2b04f3f43000 rw-p 00013000 3d8:ad14e 144134765124012639     /work2/11056/zwu/frontera/miniconda3/envs/libyt/lib/python3.13/lib-dynload/math.cpython-313-x86_64-linux-gnu.so
2b04f3f43000-2b04f3f44000 r--p 00000000 3d8:ad14e 144134765124012357     /work2/11056/zwu/frontera/miniconda3/envs/libyt/lib/python3.13/lib-dynload/_contextvars.cpython-313-x86_64-linux-gnu.so
2b04f3f44000-2b04f3f45000 r-xp 00001000 3d8:ad14e 144134765124012357     /work2/11056/zwu/frontera/miniconda3/envs/libyt/lib/python3.13/lib-dynload/_contextvars.cpython-313-x86_64-linux-gnu.so
2b04f3f45000-2b04f3f46000 r--p 00002000 3d8:ad14e 144134765124012357     /work2/11056/zwu/frontera/miniconda3/envs/libyt/lib/python3.13/lib-dynload/_contextvars.cpython-313-x86_64-linux-gnu.so
2b04f3f46000-2b04f3f47000 r--p 00002000 3d8:ad14e 144134765124012357     /work2/11056/zwu/frontera/miniconda3/envs/libyt/lib/python3.13/lib-dynload/_contextvars.cpython-313-x86_64-linux-gnu.so
2b04f3f47000-2b04f3f48000 rw-p 00003000 3d8:ad14e 144134765124012357     /work2/11056/zwu/frontera/miniconda3/envs/libyt/lib/python3.13/lib-dynload/_contextvars.cpython-313-x86_64-linux-gnu.so
2b04f3f48000-2b04f3f4a000 r--p 00000000 3d8:ad14e 144134765124013245     /work2/11056/zwu/frontera/miniconda3/envs/libyt/lib/python3.13/lib-dynload/_opcode.cpython-313-x86_64-linux-gnu.so
2b04f3f4a000-2b04f3f4c000 r-xp 00002000 3d8:ad14e 144134765124013245     /work2/11056/zwu/frontera/miniconda3/envs/libyt/lib/python3.13/lib-dynload/_opcode.cpython-313-x86_64-linux-gnu.so
2b04f3f4c000-2b04f3f4d000 r--p 00004000 3d8:ad14e 144134765124013245     /work2/11056/zwu/frontera/miniconda3/envs/libyt/lib/python3.13/lib-dynload/_opcode.cpython-313-x86_64-linux-gnu.so
2b04f3f4d000-2b04f3f4e000 r--p 00005000 3d8:ad14e 144134765124013245     /work2/11056/zwu/frontera/miniconda3/envs/libyt/lib/python3.13/lib-dynload/_opcode.cpython-313-x86_64-linux-gnu.so
2b04f3f4e000-2b04f3f4f000 rw-p 00006000 3d8:ad14e 144134765124013245     /work2/11056/zwu/frontera/miniconda3/envs/libyt/lib/python3.13/lib-dynload/_opcode.cpython-313-x86_64-linux-gnu.so
2b04f3f4f000-2b04f3f53000 r--p 00000000 3d8:ad14e 144134765124012947     /work2/11056/zwu/frontera/miniconda3/envs/libyt/lib/python3.13/lib-dynload/_struct.cpython-313-x86_64-linux-gnu.so
2b04f3f53000-2b04f3f58000 r-xp 00004000 3d8:ad14e 144134765124012947     /work2/11056/zwu/frontera/miniconda3/envs/libyt/lib/python3.13/lib-dynload/_struct.cpython-313-x86_64-linux-gnu.so
2b04f3f58000-2b04f3f5c000 r--p 00009000 3d8:ad14e 144134765124012947     /work2/11056/zwu/frontera/miniconda3/envs/libyt/lib/python3.13/lib-dynload/_struct.cpython-313-x86_64-linux-gnu.so
2b04f3f5c000-2b04f3f5d000 r--p 0000c000 3d8:ad14e 144134765124012947     /work2/11056/zwu/frontera/miniconda3/envs/libyt/lib/python3.13/lib-dynload/_struct.cpython-313-x86_64-linux-gnu.so
2b04f3f5d000-2b04f3f5e000 rw-p 0000d000 3d8:ad14e 144134765124012947     /work2/11056/zwu/frontera/miniconda3/envs/libyt/lib/python3.13/lib-dynload/_struct.cpython-313-x86_64-linux-gnu.so
2b04f3f5e000-2b04f3f63000 r--p 00000000 3d8:ad14e 144134765124010905     /work2/11056/zwu/frontera/miniconda3/envs/libyt/lib/python3.13/lib-dynload/_pickle.cpython-313-x86_64-linux-gnu.so
2b04f3f63000-2b04f3f75000 r-xp 00005000 3d8:ad14e 144134765124010905     /work2/11056/zwu/frontera/miniconda3/envs/libyt/lib/python3.13/lib-dynload/_pickle.cpython-313-x86_64-linux-gnu.so
2b04f3f75000-2b04f3f7b000 r--p 00017000 3d8:ad14e 144134765124010905     /work2/11056/zwu/frontera/miniconda3/envs/libyt/lib/python3.13/lib-dynload/_pickle.cpython-313-x86_64-linux-gnu.so
2b04f3f7b000-2b04f3f7c000 r--p 0001d000 3d8:ad14e 144134765124010905     /work2/11056/zwu/frontera/miniconda3/envs/libyt/lib/python3.13/lib-dynload/_pickle.cpython-313-x86_64-linux-gnu.so
2b04f3f7c000-2b04f3f7d000 rw-p 0001e000 3d8:ad14e 144134765124010905     /work2/11056/zwu/frontera/miniconda3/envs/libyt/lib/python3.13/lib-dynload/_pickle.cpython-313-x86_64-linux-gnu.so
2b04f3f7d000-2b04f3f84000 r--p 00000000 3d8:ad14e 144134765124012987     /work2/11056/zwu/frontera/miniconda3/envs/libyt/lib/python3.13/lib-dynload/_ctypes.cpython-313-x86_64-linux-gnu.so
2b04f3f84000-2b04f3f94000 r-xp 00007000 3d8:ad14e 144134765124012987     /work2/11056/zwu/frontera/miniconda3/envs/libyt/lib/python3.13/lib-dynload/_ctypes.cpython-313-x86_64-linux-gnu.so
2b04f3f94000-2b04f3f9b000 r--p 00017000 3d8:ad14e 144134765124012987     /work2/11056/zwu/frontera/miniconda3/envs/libyt/lib/python3.13/lib-dynload/_ctypes.cpython-313-x86_64-linux-gnu.so
2b04f3f9b000-2b04f3f9c000 r--p 0001e000 3d8:ad14e 144134765124012987     /work2/11056/zwu/frontera/miniconda3/envs/libyt/lib/python3.13/lib-dynload/_ctypes.cpython-313-x86_64-linux-gnu.so
2b04f3f9c000-2b04f3f9e000 rw-p 0001f000 3d8:ad14e 144134765124012987     /work2/11056/zwu/frontera/miniconda3/envs/libyt/lib/python3.13/lib-dynload/_ctypes.cpython-313-x86_64-linux-gnu.so
2b04f3f9e000-2b04f3fa0000 r--p 00000000 3d8:ad14e 144134765124010366     /work2/11056/zwu/frontera/miniconda3/envs/libyt/lib/libffi.so.8.2.0
2b04f3fa0000-2b04f3fa6000 r-xp 00002000 3d8:ad14e 144134765124010366     /work2/11056/zwu/frontera/miniconda3/envs/libyt/lib/libffi.so.8.2.0
2b04f3fa6000-2b04f3fa8000 r--p 00008000 3d8:ad14e 144134765124010366     /work2/11056/zwu/frontera/miniconda3/envs/libyt/lib/libffi.so.8.2.0
2b04f3fa8000-2b04f3fa9000 r--p 00009000 3d8:ad14e 144134765124010366     /work2/11056/zwu/frontera/miniconda3/envs/libyt/lib/libffi.so.8.2.0
2b04f3fa9000-2b04f3faa000 rw-p 0000a000 3d8:ad14e 144134765124010366     /work2/11056/zwu/frontera/miniconda3/envs/libyt/lib/libffi.so.8.2.0
2b04f3faa000-2b04f3fad000 r--p 00000000 3d8:ad14e 144134765124017909     /work2/11056/zwu/frontera/miniconda3/envs/libyt/lib/python3.13/site-packages/numpy/linalg/_umath_linalg.cpython-313-x86_64-linux-gnu.so
2b04f3fad000-2b04f3fc8000 r-xp 00003000 3d8:ad14e 144134765124017909     /work2/11056/zwu/frontera/miniconda3/envs/libyt/lib/python3.13/site-packages/numpy/linalg/_umath_linalg.cpython-313-x86_64-linux-gnu.so
2b04f3fc8000-2b04f3fcc000 r--p 0001e000 3d8:ad14e 144134765124017909     /work2/11056/zwu/frontera/miniconda3/envs/libyt/lib/python3.13/site-packages/numpy/linalg/_umath_linalg.cpython-313-x86_64-linux-gnu.so
2b04f3fcc000-2b04f3fcd000 r--p 00021000 3d8:ad14e 144134765124017909     /work2/11056/zwu/frontera/miniconda3/envs/libyt/lib/python3.13/site-packages/numpy/linalg/_umath_linalg.cpython-313-x86_64-linux-gnu.so
2b04f3fcd000-2b04f3fce000 rw-p 00022000 3d8:ad14e 144134765124017909     /work2/11056/zwu/frontera/miniconda3/envs/libyt/lib/python3.13/site-packages/numpy/linalg/_umath_linalg.cpython-313-x86_64-linux-gnu.so
2b04f3fce000-2b04f3fd1000 r--p 00000000 3d8:ad14e 144134765124013208     /work2/11056/zwu/frontera/miniconda3/envs/libyt/lib/python3.13/lib-dynload/_json.cpython-313-x86_64-linux-gnu.so
2b04f3fd1000-2b04f3fd7000 r-xp 00003000 3d8:ad14e 144134765124013208     /work2/11056/zwu/frontera/miniconda3/envs/libyt/lib/python3.13/lib-dynload/_json.cpython-313-x86_64-linux-gnu.so
2b04f3fd7000-2b04f3fd9000 r--p 00009000 3d8:ad14e 144134765124013208     /work2/11056/zwu/frontera/miniconda3/envs/libyt/lib/python3.13/lib-dynload/_json.cpython-313-x86_64-linux-gnu.so
2b04f3fd9000-2b04f3fda000 r--p 0000a000 3d8:ad14e 144134765124013208     /work2/11056/zwu/frontera/miniconda3/envs/libyt/lib/python3.13/lib-dynload/_json.cpython-313-x86_64-linux-gnu.so
2b04f3fda000-2b04f3fdb000 rw-p 0000b000 3d8:ad14e 144134765124013208     /work2/11056/zwu/frontera/miniconda3/envs/libyt/lib/python3.13/lib-dynload/_json.cpython-313-x86_64-linux-gnu.so
2b04f3fdb000-2b04f3fdf000 r--p 00000000 3d8:ad14e 144134765124011709     /work2/11056/zwu/frontera/miniconda3/envs/libyt/lib/python3.13/lib-dynload/_hashlib.cpython-313-x86_64-linux-gnu.so
2b04f3fdf000-2b04f3fe5000 r-xp 00004000 3d8:ad14e 144134765124011709     /work2/11056/zwu/frontera/miniconda3/envs/libyt/lib/python3.13/lib-dynload/_hashlib.cpython-313-x86_64-linux-gnu.so
2b04f3fe5000-2b04f3fe9000 r--p 0000a000 3d8:ad14e 144134765124011709     /work2/11056/zwu/frontera/miniconda3/envs/libyt/lib/python3.13/lib-dynload/_hashlib.cpython-313-x86_64-linux-gnu.so
2b04f3fe9000-2b04f3fea000 r--p 0000e000 3d8:ad14e 144134765124011709     /work2/11056/zwu/frontera/miniconda3/envs/libyt/lib/python3.13/lib-dynload/_hashlib.cpython-313-x86_64-linux-gnu.so
2b04f3fea000-2b04f3feb000 rw-p 0000f000 3d8:ad14e 144134765124011709     /work2/11056/zwu/frontera/miniconda3/envs/libyt/lib/python3.13/lib-dynload/_hashlib.cpython-313-x86_64-linux-gnu.so
2b04f3feb000-2b04f3fed000 r--p 00000000 3d8:ad14e 144134765124013472     /work2/11056/zwu/frontera/miniconda3/envs/libyt/lib/python3.13/lib-dynload/_blake2.cpython-313-x86_64-linux-gnu.so
2b04f3fed000-2b04f3ff4000 r-xp 00002000 3d8:ad14e 144134765124013472     /work2/11056/zwu/frontera/miniconda3/envs/libyt/lib/python3.13/lib-dynload/_blake2.cpython-313-x86_64-linux-gnu.so
2b04f3ff4000-2b04f3ff6000 r--p 00009000 3d8:ad14e 144134765124013472     /work2/11056/zwu/frontera/miniconda3/envs/libyt/lib/python3.13/lib-dynload/_blake2.cpython-313-x86_64-linux-gnu.so
2b04f3ff6000-2b04f3ff7000 r--p 0000a000 3d8:ad14e 144134765124013472     /work2/11056/zwu/frontera/miniconda3/envs/libyt/lib/python3.13/lib-dynload/_blake2.cpython-313-x86_64-linux-gnu.so
2b04f3ff7000-2b04f3ff8000 rw-p 0000b000 3d8:ad14e 144134765124013472     /work2/11056/zwu/frontera/miniconda3/envs/libyt/lib/python3.13/lib-dynload/_blake2.cpython-313-x86_64-linux-gnu.so
2b04f3ff8000-2b04f3ffa000 r--p 00000000 3d8:ad14e 144134765124012000     /work2/11056/zwu/frontera/miniconda3/envs/libyt/lib/python3.13/lib-dynload/_bisect.cpython-313-x86_64-linux-gnu.so
2b04f3ffa000-2b04f3ffc000 r-xp 00002000 3d8:ad14e 144134765124012000     /work2/11056/zwu/frontera/miniconda3/envs/libyt/lib/python3.13/lib-dynload/_bisect.cpython-313-x86_64-linux-gnu.so
2b04f3ffc000-2b04f3ffd000 r--p 00004000 3d8:ad14e 144134765124012000     /work2/11056/zwu/frontera/miniconda3/envs/libyt/lib/python3.13/lib-dynload/_bisect.cpython-313-x86_64-linux-gnu.so
2b04f3ffd000-2b04f3ffe000 r--p 00005000 3d8:ad14e 144134765124012000     /work2/11056/zwu/frontera/miniconda3/envs/libyt/lib/python3.13/lib-dynload/_bisect.cpython-313-x86_64-linux-gnu.so
2b04f3ffe000-2b04f3fff000 rw-p 00006000 3d8:ad14e 144134765124012000     /work2/11056/zwu/frontera/miniconda3/envs/libyt/lib/python3.13/lib-dynload/_bisect.cpython-313-x86_64-linux-gnu.so
2b04f3fff000-2b04f4021000 rw-p 00000000 00:00 0 
2b04f4021000-2b04f8000000 ---p 00000000 00:00 0 
2b04f8000000-2b04f8200000 rw-p 00000000 00:00 0 
2b04f8200000-2b04fa800000 rw-p 00000000 00:00 0 
2b04fa800000-2b05093d4000 rw-p 00000000 00:00 0 
2b05093d4000-2b050f917000 r--p 00000000 fd:00 269700942                  /usr/lib/locale/locale-archive
2b050f917000-2b050fb17000 rw-p 00000000 00:00 0 
2b050fb17000-2b050fb41000 r--p 00000000 3d8:ad14e 144134765124016696     /work2/11056/zwu/frontera/miniconda3/envs/libyt/lib/python3.13/site-packages/numpy/_core/_multiarray_umath.cpython-313-x86_64-linux-gnu.so
2b050fb41000-2b05101a6000 r-xp 0002a000 3d8:ad14e 144134765124016696     /work2/11056/zwu/frontera/miniconda3/envs/libyt/lib/python3.13/site-packages/numpy/_core/_multiarray_umath.cpython-313-x86_64-linux-gnu.so
2b05101a6000-2b0510325000 r--p 0068f000 3d8:ad14e 144134765124016696     /work2/11056/zwu/frontera/miniconda3/envs/libyt/lib/python3.13/site-packages/numpy/_core/_multiarray_umath.cpython-313-x86_64-linux-gnu.so
2b0510325000-2b0510329000 r--p 0080e000 3d8:ad14e 144134765124016696     /work2/11056/zwu/frontera/miniconda3/envs/libyt/lib/python3.13/site-packages/numpy/_core/_multiarray_umath.cpython-313-x86_64-linux-gnu.so
2b0510329000-2b051034a000 rw-p 00812000 3d8:ad14e 144134765124016696     /work2/11056/zwu/frontera/miniconda3/envs/libyt/lib/python3.13/site-packages/numpy/_core/_multiarray_umath.cpython-313-x86_64-linux-gnu.so
2b051034a000-2b0510362000 rw-p 00000000 00:00 0 
2b0510362000-2b05104cf000 r--p 00000000 3d8:ad14e 144134765124016387     /work2/11056/zwu/frontera/miniconda3/envs/libyt/lib/libopenblasp-r0.3.32.so
2b05104cf000-2b05104d0000 r-xp 0016d000 3d8:ad14e 144134765124016387     /work2/11056/zwu/frontera/miniconda3/envs/libyt/lib/libopenblasp-r0.3.32.so
2b05104d0000-2b05104d2000 ---p 0016e000 3d8:ad14e 144134765124016387     /work2/11056/zwu/frontera/miniconda3/envs/libyt/lib/libopenblasp-r0.3.32.so
2b05104d2000-2b0512731000 r-xp 00170000 3d8:ad14e 144134765124016387     /work2/11056/zwu/frontera/miniconda3/envs/libyt/lib/libopenblasp-r0.3.32.so
2b0512731000-2b0512981000 r--p 023cf000 3d8:ad14e 144134765124016387     /work2/11056/zwu/frontera/miniconda3/envs/libyt/lib/libopenblasp-r0.3.32.so
2b0512981000-2b0512991000 r--p 0261e000 3d8:ad14e 144134765124016387     /work2/11056/zwu/frontera/miniconda3/envs/libyt/lib/libopenblasp-r0.3.32.so
2b0512991000-2b05129a9000 rw-p 0262e000 3d8:ad14e 144134765124016387     /work2/11056/zwu/frontera/miniconda3/envs/libyt/lib/libopenblasp-r0.3.32.so
2b05129a9000-2b05129be000 rw-p 00000000 00:00 0 
2b05129be000-2b051a9be000 rw-p 00000000 00:00 0 
2b051a9be000-2b051afbe000 rw-p 00000000 00:00 0 
2b051afbe000-2b051b0ad000 r--p 00000000 3d8:ad14e 144134765124014059     /work2/11056/zwu/frontera/miniconda3/envs/libyt/lib/libcrypto.so.3
2b051b0ad000-2b051b410000 r-xp 000ef000 3d8:ad14e 144134765124014059     /work2/11056/zwu/frontera/miniconda3/envs/libyt/lib/libcrypto.so.3
2b051b410000-2b051b547000 r--p 00452000 3d8:ad14e 144134765124014059     /work2/11056/zwu/frontera/miniconda3/envs/libyt/lib/libcrypto.so.3
2b051b547000-2b051b5c9000 r--p 00588000 3d8:ad14e 144134765124014059     /work2/11056/zwu/frontera/miniconda3/envs/libyt/lib/libcrypto.so.3
2b051b5c9000-2b051b5cc000 rw-p 0060a000 3d8:ad14e 144134765124014059     /work2/11056/zwu/frontera/miniconda3/envs/libyt/lib/libcrypto.so.3
2b051b5cc000-2b051b5cf000 rw-p 00000000 00:00 0 
2b051b5cf000-2b051b5e3000 r--p 00000000 3d8:ad14e 144134765124033590     /work2/11056/zwu/frontera/miniconda3/envs/libyt/lib/python3.13/site-packages/gmpy2/gmpy2.cpython-313-x86_64-linux-gnu.so
2b051b5e3000-2b051b653000 r-xp 00014000 3d8:ad14e 144134765124033590     /work2/11056/zwu/frontera/miniconda3/envs/libyt/lib/python3.13/site-packages/gmpy2/gmpy2.cpython-313-x86_64-linux-gnu.so
2b051b653000-2b051b676000 r--p 00084000 3d8:ad14e 144134765124033590     /work2/11056/zwu/frontera/miniconda3/envs/libyt/lib/python3.13/site-packages/gmpy2/gmpy2.cpython-313-x86_64-linux-gnu.so
2b051b676000-2b051b678000 r--p 000a6000 3d8:ad14e 144134765124033590     /work2/11056/zwu/frontera/miniconda3/envs/libyt/lib/python3.13/site-packages/gmpy2/gmpy2.cpython-313-x86_64-linux-gnu.so
2b051b678000-2b051b67e000 rw-p 000a8000 3d8:ad14e 144134765124033590     /work2/11056/zwu/frontera/miniconda3/envs/libyt/lib/python3.13/site-packages/gmpy2/gmpy2.cpython-313-x86_64-linux-gnu.so
2b051b67e000-2b051b685000 r--p 00000000 3d8:ad14e 144134765124034231     /work2/11056/zwu/frontera/miniconda3/envs/libyt/lib/libmpc.so.3.4.0
2b051b685000-2b051b69c000 r-xp 00007000 3d8:ad14e 144134765124034231     /work2/11056/zwu/frontera/miniconda3/envs/libyt/lib/libmpc.so.3.4.0
2b051b69c000-2b051b69f000 r--p 0001e000 3d8:ad14e 144134765124034231     /work2/11056/zwu/frontera/miniconda3/envs/libyt/lib/libmpc.so.3.4.0
2b051b69f000-2b051b6a0000 r--p 00021000 3d8:ad14e 144134765124034231     /work2/11056/zwu/frontera/miniconda3/envs/libyt/lib/libmpc.so.3.4.0
2b051b6a0000-2b051b6a1000 rw-p 00022000 3d8:ad14e 144134765124034231     /work2/11056/zwu/frontera/miniconda3/envs/libyt/lib/libmpc.so.3.4.0
2b051b6a1000-2b051b6b1000 r--p 00000000 3d8:ad14e 144134765124031173     /work2/11056/zwu/frontera/miniconda3/envs/libyt/lib/libmpfr.so.6.2.2
2b051b6b1000-2b051b73d000 r-xp 00010000 3d8:ad14e 144134765124031173     /work2/11056/zwu/frontera/miniconda3/envs/libyt/lib/libmpfr.so.6.2.2
2b051b73d000-2b051b753000 r--p 0009c000 3d8:ad14e 144134765124031173     /work2/11056/zwu/frontera/miniconda3/envs/libyt/lib/libmpfr.so.6.2.2
2b051b753000-2b051b756000 r--p 000b1000 3d8:ad14e 144134765124031173     /work2/11056/zwu/frontera/miniconda3/envs/libyt/lib/libmpfr.so.6.2.2
2b051b756000-2b051b75f000 rw-p 000b4000 3d8:ad14e 144134765124031173     /work2/11056/zwu/frontera/miniconda3/envs/libyt/lib/libmpfr.so.6.2.2
2b051b75f000-2b051b772000 r--p 00000000 3d8:ad14e 144131832097572289     /work2/11056/zwu/frontera/miniconda3/envs/libyt/lib/libgmp.so.10.5.0
2b051b772000-2b051b7ed000 r-xp 00013000 3d8:ad14e 144131832097572289     /work2/11056/zwu/frontera/miniconda3/envs/libyt/lib/libgmp.so.10.5.0
2b051b7ed000-2b051b804000 r--p 0008e000 3d8:ad14e 144131832097572289     /work2/11056/zwu/frontera/miniconda3/envs/libyt/lib/libgmp.so.10.5.0
2b051b804000-2b051b806000 r--p 000a5000 3d8:ad14e 144131832097572289     /work2/11056/zwu/frontera/miniconda3/envs/libyt/lib/libgmp.so.10.5.0
2b051b806000-2b051b807000 rw-p 000a7000 3d8:ad14e 144131832097572289     /work2/11056/zwu/frontera/miniconda3/envs/libyt/lib/libgmp.so.10.5.0
2b051b807000-2b051b809000 r--p 00000000 3d8:ad14e 144134765124013768     /work2/11056/zwu/frontera/miniconda3/envs/libyt/lib/python3.13/lib-dynload/binascii.cpython-313-x86_64-linux-gnu.so
2b051b809000-2b051b80c000 r-xp 00002000 3d8:ad14e 144134765124013768     /work2/11056/zwu/frontera/miniconda3/envs/libyt/lib/python3.13/lib-dynload/binascii.cpython-313-x86_64-linux-gnu.so
2b051b80c000-2b051b80e000 r--p 00005000 3d8:ad14e 144134765124013768     /work2/11056/zwu/frontera/miniconda3/envs/libyt/lib/python3.13/lib-dynload/binascii.cpython-313-x86_64-linux-gnu.so
2b051b80e000-2b051b80f000 r--p 00006000 3d8:ad14e 144134765124013768     /work2/11056/zwu/frontera/miniconda3/envs/libyt/lib/python3.13/lib-dynload/binascii.cpython-313-x86_64-linux-gnu.so
2b051b80f000-2b051b810000 rw-p 00007000 3d8:ad14e 144134765124013768     /work2/11056/zwu/frontera/miniconda3/envs/libyt/lib/python3.13/lib-dynload/binascii.cpython-313-x86_64-linux-gnu.so
2b051b810000-2b051b910000 rw-p 00000000 00:00 0 
2b051b910000-2b051b913000 r--p 00000000 3d8:ad14e 144134765124011395     /work2/11056/zwu/frontera/miniconda3/envs/libyt/lib/python3.13/lib-dynload/zlib.cpython-313-x86_64-linux-gnu.so
2b051b913000-2b051b917000 r-xp 00003000 3d8:ad14e 144134765124011395     /work2/11056/zwu/frontera/miniconda3/envs/libyt/lib/python3.13/lib-dynload/zlib.cpython-313-x86_64-linux-gnu.so
2b051b917000-2b051b91a000 r--p 00007000 3d8:ad14e 144134765124011395     /work2/11056/zwu/frontera/miniconda3/envs/libyt/lib/python3.13/lib-dynload/zlib.cpython-313-x86_64-linux-gnu.so
2b051b91a000-2b051b91b000 r--p 0000a000 3d8:ad14e 144134765124011395     /work2/11056/zwu/frontera/miniconda3/envs/libyt/lib/python3.13/lib-dynload/zlib.cpython-313-x86_64-linux-gnu.so
2b051b91b000-2b051b91c000 rw-p 0000b000 3d8:ad14e 144134765124011395     /work2/11056/zwu/frontera/miniconda3/envs/libyt/lib/python3.13/lib-dynload/zlib.cpython-313-x86_64-linux-gnu.so
2b051b91c000-2b051b91e000 r--p 00000000 3d8:ad14e 144134765124013573     /work2/11056/zwu/frontera/miniconda3/envs/libyt/lib/python3.13/lib-dynload/_bz2.cpython-313-x86_64-linux-gnu.so
2b051b91e000-2b051b920000 r-xp 00002000 3d8:ad14e 144134765124013573     /work2/11056/zwu/frontera/miniconda3/envs/libyt/lib/python3.13/lib-dynload/_bz2.cpython-313-x86_64-linux-gnu.so
2b051b920000-2b051b922000 r--p 00004000 3d8:ad14e 144134765124013573     /work2/11056/zwu/frontera/miniconda3/envs/libyt/lib/python3.13/lib-dynload/_bz2.cpython-313-x86_64-linux-gnu.so
2b051b922000-2b051b923000 r--p 00005000 3d8:ad14e 144134765124013573     /work2/11056/zwu/frontera/miniconda3/envs/libyt/lib/python3.13/lib-dynload/_bz2.cpython-313-x86_64-linux-gnu.so
2b051b923000-2b051b924000 rw-p 00006000 3d8:ad14e 144134765124013573     /work2/11056/zwu/frontera/miniconda3/envs/libyt/lib/python3.13/lib-dynload/_bz2.cpython-313-x86_64-linux-gnu.so
2b051b924000-2b051b926000 r--p 00000000 3d8:ad14e 144134765124009983     /work2/11056/zwu/frontera/miniconda3/envs/libyt/lib/libbz2.so.1.0.8
2b051b926000-2b051b935000 r-xp 00002000 3d8:ad14e 144134765124009983     /work2/11056/zwu/frontera/miniconda3/envs/libyt/lib/libbz2.so.1.0.8
2b051b935000-2b051b937000 r--p 00011000 3d8:ad14e 144134765124009983     /work2/11056/zwu/frontera/miniconda3/envs/libyt/lib/libbz2.so.1.0.8
2b051b937000-2b051b938000 r--p 00012000 3d8:ad14e 144134765124009983     /work2/11056/zwu/frontera/miniconda3/envs/libyt/lib/libbz2.so.1.0.8
2b051b938000-2b051b939000 rw-p 00013000 3d8:ad14e 144134765124009983     /work2/11056/zwu/frontera/miniconda3/envs/libyt/lib/libbz2.so.1.0.8
2b051b939000-2b051b93c000 r--p 00000000 3d8:ad14e 144134765124012860     /work2/11056/zwu/frontera/miniconda3/envs/libyt/lib/python3.13/lib-dynload/_lzma.cpython-313-x86_64-linux-gnu.so
2b051b93c000-2b051b940000 r-xp 00003000 3d8:ad14e 144134765124012860     /work2/11056/zwu/frontera/miniconda3/envs/libyt/lib/python3.13/lib-dynload/_lzma.cpython-313-x86_64-linux-gnu.so
2b051b940000-2b051b943000 r--p 00007000 3d8:ad14e 144134765124012860     /work2/11056/zwu/frontera/miniconda3/envs/libyt/lib/python3.13/lib-dynload/_lzma.cpython-313-x86_64-linux-gnu.so
2b051b943000-2b051b944000 r--p 00009000 3d8:ad14e 144134765124012860     /work2/11056/zwu/frontera/miniconda3/envs/libyt/lib/python3.13/lib-dynload/_lzma.cpython-313-x86_64-linux-gnu.so
2b051b944000-2b051b945000 rw-p 0000a000 3d8:ad14e 144134765124012860     /work2/11056/zwu/frontera/miniconda3/envs/libyt/lib/python3.13/lib-dynload/_lzma.cpython-313-x86_64-linux-gnu.so
2b051b945000-2b051b94a000 r--p 00000000 3d8:ad14e 144134765124010171     /work2/11056/zwu/frontera/miniconda3/envs/libyt/lib/liblzma.so.5
2b051b94a000-2b051b968000 r-xp 00005000 3d8:ad14e 144134765124010171     /work2/11056/zwu/frontera/miniconda3/envs/libyt/lib/liblzma.so.5
2b051b968000-2b051b974000 r--p 00023000 3d8:ad14e 144134765124010171     /work2/11056/zwu/frontera/miniconda3/envs/libyt/lib/liblzma.so.5
2b051b974000-2b051b975000 r--p 0002f000 3d8:ad14e 144134765124010171     /work2/11056/zwu/frontera/miniconda3/envs/libyt/lib/liblzma.so.5
2b051b975000-2b051b976000 rw-p 00030000 3d8:ad14e 144134765124010171     /work2/11056/zwu/frontera/miniconda3/envs/libyt/lib/liblzma.so.5
2b051b976000-2b051b978000 r--p 00000000 3d8:ad14e 144134765124013736     /work2/11056/zwu/frontera/miniconda3/envs/libyt/lib/python3.13/lib-dynload/_random.cpython-313-x86_64-linux-gnu.so
2b051b978000-2b051b97a000 r-xp 00002000 3d8:ad14e 144134765124013736     /work2/11056/zwu/frontera/miniconda3/envs/libyt/lib/python3.13/lib-dynload/_random.cpython-313-x86_64-linux-gnu.so
2b051b97a000-2b051b97b000 r--p 00004000 3d8:ad14e 144134765124013736     /work2/11056/zwu/frontera/miniconda3/envs/libyt/lib/python3.13/lib-dynload/_random.cpython-313-x86_64-linux-gnu.so
2b051b97b000-2b051b97c000 r--p 00004000 3d8:ad14e 144134765124013736     /work2/11056/zwu/frontera/miniconda3/envs/libyt/lib/python3.13/lib-dynload/_random.cpython-313-x86_64-linux-gnu.so
2b051b97c000-2b051b97d000 rw-p 00005000 3d8:ad14e 144134765124013736     /work2/11056/zwu/frontera/miniconda3/envs/libyt/lib/python3.13/lib-dynload/_random.cpython-313-x86_64-linux-gnu.so
2b051b97d000-2b051ba7d000 rw-p 00000000 00:00 0 
2b051ba7d000-2b051ba7f000 r--p 00000000 3d8:ad14e 144134765124011825     /work2/11056/zwu/frontera/miniconda3/envs/libyt/lib/python3.13/lib-dynload/cmath.cpython-313-x86_64-linux-gnu.so
2b051ba7f000-2b051ba88000 r-xp 00002000 3d8:ad14e 144134765124011825     /work2/11056/zwu/frontera/miniconda3/envs/libyt/lib/python3.13/lib-dynload/cmath.cpython-313-x86_64-linux-gnu.so
2b051ba88000-2b051ba8a000 r--p 0000b000 3d8:ad14e 144134765124011825     /work2/11056/zwu/frontera/miniconda3/envs/libyt/lib/python3.13/lib-dynload/cmath.cpython-313-x86_64-linux-gnu.so
2b051ba8a000-2b051ba8b000 r--p 0000c000 3d8:ad14e 144134765124011825     /work2/11056/zwu/frontera/miniconda3/envs/libyt/lib/python3.13/lib-dynload/cmath.cpython-313-x86_64-linux-gnu.so
2b051ba8b000-2b051ba8c000 rw-p 0000d000 3d8:ad14e 144134765124011825     /work2/11056/zwu/frontera/miniconda3/envs/libyt/lib/python3.13/lib-dynload/cmath.cpython-313-x86_64-linux-gnu.so
2b051ba8c000-2b051bd8e000 rw-p 00000000 00:00 0 
2b051bd8e000-2b051bd97000 r--p 00000000 3d8:ad14e 144134765124012030     /work2/11056/zwu/frontera/miniconda3/envs/libyt/lib/python3.13/lib-dynload/_decimal.cpython-313-x86_64-linux-gnu.so
2b051bd97000-2b051bdad000 r-xp 00009000 3d8:ad14e 144134765124012030     /work2/11056/zwu/frontera/miniconda3/envs/libyt/lib/python3.13/lib-dynload/_decimal.cpython-313-x86_64-linux-gnu.so
2b051bdad000-2b051bdba000 r--p 0001f000 3d8:ad14e 144134765124012030     /work2/11056/zwu/frontera/miniconda3/envs/libyt/lib/python3.13/lib-dynload/_decimal.cpython-313-x86_64-linux-gnu.so
2b051bdba000-2b051bdbb000 r--p 0002b000 3d8:ad14e 144134765124012030     /work2/11056/zwu/frontera/miniconda3/envs/libyt/lib/python3.13/lib-dynload/_decimal.cpython-313-x86_64-linux-gnu.so
2b051bdbb000-2b051bdbe000 rw-p 0002c000 3d8:ad14e 144134765124012030     /work2/11056/zwu/frontera/miniconda3/envs/libyt/lib/python3.13/lib-dynload/_decimal.cpython-313-x86_64-linux-gnu.so
2b051bdbe000-2b051bdc6000 r--p 00000000 3d8:ad14e 144134765124010257     /work2/11056/zwu/frontera/miniconda3/envs/libyt/lib/libmpdec.so.4.0.0
2b051bdc6000-2b051bde7000 r-xp 00008000 3d8:ad14e 144134765124010257     /work2/11056/zwu/frontera/miniconda3/envs/libyt/lib/libmpdec.so.4.0.0
2b051bde7000-2b051bdee000 r--p 00029000 3d8:ad14e 144134765124010257     /work2/11056/zwu/frontera/miniconda3/envs/libyt/lib/libmpdec.so.4.0.0
2b051bdee000-2b051bdef000 r--p 00030000 3d8:ad14e 144134765124010257     /work2/11056/zwu/frontera/miniconda3/envs/libyt/lib/libmpdec.so.4.0.0
2b051bdef000-2b051bdf0000 rw-p 00031000 3d8:ad14e 144134765124010257     /work2/11056/zwu/frontera/miniconda3/envs/libyt/lib/libmpdec.so.4.0.0
2b051bdf0000-2b051c1f0000 rw-p 00000000 00:00 0 
2b051c1f0000-2b051c1f4000 r--p 00000000 3d8:ad14e 144134765124013676     /work2/11056/zwu/frontera/miniconda3/envs/libyt/lib/python3.13/lib-dynload/array.cpython-313-x86_64-linux-gnu.so
2b051c1f4000-2b051c1fb000 r-xp 00004000 3d8:ad14e 144134765124013676     /work2/11056/zwu/frontera/miniconda3/envs/libyt/lib/python3.13/lib-dynload/array.cpython-313-x86_64-linux-gnu.so
2b051c1fb000-2b051c200000 r--p 0000b000 3d8:ad14e 144134765124013676     /work2/11056/zwu/frontera/miniconda3/envs/libyt/lib/python3.13/lib-dynload/array.cpython-313-x86_64-linux-gnu.so
2b051c200000-2b051c201000 r--p 0000f000 3d8:ad14e 144134765124013676     /work2/11056/zwu/frontera/miniconda3/envs/libyt/lib/python3.13/lib-dynload/array.cpython-313-x86_64-linux-gnu.so
2b051c201000-2b051c202000 rw-p 00010000 3d8:ad14e 144134765124013676     /work2/11056/zwu/frontera/miniconda3/envs/libyt/lib/python3.13/lib-dynload/array.cpython-313-x86_64-linux-gnu.so
2b051c202000-2b051c302000 rw-p 00000000 00:00 0 
2b051c302000-2b051c305000 r--p 00000000 3d8:ad14e 144134765124013795     /work2/11056/zwu/frontera/miniconda3/envs/libyt/lib/python3.13/lib-dynload/unicodedata.cpython-313-x86_64-linux-gnu.so
2b051c305000-2b051c309000 r-xp 00003000 3d8:ad14e 144134765124013795     /work2/11056/zwu/frontera/miniconda3/envs/libyt/lib/python3.13/lib-dynload/unicodedata.cpython-313-x86_64-linux-gnu.so
2b051c309000-2b051c3ac000 r--p 00007000 3d8:ad14e 144134765124013795     /work2/11056/zwu/frontera/miniconda3/envs/libyt/lib/python3.13/lib-dynload/unicodedata.cpython-313-x86_64-linux-gnu.so
2b051c3ac000-2b051c3ad000 r--p 000aa000 3d8:ad14e 144134765124013795     /work2/11056/zwu/frontera/miniconda3/envs/libyt/lib/python3.13/lib-dynload/unicodedata.cpython-313-x86_64-linux-gnu.so
2b051c3ad000-2b051c3ae000 rw-p 000ab000 3d8:ad14e 144134765124013795     /work2/11056/zwu/frontera/miniconda3/envs/libyt/lib/python3.13/lib-dynload/unicodedata.cpython-313-x86_64-linux-gnu.so
2b051c3ae000-2b051c7ae000 rw-p 00000000 00:00 0 
2b051c7ae000-2b051c7b0000 r--p 00000000 3d8:ad14e 144134765124011950     /work2/11056/zwu/frontera/miniconda3/envs/libyt/lib/python3.13/lib-dynload/fcntl.cpython-313-x86_64-linux-gnu.so
2b051c7b0000-2b051c7b2000 r-xp 00002000 3d8:ad14e 144134765124011950     /work2/11056/zwu/frontera/miniconda3/envs/libyt/lib/python3.13/lib-dynload/fcntl.cpython-313-x86_64-linux-gnu.so
2b051c7b2000-2b051c7b4000 r--p 00004000 3d8:ad14e 144134765124011950     /work2/11056/zwu/frontera/miniconda3/envs/libyt/lib/python3.13/lib-dynload/fcntl.cpython-313-x86_64-linux-gnu.so
2b051c7b4000-2b051c7b5000 r--p 00005000 3d8:ad14e 144134765124011950     /work2/11056/zwu/frontera/miniconda3/envs/libyt/lib/python3.13/lib-dynload/fcntl.cpython-313-x86_64-linux-gnu.so
2b051c7b5000-2b051c7b6000 rw-p 00006000 3d8:ad14e 144134765124011950     /work2/11056/zwu/frontera/miniconda3/envs/libyt/lib/python3.13/lib-dynload/fcntl.cpython-313-x86_64-linux-gnu.so
2b051c7b6000-2b051c7b8000 r--p 00000000 3d8:ad14e 144134765124010960     /work2/11056/zwu/frontera/miniconda3/envs/libyt/lib/python3.13/lib-dynload/_posixsubprocess.cpython-313-x86_64-linux-gnu.so
2b051c7b8000-2b051c7bb000 r-xp 00002000 3d8:ad14e 144134765124010960     /work2/11056/zwu/frontera/miniconda3/envs/libyt/lib/python3.13/lib-dynload/_posixsubprocess.cpython-313-x86_64-linux-gnu.so
2b051c7bb000-2b051c7bc000 r--p 00005000 3d8:ad14e 144134765124010960     /work2/11056/zwu/frontera/miniconda3/envs/libyt/lib/python3.13/lib-dynload/_posixsubprocess.cpython-313-x86_64-linux-gnu.so
2b051c7bc000-2b051c7bd000 r--p 00006000 3d8:ad14e 144134765124010960     /work2/11056/zwu/frontera/miniconda3/envs/libyt/lib/python3.13/lib-dynload/_posixsubprocess.cpython-313-x86_64-linux-gnu.so
2b051c7bd000-2b051c7be000 rw-p 00007000 3d8:ad14e 144134765124010960     /work2/11056/zwu/frontera/miniconda3/envs/libyt/lib/python3.13/lib-dynload/_posixsubprocess.cpython-313-x86_64-linux-gnu.so
2b051c7be000-2b051c7c1000 r--p 00000000 3d8:ad14e 144134765124013617     /work2/11056/zwu/frontera/miniconda3/envs/libyt/lib/python3.13/lib-dynload/select.cpython-313-x86_64-linux-gnu.so
2b051c7c1000-2b051c7c4000 r-xp 00003000 3d8:ad14e 144134765124013617     /work2/11056/zwu/frontera/miniconda3/envs/libyt/lib/python3.13/lib-dynload/select.cpython-313-x86_64-linux-gnu.so
2b051c7c4000-2b051c7c6000 r--p 00006000 3d8:ad14e 144134765124013617     /work2/11056/zwu/frontera/miniconda3/envs/libyt/lib/python3.13/lib-dynload/select.cpython-313-x86_64-linux-gnu.so
2b051c7c6000-2b051c7c7000 r--p 00008000 3d8:ad14e 144134765124013617     /work2/11056/zwu/frontera/miniconda3/envs/libyt/lib/python3.13/lib-dynload/select.cpython-313-x86_64-linux-gnu.so
2b051c7c7000-2b051c7c8000 rw-p 00009000 3d8:ad14e 144134765124013617     /work2/11056/zwu/frontera/miniconda3/envs/libyt/lib/python3.13/lib-dynload/select.cpython-313-x86_64-linux-gnu.so
2b051c7c8000-2b051d3c8000 rw-p 00000000 00:00 0 
2b051d3c8000-2b051d3c9000 r--p 00000000 3d8:ad14e 144134765124013189     /work2/11056/zwu/frontera/miniconda3/envs/libyt/lib/python3.13/lib-dynload/_heapq.cpython-313-x86_64-linux-gnu.so
2b051d3c9000-2b051d3cc000 r-xp 00001000 3d8:ad14e 144134765124013189     /work2/11056/zwu/frontera/miniconda3/envs/libyt/lib/python3.13/lib-dynload/_heapq.cpython-313-x86_64-linux-gnu.so
2b051d3cc000-2b051d3cf000 r--p 00004000 3d8:ad14e 144134765124013189     /work2/11056/zwu/frontera/miniconda3/envs/libyt/lib/python3.13/lib-dynload/_heapq.cpython-313-x86_64-linux-gnu.so
2b051d3cf000-2b051d3d0000 r--p 00006000 3d8:ad14e 144134765124013189     /work2/11056/zwu/frontera/miniconda3/envs/libyt/lib/python3.13/lib-dynload/_heapq.cpython-313-x86_64-linux-gnu.so
2b051d3d0000-2b051d3d1000 rw-p 00007000 3d8:ad14e 144134765124013189     /work2/11056/zwu/frontera/miniconda3/envs/libyt/lib/python3.13/lib-dynload/_heapq.cpython-313-x86_64-linux-gnu.so
2b051d3d1000-2b051d3d3000 r--p 00000000 3d8:ad14e 144134765124013024     /work2/11056/zwu/frontera/miniconda3/envs/libyt/lib/python3.13/lib-dynload/_queue.cpython-313-x86_64-linux-gnu.so
2b051d3d3000-2b051d3d4000 r-xp 00002000 3d8:ad14e 144134765124013024     /work2/11056/zwu/frontera/miniconda3/envs/libyt/lib/python3.13/lib-dynload/_queue.cpython-313-x86_64-linux-gnu.so
2b051d3d4000-2b051d3d5000 r--p 00003000 3d8:ad14e 144134765124013024     /work2/11056/zwu/frontera/miniconda3/envs/libyt/lib/python3.13/lib-dynload/_queue.cpython-313-x86_64-linux-gnu.so
2b051d3d5000-2b051d3d6000 r--p 00003000 3d8:ad14e 144134765124013024     /work2/11056/zwu/frontera/miniconda3/envs/libyt/lib/python3.13/lib-dynload/_queue.cpython-313-x86_64-linux-gnu.so
2b051d3d6000-2b051d3d7000 rw-p 00004000 3d8:ad14e 144134765124013024     /work2/11056/zwu/frontera/miniconda3/envs/libyt/lib/python3.13/lib-dynload/_queue.cpython-313-x86_64-linux-gnu.so
2b051d3d7000-2b051d5d7000 rw-p 00000000 00:00 0 
2b051d5d7000-2b051d5d8000 r--p 00000000 3d8:ad14e 144134765124013751     /work2/11056/zwu/frontera/miniconda3/envs/libyt/lib/python3.13/lib-dynload/_uuid.cpython-313-x86_64-linux-gnu.so
2b051d5d8000-2b051d5d9000 r-xp 00001000 3d8:ad14e 144134765124013751     /work2/11056/zwu/frontera/miniconda3/envs/libyt/lib/python3.13/lib-dynload/_uuid.cpython-313-x86_64-linux-gnu.so
2b051d5d9000-2b051d5da000 r--p 00002000 3d8:ad14e 144134765124013751     /work2/11056/zwu/frontera/miniconda3/envs/libyt/lib/python3.13/lib-dynload/_uuid.cpython-313-x86_64-linux-gnu.so
2b051d5da000-2b051d5db000 r--p 00002000 3d8:ad14e 144134765124013751     /work2/11056/zwu/frontera/miniconda3/envs/libyt/lib/python3.13/lib-dynload/_uuid.cpython-313-x86_64-linux-gnu.so
2b051d5db000-2b051d5dc000 rw-p 00003000 3d8:ad14e 144134765124013751     /work2/11056/zwu/frontera/miniconda3/envs/libyt/lib/python3.13/lib-dynload/_uuid.cpython-313-x86_64-linux-gnu.so
2b051d5dc000-2b051d5de000 r--p 00000000 3d8:ad14e 144134765124013890     /work2/11056/zwu/frontera/miniconda3/envs/libyt/lib/libuuid.so.1.3.0
2b051d5de000-2b051d5e2000 r-xp 00002000 3d8:ad14e 144134765124013890     /work2/11056/zwu/frontera/miniconda3/envs/libyt/lib/libuuid.so.1.3.0
2b051d5e2000-2b051d5e3000 r--p 00006000 3d8:ad14e 144134765124013890     /work2/11056/zwu/frontera/miniconda3/envs/libyt/lib/libuuid.so.1.3.0
2b051d5e3000-2b051d5e4000 r--p 00007000 3d8:ad14e 144134765124013890     /work2/11056/zwu/frontera/miniconda3/envs/libyt/lib/libuuid.so.1.3.0
2b051d5e4000-2b051d5e5000 rw-p 00008000 3d8:ad14e 144134765124013890     /work2/11056/zwu/frontera/miniconda3/envs/libyt/lib/libuuid.so.1.3.0
2b051d5e5000-2b051d5eb000 r--p 00000000 3d8:ad14e 144134765124033271     /work2/11056/zwu/frontera/miniconda3/envs/libyt/lib/python3.13/site-packages/matplotlib/_c_internal_utils.cpython-313-x86_64-linux-gnu.so
2b051d5eb000-2b051d605000 r-xp 00006000 3d8:ad14e 144134765124033271     /work2/11056/zwu/frontera/miniconda3/envs/libyt/lib/python3.13/site-packages/matplotlib/_c_internal_utils.cpython-313-x86_64-linux-gnu.so
2b051d605000-2b051d60b000 r--p 00020000 3d8:ad14e 144134765124033271     /work2/11056/zwu/frontera/miniconda3/envs/libyt/lib/python3.13/site-packages/matplotlib/_c_internal_utils.cpython-313-x86_64-linux-gnu.so
2b051d60b000-2b051d60c000 r--p 00026000 3d8:ad14e 144134765124033271     /work2/11056/zwu/frontera/miniconda3/envs/libyt/lib/python3.13/site-packages/matplotlib/_c_internal_utils.cpython-313-x86_64-linux-gnu.so
2b051d60c000-2b051d60d000 rw-p 00027000 3d8:ad14e 144134765124033271     /work2/11056/zwu/frontera/miniconda3/envs/libyt/lib/python3.13/site-packages/matplotlib/_c_internal_utils.cpython-313-x86_64-linux-gnu.so
2b051d60d000-2b051d70d000 rw-p 00000000 00:00 0 
2b051d70d000-2b051d720000 r--p 00000000 3d8:ad14e 144134765124029085     /work2/11056/zwu/frontera/miniconda3/envs/libyt/lib/python3.13/site-packages/PIL/_imaging.cpython-313-x86_64-linux-gnu.so
2b051d720000-2b051d791000 r-xp 00013000 3d8:ad14e 144134765124029085     /work2/11056/zwu/frontera/miniconda3/envs/libyt/lib/python3.13/site-packages/PIL/_imaging.cpython-313-x86_64-linux-gnu.so
2b051d791000-2b051d7a2000 r--p 00084000 3d8:ad14e 144134765124029085     /work2/11056/zwu/frontera/miniconda3/envs/libyt/lib/python3.13/site-packages/PIL/_imaging.cpython-313-x86_64-linux-gnu.so
2b051d7a2000-2b051d7a6000 r--p 00095000 3d8:ad14e 144134765124029085     /work2/11056/zwu/frontera/miniconda3/envs/libyt/lib/python3.13/site-packages/PIL/_imaging.cpython-313-x86_64-linux-gnu.so
2b051d7a6000-2b051d7a9000 rw-p 00099000 3d8:ad14e 144134765124029085     /work2/11056/zwu/frontera/miniconda3/envs/libyt/lib/python3.13/site-packages/PIL/_imaging.cpython-313-x86_64-linux-gnu.so
2b051d7a9000-2b051d7b3000 r--p 00000000 3d8:ad14e 144134765124032559     /work2/11056/zwu/frontera/miniconda3/envs/libyt/lib/libtiff.so.6.2.0
2b051d7b3000-2b051d80a000 r-xp 0000a000 3d8:ad14e 144134765124032559     /work2/11056/zwu/frontera/miniconda3/envs/libyt/lib/libtiff.so.6.2.0
2b051d80a000-2b051d83c000 r--p 00061000 3d8:ad14e 144134765124032559     /work2/11056/zwu/frontera/miniconda3/envs/libyt/lib/libtiff.so.6.2.0
2b051d83c000-2b051d841000 r--p 00092000 3d8:ad14e 144134765124032559     /work2/11056/zwu/frontera/miniconda3/envs/libyt/lib/libtiff.so.6.2.0
2b051d841000-2b051d842000 rw-p 00097000 3d8:ad14e 144134765124032559     /work2/11056/zwu/frontera/miniconda3/envs/libyt/lib/libtiff.so.6.2.0
2b051d842000-2b051d849000 r--p 00000000 3d8:ad14e 144134765124033267     /work2/11056/zwu/frontera/miniconda3/envs/libyt/lib/libjpeg.so.8.3.2
2b051d849000-2b051d8e1000 r-xp 00007000 3d8:ad14e 144134765124033267     /work2/11056/zwu/frontera/miniconda3/envs/libyt/lib/libjpeg.so.8.3.2
2b051d8e1000-2b051d90a000 r--p 0009f000 3d8:ad14e 144134765124033267     /work2/11056/zwu/frontera/miniconda3/envs/libyt/lib/libjpeg.so.8.3.2
2b051d90a000-2b051d90b000 r--p 000c8000 3d8:ad14e 144134765124033267     /work2/11056/zwu/frontera/miniconda3/envs/libyt/lib/libjpeg.so.8.3.2
2b051d90b000-2b051d90c000 rw-p 000c9000 3d8:ad14e 144134765124033267     /work2/11056/zwu/frontera/miniconda3/envs/libyt/lib/libjpeg.so.8.3.2
2b051d90c000-2b051d915000 r--p 00000000 3d8:ad14e 144131832282144881     /work2/11056/zwu/frontera/miniconda3/envs/libyt/lib/libopenjp2.so.2.5.4
2b051d915000-2b051d96c000 r-xp 00009000 3d8:ad14e 144131832282144881     /work2/11056/zwu/frontera/miniconda3/envs/libyt/lib/libopenjp2.so.2.5.4
2b051d96c000-2b051d97f000 r--p 00060000 3d8:ad14e 144131832282144881     /work2/11056/zwu/frontera/miniconda3/envs/libyt/lib/libopenjp2.so.2.5.4
2b051d97f000-2b051d981000 r--p 00072000 3d8:ad14e 144131832282144881     /work2/11056/zwu/frontera/miniconda3/envs/libyt/lib/libopenjp2.so.2.5.4
2b051d981000-2b051d982000 rw-p 00074000 3d8:ad14e 144131832282144881     /work2/11056/zwu/frontera/miniconda3/envs/libyt/lib/libopenjp2.so.2.5.4
2b051d982000-2b051d985000 r--p 00000000 3d8:ad14e 144134765124034036     /work2/11056/zwu/frontera/miniconda3/envs/libyt/lib/libz-ng.so.2.3.3
2b051d985000-2b051d9a3000 r-xp 00003000 3d8:ad14e 144134765124034036     /work2/11056/zwu/frontera/miniconda3/envs/libyt/lib/libz-ng.so.2.3.3
2b051d9a3000-2b051d9ad000 r--p 00021000 3d8:ad14e 144134765124034036     /work2/11056/zwu/frontera/miniconda3/envs/libyt/lib/libz-ng.so.2.3.3
2b051d9ad000-2b051d9ae000 r--p 0002a000 3d8:ad14e 144134765124034036     /work2/11056/zwu/frontera/miniconda3/envs/libyt/lib/libz-ng.so.2.3.3
2b051d9ae000-2b051d9af000 rw-p 0002b000 3d8:ad14e 144134765124034036     /work2/11056/zwu/frontera/miniconda3/envs/libyt/lib/libz-ng.so.2.3.3
2b051d9af000-2b051d9bd000 r--p 00000000 3d8:ad14e 144134765124032818     /work2/11056/zwu/frontera/miniconda3/envs/libyt/lib/libxcb.so.1.1.0
2b051d9bd000-2b051d9d1000 r-xp 0000e000 3d8:ad14e 144134765124032818     /work2/11056/zwu/frontera/miniconda3/envs/libyt/lib/libxcb.so.1.1.0
2b051d9d1000-2b051d9da000 r--p 00022000 3d8:ad14e 144134765124032818     /work2/11056/zwu/frontera/miniconda3/envs/libyt/lib/libxcb.so.1.1.0
2b051d9da000-2b051d9db000 r--p 0002a000 3d8:ad14e 144134765124032818     /work2/11056/zwu/frontera/miniconda3/envs/libyt/lib/libxcb.so.1.1.0
2b051d9db000-2b051d9dc000 rw-p 0002b000 3d8:ad14e 144134765124032818     /work2/11056/zwu/frontera/miniconda3/envs/libyt/lib/libxcb.so.1.1.0
2b051d9dc000-2b051d9e0000 r--p 00000000 3d8:ad14e 144131832282144317     /work2/11056/zwu/frontera/miniconda3/envs/libyt/lib/libwebp.so.7.2.0
2b051d9e0000-2b051da7b000 r-xp 00004000 3d8:ad14e 144131832282144317     /work2/11056/zwu/frontera/miniconda3/envs/libyt/lib/libwebp.so.7.2.0
2b051da7b000-2b051da8f000 r--p 0009f000 3d8:ad14e 144131832282144317     /work2/11056/zwu/frontera/miniconda3/envs/libyt/lib/libwebp.so.7.2.0
2b051da8f000-2b051da90000 r--p 000b2000 3d8:ad14e 144131832282144317     /work2/11056/zwu/frontera/miniconda3/envs/libyt/lib/libwebp.so.7.2.0
2b051da90000-2b051da91000 rw-p 000b3000 3d8:ad14e 144131832282144317     /work2/11056/zwu/frontera/miniconda3/envs/libyt/lib/libwebp.so.7.2.0
2b051da91000-2b051da92000 rw-p 00000000 00:00 0 
2b051da92000-2b051daa0000 r--p 00000000 3d8:ad14e 144134765124010151     /work2/11056/zwu/frontera/miniconda3/envs/libyt/lib/libzstd.so.1.5.7
2b051daa0000-2b051db93000 r-xp 0000e000 3d8:ad14e 144134765124010151     /work2/11056/zwu/frontera/miniconda3/envs/libyt/lib/libzstd.so.1.5.7
2b051db93000-2b051dba9000 r--p 00101000 3d8:ad14e 144134765124010151     /work2/11056/zwu/frontera/miniconda3/envs/libyt/lib/libzstd.so.1.5.7
2b051dba9000-2b051dbaa000 r--p 00117000 3d8:ad14e 144134765124010151     /work2/11056/zwu/frontera/miniconda3/envs/libyt/lib/libzstd.so.1.5.7
2b051dbaa000-2b051dbab000 rw-p 00118000 3d8:ad14e 144134765124010151     /work2/11056/zwu/frontera/miniconda3/envs/libyt/lib/libzstd.so.1.5.7
2b051dbab000-2b051dbb8000 r--p 00000000 3d8:ad14e 144134765124033483     /work2/11056/zwu/frontera/miniconda3/envs/libyt/lib/libLerc.so.4
2b051dbb8000-2b051dc6d000 r-xp 0000d000 3d8:ad14e 144134765124033483     /work2/11056/zwu/frontera/miniconda3/envs/libyt/lib/libLerc.so.4
2b051dc6d000-2b051dc78000 r--p 000c2000 3d8:ad14e 144134765124033483     /work2/11056/zwu/frontera/miniconda3/envs/libyt/lib/libLerc.so.4
2b051dc78000-2b051dc79000 r--p 000cc000 3d8:ad14e 144134765124033483     /work2/11056/zwu/frontera/miniconda3/envs/libyt/lib/libLerc.so.4
2b051dc79000-2b051dc7a000 rw-p 000cd000 3d8:ad14e 144134765124033483     /work2/11056/zwu/frontera/miniconda3/envs/libyt/lib/libLerc.so.4
2b051dc7a000-2b051dc7b000 r--p 00000000 3d8:ad14e 144134765124034809     /work2/11056/zwu/frontera/miniconda3/envs/libyt/lib/libdeflate.so.0
2b051dc7b000-2b051dc8c000 r-xp 00001000 3d8:ad14e 144134765124034809     /work2/11056/zwu/frontera/miniconda3/envs/libyt/lib/libdeflate.so.0
2b051dc8c000-2b051dc91000 r--p 00012000 3d8:ad14e 144134765124034809     /work2/11056/zwu/frontera/miniconda3/envs/libyt/lib/libdeflate.so.0
2b051dc91000-2b051dc92000 r--p 00016000 3d8:ad14e 144134765124034809     /work2/11056/zwu/frontera/miniconda3/envs/libyt/lib/libdeflate.so.0
2b051dc92000-2b051dc93000 rw-p 00017000 3d8:ad14e 144134765124034809     /work2/11056/zwu/frontera/miniconda3/envs/libyt/lib/libdeflate.so.0
2b051dc93000-2b051dc94000 r--p 00000000 3d8:ad14e 144134765124035399     /work2/11056/zwu/frontera/miniconda3/envs/libyt/lib/libXau.so.6.0.0
2b051dc94000-2b051dc95000 r-xp 00001000 3d8:ad14e 144134765124035399     /work2/11056/zwu/frontera/miniconda3/envs/libyt/lib/libXau.so.6.0.0
2b051dc95000-2b051dc96000 r--p 00002000 3d8:ad14e 144134765124035399     /work2/11056/zwu/frontera/miniconda3/envs/libyt/lib/libXau.so.6.0.0
2b051dc96000-2b051dc97000 r--p 00002000 3d8:ad14e 144134765124035399     /work2/11056/zwu/frontera/miniconda3/envs/libyt/lib/libXau.so.6.0.0
2b051dc97000-2b051dc98000 rw-p 00003000 3d8:ad14e 144134765124035399     /work2/11056/zwu/frontera/miniconda3/envs/libyt/lib/libXau.so.6.0.0
2b051dc98000-2b051dc9a000 r--p 00000000 3d8:ad14e 144134765124035348     /work2/11056/zwu/frontera/miniconda3/envs/libyt/lib/libXdmcp.so.6.0.0
2b051dc9a000-2b051dc9c000 r-xp 00002000 3d8:ad14e 144134765124035348     /work2/11056/zwu/frontera/miniconda3/envs/libyt/lib/libXdmcp.so.6.0.0
2b051dc9c000-2b051dc9e000 r--p 00004000 3d8:ad14e 144134765124035348     /work2/11056/zwu/frontera/miniconda3/envs/libyt/lib/libXdmcp.so.6.0.0
2b051dc9e000-2b051dc9f000 r--p 00005000 3d8:ad14e 144134765124035348     /work2/11056/zwu/frontera/miniconda3/envs/libyt/lib/libXdmcp.so.6.0.0
2b051dc9f000-2b051dca0000 rw-p 00006000 3d8:ad14e 144134765124035348     /work2/11056/zwu/frontera/miniconda3/envs/libyt/lib/libXdmcp.so.6.0.0
2b051dca0000-2b051dca1000 r--p 00000000 3d8:ad14e 144131832282144283     /work2/11056/zwu/frontera/miniconda3/envs/libyt/lib/libsharpyuv.so.0.1.2
2b051dca1000-2b051dca9000 r-xp 00001000 3d8:ad14e 144131832282144283     /work2/11056/zwu/frontera/miniconda3/envs/libyt/lib/libsharpyuv.so.0.1.2
2b051dca9000-2b051dcaa000 r--p 00009000 3d8:ad14e 144131832282144283     /work2/11056/zwu/frontera/miniconda3/envs/libyt/lib/libsharpyuv.so.0.1.2
2b051dcaa000-2b051dcab000 r--p 00009000 3d8:ad14e 144131832282144283     /work2/11056/zwu/frontera/miniconda3/envs/libyt/lib/libsharpyuv.so.0.1.2
2b051dcab000-2b051dcac000 rw-p 0000a000 3d8:ad14e 144131832282144283     /work2/11056/zwu/frontera/miniconda3/envs/libyt/lib/libsharpyuv.so.0.1.2
2b051dcac000-2b051ddad000 rw-p 00000000 00:00 0 
2b051ddad000-2b051ddb4000 r--p 00000000 3d8:ad14e 144134765124032264     /work2/11056/zwu/frontera/miniconda3/envs/libyt/lib/python3.13/site-packages/matplotlib/_path.cpython-313-x86_64-linux-gnu.so
2b051ddb4000-2b051ddf3000 r-xp 00007000 3d8:ad14e 144134765124032264     /work2/11056/zwu/frontera/miniconda3/envs/libyt/lib/python3.13/site-packages/matplotlib/_path.cpython-313-x86_64-linux-gnu.so
2b051ddf3000-2b051de00000 r--p 00046000 3d8:ad14e 144134765124032264     /work2/11056/zwu/frontera/miniconda3/envs/libyt/lib/python3.13/site-packages/matplotlib/_path.cpython-313-x86_64-linux-gnu.so
2b051de00000-2b051de01000 r--p 00053000 3d8:ad14e 144134765124032264     /work2/11056/zwu/frontera/miniconda3/envs/libyt/lib/python3.13/site-packages/matplotlib/_path.cpython-313-x86_64-linux-gnu.so
2b051de01000-2b051de02000 rw-p 00054000 3d8:ad14e 144134765124032264     /work2/11056/zwu/frontera/miniconda3/envs/libyt/lib/python3.13/site-packages/matplotlib/_path.cpython-313-x86_64-linux-gnu.so
2b051de02000-2b051de03000 rw-p 00000000 00:00 0 
2b051de03000-2b051de0a000 r--p 00000000 3d8:ad14e 144134765124033090     /work2/11056/zwu/frontera/miniconda3/envs/libyt/lib/python3.13/site-packages/matplotlib/_image.cpython-313-x86_64-linux-gnu.so
2b051de0a000-2b051de52000 r-xp 00007000 3d8:ad14e 144134765124033090     /work2/11056/zwu/frontera/miniconda3/envs/libyt/lib/python3.13/site-packages/matplotlib/_image.cpython-313-x86_64-linux-gnu.so
2b051de52000-2b051de5e000 r--p 0004f000 3d8:ad14e 144134765124033090     /work2/11056/zwu/frontera/miniconda3/envs/libyt/lib/python3.13/site-packages/matplotlib/_image.cpython-313-x86_64-linux-gnu.so
2b051de5e000-2b051de5f000 r--p 0005b000 3d8:ad14e 144134765124033090     /work2/11056/zwu/frontera/miniconda3/envs/libyt/lib/python3.13/site-packages/matplotlib/_image.cpython-313-x86_64-linux-gnu.so
2b051de5f000-2b051de60000 rw-p 0005c000 3d8:ad14e 144134765124033090     /work2/11056/zwu/frontera/miniconda3/envs/libyt/lib/python3.13/site-packages/matplotlib/_image.cpython-313-x86_64-linux-gnu.so
2b051de60000-2b051e161000 rw-p 00000000 00:00 0 
2b051e161000-2b051e16b000 r--p 00000000 3d8:ad14e 144134765124031774     /work2/11056/zwu/frontera/miniconda3/envs/libyt/lib/python3.13/site-packages/matplotlib/ft2font.cpython-313-x86_64-linux-gnu.so
2b051e16b000-2b051e1ba000 r-xp 0000a000 3d8:ad14e 144134765124031774     /work2/11056/zwu/frontera/miniconda3/envs/libyt/lib/python3.13/site-packages/matplotlib/ft2font.cpython-313-x86_64-linux-gnu.so
2b051e1ba000-2b051e1d1000 r--p 00059000 3d8:ad14e 144134765124031774     /work2/11056/zwu/frontera/miniconda3/envs/libyt/lib/python3.13/site-packages/matplotlib/ft2font.cpython-313-x86_64-linux-gnu.so
2b051e1d1000-2b051e1d3000 r--p 0006f000 3d8:ad14e 144134765124031774     /work2/11056/zwu/frontera/miniconda3/envs/libyt/lib/python3.13/site-packages/matplotlib/ft2font.cpython-313-x86_64-linux-gnu.so
2b051e1d3000-2b051e1d4000 rw-p 00071000 3d8:ad14e 144134765124031774     /work2/11056/zwu/frontera/miniconda3/envs/libyt/lib/python3.13/site-packages/matplotlib/ft2font.cpython-313-x86_64-linux-gnu.so
2b051e1d4000-2b051e1e2000 r--p 00000000 3d8:ad14e 144134765124033074     /work2/11056/zwu/frontera/miniconda3/envs/libyt/lib/libfreetype.so.6.20.6
2b051e1e2000-2b051e264000 r-xp 0000e000 3d8:ad14e 144134765124033074     /work2/11056/zwu/frontera/miniconda3/envs/libyt/lib/libfreetype.so.6.20.6
2b051e264000-2b051e28e000 r--p 00090000 3d8:ad14e 144134765124033074     /work2/11056/zwu/frontera/miniconda3/envs/libyt/lib/libfreetype.so.6.20.6
2b051e28e000-2b051e296000 r--p 000b9000 3d8:ad14e 144134765124033074     /work2/11056/zwu/frontera/miniconda3/envs/libyt/lib/libfreetype.so.6.20.6
2b051e296000-2b051e297000 rw-p 000c1000 3d8:ad14e 144134765124033074     /work2/11056/zwu/frontera/miniconda3/envs/libyt/lib/libfreetype.so.6.20.6
2b051e297000-2b051e29e000 r--p 00000000 3d8:ad14e 144134765124033492     /work2/11056/zwu/frontera/miniconda3/envs/libyt/lib/libpng16.so.16.58.0
2b051e29e000-2b051e2c9000 r-xp 00007000 3d8:ad14e 144134765124033492     /work2/11056/zwu/frontera/miniconda3/envs/libyt/lib/libpng16.so.16.58.0
2b051e2c9000-2b051e2d4000 r--p 00032000 3d8:ad14e 144134765124033492     /work2/11056/zwu/frontera/miniconda3/envs/libyt/lib/libpng16.so.16.58.0
2b051e2d4000-2b051e2d5000 r--p 0003d000 3d8:ad14e 144134765124033492     /work2/11056/zwu/frontera/miniconda3/envs/libyt/lib/libpng16.so.16.58.0
2b051e2d5000-2b051e2d6000 rw-p 0003e000 3d8:ad14e 144134765124033492     /work2/11056/zwu/frontera/miniconda3/envs/libyt/lib/libpng16.so.16.58.0
2b051e2d6000-2b051e2dc000 r--p 00000000 3d8:ad14e 144134765124034652     /work2/11056/zwu/frontera/miniconda3/envs/libyt/lib/python3.13/site-packages/kiwisolver/_cext.cpython-313-x86_64-linux-gnu.so
2b051e2dc000-2b051e2f6000 r-xp 00006000 3d8:ad14e 144134765124034652     /work2/11056/zwu/frontera/miniconda3/envs/libyt/lib/python3.13/site-packages/kiwisolver/_cext.cpython-313-x86_64-linux-gnu.so
2b051e2f6000-2b051e2fb000 r--p 00020000 3d8:ad14e 144134765124034652     /work2/11056/zwu/frontera/miniconda3/envs/libyt/lib/python3.13/site-packages/kiwisolver/_cext.cpython-313-x86_64-linux-gnu.so
2b051e2fb000-2b051e2fc000 r--p 00025000 3d8:ad14e 144134765124034652     /work2/11056/zwu/frontera/miniconda3/envs/libyt/lib/python3.13/site-packages/kiwisolver/_cext.cpython-313-x86_64-linux-gnu.so
2b051e2fc000-2b051e2fd000 rw-p 00026000 3d8:ad14e 144134765124034652     /work2/11056/zwu/frontera/miniconda3/envs/libyt/lib/python3.13/site-packages/kiwisolver/_cext.cpython-313-x86_64-linux-gnu.so
2b051e2fd000-2b051e4fd000 rw-p 00000000 00:00 0 
2b051e4fd000-2b051e50c000 r--p 00000000 3d8:ad14e 144134765124035596     /work2/11056/zwu/frontera/miniconda3/envs/libyt/lib/python3.13/site-packages/yt/geometry/selection_routines.cpython-313-x86_64-linux-gnu.so
2b051e50c000-2b051e5aa000 r-xp 0000f000 3d8:ad14e 144134765124035596     /work2/11056/zwu/frontera/miniconda3/envs/libyt/lib/python3.13/site-packages/yt/geometry/selection_routines.cpython-313-x86_64-linux-gnu.so
2b051e5aa000-2b051e5c3000 r--p 000ad000 3d8:ad14e 144134765124035596     /work2/11056/zwu/frontera/miniconda3/envs/libyt/lib/python3.13/site-packages/yt/geometry/selection_routines.cpython-313-x86_64-linux-gnu.so
2b051e5c3000-2b051e5c5000 r--p 000c6000 3d8:ad14e 144134765124035596     /work2/11056/zwu/frontera/miniconda3/envs/libyt/lib/python3.13/site-packages/yt/geometry/selection_routines.cpython-313-x86_64-linux-gnu.so
2b051e5c5000-2b051e5cd000 rw-p 000c8000 3d8:ad14e 144134765124035596     /work2/11056/zwu/frontera/miniconda3/envs/libyt/lib/python3.13/site-packages/yt/geometry/selection_routines.cpython-313-x86_64-linux-gnu.so
2b051e5cd000-2b051e5d0000 rw-p 00000000 00:00 0 
2b051e5d0000-2b051e5d9000 r--p 00000000 3d8:ad14e 144134765124035558     /work2/11056/zwu/frontera/miniconda3/envs/libyt/lib/python3.13/site-packages/yt/geometry/oct_visitors.cpython-313-x86_64-linux-gnu.so
2b051e5d9000-2b051e643000 r-xp 00009000 3d8:ad14e 144134765124035558     /work2/11056/zwu/frontera/miniconda3/envs/libyt/lib/python3.13/site-packages/yt/geometry/oct_visitors.cpython-313-x86_64-linux-gnu.so
2b051e643000-2b051e652000 r--p 00073000 3d8:ad14e 144134765124035558     /work2/11056/zwu/frontera/miniconda3/envs/libyt/lib/python3.13/site-packages/yt/geometry/oct_visitors.cpython-313-x86_64-linux-gnu.so
2b051e652000-2b051e654000 r--p 00081000 3d8:ad14e 144134765124035558     /work2/11056/zwu/frontera/miniconda3/envs/libyt/lib/python3.13/site-packages/yt/geometry/oct_visitors.cpython-313-x86_64-linux-gnu.so
2b051e654000-2b051e65a000 rw-p 00083000 3d8:ad14e 144134765124035558     /work2/11056/zwu/frontera/miniconda3/envs/libyt/lib/python3.13/site-packages/yt/geometry/oct_visitors.cpython-313-x86_64-linux-gnu.so
2b051e65a000-2b051e65b000 rw-p 00000000 00:00 0 
2b051e65b000-2b051e662000 r--p 00000000 3d8:ad14e 144134765124036838     /work2/11056/zwu/frontera/miniconda3/envs/libyt/lib/python3.13/site-packages/yt/utilities/lib/allocation_container.cpython-313-x86_64-linux-gnu.so
2b051e662000-2b051e683000 r-xp 00007000 3d8:ad14e 144134765124036838     /work2/11056/zwu/frontera/miniconda3/envs/libyt/lib/python3.13/site-packages/yt/utilities/lib/allocation_container.cpython-313-x86_64-linux-gnu.so
2b051e683000-2b051e68b000 r--p 00028000 3d8:ad14e 144134765124036838     /work2/11056/zwu/frontera/miniconda3/envs/libyt/lib/python3.13/site-packages/yt/utilities/lib/allocation_container.cpython-313-x86_64-linux-gnu.so
2b051e68b000-2b051e68c000 r--p 0002f000 3d8:ad14e 144134765124036838     /work2/11056/zwu/frontera/miniconda3/envs/libyt/lib/python3.13/site-packages/yt/utilities/lib/allocation_container.cpython-313-x86_64-linux-gnu.so
2b051e68c000-2b051e68e000 rw-p 00030000 3d8:ad14e 144134765124036838     /work2/11056/zwu/frontera/miniconda3/envs/libyt/lib/python3.13/site-packages/yt/utilities/lib/allocation_container.cpython-313-x86_64-linux-gnu.so
2b051e68e000-2b051e68f000 rw-p 00000000 00:00 0 
2b051e68f000-2b051e698000 r--p 00000000 3d8:ad14e 144134765124036537     /work2/11056/zwu/frontera/miniconda3/envs/libyt/lib/python3.13/site-packages/yt/geometry/oct_container.cpython-313-x86_64-linux-gnu.so
2b051e698000-2b051e6f5000 r-xp 00009000 3d8:ad14e 144134765124036537     /work2/11056/zwu/frontera/miniconda3/envs/libyt/lib/python3.13/site-packages/yt/geometry/oct_container.cpython-313-x86_64-linux-gnu.so
2b051e6f5000-2b051e702000 r--p 00066000 3d8:ad14e 144134765124036537     /work2/11056/zwu/frontera/miniconda3/envs/libyt/lib/python3.13/site-packages/yt/geometry/oct_container.cpython-313-x86_64-linux-gnu.so
2b051e702000-2b051e704000 r--p 00072000 3d8:ad14e 144134765124036537     /work2/11056/zwu/frontera/miniconda3/envs/libyt/lib/python3.13/site-packages/yt/geometry/oct_container.cpython-313-x86_64-linux-gnu.so
2b051e704000-2b051e707000 rw-p 00074000 3d8:ad14e 144134765124036537     /work2/11056/zwu/frontera/miniconda3/envs/libyt/lib/python3.13/site-packages/yt/geometry/oct_container.cpython-313-x86_64-linux-gnu.so
2b051e707000-2b051e708000 rw-p 00000000 00:00 0 
2b051e708000-2b051e70a000 r--p 00000000 3d8:ad14e 144134765124035953     /work2/11056/zwu/frontera/miniconda3/envs/libyt/lib/python3.13/site-packages/yt/geometry/grid_visitors.cpython-313-x86_64-linux-gnu.so
2b051e70a000-2b051e70c000 r-xp 00002000 3d8:ad14e 144134765124035953     /work2/11056/zwu/frontera/miniconda3/envs/libyt/lib/python3.13/site-packages/yt/geometry/grid_visitors.cpython-313-x86_64-linux-gnu.so
2b051e70c000-2b051e70d000 r--p 00004000 3d8:ad14e 144134765124035953     /work2/11056/zwu/frontera/miniconda3/envs/libyt/lib/python3.13/site-packages/yt/geometry/grid_visitors.cpython-313-x86_64-linux-gnu.so
2b051e70d000-2b051e70e000 r--p 00005000 3d8:ad14e 144134765124035953     /work2/11056/zwu/frontera/miniconda3/envs/libyt/lib/python3.13/site-packages/yt/geometry/grid_visitors.cpython-313-x86_64-linux-gnu.so
2b051e70e000-2b051e70f000 rw-p 00006000 3d8:ad14e 144134765124035953     /work2/11056/zwu/frontera/miniconda3/envs/libyt/lib/python3.13/site-packages/yt/geometry/grid_visitors.cpython-313-x86_64-linux-gnu.so
2b051e70f000-2b051e714000 r--p 00000000 3d8:ad14e 144134765124036378     /work2/11056/zwu/frontera/miniconda3/envs/libyt/lib/python3.13/site-packages/yt/utilities/lib/bitarray.cpython-313-x86_64-linux-gnu.so
2b051e714000-2b051e723000 r-xp 00005000 3d8:ad14e 144134765124036378     /work2/11056/zwu/frontera/miniconda3/envs/libyt/lib/python3.13/site-packages/yt/utilities/lib/bitarray.cpython-313-x86_64-linux-gnu.so
2b051e723000-2b051e728000 r--p 00014000 3d8:ad14e 144134765124036378     /work2/11056/zwu/frontera/miniconda3/envs/libyt/lib/python3.13/site-packages/yt/utilities/lib/bitarray.cpython-313-x86_64-linux-gnu.so
2b051e728000-2b051e729000 r--p 00019000 3d8:ad14e 144134765124036378     /work2/11056/zwu/frontera/miniconda3/envs/libyt/lib/python3.13/site-packages/yt/utilities/lib/bitarray.cpython-313-x86_64-linux-gnu.so
2b051e729000-2b051e72a000 rw-p 0001a000 3d8:ad14e 144134765124036378     /work2/11056/zwu/frontera/miniconda3/envs/libyt/lib/python3.13/site-packages/yt/utilities/lib/bitarray.cpython-313-x86_64-linux-gnu.so
2b051e72a000-2b051e72b000 rw-p 00000000 00:00 0 
2b051e72b000-2b051e730000 r--p 00000000 3d8:ad14e 144134765124036200     /work2/11056/zwu/frontera/miniconda3/envs/libyt/lib/python3.13/site-packages/yt/utilities/lib/partitioned_grid.cpython-313-x86_64-linux-gnu.so
2b051e730000-2b051e73d000 r-xp 00005000 3d8:ad14e 144134765124036200     /work2/11056/zwu/frontera/miniconda3/envs/libyt/lib/python3.13/site-packages/yt/utilities/lib/partitioned_grid.cpython-313-x86_64-linux-gnu.so
2b051e73d000-2b051e741000 r--p 00012000 3d8:ad14e 144134765124036200     /work2/11056/zwu/frontera/miniconda3/envs/libyt/lib/python3.13/site-packages/yt/utilities/lib/partitioned_grid.cpython-313-x86_64-linux-gnu.so
2b051e741000-2b051e742000 r--p 00016000 3d8:ad14e 144134765124036200     /work2/11056/zwu/frontera/miniconda3/envs/libyt/lib/python3.13/site-packages/yt/utilities/lib/partitioned_grid.cpython-313-x86_64-linux-gnu.so
2b051e742000-2b051e743000 rw-p 00017000 3d8:ad14e 144134765124036200     /work2/11056/zwu/frontera/miniconda3/envs/libyt/lib/python3.13/site-packages/yt/utilities/lib/partitioned_grid.cpython-313-x86_64-linux-gnu.so
2b051e743000-2b051e74c000 r--p 00000000 3d8:ad14e 144134765124036460     /work2/11056/zwu/frontera/miniconda3/envs/libyt/lib/python3.13/site-packages/yt/utilities/lib/image_samplers.cpython-313-x86_64-linux-gnu.so
2b051e74c000-2b051e784000 r-xp 00009000 3d8:ad14e 144134765124036460     /work2/11056/zwu/frontera/miniconda3/envs/libyt/lib/python3.13/site-packages/yt/utilities/lib/image_samplers.cpython-313-x86_64-linux-gnu.so
2b051e784000-2b051e78f000 r--p 00041000 3d8:ad14e 144134765124036460     /work2/11056/zwu/frontera/miniconda3/envs/libyt/lib/python3.13/site-packages/yt/utilities/lib/image_samplers.cpython-313-x86_64-linux-gnu.so
2b051e78f000-2b051e791000 r--p 0004b000 3d8:ad14e 144134765124036460     /work2/11056/zwu/frontera/miniconda3/envs/libyt/lib/python3.13/site-packages/yt/utilities/lib/image_samplers.cpython-313-x86_64-linux-gnu.so
2b051e791000-2b051e794000 rw-p 0004d000 3d8:ad14e 144134765124036460     /work2/11056/zwu/frontera/miniconda3/envs/libyt/lib/python3.13/site-packages/yt/utilities/lib/image_samplers.cpython-313-x86_64-linux-gnu.so
2b051e794000-2b051e795000 rw-p 00000000 00:00 0 
2b051e795000-2b051e7a2000 r--p 00000000 3d8:ad14e 144134765124010023     /work2/11056/zwu/frontera/miniconda3/envs/libyt/lib/libgomp.so.1.0.0
2b051e7a2000-2b051e7db000 r-xp 0000d000 3d8:ad14e 144134765124010023     /work2/11056/zwu/frontera/miniconda3/envs/libyt/lib/libgomp.so.1.0.0
2b051e7db000-2b051e7e9000 r--p 00046000 3d8:ad14e 144134765124010023     /work2/11056/zwu/frontera/miniconda3/envs/libyt/lib/libgomp.so.1.0.0
2b051e7e9000-2b051e7ea000 r--p 00054000 3d8:ad14e 144134765124010023     /work2/11056/zwu/frontera/miniconda3/envs/libyt/lib/libgomp.so.1.0.0
2b051e7ea000-2b051e7eb000 rw-p 00055000 3d8:ad14e 144134765124010023     /work2/11056/zwu/frontera/miniconda3/envs/libyt/lib/libgomp.so.1.0.0
2b051e7eb000-2b051e7f1000 r--p 00000000 3d8:ad14e 144134765124035940     /work2/11056/zwu/frontera/miniconda3/envs/libyt/lib/python3.13/site-packages/yt/utilities/lib/_octree_raytracing.cpython-313-x86_64-linux-gnu.so
2b051e7f1000-2b051e80e000 r-xp 00006000 3d8:ad14e 144134765124035940     /work2/11056/zwu/frontera/miniconda3/envs/libyt/lib/python3.13/site-packages/yt/utilities/lib/_octree_raytracing.cpython-313-x86_64-linux-gnu.so
2b051e80e000-2b051e815000 r--p 00023000 3d8:ad14e 144134765124035940     /work2/11056/zwu/frontera/miniconda3/envs/libyt/lib/python3.13/site-packages/yt/utilities/lib/_octree_raytracing.cpython-313-x86_64-linux-gnu.so
2b051e815000-2b051e816000 r--p 0002a000 3d8:ad14e 144134765124035940     /work2/11056/zwu/frontera/miniconda3/envs/libyt/lib/python3.13/site-packages/yt/utilities/lib/_octree_raytracing.cpython-313-x86_64-linux-gnu.so
2b051e816000-2b051e818000 rw-p 0002b000 3d8:ad14e 144134765124035940     /work2/11056/zwu/frontera/miniconda3/envs/libyt/lib/python3.13/site-packages/yt/utilities/lib/_octree_raytracing.cpython-313-x86_64-linux-gnu.so
2b051e818000-2b051e81e000 r--p 00000000 3d8:ad14e 144134765124035605     /work2/11056/zwu/frontera/miniconda3/envs/libyt/lib/python3.13/site-packages/yt/utilities/lib/lenses.cpython-313-x86_64-linux-gnu.so
2b051e81e000-2b051e838000 r-xp 00006000 3d8:ad14e 144134765124035605     /work2/11056/zwu/frontera/miniconda3/envs/libyt/lib/python3.13/site-packages/yt/utilities/lib/lenses.cpython-313-x86_64-linux-gnu.so
2b051e838000-2b051e83d000 r--p 00020000 3d8:ad14e 144134765124035605     /work2/11056/zwu/frontera/miniconda3/envs/libyt/lib/python3.13/site-packages/yt/utilities/lib/lenses.cpython-313-x86_64-linux-gnu.so
2b051e83d000-2b051e83e000 r--p 00025000 3d8:ad14e 144134765124035605     /work2/11056/zwu/frontera/miniconda3/envs/libyt/lib/python3.13/site-packages/yt/utilities/lib/lenses.cpython-313-x86_64-linux-gnu.so
2b051e83e000-2b051e83f000 rw-p 00026000 3d8:ad14e 144134765124035605     /work2/11056/zwu/frontera/miniconda3/envs/libyt/lib/python3.13/site-packages/yt/utilities/lib/lenses.cpython-313-x86_64-linux-gnu.so
2b051e83f000-2b051e840000 rw-p 00000000 00:00 0 
2b051e840000-2b051e847000 r--p 00000000 3d8:ad14e 144134765124035462     /work2/11056/zwu/frontera/miniconda3/envs/libyt/lib/python3.13/site-packages/yt/utilities/lib/grid_traversal.cpython-313-x86_64-linux-gnu.so
2b051e847000-2b051e86c000 r-xp 00007000 3d8:ad14e 144134765124035462     /work2/11056/zwu/frontera/miniconda3/envs/libyt/lib/python3.13/site-packages/yt/utilities/lib/grid_traversal.cpython-313-x86_64-linux-gnu.so
2b051e86c000-2b051e874000 r--p 0002c000 3d8:ad14e 144134765124035462     /work2/11056/zwu/frontera/miniconda3/envs/libyt/lib/python3.13/site-packages/yt/utilities/lib/grid_traversal.cpython-313-x86_64-linux-gnu.so
2b051e874000-2b051e875000 r--p 00033000 3d8:ad14e 144134765124035462     /work2/11056/zwu/frontera/miniconda3/envs/libyt/lib/python3.13/site-packages/yt/utilities/lib/grid_traversal.cpython-313-x86_64-linux-gnu.so
2b051e875000-2b051e877000 rw-p 00034000 3d8:ad14e 144134765124035462     /work2/11056/zwu/frontera/miniconda3/envs/libyt/lib/python3.13/site-packages/yt/utilities/lib/grid_traversal.cpython-313-x86_64-linux-gnu.so
2b051e877000-2b051e87d000 r--p 00000000 3d8:ad14e 144134765124036044     /work2/11056/zwu/frontera/miniconda3/envs/libyt/lib/python3.13/site-packages/yt/utilities/lib/fnv_hash.cpython-313-x86_64-linux-gnu.so
2b051e87d000-2b051e899000 r-xp 00006000 3d8:ad14e 144134765124036044     /work2/11056/zwu/frontera/miniconda3/envs/libyt/lib/python3.13/site-packages/yt/utilities/lib/fnv_hash.cpython-313-x86_64-linux-gnu.so
2b051e899000-2b051e8a0000 r--p 00022000 3d8:ad14e 144134765124036044     /work2/11056/zwu/frontera/miniconda3/envs/libyt/lib/python3.13/site-packages/yt/utilities/lib/fnv_hash.cpython-313-x86_64-linux-gnu.so
2b051e8a0000-2b051e8a1000 r--p 00028000 3d8:ad14e 144134765124036044     /work2/11056/zwu/frontera/miniconda3/envs/libyt/lib/python3.13/site-packages/yt/utilities/lib/fnv_hash.cpython-313-x86_64-linux-gnu.so
2b051e8a1000-2b051e8a3000 rw-p 00029000 3d8:ad14e 144134765124036044     /work2/11056/zwu/frontera/miniconda3/envs/libyt/lib/python3.13/site-packages/yt/utilities/lib/fnv_hash.cpython-313-x86_64-linux-gnu.so
2b051e8a3000-2b051e8ac000 r--p 00000000 3d8:ad14e 144134765124036525     /work2/11056/zwu/frontera/miniconda3/envs/libyt/lib/python3.13/site-packages/yt/utilities/lib/misc_utilities.cpython-313-x86_64-linux-gnu.so
2b051e8ac000-2b051e90c000 r-xp 00009000 3d8:ad14e 144134765124036525     /work2/11056/zwu/frontera/miniconda3/envs/libyt/lib/python3.13/site-packages/yt/utilities/lib/misc_utilities.cpython-313-x86_64-linux-gnu.so
2b051e90c000-2b051e917000 r--p 00069000 3d8:ad14e 144134765124036525     /work2/11056/zwu/frontera/miniconda3/envs/libyt/lib/python3.13/site-packages/yt/utilities/lib/misc_utilities.cpython-313-x86_64-linux-gnu.so
2b051e917000-2b051e919000 r--p 00073000 3d8:ad14e 144134765124036525     /work2/11056/zwu/frontera/miniconda3/envs/libyt/lib/python3.13/site-packages/yt/utilities/lib/misc_utilities.cpython-313-x86_64-linux-gnu.so
2b051e919000-2b051e91b000 rw-p 00075000 3d8:ad14e 144134765124036525     /work2/11056/zwu/frontera/miniconda3/envs/libyt/lib/python3.13/site-packages/yt/utilities/lib/misc_utilities.cpython-313-x86_64-linux-gnu.so
2b051e91b000-2b051e91d000 rw-p 00000000 00:00 0 
2b051e91d000-2b051e924000 r--p 00000000 3d8:ad14e 144134765124035740     /work2/11056/zwu/frontera/miniconda3/envs/libyt/lib/python3.13/site-packages/yt/utilities/lib/particle_mesh_operations.cpython-313-x86_64-linux-gnu.so
2b051e924000-2b051e954000 r-xp 00007000 3d8:ad14e 144134765124035740     /work2/11056/zwu/frontera/miniconda3/envs/libyt/lib/python3.13/site-packages/yt/utilities/lib/particle_mesh_operations.cpython-313-x86_64-linux-gnu.so
2b051e954000-2b051e95c000 r--p 00037000 3d8:ad14e 144134765124035740     /work2/11056/zwu/frontera/miniconda3/envs/libyt/lib/python3.13/site-packages/yt/utilities/lib/particle_mesh_operations.cpython-313-x86_64-linux-gnu.so
2b051e95c000-2b051e95d000 r--p 0003f000 3d8:ad14e 144134765124035740     /work2/11056/zwu/frontera/miniconda3/envs/libyt/lib/python3.13/site-packages/yt/utilities/lib/particle_mesh_operations.cpython-313-x86_64-linux-gnu.so
2b051e95d000-2b051e95f000 rw-p 00040000 3d8:ad14e 144134765124035740     /work2/11056/zwu/frontera/miniconda3/envs/libyt/lib/python3.13/site-packages/yt/utilities/lib/particle_mesh_operations.cpython-313-x86_64-linux-gnu.so
2b051e95f000-2b051e960000 rw-p 00000000 00:00 0 
2b051e960000-2b051e967000 r--p 00000000 3d8:ad14e 144134765124036749     /work2/11056/zwu/frontera/miniconda3/envs/libyt/lib/python3.13/site-packages/yt/utilities/lib/image_utilities.cpython-313-x86_64-linux-gnu.so
2b051e967000-2b051e996000 r-xp 00007000 3d8:ad14e 144134765124036749     /work2/11056/zwu/frontera/miniconda3/envs/libyt/lib/python3.13/site-packages/yt/utilities/lib/image_utilities.cpython-313-x86_64-linux-gnu.so
2b051e996000-2b051e99e000 r--p 00036000 3d8:ad14e 144134765124036749     /work2/11056/zwu/frontera/miniconda3/envs/libyt/lib/python3.13/site-packages/yt/utilities/lib/image_utilities.cpython-313-x86_64-linux-gnu.so
2b051e99e000-2b051e99f000 r--p 0003e000 3d8:ad14e 144134765124036749     /work2/11056/zwu/frontera/miniconda3/envs/libyt/lib/python3.13/site-packages/yt/utilities/lib/image_utilities.cpython-313-x86_64-linux-gnu.so
2b051e99f000-2b051e9a1000 rw-p 0003f000 3d8:ad14e 144134765124036749     /work2/11056/zwu/frontera/miniconda3/envs/libyt/lib/python3.13/site-packages/yt/utilities/lib/image_utilities.cpython-313-x86_64-linux-gnu.so
2b051e9a1000-2b051eaa1000 rw-p 00000000 00:00 0 
2b051eaa1000-2b051eaa6000 r--p 00000000 3d8:ad14e 144134765124011883     /work2/11056/zwu/frontera/miniconda3/envs/libyt/lib/python3.13/lib-dynload/_socket.cpython-313-x86_64-linux-gnu.so
2b051eaa6000-2b051eaaf000 r-xp 00005000 3d8:ad14e 144134765124011883     /work2/11056/zwu/frontera/miniconda3/envs/libyt/lib/python3.13/lib-dynload/_socket.cpython-313-x86_64-linux-gnu.so
2b051eaaf000-2b051eab8000 r--p 0000e000 3d8:ad14e 144134765124011883     /work2/11056/zwu/frontera/miniconda3/envs/libyt/lib/python3.13/lib-dynload/_socket.cpython-313-x86_64-linux-gnu.so
2b051eab8000-2b051eab9000 r--p 00016000 3d8:ad14e 144134765124011883     /work2/11056/zwu/frontera/miniconda3/envs/libyt/lib/python3.13/lib-dynload/_socket.cpython-313-x86_64-linux-gnu.so
2b051eab9000-2b051eaba000 rw-p 00017000 3d8:ad14e 144134765124011883     /work2/11056/zwu/frontera/miniconda3/envs/libyt/lib/python3.13/lib-dynload/_socket.cpython-313-x86_64-linux-gnu.so
2b051eaba000-2b051eabf000 r--p 00000000 3d8:ad14e 144134765124013545     /work2/11056/zwu/frontera/miniconda3/envs/libyt/lib/python3.13/lib-dynload/pyexpat.cpython-313-x86_64-linux-gnu.so
2b051eabf000-2b051eac4000 r-xp 00005000 3d8:ad14e 144134765124013545     /work2/11056/zwu/frontera/miniconda3/envs/libyt/lib/python3.13/lib-dynload/pyexpat.cpython-313-x86_64-linux-gnu.so
2b051eac4000-2b051eac8000 r--p 0000a000 3d8:ad14e 144134765124013545     /work2/11056/zwu/frontera/miniconda3/envs/libyt/lib/python3.13/lib-dynload/pyexpat.cpython-313-x86_64-linux-gnu.so
2b051eac8000-2b051eac9000 r--p 0000e000 3d8:ad14e 144134765124013545     /work2/11056/zwu/frontera/miniconda3/envs/libyt/lib/python3.13/lib-dynload/pyexpat.cpython-313-x86_64-linux-gnu.so
2b051eac9000-2b051eacb000 rw-p 0000f000 3d8:ad14e 144134765124013545     /work2/11056/zwu/frontera/miniconda3/envs/libyt/lib/python3.13/lib-dynload/pyexpat.cpython-313-x86_64-linux-gnu.so
2b051eacb000-2b051eacf000 r--p 00000000 3d8:ad14e 144134765124010281     /work2/11056/zwu/frontera/miniconda3/envs/libyt/lib/libexpat.so.1.11.3
2b051eacf000-2b051eaec000 r-xp 00004000 3d8:ad14e 144134765124010281     /work2/11056/zwu/frontera/miniconda3/envs/libyt/lib/libexpat.so.1.11.3
2b051eaec000-2b051eaf4000 r--p 00021000 3d8:ad14e 144134765124010281     /work2/11056/zwu/frontera/miniconda3/envs/libyt/lib/libexpat.so.1.11.3
2b051eaf4000-2b051eaf6000 r--p 00029000 3d8:ad14e 144134765124010281     /work2/11056/zwu/frontera/miniconda3/envs/libyt/lib/libexpat.so.1.11.3
2b051eaf6000-2b051eaf7000 rw-p 0002b000 3d8:ad14e 144134765124010281     /work2/11056/zwu/frontera/miniconda3/envs/libyt/lib/libexpat.so.1.11.3
2b051eaf7000-2b051f1f7000 rw-p 00000000 00:00 0 
2b051f1f7000-2b051f1fc000 r--p 00000000 3d8:ad14e 144134765124036458     /work2/11056/zwu/frontera/miniconda3/envs/libyt/lib/python3.13/site-packages/yt/utilities/lib/quad_tree.cpython-313-x86_64-linux-gnu.so
2b051f1fc000-2b051f215000 r-xp 00005000 3d8:ad14e 144134765124036458     /work2/11056/zwu/frontera/miniconda3/envs/libyt/lib/python3.13/site-packages/yt/utilities/lib/quad_tree.cpython-313-x86_64-linux-gnu.so
2b051f215000-2b051f21a000 r--p 0001e000 3d8:ad14e 144134765124036458     /work2/11056/zwu/frontera/miniconda3/envs/libyt/lib/python3.13/site-packages/yt/utilities/lib/quad_tree.cpython-313-x86_64-linux-gnu.so
2b051f21a000-2b051f21b000 r--p 00023000 3d8:ad14e 144134765124036458     /work2/11056/zwu/frontera/miniconda3/envs/libyt/lib/python3.13/site-packages/yt/utilities/lib/quad_tree.cpython-313-x86_64-linux-gnu.so
2b051f21b000-2b051f21c000 rw-p 00024000 3d8:ad14e 144134765124036458     /work2/11056/zwu/frontera/miniconda3/envs/libyt/lib/python3.13/site-packages/yt/utilities/lib/quad_tree.cpython-313-x86_64-linux-gnu.so
2b051f21c000-2b051f21d000 rw-p 00000000 00:00 0 
2b051f21d000-2b051f225000 r--p 00000000 3d8:ad14e 144134765124034768     /work2/11056/zwu/frontera/miniconda3/envs/libyt/lib/python3.13/site-packages/yt/geometry/grid_container.cpython-313-x86_64-linux-gnu.so
2b051f225000-2b051f25b000 r-xp 00008000 3d8:ad14e 144134765124034768     /work2/11056/zwu/frontera/miniconda3/envs/libyt/lib/python3.13/site-packages/yt/geometry/grid_container.cpython-313-x86_64-linux-gnu.so
2b051f25b000-2b051f265000 r--p 0003e000 3d8:ad14e 144134765124034768     /work2/11056/zwu/frontera/miniconda3/envs/libyt/lib/python3.13/site-packages/yt/geometry/grid_container.cpython-313-x86_64-linux-gnu.so
2b051f265000-2b051f267000 r--p 00047000 3d8:ad14e 144134765124034768     /work2/11056/zwu/frontera/miniconda3/envs/libyt/lib/python3.13/site-packages/yt/geometry/grid_container.cpython-313-x86_64-linux-gnu.so
2b051f267000-2b051f26a000 rw-p 00049000 3d8:ad14e 144134765124034768     /work2/11056/zwu/frontera/miniconda3/envs/libyt/lib/python3.13/site-packages/yt/geometry/grid_container.cpython-313-x86_64-linux-gnu.so
2b051f26a000-2b051f26b000 rw-p 00000000 00:00 0 
2b051f26b000-2b051f273000 r--p 00000000 3d8:ad14e 144134765124035387     /work2/11056/zwu/frontera/miniconda3/envs/libyt/lib/python3.13/site-packages/yt/utilities/lib/amr_kdtools.cpython-313-x86_64-linux-gnu.so
2b051f273000-2b051f2bd000 r-xp 00008000 3d8:ad14e 144134765124035387     /work2/11056/zwu/frontera/miniconda3/envs/libyt/lib/python3.13/site-packages/yt/utilities/lib/amr_kdtools.cpython-313-x86_64-linux-gnu.so
2b051f2bd000-2b051f2c8000 r--p 00052000 3d8:ad14e 144134765124035387     /work2/11056/zwu/frontera/miniconda3/envs/libyt/lib/python3.13/site-packages/yt/utilities/lib/amr_kdtools.cpython-313-x86_64-linux-gnu.so
2b051f2c8000-2b051f2c9000 r--p 0005d000 3d8:ad14e 144134765124035387     /work2/11056/zwu/frontera/miniconda3/envs/libyt/lib/python3.13/site-packages/yt/utilities/lib/amr_kdtools.cpython-313-x86_64-linux-gnu.so
2b051f2c9000-2b051f2cc000 rw-p 0005e000 3d8:ad14e 144134765124035387     /work2/11056/zwu/frontera/miniconda3/envs/libyt/lib/python3.13/site-packages/yt/utilities/lib/amr_kdtools.cpython-313-x86_64-linux-gnu.so
2b051f2cc000-2b051f2cd000 rw-p 00000000 00:00 0 
2b051f2cd000-2b051f2d1000 r--p 00000000 3d8:ad14e 144134765124035190     /work2/11056/zwu/frontera/miniconda3/envs/libyt/lib/python3.13/site-packages/yt/utilities/lib/marching_cubes.cpython-313-x86_64-linux-gnu.so
2b051f2d1000-2b051f2df000 r-xp 00004000 3d8:ad14e 144134765124035190     /work2/11056/zwu/frontera/miniconda3/envs/libyt/lib/python3.13/site-packages/yt/utilities/lib/marching_cubes.cpython-313-x86_64-linux-gnu.so
2b051f2df000-2b051f2e3000 r--p 00012000 3d8:ad14e 144134765124035190     /work2/11056/zwu/frontera/miniconda3/envs/libyt/lib/python3.13/site-packages/yt/utilities/lib/marching_cubes.cpython-313-x86_64-linux-gnu.so
2b051f2e3000-2b051f2e4000 r--p 00015000 3d8:ad14e 144134765124035190     /work2/11056/zwu/frontera/miniconda3/envs/libyt/lib/python3.13/site-packages/yt/utilities/lib/marching_cubes.cpython-313-x86_64-linux-gnu.so
2b051f2e4000-2b051f2e9000 rw-p 00016000 3d8:ad14e 144134765124035190     /work2/11056/zwu/frontera/miniconda3/envs/libyt/lib/python3.13/site-packages/yt/utilities/lib/marching_cubes.cpython-313-x86_64-linux-gnu.so
2b051f2e9000-2b051f3e9000 rw-p 00000000 00:00 0 
2b051f3e9000-2b051f3f2000 r--p 00000000 3d8:ad14e 144134765124035333     /work2/11056/zwu/frontera/miniconda3/envs/libyt/lib/python3.13/site-packages/yt/geometry/particle_deposit.cpython-313-x86_64-linux-gnu.so
2b051f3f2000-2b051f431000 r-xp 00009000 3d8:ad14e 144134765124035333     /work2/11056/zwu/frontera/miniconda3/envs/libyt/lib/python3.13/site-packages/yt/geometry/particle_deposit.cpython-313-x86_64-linux-gnu.so
2b051f431000-2b051f43d000 r--p 00048000 3d8:ad14e 144134765124035333     /work2/11056/zwu/frontera/miniconda3/envs/libyt/lib/python3.13/site-packages/yt/geometry/particle_deposit.cpython-313-x86_64-linux-gnu.so
2b051f43d000-2b051f43f000 r--p 00053000 3d8:ad14e 144134765124035333     /work2/11056/zwu/frontera/miniconda3/envs/libyt/lib/python3.13/site-packages/yt/geometry/particle_deposit.cpython-313-x86_64-linux-gnu.so
2b051f43f000-2b051f443000 rw-p 00055000 3d8:ad14e 144134765124035333     /work2/11056/zwu/frontera/miniconda3/envs/libyt/lib/python3.13/site-packages/yt/geometry/particle_deposit.cpython-313-x86_64-linux-gnu.so
2b051f443000-2b051f444000 rw-p 00000000 00:00 0 
2b051f444000-2b051f448000 r--p 00000000 3d8:ad14e 144134765124034726     /work2/11056/zwu/frontera/miniconda3/envs/libyt/lib/python3.13/site-packages/yt/utilities/lib/interpolators.cpython-313-x86_64-linux-gnu.so
2b051f448000-2b051f45c000 r-xp 00004000 3d8:ad14e 144134765124034726     /work2/11056/zwu/frontera/miniconda3/envs/libyt/lib/python3.13/site-packages/yt/utilities/lib/interpolators.cpython-313-x86_64-linux-gnu.so
2b051f45c000-2b051f460000 r--p 00018000 3d8:ad14e 144134765124034726     /work2/11056/zwu/frontera/miniconda3/envs/libyt/lib/python3.13/site-packages/yt/utilities/lib/interpolators.cpython-313-x86_64-linux-gnu.so
2b051f460000-2b051f461000 r--p 0001b000 3d8:ad14e 144134765124034726     /work2/11056/zwu/frontera/miniconda3/envs/libyt/lib/python3.13/site-packages/yt/utilities/lib/interpolators.cpython-313-x86_64-linux-gnu.so
2b051f461000-2b051f462000 rw-p 0001c000 3d8:ad14e 144134765124034726     /work2/11056/zwu/frontera/miniconda3/envs/libyt/lib/python3.13/site-packages/yt/utilities/lib/interpolators.cpython-313-x86_64-linux-gnu.so
2b051f462000-2b051f468000 r--p 00000000 3d8:ad14e 144134765124036547     /work2/11056/zwu/frontera/miniconda3/envs/libyt/lib/python3.13/site-packages/yt/utilities/lib/mesh_utilities.cpython-313-x86_64-linux-gnu.so
2b051f468000-2b051f489000 r-xp 00006000 3d8:ad14e 144134765124036547     /work2/11056/zwu/frontera/miniconda3/envs/libyt/lib/python3.13/site-packages/yt/utilities/lib/mesh_utilities.cpython-313-x86_64-linux-gnu.so
2b051f489000-2b051f490000 r--p 00027000 3d8:ad14e 144134765124036547     /work2/11056/zwu/frontera/miniconda3/envs/libyt/lib/python3.13/site-packages/yt/utilities/lib/mesh_utilities.cpython-313-x86_64-linux-gnu.so
2b051f490000-2b051f491000 r--p 0002e000 3d8:ad14e 144134765124036547     /work2/11056/zwu/frontera/miniconda3/envs/libyt/lib/python3.13/site-packages/yt/utilities/lib/mesh_utilities.cpython-313-x86_64-linux-gnu.so
2b051f491000-2b051f493000 rw-p 0002f000 3d8:ad14e 144134765124036547     /work2/11056/zwu/frontera/miniconda3/envs/libyt/lib/python3.13/site-packages/yt/utilities/lib/mesh_utilities.cpython-313-x86_64-linux-gnu.so
2b051f493000-2b051f49b000 r--p 00000000 3d8:ad14e 144134765124035212     /work2/11056/zwu/frontera/miniconda3/envs/libyt/lib/python3.13/site-packages/yt/geometry/particle_smooth.cpython-313-x86_64-linux-gnu.so
2b051f49b000-2b051f4d9000 r-xp 00008000 3d8:ad14e 144134765124035212     /work2/11056/zwu/frontera/miniconda3/envs/libyt/lib/python3.13/site-packages/yt/geometry/particle_smooth.cpython-313-x86_64-linux-gnu.so
2b051f4d9000-2b051f4e3000 r--p 00046000 3d8:ad14e 144134765124035212     /work2/11056/zwu/frontera/miniconda3/envs/libyt/lib/python3.13/site-packages/yt/geometry/particle_smooth.cpython-313-x86_64-linux-gnu.so
2b051f4e3000-2b051f4e5000 r--p 0004f000 3d8:ad14e 144134765124035212     /work2/11056/zwu/frontera/miniconda3/envs/libyt/lib/python3.13/site-packages/yt/geometry/particle_smooth.cpython-313-x86_64-linux-gnu.so
2b051f4e5000-2b051f4e8000 rw-p 00051000 3d8:ad14e 144134765124035212     /work2/11056/zwu/frontera/miniconda3/envs/libyt/lib/python3.13/site-packages/yt/geometry/particle_smooth.cpython-313-x86_64-linux-gnu.so
2b051f4e8000-2b051f4e9000 rw-p 00000000 00:00 0 
2b051f4e9000-2b051f4ef000 r--p 00000000 3d8:ad14e 144134765124036355     /work2/11056/zwu/frontera/miniconda3/envs/libyt/lib/python3.13/site-packages/yt/utilities/lib/distance_queue.cpython-313-x86_64-linux-gnu.so
2b051f4ef000-2b051f50e000 r-xp 00006000 3d8:ad14e 144134765124036355     /work2/11056/zwu/frontera/miniconda3/envs/libyt/lib/python3.13/site-packages/yt/utilities/lib/distance_queue.cpython-313-x86_64-linux-gnu.so
2b051f50e000-2b051f516000 r--p 00025000 3d8:ad14e 144134765124036355     /work2/11056/zwu/frontera/miniconda3/envs/libyt/lib/python3.13/site-packages/yt/utilities/lib/distance_queue.cpython-313-x86_64-linux-gnu.so
2b051f516000-2b051f517000 r--p 0002c000 3d8:ad14e 144134765124036355     /work2/11056/zwu/frontera/miniconda3/envs/libyt/lib/python3.13/site-packages/yt/utilities/lib/distance_queue.cpython-313-x86_64-linux-gnu.so
2b051f517000-2b051f519000 rw-p 0002d000 3d8:ad14e 144134765124036355     /work2/11056/zwu/frontera/miniconda3/envs/libyt/lib/python3.13/site-packages/yt/utilities/lib/distance_queue.cpython-313-x86_64-linux-gnu.so
2b051f519000-2b051f51a000 rw-p 00000000 00:00 0 
2b051f51a000-2b051f526000 r--p 00000000 3d8:ad14e 144134765124036623     /work2/11056/zwu/frontera/miniconda3/envs/libyt/lib/python3.13/site-packages/yt/geometry/particle_oct_container.cpython-313-x86_64-linux-gnu.so
2b051f526000-2b051f5c1000 r-xp 0000c000 3d8:ad14e 144134765124036623     /work2/11056/zwu/frontera/miniconda3/envs/libyt/lib/python3.13/site-packages/yt/geometry/particle_oct_container.cpython-313-x86_64-linux-gnu.so
2b051f5c1000-2b051f5d5000 r--p 000a7000 3d8:ad14e 144134765124036623     /work2/11056/zwu/frontera/miniconda3/envs/libyt/lib/python3.13/site-packages/yt/geometry/particle_oct_container.cpython-313-x86_64-linux-gnu.so
2b051f5d5000-2b051f5d7000 r--p 000ba000 3d8:ad14e 144134765124036623     /work2/11056/zwu/frontera/miniconda3/envs/libyt/lib/python3.13/site-packages/yt/geometry/particle_oct_container.cpython-313-x86_64-linux-gnu.so
2b051f5d7000-2b051f5db000 rw-p 000bc000 3d8:ad14e 144134765124036623     /work2/11056/zwu/frontera/miniconda3/envs/libyt/lib/python3.13/site-packages/yt/geometry/particle_oct_container.cpython-313-x86_64-linux-gnu.so
2b051f5db000-2b051f5dd000 rw-p 00000000 00:00 0 
2b051f5dd000-2b051f5e8000 r--p 00000000 3d8:ad14e 144131832097572340     /work2/11056/zwu/frontera/miniconda3/envs/libyt/lib/python3.13/site-packages/ewah_bool_utils/ewah_bool_wrap.cpython-313-x86_64-linux-gnu.so
2b051f5e8000-2b051f636000 r-xp 0000b000 3d8:ad14e 144131832097572340     /work2/11056/zwu/frontera/miniconda3/envs/libyt/lib/python3.13/site-packages/ewah_bool_utils/ewah_bool_wrap.cpython-313-x86_64-linux-gnu.so
2b051f636000-2b051f646000 r--p 00059000 3d8:ad14e 144131832097572340     /work2/11056/zwu/frontera/miniconda3/envs/libyt/lib/python3.13/site-packages/ewah_bool_utils/ewah_bool_wrap.cpython-313-x86_64-linux-gnu.so
2b051f646000-2b051f648000 r--p 00069000 3d8:ad14e 144131832097572340     /work2/11056/zwu/frontera/miniconda3/envs/libyt/lib/python3.13/site-packages/ewah_bool_utils/ewah_bool_wrap.cpython-313-x86_64-linux-gnu.so
2b051f648000-2b051f64b000 rw-p 0006b000 3d8:ad14e 144131832097572340     /work2/11056/zwu/frontera/miniconda3/envs/libyt/lib/python3.13/site-packages/ewah_bool_utils/ewah_bool_wrap.cpython-313-x86_64-linux-gnu.so
2b051f64b000-2b051f74d000 rw-p 00000000 00:00 0 
2b051f74d000-2b051f752000 r--p 00000000 3d8:ad14e 144131832097572337     /work2/11056/zwu/frontera/miniconda3/envs/libyt/lib/python3.13/site-packages/ewah_bool_utils/morton_utils.cpython-313-x86_64-linux-gnu.so
2b051f752000-2b051f768000 r-xp 00005000 3d8:ad14e 144131832097572337     /work2/11056/zwu/frontera/miniconda3/envs/libyt/lib/python3.13/site-packages/ewah_bool_utils/morton_utils.cpython-313-x86_64-linux-gnu.so
2b051f768000-2b051f76d000 r--p 0001b000 3d8:ad14e 144131832097572337     /work2/11056/zwu/frontera/miniconda3/envs/libyt/lib/python3.13/site-packages/ewah_bool_utils/morton_utils.cpython-313-x86_64-linux-gnu.so
2b051f76d000-2b051f76e000 r--p 00020000 3d8:ad14e 144131832097572337     /work2/11056/zwu/frontera/miniconda3/envs/libyt/lib/python3.13/site-packages/ewah_bool_utils/morton_utils.cpython-313-x86_64-linux-gnu.so
2b051f76e000-2b051f76f000 rw-p 00021000 3d8:ad14e 144131832097572337     /work2/11056/zwu/frontera/miniconda3/envs/libyt/lib/python3.13/site-packages/ewah_bool_utils/morton_utils.cpython-313-x86_64-linux-gnu.so
2b051f76f000-2b051f770000 rw-p 00000000 00:00 0 
2b051f770000-2b051f779000 r--p 00000000 3d8:ad14e 144134765124036053     /work2/11056/zwu/frontera/miniconda3/envs/libyt/lib/python3.13/site-packages/yt/utilities/lib/geometry_utils.cpython-313-x86_64-linux-gnu.so
2b051f779000-2b051f819000 r-xp 00009000 3d8:ad14e 144134765124036053     /work2/11056/zwu/frontera/miniconda3/envs/libyt/lib/python3.13/site-packages/yt/utilities/lib/geometry_utils.cpython-313-x86_64-linux-gnu.so
2b051f819000-2b051f826000 r--p 000a9000 3d8:ad14e 144134765124036053     /work2/11056/zwu/frontera/miniconda3/envs/libyt/lib/python3.13/site-packages/yt/utilities/lib/geometry_utils.cpython-313-x86_64-linux-gnu.so
2b051f826000-2b051f828000 r--p 000b5000 3d8:ad14e 144134765124036053     /work2/11056/zwu/frontera/miniconda3/envs/libyt/lib/python3.13/site-packages/yt/utilities/lib/geometry_utils.cpython-313-x86_64-linux-gnu.so
2b051f828000-2b051f82a000 rw-p 000b7000 3d8:ad14e 144134765124036053     /work2/11056/zwu/frontera/miniconda3/envs/libyt/lib/python3.13/site-packages/yt/utilities/lib/geometry_utils.cpython-313-x86_64-linux-gnu.so
2b051f82a000-2b051f82c000 rw-p 00000000 00:00 0 
2b051f82c000-2b051f836000 r--p 00000000 3d8:ad14e 144134765124036802     /work2/11056/zwu/frontera/miniconda3/envs/libyt/lib/python3.13/site-packages/yt/utilities/lib/pixelization_routines.cpython-313-x86_64-linux-gnu.so
2b051f836000-2b051f8dc000 r-xp 0000a000 3d8:ad14e 144134765124036802     /work2/11056/zwu/frontera/miniconda3/envs/libyt/lib/python3.13/site-packages/yt/utilities/lib/pixelization_routines.cpython-313-x86_64-linux-gnu.so
2b051f8dc000-2b051f8ea000 r--p 000b0000 3d8:ad14e 144134765124036802     /work2/11056/zwu/frontera/miniconda3/envs/libyt/lib/python3.13/site-packages/yt/utilities/lib/pixelization_routines.cpython-313-x86_64-linux-gnu.so
2b051f8ea000-2b051f8ec000 r--p 000bd000 3d8:ad14e 144134765124036802     /work2/11056/zwu/frontera/miniconda3/envs/libyt/lib/python3.13/site-packages/yt/utilities/lib/pixelization_routines.cpython-313-x86_64-linux-gnu.so
2b051f8ec000-2b051f8ee000 rw-p 000bf000 3d8:ad14e 144134765124036802     /work2/11056/zwu/frontera/miniconda3/envs/libyt/lib/python3.13/site-packages/yt/utilities/lib/pixelization_routines.cpython-313-x86_64-linux-gnu.so
2b051f8ee000-2b051f8f0000 rw-p 00000000 00:00 0 
2b051f8f0000-2b051f8f8000 r--p 00000000 3d8:ad14e 144134765124034210     /work2/11056/zwu/frontera/miniconda3/envs/libyt/lib/python3.13/site-packages/yt/utilities/lib/element_mappings.cpython-313-x86_64-linux-gnu.so
2b051f8f8000-2b051f935000 r-xp 00008000 3d8:ad14e 144134765124034210     /work2/11056/zwu/frontera/miniconda3/envs/libyt/lib/python3.13/site-packages/yt/utilities/lib/element_mappings.cpython-313-x86_64-linux-gnu.so
2b051f935000-2b051f941000 r--p 00045000 3d8:ad14e 144134765124034210     /work2/11056/zwu/frontera/miniconda3/envs/libyt/lib/python3.13/site-packages/yt/utilities/lib/element_mappings.cpython-313-x86_64-linux-gnu.so
2b051f941000-2b051f942000 r--p 00051000 3d8:ad14e 144134765124034210     /work2/11056/zwu/frontera/miniconda3/envs/libyt/lib/python3.13/site-packages/yt/utilities/lib/element_mappings.cpython-313-x86_64-linux-gnu.so
2b051f942000-2b051f946000 rw-p 00052000 3d8:ad14e 144134765124034210     /work2/11056/zwu/frontera/miniconda3/envs/libyt/lib/python3.13/site-packages/yt/utilities/lib/element_mappings.cpython-313-x86_64-linux-gnu.so
2b051f946000-2b051f947000 rw-p 00000000 00:00 0 
2b051f947000-2b051f949000 r--p 00000000 3d8:ad14e 144134765124036546     /work2/11056/zwu/frontera/miniconda3/envs/libyt/lib/python3.13/site-packages/yt/utilities/lib/autogenerated_element_samplers.cpython-313-x86_64-linux-gnu.so
2b051f949000-2b051f94d000 r-xp 00002000 3d8:ad14e 144134765124036546     /work2/11056/zwu/frontera/miniconda3/envs/libyt/lib/python3.13/site-packages/yt/utilities/lib/autogenerated_element_samplers.cpython-313-x86_64-linux-gnu.so
2b051f94d000-2b051f94e000 r--p 00006000 3d8:ad14e 144134765124036546     /work2/11056/zwu/frontera/miniconda3/envs/libyt/lib/python3.13/site-packages/yt/utilities/lib/autogenerated_element_samplers.cpython-313-x86_64-linux-gnu.so
2b051f94e000-2b051f94f000 r--p 00006000 3d8:ad14e 144134765124036546     /work2/11056/zwu/frontera/miniconda3/envs/libyt/lib/python3.13/site-packages/yt/utilities/lib/autogenerated_element_samplers.cpython-313-x86_64-linux-gnu.so
2b051f94f000-2b051f950000 rw-p 00007000 3d8:ad14e 144134765124036546     /work2/11056/zwu/frontera/miniconda3/envs/libyt/lib/python3.13/site-packages/yt/utilities/lib/autogenerated_element_samplers.cpython-313-x86_64-linux-gnu.so
2b051f950000-2b051f957000 r--p 00000000 3d8:ad14e 144134765124036309     /work2/11056/zwu/frontera/miniconda3/envs/libyt/lib/python3.13/site-packages/yt/utilities/lib/bounded_priority_queue.cpython-313-x86_64-linux-gnu.so
2b051f957000-2b051f97e000 r-xp 00007000 3d8:ad14e 144134765124036309     /work2/11056/zwu/frontera/miniconda3/envs/libyt/lib/python3.13/site-packages/yt/utilities/lib/bounded_priority_queue.cpython-313-x86_64-linux-gnu.so
2b051f97e000-2b051f986000 r--p 0002e000 3d8:ad14e 144134765124036309     /work2/11056/zwu/frontera/miniconda3/envs/libyt/lib/python3.13/site-packages/yt/utilities/lib/bounded_priority_queue.cpython-313-x86_64-linux-gnu.so
2b051f986000-2b051f987000 r--p 00036000 3d8:ad14e 144134765124036309     /work2/11056/zwu/frontera/miniconda3/envs/libyt/lib/python3.13/site-packages/yt/utilities/lib/bounded_priority_queue.cpython-313-x86_64-linux-gnu.so
2b051f987000-2b051f989000 rw-p 00037000 3d8:ad14e 144134765124036309     /work2/11056/zwu/frontera/miniconda3/envs/libyt/lib/python3.13/site-packages/yt/utilities/lib/bounded_priority_queue.cpython-313-x86_64-linux-gnu.so
2b051f989000-2b051f98a000 rw-p 00000000 00:00 0 
2b051f98a000-2b051f993000 r--p 00000000 3d8:ad14e 144134765124036156     /work2/11056/zwu/frontera/miniconda3/envs/libyt/lib/python3.13/site-packages/yt/utilities/lib/cykdtree/kdtree.cpython-313-x86_64-linux-gnu.so
2b051f993000-2b051f9cf000 r-xp 00009000 3d8:ad14e 144134765124036156     /work2/11056/zwu/frontera/miniconda3/envs/libyt/lib/python3.13/site-packages/yt/utilities/lib/cykdtree/kdtree.cpython-313-x86_64-linux-gnu.so
2b051f9cf000-2b051f9db000 r--p 00045000 3d8:ad14e 144134765124036156     /work2/11056/zwu/frontera/miniconda3/envs/libyt/lib/python3.13/site-packages/yt/utilities/lib/cykdtree/kdtree.cpython-313-x86_64-linux-gnu.so
2b051f9db000-2b051f9dd000 r--p 00050000 3d8:ad14e 144134765124036156     /work2/11056/zwu/frontera/miniconda3/envs/libyt/lib/python3.13/site-packages/yt/utilities/lib/cykdtree/kdtree.cpython-313-x86_64-linux-gnu.so
2b051f9dd000-2b051f9e0000 rw-p 00052000 3d8:ad14e 144134765124036156     /work2/11056/zwu/frontera/miniconda3/envs/libyt/lib/python3.13/site-packages/yt/utilities/lib/cykdtree/kdtree.cpython-313-x86_64-linux-gnu.so
2b051f9e0000-2b051f9e7000 r--p 00000000 3d8:ad14e 144134765124036969     /work2/11056/zwu/frontera/miniconda3/envs/libyt/lib/python3.13/site-packages/yt/utilities/lib/particle_kdtree_tools.cpython-313-x86_64-linux-gnu.so
2b051f9e7000-2b051fa0b000 r-xp 00007000 3d8:ad14e 144134765124036969     /work2/11056/zwu/frontera/miniconda3/envs/libyt/lib/python3.13/site-packages/yt/utilities/lib/particle_kdtree_tools.cpython-313-x86_64-linux-gnu.so
2b051fa0b000-2b051fa13000 r--p 0002b000 3d8:ad14e 144134765124036969     /work2/11056/zwu/frontera/miniconda3/envs/libyt/lib/python3.13/site-packages/yt/utilities/lib/particle_kdtree_tools.cpython-313-x86_64-linux-gnu.so
2b051fa13000-2b051fa14000 r--p 00033000 3d8:ad14e 144134765124036969     /work2/11056/zwu/frontera/miniconda3/envs/libyt/lib/python3.13/site-packages/yt/utilities/lib/particle_kdtree_tools.cpython-313-x86_64-linux-gnu.so
2b051fa14000-2b051fa16000 rw-p 00034000 3d8:ad14e 144134765124036969     /work2/11056/zwu/frontera/miniconda3/envs/libyt/lib/python3.13/site-packages/yt/utilities/lib/particle_kdtree_tools.cpython-313-x86_64-linux-gnu.so
2b051fa16000-2b051fa1d000 r--p 00000000 3d8:ad14e 144134765124036844     /work2/11056/zwu/frontera/miniconda3/envs/libyt/lib/python3.13/site-packages/yt/utilities/lib/cyoctree.cpython-313-x86_64-linux-gnu.so
2b051fa1d000-2b051fa4a000 r-xp 00007000 3d8:ad14e 144134765124036844     /work2/11056/zwu/frontera/miniconda3/envs/libyt/lib/python3.13/site-packages/yt/utilities/lib/cyoctree.cpython-313-x86_64-linux-gnu.so
2b051fa4a000-2b051fa53000 r--p 00034000 3d8:ad14e 144134765124036844     /work2/11056/zwu/frontera/miniconda3/envs/libyt/lib/python3.13/site-packages/yt/utilities/lib/cyoctree.cpython-313-x86_64-linux-gnu.so
2b051fa53000-2b051fa54000 r--p 0003d000 3d8:ad14e 144134765124036844     /work2/11056/zwu/frontera/miniconda3/envs/libyt/lib/python3.13/site-packages/yt/utilities/lib/cyoctree.cpython-313-x86_64-linux-gnu.so
2b051fa54000-2b051fa56000 rw-p 0003e000 3d8:ad14e 144134765124036844     /work2/11056/zwu/frontera/miniconda3/envs/libyt/lib/python3.13/site-packages/yt/utilities/lib/cyoctree.cpython-313-x86_64-linux-gnu.so
2b051fa56000-2b051fb57000 rw-p 00000000 00:00 0 
2b051fb57000-2b051fb5e000 r--p 00000000 3d8:ad14e 144134765124035799     /work2/11056/zwu/frontera/miniconda3/envs/libyt/lib/python3.13/site-packages/yt/utilities/lib/bounding_volume_hierarchy.cpython-313-x86_64-linux-gnu.so
2b051fb5e000-2b051fb7f000 r-xp 00007000 3d8:ad14e 144134765124035799     /work2/11056/zwu/frontera/miniconda3/envs/libyt/lib/python3.13/site-packages/yt/utilities/lib/bounding_volume_hierarchy.cpython-313-x86_64-linux-gnu.so
2b051fb7f000-2b051fb87000 r--p 00028000 3d8:ad14e 144134765124035799     /work2/11056/zwu/frontera/miniconda3/envs/libyt/lib/python3.13/site-packages/yt/utilities/lib/bounding_volume_hierarchy.cpython-313-x86_64-linux-gnu.so
2b051fb87000-2b051fb88000 r--p 00030000 3d8:ad14e 144134765124035799     /work2/11056/zwu/frontera/miniconda3/envs/libyt/lib/python3.13/site-packages/yt/utilities/lib/bounding_volume_hierarchy.cpython-313-x86_64-linux-gnu.so
2b051fb88000-2b051fb8a000 rw-p 00031000 3d8:ad14e 144134765124035799     /work2/11056/zwu/frontera/miniconda3/envs/libyt/lib/python3.13/site-packages/yt/utilities/lib/bounding_volume_hierarchy.cpython-313-x86_64-linux-gnu.so
2b051fb8a000-2b051fb8b000 rw-p 00000000 00:00 0 
2b051fb8b000-2b051fb8d000 r--p 00000000 3d8:ad14e 144134765124037060     /work2/11056/zwu/frontera/miniconda3/envs/libyt/lib/python3.13/site-packages/yt/utilities/lib/primitives.cpython-313-x86_64-linux-gnu.so
2b051fb8d000-2b051fb93000 r-xp 00002000 3d8:ad14e 144134765124037060     /work2/11056/zwu/frontera/miniconda3/envs/libyt/lib/python3.13/site-packages/yt/utilities/lib/primitives.cpython-313-x86_64-linux-gnu.so
2b051fb93000-2b051fb95000 r--p 00008000 3d8:ad14e 144134765124037060     /work2/11056/zwu/frontera/miniconda3/envs/libyt/lib/python3.13/site-packages/yt/utilities/lib/primitives.cpython-313-x86_64-linux-gnu.so
2b051fb95000-2b051fb96000 r--p 00009000 3d8:ad14e 144134765124037060     /work2/11056/zwu/frontera/miniconda3/envs/libyt/lib/python3.13/site-packages/yt/utilities/lib/primitives.cpython-313-x86_64-linux-gnu.so
2b051fb96000-2b051fb97000 rw-p 0000a000 3d8:ad14e 144134765124037060     /work2/11056/zwu/frontera/miniconda3/envs/libyt/lib/python3.13/site-packages/yt/utilities/lib/primitives.cpython-313-x86_64-linux-gnu.so
2b051fb97000-2b051fb9c000 r--p 00000000 3d8:ad14e 144134765124037015     /work2/11056/zwu/frontera/miniconda3/envs/libyt/lib/python3.13/site-packages/yt/utilities/lib/basic_octree.cpython-313-x86_64-linux-gnu.so
2b051fb9c000-2b051fbb0000 r-xp 00005000 3d8:ad14e 144134765124037015     /work2/11056/zwu/frontera/miniconda3/envs/libyt/lib/python3.13/site-packages/yt/utilities/lib/basic_octree.cpython-313-x86_64-linux-gnu.so
2b051fbb0000-2b051fbb5000 r--p 00019000 3d8:ad14e 144134765124037015     /work2/11056/zwu/frontera/miniconda3/envs/libyt/lib/python3.13/site-packages/yt/utilities/lib/basic_octree.cpython-313-x86_64-linux-gnu.so
2b051fbb5000-2b051fbb6000 r--p 0001e000 3d8:ad14e 144134765124037015     /work2/11056/zwu/frontera/miniconda3/envs/libyt/lib/python3.13/site-packages/yt/utilities/lib/basic_octree.cpython-313-x86_64-linux-gnu.so
2b051fbb6000-2b051fbb7000 rw-p 0001f000 3d8:ad14e 144134765124037015     /work2/11056/zwu/frontera/miniconda3/envs/libyt/lib/python3.13/site-packages/yt/utilities/lib/basic_octree.cpython-313-x86_64-linux-gnu.so
2b051fbb7000-2b051fbb8000 rw-p 00000000 00:00 0 
2b051fbb8000-2b051fbc0000 r--p 00000000 3d8:ad14e 144134765124036296     /work2/11056/zwu/frontera/miniconda3/envs/libyt/lib/python3.13/site-packages/yt/utilities/lib/contour_finding.cpython-313-x86_64-linux-gnu.so
2b051fbc0000-2b051fc03000 r-xp 00008000 3d8:ad14e 144134765124036296     /work2/11056/zwu/frontera/miniconda3/envs/libyt/lib/python3.13/site-packages/yt/utilities/lib/contour_finding.cpython-313-x86_64-linux-gnu.so
2b051fc03000-2b051fc0e000 r--p 0004b000 3d8:ad14e 144134765124036296     /work2/11056/zwu/frontera/miniconda3/envs/libyt/lib/python3.13/site-packages/yt/utilities/lib/contour_finding.cpython-313-x86_64-linux-gnu.so
2b051fc0e000-2b051fc10000 r--p 00055000 3d8:ad14e 144134765124036296     /work2/11056/zwu/frontera/miniconda3/envs/libyt/lib/python3.13/site-packages/yt/utilities/lib/contour_finding.cpython-313-x86_64-linux-gnu.so
2b051fc10000-2b051fc13000 rw-p 00057000 3d8:ad14e 144134765124036296     /work2/11056/zwu/frontera/miniconda3/envs/libyt/lib/python3.13/site-packages/yt/utilities/lib/contour_finding.cpython-313-x86_64-linux-gnu.so
2b051fc13000-2b051fc14000 rw-p 00000000 00:00 0 
2b051fc14000-2b051fc19000 r--p 00000000 3d8:ad14e 144134765124036963     /work2/11056/zwu/frontera/miniconda3/envs/libyt/lib/python3.13/site-packages/yt/utilities/lib/depth_first_octree.cpython-313-x86_64-linux-gnu.so
2b051fc19000-2b051fc2c000 r-xp 00005000 3d8:ad14e 144134765124036963     /work2/11056/zwu/frontera/miniconda3/envs/libyt/lib/python3.13/site-packages/yt/utilities/lib/depth_first_octree.cpython-313-x86_64-linux-gnu.so
2b051fc2c000-2b051fc31000 r--p 00018000 3d8:ad14e 144134765124036963     /work2/11056/zwu/frontera/miniconda3/envs/libyt/lib/python3.13/site-packages/yt/utilities/lib/depth_first_octree.cpython-313-x86_64-linux-gnu.so
2b051fc31000-2b051fc32000 r--p 0001c000 3d8:ad14e 144134765124036963     /work2/11056/zwu/frontera/miniconda3/envs/libyt/lib/python3.13/site-packages/yt/utilities/lib/depth_first_octree.cpython-313-x86_64-linux-gnu.so
2b051fc32000-2b051fc34000 rw-p 0001d000 3d8:ad14e 144134765124036963     /work2/11056/zwu/frontera/miniconda3/envs/libyt/lib/python3.13/site-packages/yt/utilities/lib/depth_first_octree.cpython-313-x86_64-linux-gnu.so
2b051fc34000-2b051fc39000 r--p 00000000 3d8:ad14e 144134765124035794     /work2/11056/zwu/frontera/miniconda3/envs/libyt/lib/python3.13/site-packages/yt/utilities/lib/fortran_reader.cpython-313-x86_64-linux-gnu.so
2b051fc39000-2b051fc4b000 r-xp 00005000 3d8:ad14e 144134765124035794     /work2/11056/zwu/frontera/miniconda3/envs/libyt/lib/python3.13/site-packages/yt/utilities/lib/fortran_reader.cpython-313-x86_64-linux-gnu.so
2b051fc4b000-2b051fc4f000 r--p 00017000 3d8:ad14e 144134765124035794     /work2/11056/zwu/frontera/miniconda3/envs/libyt/lib/python3.13/site-packages/yt/utilities/lib/fortran_reader.cpython-313-x86_64-linux-gnu.so
2b051fc4f000-2b051fc50000 r--p 0001b000 3d8:ad14e 144134765124035794     /work2/11056/zwu/frontera/miniconda3/envs/libyt/lib/python3.13/site-packages/yt/utilities/lib/fortran_reader.cpython-313-x86_64-linux-gnu.so
2b051fc50000-2b051fc51000 rw-p 0001c000 3d8:ad14e 144134765124035794     /work2/11056/zwu/frontera/miniconda3/envs/libyt/lib/python3.13/site-packages/yt/utilities/lib/fortran_reader.cpython-313-x86_64-linux-gnu.so
2b051fc51000-2b051fc55000 r--p 00000000 3d8:ad14e 144134765124035864     /work2/11056/zwu/frontera/miniconda3/envs/libyt/lib/python3.13/site-packages/yt/utilities/lib/line_integral_convolution.cpython-313-x86_64-linux-gnu.so
2b051fc55000-2b051fc5e000 r-xp 00004000 3d8:ad14e 144134765124035864     /work2/11056/zwu/frontera/miniconda3/envs/libyt/lib/python3.13/site-packages/yt/utilities/lib/line_integral_convolution.cpython-313-x86_64-linux-gnu.so
2b051fc5e000-2b051fc61000 r--p 0000d000 3d8:ad14e 144134765124035864     /work2/11056/zwu/frontera/miniconda3/envs/libyt/lib/python3.13/site-packages/yt/utilities/lib/line_integral_convolution.cpython-313-x86_64-linux-gnu.so
2b051fc61000-2b051fc62000 r--p 0000f000 3d8:ad14e 144134765124035864     /work2/11056/zwu/frontera/miniconda3/envs/libyt/lib/python3.13/site-packages/yt/utilities/lib/line_integral_convolution.cpython-313-x86_64-linux-gnu.so
2b051fc62000-2b051fc63000 rw-p 00010000 3d8:ad14e 144134765124035864     /work2/11056/zwu/frontera/miniconda3/envs/libyt/lib/python3.13/site-packages/yt/utilities/lib/line_integral_convolution.cpython-313-x86_64-linux-gnu.so
2b051fc63000-2b051fc67000 r--p 00000000 3d8:ad14e 144134765124035838     /work2/11056/zwu/frontera/miniconda3/envs/libyt/lib/python3.13/site-packages/yt/utilities/lib/points_in_volume.cpython-313-x86_64-linux-gnu.so
2b051fc67000-2b051fc77000 r-xp 00004000 3d8:ad14e 144134765124035838     /work2/11056/zwu/frontera/miniconda3/envs/libyt/lib/python3.13/site-packages/yt/utilities/lib/points_in_volume.cpython-313-x86_64-linux-gnu.so
2b051fc77000-2b051fc7b000 r--p 00014000 3d8:ad14e 144134765124035838     /work2/11056/zwu/frontera/miniconda3/envs/libyt/lib/python3.13/site-packages/yt/utilities/lib/points_in_volume.cpython-313-x86_64-linux-gnu.so
2b051fc7b000-2b051fc7c000 r--p 00017000 3d8:ad14e 144134765124035838     /work2/11056/zwu/frontera/miniconda3/envs/libyt/lib/python3.13/site-packages/yt/utilities/lib/points_in_volume.cpython-313-x86_64-linux-gnu.so
2b051fc7c000-2b051fc7d000 rw-p 00018000 3d8:ad14e 144134765124035838     /work2/11056/zwu/frontera/miniconda3/envs/libyt/lib/python3.13/site-packages/yt/utilities/lib/points_in_volume.cpython-313-x86_64-linux-gnu.so
2b051fc7d000-2b051fc81000 r--p 00000000 3d8:ad14e 144134765124035690     /work2/11056/zwu/frontera/miniconda3/envs/libyt/lib/python3.13/site-packages/yt/utilities/lib/write_array.cpython-313-x86_64-linux-gnu.so
2b051fc81000-2b051fc8c000 r-xp 00004000 3d8:ad14e 144134765124035690     /work2/11056/zwu/frontera/miniconda3/envs/libyt/lib/python3.13/site-packages/yt/utilities/lib/write_array.cpython-313-x86_64-linux-gnu.so
2b051fc8c000-2b051fc8f000 r--p 0000f000 3d8:ad14e 144134765124035690     /work2/11056/zwu/frontera/miniconda3/envs/libyt/lib/python3.13/site-packages/yt/utilities/lib/write_array.cpython-313-x86_64-linux-gnu.so
2b051fc8f000-2b051fc90000 r--p 00012000 3d8:ad14e 144134765124035690     /work2/11056/zwu/frontera/miniconda3/envs/libyt/lib/python3.13/site-packages/yt/utilities/lib/write_array.cpython-313-x86_64-linux-gnu.so
2b051fc90000-2b051fc91000 rw-p 00013000 3d8:ad14e 144134765124035690     /work2/11056/zwu/frontera/miniconda3/envs/libyt/lib/python3.13/site-packages/yt/utilities/lib/write_array.cpython-313-x86_64-linux-gnu.so
2b051fc91000-2b051fd91000 rw-p 00000000 00:00 0 
2b051fd91000-2b051fd98000 r--p 00000000 3d8:ad14e 144134765124035262     /work2/11056/zwu/frontera/miniconda3/envs/libyt/lib/python3.13/site-packages/yt/utilities/lib/mesh_triangulation.cpython-313-x86_64-linux-gnu.so
2b051fd98000-2b051fdc1000 r-xp 00007000 3d8:ad14e 144134765124035262     /work2/11056/zwu/frontera/miniconda3/envs/libyt/lib/python3.13/site-packages/yt/utilities/lib/mesh_triangulation.cpython-313-x86_64-linux-gnu.so
2b051fdc1000-2b051fdc9000 r--p 00030000 3d8:ad14e 144134765124035262     /work2/11056/zwu/frontera/miniconda3/envs/libyt/lib/python3.13/site-packages/yt/utilities/lib/mesh_triangulation.cpython-313-x86_64-linux-gnu.so
2b051fdc9000-2b051fdca000 r--p 00038000 3d8:ad14e 144134765124035262     /work2/11056/zwu/frontera/miniconda3/envs/libyt/lib/python3.13/site-packages/yt/utilities/lib/mesh_triangulation.cpython-313-x86_64-linux-gnu.so
2b051fdca000-2b051fdcc000 rw-p 00039000 3d8:ad14e 144134765124035262     /work2/11056/zwu/frontera/miniconda3/envs/libyt/lib/python3.13/site-packages/yt/utilities/lib/mesh_triangulation.cpython-313-x86_64-linux-gnu.so
2b051fdcc000-2b051fdcd000 rw-p 00000000 00:00 0 
2b051fdcd000-2b051fdf1000 r--p 00000000 3d8:ad14e 144134765124018686     /work2/11056/zwu/frontera/miniconda3/envs/libyt/lib/python3.13/site-packages/mpi4py/MPI.cpython-313-x86_64-linux-gnu.so
2b051fdf1000-2b052008b000 r-xp 00024000 3d8:ad14e 144134765124018686     /work2/11056/zwu/frontera/miniconda3/envs/libyt/lib/python3.13/site-packages/mpi4py/MPI.cpython-313-x86_64-linux-gnu.so
2b052008b000-2b05200f9000 r--p 002be000 3d8:ad14e 144134765124018686     /work2/11056/zwu/frontera/miniconda3/envs/libyt/lib/python3.13/site-packages/mpi4py/MPI.cpython-313-x86_64-linux-gnu.so
2b05200f9000-2b05200fa000 r--p 0032c000 3d8:ad14e 144134765124018686     /work2/11056/zwu/frontera/miniconda3/envs/libyt/lib/python3.13/site-packages/mpi4py/MPI.cpython-313-x86_64-linux-gnu.so
2b05200fa000-2b052010c000 rw-p 0032d000 3d8:ad14e 144134765124018686     /work2/11056/zwu/frontera/miniconda3/envs/libyt/lib/python3.13/site-packages/mpi4py/MPI.cpython-313-x86_64-linux-gnu.so
2b052010c000-2b0520400000 rw-p 00000000 00:00 0 
2b0520400000-2b0520e00000 rw-p 00000000 00:00 0 
2b0520e00000-2b0521014000 rw-p 00000000 00:00 0 
2b0521014000-2b0521015000 r--p 00000000 3d8:ad14e 144134881776061359     /work2/11056/zwu/frontera/miniconda3/envs/libyt/lib/python3.13/site-packages/torch/lib/libtorch_global_deps.so
2b0521015000-2b0521016000 r-xp 00001000 3d8:ad14e 144134881776061359     /work2/11056/zwu/frontera/miniconda3/envs/libyt/lib/python3.13/site-packages/torch/lib/libtorch_global_deps.so
2b0521016000-2b0521017000 r--p 00002000 3d8:ad14e 144134881776061359     /work2/11056/zwu/frontera/miniconda3/envs/libyt/lib/python3.13/site-packages/torch/lib/libtorch_global_deps.so
2b0521017000-2b0521018000 r--p 00002000 3d8:ad14e 144134881776061359     /work2/11056/zwu/frontera/miniconda3/envs/libyt/lib/python3.13/site-packages/torch/lib/libtorch_global_deps.so
2b0521018000-2b0521019000 rw-p 00003000 3d8:ad14e 144134881776061359     /work2/11056/zwu/frontera/miniconda3/envs/libyt/lib/python3.13/site-packages/torch/lib/libtorch_global_deps.so
2b0521019000-2b052101a000 rw-p 00004000 3d8:ad14e 144134881776061359     /work2/11056/zwu/frontera/miniconda3/envs/libyt/lib/python3.13/site-packages/torch/lib/libtorch_global_deps.so
2b052101a000-2b052101b000 rw-p 00005000 3d8:ad14e 144134881776061359     /work2/11056/zwu/frontera/miniconda3/envs/libyt/lib/python3.13/site-packages/torch/lib/libtorch_global_deps.so
2b052101b000-2b05210c2000 r-xp 00000000 3d8:ad14e 144134881776058613     /work2/11056/zwu/frontera/miniconda3/envs/libyt/lib/python3.13/site-packages/nvidia/cuda_runtime/lib/libcudart.so.12
2b05210c2000-2b05212c2000 ---p 000a7000 3d8:ad14e 144134881776058613     /work2/11056/zwu/frontera/miniconda3/envs/libyt/lib/python3.13/site-packages/nvidia/cuda_runtime/lib/libcudart.so.12
2b05212c2000-2b05212c7000 r--p 000a7000 3d8:ad14e 144134881776058613     /work2/11056/zwu/frontera/miniconda3/envs/libyt/lib/python3.13/site-packages/nvidia/cuda_runtime/lib/libcudart.so.12
2b05212c7000-2b05212c8000 rw-p 000ac000 3d8:ad14e 144134881776058613     /work2/11056/zwu/frontera/miniconda3/envs/libyt/lib/python3.13/site-packages/nvidia/cuda_runtime/lib/libcudart.so.12
2b05212c8000-2b05212ca000 rw-p 00000000 00:00 0 
2b05212ca000-2b05212ef000 r-xp 00000000 3d8:ad14e 144134881776061357     /work2/11056/zwu/frontera/miniconda3/envs/libyt/lib/python3.13/site-packages/torch/lib/libgomp-a34b3233.so.1
2b05212ef000-2b05214ee000 ---p 00025000 3d8:ad14e 144134881776061357     /work2/11056/zwu/frontera/miniconda3/envs/libyt/lib/python3.13/site-packages/torch/lib/libgomp-a34b3233.so.1
2b05214ee000-2b05214ef000 r--p 00024000 3d8:ad14e 144134881776061357     /work2/11056/zwu/frontera/miniconda3/envs/libyt/lib/python3.13/site-packages/torch/lib/libgomp-a34b3233.so.1
2b05214ef000-2b05214f0000 rw-p 00025000 3d8:ad14e 144134881776061357     /work2/11056/zwu/frontera/miniconda3/envs/libyt/lib/python3.13/site-packages/torch/lib/libgomp-a34b3233.so.1
2b05214f0000-2b05214f4000 rw-p 00026000 3d8:ad14e 144134881776061357     /work2/11056/zwu/frontera/miniconda3/envs/libyt/lib/python3.13/site-packages/torch/lib/libgomp-a34b3233.so.1
2b05214f4000-2b052478c000 r-xp 00000000 3d8:ad14e 144134881776058638     /work2/11056/zwu/frontera/miniconda3/envs/libyt/lib/python3.13/site-packages/nvidia/cuda_nvrtc/lib/libnvrtc.so.12
2b052478c000-2b052498c000 ---p 03298000 3d8:ad14e 144134881776058638     /work2/11056/zwu/frontera/miniconda3/envs/libyt/lib/python3.13/site-packages/nvidia/cuda_nvrtc/lib/libnvrtc.so.12
2b052498c000-2b0524fab000 r--p 03298000 3d8:ad14e 144134881776058638     /work2/11056/zwu/frontera/miniconda3/envs/libyt/lib/python3.13/site-packages/nvidia/cuda_nvrtc/lib/libnvrtc.so.12
2b0524fab000-2b0525090000 rw-p 038b7000 3d8:ad14e 144134881776058638     /work2/11056/zwu/frontera/miniconda3/envs/libyt/lib/python3.13/site-packages/nvidia/cuda_nvrtc/lib/libnvrtc.so.12
2b0525090000-2b052518f000 rw-p 00000000 00:00 0 
2b052518f000-2b0525191000 rw-p 0399d000 3d8:ad14e 144134881776058638     /work2/11056/zwu/frontera/miniconda3/envs/libyt/lib/python3.13/site-packages/nvidia/cuda_nvrtc/lib/libnvrtc.so.12
2b0525191000-2b0527e6e000 r-xp 00000000 3d8:ad14e 144134881776058404     /work2/11056/zwu/frontera/miniconda3/envs/libyt/lib/python3.13/site-packages/nvidia/nvjitlink/lib/libnvJitLink.so.12
2b0527e6e000-2b052806e000 ---p 02cdd000 3d8:ad14e 144134881776058404     /work2/11056/zwu/frontera/miniconda3/envs/libyt/lib/python3.13/site-packages/nvidia/nvjitlink/lib/libnvJitLink.so.12
2b052806e000-2b052863b000 r--p 02cdd000 3d8:ad14e 144134881776058404     /work2/11056/zwu/frontera/miniconda3/envs/libyt/lib/python3.13/site-packages/nvidia/nvjitlink/lib/libnvJitLink.so.12
2b052863b000-2b05286ae000 rw-p 032aa000 3d8:ad14e 144134881776058404     /work2/11056/zwu/frontera/miniconda3/envs/libyt/lib/python3.13/site-packages/nvidia/nvjitlink/lib/libnvJitLink.so.12
2b05286ae000-2b0528724000 rw-p 00000000 00:00 0 
2b0528724000-2b0528725000 r--p 00000000 3d8:ad14e 144134881776071753     /work2/11056/zwu/frontera/miniconda3/envs/libyt/lib/python3.13/site-packages/torch/_C.cpython-313-x86_64-linux-gnu.so
2b0528725000-2b0528726000 r-xp 00001000 3d8:ad14e 144134881776071753     /work2/11056/zwu/frontera/miniconda3/envs/libyt/lib/python3.13/site-packages/torch/_C.cpython-313-x86_64-linux-gnu.so
2b0528726000-2b0528727000 r--p 00002000 3d8:ad14e 144134881776071753     /work2/11056/zwu/frontera/miniconda3/envs/libyt/lib/python3.13/site-packages/torch/_C.cpython-313-x86_64-linux-gnu.so
2b0528727000-2b0528728000 r--p 00002000 3d8:ad14e 144134881776071753     /work2/11056/zwu/frontera/miniconda3/envs/libyt/lib/python3.13/site-packages/torch/_C.cpython-313-x86_64-linux-gnu.so
2b0528728000-2b0528729000 rw-p 00003000 3d8:ad14e 144134881776071753     /work2/11056/zwu/frontera/miniconda3/envs/libyt/lib/python3.13/site-packages/torch/_C.cpython-313-x86_64-linux-gnu.so
2b0528729000-2b052872a000 rw-p 00008000 3d8:ad14e 144134881776071753     /work2/11056/zwu/frontera/miniconda3/envs/libyt/lib/python3.13/site-packages/torch/_C.cpython-313-x86_64-linux-gnu.so
2b052872a000-2b05289c5000 r--p 00000000 3d8:ad14e 144134881776061358     /work2/11056/zwu/frontera/miniconda3/envs/libyt/lib/python3.13/site-packages/torch/lib/libtorch_python.so
2b05289c5000-2b0529669000 r-xp 0029b000 3d8:ad14e 144134881776061358     /work2/11056/zwu/frontera/miniconda3/envs/libyt/lib/python3.13/site-packages/torch/lib/libtorch_python.so
2b0529669000-2b0529a47000 r--p 00f3f000 3d8:ad14e 144134881776061358     /work2/11056/zwu/frontera/miniconda3/envs/libyt/lib/python3.13/site-packages/torch/lib/libtorch_python.so
2b0529a47000-2b0529a48000 ---p 0131d000 3d8:ad14e 144134881776061358     /work2/11056/zwu/frontera/miniconda3/envs/libyt/lib/python3.13/site-packages/torch/lib/libtorch_python.so
2b0529a48000-2b0529a69000 r--p 0131d000 3d8:ad14e 144134881776061358     /work2/11056/zwu/frontera/miniconda3/envs/libyt/lib/python3.13/site-packages/torch/lib/libtorch_python.so
2b0529a69000-2b0529aca000 rw-p 0133e000 3d8:ad14e 144134881776061358     /work2/11056/zwu/frontera/miniconda3/envs/libyt/lib/python3.13/site-packages/torch/lib/libtorch_python.so
2b0529aca000-2b0529b34000 rw-p 00000000 00:00 0 
2b0529b34000-2b0529ca7000 rw-p 01abe000 3d8:ad14e 144134881776061358     /work2/11056/zwu/frontera/miniconda3/envs/libyt/lib/python3.13/site-packages/torch/lib/libtorch_python.so
2b0529ca7000-2b0529cb3000 r--p 00000000 3d8:ad14e 144134881776061363     /work2/11056/zwu/frontera/miniconda3/envs/libyt/lib/python3.13/site-packages/torch/lib/libtorch.so
2b0529cb3000-2b0529cbe000 r-xp 0000c000 3d8:ad14e 144134881776061363     /work2/11056/zwu/frontera/miniconda3/envs/libyt/lib/python3.13/site-packages/torch/lib/libtorch.so
2b0529cbe000-2b0529cc3000 r--p 00017000 3d8:ad14e 144134881776061363     /work2/11056/zwu/frontera/miniconda3/envs/libyt/lib/python3.13/site-packages/torch/lib/libtorch.so
2b0529cc3000-2b0529cc4000 ---p 0001c000 3d8:ad14e 144134881776061363     /work2/11056/zwu/frontera/miniconda3/envs/libyt/lib/python3.13/site-packages/torch/lib/libtorch.so
2b0529cc4000-2b0529cc5000 r--p 0001c000 3d8:ad14e 144134881776061363     /work2/11056/zwu/frontera/miniconda3/envs/libyt/lib/python3.13/site-packages/torch/lib/libtorch.so
2b0529cc5000-2b0529cc6000 rw-p 0001d000 3d8:ad14e 144134881776061363     /work2/11056/zwu/frontera/miniconda3/envs/libyt/lib/python3.13/site-packages/torch/lib/libtorch.so
2b0529cc6000-2b0529ccd000 rw-p 00029000 3d8:ad14e 144134881776061363     /work2/11056/zwu/frontera/miniconda3/envs/libyt/lib/python3.13/site-packages/torch/lib/libtorch.so
2b0529ccd000-2b0529cd0000 r--p 00000000 3d8:ad14e 144134881776061364     /work2/11056/zwu/frontera/miniconda3/envs/libyt/lib/python3.13/site-packages/torch/lib/libshm.so
2b0529cd0000-2b0529cd3000 r-xp 00003000 3d8:ad14e 144134881776061364     /work2/11056/zwu/frontera/miniconda3/envs/libyt/lib/python3.13/site-packages/torch/lib/libshm.so
2b0529cd3000-2b0529cd4000 r--p 00006000 3d8:ad14e 144134881776061364     /work2/11056/zwu/frontera/miniconda3/envs/libyt/lib/python3.13/site-packages/torch/lib/libshm.so
2b0529cd4000-2b0529cd5000 ---p 00007000 3d8:ad14e 144134881776061364     /work2/11056/zwu/frontera/miniconda3/envs/libyt/lib/python3.13/site-packages/torch/lib/libshm.so
2b0529cd5000-2b0529cd6000 r--p 00007000 3d8:ad14e 144134881776061364     /work2/11056/zwu/frontera/miniconda3/envs/libyt/lib/python3.13/site-packages/torch/lib/libshm.so
2b0529cd6000-2b0529cd7000 rw-p 00008000 3d8:ad14e 144134881776061364     /work2/11056/zwu/frontera/miniconda3/envs/libyt/lib/python3.13/site-packages/torch/lib/libshm.so
2b0529cd7000-2b0529cd8000 rw-p 0000b000 3d8:ad14e 144134881776061364     /work2/11056/zwu/frontera/miniconda3/envs/libyt/lib/python3.13/site-packages/torch/lib/libshm.so
2b0529cd8000-2b0529cd9000 rw-p 0000c000 3d8:ad14e 144134881776061364     /work2/11056/zwu/frontera/miniconda3/envs/libyt/lib/python3.13/site-packages/torch/lib/libshm.so
2b0529cd9000-2b052acb5000 r--p 00000000 3d8:ad14e 144134881776061362     /work2/11056/zwu/frontera/miniconda3/envs/libyt/lib/python3.13/site-packages/torch/lib/libtorch_cpu.so
2b052acb5000-2b053b41a000 r-xp 00fdc000 3d8:ad14e 144134881776061362     /work2/11056/zwu/frontera/miniconda3/envs/libyt/lib/python3.13/site-packages/torch/lib/libtorch_cpu.so
2b053b41a000-2b053dd9c000 r--p 11741000 3d8:ad14e 144134881776061362     /work2/11056/zwu/frontera/miniconda3/envs/libyt/lib/python3.13/site-packages/torch/lib/libtorch_cpu.so
2b053dd9c000-2b053dd9d000 ---p 140c3000 3d8:ad14e 144134881776061362     /work2/11056/zwu/frontera/miniconda3/envs/libyt/lib/python3.13/site-packages/torch/lib/libtorch_cpu.so
2b053dd9d000-2b053dff5000 r--p 140c3000 3d8:ad14e 144134881776061362     /work2/11056/zwu/frontera/miniconda3/envs/libyt/lib/python3.13/site-packages/torch/lib/libtorch_cpu.so
2b053dff5000-2b053e0b2000 rw-p 1431b000 3d8:ad14e 144134881776061362     /work2/11056/zwu/frontera/miniconda3/envs/libyt/lib/python3.13/site-packages/torch/lib/libtorch_cpu.so
2b053e0b2000-2b053e159000 rw-p 00000000 00:00 0 
2b053e159000-2b053e7b8000 rw-p 19928000 3d8:ad14e 144134881776061362     /work2/11056/zwu/frontera/miniconda3/envs/libyt/lib/python3.13/site-packages/torch/lib/libtorch_cpu.so
2b053e7b8000-2b053ed95000 rw-p 19f87000 3d8:ad14e 144134881776061362     /work2/11056/zwu/frontera/miniconda3/envs/libyt/lib/python3.13/site-packages/torch/lib/libtorch_cpu.so
2b053ed95000-2b053fb8d000 r--p 00000000 3d8:ad14e 144134881776061361     /work2/11056/zwu/frontera/miniconda3/envs/libyt/lib/python3.13/site-packages/torch/lib/libtorch_cuda.so
2b053fb8d000-2b0542964000 r-xp 00df8000 3d8:ad14e 144134881776061361     /work2/11056/zwu/frontera/miniconda3/envs/libyt/lib/python3.13/site-packages/torch/lib/libtorch_cuda.so
2b0542964000-2b057267b000 r--p 03bcf000 3d8:ad14e 144134881776061361     /work2/11056/zwu/frontera/miniconda3/envs/libyt/lib/python3.13/site-packages/torch/lib/libtorch_cuda.so
2b057267b000-2b05726eb000 r--p 338e5000 3d8:ad14e 144134881776061361     /work2/11056/zwu/frontera/miniconda3/envs/libyt/lib/python3.13/site-packages/torch/lib/libtorch_cuda.so
2b05726eb000-2b057270e000 rw-p 33955000 3d8:ad14e 144134881776061361     /work2/11056/zwu/frontera/miniconda3/envs/libyt/lib/python3.13/site-packages/torch/lib/libtorch_cuda.so
2b057270e000-2b0573421000 rw-p 00000000 00:00 0 
2b0573421000-2b0573f3d000 rw-p 351bb000 3d8:ad14e 144134881776061361     /work2/11056/zwu/frontera/miniconda3/envs/libyt/lib/python3.13/site-packages/torch/lib/libtorch_cuda.so
2b0573f3d000-2b0573f4f000 r--p 00000000 3d8:ad14e 144134881776061366     /work2/11056/zwu/frontera/miniconda3/envs/libyt/lib/python3.13/site-packages/torch/lib/libc10_cuda.so
2b0573f4f000-2b0573fab000 r-xp 00012000 3d8:ad14e 144134881776061366     /work2/11056/zwu/frontera/miniconda3/envs/libyt/lib/python3.13/site-packages/torch/lib/libc10_cuda.so
2b0573fab000-2b0573fc1000 r--p 0006e000 3d8:ad14e 144134881776061366     /work2/11056/zwu/frontera/miniconda3/envs/libyt/lib/python3.13/site-packages/torch/lib/libc10_cuda.so
2b0573fc1000-2b0573fc2000 ---p 00084000 3d8:ad14e 144134881776061366     /work2/11056/zwu/frontera/miniconda3/envs/libyt/lib/python3.13/site-packages/torch/lib/libc10_cuda.so
2b0573fc2000-2b0573fc3000 r--p 00084000 3d8:ad14e 144134881776061366     /work2/11056/zwu/frontera/miniconda3/envs/libyt/lib/python3.13/site-packages/torch/lib/libc10_cuda.so
2b0573fc3000-2b0573fc4000 rw-p 00085000 3d8:ad14e 144134881776061366     /work2/11056/zwu/frontera/miniconda3/envs/libyt/lib/python3.13/site-packages/torch/lib/libc10_cuda.so
2b0573fc4000-2b0573fea000 rw-p 00000000 00:00 0 
2b0573fea000-2b0573ff4000 rw-p 000a7000 3d8:ad14e 144134881776061366     /work2/11056/zwu/frontera/miniconda3/envs/libyt/lib/python3.13/site-packages/torch/lib/libc10_cuda.so
2b0573ff4000-2b0574023000 r--p 00000000 3d8:ad14e 144134881776061367     /work2/11056/zwu/frontera/miniconda3/envs/libyt/lib/python3.13/site-packages/torch/lib/libc10.so
2b0574023000-2b05740be000 r-xp 0002f000 3d8:ad14e 144134881776061367     /work2/11056/zwu/frontera/miniconda3/envs/libyt/lib/python3.13/site-packages/torch/lib/libc10.so
2b05740be000-2b05740f1000 r--p 000ca000 3d8:ad14e 144134881776061367     /work2/11056/zwu/frontera/miniconda3/envs/libyt/lib/python3.13/site-packages/torch/lib/libc10.so
2b05740f1000-2b05740f4000 r--p 000fc000 3d8:ad14e 144134881776061367     /work2/11056/zwu/frontera/miniconda3/envs/libyt/lib/python3.13/site-packages/torch/lib/libc10.so
2b05740f4000-2b05740fa000 rw-p 000ff000 3d8:ad14e 144134881776061367     /work2/11056/zwu/frontera/miniconda3/envs/libyt/lib/python3.13/site-packages/torch/lib/libc10.so
2b05740fa000-2b05740fd000 rw-p 00000000 00:00 0 
2b05740fd000-2b0574116000 rw-p 0014b000 3d8:ad14e 144134881776061367     /work2/11056/zwu/frontera/miniconda3/envs/libyt/lib/python3.13/site-packages/torch/lib/libc10.so
2b0574116000-2b057412e000 r-xp 00000000 3d8:ad14e 144134881776060270     /work2/11056/zwu/frontera/miniconda3/envs/libyt/lib/python3.13/site-packages/nvidia/cudnn/lib/libcudnn.so.9
2b057412e000-2b057432e000 ---p 00018000 3d8:ad14e 144134881776060270     /work2/11056/zwu/frontera/miniconda3/envs/libyt/lib/python3.13/site-packages/nvidia/cudnn/lib/libcudnn.so.9
2b057432e000-2b057432f000 r--p 00018000 3d8:ad14e 144134881776060270     /work2/11056/zwu/frontera/miniconda3/envs/libyt/lib/python3.13/site-packages/nvidia/cudnn/lib/libcudnn.so.9
2b057432f000-2b0574330000 rw-p 00019000 3d8:ad14e 144134881776060270     /work2/11056/zwu/frontera/miniconda3/envs/libyt/lib/python3.13/site-packages/nvidia/cudnn/lib/libcudnn.so.9
2b0574330000-2b05749ae000 r-xp 00000000 3d8:ad14e 144134881776058698     /work2/11056/zwu/frontera/miniconda3/envs/libyt/lib/python3.13/site-packages/nvidia/cuda_cupti/lib/libcupti.so.12
2b05749ae000-2b0574bad000 ---p 0067e000 3d8:ad14e 144134881776058698     /work2/11056/zwu/frontera/miniconda3/envs/libyt/lib/python3.13/site-packages/nvidia/cuda_cupti/lib/libcupti.so.12
2b0574bad000-2b0574bfc000 r--p 0067d000 3d8:ad14e 144134881776058698     /work2/11056/zwu/frontera/miniconda3/envs/libyt/lib/python3.13/site-packages/nvidia/cuda_cupti/lib/libcupti.so.12
2b0574bfc000-2b0574c94000 rw-p 006cc000 3d8:ad14e 144134881776058698     /work2/11056/zwu/frontera/miniconda3/envs/libyt/lib/python3.13/site-packages/nvidia/cuda_cupti/lib/libcupti.so.12
2b0574c94000-2b0574ccd000 rw-p 00000000 00:00 0 
2b0574ccd000-2b05858e6000 r-xp 00000000 3d8:ad14e 144134881776060233     /work2/11056/zwu/frontera/miniconda3/envs/libyt/lib/python3.13/site-packages/nvidia/cusparse/lib/libcusparse.so.12
2b05858e6000-2b0585ae6000 ---p 10c19000 3d8:ad14e 144134881776060233     /work2/11056/zwu/frontera/miniconda3/envs/libyt/lib/python3.13/site-packages/nvidia/cusparse/lib/libcusparse.so.12
2b0585ae6000-2b0585af5000 r--p 10c19000 3d8:ad14e 144134881776060233     /work2/11056/zwu/frontera/miniconda3/envs/libyt/lib/python3.13/site-packages/nvidia/cusparse/lib/libcusparse.so.12
2b0585af5000-2b0585b11000 rw-p 10c28000 3d8:ad14e 144134881776060233     /work2/11056/zwu/frontera/miniconda3/envs/libyt/lib/python3.13/site-packages/nvidia/cusparse/lib/libcusparse.so.12
2b0585b11000-2b0585b16000 rw-p 00000000 00:00 0 
2b0585b16000-2b0585b1b000 rw-p 10c44000 3d8:ad14e 144134881776060233     /work2/11056/zwu/frontera/miniconda3/envs/libyt/lib/python3.13/site-packages/nvidia/cusparse/lib/libcusparse.so.12
2b0585b1b000-2b05864cc000 r-xp 00000000 3d8:ad14e 144134881776058496     /work2/11056/zwu/frontera/miniconda3/envs/libyt/lib/python3.13/site-packages/nvidia/cufft/lib/libcufft.so.11
2b05864cc000-2b05866cb000 ---p 009b1000 3d8:ad14e 144134881776058496     /work2/11056/zwu/frontera/miniconda3/envs/libyt/lib/python3.13/site-packages/nvidia/cufft/lib/libcufft.so.11
2b05866cb000-2b05866d8000 r--p 009b0000 3d8:ad14e 144134881776058496     /work2/11056/zwu/frontera/miniconda3/envs/libyt/lib/python3.13/site-packages/nvidia/cufft/lib/libcufft.so.11
2b05866d8000-2b059746d000 rw-p 009bd000 3d8:ad14e 144134881776058496     /work2/11056/zwu/frontera/miniconda3/envs/libyt/lib/python3.13/site-packages/nvidia/cufft/lib/libcufft.so.11
2b059746d000-2b0597718000 rw-p 00000000 00:00 0 
2b0597718000-2b05a3f4d000 r-xp 00000000 3d8:ad14e 144134881776053875     /work2/11056/zwu/frontera/miniconda3/envs/libyt/lib/python3.13/site-packages/cusparselt/lib/libcusparseLt.so.0
2b05a3f4d000-2b05a414d000 ---p 0c835000 3d8:ad14e 144134881776053875     /work2/11056/zwu/frontera/miniconda3/envs/libyt/lib/python3.13/site-packages/cusparselt/lib/libcusparseLt.so.0
2b05a414d000-2b05a416f000 r--p 0c835000 3d8:ad14e 144134881776053875     /work2/11056/zwu/frontera/miniconda3/envs/libyt/lib/python3.13/site-packages/cusparselt/lib/libcusparseLt.so.0
2b05a416f000-2b05a4175000 rw-p 0c857000 3d8:ad14e 144134881776053875     /work2/11056/zwu/frontera/miniconda3/envs/libyt/lib/python3.13/site-packages/cusparselt/lib/libcusparseLt.so.0
2b05a4175000-2b05a4366000 rw-p 00000000 00:00 0 
2b05a4366000-2b05a45c9000 rw-p 0c85e000 3d8:ad14e 144134881776053875     /work2/11056/zwu/frontera/miniconda3/envs/libyt/lib/python3.13/site-packages/cusparselt/lib/libcusparseLt.so.0
2b05a45c9000-2b05a8da5000 r-xp 00000000 3d8:ad14e 144134881776058469     /work2/11056/zwu/frontera/miniconda3/envs/libyt/lib/python3.13/site-packages/nvidia/curand/lib/libcurand.so.10
2b05a8da5000-2b05a8fa5000 ---p 047dc000 3d8:ad14e 144134881776058469     /work2/11056/zwu/frontera/miniconda3/envs/libyt/lib/python3.13/site-packages/nvidia/curand/lib/libcurand.so.10
2b05a8fa5000-2b05a8fab000 r--p 047dc000 3d8:ad14e 144134881776058469     /work2/11056/zwu/frontera/miniconda3/envs/libyt/lib/python3.13/site-packages/nvidia/curand/lib/libcurand.so.10
2b05a8fab000-2b05aa3d7000 rw-p 047e2000 3d8:ad14e 144134881776058469     /work2/11056/zwu/frontera/miniconda3/envs/libyt/lib/python3.13/site-packages/nvidia/curand/lib/libcurand.so.10
2b05aa3d7000-2b05aaa0f000 rw-p 00000000 00:00 0 
2b05aaa0f000-2b05b1283000 r-xp 00000000 3d8:ad14e 144134881776058730     /work2/11056/zwu/frontera/miniconda3/envs/libyt/lib/python3.13/site-packages/nvidia/cublas/lib/libcublas.so.12
2b05b1283000-2b05b1483000 ---p 06874000 3d8:ad14e 144134881776058730     /work2/11056/zwu/frontera/miniconda3/envs/libyt/lib/python3.13/site-packages/nvidia/cublas/lib/libcublas.so.12
2b05b1483000-2b05b148f000 r--p 06874000 3d8:ad14e 144134881776058730     /work2/11056/zwu/frontera/miniconda3/envs/libyt/lib/python3.13/site-packages/nvidia/cublas/lib/libcublas.so.12
2b05b148f000-2b05b1496000 rw-p 06880000 3d8:ad14e 144134881776058730     /work2/11056/zwu/frontera/miniconda3/envs/libyt/lib/python3.13/site-packages/nvidia/cublas/lib/libcublas.so.12
2b05b1496000-2b05b14a1000 rw-p 00000000 00:00 0 
2b05b14a1000-2b05c7e47000 r-xp 00000000 3d8:ad14e 144134881776058731     /work2/11056/zwu/frontera/miniconda3/envs/libyt/lib/python3.13/site-packages/nvidia/cublas/lib/libcublasLt.so.12
2b05c7e47000-2b05c8047000 ---p 169a6000 3d8:ad14e 144134881776058731     /work2/11056/zwu/frontera/miniconda3/envs/libyt/lib/python3.13/site-packages/nvidia/cublas/lib/libcublasLt.so.12
2b05c8047000-2b05c827b000 r--p 169a6000 3d8:ad14e 144134881776058731     /work2/11056/zwu/frontera/miniconda3/envs/libyt/lib/python3.13/site-packages/nvidia/cublas/lib/libcublasLt.so.12
2b05c827b000-2b05cbc18000 rw-p 16bda000 3d8:ad14e 144134881776058731     /work2/11056/zwu/frontera/miniconda3/envs/libyt/lib/python3.13/site-packages/nvidia/cublas/lib/libcublasLt.so.12
2b05cbc18000-2b05cf3fd000 rw-p 00000000 00:00 0 
2b05cf3fd000-2b05dd9bd000 r-xp 00000000 3d8:ad14e 144134881776058429     /work2/11056/zwu/frontera/miniconda3/envs/libyt/lib/python3.13/site-packages/nvidia/nccl/lib/libnccl.so.2
2b05dd9bd000-2b05ddbbd000 ---p 0e5c0000 3d8:ad14e 144134881776058429     /work2/11056/zwu/frontera/miniconda3/envs/libyt/lib/python3.13/site-packages/nvidia/nccl/lib/libnccl.so.2
2b05ddbbd000-2b05ddbc6000 r--p 0e5c0000 3d8:ad14e 144134881776058429     /work2/11056/zwu/frontera/miniconda3/envs/libyt/lib/python3.13/site-packages/nvidia/nccl/lib/libnccl.so.2
2b05ddbc6000-2b05ddbd2000 rw-p 0e5c9000 3d8:ad14e 144134881776058429     /work2/11056/zwu/frontera/miniconda3/envs/libyt/lib/python3.13/site-packages/nvidia/nccl/lib/libnccl.so.2
2b05ddbd2000-2b05ddbe8000 rw-p 00000000 00:00 0 
2b05ddbe8000-2b05ddbeb000 r--p 00000000 3d8:ad14e 144134765124011961     /work2/11056/zwu/frontera/miniconda3/envs/libyt/lib/python3.13/lib-dynload/mmap.cpython-313-x86_64-linux-gnu.so
2b05ddbeb000-2b05ddbee000 r-xp 00003000 3d8:ad14e 144134765124011961     /work2/11056/zwu/frontera/miniconda3/envs/libyt/lib/python3.13/lib-dynload/mmap.cpython-313-x86_64-linux-gnu.so
2b05ddbee000-2b05ddbf0000 r--p 00006000 3d8:ad14e 144134765124011961     /work2/11056/zwu/frontera/miniconda3/envs/libyt/lib/python3.13/lib-dynload/mmap.cpython-313-x86_64-linux-gnu.so
2b05ddbf0000-2b05ddbf1000 r--p 00007000 3d8:ad14e 144134765124011961     /work2/11056/zwu/frontera/miniconda3/envs/libyt/lib/python3.13/lib-dynload/mmap.cpython-313-x86_64-linux-gnu.so
2b05ddbf1000-2b05ddbf2000 rw-p 00008000 3d8:ad14e 144134765124011961     /work2/11056/zwu/frontera/miniconda3/envs/libyt/lib/python3.13/lib-dynload/mmap.cpython-313-x86_64-linux-gnu.so
2b05ddbf2000-2b05ddbf4000 r--p 00000000 3d8:ad14e 144134765124013368     /work2/11056/zwu/frontera/miniconda3/envs/libyt/lib/python3.13/lib-dynload/_multiprocessing.cpython-313-x86_64-linux-gnu.so
2b05ddbf4000-2b05ddbf5000 r-xp 00002000 3d8:ad14e 144134765124013368     /work2/11056/zwu/frontera/miniconda3/envs/libyt/lib/python3.13/lib-dynload/_multiprocessing.cpython-313-x86_64-linux-gnu.so
2b05ddbf5000-2b05ddbf6000 r--p 00003000 3d8:ad14e 144134765124013368     /work2/11056/zwu/frontera/miniconda3/envs/libyt/lib/python3.13/lib-dynload/_multiprocessing.cpython-313-x86_64-linux-gnu.so
2b05ddbf6000-2b05ddbf7000 r--p 00003000 3d8:ad14e 144134765124013368     /work2/11056/zwu/frontera/miniconda3/envs/libyt/lib/python3.13/lib-dynload/_multiprocessing.cpython-313-x86_64-linux-gnu.so
2b05ddbf7000-2b05ddbf8000 rw-p 00004000 3d8:ad14e 144134765124013368     /work2/11056/zwu/frontera/miniconda3/envs/libyt/lib/python3.13/lib-dynload/_multiprocessing.cpython-313-x86_64-linux-gnu.so
2b05ddbf8000-2b05ddbfa000 r--p 00000000 3d8:ad14e 144134765124011931     /work2/11056/zwu/frontera/miniconda3/envs/libyt/lib/python3.13/lib-dynload/resource.cpython-313-x86_64-linux-gnu.so
2b05ddbfa000-2b05ddbfc000 r-xp 00002000 3d8:ad14e 144134765124011931     /work2/11056/zwu/frontera/miniconda3/envs/libyt/lib/python3.13/lib-dynload/resource.cpython-313-x86_64-linux-gnu.so
2b05ddbfc000-2b05ddbfd000 r--p 00004000 3d8:ad14e 144134765124011931     /work2/11056/zwu/frontera/miniconda3/envs/libyt/lib/python3.13/lib-dynload/resource.cpython-313-x86_64-linux-gnu.so
2b05ddbfd000-2b05ddbfe000 r--p 00004000 3d8:ad14e 144134765124011931     /work2/11056/zwu/frontera/miniconda3/envs/libyt/lib/python3.13/lib-dynload/resource.cpython-313-x86_64-linux-gnu.so
2b05ddbfe000-2b05ddbff000 rw-p 00005000 3d8:ad14e 144134765124011931     /work2/11056/zwu/frontera/miniconda3/envs/libyt/lib/python3.13/lib-dynload/resource.cpython-313-x86_64-linux-gnu.so
2b05ddc07000-2b05ddc52000 r-xp 00000000 fd:00 406620574                  /usr/lib64/libmemkind.so.0.0.1
2b05ddc52000-2b05dde52000 ---p 0004b000 fd:00 406620574                  /usr/lib64/libmemkind.so.0.0.1
2b05dde52000-2b05dde57000 r--p 0004b000 fd:00 406620574                  /usr/lib64/libmemkind.so.0.0.1
2b05dde57000-2b05dde5a000 rw-p 00050000 fd:00 406620574                  /usr/lib64/libmemkind.so.0.0.1
2b05dde5a000-2b05de287000 rw-p 00000000 00:00 0 
2b05de287000-2b05de471000 ---p 00000000 00:00 0 
2b05de471000-2b05df8c1000 rw-p 00000000 00:00 0 
2b05df8c1000-2b05df8d5000 r--p 00000000 3d8:ad14e 144134765124011647     /work2/11056/zwu/frontera/miniconda3/envs/libyt/lib/python3.13/lib-dynload/_ssl.cpython-313-x86_64-linux-gnu.so
2b05df8d5000-2b05df8df000 r-xp 00014000 3d8:ad14e 144134765124011647     /work2/11056/zwu/frontera/miniconda3/envs/libyt/lib/python3.13/lib-dynload/_ssl.cpython-313-x86_64-linux-gnu.so
2b05df8df000-2b05df8ed000 r--p 0001e000 3d8:ad14e 144134765124011647     /work2/11056/zwu/frontera/miniconda3/envs/libyt/lib/python3.13/lib-dynload/_ssl.cpython-313-x86_64-linux-gnu.so
2b05df8ed000-2b05df8ee000 r--p 0002c000 3d8:ad14e 144134765124011647     /work2/11056/zwu/frontera/miniconda3/envs/libyt/lib/python3.13/lib-dynload/_ssl.cpython-313-x86_64-linux-gnu.so
2b05df8ee000-2b05df8f6000 rw-p 0002d000 3d8:ad14e 144134765124011647     /work2/11056/zwu/frontera/miniconda3/envs/libyt/lib/python3.13/lib-dynload/_ssl.cpython-313-x86_64-linux-gnu.so
2b05df8f6000-2b05df91a000 r--p 00000000 3d8:ad14e 144134765124008460     /work2/11056/zwu/frontera/miniconda3/envs/libyt/lib/libssl.so.3
2b05df91a000-2b05df9b4000 r-xp 00024000 3d8:ad14e 144134765124008460     /work2/11056/zwu/frontera/miniconda3/envs/libyt/lib/libssl.so.3
2b05df9b4000-2b05df9e4000 r--p 000be000 3d8:ad14e 144134765124008460     /work2/11056/zwu/frontera/miniconda3/envs/libyt/lib/libssl.so.3
2b05df9e4000-2b05df9ee000 r--p 000ee000 3d8:ad14e 144134765124008460     /work2/11056/zwu/frontera/miniconda3/envs/libyt/lib/libssl.so.3
2b05df9ee000-2b05df9f2000 rw-p 000f8000 3d8:ad14e 144134765124008460     /work2/11056/zwu/frontera/miniconda3/envs/libyt/lib/libssl.so.3
2b05df9f2000-2b05dfdf2000 rw-p 00000000 00:00 0 
2b05dfdf2000-2b05dfdf7000 r--p 00000000 3d8:ad14e 144134765124012998     /work2/11056/zwu/frontera/miniconda3/envs/libyt/lib/python3.13/lib-dynload/_asyncio.cpython-313-x86_64-linux-gnu.so
2b05dfdf7000-2b05dfdfd000 r-xp 00005000 3d8:ad14e 144134765124012998     /work2/11056/zwu/frontera/miniconda3/envs/libyt/lib/python3.13/lib-dynload/_asyncio.cpython-313-x86_64-linux-gnu.so
2b05dfdfd000-2b05dfe01000 r--p 0000b000 3d8:ad14e 144134765124012998     /work2/11056/zwu/frontera/miniconda3/envs/libyt/lib/python3.13/lib-dynload/_asyncio.cpython-313-x86_64-linux-gnu.so
2b05dfe01000-2b05dfe02000 r--p 0000f000 3d8:ad14e 144134765124012998     /work2/11056/zwu/frontera/miniconda3/envs/libyt/lib/python3.13/lib-dynload/_asyncio.cpython-313-x86_64-linux-gnu.so
2b05dfe02000-2b05dfe04000 rw-p 00010000 3d8:ad14e 144134765124012998     /work2/11056/zwu/frontera/miniconda3/envs/libyt/lib/python3.13/lib-dynload/_asyncio.cpython-313-x86_64-linux-gnu.so
2b05dfe04000-2b05e9cc7000 rw-p 00000000 00:00 0 
2b05e9cc7000-2b05e9ccc000 r--p 00000000 3d8:ad14e 144134765124018054     /work2/11056/zwu/frontera/miniconda3/envs/libyt/lib/python3.13/site-packages/numpy/random/_bounded_integers.cpython-313-x86_64-linux-gnu.so
2b05e9ccc000-2b05e9d0a000 r-xp 00005000 3d8:ad14e 144134765124018054     /work2/11056/zwu/frontera/miniconda3/envs/libyt/lib/python3.13/site-packages/numpy/random/_bounded_integers.cpython-313-x86_64-linux-gnu.so
2b05e9d0a000-2b05e9d12000 r--p 00043000 3d8:ad14e 144134765124018054     /work2/11056/zwu/frontera/miniconda3/envs/libyt/lib/python3.13/site-packages/numpy/random/_bounded_integers.cpython-313-x86_64-linux-gnu.so
2b05e9d12000-2b05e9d13000 r--p 0004b000 3d8:ad14e 144134765124018054     /work2/11056/zwu/frontera/miniconda3/envs/libyt/lib/python3.13/site-packages/numpy/random/_bounded_integers.cpython-313-x86_64-linux-gnu.so
2b05e9d13000-2b05e9d14000 rw-p 0004c000 3d8:ad14e 144134765124018054     /work2/11056/zwu/frontera/miniconda3/envs/libyt/lib/python3.13/site-packages/numpy/random/_bounded_integers.cpython-313-x86_64-linux-gnu.so
2b05e9d14000-2b05e9d1a000 r--p 00000000 3d8:ad14e 144134765124018089     /work2/11056/zwu/frontera/miniconda3/envs/libyt/lib/python3.13/site-packages/numpy/random/bit_generator.cpython-313-x86_64-linux-gnu.so
2b05e9d1a000-2b05e9d35000 r-xp 00006000 3d8:ad14e 144134765124018089     /work2/11056/zwu/frontera/miniconda3/envs/libyt/lib/python3.13/site-packages/numpy/random/bit_generator.cpython-313-x86_64-linux-gnu.so
2b05e9d35000-2b05e9d3e000 r--p 00021000 3d8:ad14e 144134765124018089     /work2/11056/zwu/frontera/miniconda3/envs/libyt/lib/python3.13/site-packages/numpy/random/bit_generator.cpython-313-x86_64-linux-gnu.so
2b05e9d3e000-2b05e9d3f000 r--p 0002a000 3d8:ad14e 144134765124018089     /work2/11056/zwu/frontera/miniconda3/envs/libyt/lib/python3.13/site-packages/numpy/random/bit_generator.cpython-313-x86_64-linux-gnu.so
2b05e9d3f000-2b05e9d41000 rw-p 0002b000 3d8:ad14e 144134765124018089     /work2/11056/zwu/frontera/miniconda3/envs/libyt/lib/python3.13/site-packages/numpy/random/bit_generator.cpython-313-x86_64-linux-gnu.so
2b05e9d41000-2b05e9d46000 r--p 00000000 3d8:ad14e 144134765124018057     /work2/11056/zwu/frontera/miniconda3/envs/libyt/lib/python3.13/site-packages/numpy/random/_common.cpython-313-x86_64-linux-gnu.so
2b05e9d46000-2b05e9d78000 r-xp 00005000 3d8:ad14e 144134765124018057     /work2/11056/zwu/frontera/miniconda3/envs/libyt/lib/python3.13/site-packages/numpy/random/_common.cpython-313-x86_64-linux-gnu.so
2b05e9d78000-2b05e9d7c000 r--p 00037000 3d8:ad14e 144134765124018057     /work2/11056/zwu/frontera/miniconda3/envs/libyt/lib/python3.13/site-packages/numpy/random/_common.cpython-313-x86_64-linux-gnu.so
2b05e9d7c000-2b05e9d7d000 r--p 0003a000 3d8:ad14e 144134765124018057     /work2/11056/zwu/frontera/miniconda3/envs/libyt/lib/python3.13/site-packages/numpy/random/_common.cpython-313-x86_64-linux-gnu.so
2b05e9d7d000-2b05e9d7e000 rw-p 0003b000 3d8:ad14e 144134765124018057     /work2/11056/zwu/frontera/miniconda3/envs/libyt/lib/python3.13/site-packages/numpy/random/_common.cpython-313-x86_64-linux-gnu.so
2b05e9d7e000-2b05e9d88000 r--p 00000000 3d8:ad14e 144134765124018077     /work2/11056/zwu/frontera/miniconda3/envs/libyt/lib/python3.13/site-packages/numpy/random/_generator.cpython-313-x86_64-linux-gnu.so
2b05e9d88000-2b05e9df3000 r-xp 0000a000 3d8:ad14e 144134765124018077     /work2/11056/zwu/frontera/miniconda3/envs/libyt/lib/python3.13/site-packages/numpy/random/_generator.cpython-313-x86_64-linux-gnu.so
2b05e9df3000-2b05e9e2f000 r--p 00075000 3d8:ad14e 144134765124018077     /work2/11056/zwu/frontera/miniconda3/envs/libyt/lib/python3.13/site-packages/numpy/random/_generator.cpython-313-x86_64-linux-gnu.so
2b05e9e2f000-2b05e9e30000 r--p 000b1000 3d8:ad14e 144134765124018077     /work2/11056/zwu/frontera/miniconda3/envs/libyt/lib/python3.13/site-packages/numpy/random/_generator.cpython-313-x86_64-linux-gnu.so
2b05e9e30000-2b05e9e33000 rw-p 000b2000 3d8:ad14e 144134765124018077     /work2/11056/zwu/frontera/miniconda3/envs/libyt/lib/python3.13/site-packages/numpy/random/_generator.cpython-313-x86_64-linux-gnu.so
2b05e9e33000-2b05e9e34000 rw-p 00000000 00:00 0 
2b05e9e34000-2b05e9e39000 r--p 00000000 3d8:ad14e 144134765124018081     /work2/11056/zwu/frontera/miniconda3/envs/libyt/lib/python3.13/site-packages/numpy/random/_pcg64.cpython-313-x86_64-linux-gnu.so
2b05e9e39000-2b05e9e48000 r-xp 00005000 3d8:ad14e 144134765124018081     /work2/11056/zwu/frontera/miniconda3/envs/libyt/lib/python3.13/site-packages/numpy/random/_pcg64.cpython-313-x86_64-linux-gnu.so
2b05e9e48000-2b05e9e4e000 r--p 00014000 3d8:ad14e 144134765124018081     /work2/11056/zwu/frontera/miniconda3/envs/libyt/lib/python3.13/site-packages/numpy/random/_pcg64.cpython-313-x86_64-linux-gnu.so
2b05e9e4e000-2b05e9e4f000 r--p 00019000 3d8:ad14e 144134765124018081     /work2/11056/zwu/frontera/miniconda3/envs/libyt/lib/python3.13/site-packages/numpy/random/_pcg64.cpython-313-x86_64-linux-gnu.so
2b05e9e4f000-2b05e9e50000 rw-p 0001a000 3d8:ad14e 144134765124018081     /work2/11056/zwu/frontera/miniconda3/envs/libyt/lib/python3.13/site-packages/numpy/random/_pcg64.cpython-313-x86_64-linux-gnu.so
2b05e9e50000-2b05e9e51000 rw-p 00000000 00:00 0 
2b05e9e51000-2b05e9e55000 r--p 00000000 3d8:ad14e 144134765124018079     /work2/11056/zwu/frontera/miniconda3/envs/libyt/lib/python3.13/site-packages/numpy/random/_mt19937.cpython-313-x86_64-linux-gnu.so
2b05e9e55000-2b05e9e63000 r-xp 00004000 3d8:ad14e 144134765124018079     /work2/11056/zwu/frontera/miniconda3/envs/libyt/lib/python3.13/site-packages/numpy/random/_mt19937.cpython-313-x86_64-linux-gnu.so
2b05e9e63000-2b05e9e69000 r--p 00012000 3d8:ad14e 144134765124018079     /work2/11056/zwu/frontera/miniconda3/envs/libyt/lib/python3.13/site-packages/numpy/random/_mt19937.cpython-313-x86_64-linux-gnu.so
2b05e9e69000-2b05e9e6a000 r--p 00017000 3d8:ad14e 144134765124018079     /work2/11056/zwu/frontera/miniconda3/envs/libyt/lib/python3.13/site-packages/numpy/random/_mt19937.cpython-313-x86_64-linux-gnu.so
2b05e9e6a000-2b05e9e6b000 rw-p 00018000 3d8:ad14e 144134765124018079     /work2/11056/zwu/frontera/miniconda3/envs/libyt/lib/python3.13/site-packages/numpy/random/_mt19937.cpython-313-x86_64-linux-gnu.so
2b05e9e6b000-2b05e9e70000 r--p 00000000 3d8:ad14e 144134765124018083     /work2/11056/zwu/frontera/miniconda3/envs/libyt/lib/python3.13/site-packages/numpy/random/_philox.cpython-313-x86_64-linux-gnu.so
2b05e9e70000-2b05e9e7b000 r-xp 00005000 3d8:ad14e 144134765124018083     /work2/11056/zwu/frontera/miniconda3/envs/libyt/lib/python3.13/site-packages/numpy/random/_philox.cpython-313-x86_64-linux-gnu.so
2b05e9e7b000-2b05e9e80000 r--p 00010000 3d8:ad14e 144134765124018083     /work2/11056/zwu/frontera/miniconda3/envs/libyt/lib/python3.13/site-packages/numpy/random/_philox.cpython-313-x86_64-linux-gnu.so
2b05e9e80000-2b05e9e81000 r--p 00014000 3d8:ad14e 144134765124018083     /work2/11056/zwu/frontera/miniconda3/envs/libyt/lib/python3.13/site-packages/numpy/random/_philox.cpython-313-x86_64-linux-gnu.so
2b05e9e81000-2b05e9e82000 rw-p 00015000 3d8:ad14e 144134765124018083     /work2/11056/zwu/frontera/miniconda3/envs/libyt/lib/python3.13/site-packages/numpy/random/_philox.cpython-313-x86_64-linux-gnu.so
2b05e9e82000-2b05e9e86000 r--p 00000000 3d8:ad14e 144134765124018087     /work2/11056/zwu/frontera/miniconda3/envs/libyt/lib/python3.13/site-packages/numpy/random/_sfc64.cpython-313-x86_64-linux-gnu.so
2b05e9e86000-2b05e9e8e000 r-xp 00004000 3d8:ad14e 144134765124018087     /work2/11056/zwu/frontera/miniconda3/envs/libyt/lib/python3.13/site-packages/numpy/random/_sfc64.cpython-313-x86_64-linux-gnu.so
2b05e9e8e000-2b05e9e91000 r--p 0000c000 3d8:ad14e 144134765124018087     /work2/11056/zwu/frontera/miniconda3/envs/libyt/lib/python3.13/site-packages/numpy/random/_sfc64.cpython-313-x86_64-linux-gnu.so
2b05e9e91000-2b05e9e92000 r--p 0000f000 3d8:ad14e 144134765124018087     /work2/11056/zwu/frontera/miniconda3/envs/libyt/lib/python3.13/site-packages/numpy/random/_sfc64.cpython-313-x86_64-linux-gnu.so
2b05e9e92000-2b05e9e93000 rw-p 00010000 3d8:ad14e 144134765124018087     /work2/11056/zwu/frontera/miniconda3/envs/libyt/lib/python3.13/site-packages/numpy/random/_sfc64.cpython-313-x86_64-linux-gnu.so
2b05e9e93000-2b05e9e9a000 r--p 00000000 3d8:ad14e 144134765124018095     /work2/11056/zwu/frontera/miniconda3/envs/libyt/lib/python3.13/site-packages/numpy/random/mtrand.cpython-313-x86_64-linux-gnu.so
2b05e9e9a000-2b05e9ee5000 r-xp 00007000 3d8:ad14e 144134765124018095     /work2/11056/zwu/frontera/miniconda3/envs/libyt/lib/python3.13/site-packages/numpy/random/mtrand.cpython-313-x86_64-linux-gnu.so
2b05e9ee5000-2b05e9f1c000 r--p 00052000 3d8:ad14e 144134765124018095     /work2/11056/zwu/frontera/miniconda3/envs/libyt/lib/python3.13/site-packages/numpy/random/mtrand.cpython-313-x86_64-linux-gnu.so
2b05e9f1c000-2b05e9f1d000 r--p 00089000 3d8:ad14e 144134765124018095     /work2/11056/zwu/frontera/miniconda3/envs/libyt/lib/python3.13/site-packages/numpy/random/mtrand.cpython-313-x86_64-linux-gnu.so
2b05e9f1d000-2b05e9f1f000 rw-p 0008a000 3d8:ad14e 144134765124018095     /work2/11056/zwu/frontera/miniconda3/envs/libyt/lib/python3.13/site-packages/numpy/random/mtrand.cpython-313-x86_64-linux-gnu.so
2b05e9f1f000-2b05ea020000 rw-p 00000000 00:00 0 
2b05ea020000-2b05ea023000 r--p 00000000 3d8:ad14e 144134765124017732     /work2/11056/zwu/frontera/miniconda3/envs/libyt/lib/python3.13/site-packages/numpy/fft/_pocketfft_umath.cpython-313-x86_64-linux-gnu.so
2b05ea023000-2b05ea091000 r-xp 00003000 3d8:ad14e 144134765124017732     /work2/11056/zwu/frontera/miniconda3/envs/libyt/lib/python3.13/site-packages/numpy/fft/_pocketfft_umath.cpython-313-x86_64-linux-gnu.so
2b05ea091000-2b05ea097000 r--p 00071000 3d8:ad14e 144134765124017732     /work2/11056/zwu/frontera/miniconda3/envs/libyt/lib/python3.13/site-packages/numpy/fft/_pocketfft_umath.cpython-313-x86_64-linux-gnu.so
2b05ea097000-2b05ea098000 r--p 00076000 3d8:ad14e 144134765124017732     /work2/11056/zwu/frontera/miniconda3/envs/libyt/lib/python3.13/site-packages/numpy/fft/_pocketfft_umath.cpython-313-x86_64-linux-gnu.so
2b05ea098000-2b05ea099000 rw-p 00077000 3d8:ad14e 144134765124017732     /work2/11056/zwu/frontera/miniconda3/envs/libyt/lib/python3.13/site-packages/numpy/fft/_pocketfft_umath.cpython-313-x86_64-linux-gnu.so
2b05ea099000-2b05eab99000 rw-p 00000000 00:00 0 
2b05eab99000-2b05eb159000 rwxp 00000000 00:00 0 
2b05eb159000-2b05eb659000 rw-p 00000000 00:00 0 
2b05eb659000-2b05eb661000 r--p 00000000 3d8:ad14e 144134765124032312     /work2/11056/zwu/frontera/miniconda3/envs/libyt/lib/python3.13/site-packages/matplotlib/backends/_backend_agg.cpython-313-x86_64-linux-gnu.so
2b05eb661000-2b05eb6bf000 r-xp 00008000 3d8:ad14e 144134765124032312     /work2/11056/zwu/frontera/miniconda3/envs/libyt/lib/python3.13/site-packages/matplotlib/backends/_backend_agg.cpython-313-x86_64-linux-gnu.so
2b05eb6bf000-2b05eb6cf000 r--p 00066000 3d8:ad14e 144134765124032312     /work2/11056/zwu/frontera/miniconda3/envs/libyt/lib/python3.13/site-packages/matplotlib/backends/_backend_agg.cpython-313-x86_64-linux-gnu.so
2b05eb6cf000-2b05eb6d1000 r--p 00075000 3d8:ad14e 144134765124032312     /work2/11056/zwu/frontera/miniconda3/envs/libyt/lib/python3.13/site-packages/matplotlib/backends/_backend_agg.cpython-313-x86_64-linux-gnu.so
2b05eb6d1000-2b05eb6d2000 rw-p 00077000 3d8:ad14e 144134765124032312     /work2/11056/zwu/frontera/miniconda3/envs/libyt/lib/python3.13/site-packages/matplotlib/backends/_backend_agg.cpython-313-x86_64-linux-gnu.so
2b05eb6d2000-2b05eb7d3000 rw-p 00000000 00:00 0 
2b05eb7d3000-2b05f37d3000 rw-p 00000000 00:00 0 
2b05f37d3000-2b05f621d000 rw-p 00000000 00:00 0 
7f0000000000-7f0003000000 rw-p 00000000 00:00 0 
7f1000000000-7f1000200000 rw-p 00000000 00:00 0 
7f2000000000-7f2002a00000 rw-p 00000000 00:00 0 
7ffc01416000-7ffc01b22000 rw-p 00000000 00:00 0                          [stack]
7ffc01bb7000-7ffc01bb9000 r-xp 00000000 00:00 0                          [vdso]
ffffffffff600000-ffffffffff601000 r-xp 00000000 00:00 0                  [vsyscall]
