/home1/11056/zwu/.bashrc: line 30: conda: command not found
/home1/11056/zwu/.bashrc: line 30: conda: command not found
/home1/11056/zwu/.bashrc: line 30: conda: command not found
/home1/11056/zwu/.bashrc: line 30: conda: command not found
/home1/11056/zwu/.bashrc: line 30: conda: command not found
/home1/11056/zwu/.bashrc: line 30: conda: command not found
/home1/11056/zwu/.bashrc: line 30: conda: command not found
/home1/11056/zwu/.bashrc: line 30: conda: command not found
/home1/11056/zwu/.bashrc: line 30: conda: command not found
/home1/11056/zwu/.bashrc: line 30: conda: command not found
/home1/11056/zwu/.bashrc: line 30: conda: command not found
/home1/11056/zwu/.bashrc: line 30: conda: command not found
/home1/11056/zwu/.bashrc: line 30: conda: command not found
/home1/11056/zwu/.bashrc: line 30: conda: command not found
/home1/11056/zwu/.bashrc: line 30: conda: command not found
/home1/11056/zwu/.bashrc: line 30: conda: command not found
/home1/11056/zwu/.bashrc: line 30: conda: command not found
/home1/11056/zwu/.bashrc: line 30: conda: command not found
/home1/11056/zwu/.bashrc: line 30: conda: command not found
warning: the following parameter line was not interpreted:
use_grackle                 = 1
warning: the following parameter line was not interpreted:
with_radiative_cooling      = 1
warning: the following parameter line was not interpreted:
use_volumetric_heating_rate = 0
warning: the following parameter line was not interpreted:
use_specific_heating_rate   = 0
warning: the following parameter line was not interpreted:
self_shielding_method       = 1
warning: the following parameter line was not interpreted:
H2_self_shielding           = 0
warning: the following parameter line was not interpreted:
UVbackground                = 1
warning: the following parameter line was not interpreted:
Compton_xray_heating        = 0
warning: the following parameter line was not interpreted:
LWbackground_intensity      = 0.000000
warning: the following parameter line was not interpreted:
LWbackground_sawtooth_suppression = 0
warning: the following parameter line was not interpreted:
dust_chemistry              = 0
warning: the following parameter line was not interpreted:
local_dust_to_gas_ratio     = 0.009387
warning: the following parameter line was not interpreted:
use_isrf_field              = 0
warning: the following parameter line was not interpreted:
use_dust_density_field      = 0
Output to Global Dir .
Successfully read ParameterFile z_0015/z_0015.
yt : [INFO     ] 2026-07-29 21:43:39,009 Global parallel computation enabled: 35 / 560
yt : [INFO     ] 2026-07-29 21:43:39,009 Global parallel computation enabled: 38 / 560
yt : [INFO     ] 2026-07-29 21:43:39,009 Global parallel computation enabled: 337 / 560
yt : [INFO     ] 2026-07-29 21:43:39,009 Global parallel computation enabled: 513 / 560
yt : [INFO     ] 2026-07-29 21:43:39,009 Global parallel computation enabled: 116 / 560
yt : [INFO     ] 2026-07-29 21:43:39,009 Global parallel computation enabled: 236 / 560
yt : [INFO     ] 2026-07-29 21:43:39,009 Global parallel computation enabled: 44 / 560
yt : [INFO     ] 2026-07-29 21:43:39,009 Global parallel computation enabled: 265 / 560
yt : [INFO     ] 2026-07-29 21:43:39,009 Global parallel computation enabled: 366 / 560
yt : [INFO     ] 2026-07-29 21:43:39,009 Global parallel computation enabled: 293 / 560
yt : [INFO     ] 2026-07-29 21:43:39,009 Global parallel computation enabled: 339 / 560
yt : [INFO     ] 2026-07-29 21:43:39,009 Global parallel computation enabled: 515 / 560
yt : [INFO     ] 2026-07-29 21:43:39,009 Global parallel computation enabled: 119 / 560
yt : [INFO     ] 2026-07-29 21:43:39,009 Global parallel computation enabled: 237 / 560
yt : [INFO     ] 2026-07-29 21:43:39,009 Global parallel computation enabled: 46 / 560
yt : [INFO     ] 2026-07-29 21:43:39,009 Global parallel computation enabled: 270 / 560
yt : [INFO     ] 2026-07-29 21:43:39,009 Global parallel computation enabled: 367 / 560
yt : [INFO     ] 2026-07-29 21:43:39,009 Global parallel computation enabled: 295 / 560
yt : [INFO     ] 2026-07-29 21:43:39,009 Global parallel computation enabled: 349 / 560
yt : [INFO     ] 2026-07-29 21:43:39,009 Global parallel computation enabled: 517 / 560
yt : [INFO     ] 2026-07-29 21:43:39,009 Global parallel computation enabled: 123 / 560
yt : [INFO     ] 2026-07-29 21:43:39,009 Global parallel computation enabled: 246 / 560
yt : [INFO     ] 2026-07-29 21:43:39,009 Global parallel computation enabled: 50 / 560
yt : [INFO     ] 2026-07-29 21:43:39,009 Global parallel computation enabled: 274 / 560
yt : [INFO     ] 2026-07-29 21:43:39,009 Global parallel computation enabled: 368 / 560
yt : [INFO     ] 2026-07-29 21:43:39,009 Global parallel computation enabled: 450 / 560
yt : [INFO     ] 2026-07-29 21:43:39,009 Global parallel computation enabled: 298 / 560
yt : [INFO     ] 2026-07-29 21:43:39,009 Global parallel computation enabled: 351 / 560
yt : [INFO     ] 2026-07-29 21:43:39,009 Global parallel computation enabled: 520 / 560
yt : [INFO     ] 2026-07-29 21:43:39,009 Global parallel computation enabled: 126 / 560
yt : [INFO     ] 2026-07-29 21:43:39,009 Global parallel computation enabled: 248 / 560
yt : [INFO     ] 2026-07-29 21:43:39,009 Global parallel computation enabled: 55 / 560
yt : [INFO     ] 2026-07-29 21:43:39,009 Global parallel computation enabled: 276 / 560
yt : [INFO     ] 2026-07-29 21:43:39,009 Global parallel computation enabled: 377 / 560
yt : [INFO     ] 2026-07-29 21:43:39,009 Global parallel computation enabled: 64 / 560
yt : [INFO     ] 2026-07-29 21:43:39,009 Global parallel computation enabled: 451 / 560
yt : [INFO     ] 2026-07-29 21:43:39,009 Global parallel computation enabled: 299 / 560
yt : [INFO     ] 2026-07-29 21:43:39,009 Global parallel computation enabled: 352 / 560
yt : [INFO     ] 2026-07-29 21:43:39,009 Global parallel computation enabled: 522 / 560
yt : [INFO     ] 2026-07-29 21:43:39,009 Global parallel computation enabled: 129 / 560
yt : [INFO     ] 2026-07-29 21:43:39,009 Global parallel computation enabled: 250 / 560
yt : [INFO     ] 2026-07-29 21:43:39,009 Global parallel computation enabled: 28 / 560
yt : [INFO     ] 2026-07-29 21:43:39,009 Global parallel computation enabled: 252 / 560
yt : [INFO     ] 2026-07-29 21:43:39,009 Global parallel computation enabled: 379 / 560
yt : [INFO     ] 2026-07-29 21:43:39,009 Global parallel computation enabled: 422 / 560
yt : [INFO     ] 2026-07-29 21:43:39,009 Global parallel computation enabled: 542 / 560
yt : [INFO     ] 2026-07-29 21:43:39,009 Global parallel computation enabled: 66 / 560
yt : [INFO     ] 2026-07-29 21:43:39,009 Global parallel computation enabled: 452 / 560
yt : [INFO     ] 2026-07-29 21:43:39,009 Global parallel computation enabled: 301 / 560
yt : [INFO     ] 2026-07-29 21:43:39,009 Global parallel computation enabled: 353 / 560
yt : [INFO     ] 2026-07-29 21:43:39,009 Global parallel computation enabled: 523 / 560
yt : [INFO     ] 2026-07-29 21:43:39,009 Global parallel computation enabled: 131 / 560
yt : [INFO     ] 2026-07-29 21:43:39,009 Global parallel computation enabled: 251 / 560
yt : [INFO     ] 2026-07-29 21:43:39,009 Global parallel computation enabled: 29 / 560
yt : [INFO     ] 2026-07-29 21:43:39,009 Global parallel computation enabled: 253 / 560
yt : [INFO     ] 2026-07-29 21:43:39,009 Global parallel computation enabled: 384 / 560
yt : [INFO     ] 2026-07-29 21:43:39,009 Global parallel computation enabled: 485 / 560
yt : [INFO     ] 2026-07-29 21:43:39,009 Global parallel computation enabled: 435 / 560
yt : [INFO     ] 2026-07-29 21:43:39,009 Global parallel computation enabled: 544 / 560
yt : [INFO     ] 2026-07-29 21:43:39,009 Global parallel computation enabled: 56 / 560
yt : [INFO     ] 2026-07-29 21:43:39,009 Global parallel computation enabled: 468 / 560
yt : [INFO     ] 2026-07-29 21:43:39,009 Global parallel computation enabled: 302 / 560
yt : [INFO     ] 2026-07-29 21:43:39,009 Global parallel computation enabled: 355 / 560
yt : [INFO     ] 2026-07-29 21:43:39,009 Global parallel computation enabled: 524 / 560
yt : [INFO     ] 2026-07-29 21:43:39,009 Global parallel computation enabled: 398 / 560
yt : [INFO     ] 2026-07-29 21:43:39,009 Global parallel computation enabled: 136 / 560
yt : [INFO     ] 2026-07-29 21:43:39,009 Global parallel computation enabled: 224 / 560
yt : [INFO     ] 2026-07-29 21:43:39,009 Global parallel computation enabled: 30 / 560
yt : [INFO     ] 2026-07-29 21:43:39,009 Global parallel computation enabled: 254 / 560
yt : [INFO     ] 2026-07-29 21:43:39,009 Global parallel computation enabled: 312 / 560
yt : [INFO     ] 2026-07-29 21:43:39,009 Global parallel computation enabled: 385 / 560
yt : [INFO     ] 2026-07-29 21:43:39,009 Global parallel computation enabled: 488 / 560
yt : [INFO     ] 2026-07-29 21:43:39,009 Global parallel computation enabled: 438 / 560
yt : [INFO     ] 2026-07-29 21:43:39,009 Global parallel computation enabled: 549 / 560
yt : [INFO     ] 2026-07-29 21:43:39,009 Global parallel computation enabled: 57 / 560
yt : [INFO     ] 2026-07-29 21:43:39,009 Global parallel computation enabled: 471 / 560
yt : [INFO     ] 2026-07-29 21:43:39,009 Global parallel computation enabled: 304 / 560
yt : [INFO     ] 2026-07-29 21:43:39,009 Global parallel computation enabled: 357 / 560
yt : [INFO     ] 2026-07-29 21:43:39,009 Global parallel computation enabled: 525 / 560
yt : [INFO     ] 2026-07-29 21:43:39,009 Global parallel computation enabled: 401 / 560
yt : [INFO     ] 2026-07-29 21:43:39,009 Global parallel computation enabled: 139 / 560
yt : [INFO     ] 2026-07-29 21:43:39,009 Global parallel computation enabled: 225 / 560
yt : [INFO     ] 2026-07-29 21:43:39,009 Global parallel computation enabled: 31 / 560
yt : [INFO     ] 2026-07-29 21:43:39,009 Global parallel computation enabled: 255 / 560
yt : [INFO     ] 2026-07-29 21:43:39,009 Global parallel computation enabled: 313 / 560
yt : [INFO     ] 2026-07-29 21:43:39,009 Global parallel computation enabled: 386 / 560
yt : [INFO     ] 2026-07-29 21:43:39,009 Global parallel computation enabled: 493 / 560
yt : [INFO     ] 2026-07-29 21:43:39,009 Global parallel computation enabled: 439 / 560
yt : [INFO     ] 2026-07-29 21:43:39,009 Global parallel computation enabled: 555 / 560
yt : [INFO     ] 2026-07-29 21:43:39,009 Global parallel computation enabled: 58 / 560
yt : [INFO     ] 2026-07-29 21:43:39,009 Global parallel computation enabled: 473 / 560
yt : [INFO     ] 2026-07-29 21:43:39,009 Global parallel computation enabled: 305 / 560
yt : [INFO     ] 2026-07-29 21:43:39,009 Global parallel computation enabled: 358 / 560
yt : [INFO     ] 2026-07-29 21:43:39,009 Global parallel computation enabled: 528 / 560
yt : [INFO     ] 2026-07-29 21:43:39,009 Global parallel computation enabled: 404 / 560
yt : [INFO     ] 2026-07-29 21:43:39,009 Global parallel computation enabled: 141 / 560
yt : [INFO     ] 2026-07-29 21:43:39,009 Global parallel computation enabled: 226 / 560
yt : [INFO     ] 2026-07-29 21:43:39,009 Global parallel computation enabled: 32 / 560
yt : [INFO     ] 2026-07-29 21:43:39,009 Global parallel computation enabled: 256 / 560
yt : [INFO     ] 2026-07-29 21:43:39,009 Global parallel computation enabled: 326 / 560
yt : [INFO     ] 2026-07-29 21:43:39,009 Global parallel computation enabled: 387 / 560
yt : [INFO     ] 2026-07-29 21:43:39,009 Global parallel computation enabled: 496 / 560
yt : [INFO     ] 2026-07-29 21:43:39,009 Global parallel computation enabled: 441 / 560
yt : [INFO     ] 2026-07-29 21:43:39,009 Global parallel computation enabled: 532 / 560
yt : [INFO     ] 2026-07-29 21:43:39,009 Global parallel computation enabled: 59 / 560
yt : [INFO     ] 2026-07-29 21:43:39,009 Global parallel computation enabled: 448 / 560
yt : [INFO     ] 2026-07-29 21:43:39,009 Global parallel computation enabled: 280 / 560
yt : [INFO     ] 2026-07-29 21:43:39,009 Global parallel computation enabled: 359 / 560
yt : [INFO     ] 2026-07-29 21:43:39,009 Global parallel computation enabled: 529 / 560
yt : [INFO     ] 2026-07-29 21:43:39,009 Global parallel computation enabled: 405 / 560
yt : [INFO     ] 2026-07-29 21:43:39,009 Global parallel computation enabled: 112 / 560
yt : [INFO     ] 2026-07-29 21:43:39,009 Global parallel computation enabled: 227 / 560
yt : [INFO     ] 2026-07-29 21:43:39,009 Global parallel computation enabled: 33 / 560
yt : [INFO     ] 2026-07-29 21:43:39,009 Global parallel computation enabled: 257 / 560
yt : [INFO     ] 2026-07-29 21:43:39,009 Global parallel computation enabled: 331 / 560
yt : [INFO     ] 2026-07-29 21:43:39,009 Global parallel computation enabled: 364 / 560
yt : [INFO     ] 2026-07-29 21:43:39,009 Global parallel computation enabled: 499 / 560
yt : [INFO     ] 2026-07-29 21:43:39,009 Global parallel computation enabled: 442 / 560
yt : [INFO     ] 2026-07-29 21:43:39,009 Global parallel computation enabled: 533 / 560
yt : [INFO     ] 2026-07-29 21:43:39,009 Global parallel computation enabled: 60 / 560
yt : [INFO     ] 2026-07-29 21:43:39,009 Global parallel computation enabled: 449 / 560
yt : [INFO     ] 2026-07-29 21:43:39,009 Global parallel computation enabled: 281 / 560
yt : [INFO     ] 2026-07-29 21:43:39,009 Global parallel computation enabled: 361 / 560
yt : [INFO     ] 2026-07-29 21:43:39,009 Global parallel computation enabled: 504 / 560
yt : [INFO     ] 2026-07-29 21:43:39,009 Global parallel computation enabled: 408 / 560
yt : [INFO     ] 2026-07-29 21:43:39,009 Global parallel computation enabled: 113 / 560
yt : [INFO     ] 2026-07-29 21:43:39,009 Global parallel computation enabled: 228 / 560
yt : [INFO     ] 2026-07-29 21:43:39,009 Global parallel computation enabled: 34 / 560
yt : [INFO     ] 2026-07-29 21:43:39,009 Global parallel computation enabled: 258 / 560
yt : [INFO     ] 2026-07-29 21:43:39,009 Global parallel computation enabled: 309 / 560
yt : [INFO     ] 2026-07-29 21:43:39,009 Global parallel computation enabled: 365 / 560
yt : [INFO     ] 2026-07-29 21:43:39,009 Global parallel computation enabled: 501 / 560
yt : [INFO     ] 2026-07-29 21:43:39,009 Global parallel computation enabled: 444 / 560
yt : [INFO     ] 2026-07-29 21:43:39,009 Global parallel computation enabled: 534 / 560
yt : [INFO     ] 2026-07-29 21:43:39,009 Global parallel computation enabled: 61 / 560
yt : [INFO     ] 2026-07-29 21:43:39,009 Global parallel computation enabled: 453 / 560
yt : [INFO     ] 2026-07-29 21:43:39,009 Global parallel computation enabled: 282 / 560
yt : [INFO     ] 2026-07-29 21:43:39,009 Global parallel computation enabled: 336 / 560
yt : [INFO     ] 2026-07-29 21:43:39,009 Global parallel computation enabled: 505 / 560
yt : [INFO     ] 2026-07-29 21:43:39,009 Global parallel computation enabled: 409 / 560
yt : [INFO     ] 2026-07-29 21:43:39,009 Global parallel computation enabled: 114 / 560
yt : [INFO     ] 2026-07-29 21:43:39,009 Global parallel computation enabled: 229 / 560
yt : [INFO     ] 2026-07-29 21:43:39,009 Global parallel computation enabled: 36 / 560
yt : [INFO     ] 2026-07-29 21:43:39,009 Global parallel computation enabled: 259 / 560
yt : [INFO     ] 2026-07-29 21:43:39,009 Global parallel computation enabled: 310 / 560
yt : [INFO     ] 2026-07-29 21:43:39,009 Global parallel computation enabled: 369 / 560
yt : [INFO     ] 2026-07-29 21:43:39,009 Global parallel computation enabled: 502 / 560
yt : [INFO     ] 2026-07-29 21:43:39,009 Global parallel computation enabled: 447 / 560
yt : [INFO     ] 2026-07-29 21:43:39,009 Global parallel computation enabled: 535 / 560
yt : [INFO     ] 2026-07-29 21:43:39,009 Global parallel computation enabled: 62 / 560
yt : [INFO     ] 2026-07-29 21:43:39,009 Global parallel computation enabled: 454 / 560
yt : [INFO     ] 2026-07-29 21:43:39,009 Global parallel computation enabled: 283 / 560
yt : [INFO     ] 2026-07-29 21:43:39,009 Global parallel computation enabled: 338 / 560
yt : [INFO     ] 2026-07-29 21:43:39,009 Global parallel computation enabled: 506 / 560
yt : [INFO     ] 2026-07-29 21:43:39,009 Global parallel computation enabled: 415 / 560
yt : [INFO     ] 2026-07-29 21:43:39,009 Global parallel computation enabled: 115 / 560
yt : [INFO     ] 2026-07-29 21:43:39,009 Global parallel computation enabled: 230 / 560
yt : [INFO     ] 2026-07-29 21:43:39,009 Global parallel computation enabled: 37 / 560
yt : [INFO     ] 2026-07-29 21:43:39,009 Global parallel computation enabled: 260 / 560
yt : [INFO     ] 2026-07-29 21:43:39,009 Global parallel computation enabled: 311 / 560
yt : [INFO     ] 2026-07-29 21:43:39,009 Global parallel computation enabled: 370 / 560
yt : [INFO     ] 2026-07-29 21:43:39,009 Global parallel computation enabled: 476 / 560
yt : [INFO     ] 2026-07-29 21:43:39,009 Global parallel computation enabled: 420 / 560
yt : [INFO     ] 2026-07-29 21:43:39,009 Global parallel computation enabled: 536 / 560
yt : [INFO     ] 2026-07-29 21:43:39,009 Global parallel computation enabled: 63 / 560
yt : [INFO     ] 2026-07-29 21:43:39,009 Global parallel computation enabled: 455 / 560
yt : [INFO     ] 2026-07-29 21:43:39,009 Global parallel computation enabled: 284 / 560
yt : [INFO     ] 2026-07-29 21:43:39,009 Global parallel computation enabled: 340 / 560
yt : [INFO     ] 2026-07-29 21:43:39,009 Global parallel computation enabled: 507 / 560
yt : [INFO     ] 2026-07-29 21:43:39,009 Global parallel computation enabled: 419 / 560
yt : [INFO     ] 2026-07-29 21:43:39,009 Global parallel computation enabled: 117 / 560
yt : [INFO     ] 2026-07-29 21:43:39,009 Global parallel computation enabled: 231 / 560
yt : [INFO     ] 2026-07-29 21:43:39,009 Global parallel computation enabled: 39 / 560
yt : [INFO     ] 2026-07-29 21:43:39,009 Global parallel computation enabled: 261 / 560
yt : [INFO     ] 2026-07-29 21:43:39,009 Global parallel computation enabled: 314 / 560
yt : [INFO     ] 2026-07-29 21:43:39,009 Global parallel computation enabled: 371 / 560
yt : [INFO     ] 2026-07-29 21:43:39,009 Global parallel computation enabled: 477 / 560
yt : [INFO     ] 2026-07-29 21:43:39,009 Global parallel computation enabled: 421 / 560
yt : [INFO     ] 2026-07-29 21:43:39,009 Global parallel computation enabled: 537 / 560
yt : [INFO     ] 2026-07-29 21:43:39,009 Global parallel computation enabled: 65 / 560
yt : [INFO     ] 2026-07-29 21:43:39,009 Global parallel computation enabled: 456 / 560
yt : [INFO     ] 2026-07-29 21:43:39,009 Global parallel computation enabled: 285 / 560
yt : [INFO     ] 2026-07-29 21:43:39,009 Global parallel computation enabled: 341 / 560
yt : [INFO     ] 2026-07-29 21:43:39,009 Global parallel computation enabled: 508 / 560
yt : [INFO     ] 2026-07-29 21:43:39,009 Global parallel computation enabled: 392 / 560
yt : [INFO     ] 2026-07-29 21:43:39,009 Global parallel computation enabled: 118 / 560
yt : [INFO     ] 2026-07-29 21:43:39,009 Global parallel computation enabled: 232 / 560
yt : [INFO     ] 2026-07-29 21:43:39,009 Global parallel computation enabled: 40 / 560
yt : [INFO     ] 2026-07-29 21:43:39,009 Global parallel computation enabled: 262 / 560
yt : [INFO     ] 2026-07-29 21:43:39,009 Global parallel computation enabled: 315 / 560
yt : [INFO     ] 2026-07-29 21:43:39,009 Global parallel computation enabled: 372 / 560
yt : [INFO     ] 2026-07-29 21:43:39,009 Global parallel computation enabled: 478 / 560
yt : [INFO     ] 2026-07-29 21:43:39,009 Global parallel computation enabled: 423 / 560
yt : [INFO     ] 2026-07-29 21:43:39,009 Global parallel computation enabled: 538 / 560
yt : [INFO     ] 2026-07-29 21:43:39,009 Global parallel computation enabled: 67 / 560
yt : [INFO     ] 2026-07-29 21:43:39,009 Global parallel computation enabled: 457 / 560
yt : [INFO     ] 2026-07-29 21:43:39,009 Global parallel computation enabled: 286 / 560
yt : [INFO     ] 2026-07-29 21:43:39,009 Global parallel computation enabled: 342 / 560
yt : [INFO     ] 2026-07-29 21:43:39,009 Global parallel computation enabled: 509 / 560
yt : [INFO     ] 2026-07-29 21:43:39,009 Global parallel computation enabled: 393 / 560
yt : [INFO     ] 2026-07-29 21:43:39,009 Global parallel computation enabled: 120 / 560
yt : [INFO     ] 2026-07-29 21:43:39,009 Global parallel computation enabled: 233 / 560
yt : [INFO     ] 2026-07-29 21:43:39,009 Global parallel computation enabled: 41 / 560
yt : [INFO     ] 2026-07-29 21:43:39,009 Global parallel computation enabled: 263 / 560
yt : [INFO     ] 2026-07-29 21:43:39,009 Global parallel computation enabled: 316 / 560
yt : [INFO     ] 2026-07-29 21:43:39,009 Global parallel computation enabled: 373 / 560
yt : [INFO     ] 2026-07-29 21:43:39,009 Global parallel computation enabled: 479 / 560
yt : [INFO     ] 2026-07-29 21:43:39,009 Global parallel computation enabled: 424 / 560
yt : [INFO     ] 2026-07-29 21:43:39,009 Global parallel computation enabled: 539 / 560
yt : [INFO     ] 2026-07-29 21:43:39,009 Global parallel computation enabled: 68 / 560
yt : [INFO     ] 2026-07-29 21:43:39,009 Global parallel computation enabled: 458 / 560
yt : [INFO     ] 2026-07-29 21:43:39,009 Global parallel computation enabled: 287 / 560
yt : [INFO     ] 2026-07-29 21:43:39,009 Global parallel computation enabled: 343 / 560
yt : [INFO     ] 2026-07-29 21:43:39,009 Global parallel computation enabled: 510 / 560
yt : [INFO     ] 2026-07-29 21:43:39,009 Global parallel computation enabled: 394 / 560
yt : [INFO     ] 2026-07-29 21:43:39,009 Global parallel computation enabled: 121 / 560
yt : [INFO     ] 2026-07-29 21:43:39,009 Global parallel computation enabled: 234 / 560
yt : [INFO     ] 2026-07-29 21:43:39,009 Global parallel computation enabled: 42 / 560
yt : [INFO     ] 2026-07-29 21:43:39,009 Global parallel computation enabled: 264 / 560
yt : [INFO     ] 2026-07-29 21:43:39,009 Global parallel computation enabled: 317 / 560
yt : [INFO     ] 2026-07-29 21:43:39,009 Global parallel computation enabled: 374 / 560
yt : [INFO     ] 2026-07-29 21:43:39,009 Global parallel computation enabled: 480 / 560
yt : [INFO     ] 2026-07-29 21:43:39,009 Global parallel computation enabled: 425 / 560
yt : [INFO     ] 2026-07-29 21:43:39,009 Global parallel computation enabled: 540 / 560
yt : [INFO     ] 2026-07-29 21:43:39,009 Global parallel computation enabled: 69 / 560
yt : [INFO     ] 2026-07-29 21:43:39,009 Global parallel computation enabled: 459 / 560
yt : [INFO     ] 2026-07-29 21:43:39,009 Global parallel computation enabled: 288 / 560
yt : [INFO     ] 2026-07-29 21:43:39,009 Global parallel computation enabled: 344 / 560
yt : [INFO     ] 2026-07-29 21:43:39,009 Global parallel computation enabled: 511 / 560
yt : [INFO     ] 2026-07-29 21:43:39,009 Global parallel computation enabled: 395 / 560
yt : [INFO     ] 2026-07-29 21:43:39,009 Global parallel computation enabled: 122 / 560
yt : [INFO     ] 2026-07-29 21:43:39,009 Global parallel computation enabled: 235 / 560
yt : [INFO     ] 2026-07-29 21:43:39,009 Global parallel computation enabled: 43 / 560
yt : [INFO     ] 2026-07-29 21:43:39,009 Global parallel computation enabled: 266 / 560
yt : [INFO     ] 2026-07-29 21:43:39,009 Global parallel computation enabled: 318 / 560
yt : [INFO     ] 2026-07-29 21:43:39,009 Global parallel computation enabled: 375 / 560
yt : [INFO     ] 2026-07-29 21:43:39,009 Global parallel computation enabled: 481 / 560
yt : [INFO     ] 2026-07-29 21:43:39,009 Global parallel computation enabled: 426 / 560
yt : [INFO     ] 2026-07-29 21:43:39,009 Global parallel computation enabled: 541 / 560
yt : [INFO     ] 2026-07-29 21:43:39,009 Global parallel computation enabled: 70 / 560
yt : [INFO     ] 2026-07-29 21:43:39,009 Global parallel computation enabled: 460 / 560
yt : [INFO     ] 2026-07-29 21:43:39,009 Global parallel computation enabled: 289 / 560
yt : [INFO     ] 2026-07-29 21:43:39,009 Global parallel computation enabled: 345 / 560
yt : [INFO     ] 2026-07-29 21:43:39,009 Global parallel computation enabled: 512 / 560
yt : [INFO     ] 2026-07-29 21:43:39,009 Global parallel computation enabled: 396 / 560
yt : [INFO     ] 2026-07-29 21:43:39,009 Global parallel computation enabled: 124 / 560
yt : [INFO     ] 2026-07-29 21:43:39,009 Global parallel computation enabled: 238 / 560
yt : [INFO     ] 2026-07-29 21:43:39,009 Global parallel computation enabled: 45 / 560
yt : [INFO     ] 2026-07-29 21:43:39,009 Global parallel computation enabled: 267 / 560
yt : [INFO     ] 2026-07-29 21:43:39,009 Global parallel computation enabled: 319 / 560
yt : [INFO     ] 2026-07-29 21:43:39,009 Global parallel computation enabled: 376 / 560
yt : [INFO     ] 2026-07-29 21:43:39,009 Global parallel computation enabled: 482 / 560
yt : [INFO     ] 2026-07-29 21:43:39,009 Global parallel computation enabled: 427 / 560
yt : [INFO     ] 2026-07-29 21:43:39,009 Global parallel computation enabled: 543 / 560
yt : [INFO     ] 2026-07-29 21:43:39,009 Global parallel computation enabled: 71 / 560
yt : [INFO     ] 2026-07-29 21:43:39,009 Global parallel computation enabled: 461 / 560
yt : [INFO     ] 2026-07-29 21:43:39,009 Global parallel computation enabled: 290 / 560
yt : [INFO     ] 2026-07-29 21:43:39,009 Global parallel computation enabled: 346 / 560
yt : [INFO     ] 2026-07-29 21:43:39,009 Global parallel computation enabled: 514 / 560
yt : [INFO     ] 2026-07-29 21:43:39,009 Global parallel computation enabled: 397 / 560
yt : [INFO     ] 2026-07-29 21:43:39,009 Global parallel computation enabled: 125 / 560
yt : [INFO     ] 2026-07-29 21:43:39,009 Global parallel computation enabled: 239 / 560
yt : [INFO     ] 2026-07-29 21:43:39,009 Global parallel computation enabled: 47 / 560
yt : [INFO     ] 2026-07-29 21:43:39,009 Global parallel computation enabled: 268 / 560
yt : [INFO     ] 2026-07-29 21:43:39,009 Global parallel computation enabled: 320 / 560
yt : [INFO     ] 2026-07-29 21:43:39,009 Global parallel computation enabled: 378 / 560
yt : [INFO     ] 2026-07-29 21:43:39,009 Global parallel computation enabled: 483 / 560
yt : [INFO     ] 2026-07-29 21:43:39,009 Global parallel computation enabled: 428 / 560
yt : [INFO     ] 2026-07-29 21:43:39,009 Global parallel computation enabled: 545 / 560
yt : [INFO     ] 2026-07-29 21:43:39,009 Global parallel computation enabled: 72 / 560
yt : [INFO     ] 2026-07-29 21:43:39,009 Global parallel computation enabled: 462 / 560
yt : [INFO     ] 2026-07-29 21:43:39,009 Global parallel computation enabled: 291 / 560
yt : [INFO     ] 2026-07-29 21:43:39,009 Global parallel computation enabled: 347 / 560
yt : [INFO     ] 2026-07-29 21:43:39,009 Global parallel computation enabled: 516 / 560
yt : [INFO     ] 2026-07-29 21:43:39,009 Global parallel computation enabled: 399 / 560
yt : [INFO     ] 2026-07-29 21:43:39,009 Global parallel computation enabled: 127 / 560
yt : [INFO     ] 2026-07-29 21:43:39,009 Global parallel computation enabled: 240 / 560
yt : [INFO     ] 2026-07-29 21:43:39,009 Global parallel computation enabled: 48 / 560
yt : [INFO     ] 2026-07-29 21:43:39,009 Global parallel computation enabled: 269 / 560
yt : [INFO     ] 2026-07-29 21:43:39,009 Global parallel computation enabled: 321 / 560
yt : [INFO     ] 2026-07-29 21:43:39,009 Global parallel computation enabled: 380 / 560
yt : [INFO     ] 2026-07-29 21:43:39,009 Global parallel computation enabled: 484 / 560
yt : [INFO     ] 2026-07-29 21:43:39,009 Global parallel computation enabled: 429 / 560
yt : [INFO     ] 2026-07-29 21:43:39,009 Global parallel computation enabled: 546 / 560
yt : [INFO     ] 2026-07-29 21:43:39,009 Global parallel computation enabled: 73 / 560
yt : [INFO     ] 2026-07-29 21:43:39,009 Global parallel computation enabled: 463 / 560
yt : [INFO     ] 2026-07-29 21:43:39,009 Global parallel computation enabled: 292 / 560
yt : [INFO     ] 2026-07-29 21:43:39,009 Global parallel computation enabled: 348 / 560
yt : [INFO     ] 2026-07-29 21:43:39,009 Global parallel computation enabled: 518 / 560
yt : [INFO     ] 2026-07-29 21:43:39,009 Global parallel computation enabled: 400 / 560
yt : [INFO     ] 2026-07-29 21:43:39,009 Global parallel computation enabled: 128 / 560
yt : [INFO     ] 2026-07-29 21:43:39,009 Global parallel computation enabled: 241 / 560
yt : [INFO     ] 2026-07-29 21:43:39,009 Global parallel computation enabled: 49 / 560
yt : [INFO     ] 2026-07-29 21:43:39,009 Global parallel computation enabled: 271 / 560
yt : [INFO     ] 2026-07-29 21:43:39,009 Global parallel computation enabled: 322 / 560
yt : [INFO     ] 2026-07-29 21:43:39,009 Global parallel computation enabled: 381 / 560
yt : [INFO     ] 2026-07-29 21:43:39,009 Global parallel computation enabled: 486 / 560
yt : [INFO     ] 2026-07-29 21:43:39,009 Global parallel computation enabled: 430 / 560
yt : [INFO     ] 2026-07-29 21:43:39,009 Global parallel computation enabled: 547 / 560
yt : [INFO     ] 2026-07-29 21:43:39,009 Global parallel computation enabled: 74 / 560
yt : [INFO     ] 2026-07-29 21:43:39,009 Global parallel computation enabled: 464 / 560
yt : [INFO     ] 2026-07-29 21:43:39,009 Global parallel computation enabled: 294 / 560
yt : [INFO     ] 2026-07-29 21:43:39,009 Global parallel computation enabled: 350 / 560
yt : [INFO     ] 2026-07-29 21:43:39,009 Global parallel computation enabled: 519 / 560
yt : [INFO     ] 2026-07-29 21:43:39,009 Global parallel computation enabled: 402 / 560
yt : [INFO     ] 2026-07-29 21:43:39,009 Global parallel computation enabled: 130 / 560
yt : [INFO     ] 2026-07-29 21:43:39,009 Global parallel computation enabled: 242 / 560
yt : [INFO     ] 2026-07-29 21:43:39,009 Global parallel computation enabled: 51 / 560
yt : [INFO     ] 2026-07-29 21:43:39,009 Global parallel computation enabled: 272 / 560
yt : [INFO     ] 2026-07-29 21:43:39,009 Global parallel computation enabled: 323 / 560
yt : [INFO     ] 2026-07-29 21:43:39,009 Global parallel computation enabled: 382 / 560
yt : [INFO     ] 2026-07-29 21:43:39,009 Global parallel computation enabled: 487 / 560
yt : [INFO     ] 2026-07-29 21:43:39,009 Global parallel computation enabled: 431 / 560
yt : [INFO     ] 2026-07-29 21:43:39,009 Global parallel computation enabled: 548 / 560
yt : [INFO     ] 2026-07-29 21:43:39,009 Global parallel computation enabled: 75 / 560
yt : [INFO     ] 2026-07-29 21:43:39,009 Global parallel computation enabled: 465 / 560
yt : [INFO     ] 2026-07-29 21:43:39,009 Global parallel computation enabled: 296 / 560
yt : [INFO     ] 2026-07-29 21:43:39,009 Global parallel computation enabled: 354 / 560
yt : [INFO     ] 2026-07-29 21:43:39,009 Global parallel computation enabled: 521 / 560
yt : [INFO     ] 2026-07-29 21:43:39,009 Global parallel computation enabled: 403 / 560
yt : [INFO     ] 2026-07-29 21:43:39,009 Global parallel computation enabled: 132 / 560
yt : [INFO     ] 2026-07-29 21:43:39,009 Global parallel computation enabled: 243 / 560
yt : [INFO     ] 2026-07-29 21:43:39,009 Global parallel computation enabled: 52 / 560
yt : [INFO     ] 2026-07-29 21:43:39,009 Global parallel computation enabled: 273 / 560
yt : [INFO     ] 2026-07-29 21:43:39,009 Global parallel computation enabled: 324 / 560
yt : [INFO     ] 2026-07-29 21:43:39,009 Global parallel computation enabled: 383 / 560
yt : [INFO     ] 2026-07-29 21:43:39,009 Global parallel computation enabled: 489 / 560
yt : [INFO     ] 2026-07-29 21:43:39,009 Global parallel computation enabled: 432 / 560
yt : [INFO     ] 2026-07-29 21:43:39,009 Global parallel computation enabled: 550 / 560
yt : [INFO     ] 2026-07-29 21:43:39,009 Global parallel computation enabled: 76 / 560
yt : [INFO     ] 2026-07-29 21:43:39,009 Global parallel computation enabled: 466 / 560
yt : [INFO     ] 2026-07-29 21:43:39,009 Global parallel computation enabled: 297 / 560
yt : [INFO     ] 2026-07-29 21:43:39,009 Global parallel computation enabled: 356 / 560
yt : [INFO     ] 2026-07-29 21:43:39,009 Global parallel computation enabled: 526 / 560
yt : [INFO     ] 2026-07-29 21:43:39,009 Global parallel computation enabled: 406 / 560
yt : [INFO     ] 2026-07-29 21:43:39,009 Global parallel computation enabled: 133 / 560
yt : [INFO     ] 2026-07-29 21:43:39,009 Global parallel computation enabled: 244 / 560
yt : [INFO     ] 2026-07-29 21:43:39,009 Global parallel computation enabled: 53 / 560
yt : [INFO     ] 2026-07-29 21:43:39,009 Global parallel computation enabled: 275 / 560
yt : [INFO     ] 2026-07-29 21:43:39,009 Global parallel computation enabled: 325 / 560
yt : [INFO     ] 2026-07-29 21:43:39,009 Global parallel computation enabled: 388 / 560
yt : [INFO     ] 2026-07-29 21:43:39,009 Global parallel computation enabled: 490 / 560
yt : [INFO     ] 2026-07-29 21:43:39,009 Global parallel computation enabled: 433 / 560
yt : [INFO     ] 2026-07-29 21:43:39,009 Global parallel computation enabled: 551 / 560
yt : [INFO     ] 2026-07-29 21:43:39,009 Global parallel computation enabled: 77 / 560
yt : [INFO     ] 2026-07-29 21:43:39,009 Global parallel computation enabled: 467 / 560
yt : [INFO     ] 2026-07-29 21:43:39,009 Global parallel computation enabled: 300 / 560
yt : [INFO     ] 2026-07-29 21:43:39,009 Global parallel computation enabled: 360 / 560
yt : [INFO     ] 2026-07-29 21:43:39,009 Global parallel computation enabled: 527 / 560
yt : [INFO     ] 2026-07-29 21:43:39,009 Global parallel computation enabled: 407 / 560
yt : [INFO     ] 2026-07-29 21:43:39,009 Global parallel computation enabled: 134 / 560
yt : [INFO     ] 2026-07-29 21:43:39,009 Global parallel computation enabled: 245 / 560
yt : [INFO     ] 2026-07-29 21:43:39,009 Global parallel computation enabled: 54 / 560
yt : [INFO     ] 2026-07-29 21:43:39,009 Global parallel computation enabled: 277 / 560
yt : [INFO     ] 2026-07-29 21:43:39,009 Global parallel computation enabled: 327 / 560
yt : [INFO     ] 2026-07-29 21:43:39,009 Global parallel computation enabled: 389 / 560
yt : [INFO     ] 2026-07-29 21:43:39,009 Global parallel computation enabled: 491 / 560
yt : [INFO     ] 2026-07-29 21:43:39,009 Global parallel computation enabled: 434 / 560
yt : [INFO     ] 2026-07-29 21:43:39,009 Global parallel computation enabled: 552 / 560
yt : [INFO     ] 2026-07-29 21:43:39,009 Global parallel computation enabled: 78 / 560
yt : [INFO     ] 2026-07-29 21:43:39,009 Global parallel computation enabled: 469 / 560
yt : [INFO     ] 2026-07-29 21:43:39,009 Global parallel computation enabled: 303 / 560
yt : [INFO     ] 2026-07-29 21:43:39,009 Global parallel computation enabled: 362 / 560
yt : [INFO     ] 2026-07-29 21:43:39,009 Global parallel computation enabled: 530 / 560
yt : [INFO     ] 2026-07-29 21:43:39,009 Global parallel computation enabled: 410 / 560
yt : [INFO     ] 2026-07-29 21:43:39,009 Global parallel computation enabled: 135 / 560
yt : [INFO     ] 2026-07-29 21:43:39,009 Global parallel computation enabled: 247 / 560
yt : [INFO     ] 2026-07-29 21:43:39,009 Global parallel computation enabled: 6 / 560
yt : [INFO     ] 2026-07-29 21:43:39,009 Global parallel computation enabled: 278 / 560
yt : [INFO     ] 2026-07-29 21:43:39,009 Global parallel computation enabled: 328 / 560
yt : [INFO     ] 2026-07-29 21:43:39,009 Global parallel computation enabled: 390 / 560
yt : [INFO     ] 2026-07-29 21:43:39,009 Global parallel computation enabled: 492 / 560
yt : [INFO     ] 2026-07-29 21:43:39,009 Global parallel computation enabled: 436 / 560
yt : [INFO     ] 2026-07-29 21:43:39,009 Global parallel computation enabled: 553 / 560
yt : [INFO     ] 2026-07-29 21:43:39,009 Global parallel computation enabled: 79 / 560
yt : [INFO     ] 2026-07-29 21:43:39,009 Global parallel computation enabled: 470 / 560
yt : [INFO     ] 2026-07-29 21:43:39,009 Global parallel computation enabled: 306 / 560
yt : [INFO     ] 2026-07-29 21:43:39,009 Global parallel computation enabled: 363 / 560
yt : [INFO     ] 2026-07-29 21:43:39,009 Global parallel computation enabled: 531 / 560
yt : [INFO     ] 2026-07-29 21:43:39,009 Global parallel computation enabled: 411 / 560
yt : [INFO     ] 2026-07-29 21:43:39,009 Global parallel computation enabled: 137 / 560
yt : [INFO     ] 2026-07-29 21:43:39,009 Global parallel computation enabled: 249 / 560
yt : [INFO     ] 2026-07-29 21:43:39,009 Global parallel computation enabled: 10 / 560
yt : [INFO     ] 2026-07-29 21:43:39,009 Global parallel computation enabled: 279 / 560
yt : [INFO     ] 2026-07-29 21:43:39,009 Global parallel computation enabled: 329 / 560
yt : [INFO     ] 2026-07-29 21:43:39,009 Global parallel computation enabled: 391 / 560
yt : [INFO     ] 2026-07-29 21:43:39,009 Global parallel computation enabled: 494 / 560
yt : [INFO     ] 2026-07-29 21:43:39,009 Global parallel computation enabled: 437 / 560
yt : [INFO     ] 2026-07-29 21:43:39,009 Global parallel computation enabled: 554 / 560
yt : [INFO     ] 2026-07-29 21:43:39,009 Global parallel computation enabled: 80 / 560
yt : [INFO     ] 2026-07-29 21:43:39,009 Global parallel computation enabled: 472 / 560
yt : [INFO     ] 2026-07-29 21:43:39,009 Global parallel computation enabled: 307 / 560
yt : [INFO     ] 2026-07-29 21:43:39,009 Global parallel computation enabled: 412 / 560
yt : [INFO     ] 2026-07-29 21:43:39,009 Global parallel computation enabled: 138 / 560
yt : [INFO     ] 2026-07-29 21:43:39,009 Global parallel computation enabled: 5 / 560
yt : [INFO     ] 2026-07-29 21:43:39,009 Global parallel computation enabled: 330 / 560
yt : [INFO     ] 2026-07-29 21:43:39,009 Global parallel computation enabled: 495 / 560
yt : [INFO     ] 2026-07-29 21:43:39,009 Global parallel computation enabled: 440 / 560
yt : [INFO     ] 2026-07-29 21:43:39,009 Global parallel computation enabled: 556 / 560
yt : [INFO     ] 2026-07-29 21:43:39,009 Global parallel computation enabled: 81 / 560
yt : [INFO     ] 2026-07-29 21:43:39,009 Global parallel computation enabled: 474 / 560
yt : [INFO     ] 2026-07-29 21:43:39,009 Global parallel computation enabled: 413 / 560
yt : [INFO     ] 2026-07-29 21:43:39,009 Global parallel computation enabled: 145 / 560
yt : [INFO     ] 2026-07-29 21:43:39,009 Global parallel computation enabled: 11 / 560
yt : [INFO     ] 2026-07-29 21:43:39,009 Global parallel computation enabled: 332 / 560
yt : [INFO     ] 2026-07-29 21:43:39,009 Global parallel computation enabled: 497 / 560
yt : [INFO     ] 2026-07-29 21:43:39,009 Global parallel computation enabled: 443 / 560
yt : [INFO     ] 2026-07-29 21:43:39,009 Global parallel computation enabled: 557 / 560
yt : [INFO     ] 2026-07-29 21:43:39,009 Global parallel computation enabled: 82 / 560
yt : [INFO     ] 2026-07-29 21:43:39,009 Global parallel computation enabled: 475 / 560
yt : [INFO     ] 2026-07-29 21:43:39,009 Global parallel computation enabled: 414 / 560
yt : [INFO     ] 2026-07-29 21:43:39,009 Global parallel computation enabled: 159 / 560
yt : [INFO     ] 2026-07-29 21:43:39,009 Global parallel computation enabled: 13 / 560
yt : [INFO     ] 2026-07-29 21:43:39,009 Global parallel computation enabled: 333 / 560
yt : [INFO     ] 2026-07-29 21:43:39,009 Global parallel computation enabled: 498 / 560
yt : [INFO     ] 2026-07-29 21:43:39,009 Global parallel computation enabled: 445 / 560
yt : [INFO     ] 2026-07-29 21:43:39,009 Global parallel computation enabled: 558 / 560
yt : [INFO     ] 2026-07-29 21:43:39,009 Global parallel computation enabled: 83 / 560
yt : [INFO     ] 2026-07-29 21:43:39,009 Global parallel computation enabled: 416 / 560
yt : [INFO     ] 2026-07-29 21:43:39,009 Global parallel computation enabled: 160 / 560
yt : [INFO     ] 2026-07-29 21:43:39,009 Global parallel computation enabled: 17 / 560
yt : [INFO     ] 2026-07-29 21:43:39,009 Global parallel computation enabled: 308 / 560
yt : [INFO     ] 2026-07-29 21:43:39,009 Global parallel computation enabled: 500 / 560
yt : [INFO     ] 2026-07-29 21:43:39,009 Global parallel computation enabled: 446 / 560
yt : [INFO     ] 2026-07-29 21:43:39,009 Global parallel computation enabled: 559 / 560
yt : [INFO     ] 2026-07-29 21:43:39,009 Global parallel computation enabled: 84 / 560
yt : [INFO     ] 2026-07-29 21:43:39,009 Global parallel computation enabled: 417 / 560
yt : [INFO     ] 2026-07-29 21:43:39,009 Global parallel computation enabled: 161 / 560
yt : [INFO     ] 2026-07-29 21:43:39,009 Global parallel computation enabled: 21 / 560
yt : [INFO     ] 2026-07-29 21:43:39,009 Global parallel computation enabled: 334 / 560
yt : [INFO     ] 2026-07-29 21:43:39,009 Global parallel computation enabled: 503 / 560
yt : [INFO     ] 2026-07-29 21:43:39,009 Global parallel computation enabled: 92 / 560
yt : [INFO     ] 2026-07-29 21:43:39,009 Global parallel computation enabled: 418 / 560
yt : [INFO     ] 2026-07-29 21:43:39,009 Global parallel computation enabled: 162 / 560
yt : [INFO     ] 2026-07-29 21:43:39,009 Global parallel computation enabled: 12 / 560
yt : [INFO     ] 2026-07-29 21:43:39,009 Global parallel computation enabled: 335 / 560
yt : [INFO     ] 2026-07-29 21:43:39,009 Global parallel computation enabled: 97 / 560
yt : [INFO     ] 2026-07-29 21:43:39,009 Global parallel computation enabled: 163 / 560
yt : [INFO     ] 2026-07-29 21:43:39,009 Global parallel computation enabled: 16 / 560
yt : [INFO     ] 2026-07-29 21:43:39,009 Global parallel computation enabled: 105 / 560
yt : [INFO     ] 2026-07-29 21:43:39,009 Global parallel computation enabled: 167 / 560
yt : [INFO     ] 2026-07-29 21:43:39,009 Global parallel computation enabled: 19 / 560
yt : [INFO     ] 2026-07-29 21:43:39,009 Global parallel computation enabled: 85 / 560
yt : [INFO     ] 2026-07-29 21:43:39,009 Global parallel computation enabled: 140 / 560
yt : [INFO     ] 2026-07-29 21:43:39,009 Global parallel computation enabled: 22 / 560
yt : [INFO     ] 2026-07-29 21:43:39,009 Global parallel computation enabled: 86 / 560
yt : [INFO     ] 2026-07-29 21:43:39,009 Global parallel computation enabled: 142 / 560
yt : [INFO     ] 2026-07-29 21:43:39,009 Global parallel computation enabled: 24 / 560
yt : [INFO     ] 2026-07-29 21:43:39,009 Global parallel computation enabled: 87 / 560
yt : [INFO     ] 2026-07-29 21:43:39,009 Global parallel computation enabled: 143 / 560
yt : [INFO     ] 2026-07-29 21:43:39,009 Global parallel computation enabled: 25 / 560
yt : [INFO     ] 2026-07-29 21:43:39,009 Global parallel computation enabled: 88 / 560
yt : [INFO     ] 2026-07-29 21:43:39,009 Global parallel computation enabled: 144 / 560
yt : [INFO     ] 2026-07-29 21:43:39,009 Global parallel computation enabled: 26 / 560
yt : [INFO     ] 2026-07-29 21:43:39,009 Global parallel computation enabled: 89 / 560
yt : [INFO     ] 2026-07-29 21:43:39,009 Global parallel computation enabled: 146 / 560
yt : [INFO     ] 2026-07-29 21:43:39,009 Global parallel computation enabled: 0 / 560
yt : [INFO     ] 2026-07-29 21:43:39,009 Global parallel computation enabled: 90 / 560
yt : [INFO     ] 2026-07-29 21:43:39,009 Global parallel computation enabled: 147 / 560
yt : [INFO     ] 2026-07-29 21:43:39,009 Global parallel computation enabled: 2 / 560
yt : [INFO     ] 2026-07-29 21:43:39,009 Global parallel computation enabled: 91 / 560
yt : [INFO     ] 2026-07-29 21:43:39,009 Global parallel computation enabled: 148 / 560
yt : [INFO     ] 2026-07-29 21:43:39,009 Global parallel computation enabled: 3 / 560
yt : [INFO     ] 2026-07-29 21:43:39,009 Global parallel computation enabled: 93 / 560
yt : [INFO     ] 2026-07-29 21:43:39,009 Global parallel computation enabled: 149 / 560
yt : [INFO     ] 2026-07-29 21:43:39,009 Global parallel computation enabled: 4 / 560
yt : [INFO     ] 2026-07-29 21:43:39,009 Global parallel computation enabled: 94 / 560
yt : [INFO     ] 2026-07-29 21:43:39,009 Global parallel computation enabled: 150 / 560
yt : [INFO     ] 2026-07-29 21:43:39,009 Global parallel computation enabled: 7 / 560
yt : [INFO     ] 2026-07-29 21:43:39,009 Global parallel computation enabled: 95 / 560
yt : [INFO     ] 2026-07-29 21:43:39,009 Global parallel computation enabled: 151 / 560
yt : [INFO     ] 2026-07-29 21:43:39,009 Global parallel computation enabled: 8 / 560
yt : [INFO     ] 2026-07-29 21:43:39,009 Global parallel computation enabled: 96 / 560
yt : [INFO     ] 2026-07-29 21:43:39,009 Global parallel computation enabled: 152 / 560
yt : [INFO     ] 2026-07-29 21:43:39,009 Global parallel computation enabled: 9 / 560
yt : [INFO     ] 2026-07-29 21:43:39,009 Global parallel computation enabled: 98 / 560
yt : [INFO     ] 2026-07-29 21:43:39,009 Global parallel computation enabled: 153 / 560
yt : [INFO     ] 2026-07-29 21:43:39,009 Global parallel computation enabled: 14 / 560
yt : [INFO     ] 2026-07-29 21:43:39,009 Global parallel computation enabled: 99 / 560
yt : [INFO     ] 2026-07-29 21:43:39,009 Global parallel computation enabled: 154 / 560
yt : [INFO     ] 2026-07-29 21:43:39,009 Global parallel computation enabled: 15 / 560
yt : [INFO     ] 2026-07-29 21:43:39,009 Global parallel computation enabled: 100 / 560
yt : [INFO     ] 2026-07-29 21:43:39,009 Global parallel computation enabled: 155 / 560
yt : [INFO     ] 2026-07-29 21:43:39,009 Global parallel computation enabled: 18 / 560
yt : [INFO     ] 2026-07-29 21:43:39,009 Global parallel computation enabled: 101 / 560
yt : [INFO     ] 2026-07-29 21:43:39,009 Global parallel computation enabled: 156 / 560
yt : [INFO     ] 2026-07-29 21:43:39,009 Global parallel computation enabled: 20 / 560
yt : [INFO     ] 2026-07-29 21:43:39,009 Global parallel computation enabled: 102 / 560
yt : [INFO     ] 2026-07-29 21:43:39,009 Global parallel computation enabled: 157 / 560
yt : [INFO     ] 2026-07-29 21:43:39,009 Global parallel computation enabled: 23 / 560
yt : [INFO     ] 2026-07-29 21:43:39,009 Global parallel computation enabled: 103 / 560
yt : [INFO     ] 2026-07-29 21:43:39,009 Global parallel computation enabled: 158 / 560
yt : [INFO     ] 2026-07-29 21:43:39,009 Global parallel computation enabled: 1 / 560
yt : [INFO     ] 2026-07-29 21:43:39,009 Global parallel computation enabled: 104 / 560
yt : [INFO     ] 2026-07-29 21:43:39,009 Global parallel computation enabled: 164 / 560
yt : [INFO     ] 2026-07-29 21:43:39,009 Global parallel computation enabled: 27 / 560
yt : [INFO     ] 2026-07-29 21:43:39,009 Global parallel computation enabled: 106 / 560
yt : [INFO     ] 2026-07-29 21:43:39,009 Global parallel computation enabled: 165 / 560
yt : [INFO     ] 2026-07-29 21:43:39,009 Global parallel computation enabled: 107 / 560
yt : [INFO     ] 2026-07-29 21:43:39,009 Global parallel computation enabled: 166 / 560
yt : [INFO     ] 2026-07-29 21:43:39,009 Global parallel computation enabled: 108 / 560
yt : [INFO     ] 2026-07-29 21:43:39,009 Global parallel computation enabled: 109 / 560
yt : [INFO     ] 2026-07-29 21:43:39,009 Global parallel computation enabled: 110 / 560
yt : [INFO     ] 2026-07-29 21:43:39,010 Global parallel computation enabled: 111 / 560
yt : [INFO     ] 2026-07-29 21:43:39,017 Global parallel computation enabled: 186 / 560
yt : [INFO     ] 2026-07-29 21:43:39,016 Global parallel computation enabled: 187 / 560
yt : [INFO     ] 2026-07-29 21:43:39,017 Global parallel computation enabled: 195 / 560
yt : [INFO     ] 2026-07-29 21:43:39,017 Global parallel computation enabled: 168 / 560
yt : [INFO     ] 2026-07-29 21:43:39,017 Global parallel computation enabled: 169 / 560
yt : [INFO     ] 2026-07-29 21:43:39,017 Global parallel computation enabled: 170 / 560
yt : [INFO     ] 2026-07-29 21:43:39,017 Global parallel computation enabled: 171 / 560
yt : [INFO     ] 2026-07-29 21:43:39,017 Global parallel computation enabled: 172 / 560
yt : [INFO     ] 2026-07-29 21:43:39,017 Global parallel computation enabled: 173 / 560
yt : [INFO     ] 2026-07-29 21:43:39,017 Global parallel computation enabled: 174 / 560
yt : [INFO     ] 2026-07-29 21:43:39,017 Global parallel computation enabled: 175 / 560
yt : [INFO     ] 2026-07-29 21:43:39,017 Global parallel computation enabled: 176 / 560
yt : [INFO     ] 2026-07-29 21:43:39,017 Global parallel computation enabled: 177 / 560
yt : [INFO     ] 2026-07-29 21:43:39,017 Global parallel computation enabled: 178 / 560
yt : [INFO     ] 2026-07-29 21:43:39,017 Global parallel computation enabled: 179 / 560
yt : [INFO     ] 2026-07-29 21:43:39,017 Global parallel computation enabled: 180 / 560
yt : [INFO     ] 2026-07-29 21:43:39,017 Global parallel computation enabled: 181 / 560
yt : [INFO     ] 2026-07-29 21:43:39,017 Global parallel computation enabled: 182 / 560
yt : [INFO     ] 2026-07-29 21:43:39,017 Global parallel computation enabled: 183 / 560
yt : [INFO     ] 2026-07-29 21:43:39,017 Global parallel computation enabled: 184 / 560
yt : [INFO     ] 2026-07-29 21:43:39,017 Global parallel computation enabled: 185 / 560
yt : [INFO     ] 2026-07-29 21:43:39,017 Global parallel computation enabled: 188 / 560
yt : [INFO     ] 2026-07-29 21:43:39,017 Global parallel computation enabled: 189 / 560
yt : [INFO     ] 2026-07-29 21:43:39,017 Global parallel computation enabled: 190 / 560
yt : [INFO     ] 2026-07-29 21:43:39,017 Global parallel computation enabled: 191 / 560
yt : [INFO     ] 2026-07-29 21:43:39,017 Global parallel computation enabled: 192 / 560
yt : [INFO     ] 2026-07-29 21:43:39,017 Global parallel computation enabled: 193 / 560
yt : [INFO     ] 2026-07-29 21:43:39,017 Global parallel computation enabled: 194 / 560
yt : [INFO     ] 2026-07-29 21:43:39,017 Global parallel computation enabled: 197 / 560
yt : [INFO     ] 2026-07-29 21:43:39,017 Global parallel computation enabled: 208 / 560
yt : [INFO     ] 2026-07-29 21:43:39,017 Global parallel computation enabled: 209 / 560
yt : [INFO     ] 2026-07-29 21:43:39,017 Global parallel computation enabled: 214 / 560
yt : [INFO     ] 2026-07-29 21:43:39,017 Global parallel computation enabled: 216 / 560
yt : [INFO     ] 2026-07-29 21:43:39,017 Global parallel computation enabled: 219 / 560
yt : [INFO     ] 2026-07-29 21:43:39,017 Global parallel computation enabled: 196 / 560
yt : [INFO     ] 2026-07-29 21:43:39,017 Global parallel computation enabled: 198 / 560
yt : [INFO     ] 2026-07-29 21:43:39,017 Global parallel computation enabled: 199 / 560
yt : [INFO     ] 2026-07-29 21:43:39,017 Global parallel computation enabled: 200 / 560
yt : [INFO     ] 2026-07-29 21:43:39,017 Global parallel computation enabled: 201 / 560
yt : [INFO     ] 2026-07-29 21:43:39,017 Global parallel computation enabled: 202 / 560
yt : [INFO     ] 2026-07-29 21:43:39,017 Global parallel computation enabled: 203 / 560
yt : [INFO     ] 2026-07-29 21:43:39,017 Global parallel computation enabled: 204 / 560
yt : [INFO     ] 2026-07-29 21:43:39,017 Global parallel computation enabled: 205 / 560
yt : [INFO     ] 2026-07-29 21:43:39,017 Global parallel computation enabled: 206 / 560
yt : [INFO     ] 2026-07-29 21:43:39,017 Global parallel computation enabled: 207 / 560
yt : [INFO     ] 2026-07-29 21:43:39,017 Global parallel computation enabled: 210 / 560
yt : [INFO     ] 2026-07-29 21:43:39,017 Global parallel computation enabled: 211 / 560
yt : [INFO     ] 2026-07-29 21:43:39,017 Global parallel computation enabled: 212 / 560
yt : [INFO     ] 2026-07-29 21:43:39,017 Global parallel computation enabled: 213 / 560
yt : [INFO     ] 2026-07-29 21:43:39,017 Global parallel computation enabled: 215 / 560
yt : [INFO     ] 2026-07-29 21:43:39,017 Global parallel computation enabled: 217 / 560
yt : [INFO     ] 2026-07-29 21:43:39,017 Global parallel computation enabled: 218 / 560
yt : [INFO     ] 2026-07-29 21:43:39,017 Global parallel computation enabled: 220 / 560
yt : [INFO     ] 2026-07-29 21:43:39,017 Global parallel computation enabled: 221 / 560
yt : [INFO     ] 2026-07-29 21:43:39,017 Global parallel computation enabled: 222 / 560
yt : [INFO     ] 2026-07-29 21:43:39,017 Global parallel computation enabled: 223 / 560
Finished calling initialize!
Finished calling initialize!
Finished calling initialize!
Finished calling initialize!
Finished calling initialize!
Finished calling initialize!
Finished calling initialize!
Finished calling initialize!
Finished calling initialize!
Finished calling initialize!
Finished calling initialize!
Finished calling initialize!
Finished calling initialize!
Finished calling initialize!
Finished calling initialize!
Finished calling initialize!
Finished calling initialize!
Finished calling initialize!
Finished calling initialize!
Finished calling initialize!
Finished calling initialize!
Finished calling initialize!
Finished calling initialize!
Finished calling initialize!
Finished calling initialize!
Finished calling initialize!
Finished calling initialize!
Finished calling initialize!
Finished calling initialize!
Finished calling initialize!
Finished calling initialize!
Finished calling initialize!
Finished calling initialize!
Finished calling initialize!
Finished calling initialize!
Finished calling initialize!
Finished calling initialize!
Finished calling initialize!
Finished calling initialize!
Finished calling initialize!
Finished calling initialize!
Finished calling initialize!
Finished calling initialize!
Finished calling initialize!
Finished calling initialize!
Finished calling initialize!
Finished calling initialize!
Finished calling initialize!
Finished calling initialize!
Finished calling initialize!
Finished calling initialize!
Finished calling initialize!
Finished calling initialize!
Finished calling initialize!
Finished calling initialize!
Finished calling initialize!
Finished calling initialize!
Finished calling initialize!
Finished calling initialize!
Finished calling initialize!
Finished calling initialize!
Finished calling initialize!
Finished calling initialize!
Finished calling initialize!
Finished calling initialize!
Finished calling initialize!
Finished calling initialize!
Finished calling initialize!
Finished calling initialize!
Finished calling initialize!
Finished calling initialize!
Finished calling initialize!
Finished calling initialize!
Finished calling initialize!
Finished calling initialize!
Finished calling initialize!
Finished calling initialize!
Finished calling initialize!
Finished calling initialize!
Finished calling initialize!
Finished calling initialize!
Finished calling initialize!
Finished calling initialize!
Finished calling initialize!
Finished calling initialize!
Finished calling initialize!
Finished calling initialize!
Finished calling initialize!
Finished calling initialize!
Finished calling initialize!
Finished calling initialize!
Finished calling initialize!
Finished calling initialize!
Finished calling initialize!
Finished calling initialize!
Finished calling initialize!
Finished calling initialize!
Finished calling initialize!
Finished calling initialize!
Finished calling initialize!
Finished calling initialize!
Finished calling initialize!
Finished calling initialize!
Finished calling initialize!
Finished calling initialize!
Finished calling initialize!
Finished calling initialize!
Finished calling initialize!
Finished calling initialize!
Finished calling initialize!
Finished calling initialize!
Finished calling initialize!
Finished calling initialize!
Finished calling initialize!
Finished calling initialize!
Finished calling initialize!
Finished calling initialize!
Finished calling initialize!
Finished calling initialize!
Finished calling initialize!
Finished calling initialize!
Finished calling initialize!
Finished calling initialize!
Finished calling initialize!
Finished calling initialize!
Finished calling initialize!
Finished calling initialize!
Finished calling initialize!
Finished calling initialize!
Finished calling initialize!
Finished calling initialize!
Finished calling initialize!
Finished calling initialize!
Finished calling initialize!
Finished calling initialize!
Finished calling initialize!
Finished calling initialize!
Finished calling initialize!
Finished calling initialize!
Finished calling initialize!
Finished calling initialize!
Finished calling initialize!
Finished calling initialize!
Finished calling initialize!
Finished calling initialize!
Finished calling initialize!
Finished calling initialize!
Finished calling initialize!
Finished calling initialize!
Finished calling initialize!
Finished calling initialize!
Finished calling initialize!
Finished calling initialize!
Finished calling initialize!
Finished calling initialize!
Finished calling initialize!
Finished calling initialize!
Finished calling initialize!
Finished calling initialize!
Finished calling initialize!
Finished calling initialize!
Finished calling initialize!
Finished calling initialize!
Finished calling initialize!
Finished calling initialize!
Finished calling initialize!
Finished calling initialize!
Finished calling initialize!
Finished calling initialize!
Finished calling initialize!
Finished calling initialize!
Finished calling initialize!
Finished calling initialize!
Finished calling initialize!
Finished calling initialize!
Finished calling initialize!
Finished calling initialize!
Finished calling initialize!
Finished calling initialize!
Finished calling initialize!
Finished calling initialize!
Finished calling initialize!
Finished calling initialize!
Finished calling initialize!
Finished calling initialize!
Finished calling initialize!
Finished calling initialize!
Finished calling initialize!
Finished calling initialize!
Finished calling initialize!
Finished calling initialize!
Finished calling initialize!
Finished calling initialize!
Finished calling initialize!
Finished calling initialize!
Finished calling initialize!
Finished calling initialize!
Finished calling initialize!
Finished calling initialize!
Finished calling initialize!
Finished calling initialize!
Finished calling initialize!
Finished calling initialize!
Finished calling initialize!
Finished calling initialize!
Finished calling initialize!
Finished calling initialize!
Finished calling initialize!
Finished calling initialize!
Finished calling initialize!
Finished calling initialize!
Finished calling initialize!
Finished calling initialize!
Finished calling initialize!
Finished calling initialize!
Finished calling initialize!
Finished calling initialize!
Finished calling initialize!
Finished calling initialize!
Finished calling initialize!
Finished calling initialize!
Finished calling initialize!
Finished calling initialize!
Finished calling initialize!
Finished calling initialize!
Finished calling initialize!
Finished calling initialize!
Finished calling initialize!
Finished calling initialize!
Finished calling initialize!
Finished calling initialize!
Finished calling initialize!
Finished calling initialize!
Finished calling initialize!
Finished calling initialize!
Finished calling initialize!
Finished calling initialize!
Finished calling initialize!
Finished calling initialize!
Finished calling initialize!
Finished calling initialize!
Finished calling initialize!
Finished calling initialize!
Finished calling initialize!
Finished calling initialize!
Finished calling initialize!
Finished calling initialize!
Finished calling initialize!
Finished calling initialize!
Finished calling initialize!
Finished calling initialize!
Finished calling initialize!
Finished calling initialize!
Finished calling initialize!
Finished calling initialize!
Finished calling initialize!
Finished calling initialize!
Finished calling initialize!
Finished calling initialize!
Finished calling initialize!
Finished calling initialize!
Finished calling initialize!
Finished calling initialize!
Finished calling initialize!
Finished calling initialize!
Finished calling initialize!
Finished calling initialize!
Finished calling initialize!
Finished calling initialize!
Finished calling initialize!
Finished calling initialize!
Finished calling initialize!
Finished calling initialize!
Finished calling initialize!
Finished calling initialize!
Finished calling initialize!
Finished calling initialize!
Finished calling initialize!
Finished calling initialize!
Finished calling initialize!
Finished calling initialize!
Finished calling initialize!
Finished calling initialize!
Finished calling initialize!
Finished calling initialize!
Finished calling initialize!
INITIALDT :::::::::::   0.00000000e+00
Finished calling initialize!
Finished calling initialize!
Finished calling initialize!
Finished calling initialize!
Finished calling initialize!
Finished calling initialize!
Finished calling initialize!
Finished calling initialize!
Finished calling initialize!
Finished calling initialize!
Finished calling initialize!
Finished calling initialize!
Finished calling initialize!
Finished calling initialize!
Finished calling initialize!
Finished calling initialize!
Finished calling initialize!
Finished calling initialize!
Finished calling initialize!
Finished calling initialize!
Finished calling initialize!
Finished calling initialize!
Finished calling initialize!
Finished calling initialize!
Finished calling initialize!
Finished calling initialize!
Finished calling initialize!
Finished calling initialize!
Finished calling initialize!
Finished calling initialize!
Finished calling initialize!
Finished calling initialize!
Finished calling initialize!
Finished calling initialize!
Finished calling initialize!
Finished calling initialize!
Finished calling initialize!
Finished calling initialize!
Finished calling initialize!
Finished calling initialize!
Finished calling initialize!
Finished calling initialize!
Finished calling initialize!
Finished calling initialize!
Finished calling initialize!
Finished calling initialize!
Finished calling initialize!
Finished calling initialize!
Finished calling initialize!
Finished calling initialize!
Finished calling initialize!
Finished calling initialize!
Finished calling initialize!
Finished calling initialize!
Finished calling initialize!
Finished calling initialize!
Finished calling initialize!
Finished calling initialize!
Finished calling initialize!
Finished calling initialize!
Finished calling initialize!
Finished calling initialize!
Finished calling initialize!
Finished calling initialize!
Finished calling initialize!
Finished calling initialize!
Finished calling initialize!
Finished calling initialize!
Finished calling initialize!
Finished calling initialize!
Finished calling initialize!
Finished calling initialize!
Finished calling initialize!
Finished calling initialize!
Finished calling initialize!
Finished calling initialize!
Finished calling initialize!
Finished calling initialize!
Finished calling initialize!
Finished calling initialize!
Finished calling initialize!
Finished calling initialize!
Finished calling initialize!
Finished calling initialize!
Finished calling initialize!
Finished calling initialize!
Finished calling initialize!
Finished calling initialize!
Finished calling initialize!
Finished calling initialize!
Finished calling initialize!
Finished calling initialize!
Finished calling initialize!
Finished calling initialize!
Finished calling initialize!
Finished calling initialize!
Finished calling initialize!
Finished calling initialize!
Finished calling initialize!
Finished calling initialize!
Finished calling initialize!
Finished calling initialize!
Finished calling initialize!
Finished calling initialize!
Finished calling initialize!
Finished calling initialize!
Finished calling initialize!
Finished calling initialize!
Finished calling initialize!
Finished calling initialize!
Finished calling initialize!
Finished calling initialize!
Finished calling initialize!
Finished calling initialize!
Finished calling initialize!
Finished calling initialize!
Finished calling initialize!
Finished calling initialize!
Finished calling initialize!
Finished calling initialize!
Finished calling initialize!
Finished calling initialize!
Finished calling initialize!
Finished calling initialize!
Finished calling initialize!
Finished calling initialize!
Finished calling initialize!
Finished calling initialize!
Finished calling initialize!
Finished calling initialize!
Finished calling initialize!
Finished calling initialize!
Finished calling initialize!
Finished calling initialize!
Finished calling initialize!
Finished calling initialize!
Finished calling initialize!
Finished calling initialize!
Finished calling initialize!
Finished calling initialize!
Finished calling initialize!
Finished calling initialize!
Finished calling initialize!
Finished calling initialize!
Finished calling initialize!
Finished calling initialize!
Finished calling initialize!
Finished calling initialize!
Finished calling initialize!
Finished calling initialize!
Finished calling initialize!
Finished calling initialize!
Finished calling initialize!
Finished calling initialize!
Finished calling initialize!
Finished calling initialize!
Finished calling initialize!
Finished calling initialize!
Finished calling initialize!
Finished calling initialize!
Finished calling initialize!
Finished calling initialize!
Finished calling initialize!
Finished calling initialize!
Finished calling initialize!
Finished calling initialize!
Finished calling initialize!
Finished calling initialize!
Finished calling initialize!
Finished calling initialize!
Finished calling initialize!
Finished calling initialize!
Finished calling initialize!
Finished calling initialize!
Finished calling initialize!
Finished calling initialize!
Finished calling initialize!
Finished calling initialize!
Finished calling initialize!
Finished calling initialize!
Finished calling initialize!
Finished calling initialize!
Finished calling initialize!
Finished calling initialize!
Finished calling initialize!
Finished calling initialize!
Finished calling initialize!
Finished calling initialize!
Finished calling initialize!
Finished calling initialize!
Finished calling initialize!
Finished calling initialize!
Finished calling initialize!
Finished calling initialize!
Finished calling initialize!
Finished calling initialize!
Finished calling initialize!
Finished calling initialize!
Finished calling initialize!
Finished calling initialize!
Finished calling initialize!
Finished calling initialize!
Finished calling initialize!
Finished calling initialize!
Finished calling initialize!
Finished calling initialize!
Finished calling initialize!
Finished calling initialize!
Finished calling initialize!
Finished calling initialize!
Finished calling initialize!
Finished calling initialize!
Finished calling initialize!
Finished calling initialize!
Finished calling initialize!
Finished calling initialize!
Finished calling initialize!
Finished calling initialize!
Finished calling initialize!
Finished calling initialize!
Finished calling initialize!
Finished calling initialize!
Finished calling initialize!
Finished calling initialize!
Finished calling initialize!
Finished calling initialize!
Finished calling initialize!
Finished calling initialize!
Finished calling initialize!
Finished calling initialize!
Finished calling initialize!
Finished calling initialize!
Finished calling initialize!
Finished calling initialize!
Finished calling initialize!
Finished calling initialize!
Finished calling initialize!
Finished calling initialize!
Finished calling initialize!
Finished calling initialize!
Finished calling initialize!
Finished calling initialize!
Finished calling initialize!
Finished calling initialize!
Finished calling initialize!
Finished calling initialize!
Finished calling initialize!
Finished calling initialize!
Finished calling initialize!
Finished calling initialize!
Finished calling initialize!
Finished calling initialize!
Finished calling initialize!
Finished calling initialize!
Finished calling initialize!
Finished calling initialize!
Finished calling initialize!
Finished calling initialize!
Finished calling initialize!
Finished calling initialize!
Finished calling initialize!
Finished calling initialize!
Finished calling initialize!
Finished calling initialize!
Finished calling initialize!
Finished calling initialize!
Finished calling initialize!
Finished calling initialize!
Finished calling initialize!
Finished calling initialize!
Finished calling initialize!
Finished calling initialize!
Finished calling initialize!
Finished calling initialize!
dt, Initialdt: 0.0661648 0 
TopGrid dt = 6.616479e-02     time = 25.286404181556    cycle = 522    z = 19.2799976375
dt, Initialdt: 0.0662138 0 
TopGrid dt = 6.621380e-02     time = 25.352568967977    cycle = 523    z = 19.244694831565
dt, Initialdt: 0.0662517 0 
TopGrid dt = 6.625167e-02     time = 25.418782770567    cycle = 524    z = 19.209519269583
dt, Initialdt: 0.06629 0 
TopGrid dt = 6.628998e-02     time = 25.485034444273    cycle = 525    z = 19.174476109781
dt, Initialdt: 0.0663284 0 
TopGrid dt = 6.632844e-02     time = 25.551324423468    cycle = 526    z = 19.13956432925
dt, Initialdt: 0.0663674 0 
TopGrid dt = 6.636736e-02     time = 25.617652861848    cycle = 527    z = 19.104783061761
dt, Initialdt: 0.0656471 0 
TopGrid dt = 6.564710e-02     time = 25.684020220209    cycle = 528    z = 19.070131160479
dt, Initialdt: 0.0657396 0 
TopGrid dt = 6.573963e-02     time = 25.749667323642    cycle = 529    z = 19.036001827574
dt, Initialdt: 0.0644165 0 
TopGrid dt = 6.441646e-02     time = 25.815406954338    cycle = 530    z = 19.001969411731
dt, Initialdt: 0.0619407 0 
TopGrid dt = 6.194073e-02     time = 25.87982341108    cycle = 531    z = 18.968761807182
dt, Initialdt: 0.0636861 0 
TopGrid dt = 6.368608e-02     time = 25.941764139859    cycle = 532    z = 18.936960142253
dt, Initialdt: 0.0643881 0 
TopGrid dt = 6.438814e-02     time = 26.005450223944    cycle = 533    z = 18.904394063587
dt, Initialdt: 0.064456 0 
TopGrid dt = 6.445600e-02     time = 26.069838366662    cycle = 534    z = 18.871603838904
dt, Initialdt: 0.0646411 0 
TopGrid dt = 6.464113e-02     time = 26.134294370651    cycle = 535    z = 18.838913973086
dt, Initialdt: 0.0648833 0 
TopGrid dt = 6.488328e-02     time = 26.198935503579    cycle = 536    z = 18.806264808233
dt, Initialdt: 0.0650982 0 
TopGrid dt = 6.509820e-02     time = 26.2638187877    cycle = 537    z = 18.773628039573
dt, Initialdt: 0.0651807 0 
TopGrid dt = 6.518065e-02     time = 26.328916983168    cycle = 538    z = 18.741017942969
*** Error in `/work2/11056/zwu/frontera/enzo_gh/data/251110/ic512_b_starnetlibyt/enzo_260427.exe': corrupted size vs. prev_size: 0x0000000015c0b230 ***
======= Backtrace: =========
/lib64/libc.so.6(+0x7f474)[0x2ba419f9a474]
/lib64/libc.so.6(+0x8156b)[0x2ba419f9c56b]
/work2/11056/zwu/frontera/enzo_gh/data/251110/ic512_b_starnetlibyt/enzo_260427.exe[0x47b90b]
/work2/11056/zwu/frontera/enzo_gh/data/251110/ic512_b_starnetlibyt/enzo_260427.exe[0x6248d9]
/work2/11056/zwu/frontera/enzo_gh/data/251110/ic512_b_starnetlibyt/enzo_260427.exe[0x657cd3]
/work2/11056/zwu/frontera/enzo_gh/data/251110/ic512_b_starnetlibyt/enzo_260427.exe[0x7cb52b]
/work2/11056/zwu/frontera/enzo_gh/data/251110/ic512_b_starnetlibyt/enzo_260427.exe[0x7c9ea9]
/work2/11056/zwu/frontera/enzo_gh/data/251110/ic512_b_starnetlibyt/enzo_260427.exe[0x4f50cc]
/work2/11056/zwu/frontera/enzo_gh/data/251110/ic512_b_starnetlibyt/enzo_260427.exe[0x4f4900]
/work2/11056/zwu/frontera/enzo_gh/data/251110/ic512_b_starnetlibyt/enzo_260427.exe[0x4f4900]
/work2/11056/zwu/frontera/enzo_gh/data/251110/ic512_b_starnetlibyt/enzo_260427.exe[0x4e282f]
/work2/11056/zwu/frontera/enzo_gh/data/251110/ic512_b_starnetlibyt/enzo_260427.exe[0x40888f]
/lib64/libc.so.6(__libc_start_main+0xf5)[0x2ba419f3d555]
/work2/11056/zwu/frontera/enzo_gh/data/251110/ic512_b_starnetlibyt/enzo_260427.exe[0x408139]
======= Memory map: ========
00400000-00407000 r--p 00000000 3d8:ad14e 144134959974685995             /work2/11056/zwu/frontera/enzo_gh/data/251110/ic512_b_starnetlibyt/enzo_260427.exe
00407000-00a02000 r-xp 00007000 3d8:ad14e 144134959974685995             /work2/11056/zwu/frontera/enzo_gh/data/251110/ic512_b_starnetlibyt/enzo_260427.exe
00a02000-00af4000 r--p 00602000 3d8:ad14e 144134959974685995             /work2/11056/zwu/frontera/enzo_gh/data/251110/ic512_b_starnetlibyt/enzo_260427.exe
00af4000-00af7000 r--p 006f3000 3d8:ad14e 144134959974685995             /work2/11056/zwu/frontera/enzo_gh/data/251110/ic512_b_starnetlibyt/enzo_260427.exe
00af7000-00b3c000 rw-p 006f6000 3d8:ad14e 144134959974685995             /work2/11056/zwu/frontera/enzo_gh/data/251110/ic512_b_starnetlibyt/enzo_260427.exe
00b3c000-05a0c000 rw-p 00000000 00:00 0 
06553000-06923000 rw-p 00000000 00:00 0                                  [heap]
06923000-06925000 rw-p 00000000 00:00 0                                  [heap]
06925000-06926000 rw-p 00000000 00:00 0                                  [heap]
06926000-069a6000 rw-p 00000000 00:00 0                                  [heap]
069a6000-069a7000 rw-p 00000000 00:00 0                                  [heap]
069a7000-069c7000 rw-p 00000000 00:00 0                                  [heap]
069c7000-069d4000 rw-p 00000000 00:00 0                                  [heap]
069d4000-06a54000 rw-p 00000000 00:00 0                                  [heap]
06a54000-06a55000 rw-p 00000000 00:00 0                                  [heap]
06a55000-06ad5000 rw-p 00000000 00:00 0                                  [heap]
06ad5000-06afe000 rw-p 00000000 00:00 0                                  [heap]
06afe000-06b1e000 rw-p 00000000 00:00 0                                  [heap]
06b1e000-0ed33000 rw-p 00000000 00:00 0                                  [heap]
0ed33000-0ed3b000 rw-p 00000000 00:00 0                                  [heap]
0ed3b000-0ed3c000 rw-p 00000000 00:00 0                                  [heap]
0ed3c000-0ed44000 rw-p 00000000 00:00 0                                  [heap]
0ed44000-0ed45000 rw-p 00000000 00:00 0                                  [heap]
0ed45000-0ed4d000 rw-p 00000000 00:00 0                                  [heap]
0ed4d000-0ed4e000 rw-p 00000000 00:00 0                                  [heap]
0ed4e000-0ed56000 rw-p 00000000 00:00 0                                  [heap]
0ed56000-0ed57000 rw-p 00000000 00:00 0                                  [heap]
0ed57000-0ed5f000 rw-p 00000000 00:00 0                                  [heap]
0ed5f000-0ed6e000 rw-p 00000000 00:00 0                                  [heap]
0ed6e000-0ed76000 rw-p 00000000 00:00 0                                  [heap]
0ed76000-0ee6b000 rw-p 00000000 00:00 0                                  [heap]
0ee6b000-0ee73000 rw-p 00000000 00:00 0                                  [heap]
0ee73000-0ee94000 rw-p 00000000 00:00 0                                  [heap]
0ee94000-0ee9c000 rw-p 00000000 00:00 0                                  [heap]
0ee9c000-0ee9d000 rw-p 00000000 00:00 0                                  [heap]
0ee9d000-0eea5000 rw-p 00000000 00:00 0                                  [heap]
0eea5000-0eea6000 rw-p 00000000 00:00 0                                  [heap]
0eea6000-0eeae000 rw-p 00000000 00:00 0                                  [heap]
0eeae000-0eec3000 rw-p 00000000 00:00 0                                  [heap]
0eec3000-0eecb000 rw-p 00000000 00:00 0                                  [heap]
0eecb000-0eff8000 rw-p 00000000 00:00 0                                  [heap]
0eff8000-0f000000 rw-p 00000000 00:00 0                                  [heap]
0f000000-0f013000 rw-p 00000000 00:00 0                                  [heap]
0f013000-0f01b000 rw-p 00000000 00:00 0                                  [heap]
0f01b000-0f02a000 rw-p 00000000 00:00 0                                  [heap]
0f02a000-0f032000 rw-p 00000000 00:00 0                                  [heap]
0f032000-0f034000 rw-p 00000000 00:00 0                                  [heap]
0f034000-0f03c000 rw-p 00000000 00:00 0                                  [heap]
0f03c000-0f03d000 rw-p 00000000 00:00 0                                  [heap]
0f03d000-0f045000 rw-p 00000000 00:00 0                                  [heap]
0f045000-0f058000 rw-p 00000000 00:00 0                                  [heap]
0f058000-0f060000 rw-p 00000000 00:00 0                                  [heap]
0f060000-0f062000 rw-p 00000000 00:00 0                                  [heap]
0f062000-0f06a000 rw-p 00000000 00:00 0                                  [heap]
0f06a000-0f06b000 rw-p 00000000 00:00 0                                  [heap]
0f06b000-0f073000 rw-p 00000000 00:00 0                                  [heap]
0f073000-0f075000 rw-p 00000000 00:00 0                                  [heap]
0f075000-0f07d000 rw-p 00000000 00:00 0                                  [heap]
0f07d000-0f156000 rw-p 00000000 00:00 0                                  [heap]
0f156000-0f15e000 rw-p 00000000 00:00 0                                  [heap]
0f15e000-0f207000 rw-p 00000000 00:00 0                                  [heap]
0f207000-0f20f000 rw-p 00000000 00:00 0                                  [heap]
0f20f000-0f2d7000 rw-p 00000000 00:00 0                                  [heap]
0f2d7000-0f2df000 rw-p 00000000 00:00 0                                  [heap]
0f2df000-1fe62000 rw-p 00000000 00:00 0                                  [heap]
1fe62000-1fe6a000 rw-p 00000000 00:00 0                                  [heap]
1fe6a000-1fe85000 rw-p 00000000 00:00 0                                  [heap]
1fe85000-1fe8d000 rw-p 00000000 00:00 0                                  [heap]
1fe8d000-1fe9b000 rw-p 00000000 00:00 0                                  [heap]
1fe9b000-1fea3000 rw-p 00000000 00:00 0                                  [heap]
1fea3000-3bc00000 rw-p 00000000 00:00 0                                  [heap]
3bc00000-3e200000 rw-p 00000000 00:00 0                                  [heap]
3e200000-546fb000 rw-p 00000000 00:00 0                                  [heap]
546fb000-54703000 rw-p 00000000 00:00 0                                  [heap]
54703000-54711000 rw-p 00000000 00:00 0                                  [heap]
54711000-54719000 rw-p 00000000 00:00 0                                  [heap]
54719000-5472d000 rw-p 00000000 00:00 0                                  [heap]
5472d000-54735000 rw-p 00000000 00:00 0                                  [heap]
54735000-54749000 rw-p 00000000 00:00 0                                  [heap]
54749000-54751000 rw-p 00000000 00:00 0                                  [heap]
54751000-5475f000 rw-p 00000000 00:00 0                                  [heap]
5475f000-54767000 rw-p 00000000 00:00 0                                  [heap]
54767000-5506a000 rw-p 00000000 00:00 0                                  [heap]
5506a000-55072000 rw-p 00000000 00:00 0                                  [heap]
55072000-861f8000 rw-p 00000000 00:00 0                                  [heap]
2ba4141e0000-2ba414202000 r-xp 00000000 fd:00 402681664                  /usr/lib64/ld-2.17.so
2ba414202000-2ba414205000 rw-p 00000000 00:00 0 
2ba414205000-2ba414208000 r--p 00000000 3d8:ad14e 144134765124010327     /work2/11056/zwu/frontera/miniconda3/envs/libyt/lib/libz.so.1.3.2
2ba414208000-2ba414218000 r-xp 00003000 3d8:ad14e 144134765124010327     /work2/11056/zwu/frontera/miniconda3/envs/libyt/lib/libz.so.1.3.2
2ba414218000-2ba41421e000 r--p 00013000 3d8:ad14e 144134765124010327     /work2/11056/zwu/frontera/miniconda3/envs/libyt/lib/libz.so.1.3.2
2ba41421e000-2ba41421f000 r--p 00019000 3d8:ad14e 144134765124010327     /work2/11056/zwu/frontera/miniconda3/envs/libyt/lib/libz.so.1.3.2
2ba41421f000-2ba414220000 rw-p 0001a000 3d8:ad14e 144134765124010327     /work2/11056/zwu/frontera/miniconda3/envs/libyt/lib/libz.so.1.3.2
2ba414220000-2ba414230000 rw-p 00000000 00:00 0 
2ba414230000-2ba414232000 r--p 00000000 3d8:ad14e 144132292263082908     /work2/11056/zwu/frontera/miniconda3/lib/libefa.so.1.4.59.0
2ba414232000-2ba41423a000 r-xp 00002000 3d8:ad14e 144132292263082908     /work2/11056/zwu/frontera/miniconda3/lib/libefa.so.1.4.59.0
2ba41423a000-2ba41423d000 r--p 0000a000 3d8:ad14e 144132292263082908     /work2/11056/zwu/frontera/miniconda3/lib/libefa.so.1.4.59.0
2ba41423d000-2ba41423e000 r--p 0000c000 3d8:ad14e 144132292263082908     /work2/11056/zwu/frontera/miniconda3/lib/libefa.so.1.4.59.0
2ba41423e000-2ba41423f000 rw-p 0000d000 3d8:ad14e 144132292263082908     /work2/11056/zwu/frontera/miniconda3/lib/libefa.so.1.4.59.0
2ba41423f000-2ba4142b3000 rw-p 00000000 00:00 0 
2ba4142b3000-2ba4142c4000 r--p 00000000 3d8:ad14e 144134765124072526     /work2/11056/zwu/frontera/enzo_gh/libyt_dev/libyt_wr/install/lib/libyt.so.0.5.0
2ba4142c4000-2ba41433f000 r-xp 00011000 3d8:ad14e 144134765124072526     /work2/11056/zwu/frontera/enzo_gh/libyt_dev/libyt_wr/install/lib/libyt.so.0.5.0
2ba41433f000-2ba41435c000 r--p 0008c000 3d8:ad14e 144134765124072526     /work2/11056/zwu/frontera/enzo_gh/libyt_dev/libyt_wr/install/lib/libyt.so.0.5.0
2ba41435c000-2ba41435d000 r--p 000a8000 3d8:ad14e 144134765124072526     /work2/11056/zwu/frontera/enzo_gh/libyt_dev/libyt_wr/install/lib/libyt.so.0.5.0
2ba41435d000-2ba41435e000 rw-p 000a9000 3d8:ad14e 144134765124072526     /work2/11056/zwu/frontera/enzo_gh/libyt_dev/libyt_wr/install/lib/libyt.so.0.5.0
2ba41435e000-2ba41435f000 rw-p 00000000 00:00 0 
2ba41435f000-2ba414363000 r--p 00000000 3d8:ad14e 144134765124008883     /work2/11056/zwu/frontera/miniconda3/envs/libyt/lib/libgcc_s.so.1
2ba414363000-2ba414386000 r-xp 00004000 3d8:ad14e 144134765124008883     /work2/11056/zwu/frontera/miniconda3/envs/libyt/lib/libgcc_s.so.1
2ba414386000-2ba41438a000 r--p 00027000 3d8:ad14e 144134765124008883     /work2/11056/zwu/frontera/miniconda3/envs/libyt/lib/libgcc_s.so.1
2ba41438a000-2ba41438b000 r--p 0002a000 3d8:ad14e 144134765124008883     /work2/11056/zwu/frontera/miniconda3/envs/libyt/lib/libgcc_s.so.1
2ba41438b000-2ba41438c000 rw-p 0002b000 3d8:ad14e 144134765124008883     /work2/11056/zwu/frontera/miniconda3/envs/libyt/lib/libgcc_s.so.1
2ba41438c000-2ba41438d000 r--p 00000000 fd:00 293021900                  /opt/apps/intel19/hdf5/1.10.4/x86_64/lib/libsz.so.2.0.0
2ba41438d000-2ba41439e000 r-xp 00001000 fd:00 293021900                  /opt/apps/intel19/hdf5/1.10.4/x86_64/lib/libsz.so.2.0.0
2ba41439e000-2ba4143a0000 r--p 00012000 fd:00 293021900                  /opt/apps/intel19/hdf5/1.10.4/x86_64/lib/libsz.so.2.0.0
2ba4143a0000-2ba4143a1000 r--p 00013000 fd:00 293021900                  /opt/apps/intel19/hdf5/1.10.4/x86_64/lib/libsz.so.2.0.0
2ba4143a1000-2ba4143a2000 rw-p 00014000 fd:00 293021900                  /opt/apps/intel19/hdf5/1.10.4/x86_64/lib/libsz.so.2.0.0
2ba4143a2000-2ba4143aa000 rw-p 00000000 00:00 0 
2ba4143aa000-2ba4143ad000 r--p 00000000 3d8:ad14e 144134765124008903     /work2/11056/zwu/frontera/miniconda3/envs/libyt/lib/libquadmath.so.0.0.0
2ba4143ad000-2ba4143d9000 r-xp 00003000 3d8:ad14e 144134765124008903     /work2/11056/zwu/frontera/miniconda3/envs/libyt/lib/libquadmath.so.0.0.0
2ba4143d9000-2ba4143f0000 r--p 0002f000 3d8:ad14e 144134765124008903     /work2/11056/zwu/frontera/miniconda3/envs/libyt/lib/libquadmath.so.0.0.0
2ba4143f0000-2ba4143f1000 r--p 00045000 3d8:ad14e 144134765124008903     /work2/11056/zwu/frontera/miniconda3/envs/libyt/lib/libquadmath.so.0.0.0
2ba4143f1000-2ba4143f2000 rw-p 00046000 3d8:ad14e 144134765124008903     /work2/11056/zwu/frontera/miniconda3/envs/libyt/lib/libquadmath.so.0.0.0
2ba4143f2000-2ba4143f4000 r--p 00000000 3d8:ad14e 144132292263082135     /work2/11056/zwu/frontera/miniconda3/lib/libibverbs/libhfi1verbs-rdmav59.so
2ba4143f4000-2ba4143f6000 r-xp 00002000 3d8:ad14e 144132292263082135     /work2/11056/zwu/frontera/miniconda3/lib/libibverbs/libhfi1verbs-rdmav59.so
2ba4143f6000-2ba4143f7000 r--p 00004000 3d8:ad14e 144132292263082135     /work2/11056/zwu/frontera/miniconda3/lib/libibverbs/libhfi1verbs-rdmav59.so
2ba4143f7000-2ba4143f8000 r--p 00005000 3d8:ad14e 144132292263082135     /work2/11056/zwu/frontera/miniconda3/lib/libibverbs/libhfi1verbs-rdmav59.so
2ba4143f8000-2ba4143f9000 rw-p 00006000 3d8:ad14e 144132292263082135     /work2/11056/zwu/frontera/miniconda3/lib/libibverbs/libhfi1verbs-rdmav59.so
2ba4143f9000-2ba4143fb000 r--p 00000000 3d8:ad14e 144132292263082510     /work2/11056/zwu/frontera/miniconda3/lib/libibverbs/liberdma-rdmav59.so
2ba4143fb000-2ba4143fd000 r-xp 00002000 3d8:ad14e 144132292263082510     /work2/11056/zwu/frontera/miniconda3/lib/libibverbs/liberdma-rdmav59.so
2ba4143fd000-2ba4143fe000 r--p 00004000 3d8:ad14e 144132292263082510     /work2/11056/zwu/frontera/miniconda3/lib/libibverbs/liberdma-rdmav59.so
2ba4143fe000-2ba4143ff000 r--p 00004000 3d8:ad14e 144132292263082510     /work2/11056/zwu/frontera/miniconda3/lib/libibverbs/liberdma-rdmav59.so
2ba4143ff000-2ba414400000 rw-p 00005000 3d8:ad14e 144132292263082510     /work2/11056/zwu/frontera/miniconda3/lib/libibverbs/liberdma-rdmav59.so
2ba414400000-2ba414401000 r--s 00500000 00:05 27738                      /dev/infiniband/uverbs0
2ba414401000-2ba414402000 r--p 00021000 fd:00 402681664                  /usr/lib64/ld-2.17.so
2ba414402000-2ba414403000 rw-p 00022000 fd:00 402681664                  /usr/lib64/ld-2.17.so
2ba414403000-2ba414404000 rw-p 00000000 00:00 0 
2ba414404000-2ba41444d000 r--p 00000000 fd:00 293021870                  /opt/apps/intel19/hdf5/1.10.4/x86_64/lib/libhdf5.so.103.0.0
2ba41444d000-2ba41476f000 r-xp 00049000 fd:00 293021870                  /opt/apps/intel19/hdf5/1.10.4/x86_64/lib/libhdf5.so.103.0.0
2ba41476f000-2ba414885000 r--p 0036b000 fd:00 293021870                  /opt/apps/intel19/hdf5/1.10.4/x86_64/lib/libhdf5.so.103.0.0
2ba414885000-2ba414886000 ---p 00481000 fd:00 293021870                  /opt/apps/intel19/hdf5/1.10.4/x86_64/lib/libhdf5.so.103.0.0
2ba414886000-2ba414890000 r--p 00481000 fd:00 293021870                  /opt/apps/intel19/hdf5/1.10.4/x86_64/lib/libhdf5.so.103.0.0
2ba414890000-2ba41489a000 rw-p 0048b000 fd:00 293021870                  /opt/apps/intel19/hdf5/1.10.4/x86_64/lib/libhdf5.so.103.0.0
2ba41489a000-2ba41489d000 rw-p 00000000 00:00 0 
2ba41489d000-2ba41499e000 r-xp 00000000 fd:00 402681679                  /usr/lib64/libm-2.17.so
2ba41499e000-2ba414b9d000 ---p 00101000 fd:00 402681679                  /usr/lib64/libm-2.17.so
2ba414b9d000-2ba414b9e000 r--p 00100000 fd:00 402681679                  /usr/lib64/libm-2.17.so
2ba414b9e000-2ba414b9f000 rw-p 00101000 fd:00 402681679                  /usr/lib64/libm-2.17.so
2ba414b9f000-2ba414cd9000 r-xp 00000000 fd:00 269129795                  /opt/intel/compilers_and_libraries_2019.5.281/linux/compiler/lib/intel64_lin/libifcore.so.5
2ba414cd9000-2ba414ed8000 ---p 0013a000 fd:00 269129795                  /opt/intel/compilers_and_libraries_2019.5.281/linux/compiler/lib/intel64_lin/libifcore.so.5
2ba414ed8000-2ba414edb000 r--p 00139000 fd:00 269129795                  /opt/intel/compilers_and_libraries_2019.5.281/linux/compiler/lib/intel64_lin/libifcore.so.5
2ba414edb000-2ba414ede000 rw-p 0013c000 fd:00 269129795                  /opt/intel/compilers_and_libraries_2019.5.281/linux/compiler/lib/intel64_lin/libifcore.so.5
2ba414ede000-2ba414efc000 rw-p 00000000 00:00 0 
2ba414efc000-2ba4150b6000 r-xp 00000000 fd:00 274409481                  /opt/intel/compilers_and_libraries_2019.5.281/linux/compiler/lib/intel64_lin/libiomp5.so
2ba4150b6000-2ba4152b6000 ---p 001ba000 fd:00 274409481                  /opt/intel/compilers_and_libraries_2019.5.281/linux/compiler/lib/intel64_lin/libiomp5.so
2ba4152b6000-2ba4152b9000 r--p 001ba000 fd:00 274409481                  /opt/intel/compilers_and_libraries_2019.5.281/linux/compiler/lib/intel64_lin/libiomp5.so
2ba4152b9000-2ba4152c3000 rw-p 001bd000 fd:00 274409481                  /opt/intel/compilers_and_libraries_2019.5.281/linux/compiler/lib/intel64_lin/libiomp5.so
2ba4152c3000-2ba4152f1000 rw-p 00000000 00:00 0 
2ba4152f1000-2ba415315000 r--p 00000000 3d8:ad14e 144134765124016352     /work2/11056/zwu/frontera/miniconda3/envs/libyt/lib/libgfortran.so.5.0.0
2ba415315000-2ba41560e000 r-xp 00024000 3d8:ad14e 144134765124016352     /work2/11056/zwu/frontera/miniconda3/envs/libyt/lib/libgfortran.so.5.0.0
2ba41560e000-2ba415645000 r--p 0031d000 3d8:ad14e 144134765124016352     /work2/11056/zwu/frontera/miniconda3/envs/libyt/lib/libgfortran.so.5.0.0
2ba415645000-2ba415646000 r--p 00354000 3d8:ad14e 144134765124016352     /work2/11056/zwu/frontera/miniconda3/envs/libyt/lib/libgfortran.so.5.0.0
2ba415646000-2ba415648000 rw-p 00355000 3d8:ad14e 144134765124016352     /work2/11056/zwu/frontera/miniconda3/envs/libyt/lib/libgfortran.so.5.0.0
2ba415648000-2ba415a52000 r-xp 00000000 fd:00 285901568                  /opt/intel/compilers_and_libraries_2019.5.281/linux/compiler/lib/intel64_lin/libimf.so
2ba415a52000-2ba415c52000 ---p 0040a000 fd:00 285901568                  /opt/intel/compilers_and_libraries_2019.5.281/linux/compiler/lib/intel64_lin/libimf.so
2ba415c52000-2ba415c59000 r--p 0040a000 fd:00 285901568                  /opt/intel/compilers_and_libraries_2019.5.281/linux/compiler/lib/intel64_lin/libimf.so
2ba415c59000-2ba415ccd000 rw-p 00411000 fd:00 285901568                  /opt/intel/compilers_and_libraries_2019.5.281/linux/compiler/lib/intel64_lin/libimf.so
2ba415ccd000-2ba4174d5000 r-xp 00000000 fd:00 285901585                  /opt/intel/compilers_and_libraries_2019.5.281/linux/compiler/lib/intel64_lin/libsvml.so
2ba4174d5000-2ba4176d5000 ---p 01808000 fd:00 285901585                  /opt/intel/compilers_and_libraries_2019.5.281/linux/compiler/lib/intel64_lin/libsvml.so
2ba4176d5000-2ba417725000 r--p 01808000 fd:00 285901585                  /opt/intel/compilers_and_libraries_2019.5.281/linux/compiler/lib/intel64_lin/libsvml.so
2ba417725000-2ba417759000 rw-p 01858000 fd:00 285901585                  /opt/intel/compilers_and_libraries_2019.5.281/linux/compiler/lib/intel64_lin/libsvml.so
2ba417759000-2ba4178b1000 r-xp 00000000 fd:00 285901576                  /opt/intel/compilers_and_libraries_2019.5.281/linux/compiler/lib/intel64_lin/libirng.so
2ba4178b1000-2ba417ab0000 ---p 00158000 fd:00 285901576                  /opt/intel/compilers_and_libraries_2019.5.281/linux/compiler/lib/intel64_lin/libirng.so
2ba417ab0000-2ba417ab1000 r--p 00157000 fd:00 285901576                  /opt/intel/compilers_and_libraries_2019.5.281/linux/compiler/lib/intel64_lin/libirng.so
2ba417ab1000-2ba417ac4000 rw-p 00158000 fd:00 285901576                  /opt/intel/compilers_and_libraries_2019.5.281/linux/compiler/lib/intel64_lin/libirng.so
2ba417ac4000-2ba417b32000 r-xp 00000000 fd:00 285901570                  /opt/intel/compilers_and_libraries_2019.5.281/linux/compiler/lib/intel64_lin/libintlc.so.5
2ba417b32000-2ba417d32000 ---p 0006e000 fd:00 285901570                  /opt/intel/compilers_and_libraries_2019.5.281/linux/compiler/lib/intel64_lin/libintlc.so.5
2ba417d32000-2ba417d33000 r--p 0006e000 fd:00 285901570                  /opt/intel/compilers_and_libraries_2019.5.281/linux/compiler/lib/intel64_lin/libintlc.so.5
2ba417d33000-2ba417d34000 rw-p 0006f000 fd:00 285901570                  /opt/intel/compilers_and_libraries_2019.5.281/linux/compiler/lib/intel64_lin/libintlc.so.5
2ba417d34000-2ba417d36000 rw-p 00000000 00:00 0 
2ba417d36000-2ba417d3d000 r-xp 00000000 fd:00 402681722                  /usr/lib64/librt-2.17.so
2ba417d3d000-2ba417f3c000 ---p 00007000 fd:00 402681722                  /usr/lib64/librt-2.17.so
2ba417f3c000-2ba417f3d000 r--p 00006000 fd:00 402681722                  /usr/lib64/librt-2.17.so
2ba417f3d000-2ba417f3e000 rw-p 00007000 fd:00 402681722                  /usr/lib64/librt-2.17.so
2ba417f3e000-2ba417f55000 r-xp 00000000 fd:00 402681714                  /usr/lib64/libpthread-2.17.so
2ba417f55000-2ba418154000 ---p 00017000 fd:00 402681714                  /usr/lib64/libpthread-2.17.so
2ba418154000-2ba418155000 r--p 00016000 fd:00 402681714                  /usr/lib64/libpthread-2.17.so
2ba418155000-2ba418156000 rw-p 00017000 fd:00 402681714                  /usr/lib64/libpthread-2.17.so
2ba418156000-2ba41815a000 rw-p 00000000 00:00 0 
2ba41815a000-2ba418178000 r-xp 00000000 fd:00 451650800                  /opt/intel/compilers_and_libraries_2020.4.304/linux/mpi/intel64/lib/libmpicxx.so.12.0.0
2ba418178000-2ba418377000 ---p 0001e000 fd:00 451650800                  /opt/intel/compilers_and_libraries_2020.4.304/linux/mpi/intel64/lib/libmpicxx.so.12.0.0
2ba418377000-2ba418378000 r--p 0001d000 fd:00 451650800                  /opt/intel/compilers_and_libraries_2020.4.304/linux/mpi/intel64/lib/libmpicxx.so.12.0.0
2ba418378000-2ba41837a000 rw-p 0001e000 fd:00 451650800                  /opt/intel/compilers_and_libraries_2020.4.304/linux/mpi/intel64/lib/libmpicxx.so.12.0.0
2ba41837a000-2ba41850c000 r-xp 00000000 fd:00 451650804                  /opt/intel/compilers_and_libraries_2020.4.304/linux/mpi/intel64/lib/libmpifort.so.12.0.0
2ba41850c000-2ba41870c000 ---p 00192000 fd:00 451650804                  /opt/intel/compilers_and_libraries_2020.4.304/linux/mpi/intel64/lib/libmpifort.so.12.0.0
2ba41870c000-2ba418710000 r--p 00192000 fd:00 451650804                  /opt/intel/compilers_and_libraries_2020.4.304/linux/mpi/intel64/lib/libmpifort.so.12.0.0
2ba418710000-2ba418714000 rw-p 00196000 fd:00 451650804                  /opt/intel/compilers_and_libraries_2020.4.304/linux/mpi/intel64/lib/libmpifort.so.12.0.0
2ba418714000-2ba418738000 rw-p 00000000 00:00 0 
2ba418738000-2ba41956d000 r-xp 00000000 fd:00 328372449                  /opt/intel/compilers_and_libraries_2020.4.304/linux/mpi/intel64/lib/release/libmpi.so.12.0.0
2ba41956d000-2ba41976d000 ---p 00e35000 fd:00 328372449                  /opt/intel/compilers_and_libraries_2020.4.304/linux/mpi/intel64/lib/release/libmpi.so.12.0.0
2ba41976d000-2ba41977e000 r--p 00e35000 fd:00 328372449                  /opt/intel/compilers_and_libraries_2020.4.304/linux/mpi/intel64/lib/release/libmpi.so.12.0.0
2ba41977e000-2ba41978f000 rw-p 00e46000 fd:00 328372449                  /opt/intel/compilers_and_libraries_2020.4.304/linux/mpi/intel64/lib/release/libmpi.so.12.0.0
2ba41978f000-2ba419a98000 rw-p 00000000 00:00 0 
2ba419a98000-2ba419a9a000 r-xp 00000000 fd:00 402681677                  /usr/lib64/libdl-2.17.so
2ba419a9a000-2ba419c9a000 ---p 00002000 fd:00 402681677                  /usr/lib64/libdl-2.17.so
2ba419c9a000-2ba419c9b000 r--p 00002000 fd:00 402681677                  /usr/lib64/libdl-2.17.so
2ba419c9b000-2ba419c9c000 rw-p 00003000 fd:00 402681677                  /usr/lib64/libdl-2.17.so
2ba419c9c000-2ba419d46000 r--p 00000000 3d8:ad14e 144134765124008209     /work2/11056/zwu/frontera/miniconda3/envs/libyt/lib/libstdc++.so.6.0.34
2ba419d46000-2ba419e77000 r-xp 000aa000 3d8:ad14e 144134765124008209     /work2/11056/zwu/frontera/miniconda3/envs/libyt/lib/libstdc++.so.6.0.34
2ba419e77000-2ba419f05000 r--p 001db000 3d8:ad14e 144134765124008209     /work2/11056/zwu/frontera/miniconda3/envs/libyt/lib/libstdc++.so.6.0.34
2ba419f05000-2ba419f14000 r--p 00268000 3d8:ad14e 144134765124008209     /work2/11056/zwu/frontera/miniconda3/envs/libyt/lib/libstdc++.so.6.0.34
2ba419f14000-2ba419f17000 rw-p 00277000 3d8:ad14e 144134765124008209     /work2/11056/zwu/frontera/miniconda3/envs/libyt/lib/libstdc++.so.6.0.34
2ba419f17000-2ba419f1b000 rw-p 00000000 00:00 0 
2ba419f1b000-2ba41a010000 r-xp 00000000 fd:00 402681671                  /usr/lib64/libc-2.17.so
2ba41a010000-2ba41a011000 r-xp 000f5000 fd:00 402681671                  /usr/lib64/libc-2.17.so
2ba41a011000-2ba41a013000 r-xp 000f6000 fd:00 402681671                  /usr/lib64/libc-2.17.so
2ba41a013000-2ba41a015000 r-xp 000f8000 fd:00 402681671                  /usr/lib64/libc-2.17.so
2ba41a015000-2ba41a01a000 r-xp 000fa000 fd:00 402681671                  /usr/lib64/libc-2.17.so
2ba41a01a000-2ba41a01c000 r-xp 000ff000 fd:00 402681671                  /usr/lib64/libc-2.17.so
2ba41a01c000-2ba41a0df000 r-xp 00101000 fd:00 402681671                  /usr/lib64/libc-2.17.so
2ba41a0df000-2ba41a2de000 ---p 001c4000 fd:00 402681671                  /usr/lib64/libc-2.17.so
2ba41a2de000-2ba41a2e2000 r--p 001c3000 fd:00 402681671                  /usr/lib64/libc-2.17.so
2ba41a2e2000-2ba41a2e4000 rw-p 001c7000 fd:00 402681671                  /usr/lib64/libc-2.17.so
2ba41a2e4000-2ba41a2e9000 rw-p 00000000 00:00 0 
2ba41a2e9000-2ba41a36f000 r--p 00000000 3d8:ad14e 144134765124014084     /work2/11056/zwu/frontera/miniconda3/envs/libyt/lib/libpython3.13.so.1.0
2ba41a36f000-2ba41a617000 r-xp 00086000 3d8:ad14e 144134765124014084     /work2/11056/zwu/frontera/miniconda3/envs/libyt/lib/libpython3.13.so.1.0
2ba41a617000-2ba41a794000 r--p 0032e000 3d8:ad14e 144134765124014084     /work2/11056/zwu/frontera/miniconda3/envs/libyt/lib/libpython3.13.so.1.0
2ba41a794000-2ba41a7e6000 r--p 004aa000 3d8:ad14e 144134765124014084     /work2/11056/zwu/frontera/miniconda3/envs/libyt/lib/libpython3.13.so.1.0
2ba41a7e6000-2ba41a867000 rw-p 004fc000 3d8:ad14e 144134765124014084     /work2/11056/zwu/frontera/miniconda3/envs/libyt/lib/libpython3.13.so.1.0
2ba41a867000-2ba41a8e0000 rw-p 00000000 00:00 0 
2ba41a8e0000-2ba41a91c000 r-xp 00000000 fd:00 402682723                  /usr/lib64/libreadline.so.6.2
2ba41a91c000-2ba41ab1c000 ---p 0003c000 fd:00 402682723                  /usr/lib64/libreadline.so.6.2
2ba41ab1c000-2ba41ab1e000 r--p 0003c000 fd:00 402682723                  /usr/lib64/libreadline.so.6.2
2ba41ab1e000-2ba41ab24000 rw-p 0003e000 fd:00 402682723                  /usr/lib64/libreadline.so.6.2
2ba41ab24000-2ba41ab26000 rw-p 00000000 00:00 0 
2ba41ab26000-2ba41ab65000 r-xp 00000000 fd:00 328372455                  /opt/intel/compilers_and_libraries_2020.4.304/linux/mpi/intel64/libfabric/lib/libfabric.so.1
2ba41ab65000-2ba41ad65000 ---p 0003f000 fd:00 328372455                  /opt/intel/compilers_and_libraries_2020.4.304/linux/mpi/intel64/libfabric/lib/libfabric.so.1
2ba41ad65000-2ba41ad68000 rw-p 0003f000 fd:00 328372455                  /opt/intel/compilers_and_libraries_2020.4.304/linux/mpi/intel64/libfabric/lib/libfabric.so.1
2ba41ad68000-2ba41ad6a000 r-xp 00000000 fd:00 402681726                  /usr/lib64/libutil-2.17.so
2ba41ad6a000-2ba41af69000 ---p 00002000 fd:00 402681726                  /usr/lib64/libutil-2.17.so
2ba41af69000-2ba41af6a000 r--p 00001000 fd:00 402681726                  /usr/lib64/libutil-2.17.so
2ba41af6a000-2ba41af6b000 rw-p 00002000 fd:00 402681726                  /usr/lib64/libutil-2.17.so
2ba41af6b000-2ba41af90000 r-xp 00000000 fd:00 402682346                  /usr/lib64/libtinfo.so.5.9
2ba41af90000-2ba41b190000 ---p 00025000 fd:00 402682346                  /usr/lib64/libtinfo.so.5.9
2ba41b190000-2ba41b194000 r--p 00025000 fd:00 402682346                  /usr/lib64/libtinfo.so.5.9
2ba41b194000-2ba41b195000 rw-p 00029000 fd:00 402682346                  /usr/lib64/libtinfo.so.5.9
2ba41b195000-2ba41b19f000 r-xp 00000000 fd:00 409856397                  /usr/lib64/libnuma.so.1.0.0
2ba41b19f000-2ba41b39f000 ---p 0000a000 fd:00 409856397                  /usr/lib64/libnuma.so.1.0.0
2ba41b39f000-2ba41b3a0000 r--p 0000a000 fd:00 409856397                  /usr/lib64/libnuma.so.1.0.0
2ba41b3a0000-2ba41b3a1000 rw-p 0000b000 fd:00 409856397                  /usr/lib64/libnuma.so.1.0.0
2ba41b3a1000-2ba514a19000 rw-s 00000000 00:13 19650836                   /dev/shm/Intel_MPI_obe7MU (deleted)
2ba514a19000-2ba514a66000 r-xp 00000000 fd:00 403217161                  /opt/intel/compilers_and_libraries_2020.4.304/linux/mpi/intel64/libfabric/lib/prov/libverbs-fi.so
2ba514a66000-2ba514c65000 ---p 0004d000 fd:00 403217161                  /opt/intel/compilers_and_libraries_2020.4.304/linux/mpi/intel64/libfabric/lib/prov/libverbs-fi.so
2ba514c65000-2ba514c69000 rw-p 0004c000 fd:00 403217161                  /opt/intel/compilers_and_libraries_2020.4.304/linux/mpi/intel64/libfabric/lib/prov/libverbs-fi.so
2ba514c69000-2ba514c6e000 r--p 00000000 3d8:ad14e 144132292263083547     /work2/11056/zwu/frontera/miniconda3/lib/librdmacm.so.1.3.59.0
2ba514c6e000-2ba514c82000 r-xp 00005000 3d8:ad14e 144132292263083547     /work2/11056/zwu/frontera/miniconda3/lib/librdmacm.so.1.3.59.0
2ba514c82000-2ba514c86000 r--p 00019000 3d8:ad14e 144132292263083547     /work2/11056/zwu/frontera/miniconda3/lib/librdmacm.so.1.3.59.0
2ba514c86000-2ba514c87000 r--p 0001c000 3d8:ad14e 144132292263083547     /work2/11056/zwu/frontera/miniconda3/lib/librdmacm.so.1.3.59.0
2ba514c87000-2ba514c88000 rw-p 0001d000 3d8:ad14e 144132292263083547     /work2/11056/zwu/frontera/miniconda3/lib/librdmacm.so.1.3.59.0
2ba514c88000-2ba514c89000 rw-p 00000000 00:00 0 
2ba514c89000-2ba514c91000 r--p 00000000 3d8:ad14e 144132292263083546     /work2/11056/zwu/frontera/miniconda3/lib/libibverbs.so.1.15.59.0
2ba514c91000-2ba514ca4000 r-xp 00008000 3d8:ad14e 144132292263083546     /work2/11056/zwu/frontera/miniconda3/lib/libibverbs.so.1.15.59.0
2ba514ca4000-2ba514caa000 r--p 0001b000 3d8:ad14e 144132292263083546     /work2/11056/zwu/frontera/miniconda3/lib/libibverbs.so.1.15.59.0
2ba514caa000-2ba514cab000 r--p 00020000 3d8:ad14e 144132292263083546     /work2/11056/zwu/frontera/miniconda3/lib/libibverbs.so.1.15.59.0
2ba514cab000-2ba514cac000 rw-p 00021000 3d8:ad14e 144132292263083546     /work2/11056/zwu/frontera/miniconda3/lib/libibverbs.so.1.15.59.0
2ba514cac000-2ba514cb6000 r--p 00000000 3d8:ad14e 144132292263081342     /work2/11056/zwu/frontera/miniconda3/lib/libnl-3.so.200.26.0
2ba514cb6000-2ba514cc5000 r-xp 0000a000 3d8:ad14e 144132292263081342     /work2/11056/zwu/frontera/miniconda3/lib/libnl-3.so.200.26.0
2ba514cc5000-2ba514cce000 r--p 00019000 3d8:ad14e 144132292263081342     /work2/11056/zwu/frontera/miniconda3/lib/libnl-3.so.200.26.0
2ba514cce000-2ba514cd0000 r--p 00021000 3d8:ad14e 144132292263081342     /work2/11056/zwu/frontera/miniconda3/lib/libnl-3.so.200.26.0
2ba514cd0000-2ba514cd1000 rw-p 00023000 3d8:ad14e 144132292263081342     /work2/11056/zwu/frontera/miniconda3/lib/libnl-3.so.200.26.0
2ba514cd1000-2ba514cf3000 r--p 00000000 3d8:ad14e 144132292263083512     /work2/11056/zwu/frontera/miniconda3/lib/libnl-route-3.so.200.26.0
2ba514cf3000-2ba514d39000 r-xp 00022000 3d8:ad14e 144132292263083512     /work2/11056/zwu/frontera/miniconda3/lib/libnl-route-3.so.200.26.0
2ba514d39000-2ba514d5a000 r--p 00068000 3d8:ad14e 144132292263083512     /work2/11056/zwu/frontera/miniconda3/lib/libnl-route-3.so.200.26.0
2ba514d5a000-2ba514d5e000 r--p 00089000 3d8:ad14e 144132292263083512     /work2/11056/zwu/frontera/miniconda3/lib/libnl-route-3.so.200.26.0
2ba514d5e000-2ba514d63000 rw-p 0008d000 3d8:ad14e 144132292263083512     /work2/11056/zwu/frontera/miniconda3/lib/libnl-route-3.so.200.26.0
2ba514d63000-2ba514d66000 rw-p 00000000 00:00 0 
2ba514d66000-2ba514d68000 r--p 00000000 3d8:ad14e 144132292263082965     /work2/11056/zwu/frontera/miniconda3/lib/libibverbs/libbnxt_re-rdmav59.so
2ba514d68000-2ba514d6f000 r-xp 00002000 3d8:ad14e 144132292263082965     /work2/11056/zwu/frontera/miniconda3/lib/libibverbs/libbnxt_re-rdmav59.so
2ba514d6f000-2ba514d71000 r--p 00009000 3d8:ad14e 144132292263082965     /work2/11056/zwu/frontera/miniconda3/lib/libibverbs/libbnxt_re-rdmav59.so
2ba514d71000-2ba514d72000 r--p 0000a000 3d8:ad14e 144132292263082965     /work2/11056/zwu/frontera/miniconda3/lib/libibverbs/libbnxt_re-rdmav59.so
2ba514d72000-2ba514d73000 rw-p 0000b000 3d8:ad14e 144132292263082965     /work2/11056/zwu/frontera/miniconda3/lib/libibverbs/libbnxt_re-rdmav59.so
2ba514d73000-2ba514d75000 r--p 00000000 3d8:ad14e 144132292263082415     /work2/11056/zwu/frontera/miniconda3/lib/libibverbs/libcxgb4-rdmav59.so
2ba514d75000-2ba514d7c000 r-xp 00002000 3d8:ad14e 144132292263082415     /work2/11056/zwu/frontera/miniconda3/lib/libibverbs/libcxgb4-rdmav59.so
2ba514d7c000-2ba514d7e000 r--p 00009000 3d8:ad14e 144132292263082415     /work2/11056/zwu/frontera/miniconda3/lib/libibverbs/libcxgb4-rdmav59.so
2ba514d7e000-2ba514d7f000 r--p 0000b000 3d8:ad14e 144132292263082415     /work2/11056/zwu/frontera/miniconda3/lib/libibverbs/libcxgb4-rdmav59.so
2ba514d7f000-2ba514d80000 rw-p 0000c000 3d8:ad14e 144132292263082415     /work2/11056/zwu/frontera/miniconda3/lib/libibverbs/libcxgb4-rdmav59.so
2ba514d80000-2ba514d82000 r--p 00000000 3d8:ad14e 144132292263082756     /work2/11056/zwu/frontera/miniconda3/lib/libibverbs/libqedr-rdmav59.so
2ba514d82000-2ba514d88000 r-xp 00002000 3d8:ad14e 144132292263082756     /work2/11056/zwu/frontera/miniconda3/lib/libibverbs/libqedr-rdmav59.so
2ba514d88000-2ba514d8b000 r--p 00008000 3d8:ad14e 144132292263082756     /work2/11056/zwu/frontera/miniconda3/lib/libibverbs/libqedr-rdmav59.so
2ba514d8b000-2ba514d8c000 r--p 0000b000 3d8:ad14e 144132292263082756     /work2/11056/zwu/frontera/miniconda3/lib/libibverbs/libqedr-rdmav59.so
2ba514d8c000-2ba514d8d000 rw-p 0000c000 3d8:ad14e 144132292263082756     /work2/11056/zwu/frontera/miniconda3/lib/libibverbs/libqedr-rdmav59.so
2ba514d8d000-2ba514d8f000 r--p 00000000 3d8:ad14e 144132292263083057     /work2/11056/zwu/frontera/miniconda3/lib/libibverbs/libocrdma-rdmav59.so
2ba514d8f000-2ba514d93000 r-xp 00002000 3d8:ad14e 144132292263083057     /work2/11056/zwu/frontera/miniconda3/lib/libibverbs/libocrdma-rdmav59.so
2ba514d93000-2ba514d94000 r--p 00006000 3d8:ad14e 144132292263083057     /work2/11056/zwu/frontera/miniconda3/lib/libibverbs/libocrdma-rdmav59.so
2ba514d94000-2ba514d95000 r--p 00007000 3d8:ad14e 144132292263083057     /work2/11056/zwu/frontera/miniconda3/lib/libibverbs/libocrdma-rdmav59.so
2ba514d95000-2ba514d96000 rw-p 00008000 3d8:ad14e 144132292263083057     /work2/11056/zwu/frontera/miniconda3/lib/libibverbs/libocrdma-rdmav59.so
2ba514d96000-2ba514d98000 r--p 00000000 3d8:ad14e 144132292263082804     /work2/11056/zwu/frontera/miniconda3/lib/libhns.so.1.0.59.0
2ba514d98000-2ba514da2000 r-xp 00002000 3d8:ad14e 144132292263082804     /work2/11056/zwu/frontera/miniconda3/lib/libhns.so.1.0.59.0
2ba514da2000-2ba514da5000 r--p 0000c000 3d8:ad14e 144132292263082804     /work2/11056/zwu/frontera/miniconda3/lib/libhns.so.1.0.59.0
2ba514da5000-2ba514da6000 r--p 0000e000 3d8:ad14e 144132292263082804     /work2/11056/zwu/frontera/miniconda3/lib/libhns.so.1.0.59.0
2ba514da6000-2ba514da7000 rw-p 0000f000 3d8:ad14e 144132292263082804     /work2/11056/zwu/frontera/miniconda3/lib/libhns.so.1.0.59.0
2ba514da7000-2ba514da9000 r--p 00000000 3d8:ad14e 144132292263081634     /work2/11056/zwu/frontera/miniconda3/lib/libibverbs/librxe-rdmav59.so
2ba514da9000-2ba514dad000 r-xp 00002000 3d8:ad14e 144132292263081634     /work2/11056/zwu/frontera/miniconda3/lib/libibverbs/librxe-rdmav59.so
2ba514dad000-2ba514dae000 r--p 00006000 3d8:ad14e 144132292263081634     /work2/11056/zwu/frontera/miniconda3/lib/libibverbs/librxe-rdmav59.so
2ba514dae000-2ba514daf000 r--p 00007000 3d8:ad14e 144132292263081634     /work2/11056/zwu/frontera/miniconda3/lib/libibverbs/librxe-rdmav59.so
2ba514daf000-2ba514db0000 rw-p 00008000 3d8:ad14e 144132292263081634     /work2/11056/zwu/frontera/miniconda3/lib/libibverbs/librxe-rdmav59.so
2ba514db0000-2ba514db2000 r--p 00000000 3d8:ad14e 144132292263081367     /work2/11056/zwu/frontera/miniconda3/lib/libibverbs/libirdma-rdmav59.so
2ba514db2000-2ba514db8000 r-xp 00002000 3d8:ad14e 144132292263081367     /work2/11056/zwu/frontera/miniconda3/lib/libibverbs/libirdma-rdmav59.so
2ba514db8000-2ba514dba000 r--p 00008000 3d8:ad14e 144132292263081367     /work2/11056/zwu/frontera/miniconda3/lib/libibverbs/libirdma-rdmav59.so
2ba514dba000-2ba514dbb000 r--p 00009000 3d8:ad14e 144132292263081367     /work2/11056/zwu/frontera/miniconda3/lib/libibverbs/libirdma-rdmav59.so
2ba514dbb000-2ba514dbc000 rw-p 0000a000 3d8:ad14e 144132292263081367     /work2/11056/zwu/frontera/miniconda3/lib/libibverbs/libirdma-rdmav59.so
2ba514dbc000-2ba514dbe000 r--p 00000000 3d8:ad14e 144132292263082086     /work2/11056/zwu/frontera/miniconda3/lib/libibverbs/libipathverbs-rdmav59.so
2ba514dbe000-2ba514dc0000 r-xp 00002000 3d8:ad14e 144132292263082086     /work2/11056/zwu/frontera/miniconda3/lib/libibverbs/libipathverbs-rdmav59.so
2ba514dc0000-2ba514dc1000 r--p 00004000 3d8:ad14e 144132292263082086     /work2/11056/zwu/frontera/miniconda3/lib/libibverbs/libipathverbs-rdmav59.so
2ba514dc1000-2ba514dc2000 r--p 00005000 3d8:ad14e 144132292263082086     /work2/11056/zwu/frontera/miniconda3/lib/libibverbs/libipathverbs-rdmav59.so
2ba514dc2000-2ba514dc3000 rw-p 00006000 3d8:ad14e 144132292263082086     /work2/11056/zwu/frontera/miniconda3/lib/libibverbs/libipathverbs-rdmav59.so
2ba514dc3000-2ba514dc5000 r--p 00000000 3d8:ad14e 144132292263082299     /work2/11056/zwu/frontera/miniconda3/lib/libmana.so.1.0.59.0
2ba514dc5000-2ba514dca000 r-xp 00002000 3d8:ad14e 144132292263082299     /work2/11056/zwu/frontera/miniconda3/lib/libmana.so.1.0.59.0
2ba514dca000-2ba514dcc000 r--p 00007000 3d8:ad14e 144132292263082299     /work2/11056/zwu/frontera/miniconda3/lib/libmana.so.1.0.59.0
2ba514dcc000-2ba514dcd000 r--p 00008000 3d8:ad14e 144132292263082299     /work2/11056/zwu/frontera/miniconda3/lib/libmana.so.1.0.59.0
2ba514dcd000-2ba514dce000 rw-p 00009000 3d8:ad14e 144132292263082299     /work2/11056/zwu/frontera/miniconda3/lib/libmana.so.1.0.59.0
2ba514dce000-2ba514dd7000 r--p 00000000 3d8:ad14e 144132292263082021     /work2/11056/zwu/frontera/miniconda3/lib/libmlx5.so.1.25.59.0
2ba514dd7000-2ba514e36000 r-xp 00009000 3d8:ad14e 144132292263082021     /work2/11056/zwu/frontera/miniconda3/lib/libmlx5.so.1.25.59.0
2ba514e36000-2ba514e48000 r--p 00068000 3d8:ad14e 144132292263082021     /work2/11056/zwu/frontera/miniconda3/lib/libmlx5.so.1.25.59.0
2ba514e48000-2ba514e4a000 r--p 00079000 3d8:ad14e 144132292263082021     /work2/11056/zwu/frontera/miniconda3/lib/libmlx5.so.1.25.59.0
2ba514e4a000-2ba514e4b000 rw-p 0007b000 3d8:ad14e 144132292263082021     /work2/11056/zwu/frontera/miniconda3/lib/libmlx5.so.1.25.59.0
2ba514e4b000-2ba514e4d000 rw-p 00000000 00:00 0 
2ba514e4d000-2ba514e4f000 r--p 00000000 3d8:ad14e 144132292263081823     /work2/11056/zwu/frontera/miniconda3/lib/libibverbs/libsiw-rdmav59.so
2ba514e4f000-2ba514e51000 r-xp 00002000 3d8:ad14e 144132292263081823     /work2/11056/zwu/frontera/miniconda3/lib/libibverbs/libsiw-rdmav59.so
2ba514e51000-2ba514e52000 r--p 00004000 3d8:ad14e 144132292263081823     /work2/11056/zwu/frontera/miniconda3/lib/libibverbs/libsiw-rdmav59.so
2ba514e52000-2ba514e53000 r--p 00005000 3d8:ad14e 144132292263081823     /work2/11056/zwu/frontera/miniconda3/lib/libibverbs/libsiw-rdmav59.so
2ba514e53000-2ba514e54000 rw-p 00006000 3d8:ad14e 144132292263081823     /work2/11056/zwu/frontera/miniconda3/lib/libibverbs/libsiw-rdmav59.so
2ba514e54000-2ba514e56000 r--p 00000000 3d8:ad14e 144132292263081345     /work2/11056/zwu/frontera/miniconda3/lib/libibverbs/libmthca-rdmav59.so
2ba514e56000-2ba514e5b000 r-xp 00002000 3d8:ad14e 144132292263081345     /work2/11056/zwu/frontera/miniconda3/lib/libibverbs/libmthca-rdmav59.so
2ba514e5b000-2ba514e5d000 r--p 00007000 3d8:ad14e 144132292263081345     /work2/11056/zwu/frontera/miniconda3/lib/libibverbs/libmthca-rdmav59.so
2ba514e5d000-2ba514e5e000 r--p 00008000 3d8:ad14e 144132292263081345     /work2/11056/zwu/frontera/miniconda3/lib/libibverbs/libmthca-rdmav59.so
2ba514e5e000-2ba514e5f000 rw-p 00009000 3d8:ad14e 144132292263081345     /work2/11056/zwu/frontera/miniconda3/lib/libibverbs/libmthca-rdmav59.so
2ba514e5f000-2ba514e61000 r--p 00000000 3d8:ad14e 144132292263081621     /work2/11056/zwu/frontera/miniconda3/lib/libibverbs/libvmw_pvrdma-rdmav59.so
2ba514e61000-2ba514e63000 r-xp 00002000 3d8:ad14e 144132292263081621     /work2/11056/zwu/frontera/miniconda3/lib/libibverbs/libvmw_pvrdma-rdmav59.so
2ba514e63000-2ba514e64000 r--p 00004000 3d8:ad14e 144132292263081621     /work2/11056/zwu/frontera/miniconda3/lib/libibverbs/libvmw_pvrdma-rdmav59.so
2ba514e64000-2ba514e65000 r--p 00004000 3d8:ad14e 144132292263081621     /work2/11056/zwu/frontera/miniconda3/lib/libibverbs/libvmw_pvrdma-rdmav59.so
2ba514e65000-2ba514e66000 rw-p 00005000 3d8:ad14e 144132292263081621     /work2/11056/zwu/frontera/miniconda3/lib/libibverbs/libvmw_pvrdma-rdmav59.so
2ba514e66000-2ba514e69000 r--p 00000000 3d8:ad14e 144132292263082676     /work2/11056/zwu/frontera/miniconda3/lib/libmlx4.so.1.0.59.0
2ba514e69000-2ba514e70000 r-xp 00003000 3d8:ad14e 144132292263082676     /work2/11056/zwu/frontera/miniconda3/lib/libmlx4.so.1.0.59.0
2ba514e70000-2ba514e72000 r--p 0000a000 3d8:ad14e 144132292263082676     /work2/11056/zwu/frontera/miniconda3/lib/libmlx4.so.1.0.59.0
2ba514e72000-2ba514e73000 r--p 0000c000 3d8:ad14e 144132292263082676     /work2/11056/zwu/frontera/miniconda3/lib/libmlx4.so.1.0.59.0
2ba514e73000-2ba514e74000 rw-p 0000d000 3d8:ad14e 144132292263082676     /work2/11056/zwu/frontera/miniconda3/lib/libmlx4.so.1.0.59.0
2ba514e74000-2ba514e75000 r--s 00700000 00:05 27738                      /dev/infiniband/uverbs0
2ba514e75000-2ba514e76000 -w-s 00900000 00:05 27738                      /dev/infiniband/uverbs0
2ba514e76000-2ba514e77000 -w-s 00901000 00:05 27738                      /dev/infiniband/uverbs0
2ba514e77000-2ba514eb1000 r-xp 00000000 fd:00 403217160                  /opt/intel/compilers_and_libraries_2020.4.304/linux/mpi/intel64/libfabric/lib/prov/libtcp-fi.so
2ba514eb1000-2ba5150b1000 ---p 0003a000 fd:00 403217160                  /opt/intel/compilers_and_libraries_2020.4.304/linux/mpi/intel64/libfabric/lib/prov/libtcp-fi.so
2ba5150b1000-2ba5150b4000 rw-p 0003a000 fd:00 403217160                  /opt/intel/compilers_and_libraries_2020.4.304/linux/mpi/intel64/libfabric/lib/prov/libtcp-fi.so
2ba5150b4000-2ba515106000 r-xp 00000000 fd:00 403217159                  /opt/intel/compilers_and_libraries_2020.4.304/linux/mpi/intel64/libfabric/lib/prov/libsockets-fi.so
2ba515106000-2ba515306000 ---p 00052000 fd:00 403217159                  /opt/intel/compilers_and_libraries_2020.4.304/linux/mpi/intel64/libfabric/lib/prov/libsockets-fi.so
2ba515306000-2ba515309000 rw-p 00052000 fd:00 403217159                  /opt/intel/compilers_and_libraries_2020.4.304/linux/mpi/intel64/libfabric/lib/prov/libsockets-fi.so
2ba515309000-2ba515346000 r-xp 00000000 fd:00 403217158                  /opt/intel/compilers_and_libraries_2020.4.304/linux/mpi/intel64/libfabric/lib/prov/libshm-fi.so
2ba515346000-2ba515545000 ---p 0003d000 fd:00 403217158                  /opt/intel/compilers_and_libraries_2020.4.304/linux/mpi/intel64/libfabric/lib/prov/libshm-fi.so
2ba515545000-2ba515548000 rw-p 0003c000 fd:00 403217158                  /opt/intel/compilers_and_libraries_2020.4.304/linux/mpi/intel64/libfabric/lib/prov/libshm-fi.so
2ba515548000-2ba515593000 r-xp 00000000 fd:00 403217157                  /opt/intel/compilers_and_libraries_2020.4.304/linux/mpi/intel64/libfabric/lib/prov/librxm-fi.so
2ba515593000-2ba515793000 ---p 0004b000 fd:00 403217157                  /opt/intel/compilers_and_libraries_2020.4.304/linux/mpi/intel64/libfabric/lib/prov/librxm-fi.so
2ba515793000-2ba515796000 rw-p 0004b000 fd:00 403217157                  /opt/intel/compilers_and_libraries_2020.4.304/linux/mpi/intel64/libfabric/lib/prov/librxm-fi.so
2ba515796000-2ba5157d0000 r-xp 00000000 fd:00 403217155                  /opt/intel/compilers_and_libraries_2020.4.304/linux/mpi/intel64/libfabric/lib/prov/libmlx-fi.so
2ba5157d0000-2ba5159cf000 ---p 0003a000 fd:00 403217155                  /opt/intel/compilers_and_libraries_2020.4.304/linux/mpi/intel64/libfabric/lib/prov/libmlx-fi.so
2ba5159cf000-2ba5159d2000 rw-p 00039000 fd:00 403217155                  /opt/intel/compilers_and_libraries_2020.4.304/linux/mpi/intel64/libfabric/lib/prov/libmlx-fi.so
2ba5159d2000-2ba5159f3000 r--p 00000000 3d8:ad14e 144132292263080675     /work2/11056/zwu/frontera/miniconda3/lib/libucp.so.0.0.0
2ba5159f3000-2ba515a88000 r-xp 00021000 3d8:ad14e 144132292263080675     /work2/11056/zwu/frontera/miniconda3/lib/libucp.so.0.0.0
2ba515a88000-2ba515aae000 r--p 000b6000 3d8:ad14e 144132292263080675     /work2/11056/zwu/frontera/miniconda3/lib/libucp.so.0.0.0
2ba515aae000-2ba515ab0000 r--p 000dc000 3d8:ad14e 144132292263080675     /work2/11056/zwu/frontera/miniconda3/lib/libucp.so.0.0.0
2ba515ab0000-2ba515ab6000 rw-p 000de000 3d8:ad14e 144132292263080675     /work2/11056/zwu/frontera/miniconda3/lib/libucp.so.0.0.0
2ba515ab6000-2ba515acb000 r--p 00000000 3d8:ad14e 144132292263080519     /work2/11056/zwu/frontera/miniconda3/lib/libuct.so.0.0.0
2ba515acb000-2ba515ae2000 r-xp 00015000 3d8:ad14e 144132292263080519     /work2/11056/zwu/frontera/miniconda3/lib/libuct.so.0.0.0
2ba515ae2000-2ba515aef000 r--p 0002c000 3d8:ad14e 144132292263080519     /work2/11056/zwu/frontera/miniconda3/lib/libuct.so.0.0.0
2ba515aef000-2ba515af1000 r--p 00038000 3d8:ad14e 144132292263080519     /work2/11056/zwu/frontera/miniconda3/lib/libuct.so.0.0.0
2ba515af1000-2ba515af5000 rw-p 0003a000 3d8:ad14e 144132292263080519     /work2/11056/zwu/frontera/miniconda3/lib/libuct.so.0.0.0
2ba515af5000-2ba515b0b000 r--p 00000000 3d8:ad14e 144132292263083603     /work2/11056/zwu/frontera/miniconda3/lib/libucs.so.0.0.0
2ba515b0b000-2ba515b3c000 r-xp 00016000 3d8:ad14e 144132292263083603     /work2/11056/zwu/frontera/miniconda3/lib/libucs.so.0.0.0
2ba515b3c000-2ba515b53000 r--p 00047000 3d8:ad14e 144132292263083603     /work2/11056/zwu/frontera/miniconda3/lib/libucs.so.0.0.0
2ba515b53000-2ba515b55000 r--p 0005e000 3d8:ad14e 144132292263083603     /work2/11056/zwu/frontera/miniconda3/lib/libucs.so.0.0.0
2ba515b55000-2ba515b58000 rw-p 00060000 3d8:ad14e 144132292263083603     /work2/11056/zwu/frontera/miniconda3/lib/libucs.so.0.0.0
2ba515b58000-2ba515b5d000 rw-p 00000000 00:00 0 
2ba515b5d000-2ba515b63000 r--p 00000000 3d8:ad14e 144132292263080791     /work2/11056/zwu/frontera/miniconda3/lib/libucm.so.0.0.0
2ba515b63000-2ba515b71000 r-xp 00006000 3d8:ad14e 144132292263080791     /work2/11056/zwu/frontera/miniconda3/lib/libucm.so.0.0.0
2ba515b71000-2ba515b76000 r--p 00014000 3d8:ad14e 144132292263080791     /work2/11056/zwu/frontera/miniconda3/lib/libucm.so.0.0.0
2ba515b76000-2ba515b77000 r--p 00018000 3d8:ad14e 144132292263080791     /work2/11056/zwu/frontera/miniconda3/lib/libucm.so.0.0.0
2ba515b77000-2ba515b78000 rw-p 00019000 3d8:ad14e 144132292263080791     /work2/11056/zwu/frontera/miniconda3/lib/libucm.so.0.0.0
2ba515b78000-2ba515b9c000 rw-p 00000000 00:00 0 
2ba515b9c000-2ba515bb0000 r--p 00000000 3d8:ad14e 144132292263080951     /work2/11056/zwu/frontera/miniconda3/lib/ucx/libuct_ib.so.0.0.0
2ba515bb0000-2ba515bcd000 r-xp 00014000 3d8:ad14e 144132292263080951     /work2/11056/zwu/frontera/miniconda3/lib/ucx/libuct_ib.so.0.0.0
2ba515bcd000-2ba515bdc000 r--p 00031000 3d8:ad14e 144132292263080951     /work2/11056/zwu/frontera/miniconda3/lib/ucx/libuct_ib.so.0.0.0
2ba515bdc000-2ba515bde000 r--p 0003f000 3d8:ad14e 144132292263080951     /work2/11056/zwu/frontera/miniconda3/lib/ucx/libuct_ib.so.0.0.0
2ba515bde000-2ba515be2000 rw-p 00041000 3d8:ad14e 144132292263080951     /work2/11056/zwu/frontera/miniconda3/lib/ucx/libuct_ib.so.0.0.0
2ba515be2000-2ba515bf4000 r--p 00000000 3d8:ad14e 144132292263080801     /work2/11056/zwu/frontera/miniconda3/lib/ucx/libuct_ib_mlx5.so.0.0.0
2ba515bf4000-2ba515c37000 r-xp 00012000 3d8:ad14e 144132292263080801     /work2/11056/zwu/frontera/miniconda3/lib/ucx/libuct_ib_mlx5.so.0.0.0
2ba515c37000-2ba515c47000 r--p 00055000 3d8:ad14e 144132292263080801     /work2/11056/zwu/frontera/miniconda3/lib/ucx/libuct_ib_mlx5.so.0.0.0
2ba515c47000-2ba515c49000 r--p 00064000 3d8:ad14e 144132292263080801     /work2/11056/zwu/frontera/miniconda3/lib/ucx/libuct_ib_mlx5.so.0.0.0
2ba515c49000-2ba515c4c000 rw-p 00066000 3d8:ad14e 144132292263080801     /work2/11056/zwu/frontera/miniconda3/lib/ucx/libuct_ib_mlx5.so.0.0.0
2ba515c4c000-2ba515c50000 r--p 00000000 3d8:ad14e 144132292263080663     /work2/11056/zwu/frontera/miniconda3/lib/ucx/libuct_ib_efa.so.0.0.0
2ba515c50000-2ba515c55000 r-xp 00004000 3d8:ad14e 144132292263080663     /work2/11056/zwu/frontera/miniconda3/lib/ucx/libuct_ib_efa.so.0.0.0
2ba515c55000-2ba515c57000 r--p 00009000 3d8:ad14e 144132292263080663     /work2/11056/zwu/frontera/miniconda3/lib/ucx/libuct_ib_efa.so.0.0.0
2ba515c57000-2ba515c58000 r--p 0000a000 3d8:ad14e 144132292263080663     /work2/11056/zwu/frontera/miniconda3/lib/ucx/libuct_ib_efa.so.0.0.0
2ba515c58000-2ba515c59000 rw-p 0000b000 3d8:ad14e 144132292263080663     /work2/11056/zwu/frontera/miniconda3/lib/ucx/libuct_ib_efa.so.0.0.0
2ba515c59000-2ba515c5e000 r--p 00000000 3d8:ad14e 144132292263080749     /work2/11056/zwu/frontera/miniconda3/lib/ucx/libuct_rdmacm.so.0.0.0
2ba515c5e000-2ba515c63000 r-xp 00005000 3d8:ad14e 144132292263080749     /work2/11056/zwu/frontera/miniconda3/lib/ucx/libuct_rdmacm.so.0.0.0
2ba515c63000-2ba515c66000 r--p 0000a000 3d8:ad14e 144132292263080749     /work2/11056/zwu/frontera/miniconda3/lib/ucx/libuct_rdmacm.so.0.0.0
2ba515c66000-2ba515c67000 r--p 0000c000 3d8:ad14e 144132292263080749     /work2/11056/zwu/frontera/miniconda3/lib/ucx/libuct_rdmacm.so.0.0.0
2ba515c67000-2ba515c68000 rw-p 0000d000 3d8:ad14e 144132292263080749     /work2/11056/zwu/frontera/miniconda3/lib/ucx/libuct_rdmacm.so.0.0.0
2ba515c68000-2ba515c6b000 r--p 00000000 3d8:ad14e 144132292263080558     /work2/11056/zwu/frontera/miniconda3/lib/ucx/libuct_cma.so.0.0.0
2ba515c6b000-2ba515c6c000 r-xp 00003000 3d8:ad14e 144132292263080558     /work2/11056/zwu/frontera/miniconda3/lib/ucx/libuct_cma.so.0.0.0
2ba515c6c000-2ba515c6d000 r--p 00004000 3d8:ad14e 144132292263080558     /work2/11056/zwu/frontera/miniconda3/lib/ucx/libuct_cma.so.0.0.0
2ba515c6d000-2ba515c6e000 r--p 00004000 3d8:ad14e 144132292263080558     /work2/11056/zwu/frontera/miniconda3/lib/ucx/libuct_cma.so.0.0.0
2ba515c6e000-2ba515c6f000 rw-p 00005000 3d8:ad14e 144132292263080558     /work2/11056/zwu/frontera/miniconda3/lib/ucx/libuct_cma.so.0.0.0
2ba515c6f000-2ba515c70000 r--s 00500000 00:05 27738                      /dev/infiniband/uverbs0
2ba515c70000-2ba515c71000 r--s 00700000 00:05 27738                      /dev/infiniband/uverbs0
2ba515c71000-2ba515c72000 -w-s 00900000 00:05 27738                      /dev/infiniband/uverbs0
2ba515c72000-2ba515c73000 -w-s 00901000 00:05 27738                      /dev/infiniband/uverbs0
2ba515c73000-2ba515c74000 -w-s 00902000 00:05 27738                      /dev/infiniband/uverbs0
2ba515c74000-2ba515c75000 rw-s 00800000 00:05 27738                      /dev/infiniband/uverbs0
2ba515c75000-2ba515de8000 rw-p 00000000 00:00 0 
2ba515de8000-2ba515def000 r--s 00000000 fd:00 271955630                  /usr/lib64/gconv/gconv-modules.cache
2ba515def000-2ba515df7000 rw-p 00000000 00:00 0 
2ba515df7000-2ba515df8000 r--s 00500000 00:05 27738                      /dev/infiniband/uverbs0
2ba515df8000-2ba515df9000 r--s 00700000 00:05 27738                      /dev/infiniband/uverbs0
2ba515df9000-2ba515dfa000 -w-s 00900000 00:05 27738                      /dev/infiniband/uverbs0
2ba515dfa000-2ba515dfb000 ---p 00000000 00:00 0 
2ba515dfb000-2ba515ffc000 rw-p 00000000 00:00 0 
2ba515ffc000-2ba5161fc000 rw-p 00000000 00:00 0 
2ba5161fc000-2ba5165a8000 rw-p 00000000 00:00 0 
2ba5165a8000-2ba5165aa000 r--p 00000000 3d8:ad14e 144134765124013464     /work2/11056/zwu/frontera/miniconda3/envs/libyt/lib/python3.13/lib-dynload/grp.cpython-313-x86_64-linux-gnu.so
2ba5165aa000-2ba5165ab000 r-xp 00002000 3d8:ad14e 144134765124013464     /work2/11056/zwu/frontera/miniconda3/envs/libyt/lib/python3.13/lib-dynload/grp.cpython-313-x86_64-linux-gnu.so
2ba5165ab000-2ba5165ac000 r--p 00003000 3d8:ad14e 144134765124013464     /work2/11056/zwu/frontera/miniconda3/envs/libyt/lib/python3.13/lib-dynload/grp.cpython-313-x86_64-linux-gnu.so
2ba5165ac000-2ba5165ad000 r--p 00003000 3d8:ad14e 144134765124013464     /work2/11056/zwu/frontera/miniconda3/envs/libyt/lib/python3.13/lib-dynload/grp.cpython-313-x86_64-linux-gnu.so
2ba5165ad000-2ba5165ae000 rw-p 00004000 3d8:ad14e 144134765124013464     /work2/11056/zwu/frontera/miniconda3/envs/libyt/lib/python3.13/lib-dynload/grp.cpython-313-x86_64-linux-gnu.so
2ba5165ae000-2ba5165af000 -w-s 00903000 00:05 27738                      /dev/infiniband/uverbs0
2ba5165af000-2ba517f99000 rw-p 00000000 00:00 0 
2ba517f99000-2ba517f9f000 r--p 00000000 3d8:ad14e 144134765124012662     /work2/11056/zwu/frontera/miniconda3/envs/libyt/lib/python3.13/lib-dynload/_datetime.cpython-313-x86_64-linux-gnu.so
2ba517f9f000-2ba517fb2000 r-xp 00006000 3d8:ad14e 144134765124012662     /work2/11056/zwu/frontera/miniconda3/envs/libyt/lib/python3.13/lib-dynload/_datetime.cpython-313-x86_64-linux-gnu.so
2ba517fb2000-2ba517fb8000 r--p 00019000 3d8:ad14e 144134765124012662     /work2/11056/zwu/frontera/miniconda3/envs/libyt/lib/python3.13/lib-dynload/_datetime.cpython-313-x86_64-linux-gnu.so
2ba517fb8000-2ba517fb9000 r--p 0001f000 3d8:ad14e 144134765124012662     /work2/11056/zwu/frontera/miniconda3/envs/libyt/lib/python3.13/lib-dynload/_datetime.cpython-313-x86_64-linux-gnu.so
2ba517fb9000-2ba517fbc000 rw-p 00020000 3d8:ad14e 144134765124012662     /work2/11056/zwu/frontera/miniconda3/envs/libyt/lib/python3.13/lib-dynload/_datetime.cpython-313-x86_64-linux-gnu.so
2ba517fbc000-2ba517fc0000 r--p 00000000 3d8:ad14e 144134765124012639     /work2/11056/zwu/frontera/miniconda3/envs/libyt/lib/python3.13/lib-dynload/math.cpython-313-x86_64-linux-gnu.so
2ba517fc0000-2ba517fc9000 r-xp 00004000 3d8:ad14e 144134765124012639     /work2/11056/zwu/frontera/miniconda3/envs/libyt/lib/python3.13/lib-dynload/math.cpython-313-x86_64-linux-gnu.so
2ba517fc9000-2ba517fce000 r--p 0000d000 3d8:ad14e 144134765124012639     /work2/11056/zwu/frontera/miniconda3/envs/libyt/lib/python3.13/lib-dynload/math.cpython-313-x86_64-linux-gnu.so
2ba517fce000-2ba517fcf000 r--p 00012000 3d8:ad14e 144134765124012639     /work2/11056/zwu/frontera/miniconda3/envs/libyt/lib/python3.13/lib-dynload/math.cpython-313-x86_64-linux-gnu.so
2ba517fcf000-2ba517fd0000 rw-p 00013000 3d8:ad14e 144134765124012639     /work2/11056/zwu/frontera/miniconda3/envs/libyt/lib/python3.13/lib-dynload/math.cpython-313-x86_64-linux-gnu.so
2ba517fd0000-2ba517fd1000 r--p 00000000 3d8:ad14e 144134765124012357     /work2/11056/zwu/frontera/miniconda3/envs/libyt/lib/python3.13/lib-dynload/_contextvars.cpython-313-x86_64-linux-gnu.so
2ba517fd1000-2ba517fd2000 r-xp 00001000 3d8:ad14e 144134765124012357     /work2/11056/zwu/frontera/miniconda3/envs/libyt/lib/python3.13/lib-dynload/_contextvars.cpython-313-x86_64-linux-gnu.so
2ba517fd2000-2ba517fd3000 r--p 00002000 3d8:ad14e 144134765124012357     /work2/11056/zwu/frontera/miniconda3/envs/libyt/lib/python3.13/lib-dynload/_contextvars.cpython-313-x86_64-linux-gnu.so
2ba517fd3000-2ba517fd4000 r--p 00002000 3d8:ad14e 144134765124012357     /work2/11056/zwu/frontera/miniconda3/envs/libyt/lib/python3.13/lib-dynload/_contextvars.cpython-313-x86_64-linux-gnu.so
2ba517fd4000-2ba517fd5000 rw-p 00003000 3d8:ad14e 144134765124012357     /work2/11056/zwu/frontera/miniconda3/envs/libyt/lib/python3.13/lib-dynload/_contextvars.cpython-313-x86_64-linux-gnu.so
2ba517fd5000-2ba517fd7000 r--p 00000000 3d8:ad14e 144134765124013245     /work2/11056/zwu/frontera/miniconda3/envs/libyt/lib/python3.13/lib-dynload/_opcode.cpython-313-x86_64-linux-gnu.so
2ba517fd7000-2ba517fd9000 r-xp 00002000 3d8:ad14e 144134765124013245     /work2/11056/zwu/frontera/miniconda3/envs/libyt/lib/python3.13/lib-dynload/_opcode.cpython-313-x86_64-linux-gnu.so
2ba517fd9000-2ba517fda000 r--p 00004000 3d8:ad14e 144134765124013245     /work2/11056/zwu/frontera/miniconda3/envs/libyt/lib/python3.13/lib-dynload/_opcode.cpython-313-x86_64-linux-gnu.so
2ba517fda000-2ba517fdb000 r--p 00005000 3d8:ad14e 144134765124013245     /work2/11056/zwu/frontera/miniconda3/envs/libyt/lib/python3.13/lib-dynload/_opcode.cpython-313-x86_64-linux-gnu.so
2ba517fdb000-2ba517fdc000 rw-p 00006000 3d8:ad14e 144134765124013245     /work2/11056/zwu/frontera/miniconda3/envs/libyt/lib/python3.13/lib-dynload/_opcode.cpython-313-x86_64-linux-gnu.so
2ba517fdc000-2ba517fe0000 r--p 00000000 3d8:ad14e 144134765124012947     /work2/11056/zwu/frontera/miniconda3/envs/libyt/lib/python3.13/lib-dynload/_struct.cpython-313-x86_64-linux-gnu.so
2ba517fe0000-2ba517fe5000 r-xp 00004000 3d8:ad14e 144134765124012947     /work2/11056/zwu/frontera/miniconda3/envs/libyt/lib/python3.13/lib-dynload/_struct.cpython-313-x86_64-linux-gnu.so
2ba517fe5000-2ba517fe9000 r--p 00009000 3d8:ad14e 144134765124012947     /work2/11056/zwu/frontera/miniconda3/envs/libyt/lib/python3.13/lib-dynload/_struct.cpython-313-x86_64-linux-gnu.so
2ba517fe9000-2ba517fea000 r--p 0000c000 3d8:ad14e 144134765124012947     /work2/11056/zwu/frontera/miniconda3/envs/libyt/lib/python3.13/lib-dynload/_struct.cpython-313-x86_64-linux-gnu.so
2ba517fea000-2ba517feb000 rw-p 0000d000 3d8:ad14e 144134765124012947     /work2/11056/zwu/frontera/miniconda3/envs/libyt/lib/python3.13/lib-dynload/_struct.cpython-313-x86_64-linux-gnu.so
2ba517feb000-2ba517fed000 r--p 00000000 3d8:ad14e 144134765124010366     /work2/11056/zwu/frontera/miniconda3/envs/libyt/lib/libffi.so.8.2.0
2ba517fed000-2ba517ff3000 r-xp 00002000 3d8:ad14e 144134765124010366     /work2/11056/zwu/frontera/miniconda3/envs/libyt/lib/libffi.so.8.2.0
2ba517ff3000-2ba517ff5000 r--p 00008000 3d8:ad14e 144134765124010366     /work2/11056/zwu/frontera/miniconda3/envs/libyt/lib/libffi.so.8.2.0
2ba517ff5000-2ba517ff6000 r--p 00009000 3d8:ad14e 144134765124010366     /work2/11056/zwu/frontera/miniconda3/envs/libyt/lib/libffi.so.8.2.0
2ba517ff6000-2ba517ff7000 rw-p 0000a000 3d8:ad14e 144134765124010366     /work2/11056/zwu/frontera/miniconda3/envs/libyt/lib/libffi.so.8.2.0
2ba517ff7000-2ba517ff9000 r--p 00000000 3d8:ad14e 144134765124012000     /work2/11056/zwu/frontera/miniconda3/envs/libyt/lib/python3.13/lib-dynload/_bisect.cpython-313-x86_64-linux-gnu.so
2ba517ff9000-2ba517ffb000 r-xp 00002000 3d8:ad14e 144134765124012000     /work2/11056/zwu/frontera/miniconda3/envs/libyt/lib/python3.13/lib-dynload/_bisect.cpython-313-x86_64-linux-gnu.so
2ba517ffb000-2ba517ffc000 r--p 00004000 3d8:ad14e 144134765124012000     /work2/11056/zwu/frontera/miniconda3/envs/libyt/lib/python3.13/lib-dynload/_bisect.cpython-313-x86_64-linux-gnu.so
2ba517ffc000-2ba517ffd000 r--p 00005000 3d8:ad14e 144134765124012000     /work2/11056/zwu/frontera/miniconda3/envs/libyt/lib/python3.13/lib-dynload/_bisect.cpython-313-x86_64-linux-gnu.so
2ba517ffd000-2ba517ffe000 rw-p 00006000 3d8:ad14e 144134765124012000     /work2/11056/zwu/frontera/miniconda3/envs/libyt/lib/python3.13/lib-dynload/_bisect.cpython-313-x86_64-linux-gnu.so
2ba517ffe000-2ba517fff000 rw-p 00000000 00:00 0 
2ba518000000-2ba518021000 rw-p 00000000 00:00 0 
2ba518021000-2ba51c000000 ---p 00000000 00:00 0 
2ba51c000000-2ba51c200000 rw-p 00000000 00:00 0 
2ba51c200000-2ba51e800000 rw-p 00000000 00:00 0 
2ba51e800000-2ba52bbf7000 rw-p 00000000 00:00 0 
2ba52bbf7000-2ba53213a000 r--p 00000000 fd:00 268620497                  /usr/lib/locale/locale-archive
2ba53213a000-2ba53233a000 rw-p 00000000 00:00 0 
2ba53233a000-2ba532364000 r--p 00000000 3d8:ad14e 144134765124016696     /work2/11056/zwu/frontera/miniconda3/envs/libyt/lib/python3.13/site-packages/numpy/_core/_multiarray_umath.cpython-313-x86_64-linux-gnu.so
2ba532364000-2ba5329c9000 r-xp 0002a000 3d8:ad14e 144134765124016696     /work2/11056/zwu/frontera/miniconda3/envs/libyt/lib/python3.13/site-packages/numpy/_core/_multiarray_umath.cpython-313-x86_64-linux-gnu.so
2ba5329c9000-2ba532b48000 r--p 0068f000 3d8:ad14e 144134765124016696     /work2/11056/zwu/frontera/miniconda3/envs/libyt/lib/python3.13/site-packages/numpy/_core/_multiarray_umath.cpython-313-x86_64-linux-gnu.so
2ba532b48000-2ba532b4c000 r--p 0080e000 3d8:ad14e 144134765124016696     /work2/11056/zwu/frontera/miniconda3/envs/libyt/lib/python3.13/site-packages/numpy/_core/_multiarray_umath.cpython-313-x86_64-linux-gnu.so
2ba532b4c000-2ba532b6d000 rw-p 00812000 3d8:ad14e 144134765124016696     /work2/11056/zwu/frontera/miniconda3/envs/libyt/lib/python3.13/site-packages/numpy/_core/_multiarray_umath.cpython-313-x86_64-linux-gnu.so
2ba532b6d000-2ba532b85000 rw-p 00000000 00:00 0 
2ba532b85000-2ba532cf2000 r--p 00000000 3d8:ad14e 144134765124016387     /work2/11056/zwu/frontera/miniconda3/envs/libyt/lib/libopenblasp-r0.3.32.so
2ba532cf2000-2ba532cf3000 r-xp 0016d000 3d8:ad14e 144134765124016387     /work2/11056/zwu/frontera/miniconda3/envs/libyt/lib/libopenblasp-r0.3.32.so
2ba532cf3000-2ba532cf5000 ---p 0016e000 3d8:ad14e 144134765124016387     /work2/11056/zwu/frontera/miniconda3/envs/libyt/lib/libopenblasp-r0.3.32.so
2ba532cf5000-2ba534f54000 r-xp 00170000 3d8:ad14e 144134765124016387     /work2/11056/zwu/frontera/miniconda3/envs/libyt/lib/libopenblasp-r0.3.32.so
2ba534f54000-2ba5351a4000 r--p 023cf000 3d8:ad14e 144134765124016387     /work2/11056/zwu/frontera/miniconda3/envs/libyt/lib/libopenblasp-r0.3.32.so
2ba5351a4000-2ba5351b4000 r--p 0261e000 3d8:ad14e 144134765124016387     /work2/11056/zwu/frontera/miniconda3/envs/libyt/lib/libopenblasp-r0.3.32.so
2ba5351b4000-2ba5351cc000 rw-p 0262e000 3d8:ad14e 144134765124016387     /work2/11056/zwu/frontera/miniconda3/envs/libyt/lib/libopenblasp-r0.3.32.so
2ba5351cc000-2ba5351e1000 rw-p 00000000 00:00 0 
2ba5351e1000-2ba53d1e1000 rw-p 00000000 00:00 0 
2ba53d1e1000-2ba53d4e1000 rw-p 00000000 00:00 0 
2ba53d4e1000-2ba53d4e6000 r--p 00000000 3d8:ad14e 144134765124010905     /work2/11056/zwu/frontera/miniconda3/envs/libyt/lib/python3.13/lib-dynload/_pickle.cpython-313-x86_64-linux-gnu.so
2ba53d4e6000-2ba53d4f8000 r-xp 00005000 3d8:ad14e 144134765124010905     /work2/11056/zwu/frontera/miniconda3/envs/libyt/lib/python3.13/lib-dynload/_pickle.cpython-313-x86_64-linux-gnu.so
2ba53d4f8000-2ba53d4fe000 r--p 00017000 3d8:ad14e 144134765124010905     /work2/11056/zwu/frontera/miniconda3/envs/libyt/lib/python3.13/lib-dynload/_pickle.cpython-313-x86_64-linux-gnu.so
2ba53d4fe000-2ba53d4ff000 r--p 0001d000 3d8:ad14e 144134765124010905     /work2/11056/zwu/frontera/miniconda3/envs/libyt/lib/python3.13/lib-dynload/_pickle.cpython-313-x86_64-linux-gnu.so
2ba53d4ff000-2ba53d500000 rw-p 0001e000 3d8:ad14e 144134765124010905     /work2/11056/zwu/frontera/miniconda3/envs/libyt/lib/python3.13/lib-dynload/_pickle.cpython-313-x86_64-linux-gnu.so
2ba53d500000-2ba53d600000 rw-p 00000000 00:00 0 
2ba53d600000-2ba53d607000 r--p 00000000 3d8:ad14e 144134765124012987     /work2/11056/zwu/frontera/miniconda3/envs/libyt/lib/python3.13/lib-dynload/_ctypes.cpython-313-x86_64-linux-gnu.so
2ba53d607000-2ba53d617000 r-xp 00007000 3d8:ad14e 144134765124012987     /work2/11056/zwu/frontera/miniconda3/envs/libyt/lib/python3.13/lib-dynload/_ctypes.cpython-313-x86_64-linux-gnu.so
2ba53d617000-2ba53d61e000 r--p 00017000 3d8:ad14e 144134765124012987     /work2/11056/zwu/frontera/miniconda3/envs/libyt/lib/python3.13/lib-dynload/_ctypes.cpython-313-x86_64-linux-gnu.so
2ba53d61e000-2ba53d61f000 r--p 0001e000 3d8:ad14e 144134765124012987     /work2/11056/zwu/frontera/miniconda3/envs/libyt/lib/python3.13/lib-dynload/_ctypes.cpython-313-x86_64-linux-gnu.so
2ba53d61f000-2ba53d621000 rw-p 0001f000 3d8:ad14e 144134765124012987     /work2/11056/zwu/frontera/miniconda3/envs/libyt/lib/python3.13/lib-dynload/_ctypes.cpython-313-x86_64-linux-gnu.so
2ba53d621000-2ba53d624000 r--p 00000000 3d8:ad14e 144134765124017909     /work2/11056/zwu/frontera/miniconda3/envs/libyt/lib/python3.13/site-packages/numpy/linalg/_umath_linalg.cpython-313-x86_64-linux-gnu.so
2ba53d624000-2ba53d63f000 r-xp 00003000 3d8:ad14e 144134765124017909     /work2/11056/zwu/frontera/miniconda3/envs/libyt/lib/python3.13/site-packages/numpy/linalg/_umath_linalg.cpython-313-x86_64-linux-gnu.so
2ba53d63f000-2ba53d643000 r--p 0001e000 3d8:ad14e 144134765124017909     /work2/11056/zwu/frontera/miniconda3/envs/libyt/lib/python3.13/site-packages/numpy/linalg/_umath_linalg.cpython-313-x86_64-linux-gnu.so
2ba53d643000-2ba53d644000 r--p 00021000 3d8:ad14e 144134765124017909     /work2/11056/zwu/frontera/miniconda3/envs/libyt/lib/python3.13/site-packages/numpy/linalg/_umath_linalg.cpython-313-x86_64-linux-gnu.so
2ba53d644000-2ba53d645000 rw-p 00022000 3d8:ad14e 144134765124017909     /work2/11056/zwu/frontera/miniconda3/envs/libyt/lib/python3.13/site-packages/numpy/linalg/_umath_linalg.cpython-313-x86_64-linux-gnu.so
2ba53d645000-2ba53d845000 rw-p 00000000 00:00 0 
2ba53d845000-2ba53d848000 r--p 00000000 3d8:ad14e 144134765124013208     /work2/11056/zwu/frontera/miniconda3/envs/libyt/lib/python3.13/lib-dynload/_json.cpython-313-x86_64-linux-gnu.so
2ba53d848000-2ba53d84e000 r-xp 00003000 3d8:ad14e 144134765124013208     /work2/11056/zwu/frontera/miniconda3/envs/libyt/lib/python3.13/lib-dynload/_json.cpython-313-x86_64-linux-gnu.so
2ba53d84e000-2ba53d850000 r--p 00009000 3d8:ad14e 144134765124013208     /work2/11056/zwu/frontera/miniconda3/envs/libyt/lib/python3.13/lib-dynload/_json.cpython-313-x86_64-linux-gnu.so
2ba53d850000-2ba53d851000 r--p 0000a000 3d8:ad14e 144134765124013208     /work2/11056/zwu/frontera/miniconda3/envs/libyt/lib/python3.13/lib-dynload/_json.cpython-313-x86_64-linux-gnu.so
2ba53d851000-2ba53d852000 rw-p 0000b000 3d8:ad14e 144134765124013208     /work2/11056/zwu/frontera/miniconda3/envs/libyt/lib/python3.13/lib-dynload/_json.cpython-313-x86_64-linux-gnu.so
2ba53d852000-2ba53d856000 r--p 00000000 3d8:ad14e 144134765124011709     /work2/11056/zwu/frontera/miniconda3/envs/libyt/lib/python3.13/lib-dynload/_hashlib.cpython-313-x86_64-linux-gnu.so
2ba53d856000-2ba53d85c000 r-xp 00004000 3d8:ad14e 144134765124011709     /work2/11056/zwu/frontera/miniconda3/envs/libyt/lib/python3.13/lib-dynload/_hashlib.cpython-313-x86_64-linux-gnu.so
2ba53d85c000-2ba53d860000 r--p 0000a000 3d8:ad14e 144134765124011709     /work2/11056/zwu/frontera/miniconda3/envs/libyt/lib/python3.13/lib-dynload/_hashlib.cpython-313-x86_64-linux-gnu.so
2ba53d860000-2ba53d861000 r--p 0000e000 3d8:ad14e 144134765124011709     /work2/11056/zwu/frontera/miniconda3/envs/libyt/lib/python3.13/lib-dynload/_hashlib.cpython-313-x86_64-linux-gnu.so
2ba53d861000-2ba53d862000 rw-p 0000f000 3d8:ad14e 144134765124011709     /work2/11056/zwu/frontera/miniconda3/envs/libyt/lib/python3.13/lib-dynload/_hashlib.cpython-313-x86_64-linux-gnu.so
2ba53d862000-2ba53d951000 r--p 00000000 3d8:ad14e 144134765124014059     /work2/11056/zwu/frontera/miniconda3/envs/libyt/lib/libcrypto.so.3
2ba53d951000-2ba53dcb4000 r-xp 000ef000 3d8:ad14e 144134765124014059     /work2/11056/zwu/frontera/miniconda3/envs/libyt/lib/libcrypto.so.3
2ba53dcb4000-2ba53ddeb000 r--p 00452000 3d8:ad14e 144134765124014059     /work2/11056/zwu/frontera/miniconda3/envs/libyt/lib/libcrypto.so.3
2ba53ddeb000-2ba53de6d000 r--p 00588000 3d8:ad14e 144134765124014059     /work2/11056/zwu/frontera/miniconda3/envs/libyt/lib/libcrypto.so.3
2ba53de6d000-2ba53de70000 rw-p 0060a000 3d8:ad14e 144134765124014059     /work2/11056/zwu/frontera/miniconda3/envs/libyt/lib/libcrypto.so.3
2ba53de70000-2ba53de73000 rw-p 00000000 00:00 0 
2ba53de73000-2ba53de75000 r--p 00000000 3d8:ad14e 144134765124013472     /work2/11056/zwu/frontera/miniconda3/envs/libyt/lib/python3.13/lib-dynload/_blake2.cpython-313-x86_64-linux-gnu.so
2ba53de75000-2ba53de7c000 r-xp 00002000 3d8:ad14e 144134765124013472     /work2/11056/zwu/frontera/miniconda3/envs/libyt/lib/python3.13/lib-dynload/_blake2.cpython-313-x86_64-linux-gnu.so
2ba53de7c000-2ba53de7e000 r--p 00009000 3d8:ad14e 144134765124013472     /work2/11056/zwu/frontera/miniconda3/envs/libyt/lib/python3.13/lib-dynload/_blake2.cpython-313-x86_64-linux-gnu.so
2ba53de7e000-2ba53de7f000 r--p 0000a000 3d8:ad14e 144134765124013472     /work2/11056/zwu/frontera/miniconda3/envs/libyt/lib/python3.13/lib-dynload/_blake2.cpython-313-x86_64-linux-gnu.so
2ba53de7f000-2ba53de80000 rw-p 0000b000 3d8:ad14e 144134765124013472     /work2/11056/zwu/frontera/miniconda3/envs/libyt/lib/python3.13/lib-dynload/_blake2.cpython-313-x86_64-linux-gnu.so
2ba53de80000-2ba53de94000 r--p 00000000 3d8:ad14e 144134765124033590     /work2/11056/zwu/frontera/miniconda3/envs/libyt/lib/python3.13/site-packages/gmpy2/gmpy2.cpython-313-x86_64-linux-gnu.so
2ba53de94000-2ba53df04000 r-xp 00014000 3d8:ad14e 144134765124033590     /work2/11056/zwu/frontera/miniconda3/envs/libyt/lib/python3.13/site-packages/gmpy2/gmpy2.cpython-313-x86_64-linux-gnu.so
2ba53df04000-2ba53df27000 r--p 00084000 3d8:ad14e 144134765124033590     /work2/11056/zwu/frontera/miniconda3/envs/libyt/lib/python3.13/site-packages/gmpy2/gmpy2.cpython-313-x86_64-linux-gnu.so
2ba53df27000-2ba53df29000 r--p 000a6000 3d8:ad14e 144134765124033590     /work2/11056/zwu/frontera/miniconda3/envs/libyt/lib/python3.13/site-packages/gmpy2/gmpy2.cpython-313-x86_64-linux-gnu.so
2ba53df29000-2ba53df2f000 rw-p 000a8000 3d8:ad14e 144134765124033590     /work2/11056/zwu/frontera/miniconda3/envs/libyt/lib/python3.13/site-packages/gmpy2/gmpy2.cpython-313-x86_64-linux-gnu.so
2ba53df2f000-2ba53df36000 r--p 00000000 3d8:ad14e 144134765124034231     /work2/11056/zwu/frontera/miniconda3/envs/libyt/lib/libmpc.so.3.4.0
2ba53df36000-2ba53df4d000 r-xp 00007000 3d8:ad14e 144134765124034231     /work2/11056/zwu/frontera/miniconda3/envs/libyt/lib/libmpc.so.3.4.0
2ba53df4d000-2ba53df50000 r--p 0001e000 3d8:ad14e 144134765124034231     /work2/11056/zwu/frontera/miniconda3/envs/libyt/lib/libmpc.so.3.4.0
2ba53df50000-2ba53df51000 r--p 00021000 3d8:ad14e 144134765124034231     /work2/11056/zwu/frontera/miniconda3/envs/libyt/lib/libmpc.so.3.4.0
2ba53df51000-2ba53df52000 rw-p 00022000 3d8:ad14e 144134765124034231     /work2/11056/zwu/frontera/miniconda3/envs/libyt/lib/libmpc.so.3.4.0
2ba53df52000-2ba53df62000 r--p 00000000 3d8:ad14e 144134765124031173     /work2/11056/zwu/frontera/miniconda3/envs/libyt/lib/libmpfr.so.6.2.2
2ba53df62000-2ba53dfee000 r-xp 00010000 3d8:ad14e 144134765124031173     /work2/11056/zwu/frontera/miniconda3/envs/libyt/lib/libmpfr.so.6.2.2
2ba53dfee000-2ba53e004000 r--p 0009c000 3d8:ad14e 144134765124031173     /work2/11056/zwu/frontera/miniconda3/envs/libyt/lib/libmpfr.so.6.2.2
2ba53e004000-2ba53e007000 r--p 000b1000 3d8:ad14e 144134765124031173     /work2/11056/zwu/frontera/miniconda3/envs/libyt/lib/libmpfr.so.6.2.2
2ba53e007000-2ba53e010000 rw-p 000b4000 3d8:ad14e 144134765124031173     /work2/11056/zwu/frontera/miniconda3/envs/libyt/lib/libmpfr.so.6.2.2
2ba53e010000-2ba53e023000 r--p 00000000 3d8:ad14e 144131832097572289     /work2/11056/zwu/frontera/miniconda3/envs/libyt/lib/libgmp.so.10.5.0
2ba53e023000-2ba53e09e000 r-xp 00013000 3d8:ad14e 144131832097572289     /work2/11056/zwu/frontera/miniconda3/envs/libyt/lib/libgmp.so.10.5.0
2ba53e09e000-2ba53e0b5000 r--p 0008e000 3d8:ad14e 144131832097572289     /work2/11056/zwu/frontera/miniconda3/envs/libyt/lib/libgmp.so.10.5.0
2ba53e0b5000-2ba53e0b7000 r--p 000a5000 3d8:ad14e 144131832097572289     /work2/11056/zwu/frontera/miniconda3/envs/libyt/lib/libgmp.so.10.5.0
2ba53e0b7000-2ba53e0b8000 rw-p 000a7000 3d8:ad14e 144131832097572289     /work2/11056/zwu/frontera/miniconda3/envs/libyt/lib/libgmp.so.10.5.0
2ba53e0b8000-2ba53e0ba000 r--p 00000000 3d8:ad14e 144134765124013768     /work2/11056/zwu/frontera/miniconda3/envs/libyt/lib/python3.13/lib-dynload/binascii.cpython-313-x86_64-linux-gnu.so
2ba53e0ba000-2ba53e0bd000 r-xp 00002000 3d8:ad14e 144134765124013768     /work2/11056/zwu/frontera/miniconda3/envs/libyt/lib/python3.13/lib-dynload/binascii.cpython-313-x86_64-linux-gnu.so
2ba53e0bd000-2ba53e0bf000 r--p 00005000 3d8:ad14e 144134765124013768     /work2/11056/zwu/frontera/miniconda3/envs/libyt/lib/python3.13/lib-dynload/binascii.cpython-313-x86_64-linux-gnu.so
2ba53e0bf000-2ba53e0c0000 r--p 00006000 3d8:ad14e 144134765124013768     /work2/11056/zwu/frontera/miniconda3/envs/libyt/lib/python3.13/lib-dynload/binascii.cpython-313-x86_64-linux-gnu.so
2ba53e0c0000-2ba53e0c1000 rw-p 00007000 3d8:ad14e 144134765124013768     /work2/11056/zwu/frontera/miniconda3/envs/libyt/lib/python3.13/lib-dynload/binascii.cpython-313-x86_64-linux-gnu.so
2ba53e0c1000-2ba53e1c1000 rw-p 00000000 00:00 0 
2ba53e1c1000-2ba53e1c4000 r--p 00000000 3d8:ad14e 144134765124011395     /work2/11056/zwu/frontera/miniconda3/envs/libyt/lib/python3.13/lib-dynload/zlib.cpython-313-x86_64-linux-gnu.so
2ba53e1c4000-2ba53e1c8000 r-xp 00003000 3d8:ad14e 144134765124011395     /work2/11056/zwu/frontera/miniconda3/envs/libyt/lib/python3.13/lib-dynload/zlib.cpython-313-x86_64-linux-gnu.so
2ba53e1c8000-2ba53e1cb000 r--p 00007000 3d8:ad14e 144134765124011395     /work2/11056/zwu/frontera/miniconda3/envs/libyt/lib/python3.13/lib-dynload/zlib.cpython-313-x86_64-linux-gnu.so
2ba53e1cb000-2ba53e1cc000 r--p 0000a000 3d8:ad14e 144134765124011395     /work2/11056/zwu/frontera/miniconda3/envs/libyt/lib/python3.13/lib-dynload/zlib.cpython-313-x86_64-linux-gnu.so
2ba53e1cc000-2ba53e1cd000 rw-p 0000b000 3d8:ad14e 144134765124011395     /work2/11056/zwu/frontera/miniconda3/envs/libyt/lib/python3.13/lib-dynload/zlib.cpython-313-x86_64-linux-gnu.so
2ba53e1cd000-2ba53e1cf000 r--p 00000000 3d8:ad14e 144134765124013573     /work2/11056/zwu/frontera/miniconda3/envs/libyt/lib/python3.13/lib-dynload/_bz2.cpython-313-x86_64-linux-gnu.so
2ba53e1cf000-2ba53e1d1000 r-xp 00002000 3d8:ad14e 144134765124013573     /work2/11056/zwu/frontera/miniconda3/envs/libyt/lib/python3.13/lib-dynload/_bz2.cpython-313-x86_64-linux-gnu.so
2ba53e1d1000-2ba53e1d3000 r--p 00004000 3d8:ad14e 144134765124013573     /work2/11056/zwu/frontera/miniconda3/envs/libyt/lib/python3.13/lib-dynload/_bz2.cpython-313-x86_64-linux-gnu.so
2ba53e1d3000-2ba53e1d4000 r--p 00005000 3d8:ad14e 144134765124013573     /work2/11056/zwu/frontera/miniconda3/envs/libyt/lib/python3.13/lib-dynload/_bz2.cpython-313-x86_64-linux-gnu.so
2ba53e1d4000-2ba53e1d5000 rw-p 00006000 3d8:ad14e 144134765124013573     /work2/11056/zwu/frontera/miniconda3/envs/libyt/lib/python3.13/lib-dynload/_bz2.cpython-313-x86_64-linux-gnu.so
2ba53e1d5000-2ba53e1d7000 r--p 00000000 3d8:ad14e 144134765124009983     /work2/11056/zwu/frontera/miniconda3/envs/libyt/lib/libbz2.so.1.0.8
2ba53e1d7000-2ba53e1e6000 r-xp 00002000 3d8:ad14e 144134765124009983     /work2/11056/zwu/frontera/miniconda3/envs/libyt/lib/libbz2.so.1.0.8
2ba53e1e6000-2ba53e1e8000 r--p 00011000 3d8:ad14e 144134765124009983     /work2/11056/zwu/frontera/miniconda3/envs/libyt/lib/libbz2.so.1.0.8
2ba53e1e8000-2ba53e1e9000 r--p 00012000 3d8:ad14e 144134765124009983     /work2/11056/zwu/frontera/miniconda3/envs/libyt/lib/libbz2.so.1.0.8
2ba53e1e9000-2ba53e1ea000 rw-p 00013000 3d8:ad14e 144134765124009983     /work2/11056/zwu/frontera/miniconda3/envs/libyt/lib/libbz2.so.1.0.8
2ba53e1ea000-2ba53e1ed000 r--p 00000000 3d8:ad14e 144134765124012860     /work2/11056/zwu/frontera/miniconda3/envs/libyt/lib/python3.13/lib-dynload/_lzma.cpython-313-x86_64-linux-gnu.so
2ba53e1ed000-2ba53e1f1000 r-xp 00003000 3d8:ad14e 144134765124012860     /work2/11056/zwu/frontera/miniconda3/envs/libyt/lib/python3.13/lib-dynload/_lzma.cpython-313-x86_64-linux-gnu.so
2ba53e1f1000-2ba53e1f4000 r--p 00007000 3d8:ad14e 144134765124012860     /work2/11056/zwu/frontera/miniconda3/envs/libyt/lib/python3.13/lib-dynload/_lzma.cpython-313-x86_64-linux-gnu.so
2ba53e1f4000-2ba53e1f5000 r--p 00009000 3d8:ad14e 144134765124012860     /work2/11056/zwu/frontera/miniconda3/envs/libyt/lib/python3.13/lib-dynload/_lzma.cpython-313-x86_64-linux-gnu.so
2ba53e1f5000-2ba53e1f6000 rw-p 0000a000 3d8:ad14e 144134765124012860     /work2/11056/zwu/frontera/miniconda3/envs/libyt/lib/python3.13/lib-dynload/_lzma.cpython-313-x86_64-linux-gnu.so
2ba53e1f6000-2ba53e1fb000 r--p 00000000 3d8:ad14e 144134765124010171     /work2/11056/zwu/frontera/miniconda3/envs/libyt/lib/liblzma.so.5
2ba53e1fb000-2ba53e219000 r-xp 00005000 3d8:ad14e 144134765124010171     /work2/11056/zwu/frontera/miniconda3/envs/libyt/lib/liblzma.so.5
2ba53e219000-2ba53e225000 r--p 00023000 3d8:ad14e 144134765124010171     /work2/11056/zwu/frontera/miniconda3/envs/libyt/lib/liblzma.so.5
2ba53e225000-2ba53e226000 r--p 0002f000 3d8:ad14e 144134765124010171     /work2/11056/zwu/frontera/miniconda3/envs/libyt/lib/liblzma.so.5
2ba53e226000-2ba53e227000 rw-p 00030000 3d8:ad14e 144134765124010171     /work2/11056/zwu/frontera/miniconda3/envs/libyt/lib/liblzma.so.5
2ba53e227000-2ba53e229000 r--p 00000000 3d8:ad14e 144134765124013736     /work2/11056/zwu/frontera/miniconda3/envs/libyt/lib/python3.13/lib-dynload/_random.cpython-313-x86_64-linux-gnu.so
2ba53e229000-2ba53e22b000 r-xp 00002000 3d8:ad14e 144134765124013736     /work2/11056/zwu/frontera/miniconda3/envs/libyt/lib/python3.13/lib-dynload/_random.cpython-313-x86_64-linux-gnu.so
2ba53e22b000-2ba53e22c000 r--p 00004000 3d8:ad14e 144134765124013736     /work2/11056/zwu/frontera/miniconda3/envs/libyt/lib/python3.13/lib-dynload/_random.cpython-313-x86_64-linux-gnu.so
2ba53e22c000-2ba53e22d000 r--p 00004000 3d8:ad14e 144134765124013736     /work2/11056/zwu/frontera/miniconda3/envs/libyt/lib/python3.13/lib-dynload/_random.cpython-313-x86_64-linux-gnu.so
2ba53e22d000-2ba53e22e000 rw-p 00005000 3d8:ad14e 144134765124013736     /work2/11056/zwu/frontera/miniconda3/envs/libyt/lib/python3.13/lib-dynload/_random.cpython-313-x86_64-linux-gnu.so
2ba53e22e000-2ba53e32e000 rw-p 00000000 00:00 0 
2ba53e32e000-2ba53e330000 r--p 00000000 3d8:ad14e 144134765124011825     /work2/11056/zwu/frontera/miniconda3/envs/libyt/lib/python3.13/lib-dynload/cmath.cpython-313-x86_64-linux-gnu.so
2ba53e330000-2ba53e339000 r-xp 00002000 3d8:ad14e 144134765124011825     /work2/11056/zwu/frontera/miniconda3/envs/libyt/lib/python3.13/lib-dynload/cmath.cpython-313-x86_64-linux-gnu.so
2ba53e339000-2ba53e33b000 r--p 0000b000 3d8:ad14e 144134765124011825     /work2/11056/zwu/frontera/miniconda3/envs/libyt/lib/python3.13/lib-dynload/cmath.cpython-313-x86_64-linux-gnu.so
2ba53e33b000-2ba53e33c000 r--p 0000c000 3d8:ad14e 144134765124011825     /work2/11056/zwu/frontera/miniconda3/envs/libyt/lib/python3.13/lib-dynload/cmath.cpython-313-x86_64-linux-gnu.so
2ba53e33c000-2ba53e33d000 rw-p 0000d000 3d8:ad14e 144134765124011825     /work2/11056/zwu/frontera/miniconda3/envs/libyt/lib/python3.13/lib-dynload/cmath.cpython-313-x86_64-linux-gnu.so
2ba53e33d000-2ba53e63f000 rw-p 00000000 00:00 0 
2ba53e63f000-2ba53e648000 r--p 00000000 3d8:ad14e 144134765124012030     /work2/11056/zwu/frontera/miniconda3/envs/libyt/lib/python3.13/lib-dynload/_decimal.cpython-313-x86_64-linux-gnu.so
2ba53e648000-2ba53e65e000 r-xp 00009000 3d8:ad14e 144134765124012030     /work2/11056/zwu/frontera/miniconda3/envs/libyt/lib/python3.13/lib-dynload/_decimal.cpython-313-x86_64-linux-gnu.so
2ba53e65e000-2ba53e66b000 r--p 0001f000 3d8:ad14e 144134765124012030     /work2/11056/zwu/frontera/miniconda3/envs/libyt/lib/python3.13/lib-dynload/_decimal.cpython-313-x86_64-linux-gnu.so
2ba53e66b000-2ba53e66c000 r--p 0002b000 3d8:ad14e 144134765124012030     /work2/11056/zwu/frontera/miniconda3/envs/libyt/lib/python3.13/lib-dynload/_decimal.cpython-313-x86_64-linux-gnu.so
2ba53e66c000-2ba53e66f000 rw-p 0002c000 3d8:ad14e 144134765124012030     /work2/11056/zwu/frontera/miniconda3/envs/libyt/lib/python3.13/lib-dynload/_decimal.cpython-313-x86_64-linux-gnu.so
2ba53e66f000-2ba53e677000 r--p 00000000 3d8:ad14e 144134765124010257     /work2/11056/zwu/frontera/miniconda3/envs/libyt/lib/libmpdec.so.4.0.0
2ba53e677000-2ba53e698000 r-xp 00008000 3d8:ad14e 144134765124010257     /work2/11056/zwu/frontera/miniconda3/envs/libyt/lib/libmpdec.so.4.0.0
2ba53e698000-2ba53e69f000 r--p 00029000 3d8:ad14e 144134765124010257     /work2/11056/zwu/frontera/miniconda3/envs/libyt/lib/libmpdec.so.4.0.0
2ba53e69f000-2ba53e6a0000 r--p 00030000 3d8:ad14e 144134765124010257     /work2/11056/zwu/frontera/miniconda3/envs/libyt/lib/libmpdec.so.4.0.0
2ba53e6a0000-2ba53e6a1000 rw-p 00031000 3d8:ad14e 144134765124010257     /work2/11056/zwu/frontera/miniconda3/envs/libyt/lib/libmpdec.so.4.0.0
2ba53e6a1000-2ba53eaa1000 rw-p 00000000 00:00 0 
2ba53eaa1000-2ba53eaa5000 r--p 00000000 3d8:ad14e 144134765124013676     /work2/11056/zwu/frontera/miniconda3/envs/libyt/lib/python3.13/lib-dynload/array.cpython-313-x86_64-linux-gnu.so
2ba53eaa5000-2ba53eaac000 r-xp 00004000 3d8:ad14e 144134765124013676     /work2/11056/zwu/frontera/miniconda3/envs/libyt/lib/python3.13/lib-dynload/array.cpython-313-x86_64-linux-gnu.so
2ba53eaac000-2ba53eab1000 r--p 0000b000 3d8:ad14e 144134765124013676     /work2/11056/zwu/frontera/miniconda3/envs/libyt/lib/python3.13/lib-dynload/array.cpython-313-x86_64-linux-gnu.so
2ba53eab1000-2ba53eab2000 r--p 0000f000 3d8:ad14e 144134765124013676     /work2/11056/zwu/frontera/miniconda3/envs/libyt/lib/python3.13/lib-dynload/array.cpython-313-x86_64-linux-gnu.so
2ba53eab2000-2ba53eab3000 rw-p 00010000 3d8:ad14e 144134765124013676     /work2/11056/zwu/frontera/miniconda3/envs/libyt/lib/python3.13/lib-dynload/array.cpython-313-x86_64-linux-gnu.so
2ba53eab3000-2ba53ebb3000 rw-p 00000000 00:00 0 
2ba53ebb3000-2ba53ebb6000 r--p 00000000 3d8:ad14e 144134765124013795     /work2/11056/zwu/frontera/miniconda3/envs/libyt/lib/python3.13/lib-dynload/unicodedata.cpython-313-x86_64-linux-gnu.so
2ba53ebb6000-2ba53ebba000 r-xp 00003000 3d8:ad14e 144134765124013795     /work2/11056/zwu/frontera/miniconda3/envs/libyt/lib/python3.13/lib-dynload/unicodedata.cpython-313-x86_64-linux-gnu.so
2ba53ebba000-2ba53ec5d000 r--p 00007000 3d8:ad14e 144134765124013795     /work2/11056/zwu/frontera/miniconda3/envs/libyt/lib/python3.13/lib-dynload/unicodedata.cpython-313-x86_64-linux-gnu.so
2ba53ec5d000-2ba53ec5e000 r--p 000aa000 3d8:ad14e 144134765124013795     /work2/11056/zwu/frontera/miniconda3/envs/libyt/lib/python3.13/lib-dynload/unicodedata.cpython-313-x86_64-linux-gnu.so
2ba53ec5e000-2ba53ec5f000 rw-p 000ab000 3d8:ad14e 144134765124013795     /work2/11056/zwu/frontera/miniconda3/envs/libyt/lib/python3.13/lib-dynload/unicodedata.cpython-313-x86_64-linux-gnu.so
2ba53ec5f000-2ba53f05f000 rw-p 00000000 00:00 0 
2ba53f05f000-2ba53f061000 r--p 00000000 3d8:ad14e 144134765124011950     /work2/11056/zwu/frontera/miniconda3/envs/libyt/lib/python3.13/lib-dynload/fcntl.cpython-313-x86_64-linux-gnu.so
2ba53f061000-2ba53f063000 r-xp 00002000 3d8:ad14e 144134765124011950     /work2/11056/zwu/frontera/miniconda3/envs/libyt/lib/python3.13/lib-dynload/fcntl.cpython-313-x86_64-linux-gnu.so
2ba53f063000-2ba53f065000 r--p 00004000 3d8:ad14e 144134765124011950     /work2/11056/zwu/frontera/miniconda3/envs/libyt/lib/python3.13/lib-dynload/fcntl.cpython-313-x86_64-linux-gnu.so
2ba53f065000-2ba53f066000 r--p 00005000 3d8:ad14e 144134765124011950     /work2/11056/zwu/frontera/miniconda3/envs/libyt/lib/python3.13/lib-dynload/fcntl.cpython-313-x86_64-linux-gnu.so
2ba53f066000-2ba53f067000 rw-p 00006000 3d8:ad14e 144134765124011950     /work2/11056/zwu/frontera/miniconda3/envs/libyt/lib/python3.13/lib-dynload/fcntl.cpython-313-x86_64-linux-gnu.so
2ba53f067000-2ba53f069000 r--p 00000000 3d8:ad14e 144134765124010960     /work2/11056/zwu/frontera/miniconda3/envs/libyt/lib/python3.13/lib-dynload/_posixsubprocess.cpython-313-x86_64-linux-gnu.so
2ba53f069000-2ba53f06c000 r-xp 00002000 3d8:ad14e 144134765124010960     /work2/11056/zwu/frontera/miniconda3/envs/libyt/lib/python3.13/lib-dynload/_posixsubprocess.cpython-313-x86_64-linux-gnu.so
2ba53f06c000-2ba53f06d000 r--p 00005000 3d8:ad14e 144134765124010960     /work2/11056/zwu/frontera/miniconda3/envs/libyt/lib/python3.13/lib-dynload/_posixsubprocess.cpython-313-x86_64-linux-gnu.so
2ba53f06d000-2ba53f06e000 r--p 00006000 3d8:ad14e 144134765124010960     /work2/11056/zwu/frontera/miniconda3/envs/libyt/lib/python3.13/lib-dynload/_posixsubprocess.cpython-313-x86_64-linux-gnu.so
2ba53f06e000-2ba53f06f000 rw-p 00007000 3d8:ad14e 144134765124010960     /work2/11056/zwu/frontera/miniconda3/envs/libyt/lib/python3.13/lib-dynload/_posixsubprocess.cpython-313-x86_64-linux-gnu.so
2ba53f06f000-2ba53f072000 r--p 00000000 3d8:ad14e 144134765124013617     /work2/11056/zwu/frontera/miniconda3/envs/libyt/lib/python3.13/lib-dynload/select.cpython-313-x86_64-linux-gnu.so
2ba53f072000-2ba53f075000 r-xp 00003000 3d8:ad14e 144134765124013617     /work2/11056/zwu/frontera/miniconda3/envs/libyt/lib/python3.13/lib-dynload/select.cpython-313-x86_64-linux-gnu.so
2ba53f075000-2ba53f077000 r--p 00006000 3d8:ad14e 144134765124013617     /work2/11056/zwu/frontera/miniconda3/envs/libyt/lib/python3.13/lib-dynload/select.cpython-313-x86_64-linux-gnu.so
2ba53f077000-2ba53f078000 r--p 00008000 3d8:ad14e 144134765124013617     /work2/11056/zwu/frontera/miniconda3/envs/libyt/lib/python3.13/lib-dynload/select.cpython-313-x86_64-linux-gnu.so
2ba53f078000-2ba53f079000 rw-p 00009000 3d8:ad14e 144134765124013617     /work2/11056/zwu/frontera/miniconda3/envs/libyt/lib/python3.13/lib-dynload/select.cpython-313-x86_64-linux-gnu.so
2ba53f079000-2ba53fc79000 rw-p 00000000 00:00 0 
2ba53fc79000-2ba53fc7a000 r--p 00000000 3d8:ad14e 144134765124013189     /work2/11056/zwu/frontera/miniconda3/envs/libyt/lib/python3.13/lib-dynload/_heapq.cpython-313-x86_64-linux-gnu.so
2ba53fc7a000-2ba53fc7d000 r-xp 00001000 3d8:ad14e 144134765124013189     /work2/11056/zwu/frontera/miniconda3/envs/libyt/lib/python3.13/lib-dynload/_heapq.cpython-313-x86_64-linux-gnu.so
2ba53fc7d000-2ba53fc80000 r--p 00004000 3d8:ad14e 144134765124013189     /work2/11056/zwu/frontera/miniconda3/envs/libyt/lib/python3.13/lib-dynload/_heapq.cpython-313-x86_64-linux-gnu.so
2ba53fc80000-2ba53fc81000 r--p 00006000 3d8:ad14e 144134765124013189     /work2/11056/zwu/frontera/miniconda3/envs/libyt/lib/python3.13/lib-dynload/_heapq.cpython-313-x86_64-linux-gnu.so
2ba53fc81000-2ba53fc82000 rw-p 00007000 3d8:ad14e 144134765124013189     /work2/11056/zwu/frontera/miniconda3/envs/libyt/lib/python3.13/lib-dynload/_heapq.cpython-313-x86_64-linux-gnu.so
2ba53fc82000-2ba53fc84000 r--p 00000000 3d8:ad14e 144134765124013024     /work2/11056/zwu/frontera/miniconda3/envs/libyt/lib/python3.13/lib-dynload/_queue.cpython-313-x86_64-linux-gnu.so
2ba53fc84000-2ba53fc85000 r-xp 00002000 3d8:ad14e 144134765124013024     /work2/11056/zwu/frontera/miniconda3/envs/libyt/lib/python3.13/lib-dynload/_queue.cpython-313-x86_64-linux-gnu.so
2ba53fc85000-2ba53fc86000 r--p 00003000 3d8:ad14e 144134765124013024     /work2/11056/zwu/frontera/miniconda3/envs/libyt/lib/python3.13/lib-dynload/_queue.cpython-313-x86_64-linux-gnu.so
2ba53fc86000-2ba53fc87000 r--p 00003000 3d8:ad14e 144134765124013024     /work2/11056/zwu/frontera/miniconda3/envs/libyt/lib/python3.13/lib-dynload/_queue.cpython-313-x86_64-linux-gnu.so
2ba53fc87000-2ba53fc88000 rw-p 00004000 3d8:ad14e 144134765124013024     /work2/11056/zwu/frontera/miniconda3/envs/libyt/lib/python3.13/lib-dynload/_queue.cpython-313-x86_64-linux-gnu.so
2ba53fc88000-2ba53fe88000 rw-p 00000000 00:00 0 
2ba53fe88000-2ba53fe89000 r--p 00000000 3d8:ad14e 144134765124013751     /work2/11056/zwu/frontera/miniconda3/envs/libyt/lib/python3.13/lib-dynload/_uuid.cpython-313-x86_64-linux-gnu.so
2ba53fe89000-2ba53fe8a000 r-xp 00001000 3d8:ad14e 144134765124013751     /work2/11056/zwu/frontera/miniconda3/envs/libyt/lib/python3.13/lib-dynload/_uuid.cpython-313-x86_64-linux-gnu.so
2ba53fe8a000-2ba53fe8b000 r--p 00002000 3d8:ad14e 144134765124013751     /work2/11056/zwu/frontera/miniconda3/envs/libyt/lib/python3.13/lib-dynload/_uuid.cpython-313-x86_64-linux-gnu.so
2ba53fe8b000-2ba53fe8c000 r--p 00002000 3d8:ad14e 144134765124013751     /work2/11056/zwu/frontera/miniconda3/envs/libyt/lib/python3.13/lib-dynload/_uuid.cpython-313-x86_64-linux-gnu.so
2ba53fe8c000-2ba53fe8d000 rw-p 00003000 3d8:ad14e 144134765124013751     /work2/11056/zwu/frontera/miniconda3/envs/libyt/lib/python3.13/lib-dynload/_uuid.cpython-313-x86_64-linux-gnu.so
2ba53fe8d000-2ba53fe8f000 r--p 00000000 3d8:ad14e 144134765124013890     /work2/11056/zwu/frontera/miniconda3/envs/libyt/lib/libuuid.so.1.3.0
2ba53fe8f000-2ba53fe93000 r-xp 00002000 3d8:ad14e 144134765124013890     /work2/11056/zwu/frontera/miniconda3/envs/libyt/lib/libuuid.so.1.3.0
2ba53fe93000-2ba53fe94000 r--p 00006000 3d8:ad14e 144134765124013890     /work2/11056/zwu/frontera/miniconda3/envs/libyt/lib/libuuid.so.1.3.0
2ba53fe94000-2ba53fe95000 r--p 00007000 3d8:ad14e 144134765124013890     /work2/11056/zwu/frontera/miniconda3/envs/libyt/lib/libuuid.so.1.3.0
2ba53fe95000-2ba53fe96000 rw-p 00008000 3d8:ad14e 144134765124013890     /work2/11056/zwu/frontera/miniconda3/envs/libyt/lib/libuuid.so.1.3.0
2ba53fe96000-2ba53fe9c000 r--p 00000000 3d8:ad14e 144134765124033271     /work2/11056/zwu/frontera/miniconda3/envs/libyt/lib/python3.13/site-packages/matplotlib/_c_internal_utils.cpython-313-x86_64-linux-gnu.so
2ba53fe9c000-2ba53feb6000 r-xp 00006000 3d8:ad14e 144134765124033271     /work2/11056/zwu/frontera/miniconda3/envs/libyt/lib/python3.13/site-packages/matplotlib/_c_internal_utils.cpython-313-x86_64-linux-gnu.so
2ba53feb6000-2ba53febc000 r--p 00020000 3d8:ad14e 144134765124033271     /work2/11056/zwu/frontera/miniconda3/envs/libyt/lib/python3.13/site-packages/matplotlib/_c_internal_utils.cpython-313-x86_64-linux-gnu.so
2ba53febc000-2ba53febd000 r--p 00026000 3d8:ad14e 144134765124033271     /work2/11056/zwu/frontera/miniconda3/envs/libyt/lib/python3.13/site-packages/matplotlib/_c_internal_utils.cpython-313-x86_64-linux-gnu.so
2ba53febd000-2ba53febe000 rw-p 00027000 3d8:ad14e 144134765124033271     /work2/11056/zwu/frontera/miniconda3/envs/libyt/lib/python3.13/site-packages/matplotlib/_c_internal_utils.cpython-313-x86_64-linux-gnu.so
2ba53febe000-2ba53ffbe000 rw-p 00000000 00:00 0 
2ba53ffbe000-2ba53ffd1000 r--p 00000000 3d8:ad14e 144134765124029085     /work2/11056/zwu/frontera/miniconda3/envs/libyt/lib/python3.13/site-packages/PIL/_imaging.cpython-313-x86_64-linux-gnu.so
2ba53ffd1000-2ba540042000 r-xp 00013000 3d8:ad14e 144134765124029085     /work2/11056/zwu/frontera/miniconda3/envs/libyt/lib/python3.13/site-packages/PIL/_imaging.cpython-313-x86_64-linux-gnu.so
2ba540042000-2ba540053000 r--p 00084000 3d8:ad14e 144134765124029085     /work2/11056/zwu/frontera/miniconda3/envs/libyt/lib/python3.13/site-packages/PIL/_imaging.cpython-313-x86_64-linux-gnu.so
2ba540053000-2ba540057000 r--p 00095000 3d8:ad14e 144134765124029085     /work2/11056/zwu/frontera/miniconda3/envs/libyt/lib/python3.13/site-packages/PIL/_imaging.cpython-313-x86_64-linux-gnu.so
2ba540057000-2ba54005a000 rw-p 00099000 3d8:ad14e 144134765124029085     /work2/11056/zwu/frontera/miniconda3/envs/libyt/lib/python3.13/site-packages/PIL/_imaging.cpython-313-x86_64-linux-gnu.so
2ba54005a000-2ba540064000 r--p 00000000 3d8:ad14e 144134765124032559     /work2/11056/zwu/frontera/miniconda3/envs/libyt/lib/libtiff.so.6.2.0
2ba540064000-2ba5400bb000 r-xp 0000a000 3d8:ad14e 144134765124032559     /work2/11056/zwu/frontera/miniconda3/envs/libyt/lib/libtiff.so.6.2.0
2ba5400bb000-2ba5400ed000 r--p 00061000 3d8:ad14e 144134765124032559     /work2/11056/zwu/frontera/miniconda3/envs/libyt/lib/libtiff.so.6.2.0
2ba5400ed000-2ba5400f2000 r--p 00092000 3d8:ad14e 144134765124032559     /work2/11056/zwu/frontera/miniconda3/envs/libyt/lib/libtiff.so.6.2.0
2ba5400f2000-2ba5400f3000 rw-p 00097000 3d8:ad14e 144134765124032559     /work2/11056/zwu/frontera/miniconda3/envs/libyt/lib/libtiff.so.6.2.0
2ba5400f3000-2ba5400fa000 r--p 00000000 3d8:ad14e 144134765124033267     /work2/11056/zwu/frontera/miniconda3/envs/libyt/lib/libjpeg.so.8.3.2
2ba5400fa000-2ba540192000 r-xp 00007000 3d8:ad14e 144134765124033267     /work2/11056/zwu/frontera/miniconda3/envs/libyt/lib/libjpeg.so.8.3.2
2ba540192000-2ba5401bb000 r--p 0009f000 3d8:ad14e 144134765124033267     /work2/11056/zwu/frontera/miniconda3/envs/libyt/lib/libjpeg.so.8.3.2
2ba5401bb000-2ba5401bc000 r--p 000c8000 3d8:ad14e 144134765124033267     /work2/11056/zwu/frontera/miniconda3/envs/libyt/lib/libjpeg.so.8.3.2
2ba5401bc000-2ba5401bd000 rw-p 000c9000 3d8:ad14e 144134765124033267     /work2/11056/zwu/frontera/miniconda3/envs/libyt/lib/libjpeg.so.8.3.2
2ba5401bd000-2ba5401c6000 r--p 00000000 3d8:ad14e 144131832282144881     /work2/11056/zwu/frontera/miniconda3/envs/libyt/lib/libopenjp2.so.2.5.4
2ba5401c6000-2ba54021d000 r-xp 00009000 3d8:ad14e 144131832282144881     /work2/11056/zwu/frontera/miniconda3/envs/libyt/lib/libopenjp2.so.2.5.4
2ba54021d000-2ba540230000 r--p 00060000 3d8:ad14e 144131832282144881     /work2/11056/zwu/frontera/miniconda3/envs/libyt/lib/libopenjp2.so.2.5.4
2ba540230000-2ba540232000 r--p 00072000 3d8:ad14e 144131832282144881     /work2/11056/zwu/frontera/miniconda3/envs/libyt/lib/libopenjp2.so.2.5.4
2ba540232000-2ba540233000 rw-p 00074000 3d8:ad14e 144131832282144881     /work2/11056/zwu/frontera/miniconda3/envs/libyt/lib/libopenjp2.so.2.5.4
2ba540233000-2ba540236000 r--p 00000000 3d8:ad14e 144134765124034036     /work2/11056/zwu/frontera/miniconda3/envs/libyt/lib/libz-ng.so.2.3.3
2ba540236000-2ba540254000 r-xp 00003000 3d8:ad14e 144134765124034036     /work2/11056/zwu/frontera/miniconda3/envs/libyt/lib/libz-ng.so.2.3.3
2ba540254000-2ba54025e000 r--p 00021000 3d8:ad14e 144134765124034036     /work2/11056/zwu/frontera/miniconda3/envs/libyt/lib/libz-ng.so.2.3.3
2ba54025e000-2ba54025f000 r--p 0002a000 3d8:ad14e 144134765124034036     /work2/11056/zwu/frontera/miniconda3/envs/libyt/lib/libz-ng.so.2.3.3
2ba54025f000-2ba540260000 rw-p 0002b000 3d8:ad14e 144134765124034036     /work2/11056/zwu/frontera/miniconda3/envs/libyt/lib/libz-ng.so.2.3.3
2ba540260000-2ba54026e000 r--p 00000000 3d8:ad14e 144134765124032818     /work2/11056/zwu/frontera/miniconda3/envs/libyt/lib/libxcb.so.1.1.0
2ba54026e000-2ba540282000 r-xp 0000e000 3d8:ad14e 144134765124032818     /work2/11056/zwu/frontera/miniconda3/envs/libyt/lib/libxcb.so.1.1.0
2ba540282000-2ba54028b000 r--p 00022000 3d8:ad14e 144134765124032818     /work2/11056/zwu/frontera/miniconda3/envs/libyt/lib/libxcb.so.1.1.0
2ba54028b000-2ba54028c000 r--p 0002a000 3d8:ad14e 144134765124032818     /work2/11056/zwu/frontera/miniconda3/envs/libyt/lib/libxcb.so.1.1.0
2ba54028c000-2ba54028d000 rw-p 0002b000 3d8:ad14e 144134765124032818     /work2/11056/zwu/frontera/miniconda3/envs/libyt/lib/libxcb.so.1.1.0
2ba54028d000-2ba540291000 r--p 00000000 3d8:ad14e 144131832282144317     /work2/11056/zwu/frontera/miniconda3/envs/libyt/lib/libwebp.so.7.2.0
2ba540291000-2ba54032c000 r-xp 00004000 3d8:ad14e 144131832282144317     /work2/11056/zwu/frontera/miniconda3/envs/libyt/lib/libwebp.so.7.2.0
2ba54032c000-2ba540340000 r--p 0009f000 3d8:ad14e 144131832282144317     /work2/11056/zwu/frontera/miniconda3/envs/libyt/lib/libwebp.so.7.2.0
2ba540340000-2ba540341000 r--p 000b2000 3d8:ad14e 144131832282144317     /work2/11056/zwu/frontera/miniconda3/envs/libyt/lib/libwebp.so.7.2.0
2ba540341000-2ba540342000 rw-p 000b3000 3d8:ad14e 144131832282144317     /work2/11056/zwu/frontera/miniconda3/envs/libyt/lib/libwebp.so.7.2.0
2ba540342000-2ba540343000 rw-p 00000000 00:00 0 
2ba540343000-2ba540351000 r--p 00000000 3d8:ad14e 144134765124010151     /work2/11056/zwu/frontera/miniconda3/envs/libyt/lib/libzstd.so.1.5.7
2ba540351000-2ba540444000 r-xp 0000e000 3d8:ad14e 144134765124010151     /work2/11056/zwu/frontera/miniconda3/envs/libyt/lib/libzstd.so.1.5.7
2ba540444000-2ba54045a000 r--p 00101000 3d8:ad14e 144134765124010151     /work2/11056/zwu/frontera/miniconda3/envs/libyt/lib/libzstd.so.1.5.7
2ba54045a000-2ba54045b000 r--p 00117000 3d8:ad14e 144134765124010151     /work2/11056/zwu/frontera/miniconda3/envs/libyt/lib/libzstd.so.1.5.7
2ba54045b000-2ba54045c000 rw-p 00118000 3d8:ad14e 144134765124010151     /work2/11056/zwu/frontera/miniconda3/envs/libyt/lib/libzstd.so.1.5.7
2ba54045c000-2ba540469000 r--p 00000000 3d8:ad14e 144134765124033483     /work2/11056/zwu/frontera/miniconda3/envs/libyt/lib/libLerc.so.4
2ba540469000-2ba54051e000 r-xp 0000d000 3d8:ad14e 144134765124033483     /work2/11056/zwu/frontera/miniconda3/envs/libyt/lib/libLerc.so.4
2ba54051e000-2ba540529000 r--p 000c2000 3d8:ad14e 144134765124033483     /work2/11056/zwu/frontera/miniconda3/envs/libyt/lib/libLerc.so.4
2ba540529000-2ba54052a000 r--p 000cc000 3d8:ad14e 144134765124033483     /work2/11056/zwu/frontera/miniconda3/envs/libyt/lib/libLerc.so.4
2ba54052a000-2ba54052b000 rw-p 000cd000 3d8:ad14e 144134765124033483     /work2/11056/zwu/frontera/miniconda3/envs/libyt/lib/libLerc.so.4
2ba54052b000-2ba54052c000 r--p 00000000 3d8:ad14e 144134765124034809     /work2/11056/zwu/frontera/miniconda3/envs/libyt/lib/libdeflate.so.0
2ba54052c000-2ba54053d000 r-xp 00001000 3d8:ad14e 144134765124034809     /work2/11056/zwu/frontera/miniconda3/envs/libyt/lib/libdeflate.so.0
2ba54053d000-2ba540542000 r--p 00012000 3d8:ad14e 144134765124034809     /work2/11056/zwu/frontera/miniconda3/envs/libyt/lib/libdeflate.so.0
2ba540542000-2ba540543000 r--p 00016000 3d8:ad14e 144134765124034809     /work2/11056/zwu/frontera/miniconda3/envs/libyt/lib/libdeflate.so.0
2ba540543000-2ba540544000 rw-p 00017000 3d8:ad14e 144134765124034809     /work2/11056/zwu/frontera/miniconda3/envs/libyt/lib/libdeflate.so.0
2ba540544000-2ba540545000 r--p 00000000 3d8:ad14e 144134765124035399     /work2/11056/zwu/frontera/miniconda3/envs/libyt/lib/libXau.so.6.0.0
2ba540545000-2ba540546000 r-xp 00001000 3d8:ad14e 144134765124035399     /work2/11056/zwu/frontera/miniconda3/envs/libyt/lib/libXau.so.6.0.0
2ba540546000-2ba540547000 r--p 00002000 3d8:ad14e 144134765124035399     /work2/11056/zwu/frontera/miniconda3/envs/libyt/lib/libXau.so.6.0.0
2ba540547000-2ba540548000 r--p 00002000 3d8:ad14e 144134765124035399     /work2/11056/zwu/frontera/miniconda3/envs/libyt/lib/libXau.so.6.0.0
2ba540548000-2ba540549000 rw-p 00003000 3d8:ad14e 144134765124035399     /work2/11056/zwu/frontera/miniconda3/envs/libyt/lib/libXau.so.6.0.0
2ba540549000-2ba54054b000 r--p 00000000 3d8:ad14e 144134765124035348     /work2/11056/zwu/frontera/miniconda3/envs/libyt/lib/libXdmcp.so.6.0.0
2ba54054b000-2ba54054d000 r-xp 00002000 3d8:ad14e 144134765124035348     /work2/11056/zwu/frontera/miniconda3/envs/libyt/lib/libXdmcp.so.6.0.0
2ba54054d000-2ba54054f000 r--p 00004000 3d8:ad14e 144134765124035348     /work2/11056/zwu/frontera/miniconda3/envs/libyt/lib/libXdmcp.so.6.0.0
2ba54054f000-2ba540550000 r--p 00005000 3d8:ad14e 144134765124035348     /work2/11056/zwu/frontera/miniconda3/envs/libyt/lib/libXdmcp.so.6.0.0
2ba540550000-2ba540551000 rw-p 00006000 3d8:ad14e 144134765124035348     /work2/11056/zwu/frontera/miniconda3/envs/libyt/lib/libXdmcp.so.6.0.0
2ba540551000-2ba540552000 r--p 00000000 3d8:ad14e 144131832282144283     /work2/11056/zwu/frontera/miniconda3/envs/libyt/lib/libsharpyuv.so.0.1.2
2ba540552000-2ba54055a000 r-xp 00001000 3d8:ad14e 144131832282144283     /work2/11056/zwu/frontera/miniconda3/envs/libyt/lib/libsharpyuv.so.0.1.2
2ba54055a000-2ba54055b000 r--p 00009000 3d8:ad14e 144131832282144283     /work2/11056/zwu/frontera/miniconda3/envs/libyt/lib/libsharpyuv.so.0.1.2
2ba54055b000-2ba54055c000 r--p 00009000 3d8:ad14e 144131832282144283     /work2/11056/zwu/frontera/miniconda3/envs/libyt/lib/libsharpyuv.so.0.1.2
2ba54055c000-2ba54055d000 rw-p 0000a000 3d8:ad14e 144131832282144283     /work2/11056/zwu/frontera/miniconda3/envs/libyt/lib/libsharpyuv.so.0.1.2
2ba54055d000-2ba54065e000 rw-p 00000000 00:00 0 
2ba54065e000-2ba540665000 r--p 00000000 3d8:ad14e 144134765124032264     /work2/11056/zwu/frontera/miniconda3/envs/libyt/lib/python3.13/site-packages/matplotlib/_path.cpython-313-x86_64-linux-gnu.so
2ba540665000-2ba5406a4000 r-xp 00007000 3d8:ad14e 144134765124032264     /work2/11056/zwu/frontera/miniconda3/envs/libyt/lib/python3.13/site-packages/matplotlib/_path.cpython-313-x86_64-linux-gnu.so
2ba5406a4000-2ba5406b1000 r--p 00046000 3d8:ad14e 144134765124032264     /work2/11056/zwu/frontera/miniconda3/envs/libyt/lib/python3.13/site-packages/matplotlib/_path.cpython-313-x86_64-linux-gnu.so
2ba5406b1000-2ba5406b2000 r--p 00053000 3d8:ad14e 144134765124032264     /work2/11056/zwu/frontera/miniconda3/envs/libyt/lib/python3.13/site-packages/matplotlib/_path.cpython-313-x86_64-linux-gnu.so
2ba5406b2000-2ba5406b3000 rw-p 00054000 3d8:ad14e 144134765124032264     /work2/11056/zwu/frontera/miniconda3/envs/libyt/lib/python3.13/site-packages/matplotlib/_path.cpython-313-x86_64-linux-gnu.so
2ba5406b3000-2ba5406b4000 rw-p 00000000 00:00 0 
2ba5406b4000-2ba5406bb000 r--p 00000000 3d8:ad14e 144134765124033090     /work2/11056/zwu/frontera/miniconda3/envs/libyt/lib/python3.13/site-packages/matplotlib/_image.cpython-313-x86_64-linux-gnu.so
2ba5406bb000-2ba540703000 r-xp 00007000 3d8:ad14e 144134765124033090     /work2/11056/zwu/frontera/miniconda3/envs/libyt/lib/python3.13/site-packages/matplotlib/_image.cpython-313-x86_64-linux-gnu.so
2ba540703000-2ba54070f000 r--p 0004f000 3d8:ad14e 144134765124033090     /work2/11056/zwu/frontera/miniconda3/envs/libyt/lib/python3.13/site-packages/matplotlib/_image.cpython-313-x86_64-linux-gnu.so
2ba54070f000-2ba540710000 r--p 0005b000 3d8:ad14e 144134765124033090     /work2/11056/zwu/frontera/miniconda3/envs/libyt/lib/python3.13/site-packages/matplotlib/_image.cpython-313-x86_64-linux-gnu.so
2ba540710000-2ba540711000 rw-p 0005c000 3d8:ad14e 144134765124033090     /work2/11056/zwu/frontera/miniconda3/envs/libyt/lib/python3.13/site-packages/matplotlib/_image.cpython-313-x86_64-linux-gnu.so
2ba540711000-2ba540b12000 rw-p 00000000 00:00 0 
2ba540b12000-2ba540b1c000 r--p 00000000 3d8:ad14e 144134765124031774     /work2/11056/zwu/frontera/miniconda3/envs/libyt/lib/python3.13/site-packages/matplotlib/ft2font.cpython-313-x86_64-linux-gnu.so
2ba540b1c000-2ba540b6b000 r-xp 0000a000 3d8:ad14e 144134765124031774     /work2/11056/zwu/frontera/miniconda3/envs/libyt/lib/python3.13/site-packages/matplotlib/ft2font.cpython-313-x86_64-linux-gnu.so
2ba540b6b000-2ba540b82000 r--p 00059000 3d8:ad14e 144134765124031774     /work2/11056/zwu/frontera/miniconda3/envs/libyt/lib/python3.13/site-packages/matplotlib/ft2font.cpython-313-x86_64-linux-gnu.so
2ba540b82000-2ba540b84000 r--p 0006f000 3d8:ad14e 144134765124031774     /work2/11056/zwu/frontera/miniconda3/envs/libyt/lib/python3.13/site-packages/matplotlib/ft2font.cpython-313-x86_64-linux-gnu.so
2ba540b84000-2ba540b85000 rw-p 00071000 3d8:ad14e 144134765124031774     /work2/11056/zwu/frontera/miniconda3/envs/libyt/lib/python3.13/site-packages/matplotlib/ft2font.cpython-313-x86_64-linux-gnu.so
2ba540b85000-2ba540b93000 r--p 00000000 3d8:ad14e 144134765124033074     /work2/11056/zwu/frontera/miniconda3/envs/libyt/lib/libfreetype.so.6.20.6
2ba540b93000-2ba540c15000 r-xp 0000e000 3d8:ad14e 144134765124033074     /work2/11056/zwu/frontera/miniconda3/envs/libyt/lib/libfreetype.so.6.20.6
2ba540c15000-2ba540c3f000 r--p 00090000 3d8:ad14e 144134765124033074     /work2/11056/zwu/frontera/miniconda3/envs/libyt/lib/libfreetype.so.6.20.6
2ba540c3f000-2ba540c47000 r--p 000b9000 3d8:ad14e 144134765124033074     /work2/11056/zwu/frontera/miniconda3/envs/libyt/lib/libfreetype.so.6.20.6
2ba540c47000-2ba540c48000 rw-p 000c1000 3d8:ad14e 144134765124033074     /work2/11056/zwu/frontera/miniconda3/envs/libyt/lib/libfreetype.so.6.20.6
2ba540c48000-2ba540c4f000 r--p 00000000 3d8:ad14e 144134765124033492     /work2/11056/zwu/frontera/miniconda3/envs/libyt/lib/libpng16.so.16.58.0
2ba540c4f000-2ba540c7a000 r-xp 00007000 3d8:ad14e 144134765124033492     /work2/11056/zwu/frontera/miniconda3/envs/libyt/lib/libpng16.so.16.58.0
2ba540c7a000-2ba540c85000 r--p 00032000 3d8:ad14e 144134765124033492     /work2/11056/zwu/frontera/miniconda3/envs/libyt/lib/libpng16.so.16.58.0
2ba540c85000-2ba540c86000 r--p 0003d000 3d8:ad14e 144134765124033492     /work2/11056/zwu/frontera/miniconda3/envs/libyt/lib/libpng16.so.16.58.0
2ba540c86000-2ba540c87000 rw-p 0003e000 3d8:ad14e 144134765124033492     /work2/11056/zwu/frontera/miniconda3/envs/libyt/lib/libpng16.so.16.58.0
2ba540c87000-2ba540c8d000 r--p 00000000 3d8:ad14e 144134765124034652     /work2/11056/zwu/frontera/miniconda3/envs/libyt/lib/python3.13/site-packages/kiwisolver/_cext.cpython-313-x86_64-linux-gnu.so
2ba540c8d000-2ba540ca7000 r-xp 00006000 3d8:ad14e 144134765124034652     /work2/11056/zwu/frontera/miniconda3/envs/libyt/lib/python3.13/site-packages/kiwisolver/_cext.cpython-313-x86_64-linux-gnu.so
2ba540ca7000-2ba540cac000 r--p 00020000 3d8:ad14e 144134765124034652     /work2/11056/zwu/frontera/miniconda3/envs/libyt/lib/python3.13/site-packages/kiwisolver/_cext.cpython-313-x86_64-linux-gnu.so
2ba540cac000-2ba540cad000 r--p 00025000 3d8:ad14e 144134765124034652     /work2/11056/zwu/frontera/miniconda3/envs/libyt/lib/python3.13/site-packages/kiwisolver/_cext.cpython-313-x86_64-linux-gnu.so
2ba540cad000-2ba540cae000 rw-p 00026000 3d8:ad14e 144134765124034652     /work2/11056/zwu/frontera/miniconda3/envs/libyt/lib/python3.13/site-packages/kiwisolver/_cext.cpython-313-x86_64-linux-gnu.so
2ba540cae000-2ba540dae000 rw-p 00000000 00:00 0 
2ba540dae000-2ba540dbd000 r--p 00000000 3d8:ad14e 144134765124035596     /work2/11056/zwu/frontera/miniconda3/envs/libyt/lib/python3.13/site-packages/yt/geometry/selection_routines.cpython-313-x86_64-linux-gnu.so
2ba540dbd000-2ba540e5b000 r-xp 0000f000 3d8:ad14e 144134765124035596     /work2/11056/zwu/frontera/miniconda3/envs/libyt/lib/python3.13/site-packages/yt/geometry/selection_routines.cpython-313-x86_64-linux-gnu.so
2ba540e5b000-2ba540e74000 r--p 000ad000 3d8:ad14e 144134765124035596     /work2/11056/zwu/frontera/miniconda3/envs/libyt/lib/python3.13/site-packages/yt/geometry/selection_routines.cpython-313-x86_64-linux-gnu.so
2ba540e74000-2ba540e76000 r--p 000c6000 3d8:ad14e 144134765124035596     /work2/11056/zwu/frontera/miniconda3/envs/libyt/lib/python3.13/site-packages/yt/geometry/selection_routines.cpython-313-x86_64-linux-gnu.so
2ba540e76000-2ba540e7e000 rw-p 000c8000 3d8:ad14e 144134765124035596     /work2/11056/zwu/frontera/miniconda3/envs/libyt/lib/python3.13/site-packages/yt/geometry/selection_routines.cpython-313-x86_64-linux-gnu.so
2ba540e7e000-2ba540e81000 rw-p 00000000 00:00 0 
2ba540e81000-2ba540e8a000 r--p 00000000 3d8:ad14e 144134765124035558     /work2/11056/zwu/frontera/miniconda3/envs/libyt/lib/python3.13/site-packages/yt/geometry/oct_visitors.cpython-313-x86_64-linux-gnu.so
2ba540e8a000-2ba540ef4000 r-xp 00009000 3d8:ad14e 144134765124035558     /work2/11056/zwu/frontera/miniconda3/envs/libyt/lib/python3.13/site-packages/yt/geometry/oct_visitors.cpython-313-x86_64-linux-gnu.so
2ba540ef4000-2ba540f03000 r--p 00073000 3d8:ad14e 144134765124035558     /work2/11056/zwu/frontera/miniconda3/envs/libyt/lib/python3.13/site-packages/yt/geometry/oct_visitors.cpython-313-x86_64-linux-gnu.so
2ba540f03000-2ba540f05000 r--p 00081000 3d8:ad14e 144134765124035558     /work2/11056/zwu/frontera/miniconda3/envs/libyt/lib/python3.13/site-packages/yt/geometry/oct_visitors.cpython-313-x86_64-linux-gnu.so
2ba540f05000-2ba540f0b000 rw-p 00083000 3d8:ad14e 144134765124035558     /work2/11056/zwu/frontera/miniconda3/envs/libyt/lib/python3.13/site-packages/yt/geometry/oct_visitors.cpython-313-x86_64-linux-gnu.so
2ba540f0b000-2ba540f0c000 rw-p 00000000 00:00 0 
2ba540f0c000-2ba540f13000 r--p 00000000 3d8:ad14e 144134765124036838     /work2/11056/zwu/frontera/miniconda3/envs/libyt/lib/python3.13/site-packages/yt/utilities/lib/allocation_container.cpython-313-x86_64-linux-gnu.so
2ba540f13000-2ba540f34000 r-xp 00007000 3d8:ad14e 144134765124036838     /work2/11056/zwu/frontera/miniconda3/envs/libyt/lib/python3.13/site-packages/yt/utilities/lib/allocation_container.cpython-313-x86_64-linux-gnu.so
2ba540f34000-2ba540f3c000 r--p 00028000 3d8:ad14e 144134765124036838     /work2/11056/zwu/frontera/miniconda3/envs/libyt/lib/python3.13/site-packages/yt/utilities/lib/allocation_container.cpython-313-x86_64-linux-gnu.so
2ba540f3c000-2ba540f3d000 r--p 0002f000 3d8:ad14e 144134765124036838     /work2/11056/zwu/frontera/miniconda3/envs/libyt/lib/python3.13/site-packages/yt/utilities/lib/allocation_container.cpython-313-x86_64-linux-gnu.so
2ba540f3d000-2ba540f3f000 rw-p 00030000 3d8:ad14e 144134765124036838     /work2/11056/zwu/frontera/miniconda3/envs/libyt/lib/python3.13/site-packages/yt/utilities/lib/allocation_container.cpython-313-x86_64-linux-gnu.so
2ba540f3f000-2ba540f40000 rw-p 00000000 00:00 0 
2ba540f40000-2ba540f49000 r--p 00000000 3d8:ad14e 144134765124036537     /work2/11056/zwu/frontera/miniconda3/envs/libyt/lib/python3.13/site-packages/yt/geometry/oct_container.cpython-313-x86_64-linux-gnu.so
2ba540f49000-2ba540fa6000 r-xp 00009000 3d8:ad14e 144134765124036537     /work2/11056/zwu/frontera/miniconda3/envs/libyt/lib/python3.13/site-packages/yt/geometry/oct_container.cpython-313-x86_64-linux-gnu.so
2ba540fa6000-2ba540fb3000 r--p 00066000 3d8:ad14e 144134765124036537     /work2/11056/zwu/frontera/miniconda3/envs/libyt/lib/python3.13/site-packages/yt/geometry/oct_container.cpython-313-x86_64-linux-gnu.so
2ba540fb3000-2ba540fb5000 r--p 00072000 3d8:ad14e 144134765124036537     /work2/11056/zwu/frontera/miniconda3/envs/libyt/lib/python3.13/site-packages/yt/geometry/oct_container.cpython-313-x86_64-linux-gnu.so
2ba540fb5000-2ba540fb8000 rw-p 00074000 3d8:ad14e 144134765124036537     /work2/11056/zwu/frontera/miniconda3/envs/libyt/lib/python3.13/site-packages/yt/geometry/oct_container.cpython-313-x86_64-linux-gnu.so
2ba540fb8000-2ba540fb9000 rw-p 00000000 00:00 0 
2ba540fb9000-2ba540fbb000 r--p 00000000 3d8:ad14e 144134765124035953     /work2/11056/zwu/frontera/miniconda3/envs/libyt/lib/python3.13/site-packages/yt/geometry/grid_visitors.cpython-313-x86_64-linux-gnu.so
2ba540fbb000-2ba540fbd000 r-xp 00002000 3d8:ad14e 144134765124035953     /work2/11056/zwu/frontera/miniconda3/envs/libyt/lib/python3.13/site-packages/yt/geometry/grid_visitors.cpython-313-x86_64-linux-gnu.so
2ba540fbd000-2ba540fbe000 r--p 00004000 3d8:ad14e 144134765124035953     /work2/11056/zwu/frontera/miniconda3/envs/libyt/lib/python3.13/site-packages/yt/geometry/grid_visitors.cpython-313-x86_64-linux-gnu.so
2ba540fbe000-2ba540fbf000 r--p 00005000 3d8:ad14e 144134765124035953     /work2/11056/zwu/frontera/miniconda3/envs/libyt/lib/python3.13/site-packages/yt/geometry/grid_visitors.cpython-313-x86_64-linux-gnu.so
2ba540fbf000-2ba540fc0000 rw-p 00006000 3d8:ad14e 144134765124035953     /work2/11056/zwu/frontera/miniconda3/envs/libyt/lib/python3.13/site-packages/yt/geometry/grid_visitors.cpython-313-x86_64-linux-gnu.so
2ba540fc0000-2ba540fc5000 r--p 00000000 3d8:ad14e 144134765124036378     /work2/11056/zwu/frontera/miniconda3/envs/libyt/lib/python3.13/site-packages/yt/utilities/lib/bitarray.cpython-313-x86_64-linux-gnu.so
2ba540fc5000-2ba540fd4000 r-xp 00005000 3d8:ad14e 144134765124036378     /work2/11056/zwu/frontera/miniconda3/envs/libyt/lib/python3.13/site-packages/yt/utilities/lib/bitarray.cpython-313-x86_64-linux-gnu.so
2ba540fd4000-2ba540fd9000 r--p 00014000 3d8:ad14e 144134765124036378     /work2/11056/zwu/frontera/miniconda3/envs/libyt/lib/python3.13/site-packages/yt/utilities/lib/bitarray.cpython-313-x86_64-linux-gnu.so
2ba540fd9000-2ba540fda000 r--p 00019000 3d8:ad14e 144134765124036378     /work2/11056/zwu/frontera/miniconda3/envs/libyt/lib/python3.13/site-packages/yt/utilities/lib/bitarray.cpython-313-x86_64-linux-gnu.so
2ba540fda000-2ba540fdb000 rw-p 0001a000 3d8:ad14e 144134765124036378     /work2/11056/zwu/frontera/miniconda3/envs/libyt/lib/python3.13/site-packages/yt/utilities/lib/bitarray.cpython-313-x86_64-linux-gnu.so
2ba540fdb000-2ba540fdc000 rw-p 00000000 00:00 0 
2ba540fdc000-2ba540fe1000 r--p 00000000 3d8:ad14e 144134765124036200     /work2/11056/zwu/frontera/miniconda3/envs/libyt/lib/python3.13/site-packages/yt/utilities/lib/partitioned_grid.cpython-313-x86_64-linux-gnu.so
2ba540fe1000-2ba540fee000 r-xp 00005000 3d8:ad14e 144134765124036200     /work2/11056/zwu/frontera/miniconda3/envs/libyt/lib/python3.13/site-packages/yt/utilities/lib/partitioned_grid.cpython-313-x86_64-linux-gnu.so
2ba540fee000-2ba540ff2000 r--p 00012000 3d8:ad14e 144134765124036200     /work2/11056/zwu/frontera/miniconda3/envs/libyt/lib/python3.13/site-packages/yt/utilities/lib/partitioned_grid.cpython-313-x86_64-linux-gnu.so
2ba540ff2000-2ba540ff3000 r--p 00016000 3d8:ad14e 144134765124036200     /work2/11056/zwu/frontera/miniconda3/envs/libyt/lib/python3.13/site-packages/yt/utilities/lib/partitioned_grid.cpython-313-x86_64-linux-gnu.so
2ba540ff3000-2ba540ff4000 rw-p 00017000 3d8:ad14e 144134765124036200     /work2/11056/zwu/frontera/miniconda3/envs/libyt/lib/python3.13/site-packages/yt/utilities/lib/partitioned_grid.cpython-313-x86_64-linux-gnu.so
2ba540ff4000-2ba540ffd000 r--p 00000000 3d8:ad14e 144134765124036460     /work2/11056/zwu/frontera/miniconda3/envs/libyt/lib/python3.13/site-packages/yt/utilities/lib/image_samplers.cpython-313-x86_64-linux-gnu.so
2ba540ffd000-2ba541035000 r-xp 00009000 3d8:ad14e 144134765124036460     /work2/11056/zwu/frontera/miniconda3/envs/libyt/lib/python3.13/site-packages/yt/utilities/lib/image_samplers.cpython-313-x86_64-linux-gnu.so
2ba541035000-2ba541040000 r--p 00041000 3d8:ad14e 144134765124036460     /work2/11056/zwu/frontera/miniconda3/envs/libyt/lib/python3.13/site-packages/yt/utilities/lib/image_samplers.cpython-313-x86_64-linux-gnu.so
2ba541040000-2ba541042000 r--p 0004b000 3d8:ad14e 144134765124036460     /work2/11056/zwu/frontera/miniconda3/envs/libyt/lib/python3.13/site-packages/yt/utilities/lib/image_samplers.cpython-313-x86_64-linux-gnu.so
2ba541042000-2ba541045000 rw-p 0004d000 3d8:ad14e 144134765124036460     /work2/11056/zwu/frontera/miniconda3/envs/libyt/lib/python3.13/site-packages/yt/utilities/lib/image_samplers.cpython-313-x86_64-linux-gnu.so
2ba541045000-2ba541046000 rw-p 00000000 00:00 0 
2ba541046000-2ba541053000 r--p 00000000 3d8:ad14e 144134765124010023     /work2/11056/zwu/frontera/miniconda3/envs/libyt/lib/libgomp.so.1.0.0
2ba541053000-2ba54108c000 r-xp 0000d000 3d8:ad14e 144134765124010023     /work2/11056/zwu/frontera/miniconda3/envs/libyt/lib/libgomp.so.1.0.0
2ba54108c000-2ba54109a000 r--p 00046000 3d8:ad14e 144134765124010023     /work2/11056/zwu/frontera/miniconda3/envs/libyt/lib/libgomp.so.1.0.0
2ba54109a000-2ba54109b000 r--p 00054000 3d8:ad14e 144134765124010023     /work2/11056/zwu/frontera/miniconda3/envs/libyt/lib/libgomp.so.1.0.0
2ba54109b000-2ba54109c000 rw-p 00055000 3d8:ad14e 144134765124010023     /work2/11056/zwu/frontera/miniconda3/envs/libyt/lib/libgomp.so.1.0.0
2ba54109c000-2ba5410a2000 r--p 00000000 3d8:ad14e 144134765124035940     /work2/11056/zwu/frontera/miniconda3/envs/libyt/lib/python3.13/site-packages/yt/utilities/lib/_octree_raytracing.cpython-313-x86_64-linux-gnu.so
2ba5410a2000-2ba5410bf000 r-xp 00006000 3d8:ad14e 144134765124035940     /work2/11056/zwu/frontera/miniconda3/envs/libyt/lib/python3.13/site-packages/yt/utilities/lib/_octree_raytracing.cpython-313-x86_64-linux-gnu.so
2ba5410bf000-2ba5410c6000 r--p 00023000 3d8:ad14e 144134765124035940     /work2/11056/zwu/frontera/miniconda3/envs/libyt/lib/python3.13/site-packages/yt/utilities/lib/_octree_raytracing.cpython-313-x86_64-linux-gnu.so
2ba5410c6000-2ba5410c7000 r--p 0002a000 3d8:ad14e 144134765124035940     /work2/11056/zwu/frontera/miniconda3/envs/libyt/lib/python3.13/site-packages/yt/utilities/lib/_octree_raytracing.cpython-313-x86_64-linux-gnu.so
2ba5410c7000-2ba5410c9000 rw-p 0002b000 3d8:ad14e 144134765124035940     /work2/11056/zwu/frontera/miniconda3/envs/libyt/lib/python3.13/site-packages/yt/utilities/lib/_octree_raytracing.cpython-313-x86_64-linux-gnu.so
2ba5410c9000-2ba5410cf000 r--p 00000000 3d8:ad14e 144134765124035605     /work2/11056/zwu/frontera/miniconda3/envs/libyt/lib/python3.13/site-packages/yt/utilities/lib/lenses.cpython-313-x86_64-linux-gnu.so
2ba5410cf000-2ba5410e9000 r-xp 00006000 3d8:ad14e 144134765124035605     /work2/11056/zwu/frontera/miniconda3/envs/libyt/lib/python3.13/site-packages/yt/utilities/lib/lenses.cpython-313-x86_64-linux-gnu.so
2ba5410e9000-2ba5410ee000 r--p 00020000 3d8:ad14e 144134765124035605     /work2/11056/zwu/frontera/miniconda3/envs/libyt/lib/python3.13/site-packages/yt/utilities/lib/lenses.cpython-313-x86_64-linux-gnu.so
2ba5410ee000-2ba5410ef000 r--p 00025000 3d8:ad14e 144134765124035605     /work2/11056/zwu/frontera/miniconda3/envs/libyt/lib/python3.13/site-packages/yt/utilities/lib/lenses.cpython-313-x86_64-linux-gnu.so
2ba5410ef000-2ba5410f0000 rw-p 00026000 3d8:ad14e 144134765124035605     /work2/11056/zwu/frontera/miniconda3/envs/libyt/lib/python3.13/site-packages/yt/utilities/lib/lenses.cpython-313-x86_64-linux-gnu.so
2ba5410f0000-2ba5410f1000 rw-p 00000000 00:00 0 
2ba5410f1000-2ba5410f8000 r--p 00000000 3d8:ad14e 144134765124035462     /work2/11056/zwu/frontera/miniconda3/envs/libyt/lib/python3.13/site-packages/yt/utilities/lib/grid_traversal.cpython-313-x86_64-linux-gnu.so
2ba5410f8000-2ba54111d000 r-xp 00007000 3d8:ad14e 144134765124035462     /work2/11056/zwu/frontera/miniconda3/envs/libyt/lib/python3.13/site-packages/yt/utilities/lib/grid_traversal.cpython-313-x86_64-linux-gnu.so
2ba54111d000-2ba541125000 r--p 0002c000 3d8:ad14e 144134765124035462     /work2/11056/zwu/frontera/miniconda3/envs/libyt/lib/python3.13/site-packages/yt/utilities/lib/grid_traversal.cpython-313-x86_64-linux-gnu.so
2ba541125000-2ba541126000 r--p 00033000 3d8:ad14e 144134765124035462     /work2/11056/zwu/frontera/miniconda3/envs/libyt/lib/python3.13/site-packages/yt/utilities/lib/grid_traversal.cpython-313-x86_64-linux-gnu.so
2ba541126000-2ba541128000 rw-p 00034000 3d8:ad14e 144134765124035462     /work2/11056/zwu/frontera/miniconda3/envs/libyt/lib/python3.13/site-packages/yt/utilities/lib/grid_traversal.cpython-313-x86_64-linux-gnu.so
2ba541128000-2ba54112e000 r--p 00000000 3d8:ad14e 144134765124036044     /work2/11056/zwu/frontera/miniconda3/envs/libyt/lib/python3.13/site-packages/yt/utilities/lib/fnv_hash.cpython-313-x86_64-linux-gnu.so
2ba54112e000-2ba54114a000 r-xp 00006000 3d8:ad14e 144134765124036044     /work2/11056/zwu/frontera/miniconda3/envs/libyt/lib/python3.13/site-packages/yt/utilities/lib/fnv_hash.cpython-313-x86_64-linux-gnu.so
2ba54114a000-2ba541151000 r--p 00022000 3d8:ad14e 144134765124036044     /work2/11056/zwu/frontera/miniconda3/envs/libyt/lib/python3.13/site-packages/yt/utilities/lib/fnv_hash.cpython-313-x86_64-linux-gnu.so
2ba541151000-2ba541152000 r--p 00028000 3d8:ad14e 144134765124036044     /work2/11056/zwu/frontera/miniconda3/envs/libyt/lib/python3.13/site-packages/yt/utilities/lib/fnv_hash.cpython-313-x86_64-linux-gnu.so
2ba541152000-2ba541154000 rw-p 00029000 3d8:ad14e 144134765124036044     /work2/11056/zwu/frontera/miniconda3/envs/libyt/lib/python3.13/site-packages/yt/utilities/lib/fnv_hash.cpython-313-x86_64-linux-gnu.so
2ba541154000-2ba54115d000 r--p 00000000 3d8:ad14e 144134765124036525     /work2/11056/zwu/frontera/miniconda3/envs/libyt/lib/python3.13/site-packages/yt/utilities/lib/misc_utilities.cpython-313-x86_64-linux-gnu.so
2ba54115d000-2ba5411bd000 r-xp 00009000 3d8:ad14e 144134765124036525     /work2/11056/zwu/frontera/miniconda3/envs/libyt/lib/python3.13/site-packages/yt/utilities/lib/misc_utilities.cpython-313-x86_64-linux-gnu.so
2ba5411bd000-2ba5411c8000 r--p 00069000 3d8:ad14e 144134765124036525     /work2/11056/zwu/frontera/miniconda3/envs/libyt/lib/python3.13/site-packages/yt/utilities/lib/misc_utilities.cpython-313-x86_64-linux-gnu.so
2ba5411c8000-2ba5411ca000 r--p 00073000 3d8:ad14e 144134765124036525     /work2/11056/zwu/frontera/miniconda3/envs/libyt/lib/python3.13/site-packages/yt/utilities/lib/misc_utilities.cpython-313-x86_64-linux-gnu.so
2ba5411ca000-2ba5411cc000 rw-p 00075000 3d8:ad14e 144134765124036525     /work2/11056/zwu/frontera/miniconda3/envs/libyt/lib/python3.13/site-packages/yt/utilities/lib/misc_utilities.cpython-313-x86_64-linux-gnu.so
2ba5411cc000-2ba5411ce000 rw-p 00000000 00:00 0 
2ba5411ce000-2ba5411d5000 r--p 00000000 3d8:ad14e 144134765124035740     /work2/11056/zwu/frontera/miniconda3/envs/libyt/lib/python3.13/site-packages/yt/utilities/lib/particle_mesh_operations.cpython-313-x86_64-linux-gnu.so
2ba5411d5000-2ba541205000 r-xp 00007000 3d8:ad14e 144134765124035740     /work2/11056/zwu/frontera/miniconda3/envs/libyt/lib/python3.13/site-packages/yt/utilities/lib/particle_mesh_operations.cpython-313-x86_64-linux-gnu.so
2ba541205000-2ba54120d000 r--p 00037000 3d8:ad14e 144134765124035740     /work2/11056/zwu/frontera/miniconda3/envs/libyt/lib/python3.13/site-packages/yt/utilities/lib/particle_mesh_operations.cpython-313-x86_64-linux-gnu.so
2ba54120d000-2ba54120e000 r--p 0003f000 3d8:ad14e 144134765124035740     /work2/11056/zwu/frontera/miniconda3/envs/libyt/lib/python3.13/site-packages/yt/utilities/lib/particle_mesh_operations.cpython-313-x86_64-linux-gnu.so
2ba54120e000-2ba541210000 rw-p 00040000 3d8:ad14e 144134765124035740     /work2/11056/zwu/frontera/miniconda3/envs/libyt/lib/python3.13/site-packages/yt/utilities/lib/particle_mesh_operations.cpython-313-x86_64-linux-gnu.so
2ba541210000-2ba541311000 rw-p 00000000 00:00 0 
2ba541311000-2ba541318000 r--p 00000000 3d8:ad14e 144134765124036749     /work2/11056/zwu/frontera/miniconda3/envs/libyt/lib/python3.13/site-packages/yt/utilities/lib/image_utilities.cpython-313-x86_64-linux-gnu.so
2ba541318000-2ba541347000 r-xp 00007000 3d8:ad14e 144134765124036749     /work2/11056/zwu/frontera/miniconda3/envs/libyt/lib/python3.13/site-packages/yt/utilities/lib/image_utilities.cpython-313-x86_64-linux-gnu.so
2ba541347000-2ba54134f000 r--p 00036000 3d8:ad14e 144134765124036749     /work2/11056/zwu/frontera/miniconda3/envs/libyt/lib/python3.13/site-packages/yt/utilities/lib/image_utilities.cpython-313-x86_64-linux-gnu.so
2ba54134f000-2ba541350000 r--p 0003e000 3d8:ad14e 144134765124036749     /work2/11056/zwu/frontera/miniconda3/envs/libyt/lib/python3.13/site-packages/yt/utilities/lib/image_utilities.cpython-313-x86_64-linux-gnu.so
2ba541350000-2ba541352000 rw-p 0003f000 3d8:ad14e 144134765124036749     /work2/11056/zwu/frontera/miniconda3/envs/libyt/lib/python3.13/site-packages/yt/utilities/lib/image_utilities.cpython-313-x86_64-linux-gnu.so
2ba541352000-2ba541357000 r--p 00000000 3d8:ad14e 144134765124011883     /work2/11056/zwu/frontera/miniconda3/envs/libyt/lib/python3.13/lib-dynload/_socket.cpython-313-x86_64-linux-gnu.so
2ba541357000-2ba541360000 r-xp 00005000 3d8:ad14e 144134765124011883     /work2/11056/zwu/frontera/miniconda3/envs/libyt/lib/python3.13/lib-dynload/_socket.cpython-313-x86_64-linux-gnu.so
2ba541360000-2ba541369000 r--p 0000e000 3d8:ad14e 144134765124011883     /work2/11056/zwu/frontera/miniconda3/envs/libyt/lib/python3.13/lib-dynload/_socket.cpython-313-x86_64-linux-gnu.so
2ba541369000-2ba54136a000 r--p 00016000 3d8:ad14e 144134765124011883     /work2/11056/zwu/frontera/miniconda3/envs/libyt/lib/python3.13/lib-dynload/_socket.cpython-313-x86_64-linux-gnu.so
2ba54136a000-2ba54136b000 rw-p 00017000 3d8:ad14e 144134765124011883     /work2/11056/zwu/frontera/miniconda3/envs/libyt/lib/python3.13/lib-dynload/_socket.cpython-313-x86_64-linux-gnu.so
2ba54136b000-2ba54146b000 rw-p 00000000 00:00 0 
2ba54146b000-2ba541470000 r--p 00000000 3d8:ad14e 144134765124013545     /work2/11056/zwu/frontera/miniconda3/envs/libyt/lib/python3.13/lib-dynload/pyexpat.cpython-313-x86_64-linux-gnu.so
2ba541470000-2ba541475000 r-xp 00005000 3d8:ad14e 144134765124013545     /work2/11056/zwu/frontera/miniconda3/envs/libyt/lib/python3.13/lib-dynload/pyexpat.cpython-313-x86_64-linux-gnu.so
2ba541475000-2ba541479000 r--p 0000a000 3d8:ad14e 144134765124013545     /work2/11056/zwu/frontera/miniconda3/envs/libyt/lib/python3.13/lib-dynload/pyexpat.cpython-313-x86_64-linux-gnu.so
2ba541479000-2ba54147a000 r--p 0000e000 3d8:ad14e 144134765124013545     /work2/11056/zwu/frontera/miniconda3/envs/libyt/lib/python3.13/lib-dynload/pyexpat.cpython-313-x86_64-linux-gnu.so
2ba54147a000-2ba54147c000 rw-p 0000f000 3d8:ad14e 144134765124013545     /work2/11056/zwu/frontera/miniconda3/envs/libyt/lib/python3.13/lib-dynload/pyexpat.cpython-313-x86_64-linux-gnu.so
2ba54147c000-2ba541480000 r--p 00000000 3d8:ad14e 144134765124010281     /work2/11056/zwu/frontera/miniconda3/envs/libyt/lib/libexpat.so.1.11.3
2ba541480000-2ba54149d000 r-xp 00004000 3d8:ad14e 144134765124010281     /work2/11056/zwu/frontera/miniconda3/envs/libyt/lib/libexpat.so.1.11.3
2ba54149d000-2ba5414a5000 r--p 00021000 3d8:ad14e 144134765124010281     /work2/11056/zwu/frontera/miniconda3/envs/libyt/lib/libexpat.so.1.11.3
2ba5414a5000-2ba5414a7000 r--p 00029000 3d8:ad14e 144134765124010281     /work2/11056/zwu/frontera/miniconda3/envs/libyt/lib/libexpat.so.1.11.3
2ba5414a7000-2ba5414a8000 rw-p 0002b000 3d8:ad14e 144134765124010281     /work2/11056/zwu/frontera/miniconda3/envs/libyt/lib/libexpat.so.1.11.3
2ba5414a8000-2ba541aa8000 rw-p 00000000 00:00 0 
2ba541aa8000-2ba541aad000 r--p 00000000 3d8:ad14e 144134765124036458     /work2/11056/zwu/frontera/miniconda3/envs/libyt/lib/python3.13/site-packages/yt/utilities/lib/quad_tree.cpython-313-x86_64-linux-gnu.so
2ba541aad000-2ba541ac6000 r-xp 00005000 3d8:ad14e 144134765124036458     /work2/11056/zwu/frontera/miniconda3/envs/libyt/lib/python3.13/site-packages/yt/utilities/lib/quad_tree.cpython-313-x86_64-linux-gnu.so
2ba541ac6000-2ba541acb000 r--p 0001e000 3d8:ad14e 144134765124036458     /work2/11056/zwu/frontera/miniconda3/envs/libyt/lib/python3.13/site-packages/yt/utilities/lib/quad_tree.cpython-313-x86_64-linux-gnu.so
2ba541acb000-2ba541acc000 r--p 00023000 3d8:ad14e 144134765124036458     /work2/11056/zwu/frontera/miniconda3/envs/libyt/lib/python3.13/site-packages/yt/utilities/lib/quad_tree.cpython-313-x86_64-linux-gnu.so
2ba541acc000-2ba541acd000 rw-p 00024000 3d8:ad14e 144134765124036458     /work2/11056/zwu/frontera/miniconda3/envs/libyt/lib/python3.13/site-packages/yt/utilities/lib/quad_tree.cpython-313-x86_64-linux-gnu.so
2ba541acd000-2ba541ace000 rw-p 00000000 00:00 0 
2ba541ace000-2ba541ad6000 r--p 00000000 3d8:ad14e 144134765124034768     /work2/11056/zwu/frontera/miniconda3/envs/libyt/lib/python3.13/site-packages/yt/geometry/grid_container.cpython-313-x86_64-linux-gnu.so
2ba541ad6000-2ba541b0c000 r-xp 00008000 3d8:ad14e 144134765124034768     /work2/11056/zwu/frontera/miniconda3/envs/libyt/lib/python3.13/site-packages/yt/geometry/grid_container.cpython-313-x86_64-linux-gnu.so
2ba541b0c000-2ba541b16000 r--p 0003e000 3d8:ad14e 144134765124034768     /work2/11056/zwu/frontera/miniconda3/envs/libyt/lib/python3.13/site-packages/yt/geometry/grid_container.cpython-313-x86_64-linux-gnu.so
2ba541b16000-2ba541b18000 r--p 00047000 3d8:ad14e 144134765124034768     /work2/11056/zwu/frontera/miniconda3/envs/libyt/lib/python3.13/site-packages/yt/geometry/grid_container.cpython-313-x86_64-linux-gnu.so
2ba541b18000-2ba541b1b000 rw-p 00049000 3d8:ad14e 144134765124034768     /work2/11056/zwu/frontera/miniconda3/envs/libyt/lib/python3.13/site-packages/yt/geometry/grid_container.cpython-313-x86_64-linux-gnu.so
2ba541b1b000-2ba541b1c000 rw-p 00000000 00:00 0 
2ba541b1c000-2ba541b24000 r--p 00000000 3d8:ad14e 144134765124035387     /work2/11056/zwu/frontera/miniconda3/envs/libyt/lib/python3.13/site-packages/yt/utilities/lib/amr_kdtools.cpython-313-x86_64-linux-gnu.so
2ba541b24000-2ba541b6e000 r-xp 00008000 3d8:ad14e 144134765124035387     /work2/11056/zwu/frontera/miniconda3/envs/libyt/lib/python3.13/site-packages/yt/utilities/lib/amr_kdtools.cpython-313-x86_64-linux-gnu.so
2ba541b6e000-2ba541b79000 r--p 00052000 3d8:ad14e 144134765124035387     /work2/11056/zwu/frontera/miniconda3/envs/libyt/lib/python3.13/site-packages/yt/utilities/lib/amr_kdtools.cpython-313-x86_64-linux-gnu.so
2ba541b79000-2ba541b7a000 r--p 0005d000 3d8:ad14e 144134765124035387     /work2/11056/zwu/frontera/miniconda3/envs/libyt/lib/python3.13/site-packages/yt/utilities/lib/amr_kdtools.cpython-313-x86_64-linux-gnu.so
2ba541b7a000-2ba541b7d000 rw-p 0005e000 3d8:ad14e 144134765124035387     /work2/11056/zwu/frontera/miniconda3/envs/libyt/lib/python3.13/site-packages/yt/utilities/lib/amr_kdtools.cpython-313-x86_64-linux-gnu.so
2ba541b7d000-2ba541c7e000 rw-p 00000000 00:00 0 
2ba541c7e000-2ba541c82000 r--p 00000000 3d8:ad14e 144134765124035190     /work2/11056/zwu/frontera/miniconda3/envs/libyt/lib/python3.13/site-packages/yt/utilities/lib/marching_cubes.cpython-313-x86_64-linux-gnu.so
2ba541c82000-2ba541c90000 r-xp 00004000 3d8:ad14e 144134765124035190     /work2/11056/zwu/frontera/miniconda3/envs/libyt/lib/python3.13/site-packages/yt/utilities/lib/marching_cubes.cpython-313-x86_64-linux-gnu.so
2ba541c90000-2ba541c94000 r--p 00012000 3d8:ad14e 144134765124035190     /work2/11056/zwu/frontera/miniconda3/envs/libyt/lib/python3.13/site-packages/yt/utilities/lib/marching_cubes.cpython-313-x86_64-linux-gnu.so
2ba541c94000-2ba541c95000 r--p 00015000 3d8:ad14e 144134765124035190     /work2/11056/zwu/frontera/miniconda3/envs/libyt/lib/python3.13/site-packages/yt/utilities/lib/marching_cubes.cpython-313-x86_64-linux-gnu.so
2ba541c95000-2ba541c9a000 rw-p 00016000 3d8:ad14e 144134765124035190     /work2/11056/zwu/frontera/miniconda3/envs/libyt/lib/python3.13/site-packages/yt/utilities/lib/marching_cubes.cpython-313-x86_64-linux-gnu.so
2ba541c9a000-2ba541ca3000 r--p 00000000 3d8:ad14e 144134765124035333     /work2/11056/zwu/frontera/miniconda3/envs/libyt/lib/python3.13/site-packages/yt/geometry/particle_deposit.cpython-313-x86_64-linux-gnu.so
2ba541ca3000-2ba541ce2000 r-xp 00009000 3d8:ad14e 144134765124035333     /work2/11056/zwu/frontera/miniconda3/envs/libyt/lib/python3.13/site-packages/yt/geometry/particle_deposit.cpython-313-x86_64-linux-gnu.so
2ba541ce2000-2ba541cee000 r--p 00048000 3d8:ad14e 144134765124035333     /work2/11056/zwu/frontera/miniconda3/envs/libyt/lib/python3.13/site-packages/yt/geometry/particle_deposit.cpython-313-x86_64-linux-gnu.so
2ba541cee000-2ba541cf0000 r--p 00053000 3d8:ad14e 144134765124035333     /work2/11056/zwu/frontera/miniconda3/envs/libyt/lib/python3.13/site-packages/yt/geometry/particle_deposit.cpython-313-x86_64-linux-gnu.so
2ba541cf0000-2ba541cf4000 rw-p 00055000 3d8:ad14e 144134765124035333     /work2/11056/zwu/frontera/miniconda3/envs/libyt/lib/python3.13/site-packages/yt/geometry/particle_deposit.cpython-313-x86_64-linux-gnu.so
2ba541cf4000-2ba541cf5000 rw-p 00000000 00:00 0 
2ba541cf5000-2ba541cf9000 r--p 00000000 3d8:ad14e 144134765124034726     /work2/11056/zwu/frontera/miniconda3/envs/libyt/lib/python3.13/site-packages/yt/utilities/lib/interpolators.cpython-313-x86_64-linux-gnu.so
2ba541cf9000-2ba541d0d000 r-xp 00004000 3d8:ad14e 144134765124034726     /work2/11056/zwu/frontera/miniconda3/envs/libyt/lib/python3.13/site-packages/yt/utilities/lib/interpolators.cpython-313-x86_64-linux-gnu.so
2ba541d0d000-2ba541d11000 r--p 00018000 3d8:ad14e 144134765124034726     /work2/11056/zwu/frontera/miniconda3/envs/libyt/lib/python3.13/site-packages/yt/utilities/lib/interpolators.cpython-313-x86_64-linux-gnu.so
2ba541d11000-2ba541d12000 r--p 0001b000 3d8:ad14e 144134765124034726     /work2/11056/zwu/frontera/miniconda3/envs/libyt/lib/python3.13/site-packages/yt/utilities/lib/interpolators.cpython-313-x86_64-linux-gnu.so
2ba541d12000-2ba541d13000 rw-p 0001c000 3d8:ad14e 144134765124034726     /work2/11056/zwu/frontera/miniconda3/envs/libyt/lib/python3.13/site-packages/yt/utilities/lib/interpolators.cpython-313-x86_64-linux-gnu.so
2ba541d13000-2ba541d19000 r--p 00000000 3d8:ad14e 144134765124036547     /work2/11056/zwu/frontera/miniconda3/envs/libyt/lib/python3.13/site-packages/yt/utilities/lib/mesh_utilities.cpython-313-x86_64-linux-gnu.so
2ba541d19000-2ba541d3a000 r-xp 00006000 3d8:ad14e 144134765124036547     /work2/11056/zwu/frontera/miniconda3/envs/libyt/lib/python3.13/site-packages/yt/utilities/lib/mesh_utilities.cpython-313-x86_64-linux-gnu.so
2ba541d3a000-2ba541d41000 r--p 00027000 3d8:ad14e 144134765124036547     /work2/11056/zwu/frontera/miniconda3/envs/libyt/lib/python3.13/site-packages/yt/utilities/lib/mesh_utilities.cpython-313-x86_64-linux-gnu.so
2ba541d41000-2ba541d42000 r--p 0002e000 3d8:ad14e 144134765124036547     /work2/11056/zwu/frontera/miniconda3/envs/libyt/lib/python3.13/site-packages/yt/utilities/lib/mesh_utilities.cpython-313-x86_64-linux-gnu.so
2ba541d42000-2ba541d44000 rw-p 0002f000 3d8:ad14e 144134765124036547     /work2/11056/zwu/frontera/miniconda3/envs/libyt/lib/python3.13/site-packages/yt/utilities/lib/mesh_utilities.cpython-313-x86_64-linux-gnu.so
2ba541d44000-2ba541d4c000 r--p 00000000 3d8:ad14e 144134765124035212     /work2/11056/zwu/frontera/miniconda3/envs/libyt/lib/python3.13/site-packages/yt/geometry/particle_smooth.cpython-313-x86_64-linux-gnu.so
2ba541d4c000-2ba541d8a000 r-xp 00008000 3d8:ad14e 144134765124035212     /work2/11056/zwu/frontera/miniconda3/envs/libyt/lib/python3.13/site-packages/yt/geometry/particle_smooth.cpython-313-x86_64-linux-gnu.so
2ba541d8a000-2ba541d94000 r--p 00046000 3d8:ad14e 144134765124035212     /work2/11056/zwu/frontera/miniconda3/envs/libyt/lib/python3.13/site-packages/yt/geometry/particle_smooth.cpython-313-x86_64-linux-gnu.so
2ba541d94000-2ba541d96000 r--p 0004f000 3d8:ad14e 144134765124035212     /work2/11056/zwu/frontera/miniconda3/envs/libyt/lib/python3.13/site-packages/yt/geometry/particle_smooth.cpython-313-x86_64-linux-gnu.so
2ba541d96000-2ba541d99000 rw-p 00051000 3d8:ad14e 144134765124035212     /work2/11056/zwu/frontera/miniconda3/envs/libyt/lib/python3.13/site-packages/yt/geometry/particle_smooth.cpython-313-x86_64-linux-gnu.so
2ba541d99000-2ba541d9a000 rw-p 00000000 00:00 0 
2ba541d9a000-2ba541da0000 r--p 00000000 3d8:ad14e 144134765124036355     /work2/11056/zwu/frontera/miniconda3/envs/libyt/lib/python3.13/site-packages/yt/utilities/lib/distance_queue.cpython-313-x86_64-linux-gnu.so
2ba541da0000-2ba541dbf000 r-xp 00006000 3d8:ad14e 144134765124036355     /work2/11056/zwu/frontera/miniconda3/envs/libyt/lib/python3.13/site-packages/yt/utilities/lib/distance_queue.cpython-313-x86_64-linux-gnu.so
2ba541dbf000-2ba541dc7000 r--p 00025000 3d8:ad14e 144134765124036355     /work2/11056/zwu/frontera/miniconda3/envs/libyt/lib/python3.13/site-packages/yt/utilities/lib/distance_queue.cpython-313-x86_64-linux-gnu.so
2ba541dc7000-2ba541dc8000 r--p 0002c000 3d8:ad14e 144134765124036355     /work2/11056/zwu/frontera/miniconda3/envs/libyt/lib/python3.13/site-packages/yt/utilities/lib/distance_queue.cpython-313-x86_64-linux-gnu.so
2ba541dc8000-2ba541dca000 rw-p 0002d000 3d8:ad14e 144134765124036355     /work2/11056/zwu/frontera/miniconda3/envs/libyt/lib/python3.13/site-packages/yt/utilities/lib/distance_queue.cpython-313-x86_64-linux-gnu.so
2ba541dca000-2ba541ecb000 rw-p 00000000 00:00 0 
2ba541ecb000-2ba541ed7000 r--p 00000000 3d8:ad14e 144134765124036623     /work2/11056/zwu/frontera/miniconda3/envs/libyt/lib/python3.13/site-packages/yt/geometry/particle_oct_container.cpython-313-x86_64-linux-gnu.so
2ba541ed7000-2ba541f72000 r-xp 0000c000 3d8:ad14e 144134765124036623     /work2/11056/zwu/frontera/miniconda3/envs/libyt/lib/python3.13/site-packages/yt/geometry/particle_oct_container.cpython-313-x86_64-linux-gnu.so
2ba541f72000-2ba541f86000 r--p 000a7000 3d8:ad14e 144134765124036623     /work2/11056/zwu/frontera/miniconda3/envs/libyt/lib/python3.13/site-packages/yt/geometry/particle_oct_container.cpython-313-x86_64-linux-gnu.so
2ba541f86000-2ba541f88000 r--p 000ba000 3d8:ad14e 144134765124036623     /work2/11056/zwu/frontera/miniconda3/envs/libyt/lib/python3.13/site-packages/yt/geometry/particle_oct_container.cpython-313-x86_64-linux-gnu.so
2ba541f88000-2ba541f8c000 rw-p 000bc000 3d8:ad14e 144134765124036623     /work2/11056/zwu/frontera/miniconda3/envs/libyt/lib/python3.13/site-packages/yt/geometry/particle_oct_container.cpython-313-x86_64-linux-gnu.so
2ba541f8c000-2ba541f8e000 rw-p 00000000 00:00 0 
2ba541f8e000-2ba541f99000 r--p 00000000 3d8:ad14e 144131832097572340     /work2/11056/zwu/frontera/miniconda3/envs/libyt/lib/python3.13/site-packages/ewah_bool_utils/ewah_bool_wrap.cpython-313-x86_64-linux-gnu.so
2ba541f99000-2ba541fe7000 r-xp 0000b000 3d8:ad14e 144131832097572340     /work2/11056/zwu/frontera/miniconda3/envs/libyt/lib/python3.13/site-packages/ewah_bool_utils/ewah_bool_wrap.cpython-313-x86_64-linux-gnu.so
2ba541fe7000-2ba541ff7000 r--p 00059000 3d8:ad14e 144131832097572340     /work2/11056/zwu/frontera/miniconda3/envs/libyt/lib/python3.13/site-packages/ewah_bool_utils/ewah_bool_wrap.cpython-313-x86_64-linux-gnu.so
2ba541ff7000-2ba541ff9000 r--p 00069000 3d8:ad14e 144131832097572340     /work2/11056/zwu/frontera/miniconda3/envs/libyt/lib/python3.13/site-packages/ewah_bool_utils/ewah_bool_wrap.cpython-313-x86_64-linux-gnu.so
2ba541ff9000-2ba541ffc000 rw-p 0006b000 3d8:ad14e 144131832097572340     /work2/11056/zwu/frontera/miniconda3/envs/libyt/lib/python3.13/site-packages/ewah_bool_utils/ewah_bool_wrap.cpython-313-x86_64-linux-gnu.so
2ba541ffc000-2ba541ffe000 rw-p 00000000 00:00 0 
2ba541ffe000-2ba542003000 r--p 00000000 3d8:ad14e 144131832097572337     /work2/11056/zwu/frontera/miniconda3/envs/libyt/lib/python3.13/site-packages/ewah_bool_utils/morton_utils.cpython-313-x86_64-linux-gnu.so
2ba542003000-2ba542019000 r-xp 00005000 3d8:ad14e 144131832097572337     /work2/11056/zwu/frontera/miniconda3/envs/libyt/lib/python3.13/site-packages/ewah_bool_utils/morton_utils.cpython-313-x86_64-linux-gnu.so
2ba542019000-2ba54201e000 r--p 0001b000 3d8:ad14e 144131832097572337     /work2/11056/zwu/frontera/miniconda3/envs/libyt/lib/python3.13/site-packages/ewah_bool_utils/morton_utils.cpython-313-x86_64-linux-gnu.so
2ba54201e000-2ba54201f000 r--p 00020000 3d8:ad14e 144131832097572337     /work2/11056/zwu/frontera/miniconda3/envs/libyt/lib/python3.13/site-packages/ewah_bool_utils/morton_utils.cpython-313-x86_64-linux-gnu.so
2ba54201f000-2ba542020000 rw-p 00021000 3d8:ad14e 144131832097572337     /work2/11056/zwu/frontera/miniconda3/envs/libyt/lib/python3.13/site-packages/ewah_bool_utils/morton_utils.cpython-313-x86_64-linux-gnu.so
2ba542020000-2ba542021000 rw-p 00000000 00:00 0 
2ba542021000-2ba54202a000 r--p 00000000 3d8:ad14e 144134765124036053     /work2/11056/zwu/frontera/miniconda3/envs/libyt/lib/python3.13/site-packages/yt/utilities/lib/geometry_utils.cpython-313-x86_64-linux-gnu.so
2ba54202a000-2ba5420ca000 r-xp 00009000 3d8:ad14e 144134765124036053     /work2/11056/zwu/frontera/miniconda3/envs/libyt/lib/python3.13/site-packages/yt/utilities/lib/geometry_utils.cpython-313-x86_64-linux-gnu.so
2ba5420ca000-2ba5420d7000 r--p 000a9000 3d8:ad14e 144134765124036053     /work2/11056/zwu/frontera/miniconda3/envs/libyt/lib/python3.13/site-packages/yt/utilities/lib/geometry_utils.cpython-313-x86_64-linux-gnu.so
2ba5420d7000-2ba5420d9000 r--p 000b5000 3d8:ad14e 144134765124036053     /work2/11056/zwu/frontera/miniconda3/envs/libyt/lib/python3.13/site-packages/yt/utilities/lib/geometry_utils.cpython-313-x86_64-linux-gnu.so
2ba5420d9000-2ba5420db000 rw-p 000b7000 3d8:ad14e 144134765124036053     /work2/11056/zwu/frontera/miniconda3/envs/libyt/lib/python3.13/site-packages/yt/utilities/lib/geometry_utils.cpython-313-x86_64-linux-gnu.so
2ba5420db000-2ba5420dd000 rw-p 00000000 00:00 0 
2ba5420dd000-2ba5420e7000 r--p 00000000 3d8:ad14e 144134765124036802     /work2/11056/zwu/frontera/miniconda3/envs/libyt/lib/python3.13/site-packages/yt/utilities/lib/pixelization_routines.cpython-313-x86_64-linux-gnu.so
2ba5420e7000-2ba54218d000 r-xp 0000a000 3d8:ad14e 144134765124036802     /work2/11056/zwu/frontera/miniconda3/envs/libyt/lib/python3.13/site-packages/yt/utilities/lib/pixelization_routines.cpython-313-x86_64-linux-gnu.so
2ba54218d000-2ba54219b000 r--p 000b0000 3d8:ad14e 144134765124036802     /work2/11056/zwu/frontera/miniconda3/envs/libyt/lib/python3.13/site-packages/yt/utilities/lib/pixelization_routines.cpython-313-x86_64-linux-gnu.so
2ba54219b000-2ba54219d000 r--p 000bd000 3d8:ad14e 144134765124036802     /work2/11056/zwu/frontera/miniconda3/envs/libyt/lib/python3.13/site-packages/yt/utilities/lib/pixelization_routines.cpython-313-x86_64-linux-gnu.so
2ba54219d000-2ba54219f000 rw-p 000bf000 3d8:ad14e 144134765124036802     /work2/11056/zwu/frontera/miniconda3/envs/libyt/lib/python3.13/site-packages/yt/utilities/lib/pixelization_routines.cpython-313-x86_64-linux-gnu.so
2ba54219f000-2ba5421a1000 rw-p 00000000 00:00 0 
2ba5421a1000-2ba5421a9000 r--p 00000000 3d8:ad14e 144134765124034210     /work2/11056/zwu/frontera/miniconda3/envs/libyt/lib/python3.13/site-packages/yt/utilities/lib/element_mappings.cpython-313-x86_64-linux-gnu.so
2ba5421a9000-2ba5421e6000 r-xp 00008000 3d8:ad14e 144134765124034210     /work2/11056/zwu/frontera/miniconda3/envs/libyt/lib/python3.13/site-packages/yt/utilities/lib/element_mappings.cpython-313-x86_64-linux-gnu.so
2ba5421e6000-2ba5421f2000 r--p 00045000 3d8:ad14e 144134765124034210     /work2/11056/zwu/frontera/miniconda3/envs/libyt/lib/python3.13/site-packages/yt/utilities/lib/element_mappings.cpython-313-x86_64-linux-gnu.so
2ba5421f2000-2ba5421f3000 r--p 00051000 3d8:ad14e 144134765124034210     /work2/11056/zwu/frontera/miniconda3/envs/libyt/lib/python3.13/site-packages/yt/utilities/lib/element_mappings.cpython-313-x86_64-linux-gnu.so
2ba5421f3000-2ba5421f7000 rw-p 00052000 3d8:ad14e 144134765124034210     /work2/11056/zwu/frontera/miniconda3/envs/libyt/lib/python3.13/site-packages/yt/utilities/lib/element_mappings.cpython-313-x86_64-linux-gnu.so
2ba5421f7000-2ba5421f8000 rw-p 00000000 00:00 0 
2ba5421f8000-2ba5421fa000 r--p 00000000 3d8:ad14e 144134765124036546     /work2/11056/zwu/frontera/miniconda3/envs/libyt/lib/python3.13/site-packages/yt/utilities/lib/autogenerated_element_samplers.cpython-313-x86_64-linux-gnu.so
2ba5421fa000-2ba5421fe000 r-xp 00002000 3d8:ad14e 144134765124036546     /work2/11056/zwu/frontera/miniconda3/envs/libyt/lib/python3.13/site-packages/yt/utilities/lib/autogenerated_element_samplers.cpython-313-x86_64-linux-gnu.so
2ba5421fe000-2ba5421ff000 r--p 00006000 3d8:ad14e 144134765124036546     /work2/11056/zwu/frontera/miniconda3/envs/libyt/lib/python3.13/site-packages/yt/utilities/lib/autogenerated_element_samplers.cpython-313-x86_64-linux-gnu.so
2ba5421ff000-2ba542200000 r--p 00006000 3d8:ad14e 144134765124036546     /work2/11056/zwu/frontera/miniconda3/envs/libyt/lib/python3.13/site-packages/yt/utilities/lib/autogenerated_element_samplers.cpython-313-x86_64-linux-gnu.so
2ba542200000-2ba542201000 rw-p 00007000 3d8:ad14e 144134765124036546     /work2/11056/zwu/frontera/miniconda3/envs/libyt/lib/python3.13/site-packages/yt/utilities/lib/autogenerated_element_samplers.cpython-313-x86_64-linux-gnu.so
2ba542201000-2ba542208000 r--p 00000000 3d8:ad14e 144134765124036309     /work2/11056/zwu/frontera/miniconda3/envs/libyt/lib/python3.13/site-packages/yt/utilities/lib/bounded_priority_queue.cpython-313-x86_64-linux-gnu.so
2ba542208000-2ba54222f000 r-xp 00007000 3d8:ad14e 144134765124036309     /work2/11056/zwu/frontera/miniconda3/envs/libyt/lib/python3.13/site-packages/yt/utilities/lib/bounded_priority_queue.cpython-313-x86_64-linux-gnu.so
2ba54222f000-2ba542237000 r--p 0002e000 3d8:ad14e 144134765124036309     /work2/11056/zwu/frontera/miniconda3/envs/libyt/lib/python3.13/site-packages/yt/utilities/lib/bounded_priority_queue.cpython-313-x86_64-linux-gnu.so
2ba542237000-2ba542238000 r--p 00036000 3d8:ad14e 144134765124036309     /work2/11056/zwu/frontera/miniconda3/envs/libyt/lib/python3.13/site-packages/yt/utilities/lib/bounded_priority_queue.cpython-313-x86_64-linux-gnu.so
2ba542238000-2ba54223a000 rw-p 00037000 3d8:ad14e 144134765124036309     /work2/11056/zwu/frontera/miniconda3/envs/libyt/lib/python3.13/site-packages/yt/utilities/lib/bounded_priority_queue.cpython-313-x86_64-linux-gnu.so
2ba54223a000-2ba54223b000 rw-p 00000000 00:00 0 
2ba54223b000-2ba542244000 r--p 00000000 3d8:ad14e 144134765124036156     /work2/11056/zwu/frontera/miniconda3/envs/libyt/lib/python3.13/site-packages/yt/utilities/lib/cykdtree/kdtree.cpython-313-x86_64-linux-gnu.so
2ba542244000-2ba542280000 r-xp 00009000 3d8:ad14e 144134765124036156     /work2/11056/zwu/frontera/miniconda3/envs/libyt/lib/python3.13/site-packages/yt/utilities/lib/cykdtree/kdtree.cpython-313-x86_64-linux-gnu.so
2ba542280000-2ba54228c000 r--p 00045000 3d8:ad14e 144134765124036156     /work2/11056/zwu/frontera/miniconda3/envs/libyt/lib/python3.13/site-packages/yt/utilities/lib/cykdtree/kdtree.cpython-313-x86_64-linux-gnu.so
2ba54228c000-2ba54228e000 r--p 00050000 3d8:ad14e 144134765124036156     /work2/11056/zwu/frontera/miniconda3/envs/libyt/lib/python3.13/site-packages/yt/utilities/lib/cykdtree/kdtree.cpython-313-x86_64-linux-gnu.so
2ba54228e000-2ba542291000 rw-p 00052000 3d8:ad14e 144134765124036156     /work2/11056/zwu/frontera/miniconda3/envs/libyt/lib/python3.13/site-packages/yt/utilities/lib/cykdtree/kdtree.cpython-313-x86_64-linux-gnu.so
2ba542291000-2ba542298000 r--p 00000000 3d8:ad14e 144134765124036969     /work2/11056/zwu/frontera/miniconda3/envs/libyt/lib/python3.13/site-packages/yt/utilities/lib/particle_kdtree_tools.cpython-313-x86_64-linux-gnu.so
2ba542298000-2ba5422bc000 r-xp 00007000 3d8:ad14e 144134765124036969     /work2/11056/zwu/frontera/miniconda3/envs/libyt/lib/python3.13/site-packages/yt/utilities/lib/particle_kdtree_tools.cpython-313-x86_64-linux-gnu.so
2ba5422bc000-2ba5422c4000 r--p 0002b000 3d8:ad14e 144134765124036969     /work2/11056/zwu/frontera/miniconda3/envs/libyt/lib/python3.13/site-packages/yt/utilities/lib/particle_kdtree_tools.cpython-313-x86_64-linux-gnu.so
2ba5422c4000-2ba5422c5000 r--p 00033000 3d8:ad14e 144134765124036969     /work2/11056/zwu/frontera/miniconda3/envs/libyt/lib/python3.13/site-packages/yt/utilities/lib/particle_kdtree_tools.cpython-313-x86_64-linux-gnu.so
2ba5422c5000-2ba5422c7000 rw-p 00034000 3d8:ad14e 144134765124036969     /work2/11056/zwu/frontera/miniconda3/envs/libyt/lib/python3.13/site-packages/yt/utilities/lib/particle_kdtree_tools.cpython-313-x86_64-linux-gnu.so
2ba5422c7000-2ba5422ce000 r--p 00000000 3d8:ad14e 144134765124036844     /work2/11056/zwu/frontera/miniconda3/envs/libyt/lib/python3.13/site-packages/yt/utilities/lib/cyoctree.cpython-313-x86_64-linux-gnu.so
2ba5422ce000-2ba5422fb000 r-xp 00007000 3d8:ad14e 144134765124036844     /work2/11056/zwu/frontera/miniconda3/envs/libyt/lib/python3.13/site-packages/yt/utilities/lib/cyoctree.cpython-313-x86_64-linux-gnu.so
2ba5422fb000-2ba542304000 r--p 00034000 3d8:ad14e 144134765124036844     /work2/11056/zwu/frontera/miniconda3/envs/libyt/lib/python3.13/site-packages/yt/utilities/lib/cyoctree.cpython-313-x86_64-linux-gnu.so
2ba542304000-2ba542305000 r--p 0003d000 3d8:ad14e 144134765124036844     /work2/11056/zwu/frontera/miniconda3/envs/libyt/lib/python3.13/site-packages/yt/utilities/lib/cyoctree.cpython-313-x86_64-linux-gnu.so
2ba542305000-2ba542307000 rw-p 0003e000 3d8:ad14e 144134765124036844     /work2/11056/zwu/frontera/miniconda3/envs/libyt/lib/python3.13/site-packages/yt/utilities/lib/cyoctree.cpython-313-x86_64-linux-gnu.so
2ba542307000-2ba542408000 rw-p 00000000 00:00 0 
2ba542408000-2ba54240f000 r--p 00000000 3d8:ad14e 144134765124035799     /work2/11056/zwu/frontera/miniconda3/envs/libyt/lib/python3.13/site-packages/yt/utilities/lib/bounding_volume_hierarchy.cpython-313-x86_64-linux-gnu.so
2ba54240f000-2ba542430000 r-xp 00007000 3d8:ad14e 144134765124035799     /work2/11056/zwu/frontera/miniconda3/envs/libyt/lib/python3.13/site-packages/yt/utilities/lib/bounding_volume_hierarchy.cpython-313-x86_64-linux-gnu.so
2ba542430000-2ba542438000 r--p 00028000 3d8:ad14e 144134765124035799     /work2/11056/zwu/frontera/miniconda3/envs/libyt/lib/python3.13/site-packages/yt/utilities/lib/bounding_volume_hierarchy.cpython-313-x86_64-linux-gnu.so
2ba542438000-2ba542439000 r--p 00030000 3d8:ad14e 144134765124035799     /work2/11056/zwu/frontera/miniconda3/envs/libyt/lib/python3.13/site-packages/yt/utilities/lib/bounding_volume_hierarchy.cpython-313-x86_64-linux-gnu.so
2ba542439000-2ba54243b000 rw-p 00031000 3d8:ad14e 144134765124035799     /work2/11056/zwu/frontera/miniconda3/envs/libyt/lib/python3.13/site-packages/yt/utilities/lib/bounding_volume_hierarchy.cpython-313-x86_64-linux-gnu.so
2ba54243b000-2ba54243c000 rw-p 00000000 00:00 0 
2ba54243c000-2ba54243e000 r--p 00000000 3d8:ad14e 144134765124037060     /work2/11056/zwu/frontera/miniconda3/envs/libyt/lib/python3.13/site-packages/yt/utilities/lib/primitives.cpython-313-x86_64-linux-gnu.so
2ba54243e000-2ba542444000 r-xp 00002000 3d8:ad14e 144134765124037060     /work2/11056/zwu/frontera/miniconda3/envs/libyt/lib/python3.13/site-packages/yt/utilities/lib/primitives.cpython-313-x86_64-linux-gnu.so
2ba542444000-2ba542446000 r--p 00008000 3d8:ad14e 144134765124037060     /work2/11056/zwu/frontera/miniconda3/envs/libyt/lib/python3.13/site-packages/yt/utilities/lib/primitives.cpython-313-x86_64-linux-gnu.so
2ba542446000-2ba542447000 r--p 00009000 3d8:ad14e 144134765124037060     /work2/11056/zwu/frontera/miniconda3/envs/libyt/lib/python3.13/site-packages/yt/utilities/lib/primitives.cpython-313-x86_64-linux-gnu.so
2ba542447000-2ba542448000 rw-p 0000a000 3d8:ad14e 144134765124037060     /work2/11056/zwu/frontera/miniconda3/envs/libyt/lib/python3.13/site-packages/yt/utilities/lib/primitives.cpython-313-x86_64-linux-gnu.so
2ba542448000-2ba54244d000 r--p 00000000 3d8:ad14e 144134765124037015     /work2/11056/zwu/frontera/miniconda3/envs/libyt/lib/python3.13/site-packages/yt/utilities/lib/basic_octree.cpython-313-x86_64-linux-gnu.so
2ba54244d000-2ba542461000 r-xp 00005000 3d8:ad14e 144134765124037015     /work2/11056/zwu/frontera/miniconda3/envs/libyt/lib/python3.13/site-packages/yt/utilities/lib/basic_octree.cpython-313-x86_64-linux-gnu.so
2ba542461000-2ba542466000 r--p 00019000 3d8:ad14e 144134765124037015     /work2/11056/zwu/frontera/miniconda3/envs/libyt/lib/python3.13/site-packages/yt/utilities/lib/basic_octree.cpython-313-x86_64-linux-gnu.so
2ba542466000-2ba542467000 r--p 0001e000 3d8:ad14e 144134765124037015     /work2/11056/zwu/frontera/miniconda3/envs/libyt/lib/python3.13/site-packages/yt/utilities/lib/basic_octree.cpython-313-x86_64-linux-gnu.so
2ba542467000-2ba542468000 rw-p 0001f000 3d8:ad14e 144134765124037015     /work2/11056/zwu/frontera/miniconda3/envs/libyt/lib/python3.13/site-packages/yt/utilities/lib/basic_octree.cpython-313-x86_64-linux-gnu.so
2ba542468000-2ba542469000 rw-p 00000000 00:00 0 
2ba542469000-2ba542471000 r--p 00000000 3d8:ad14e 144134765124036296     /work2/11056/zwu/frontera/miniconda3/envs/libyt/lib/python3.13/site-packages/yt/utilities/lib/contour_finding.cpython-313-x86_64-linux-gnu.so
2ba542471000-2ba5424b4000 r-xp 00008000 3d8:ad14e 144134765124036296     /work2/11056/zwu/frontera/miniconda3/envs/libyt/lib/python3.13/site-packages/yt/utilities/lib/contour_finding.cpython-313-x86_64-linux-gnu.so
2ba5424b4000-2ba5424bf000 r--p 0004b000 3d8:ad14e 144134765124036296     /work2/11056/zwu/frontera/miniconda3/envs/libyt/lib/python3.13/site-packages/yt/utilities/lib/contour_finding.cpython-313-x86_64-linux-gnu.so
2ba5424bf000-2ba5424c1000 r--p 00055000 3d8:ad14e 144134765124036296     /work2/11056/zwu/frontera/miniconda3/envs/libyt/lib/python3.13/site-packages/yt/utilities/lib/contour_finding.cpython-313-x86_64-linux-gnu.so
2ba5424c1000-2ba5424c4000 rw-p 00057000 3d8:ad14e 144134765124036296     /work2/11056/zwu/frontera/miniconda3/envs/libyt/lib/python3.13/site-packages/yt/utilities/lib/contour_finding.cpython-313-x86_64-linux-gnu.so
2ba5424c4000-2ba5424c5000 rw-p 00000000 00:00 0 
2ba5424c5000-2ba5424ca000 r--p 00000000 3d8:ad14e 144134765124036963     /work2/11056/zwu/frontera/miniconda3/envs/libyt/lib/python3.13/site-packages/yt/utilities/lib/depth_first_octree.cpython-313-x86_64-linux-gnu.so
2ba5424ca000-2ba5424dd000 r-xp 00005000 3d8:ad14e 144134765124036963     /work2/11056/zwu/frontera/miniconda3/envs/libyt/lib/python3.13/site-packages/yt/utilities/lib/depth_first_octree.cpython-313-x86_64-linux-gnu.so
2ba5424dd000-2ba5424e2000 r--p 00018000 3d8:ad14e 144134765124036963     /work2/11056/zwu/frontera/miniconda3/envs/libyt/lib/python3.13/site-packages/yt/utilities/lib/depth_first_octree.cpython-313-x86_64-linux-gnu.so
2ba5424e2000-2ba5424e3000 r--p 0001c000 3d8:ad14e 144134765124036963     /work2/11056/zwu/frontera/miniconda3/envs/libyt/lib/python3.13/site-packages/yt/utilities/lib/depth_first_octree.cpython-313-x86_64-linux-gnu.so
2ba5424e3000-2ba5424e5000 rw-p 0001d000 3d8:ad14e 144134765124036963     /work2/11056/zwu/frontera/miniconda3/envs/libyt/lib/python3.13/site-packages/yt/utilities/lib/depth_first_octree.cpython-313-x86_64-linux-gnu.so
2ba5424e5000-2ba5424ea000 r--p 00000000 3d8:ad14e 144134765124035794     /work2/11056/zwu/frontera/miniconda3/envs/libyt/lib/python3.13/site-packages/yt/utilities/lib/fortran_reader.cpython-313-x86_64-linux-gnu.so
2ba5424ea000-2ba5424fc000 r-xp 00005000 3d8:ad14e 144134765124035794     /work2/11056/zwu/frontera/miniconda3/envs/libyt/lib/python3.13/site-packages/yt/utilities/lib/fortran_reader.cpython-313-x86_64-linux-gnu.so
2ba5424fc000-2ba542500000 r--p 00017000 3d8:ad14e 144134765124035794     /work2/11056/zwu/frontera/miniconda3/envs/libyt/lib/python3.13/site-packages/yt/utilities/lib/fortran_reader.cpython-313-x86_64-linux-gnu.so
2ba542500000-2ba542501000 r--p 0001b000 3d8:ad14e 144134765124035794     /work2/11056/zwu/frontera/miniconda3/envs/libyt/lib/python3.13/site-packages/yt/utilities/lib/fortran_reader.cpython-313-x86_64-linux-gnu.so
2ba542501000-2ba542502000 rw-p 0001c000 3d8:ad14e 144134765124035794     /work2/11056/zwu/frontera/miniconda3/envs/libyt/lib/python3.13/site-packages/yt/utilities/lib/fortran_reader.cpython-313-x86_64-linux-gnu.so
2ba542502000-2ba542506000 r--p 00000000 3d8:ad14e 144134765124035864     /work2/11056/zwu/frontera/miniconda3/envs/libyt/lib/python3.13/site-packages/yt/utilities/lib/line_integral_convolution.cpython-313-x86_64-linux-gnu.so
2ba542506000-2ba54250f000 r-xp 00004000 3d8:ad14e 144134765124035864     /work2/11056/zwu/frontera/miniconda3/envs/libyt/lib/python3.13/site-packages/yt/utilities/lib/line_integral_convolution.cpython-313-x86_64-linux-gnu.so
2ba54250f000-2ba542512000 r--p 0000d000 3d8:ad14e 144134765124035864     /work2/11056/zwu/frontera/miniconda3/envs/libyt/lib/python3.13/site-packages/yt/utilities/lib/line_integral_convolution.cpython-313-x86_64-linux-gnu.so
2ba542512000-2ba542513000 r--p 0000f000 3d8:ad14e 144134765124035864     /work2/11056/zwu/frontera/miniconda3/envs/libyt/lib/python3.13/site-packages/yt/utilities/lib/line_integral_convolution.cpython-313-x86_64-linux-gnu.so
2ba542513000-2ba542514000 rw-p 00010000 3d8:ad14e 144134765124035864     /work2/11056/zwu/frontera/miniconda3/envs/libyt/lib/python3.13/site-packages/yt/utilities/lib/line_integral_convolution.cpython-313-x86_64-linux-gnu.so
2ba542514000-2ba542518000 r--p 00000000 3d8:ad14e 144134765124035838     /work2/11056/zwu/frontera/miniconda3/envs/libyt/lib/python3.13/site-packages/yt/utilities/lib/points_in_volume.cpython-313-x86_64-linux-gnu.so
2ba542518000-2ba542528000 r-xp 00004000 3d8:ad14e 144134765124035838     /work2/11056/zwu/frontera/miniconda3/envs/libyt/lib/python3.13/site-packages/yt/utilities/lib/points_in_volume.cpython-313-x86_64-linux-gnu.so
2ba542528000-2ba54252c000 r--p 00014000 3d8:ad14e 144134765124035838     /work2/11056/zwu/frontera/miniconda3/envs/libyt/lib/python3.13/site-packages/yt/utilities/lib/points_in_volume.cpython-313-x86_64-linux-gnu.so
2ba54252c000-2ba54252d000 r--p 00017000 3d8:ad14e 144134765124035838     /work2/11056/zwu/frontera/miniconda3/envs/libyt/lib/python3.13/site-packages/yt/utilities/lib/points_in_volume.cpython-313-x86_64-linux-gnu.so
2ba54252d000-2ba54252e000 rw-p 00018000 3d8:ad14e 144134765124035838     /work2/11056/zwu/frontera/miniconda3/envs/libyt/lib/python3.13/site-packages/yt/utilities/lib/points_in_volume.cpython-313-x86_64-linux-gnu.so
2ba54252e000-2ba542532000 r--p 00000000 3d8:ad14e 144134765124035690     /work2/11056/zwu/frontera/miniconda3/envs/libyt/lib/python3.13/site-packages/yt/utilities/lib/write_array.cpython-313-x86_64-linux-gnu.so
2ba542532000-2ba54253d000 r-xp 00004000 3d8:ad14e 144134765124035690     /work2/11056/zwu/frontera/miniconda3/envs/libyt/lib/python3.13/site-packages/yt/utilities/lib/write_array.cpython-313-x86_64-linux-gnu.so
2ba54253d000-2ba542540000 r--p 0000f000 3d8:ad14e 144134765124035690     /work2/11056/zwu/frontera/miniconda3/envs/libyt/lib/python3.13/site-packages/yt/utilities/lib/write_array.cpython-313-x86_64-linux-gnu.so
2ba542540000-2ba542541000 r--p 00012000 3d8:ad14e 144134765124035690     /work2/11056/zwu/frontera/miniconda3/envs/libyt/lib/python3.13/site-packages/yt/utilities/lib/write_array.cpython-313-x86_64-linux-gnu.so
2ba542541000-2ba542542000 rw-p 00013000 3d8:ad14e 144134765124035690     /work2/11056/zwu/frontera/miniconda3/envs/libyt/lib/python3.13/site-packages/yt/utilities/lib/write_array.cpython-313-x86_64-linux-gnu.so
2ba542542000-2ba542642000 rw-p 00000000 00:00 0 
2ba542642000-2ba542649000 r--p 00000000 3d8:ad14e 144134765124035262     /work2/11056/zwu/frontera/miniconda3/envs/libyt/lib/python3.13/site-packages/yt/utilities/lib/mesh_triangulation.cpython-313-x86_64-linux-gnu.so
2ba542649000-2ba542672000 r-xp 00007000 3d8:ad14e 144134765124035262     /work2/11056/zwu/frontera/miniconda3/envs/libyt/lib/python3.13/site-packages/yt/utilities/lib/mesh_triangulation.cpython-313-x86_64-linux-gnu.so
2ba542672000-2ba54267a000 r--p 00030000 3d8:ad14e 144134765124035262     /work2/11056/zwu/frontera/miniconda3/envs/libyt/lib/python3.13/site-packages/yt/utilities/lib/mesh_triangulation.cpython-313-x86_64-linux-gnu.so
2ba54267a000-2ba54267b000 r--p 00038000 3d8:ad14e 144134765124035262     /work2/11056/zwu/frontera/miniconda3/envs/libyt/lib/python3.13/site-packages/yt/utilities/lib/mesh_triangulation.cpython-313-x86_64-linux-gnu.so
2ba54267b000-2ba54267d000 rw-p 00039000 3d8:ad14e 144134765124035262     /work2/11056/zwu/frontera/miniconda3/envs/libyt/lib/python3.13/site-packages/yt/utilities/lib/mesh_triangulation.cpython-313-x86_64-linux-gnu.so
2ba54267d000-2ba54267e000 rw-p 00000000 00:00 0 
2ba54267e000-2ba5426a2000 r--p 00000000 3d8:ad14e 144134765124018686     /work2/11056/zwu/frontera/miniconda3/envs/libyt/lib/python3.13/site-packages/mpi4py/MPI.cpython-313-x86_64-linux-gnu.so
2ba5426a2000-2ba54293c000 r-xp 00024000 3d8:ad14e 144134765124018686     /work2/11056/zwu/frontera/miniconda3/envs/libyt/lib/python3.13/site-packages/mpi4py/MPI.cpython-313-x86_64-linux-gnu.so
2ba54293c000-2ba5429aa000 r--p 002be000 3d8:ad14e 144134765124018686     /work2/11056/zwu/frontera/miniconda3/envs/libyt/lib/python3.13/site-packages/mpi4py/MPI.cpython-313-x86_64-linux-gnu.so
2ba5429aa000-2ba5429ab000 r--p 0032c000 3d8:ad14e 144134765124018686     /work2/11056/zwu/frontera/miniconda3/envs/libyt/lib/python3.13/site-packages/mpi4py/MPI.cpython-313-x86_64-linux-gnu.so
2ba5429ab000-2ba5429bd000 rw-p 0032d000 3d8:ad14e 144134765124018686     /work2/11056/zwu/frontera/miniconda3/envs/libyt/lib/python3.13/site-packages/mpi4py/MPI.cpython-313-x86_64-linux-gnu.so
2ba5429bd000-2ba542c00000 rw-p 00000000 00:00 0 
2ba542c00000-2ba543600000 rw-p 00000000 00:00 0 
2ba543600000-2ba5438c5000 rw-p 00000000 00:00 0 
2ba5438c5000-2ba5438c6000 r--p 00000000 3d8:ad14e 144134881776061359     /work2/11056/zwu/frontera/miniconda3/envs/libyt/lib/python3.13/site-packages/torch/lib/libtorch_global_deps.so
2ba5438c6000-2ba5438c7000 r-xp 00001000 3d8:ad14e 144134881776061359     /work2/11056/zwu/frontera/miniconda3/envs/libyt/lib/python3.13/site-packages/torch/lib/libtorch_global_deps.so
2ba5438c7000-2ba5438c8000 r--p 00002000 3d8:ad14e 144134881776061359     /work2/11056/zwu/frontera/miniconda3/envs/libyt/lib/python3.13/site-packages/torch/lib/libtorch_global_deps.so
2ba5438c8000-2ba5438c9000 r--p 00002000 3d8:ad14e 144134881776061359     /work2/11056/zwu/frontera/miniconda3/envs/libyt/lib/python3.13/site-packages/torch/lib/libtorch_global_deps.so
2ba5438c9000-2ba5438ca000 rw-p 00003000 3d8:ad14e 144134881776061359     /work2/11056/zwu/frontera/miniconda3/envs/libyt/lib/python3.13/site-packages/torch/lib/libtorch_global_deps.so
2ba5438ca000-2ba5438cb000 rw-p 00004000 3d8:ad14e 144134881776061359     /work2/11056/zwu/frontera/miniconda3/envs/libyt/lib/python3.13/site-packages/torch/lib/libtorch_global_deps.so
2ba5438cb000-2ba5438cc000 rw-p 00005000 3d8:ad14e 144134881776061359     /work2/11056/zwu/frontera/miniconda3/envs/libyt/lib/python3.13/site-packages/torch/lib/libtorch_global_deps.so
2ba5438cc000-2ba543973000 r-xp 00000000 3d8:ad14e 144134881776058613     /work2/11056/zwu/frontera/miniconda3/envs/libyt/lib/python3.13/site-packages/nvidia/cuda_runtime/lib/libcudart.so.12
2ba543973000-2ba543b73000 ---p 000a7000 3d8:ad14e 144134881776058613     /work2/11056/zwu/frontera/miniconda3/envs/libyt/lib/python3.13/site-packages/nvidia/cuda_runtime/lib/libcudart.so.12
2ba543b73000-2ba543b78000 r--p 000a7000 3d8:ad14e 144134881776058613     /work2/11056/zwu/frontera/miniconda3/envs/libyt/lib/python3.13/site-packages/nvidia/cuda_runtime/lib/libcudart.so.12
2ba543b78000-2ba543b79000 rw-p 000ac000 3d8:ad14e 144134881776058613     /work2/11056/zwu/frontera/miniconda3/envs/libyt/lib/python3.13/site-packages/nvidia/cuda_runtime/lib/libcudart.so.12
2ba543b79000-2ba543b7b000 rw-p 00000000 00:00 0 
2ba543b7b000-2ba543ba0000 r-xp 00000000 3d8:ad14e 144134881776061357     /work2/11056/zwu/frontera/miniconda3/envs/libyt/lib/python3.13/site-packages/torch/lib/libgomp-a34b3233.so.1
2ba543ba0000-2ba543d9f000 ---p 00025000 3d8:ad14e 144134881776061357     /work2/11056/zwu/frontera/miniconda3/envs/libyt/lib/python3.13/site-packages/torch/lib/libgomp-a34b3233.so.1
2ba543d9f000-2ba543da0000 r--p 00024000 3d8:ad14e 144134881776061357     /work2/11056/zwu/frontera/miniconda3/envs/libyt/lib/python3.13/site-packages/torch/lib/libgomp-a34b3233.so.1
2ba543da0000-2ba543da1000 rw-p 00025000 3d8:ad14e 144134881776061357     /work2/11056/zwu/frontera/miniconda3/envs/libyt/lib/python3.13/site-packages/torch/lib/libgomp-a34b3233.so.1
2ba543da1000-2ba543da5000 rw-p 00026000 3d8:ad14e 144134881776061357     /work2/11056/zwu/frontera/miniconda3/envs/libyt/lib/python3.13/site-packages/torch/lib/libgomp-a34b3233.so.1
2ba543da5000-2ba54703d000 r-xp 00000000 3d8:ad14e 144134881776058638     /work2/11056/zwu/frontera/miniconda3/envs/libyt/lib/python3.13/site-packages/nvidia/cuda_nvrtc/lib/libnvrtc.so.12
2ba54703d000-2ba54723d000 ---p 03298000 3d8:ad14e 144134881776058638     /work2/11056/zwu/frontera/miniconda3/envs/libyt/lib/python3.13/site-packages/nvidia/cuda_nvrtc/lib/libnvrtc.so.12
2ba54723d000-2ba54785c000 r--p 03298000 3d8:ad14e 144134881776058638     /work2/11056/zwu/frontera/miniconda3/envs/libyt/lib/python3.13/site-packages/nvidia/cuda_nvrtc/lib/libnvrtc.so.12
2ba54785c000-2ba547941000 rw-p 038b7000 3d8:ad14e 144134881776058638     /work2/11056/zwu/frontera/miniconda3/envs/libyt/lib/python3.13/site-packages/nvidia/cuda_nvrtc/lib/libnvrtc.so.12
2ba547941000-2ba547a40000 rw-p 00000000 00:00 0 
2ba547a40000-2ba547a42000 rw-p 0399d000 3d8:ad14e 144134881776058638     /work2/11056/zwu/frontera/miniconda3/envs/libyt/lib/python3.13/site-packages/nvidia/cuda_nvrtc/lib/libnvrtc.so.12
2ba547a42000-2ba54a71f000 r-xp 00000000 3d8:ad14e 144134881776058404     /work2/11056/zwu/frontera/miniconda3/envs/libyt/lib/python3.13/site-packages/nvidia/nvjitlink/lib/libnvJitLink.so.12
2ba54a71f000-2ba54a91f000 ---p 02cdd000 3d8:ad14e 144134881776058404     /work2/11056/zwu/frontera/miniconda3/envs/libyt/lib/python3.13/site-packages/nvidia/nvjitlink/lib/libnvJitLink.so.12
2ba54a91f000-2ba54aeec000 r--p 02cdd000 3d8:ad14e 144134881776058404     /work2/11056/zwu/frontera/miniconda3/envs/libyt/lib/python3.13/site-packages/nvidia/nvjitlink/lib/libnvJitLink.so.12
2ba54aeec000-2ba54af5f000 rw-p 032aa000 3d8:ad14e 144134881776058404     /work2/11056/zwu/frontera/miniconda3/envs/libyt/lib/python3.13/site-packages/nvidia/nvjitlink/lib/libnvJitLink.so.12
2ba54af5f000-2ba54afd5000 rw-p 00000000 00:00 0 
2ba54afd5000-2ba54afd6000 r--p 00000000 3d8:ad14e 144134881776071753     /work2/11056/zwu/frontera/miniconda3/envs/libyt/lib/python3.13/site-packages/torch/_C.cpython-313-x86_64-linux-gnu.so
2ba54afd6000-2ba54afd7000 r-xp 00001000 3d8:ad14e 144134881776071753     /work2/11056/zwu/frontera/miniconda3/envs/libyt/lib/python3.13/site-packages/torch/_C.cpython-313-x86_64-linux-gnu.so
2ba54afd7000-2ba54afd8000 r--p 00002000 3d8:ad14e 144134881776071753     /work2/11056/zwu/frontera/miniconda3/envs/libyt/lib/python3.13/site-packages/torch/_C.cpython-313-x86_64-linux-gnu.so
2ba54afd8000-2ba54afd9000 r--p 00002000 3d8:ad14e 144134881776071753     /work2/11056/zwu/frontera/miniconda3/envs/libyt/lib/python3.13/site-packages/torch/_C.cpython-313-x86_64-linux-gnu.so
2ba54afd9000-2ba54afda000 rw-p 00003000 3d8:ad14e 144134881776071753     /work2/11056/zwu/frontera/miniconda3/envs/libyt/lib/python3.13/site-packages/torch/_C.cpython-313-x86_64-linux-gnu.so
2ba54afda000-2ba54afdb000 rw-p 00008000 3d8:ad14e 144134881776071753     /work2/11056/zwu/frontera/miniconda3/envs/libyt/lib/python3.13/site-packages/torch/_C.cpython-313-x86_64-linux-gnu.so
2ba54afdb000-2ba54b276000 r--p 00000000 3d8:ad14e 144134881776061358     /work2/11056/zwu/frontera/miniconda3/envs/libyt/lib/python3.13/site-packages/torch/lib/libtorch_python.so
2ba54b276000-2ba54bf1a000 r-xp 0029b000 3d8:ad14e 144134881776061358     /work2/11056/zwu/frontera/miniconda3/envs/libyt/lib/python3.13/site-packages/torch/lib/libtorch_python.so
2ba54bf1a000-2ba54c2f8000 r--p 00f3f000 3d8:ad14e 144134881776061358     /work2/11056/zwu/frontera/miniconda3/envs/libyt/lib/python3.13/site-packages/torch/lib/libtorch_python.so
2ba54c2f8000-2ba54c2f9000 ---p 0131d000 3d8:ad14e 144134881776061358     /work2/11056/zwu/frontera/miniconda3/envs/libyt/lib/python3.13/site-packages/torch/lib/libtorch_python.so
2ba54c2f9000-2ba54c31a000 r--p 0131d000 3d8:ad14e 144134881776061358     /work2/11056/zwu/frontera/miniconda3/envs/libyt/lib/python3.13/site-packages/torch/lib/libtorch_python.so
2ba54c31a000-2ba54c37b000 rw-p 0133e000 3d8:ad14e 144134881776061358     /work2/11056/zwu/frontera/miniconda3/envs/libyt/lib/python3.13/site-packages/torch/lib/libtorch_python.so
2ba54c37b000-2ba54c3e5000 rw-p 00000000 00:00 0 
2ba54c3e5000-2ba54c558000 rw-p 01abe000 3d8:ad14e 144134881776061358     /work2/11056/zwu/frontera/miniconda3/envs/libyt/lib/python3.13/site-packages/torch/lib/libtorch_python.so
2ba54c558000-2ba54c564000 r--p 00000000 3d8:ad14e 144134881776061363     /work2/11056/zwu/frontera/miniconda3/envs/libyt/lib/python3.13/site-packages/torch/lib/libtorch.so
2ba54c564000-2ba54c56f000 r-xp 0000c000 3d8:ad14e 144134881776061363     /work2/11056/zwu/frontera/miniconda3/envs/libyt/lib/python3.13/site-packages/torch/lib/libtorch.so
2ba54c56f000-2ba54c574000 r--p 00017000 3d8:ad14e 144134881776061363     /work2/11056/zwu/frontera/miniconda3/envs/libyt/lib/python3.13/site-packages/torch/lib/libtorch.so
2ba54c574000-2ba54c575000 ---p 0001c000 3d8:ad14e 144134881776061363     /work2/11056/zwu/frontera/miniconda3/envs/libyt/lib/python3.13/site-packages/torch/lib/libtorch.so
2ba54c575000-2ba54c576000 r--p 0001c000 3d8:ad14e 144134881776061363     /work2/11056/zwu/frontera/miniconda3/envs/libyt/lib/python3.13/site-packages/torch/lib/libtorch.so
2ba54c576000-2ba54c577000 rw-p 0001d000 3d8:ad14e 144134881776061363     /work2/11056/zwu/frontera/miniconda3/envs/libyt/lib/python3.13/site-packages/torch/lib/libtorch.so
2ba54c577000-2ba54c57e000 rw-p 00029000 3d8:ad14e 144134881776061363     /work2/11056/zwu/frontera/miniconda3/envs/libyt/lib/python3.13/site-packages/torch/lib/libtorch.so
2ba54c57e000-2ba54c581000 r--p 00000000 3d8:ad14e 144134881776061364     /work2/11056/zwu/frontera/miniconda3/envs/libyt/lib/python3.13/site-packages/torch/lib/libshm.so
2ba54c581000-2ba54c584000 r-xp 00003000 3d8:ad14e 144134881776061364     /work2/11056/zwu/frontera/miniconda3/envs/libyt/lib/python3.13/site-packages/torch/lib/libshm.so
2ba54c584000-2ba54c585000 r--p 00006000 3d8:ad14e 144134881776061364     /work2/11056/zwu/frontera/miniconda3/envs/libyt/lib/python3.13/site-packages/torch/lib/libshm.so
2ba54c585000-2ba54c586000 ---p 00007000 3d8:ad14e 144134881776061364     /work2/11056/zwu/frontera/miniconda3/envs/libyt/lib/python3.13/site-packages/torch/lib/libshm.so
2ba54c586000-2ba54c587000 r--p 00007000 3d8:ad14e 144134881776061364     /work2/11056/zwu/frontera/miniconda3/envs/libyt/lib/python3.13/site-packages/torch/lib/libshm.so
2ba54c587000-2ba54c588000 rw-p 00008000 3d8:ad14e 144134881776061364     /work2/11056/zwu/frontera/miniconda3/envs/libyt/lib/python3.13/site-packages/torch/lib/libshm.so
2ba54c588000-2ba54c589000 rw-p 0000b000 3d8:ad14e 144134881776061364     /work2/11056/zwu/frontera/miniconda3/envs/libyt/lib/python3.13/site-packages/torch/lib/libshm.so
2ba54c589000-2ba54c58a000 rw-p 0000c000 3d8:ad14e 144134881776061364     /work2/11056/zwu/frontera/miniconda3/envs/libyt/lib/python3.13/site-packages/torch/lib/libshm.so
2ba54c58a000-2ba54d566000 r--p 00000000 3d8:ad14e 144134881776061362     /work2/11056/zwu/frontera/miniconda3/envs/libyt/lib/python3.13/site-packages/torch/lib/libtorch_cpu.so
2ba54d566000-2ba55dccb000 r-xp 00fdc000 3d8:ad14e 144134881776061362     /work2/11056/zwu/frontera/miniconda3/envs/libyt/lib/python3.13/site-packages/torch/lib/libtorch_cpu.so
2ba55dccb000-2ba56064d000 r--p 11741000 3d8:ad14e 144134881776061362     /work2/11056/zwu/frontera/miniconda3/envs/libyt/lib/python3.13/site-packages/torch/lib/libtorch_cpu.so
2ba56064d000-2ba56064e000 ---p 140c3000 3d8:ad14e 144134881776061362     /work2/11056/zwu/frontera/miniconda3/envs/libyt/lib/python3.13/site-packages/torch/lib/libtorch_cpu.so
2ba56064e000-2ba5608a6000 r--p 140c3000 3d8:ad14e 144134881776061362     /work2/11056/zwu/frontera/miniconda3/envs/libyt/lib/python3.13/site-packages/torch/lib/libtorch_cpu.so
2ba5608a6000-2ba560963000 rw-p 1431b000 3d8:ad14e 144134881776061362     /work2/11056/zwu/frontera/miniconda3/envs/libyt/lib/python3.13/site-packages/torch/lib/libtorch_cpu.so
2ba560963000-2ba560a0a000 rw-p 00000000 00:00 0 
2ba560a0a000-2ba561069000 rw-p 19928000 3d8:ad14e 144134881776061362     /work2/11056/zwu/frontera/miniconda3/envs/libyt/lib/python3.13/site-packages/torch/lib/libtorch_cpu.so
2ba561069000-2ba561646000 rw-p 19f87000 3d8:ad14e 144134881776061362     /work2/11056/zwu/frontera/miniconda3/envs/libyt/lib/python3.13/site-packages/torch/lib/libtorch_cpu.so
2ba561646000-2ba56243e000 r--p 00000000 3d8:ad14e 144134881776061361     /work2/11056/zwu/frontera/miniconda3/envs/libyt/lib/python3.13/site-packages/torch/lib/libtorch_cuda.so
2ba56243e000-2ba565215000 r-xp 00df8000 3d8:ad14e 144134881776061361     /work2/11056/zwu/frontera/miniconda3/envs/libyt/lib/python3.13/site-packages/torch/lib/libtorch_cuda.so
2ba565215000-2ba594f2c000 r--p 03bcf000 3d8:ad14e 144134881776061361     /work2/11056/zwu/frontera/miniconda3/envs/libyt/lib/python3.13/site-packages/torch/lib/libtorch_cuda.so
2ba594f2c000-2ba594f9c000 r--p 338e5000 3d8:ad14e 144134881776061361     /work2/11056/zwu/frontera/miniconda3/envs/libyt/lib/python3.13/site-packages/torch/lib/libtorch_cuda.so
2ba594f9c000-2ba594fbf000 rw-p 33955000 3d8:ad14e 144134881776061361     /work2/11056/zwu/frontera/miniconda3/envs/libyt/lib/python3.13/site-packages/torch/lib/libtorch_cuda.so
2ba594fbf000-2ba595cd2000 rw-p 00000000 00:00 0 
2ba595cd2000-2ba5967ee000 rw-p 351bb000 3d8:ad14e 144134881776061361     /work2/11056/zwu/frontera/miniconda3/envs/libyt/lib/python3.13/site-packages/torch/lib/libtorch_cuda.so
2ba5967ee000-2ba596800000 r--p 00000000 3d8:ad14e 144134881776061366     /work2/11056/zwu/frontera/miniconda3/envs/libyt/lib/python3.13/site-packages/torch/lib/libc10_cuda.so
2ba596800000-2ba59685c000 r-xp 00012000 3d8:ad14e 144134881776061366     /work2/11056/zwu/frontera/miniconda3/envs/libyt/lib/python3.13/site-packages/torch/lib/libc10_cuda.so
2ba59685c000-2ba596872000 r--p 0006e000 3d8:ad14e 144134881776061366     /work2/11056/zwu/frontera/miniconda3/envs/libyt/lib/python3.13/site-packages/torch/lib/libc10_cuda.so
2ba596872000-2ba596873000 ---p 00084000 3d8:ad14e 144134881776061366     /work2/11056/zwu/frontera/miniconda3/envs/libyt/lib/python3.13/site-packages/torch/lib/libc10_cuda.so
2ba596873000-2ba596874000 r--p 00084000 3d8:ad14e 144134881776061366     /work2/11056/zwu/frontera/miniconda3/envs/libyt/lib/python3.13/site-packages/torch/lib/libc10_cuda.so
2ba596874000-2ba596875000 rw-p 00085000 3d8:ad14e 144134881776061366     /work2/11056/zwu/frontera/miniconda3/envs/libyt/lib/python3.13/site-packages/torch/lib/libc10_cuda.so
2ba596875000-2ba59689b000 rw-p 00000000 00:00 0 
2ba59689b000-2ba5968a5000 rw-p 000a7000 3d8:ad14e 144134881776061366     /work2/11056/zwu/frontera/miniconda3/envs/libyt/lib/python3.13/site-packages/torch/lib/libc10_cuda.so
2ba5968a5000-2ba5968d4000 r--p 00000000 3d8:ad14e 144134881776061367     /work2/11056/zwu/frontera/miniconda3/envs/libyt/lib/python3.13/site-packages/torch/lib/libc10.so
2ba5968d4000-2ba59696f000 r-xp 0002f000 3d8:ad14e 144134881776061367     /work2/11056/zwu/frontera/miniconda3/envs/libyt/lib/python3.13/site-packages/torch/lib/libc10.so
2ba59696f000-2ba5969a2000 r--p 000ca000 3d8:ad14e 144134881776061367     /work2/11056/zwu/frontera/miniconda3/envs/libyt/lib/python3.13/site-packages/torch/lib/libc10.so
2ba5969a2000-2ba5969a5000 r--p 000fc000 3d8:ad14e 144134881776061367     /work2/11056/zwu/frontera/miniconda3/envs/libyt/lib/python3.13/site-packages/torch/lib/libc10.so
2ba5969a5000-2ba5969ab000 rw-p 000ff000 3d8:ad14e 144134881776061367     /work2/11056/zwu/frontera/miniconda3/envs/libyt/lib/python3.13/site-packages/torch/lib/libc10.so
2ba5969ab000-2ba5969ae000 rw-p 00000000 00:00 0 
2ba5969ae000-2ba5969c7000 rw-p 0014b000 3d8:ad14e 144134881776061367     /work2/11056/zwu/frontera/miniconda3/envs/libyt/lib/python3.13/site-packages/torch/lib/libc10.so
2ba5969c7000-2ba5969df000 r-xp 00000000 3d8:ad14e 144134881776060270     /work2/11056/zwu/frontera/miniconda3/envs/libyt/lib/python3.13/site-packages/nvidia/cudnn/lib/libcudnn.so.9
2ba5969df000-2ba596bdf000 ---p 00018000 3d8:ad14e 144134881776060270     /work2/11056/zwu/frontera/miniconda3/envs/libyt/lib/python3.13/site-packages/nvidia/cudnn/lib/libcudnn.so.9
2ba596bdf000-2ba596be0000 r--p 00018000 3d8:ad14e 144134881776060270     /work2/11056/zwu/frontera/miniconda3/envs/libyt/lib/python3.13/site-packages/nvidia/cudnn/lib/libcudnn.so.9
2ba596be0000-2ba596be1000 rw-p 00019000 3d8:ad14e 144134881776060270     /work2/11056/zwu/frontera/miniconda3/envs/libyt/lib/python3.13/site-packages/nvidia/cudnn/lib/libcudnn.so.9
2ba596be1000-2ba59725f000 r-xp 00000000 3d8:ad14e 144134881776058698     /work2/11056/zwu/frontera/miniconda3/envs/libyt/lib/python3.13/site-packages/nvidia/cuda_cupti/lib/libcupti.so.12
2ba59725f000-2ba59745e000 ---p 0067e000 3d8:ad14e 144134881776058698     /work2/11056/zwu/frontera/miniconda3/envs/libyt/lib/python3.13/site-packages/nvidia/cuda_cupti/lib/libcupti.so.12
2ba59745e000-2ba5974ad000 r--p 0067d000 3d8:ad14e 144134881776058698     /work2/11056/zwu/frontera/miniconda3/envs/libyt/lib/python3.13/site-packages/nvidia/cuda_cupti/lib/libcupti.so.12
2ba5974ad000-2ba597545000 rw-p 006cc000 3d8:ad14e 144134881776058698     /work2/11056/zwu/frontera/miniconda3/envs/libyt/lib/python3.13/site-packages/nvidia/cuda_cupti/lib/libcupti.so.12
2ba597545000-2ba59757e000 rw-p 00000000 00:00 0 
2ba59757e000-2ba5a8197000 r-xp 00000000 3d8:ad14e 144134881776060233     /work2/11056/zwu/frontera/miniconda3/envs/libyt/lib/python3.13/site-packages/nvidia/cusparse/lib/libcusparse.so.12
2ba5a8197000-2ba5a8397000 ---p 10c19000 3d8:ad14e 144134881776060233     /work2/11056/zwu/frontera/miniconda3/envs/libyt/lib/python3.13/site-packages/nvidia/cusparse/lib/libcusparse.so.12
2ba5a8397000-2ba5a83a6000 r--p 10c19000 3d8:ad14e 144134881776060233     /work2/11056/zwu/frontera/miniconda3/envs/libyt/lib/python3.13/site-packages/nvidia/cusparse/lib/libcusparse.so.12
2ba5a83a6000-2ba5a83c2000 rw-p 10c28000 3d8:ad14e 144134881776060233     /work2/11056/zwu/frontera/miniconda3/envs/libyt/lib/python3.13/site-packages/nvidia/cusparse/lib/libcusparse.so.12
2ba5a83c2000-2ba5a83c7000 rw-p 00000000 00:00 0 
2ba5a83c7000-2ba5a83cc000 rw-p 10c44000 3d8:ad14e 144134881776060233     /work2/11056/zwu/frontera/miniconda3/envs/libyt/lib/python3.13/site-packages/nvidia/cusparse/lib/libcusparse.so.12
2ba5a83cc000-2ba5a8d7d000 r-xp 00000000 3d8:ad14e 144134881776058496     /work2/11056/zwu/frontera/miniconda3/envs/libyt/lib/python3.13/site-packages/nvidia/cufft/lib/libcufft.so.11
2ba5a8d7d000-2ba5a8f7c000 ---p 009b1000 3d8:ad14e 144134881776058496     /work2/11056/zwu/frontera/miniconda3/envs/libyt/lib/python3.13/site-packages/nvidia/cufft/lib/libcufft.so.11
2ba5a8f7c000-2ba5a8f89000 r--p 009b0000 3d8:ad14e 144134881776058496     /work2/11056/zwu/frontera/miniconda3/envs/libyt/lib/python3.13/site-packages/nvidia/cufft/lib/libcufft.so.11
2ba5a8f89000-2ba5b9d1e000 rw-p 009bd000 3d8:ad14e 144134881776058496     /work2/11056/zwu/frontera/miniconda3/envs/libyt/lib/python3.13/site-packages/nvidia/cufft/lib/libcufft.so.11
2ba5b9d1e000-2ba5b9fc9000 rw-p 00000000 00:00 0 
2ba5b9fc9000-2ba5c67fe000 r-xp 00000000 3d8:ad14e 144134881776053875     /work2/11056/zwu/frontera/miniconda3/envs/libyt/lib/python3.13/site-packages/cusparselt/lib/libcusparseLt.so.0
2ba5c67fe000-2ba5c69fe000 ---p 0c835000 3d8:ad14e 144134881776053875     /work2/11056/zwu/frontera/miniconda3/envs/libyt/lib/python3.13/site-packages/cusparselt/lib/libcusparseLt.so.0
2ba5c69fe000-2ba5c6a20000 r--p 0c835000 3d8:ad14e 144134881776053875     /work2/11056/zwu/frontera/miniconda3/envs/libyt/lib/python3.13/site-packages/cusparselt/lib/libcusparseLt.so.0
2ba5c6a20000-2ba5c6a26000 rw-p 0c857000 3d8:ad14e 144134881776053875     /work2/11056/zwu/frontera/miniconda3/envs/libyt/lib/python3.13/site-packages/cusparselt/lib/libcusparseLt.so.0
2ba5c6a26000-2ba5c6c17000 rw-p 00000000 00:00 0 
2ba5c6c17000-2ba5c6e7a000 rw-p 0c85e000 3d8:ad14e 144134881776053875     /work2/11056/zwu/frontera/miniconda3/envs/libyt/lib/python3.13/site-packages/cusparselt/lib/libcusparseLt.so.0
2ba5c6e7a000-2ba5cb656000 r-xp 00000000 3d8:ad14e 144134881776058469     /work2/11056/zwu/frontera/miniconda3/envs/libyt/lib/python3.13/site-packages/nvidia/curand/lib/libcurand.so.10
2ba5cb656000-2ba5cb856000 ---p 047dc000 3d8:ad14e 144134881776058469     /work2/11056/zwu/frontera/miniconda3/envs/libyt/lib/python3.13/site-packages/nvidia/curand/lib/libcurand.so.10
2ba5cb856000-2ba5cb85c000 r--p 047dc000 3d8:ad14e 144134881776058469     /work2/11056/zwu/frontera/miniconda3/envs/libyt/lib/python3.13/site-packages/nvidia/curand/lib/libcurand.so.10
2ba5cb85c000-2ba5ccc88000 rw-p 047e2000 3d8:ad14e 144134881776058469     /work2/11056/zwu/frontera/miniconda3/envs/libyt/lib/python3.13/site-packages/nvidia/curand/lib/libcurand.so.10
2ba5ccc88000-2ba5cd2c0000 rw-p 00000000 00:00 0 
2ba5cd2c0000-2ba5d3b34000 r-xp 00000000 3d8:ad14e 144134881776058730     /work2/11056/zwu/frontera/miniconda3/envs/libyt/lib/python3.13/site-packages/nvidia/cublas/lib/libcublas.so.12
2ba5d3b34000-2ba5d3d34000 ---p 06874000 3d8:ad14e 144134881776058730     /work2/11056/zwu/frontera/miniconda3/envs/libyt/lib/python3.13/site-packages/nvidia/cublas/lib/libcublas.so.12
2ba5d3d34000-2ba5d3d40000 r--p 06874000 3d8:ad14e 144134881776058730     /work2/11056/zwu/frontera/miniconda3/envs/libyt/lib/python3.13/site-packages/nvidia/cublas/lib/libcublas.so.12
2ba5d3d40000-2ba5d3d47000 rw-p 06880000 3d8:ad14e 144134881776058730     /work2/11056/zwu/frontera/miniconda3/envs/libyt/lib/python3.13/site-packages/nvidia/cublas/lib/libcublas.so.12
2ba5d3d47000-2ba5d3d52000 rw-p 00000000 00:00 0 
2ba5d3d52000-2ba5ea6f8000 r-xp 00000000 3d8:ad14e 144134881776058731     /work2/11056/zwu/frontera/miniconda3/envs/libyt/lib/python3.13/site-packages/nvidia/cublas/lib/libcublasLt.so.12
2ba5ea6f8000-2ba5ea8f8000 ---p 169a6000 3d8:ad14e 144134881776058731     /work2/11056/zwu/frontera/miniconda3/envs/libyt/lib/python3.13/site-packages/nvidia/cublas/lib/libcublasLt.so.12
2ba5ea8f8000-2ba5eab2c000 r--p 169a6000 3d8:ad14e 144134881776058731     /work2/11056/zwu/frontera/miniconda3/envs/libyt/lib/python3.13/site-packages/nvidia/cublas/lib/libcublasLt.so.12
2ba5eab2c000-2ba5ee4c9000 rw-p 16bda000 3d8:ad14e 144134881776058731     /work2/11056/zwu/frontera/miniconda3/envs/libyt/lib/python3.13/site-packages/nvidia/cublas/lib/libcublasLt.so.12
2ba5ee4c9000-2ba5f1cae000 rw-p 00000000 00:00 0 
2ba5f1cae000-2ba60026e000 r-xp 00000000 3d8:ad14e 144134881776058429     /work2/11056/zwu/frontera/miniconda3/envs/libyt/lib/python3.13/site-packages/nvidia/nccl/lib/libnccl.so.2
2ba60026e000-2ba60046e000 ---p 0e5c0000 3d8:ad14e 144134881776058429     /work2/11056/zwu/frontera/miniconda3/envs/libyt/lib/python3.13/site-packages/nvidia/nccl/lib/libnccl.so.2
2ba60046e000-2ba600477000 r--p 0e5c0000 3d8:ad14e 144134881776058429     /work2/11056/zwu/frontera/miniconda3/envs/libyt/lib/python3.13/site-packages/nvidia/nccl/lib/libnccl.so.2
2ba600477000-2ba600483000 rw-p 0e5c9000 3d8:ad14e 144134881776058429     /work2/11056/zwu/frontera/miniconda3/envs/libyt/lib/python3.13/site-packages/nvidia/nccl/lib/libnccl.so.2
2ba600483000-2ba600499000 rw-p 00000000 00:00 0 
2ba600499000-2ba60049c000 r--p 00000000 3d8:ad14e 144134765124011961     /work2/11056/zwu/frontera/miniconda3/envs/libyt/lib/python3.13/lib-dynload/mmap.cpython-313-x86_64-linux-gnu.so
2ba60049c000-2ba60049f000 r-xp 00003000 3d8:ad14e 144134765124011961     /work2/11056/zwu/frontera/miniconda3/envs/libyt/lib/python3.13/lib-dynload/mmap.cpython-313-x86_64-linux-gnu.so
2ba60049f000-2ba6004a1000 r--p 00006000 3d8:ad14e 144134765124011961     /work2/11056/zwu/frontera/miniconda3/envs/libyt/lib/python3.13/lib-dynload/mmap.cpython-313-x86_64-linux-gnu.so
2ba6004a1000-2ba6004a2000 r--p 00007000 3d8:ad14e 144134765124011961     /work2/11056/zwu/frontera/miniconda3/envs/libyt/lib/python3.13/lib-dynload/mmap.cpython-313-x86_64-linux-gnu.so
2ba6004a2000-2ba6004a3000 rw-p 00008000 3d8:ad14e 144134765124011961     /work2/11056/zwu/frontera/miniconda3/envs/libyt/lib/python3.13/lib-dynload/mmap.cpython-313-x86_64-linux-gnu.so
2ba6004a3000-2ba6004a5000 r--p 00000000 3d8:ad14e 144134765124013368     /work2/11056/zwu/frontera/miniconda3/envs/libyt/lib/python3.13/lib-dynload/_multiprocessing.cpython-313-x86_64-linux-gnu.so
2ba6004a5000-2ba6004a6000 r-xp 00002000 3d8:ad14e 144134765124013368     /work2/11056/zwu/frontera/miniconda3/envs/libyt/lib/python3.13/lib-dynload/_multiprocessing.cpython-313-x86_64-linux-gnu.so
2ba6004a6000-2ba6004a7000 r--p 00003000 3d8:ad14e 144134765124013368     /work2/11056/zwu/frontera/miniconda3/envs/libyt/lib/python3.13/lib-dynload/_multiprocessing.cpython-313-x86_64-linux-gnu.so
2ba6004a7000-2ba6004a8000 r--p 00003000 3d8:ad14e 144134765124013368     /work2/11056/zwu/frontera/miniconda3/envs/libyt/lib/python3.13/lib-dynload/_multiprocessing.cpython-313-x86_64-linux-gnu.so
2ba6004a8000-2ba6004a9000 rw-p 00004000 3d8:ad14e 144134765124013368     /work2/11056/zwu/frontera/miniconda3/envs/libyt/lib/python3.13/lib-dynload/_multiprocessing.cpython-313-x86_64-linux-gnu.so
2ba6004a9000-2ba6004ab000 r--p 00000000 3d8:ad14e 144134765124011931     /work2/11056/zwu/frontera/miniconda3/envs/libyt/lib/python3.13/lib-dynload/resource.cpython-313-x86_64-linux-gnu.so
2ba6004ab000-2ba6004ad000 r-xp 00002000 3d8:ad14e 144134765124011931     /work2/11056/zwu/frontera/miniconda3/envs/libyt/lib/python3.13/lib-dynload/resource.cpython-313-x86_64-linux-gnu.so
2ba6004ad000-2ba6004ae000 r--p 00004000 3d8:ad14e 144134765124011931     /work2/11056/zwu/frontera/miniconda3/envs/libyt/lib/python3.13/lib-dynload/resource.cpython-313-x86_64-linux-gnu.so
2ba6004ae000-2ba6004af000 r--p 00004000 3d8:ad14e 144134765124011931     /work2/11056/zwu/frontera/miniconda3/envs/libyt/lib/python3.13/lib-dynload/resource.cpython-313-x86_64-linux-gnu.so
2ba6004af000-2ba6004b0000 rw-p 00005000 3d8:ad14e 144134765124011931     /work2/11056/zwu/frontera/miniconda3/envs/libyt/lib/python3.13/lib-dynload/resource.cpython-313-x86_64-linux-gnu.so
2ba6004b8000-2ba600503000 r-xp 00000000 fd:00 406619742                  /usr/lib64/libmemkind.so.0.0.1
2ba600503000-2ba600703000 ---p 0004b000 fd:00 406619742                  /usr/lib64/libmemkind.so.0.0.1
2ba600703000-2ba600708000 r--p 0004b000 fd:00 406619742                  /usr/lib64/libmemkind.so.0.0.1
2ba600708000-2ba60070b000 rw-p 00050000 fd:00 406619742                  /usr/lib64/libmemkind.so.0.0.1
2ba60070b000-2ba600b38000 rw-p 00000000 00:00 0 
2ba600b38000-2ba600d22000 ---p 00000000 00:00 0 
2ba600d22000-2ba602172000 rw-p 00000000 00:00 0 
2ba602172000-2ba602186000 r--p 00000000 3d8:ad14e 144134765124011647     /work2/11056/zwu/frontera/miniconda3/envs/libyt/lib/python3.13/lib-dynload/_ssl.cpython-313-x86_64-linux-gnu.so
2ba602186000-2ba602190000 r-xp 00014000 3d8:ad14e 144134765124011647     /work2/11056/zwu/frontera/miniconda3/envs/libyt/lib/python3.13/lib-dynload/_ssl.cpython-313-x86_64-linux-gnu.so
2ba602190000-2ba60219e000 r--p 0001e000 3d8:ad14e 144134765124011647     /work2/11056/zwu/frontera/miniconda3/envs/libyt/lib/python3.13/lib-dynload/_ssl.cpython-313-x86_64-linux-gnu.so
2ba60219e000-2ba60219f000 r--p 0002c000 3d8:ad14e 144134765124011647     /work2/11056/zwu/frontera/miniconda3/envs/libyt/lib/python3.13/lib-dynload/_ssl.cpython-313-x86_64-linux-gnu.so
2ba60219f000-2ba6021a7000 rw-p 0002d000 3d8:ad14e 144134765124011647     /work2/11056/zwu/frontera/miniconda3/envs/libyt/lib/python3.13/lib-dynload/_ssl.cpython-313-x86_64-linux-gnu.so
2ba6021a7000-2ba6021cb000 r--p 00000000 3d8:ad14e 144134765124008460     /work2/11056/zwu/frontera/miniconda3/envs/libyt/lib/libssl.so.3
2ba6021cb000-2ba602265000 r-xp 00024000 3d8:ad14e 144134765124008460     /work2/11056/zwu/frontera/miniconda3/envs/libyt/lib/libssl.so.3
2ba602265000-2ba602295000 r--p 000be000 3d8:ad14e 144134765124008460     /work2/11056/zwu/frontera/miniconda3/envs/libyt/lib/libssl.so.3
2ba602295000-2ba60229f000 r--p 000ee000 3d8:ad14e 144134765124008460     /work2/11056/zwu/frontera/miniconda3/envs/libyt/lib/libssl.so.3
2ba60229f000-2ba6022a3000 rw-p 000f8000 3d8:ad14e 144134765124008460     /work2/11056/zwu/frontera/miniconda3/envs/libyt/lib/libssl.so.3
2ba6022a3000-2ba6026a3000 rw-p 00000000 00:00 0 
2ba6026a3000-2ba6026a8000 r--p 00000000 3d8:ad14e 144134765124012998     /work2/11056/zwu/frontera/miniconda3/envs/libyt/lib/python3.13/lib-dynload/_asyncio.cpython-313-x86_64-linux-gnu.so
2ba6026a8000-2ba6026ae000 r-xp 00005000 3d8:ad14e 144134765124012998     /work2/11056/zwu/frontera/miniconda3/envs/libyt/lib/python3.13/lib-dynload/_asyncio.cpython-313-x86_64-linux-gnu.so
2ba6026ae000-2ba6026b2000 r--p 0000b000 3d8:ad14e 144134765124012998     /work2/11056/zwu/frontera/miniconda3/envs/libyt/lib/python3.13/lib-dynload/_asyncio.cpython-313-x86_64-linux-gnu.so
2ba6026b2000-2ba6026b3000 r--p 0000f000 3d8:ad14e 144134765124012998     /work2/11056/zwu/frontera/miniconda3/envs/libyt/lib/python3.13/lib-dynload/_asyncio.cpython-313-x86_64-linux-gnu.so
2ba6026b3000-2ba6026b5000 rw-p 00010000 3d8:ad14e 144134765124012998     /work2/11056/zwu/frontera/miniconda3/envs/libyt/lib/python3.13/lib-dynload/_asyncio.cpython-313-x86_64-linux-gnu.so
2ba6026b5000-2ba60b878000 rw-p 00000000 00:00 0 
2ba60b978000-2ba60c478000 rw-p 00000000 00:00 0 
2ba60c478000-2ba60c47d000 r--p 00000000 3d8:ad14e 144134765124018054     /work2/11056/zwu/frontera/miniconda3/envs/libyt/lib/python3.13/site-packages/numpy/random/_bounded_integers.cpython-313-x86_64-linux-gnu.so
2ba60c47d000-2ba60c4bb000 r-xp 00005000 3d8:ad14e 144134765124018054     /work2/11056/zwu/frontera/miniconda3/envs/libyt/lib/python3.13/site-packages/numpy/random/_bounded_integers.cpython-313-x86_64-linux-gnu.so
2ba60c4bb000-2ba60c4c3000 r--p 00043000 3d8:ad14e 144134765124018054     /work2/11056/zwu/frontera/miniconda3/envs/libyt/lib/python3.13/site-packages/numpy/random/_bounded_integers.cpython-313-x86_64-linux-gnu.so
2ba60c4c3000-2ba60c4c4000 r--p 0004b000 3d8:ad14e 144134765124018054     /work2/11056/zwu/frontera/miniconda3/envs/libyt/lib/python3.13/site-packages/numpy/random/_bounded_integers.cpython-313-x86_64-linux-gnu.so
2ba60c4c4000-2ba60c4c5000 rw-p 0004c000 3d8:ad14e 144134765124018054     /work2/11056/zwu/frontera/miniconda3/envs/libyt/lib/python3.13/site-packages/numpy/random/_bounded_integers.cpython-313-x86_64-linux-gnu.so
2ba60c4c5000-2ba60c4cb000 r--p 00000000 3d8:ad14e 144134765124018089     /work2/11056/zwu/frontera/miniconda3/envs/libyt/lib/python3.13/site-packages/numpy/random/bit_generator.cpython-313-x86_64-linux-gnu.so
2ba60c4cb000-2ba60c4e6000 r-xp 00006000 3d8:ad14e 144134765124018089     /work2/11056/zwu/frontera/miniconda3/envs/libyt/lib/python3.13/site-packages/numpy/random/bit_generator.cpython-313-x86_64-linux-gnu.so
2ba60c4e6000-2ba60c4ef000 r--p 00021000 3d8:ad14e 144134765124018089     /work2/11056/zwu/frontera/miniconda3/envs/libyt/lib/python3.13/site-packages/numpy/random/bit_generator.cpython-313-x86_64-linux-gnu.so
2ba60c4ef000-2ba60c4f0000 r--p 0002a000 3d8:ad14e 144134765124018089     /work2/11056/zwu/frontera/miniconda3/envs/libyt/lib/python3.13/site-packages/numpy/random/bit_generator.cpython-313-x86_64-linux-gnu.so
2ba60c4f0000-2ba60c4f2000 rw-p 0002b000 3d8:ad14e 144134765124018089     /work2/11056/zwu/frontera/miniconda3/envs/libyt/lib/python3.13/site-packages/numpy/random/bit_generator.cpython-313-x86_64-linux-gnu.so
2ba60c4f2000-2ba60c4f7000 r--p 00000000 3d8:ad14e 144134765124018057     /work2/11056/zwu/frontera/miniconda3/envs/libyt/lib/python3.13/site-packages/numpy/random/_common.cpython-313-x86_64-linux-gnu.so
2ba60c4f7000-2ba60c529000 r-xp 00005000 3d8:ad14e 144134765124018057     /work2/11056/zwu/frontera/miniconda3/envs/libyt/lib/python3.13/site-packages/numpy/random/_common.cpython-313-x86_64-linux-gnu.so
2ba60c529000-2ba60c52d000 r--p 00037000 3d8:ad14e 144134765124018057     /work2/11056/zwu/frontera/miniconda3/envs/libyt/lib/python3.13/site-packages/numpy/random/_common.cpython-313-x86_64-linux-gnu.so
2ba60c52d000-2ba60c52e000 r--p 0003a000 3d8:ad14e 144134765124018057     /work2/11056/zwu/frontera/miniconda3/envs/libyt/lib/python3.13/site-packages/numpy/random/_common.cpython-313-x86_64-linux-gnu.so
2ba60c52e000-2ba60c52f000 rw-p 0003b000 3d8:ad14e 144134765124018057     /work2/11056/zwu/frontera/miniconda3/envs/libyt/lib/python3.13/site-packages/numpy/random/_common.cpython-313-x86_64-linux-gnu.so
2ba60c52f000-2ba60c539000 r--p 00000000 3d8:ad14e 144134765124018077     /work2/11056/zwu/frontera/miniconda3/envs/libyt/lib/python3.13/site-packages/numpy/random/_generator.cpython-313-x86_64-linux-gnu.so
2ba60c539000-2ba60c5a4000 r-xp 0000a000 3d8:ad14e 144134765124018077     /work2/11056/zwu/frontera/miniconda3/envs/libyt/lib/python3.13/site-packages/numpy/random/_generator.cpython-313-x86_64-linux-gnu.so
2ba60c5a4000-2ba60c5e0000 r--p 00075000 3d8:ad14e 144134765124018077     /work2/11056/zwu/frontera/miniconda3/envs/libyt/lib/python3.13/site-packages/numpy/random/_generator.cpython-313-x86_64-linux-gnu.so
2ba60c5e0000-2ba60c5e1000 r--p 000b1000 3d8:ad14e 144134765124018077     /work2/11056/zwu/frontera/miniconda3/envs/libyt/lib/python3.13/site-packages/numpy/random/_generator.cpython-313-x86_64-linux-gnu.so
2ba60c5e1000-2ba60c5e4000 rw-p 000b2000 3d8:ad14e 144134765124018077     /work2/11056/zwu/frontera/miniconda3/envs/libyt/lib/python3.13/site-packages/numpy/random/_generator.cpython-313-x86_64-linux-gnu.so
2ba60c5e4000-2ba60c5e5000 rw-p 00000000 00:00 0 
2ba60c5e5000-2ba60c5ea000 r--p 00000000 3d8:ad14e 144134765124018081     /work2/11056/zwu/frontera/miniconda3/envs/libyt/lib/python3.13/site-packages/numpy/random/_pcg64.cpython-313-x86_64-linux-gnu.so
2ba60c5ea000-2ba60c5f9000 r-xp 00005000 3d8:ad14e 144134765124018081     /work2/11056/zwu/frontera/miniconda3/envs/libyt/lib/python3.13/site-packages/numpy/random/_pcg64.cpython-313-x86_64-linux-gnu.so
2ba60c5f9000-2ba60c5ff000 r--p 00014000 3d8:ad14e 144134765124018081     /work2/11056/zwu/frontera/miniconda3/envs/libyt/lib/python3.13/site-packages/numpy/random/_pcg64.cpython-313-x86_64-linux-gnu.so
2ba60c5ff000-2ba60c600000 r--p 00019000 3d8:ad14e 144134765124018081     /work2/11056/zwu/frontera/miniconda3/envs/libyt/lib/python3.13/site-packages/numpy/random/_pcg64.cpython-313-x86_64-linux-gnu.so
2ba60c600000-2ba60c601000 rw-p 0001a000 3d8:ad14e 144134765124018081     /work2/11056/zwu/frontera/miniconda3/envs/libyt/lib/python3.13/site-packages/numpy/random/_pcg64.cpython-313-x86_64-linux-gnu.so
2ba60c601000-2ba60c602000 rw-p 00000000 00:00 0 
2ba60c602000-2ba60c606000 r--p 00000000 3d8:ad14e 144134765124018079     /work2/11056/zwu/frontera/miniconda3/envs/libyt/lib/python3.13/site-packages/numpy/random/_mt19937.cpython-313-x86_64-linux-gnu.so
2ba60c606000-2ba60c614000 r-xp 00004000 3d8:ad14e 144134765124018079     /work2/11056/zwu/frontera/miniconda3/envs/libyt/lib/python3.13/site-packages/numpy/random/_mt19937.cpython-313-x86_64-linux-gnu.so
2ba60c614000-2ba60c61a000 r--p 00012000 3d8:ad14e 144134765124018079     /work2/11056/zwu/frontera/miniconda3/envs/libyt/lib/python3.13/site-packages/numpy/random/_mt19937.cpython-313-x86_64-linux-gnu.so
2ba60c61a000-2ba60c61b000 r--p 00017000 3d8:ad14e 144134765124018079     /work2/11056/zwu/frontera/miniconda3/envs/libyt/lib/python3.13/site-packages/numpy/random/_mt19937.cpython-313-x86_64-linux-gnu.so
2ba60c61b000-2ba60c61c000 rw-p 00018000 3d8:ad14e 144134765124018079     /work2/11056/zwu/frontera/miniconda3/envs/libyt/lib/python3.13/site-packages/numpy/random/_mt19937.cpython-313-x86_64-linux-gnu.so
2ba60c61c000-2ba60c621000 r--p 00000000 3d8:ad14e 144134765124018083     /work2/11056/zwu/frontera/miniconda3/envs/libyt/lib/python3.13/site-packages/numpy/random/_philox.cpython-313-x86_64-linux-gnu.so
2ba60c621000-2ba60c62c000 r-xp 00005000 3d8:ad14e 144134765124018083     /work2/11056/zwu/frontera/miniconda3/envs/libyt/lib/python3.13/site-packages/numpy/random/_philox.cpython-313-x86_64-linux-gnu.so
2ba60c62c000-2ba60c631000 r--p 00010000 3d8:ad14e 144134765124018083     /work2/11056/zwu/frontera/miniconda3/envs/libyt/lib/python3.13/site-packages/numpy/random/_philox.cpython-313-x86_64-linux-gnu.so
2ba60c631000-2ba60c632000 r--p 00014000 3d8:ad14e 144134765124018083     /work2/11056/zwu/frontera/miniconda3/envs/libyt/lib/python3.13/site-packages/numpy/random/_philox.cpython-313-x86_64-linux-gnu.so
2ba60c632000-2ba60c633000 rw-p 00015000 3d8:ad14e 144134765124018083     /work2/11056/zwu/frontera/miniconda3/envs/libyt/lib/python3.13/site-packages/numpy/random/_philox.cpython-313-x86_64-linux-gnu.so
2ba60c633000-2ba60c637000 r--p 00000000 3d8:ad14e 144134765124018087     /work2/11056/zwu/frontera/miniconda3/envs/libyt/lib/python3.13/site-packages/numpy/random/_sfc64.cpython-313-x86_64-linux-gnu.so
2ba60c637000-2ba60c63f000 r-xp 00004000 3d8:ad14e 144134765124018087     /work2/11056/zwu/frontera/miniconda3/envs/libyt/lib/python3.13/site-packages/numpy/random/_sfc64.cpython-313-x86_64-linux-gnu.so
2ba60c63f000-2ba60c642000 r--p 0000c000 3d8:ad14e 144134765124018087     /work2/11056/zwu/frontera/miniconda3/envs/libyt/lib/python3.13/site-packages/numpy/random/_sfc64.cpython-313-x86_64-linux-gnu.so
2ba60c642000-2ba60c643000 r--p 0000f000 3d8:ad14e 144134765124018087     /work2/11056/zwu/frontera/miniconda3/envs/libyt/lib/python3.13/site-packages/numpy/random/_sfc64.cpython-313-x86_64-linux-gnu.so
2ba60c643000-2ba60c644000 rw-p 00010000 3d8:ad14e 144134765124018087     /work2/11056/zwu/frontera/miniconda3/envs/libyt/lib/python3.13/site-packages/numpy/random/_sfc64.cpython-313-x86_64-linux-gnu.so
2ba60c644000-2ba60c64b000 r--p 00000000 3d8:ad14e 144134765124018095     /work2/11056/zwu/frontera/miniconda3/envs/libyt/lib/python3.13/site-packages/numpy/random/mtrand.cpython-313-x86_64-linux-gnu.so
2ba60c64b000-2ba60c696000 r-xp 00007000 3d8:ad14e 144134765124018095     /work2/11056/zwu/frontera/miniconda3/envs/libyt/lib/python3.13/site-packages/numpy/random/mtrand.cpython-313-x86_64-linux-gnu.so
2ba60c696000-2ba60c6cd000 r--p 00052000 3d8:ad14e 144134765124018095     /work2/11056/zwu/frontera/miniconda3/envs/libyt/lib/python3.13/site-packages/numpy/random/mtrand.cpython-313-x86_64-linux-gnu.so
2ba60c6cd000-2ba60c6ce000 r--p 00089000 3d8:ad14e 144134765124018095     /work2/11056/zwu/frontera/miniconda3/envs/libyt/lib/python3.13/site-packages/numpy/random/mtrand.cpython-313-x86_64-linux-gnu.so
2ba60c6ce000-2ba60c6d0000 rw-p 0008a000 3d8:ad14e 144134765124018095     /work2/11056/zwu/frontera/miniconda3/envs/libyt/lib/python3.13/site-packages/numpy/random/mtrand.cpython-313-x86_64-linux-gnu.so
2ba60c6d0000-2ba60c7d1000 rw-p 00000000 00:00 0 
2ba60c7d1000-2ba60c7d4000 r--p 00000000 3d8:ad14e 144134765124017732     /work2/11056/zwu/frontera/miniconda3/envs/libyt/lib/python3.13/site-packages/numpy/fft/_pocketfft_umath.cpython-313-x86_64-linux-gnu.so
2ba60c7d4000-2ba60c842000 r-xp 00003000 3d8:ad14e 144134765124017732     /work2/11056/zwu/frontera/miniconda3/envs/libyt/lib/python3.13/site-packages/numpy/fft/_pocketfft_umath.cpython-313-x86_64-linux-gnu.so
2ba60c842000-2ba60c848000 r--p 00071000 3d8:ad14e 144134765124017732     /work2/11056/zwu/frontera/miniconda3/envs/libyt/lib/python3.13/site-packages/numpy/fft/_pocketfft_umath.cpython-313-x86_64-linux-gnu.so
2ba60c848000-2ba60c849000 r--p 00076000 3d8:ad14e 144134765124017732     /work2/11056/zwu/frontera/miniconda3/envs/libyt/lib/python3.13/site-packages/numpy/fft/_pocketfft_umath.cpython-313-x86_64-linux-gnu.so
2ba60c849000-2ba60c84a000 rw-p 00077000 3d8:ad14e 144134765124017732     /work2/11056/zwu/frontera/miniconda3/envs/libyt/lib/python3.13/site-packages/numpy/fft/_pocketfft_umath.cpython-313-x86_64-linux-gnu.so
2ba60c84a000-2ba60d34a000 rw-p 00000000 00:00 0 
2ba60d34a000-2ba60d8ca000 rwxp 00000000 00:00 0 
2ba60d8ca000-2ba60ddca000 rw-p 00000000 00:00 0 
2ba60ddca000-2ba60ddd2000 r--p 00000000 3d8:ad14e 144134765124032312     /work2/11056/zwu/frontera/miniconda3/envs/libyt/lib/python3.13/site-packages/matplotlib/backends/_backend_agg.cpython-313-x86_64-linux-gnu.so
2ba60ddd2000-2ba60de30000 r-xp 00008000 3d8:ad14e 144134765124032312     /work2/11056/zwu/frontera/miniconda3/envs/libyt/lib/python3.13/site-packages/matplotlib/backends/_backend_agg.cpython-313-x86_64-linux-gnu.so
2ba60de30000-2ba60de40000 r--p 00066000 3d8:ad14e 144134765124032312     /work2/11056/zwu/frontera/miniconda3/envs/libyt/lib/python3.13/site-packages/matplotlib/backends/_backend_agg.cpython-313-x86_64-linux-gnu.so
2ba60de40000-2ba60de42000 r--p 00075000 3d8:ad14e 144134765124032312     /work2/11056/zwu/frontera/miniconda3/envs/libyt/lib/python3.13/site-packages/matplotlib/backends/_backend_agg.cpython-313-x86_64-linux-gnu.so
2ba60de42000-2ba60de43000 rw-p 00077000 3d8:ad14e 144134765124032312     /work2/11056/zwu/frontera/miniconda3/envs/libyt/lib/python3.13/site-packages/matplotlib/backends/_backend_agg.cpython-313-x86_64-linux-gnu.so
2ba60de43000-2ba60e469000 rw-p 00000000 00:00 0 
2ba60e48b000-2ba60e4cb000 rwxp 00000000 00:00 0 
2ba60e4cb000-2ba6164cb000 rw-p 00000000 00:00 0 
2ba6164cb000-2ba6181cb000 rw-p 00000000 00:00 0 
2ba6185cb000-2ba6188f0000 rw-p 00000000 00:00 0 
7f0000000000-7f0003000000 rw-p 00000000 00:00 0 
7f1000000000-7f1000400000 rw-p 00000000 00:00 0 
7f2000000000-7f2002600000 rw-p 00000000 00:00 0 
7ffcaa935000-7ffcab041000 rw-p 00000000 00:00 0                          [stack]
7ffcab0f7000-7ffcab0f9000 r-xp 00000000 00:00 0                          [vdso]
ffffffffff600000-ffffffffff601000 r-xp 00000000 00:00 0                  [vsyscall]
