/home1/11056/zwu/.bashrc: line 30: conda: command not found
/home1/11056/zwu/.bashrc: line 30: conda: command not found
/home1/11056/zwu/.bashrc: line 30: conda: command not found
/home1/11056/zwu/.bashrc: line 30: conda: command not found
/home1/11056/zwu/.bashrc: line 30: conda: command not found
/home1/11056/zwu/.bashrc: line 30: conda: command not found
/home1/11056/zwu/.bashrc: line 30: conda: command not found
/home1/11056/zwu/.bashrc: line 30: conda: command not found
/home1/11056/zwu/.bashrc: line 30: conda: command not found
Caught fatal exception:

   'Error opening input file z_0011/z_0011.
'
at Group_ReadAllData.C:141

Backtrace:

BT symbol: /work2/11056/zwu/frontera/enzo_gh/data/251110/ic512_b_starnetlibyt/enzo_260427.exe() [0x769754]
BT symbol: /work2/11056/zwu/frontera/enzo_gh/data/251110/ic512_b_starnetlibyt/enzo_260427.exe() [0x408ef8]
BT symbol: /lib64/libc.so.6(__libc_start_main+0xf5) [0x2b0761d88555]
BT symbol: /work2/11056/zwu/frontera/enzo_gh/data/251110/ic512_b_starnetlibyt/enzo_260427.exe() [0x408139]
Caught fatal exception:

   'Error opening input file z_0011/z_0011.
'
at Group_ReadAllData.C:141

Backtrace:

BT symbol: /work2/11056/zwu/frontera/enzo_gh/data/251110/ic512_b_starnetlibyt/enzo_260427.exe() [0x769754]
BT symbol: /work2/11056/zwu/frontera/enzo_gh/data/251110/ic512_b_starnetlibyt/enzo_260427.exe() [0x408ef8]
BT symbol: /lib64/libc.so.6(__libc_start_main+0xf5) [0x2b1aad0f3555]
BT symbol: /work2/11056/zwu/frontera/enzo_gh/data/251110/ic512_b_starnetlibyt/enzo_260427.exe() [0x408139]
Caught fatal exception:

   'Error opening input file z_0011/z_0011.
'
at Group_ReadAllData.C:141

Backtrace:

BT symbol: /work2/11056/zwu/frontera/enzo_gh/data/251110/ic512_b_starnetlibyt/enzo_260427.exe() [0x769754]
BT symbol: /work2/11056/zwu/frontera/enzo_gh/data/251110/ic512_b_starnetlibyt/enzo_260427.exe() [0x408ef8]
BT symbol: /lib64/libc.so.6(__libc_start_main+0xf5) [0x2b065e50b555]
BT symbol: /work2/11056/zwu/frontera/enzo_gh/data/251110/ic512_b_starnetlibyt/enzo_260427.exe() [0x408139]
Caught fatal exception:

   'Error opening input file z_0011/z_0011.
'
at Group_ReadAllData.C:141

Backtrace:

BT symbol: /work2/11056/zwu/frontera/enzo_gh/data/251110/ic512_b_starnetlibyt/enzo_260427.exe() [0x769754]
BT symbol: /work2/11056/zwu/frontera/enzo_gh/data/251110/ic512_b_starnetlibyt/enzo_260427.exe() [0x408ef8]
BT symbol: /lib64/libc.so.6(__libc_start_main+0xf5) [0x2ad69a13a555]
BT symbol: /work2/11056/zwu/frontera/enzo_gh/data/251110/ic512_b_starnetlibyt/enzo_260427.exe() [0x408139]
Caught fatal exception:

   'Error opening input file z_0011/z_0011.
'
at Group_ReadAllData.C:141

Backtrace:

BT symbol: /work2/11056/zwu/frontera/enzo_gh/data/251110/ic512_b_starnetlibyt/enzo_260427.exe() [0x769754]
BT symbol: /work2/11056/zwu/frontera/enzo_gh/data/251110/ic512_b_starnetlibyt/enzo_260427.exe() [0x408ef8]
BT symbol: /lib64/libc.so.6(__libc_start_main+0xf5) [0x2b1e2b352555]
BT symbol: /work2/11056/zwu/frontera/enzo_gh/data/251110/ic512_b_starnetlibyt/enzo_260427.exe() [0x408139]
Caught fatal exception:

   'Error opening input file z_0011/z_0011.
'
at Group_ReadAllData.C:141

Backtrace:

BT symbol: /work2/11056/zwu/frontera/enzo_gh/data/251110/ic512_b_starnetlibyt/enzo_260427.exe() [0x769754]
BT symbol: /work2/11056/zwu/frontera/enzo_gh/data/251110/ic512_b_starnetlibyt/enzo_260427.exe() [0x408ef8]
BT symbol: /lib64/libc.so.6(__libc_start_main+0xf5) [0x2ab4c711f555]
BT symbol: /work2/11056/zwu/frontera/enzo_gh/data/251110/ic512_b_starnetlibyt/enzo_260427.exe() [0x408139]
Caught fatal exception:

   'Error opening input file z_0011/z_0011.
'
at Group_ReadAllData.C:141

Backtrace:

BT symbol: /work2/11056/zwu/frontera/enzo_gh/data/251110/ic512_b_starnetlibyt/enzo_260427.exe() [0x769754]
BT symbol: /work2/11056/zwu/frontera/enzo_gh/data/251110/ic512_b_starnetlibyt/enzo_260427.exe() [0x408ef8]
BT symbol: /lib64/libc.so.6(__libc_start_main+0xf5) [0x2b12e8ba8555]
BT symbol: /work2/11056/zwu/frontera/enzo_gh/data/251110/ic512_b_starnetlibyt/enzo_260427.exe() [0x408139]
Caught fatal exception:

   'Error opening input file z_0011/z_0011.
'
at Group_ReadAllData.C:141

Backtrace:

BT symbol: /work2/11056/zwu/frontera/enzo_gh/data/251110/ic512_b_starnetlibyt/enzo_260427.exe() [0x769754]
BT symbol: /work2/11056/zwu/frontera/enzo_gh/data/251110/ic512_b_starnetlibyt/enzo_260427.exe() [0x408ef8]
BT symbol: /lib64/libc.so.6(__libc_start_main+0xf5) [0x2ac703eae555]
BT symbol: /work2/11056/zwu/frontera/enzo_gh/data/251110/ic512_b_starnetlibyt/enzo_260427.exe() [0x408139]
Caught fatal exception:

   'Error opening input file z_0011/z_0011.
'
at Group_ReadAllData.C:141

Backtrace:

BT symbol: /work2/11056/zwu/frontera/enzo_gh/data/251110/ic512_b_starnetlibyt/enzo_260427.exe() [0x769754]
BT symbol: /work2/11056/zwu/frontera/enzo_gh/data/251110/ic512_b_starnetlibyt/enzo_260427.exe() [0x408ef8]
BT symbol: /lib64/libc.so.6(__libc_start_main+0xf5) [0x2b51d98c2555]
BT symbol: /work2/11056/zwu/frontera/enzo_gh/data/251110/ic512_b_starnetlibyt/enzo_260427.exe() [0x408139]
Caught fatal exception:

   'Error opening input file z_0011/z_0011.
'
at Group_ReadAllData.C:141

Backtrace:

BT symbol: /work2/11056/zwu/frontera/enzo_gh/data/251110/ic512_b_starnetlibyt/enzo_260427.exe() [0x769754]
BT symbol: /work2/11056/zwu/frontera/enzo_gh/data/251110/ic512_b_starnetlibyt/enzo_260427.exe() [0x408ef8]
BT symbol: /lib64/libc.so.6(__libc_start_main+0xf5) [0x2b98da134555]
BT symbol: /work2/11056/zwu/frontera/enzo_gh/data/251110/ic512_b_starnetlibyt/enzo_260427.exe() [0x408139]
Caught fatal exception:

   'Error opening input file z_0011/z_0011.
'
at Group_ReadAllData.C:141

Backtrace:

BT symbol: /work2/11056/zwu/frontera/enzo_gh/data/251110/ic512_b_starnetlibyt/enzo_260427.exe() [0x769754]
BT symbol: /work2/11056/zwu/frontera/enzo_gh/data/251110/ic512_b_starnetlibyt/enzo_260427.exe() [0x408ef8]
BT symbol: /lib64/libc.so.6(__libc_start_main+0xf5) [0x2b4ac4599555]
BT symbol: /work2/11056/zwu/frontera/enzo_gh/data/251110/ic512_b_starnetlibyt/enzo_260427.exe() [0x408139]
Caught fatal exception:

   'Error opening input file z_0011/z_0011.
'
at Group_ReadAllData.C:141

Backtrace:

BT symbol: /work2/11056/zwu/frontera/enzo_gh/data/251110/ic512_b_starnetlibyt/enzo_260427.exe() [0x769754]
BT symbol: /work2/11056/zwu/frontera/enzo_gh/data/251110/ic512_b_starnetlibyt/enzo_260427.exe() [0x408ef8]
BT symbol: /lib64/libc.so.6(__libc_start_main+0xf5) [0x2b25960ac555]
BT symbol: /work2/11056/zwu/frontera/enzo_gh/data/251110/ic512_b_starnetlibyt/enzo_260427.exe() [0x408139]
Caught fatal exception:

   'Error opening input file z_0011/z_0011.
'
at Group_ReadAllData.C:141

Backtrace:

BT symbol: /work2/11056/zwu/frontera/enzo_gh/data/251110/ic512_b_starnetlibyt/enzo_260427.exe() [0x769754]
BT symbol: /work2/11056/zwu/frontera/enzo_gh/data/251110/ic512_b_starnetlibyt/enzo_260427.exe() [0x408ef8]
BT symbol: /lib64/libc.so.6(__libc_start_main+0xf5) [0x2b71b4371555]
BT symbol: /work2/11056/zwu/frontera/enzo_gh/data/251110/ic512_b_starnetlibyt/enzo_260427.exe() [0x408139]
Caught fatal exception:

   'Error opening input file z_0011/z_0011.
'
at Group_ReadAllData.C:141

Backtrace:

BT symbol: /work2/11056/zwu/frontera/enzo_gh/data/251110/ic512_b_starnetlibyt/enzo_260427.exe() [0x769754]
BT symbol: /work2/11056/zwu/frontera/enzo_gh/data/251110/ic512_b_starnetlibyt/enzo_260427.exe() [0x408ef8]
BT symbol: /lib64/libc.so.6(__libc_start_main+0xf5) [0x2b191a430555]
BT symbol: /work2/11056/zwu/frontera/enzo_gh/data/251110/ic512_b_starnetlibyt/enzo_260427.exe() [0x408139]
Caught fatal exception:

   'Error opening input file z_0011/z_0011.
'
at Group_ReadAllData.C:141

Backtrace:

BT symbol: /work2/11056/zwu/frontera/enzo_gh/data/251110/ic512_b_starnetlibyt/enzo_260427.exe() [0x769754]
BT symbol: /work2/11056/zwu/frontera/enzo_gh/data/251110/ic512_b_starnetlibyt/enzo_260427.exe() [0x408ef8]
BT symbol: /lib64/libc.so.6(__libc_start_main+0xf5) [0x2b4d516ac555]
BT symbol: /work2/11056/zwu/frontera/enzo_gh/data/251110/ic512_b_starnetlibyt/enzo_260427.exe() [0x408139]
Caught fatal exception:

   'Error opening input file z_0011/z_0011.
'
at Group_ReadAllData.C:141

Backtrace:

BT symbol: /work2/11056/zwu/frontera/enzo_gh/data/251110/ic512_b_starnetlibyt/enzo_260427.exe() [0x769754]
BT symbol: /work2/11056/zwu/frontera/enzo_gh/data/251110/ic512_b_starnetlibyt/enzo_260427.exe() [0x408ef8]
BT symbol: /lib64/libc.so.6(__libc_start_main+0xf5) [0x2b1a080e1555]
BT symbol: /work2/11056/zwu/frontera/enzo_gh/data/251110/ic512_b_starnetlibyt/enzo_260427.exe() [0x408139]
Caught fatal exception:

   'Error opening input file z_0011/z_0011.
'
at Group_ReadAllData.C:141

Backtrace:

BT symbol: /work2/11056/zwu/frontera/enzo_gh/data/251110/ic512_b_starnetlibyt/enzo_260427.exe() [0x769754]
BT symbol: /work2/11056/zwu/frontera/enzo_gh/data/251110/ic512_b_starnetlibyt/enzo_260427.exe() [0x408ef8]
BT symbol: /lib64/libc.so.6(__libc_start_main+0xf5) [0x2b07ecbaa555]
BT symbol: /work2/11056/zwu/frontera/enzo_gh/data/251110/ic512_b_starnetlibyt/enzo_260427.exe() [0x408139]
Caught fatal exception:

   'Error opening input file z_0011/z_0011.
'
at Group_ReadAllData.C:141

Backtrace:

BT symbol: /work2/11056/zwu/frontera/enzo_gh/data/251110/ic512_b_starnetlibyt/enzo_260427.exe() [0x769754]
BT symbol: /work2/11056/zwu/frontera/enzo_gh/data/251110/ic512_b_starnetlibyt/enzo_260427.exe() [0x408ef8]
BT symbol: /lib64/libc.so.6(__libc_start_main+0xf5) [0x2b8379c69555]
BT symbol: /work2/11056/zwu/frontera/enzo_gh/data/251110/ic512_b_starnetlibyt/enzo_260427.exe() [0x408139]
Caught fatal exception:

   'Error opening input file z_0011/z_0011.
'
at Group_ReadAllData.C:141

Backtrace:

BT symbol: /work2/11056/zwu/frontera/enzo_gh/data/251110/ic512_b_starnetlibyt/enzo_260427.exe() [0x769754]
BT symbol: /work2/11056/zwu/frontera/enzo_gh/data/251110/ic512_b_starnetlibyt/enzo_260427.exe() [0x408ef8]
BT symbol: /lib64/libc.so.6(__libc_start_main+0xf5) [0x2b80ecb9f555]
BT symbol: /work2/11056/zwu/frontera/enzo_gh/data/251110/ic512_b_starnetlibyt/enzo_260427.exe() [0x408139]
Caught fatal exception:

   'Error opening input file z_0011/z_0011.
'
at Group_ReadAllData.C:141

Backtrace:

BT symbol: /work2/11056/zwu/frontera/enzo_gh/data/251110/ic512_b_starnetlibyt/enzo_260427.exe() [0x769754]
BT symbol: /work2/11056/zwu/frontera/enzo_gh/data/251110/ic512_b_starnetlibyt/enzo_260427.exe() [0x408ef8]
BT symbol: /lib64/libc.so.6(__libc_start_main+0xf5) [0x2aeb84271555]
BT symbol: /work2/11056/zwu/frontera/enzo_gh/data/251110/ic512_b_starnetlibyt/enzo_260427.exe() [0x408139]
Caught fatal exception:

   'Error opening input file z_0011/z_0011.
'
at Group_ReadAllData.C:141

Backtrace:

BT symbol: /work2/11056/zwu/frontera/enzo_gh/data/251110/ic512_b_starnetlibyt/enzo_260427.exe() [0x769754]
BT symbol: /work2/11056/zwu/frontera/enzo_gh/data/251110/ic512_b_starnetlibyt/enzo_260427.exe() [0x408ef8]
BT symbol: /lib64/libc.so.6(__libc_start_main+0xf5) [0x2b0e18b0e555]
BT symbol: /work2/11056/zwu/frontera/enzo_gh/data/251110/ic512_b_starnetlibyt/enzo_260427.exe() [0x408139]
Caught fatal exception:

   'Error opening input file z_0011/z_0011.
'
at Group_ReadAllData.C:141

Backtrace:

BT symbol: /work2/11056/zwu/frontera/enzo_gh/data/251110/ic512_b_starnetlibyt/enzo_260427.exe() [0x769754]
BT symbol: /work2/11056/zwu/frontera/enzo_gh/data/251110/ic512_b_starnetlibyt/enzo_260427.exe() [0x408ef8]
BT symbol: /lib64/libc.so.6(__libc_start_main+0xf5) [0x2b956fbea555]
BT symbol: /work2/11056/zwu/frontera/enzo_gh/data/251110/ic512_b_starnetlibyt/enzo_260427.exe() [0x408139]
Caught fatal exception:

   'Error opening input file z_0011/z_0011.
'
at Group_ReadAllData.C:141

Backtrace:

BT symbol: /work2/11056/zwu/frontera/enzo_gh/data/251110/ic512_b_starnetlibyt/enzo_260427.exe() [0x769754]
BT symbol: /work2/11056/zwu/frontera/enzo_gh/data/251110/ic512_b_starnetlibyt/enzo_260427.exe() [0x408ef8]
BT symbol: /lib64/libc.so.6(__libc_start_main+0xf5) [0x2afde9af1555]
BT symbol: /work2/11056/zwu/frontera/enzo_gh/data/251110/ic512_b_starnetlibyt/enzo_260427.exe() [0x408139]
Caught fatal exception:

   'Error opening input file z_0011/z_0011.
'
at Group_ReadAllData.C:141

Backtrace:

BT symbol: /work2/11056/zwu/frontera/enzo_gh/data/251110/ic512_b_starnetlibyt/enzo_260427.exe() [0x769754]
BT symbol: /work2/11056/zwu/frontera/enzo_gh/data/251110/ic512_b_starnetlibyt/enzo_260427.exe() [0x408ef8]
BT symbol: /lib64/libc.so.6(__libc_start_main+0xf5) [0x2b3d1adec555]
BT symbol: /work2/11056/zwu/frontera/enzo_gh/data/251110/ic512_b_starnetlibyt/enzo_260427.exe() [0x408139]
Caught fatal exception:

   'Error opening input file z_0011/z_0011.
'
at Group_ReadAllData.C:141

Backtrace:

BT symbol: /work2/11056/zwu/frontera/enzo_gh/data/251110/ic512_b_starnetlibyt/enzo_260427.exe() [0x769754]
BT symbol: /work2/11056/zwu/frontera/enzo_gh/data/251110/ic512_b_starnetlibyt/enzo_260427.exe() [0x408ef8]
BT symbol: /lib64/libc.so.6(__libc_start_main+0xf5) [0x2b6156381555]
BT symbol: /work2/11056/zwu/frontera/enzo_gh/data/251110/ic512_b_starnetlibyt/enzo_260427.exe() [0x408139]
Caught fatal exception:

   'Error opening input file z_0011/z_0011.
'
at Group_ReadAllData.C:141

Backtrace:

BT symbol: /work2/11056/zwu/frontera/enzo_gh/data/251110/ic512_b_starnetlibyt/enzo_260427.exe() [0x769754]
BT symbol: /work2/11056/zwu/frontera/enzo_gh/data/251110/ic512_b_starnetlibyt/enzo_260427.exe() [0x408ef8]
BT symbol: /lib64/libc.so.6(__libc_start_main+0xf5) [0x2b46c181c555]
BT symbol: /work2/11056/zwu/frontera/enzo_gh/data/251110/ic512_b_starnetlibyt/enzo_260427.exe() [0x408139]
Caught fatal exception:

   'Error opening input file z_0011/z_0011.
'
at Group_ReadAllData.C:141

Backtrace:

BT symbol: /work2/11056/zwu/frontera/enzo_gh/data/251110/ic512_b_starnetlibyt/enzo_260427.exe() [0x769754]
BT symbol: /work2/11056/zwu/frontera/enzo_gh/data/251110/ic512_b_starnetlibyt/enzo_260427.exe() [0x408ef8]
BT symbol: /lib64/libc.so.6(__libc_start_main+0xf5) [0x2aaca1bf8555]
BT symbol: /work2/11056/zwu/frontera/enzo_gh/data/251110/ic512_b_starnetlibyt/enzo_260427.exe() [0x408139]
Caught fatal exception:

   'Error opening input file z_0011/z_0011.
'
at Group_ReadAllData.C:141

Backtrace:

BT symbol: /work2/11056/zwu/frontera/enzo_gh/data/251110/ic512_b_starnetlibyt/enzo_260427.exe() [0x769754]
BT symbol: /work2/11056/zwu/frontera/enzo_gh/data/251110/ic512_b_starnetlibyt/enzo_260427.exe() [0x408ef8]
BT symbol: /lib64/libc.so.6(__libc_start_main+0xf5) [0x2abb66b3b555]
BT symbol: /work2/11056/zwu/frontera/enzo_gh/data/251110/ic512_b_starnetlibyt/enzo_260427.exe() [0x408139]
Caught fatal exception:

   'Error opening input file z_0011/z_0011.
'
at Group_ReadAllData.C:141

Backtrace:

BT symbol: /work2/11056/zwu/frontera/enzo_gh/data/251110/ic512_b_starnetlibyt/enzo_260427.exe() [0x769754]
BT symbol: /work2/11056/zwu/frontera/enzo_gh/data/251110/ic512_b_starnetlibyt/enzo_260427.exe() [0x408ef8]
BT symbol: /lib64/libc.so.6(__libc_start_main+0xf5) [0x2b9b33ddb555]
BT symbol: /work2/11056/zwu/frontera/enzo_gh/data/251110/ic512_b_starnetlibyt/enzo_260427.exe() [0x408139]
Caught fatal exception:

   'Error opening input file z_0011/z_0011.
'
at Group_ReadAllData.C:141

Backtrace:

BT symbol: /work2/11056/zwu/frontera/enzo_gh/data/251110/ic512_b_starnetlibyt/enzo_260427.exe() [0x769754]
BT symbol: /work2/11056/zwu/frontera/enzo_gh/data/251110/ic512_b_starnetlibyt/enzo_260427.exe() [0x408ef8]
BT symbol: /lib64/libc.so.6(__libc_start_main+0xf5) [0x2aee12de1555]
BT symbol: /work2/11056/zwu/frontera/enzo_gh/data/251110/ic512_b_starnetlibyt/enzo_260427.exe() [0x408139]
Caught fatal exception:

   'Error opening input file z_0011/z_0011.
'
at Group_ReadAllData.C:141

Backtrace:

BT symbol: /work2/11056/zwu/frontera/enzo_gh/data/251110/ic512_b_starnetlibyt/enzo_260427.exe() [0x769754]
BT symbol: /work2/11056/zwu/frontera/enzo_gh/data/251110/ic512_b_starnetlibyt/enzo_260427.exe() [0x408ef8]
BT symbol: /lib64/libc.so.6(__libc_start_main+0xf5) [0x2af1aab13555]
BT symbol: /work2/11056/zwu/frontera/enzo_gh/data/251110/ic512_b_starnetlibyt/enzo_260427.exe() [0x408139]
Caught fatal exception:

   'Error opening input file z_0011/z_0011.
'
at Group_ReadAllData.C:141

Backtrace:

BT symbol: /work2/11056/zwu/frontera/enzo_gh/data/251110/ic512_b_starnetlibyt/enzo_260427.exe() [0x769754]
BT symbol: /work2/11056/zwu/frontera/enzo_gh/data/251110/ic512_b_starnetlibyt/enzo_260427.exe() [0x408ef8]
BT symbol: /lib64/libc.so.6(__libc_start_main+0xf5) [0x2b3f3e4bd555]
BT symbol: /work2/11056/zwu/frontera/enzo_gh/data/251110/ic512_b_starnetlibyt/enzo_260427.exe() [0x408139]
Caught fatal exception:

   'Error opening input file z_0011/z_0011.
'
at Group_ReadAllData.C:141

Backtrace:

BT symbol: /work2/11056/zwu/frontera/enzo_gh/data/251110/ic512_b_starnetlibyt/enzo_260427.exe() [0x769754]
BT symbol: /work2/11056/zwu/frontera/enzo_gh/data/251110/ic512_b_starnetlibyt/enzo_260427.exe() [0x408ef8]
BT symbol: /lib64/libc.so.6(__libc_start_main+0xf5) [0x2b600ca0c555]
BT symbol: /work2/11056/zwu/frontera/enzo_gh/data/251110/ic512_b_starnetlibyt/enzo_260427.exe() [0x408139]
Caught fatal exception:

   'Error opening input file z_0011/z_0011.
'
at Group_ReadAllData.C:141

Backtrace:

BT symbol: /work2/11056/zwu/frontera/enzo_gh/data/251110/ic512_b_starnetlibyt/enzo_260427.exe() [0x769754]
BT symbol: /work2/11056/zwu/frontera/enzo_gh/data/251110/ic512_b_starnetlibyt/enzo_260427.exe() [0x408ef8]
BT symbol: /lib64/libc.so.6(__libc_start_main+0xf5) [0x2abf2d17d555]
BT symbol: /work2/11056/zwu/frontera/enzo_gh/data/251110/ic512_b_starnetlibyt/enzo_260427.exe() [0x408139]
Caught fatal exception:

   'Error opening input file z_0011/z_0011.
'
at Group_ReadAllData.C:141

Backtrace:

BT symbol: /work2/11056/zwu/frontera/enzo_gh/data/251110/ic512_b_starnetlibyt/enzo_260427.exe() [0x769754]
BT symbol: /work2/11056/zwu/frontera/enzo_gh/data/251110/ic512_b_starnetlibyt/enzo_260427.exe() [0x408ef8]
BT symbol: /lib64/libc.so.6(__libc_start_main+0xf5) [0x2b2560cfb555]
BT symbol: /work2/11056/zwu/frontera/enzo_gh/data/251110/ic512_b_starnetlibyt/enzo_260427.exe() [0x408139]
Caught fatal exception:

   'Error opening input file z_0011/z_0011.
'
at Group_ReadAllData.C:141

Backtrace:

BT symbol: /work2/11056/zwu/frontera/enzo_gh/data/251110/ic512_b_starnetlibyt/enzo_260427.exe() [0x769754]
BT symbol: /work2/11056/zwu/frontera/enzo_gh/data/251110/ic512_b_starnetlibyt/enzo_260427.exe() [0x408ef8]
BT symbol: /lib64/libc.so.6(__libc_start_main+0xf5) [0x2afd81794555]
BT symbol: /work2/11056/zwu/frontera/enzo_gh/data/251110/ic512_b_starnetlibyt/enzo_260427.exe() [0x408139]
Caught fatal exception:

   'Error opening input file z_0011/z_0011.
'
at Group_ReadAllData.C:141

Backtrace:

BT symbol: /work2/11056/zwu/frontera/enzo_gh/data/251110/ic512_b_starnetlibyt/enzo_260427.exe() [0x769754]
BT symbol: /work2/11056/zwu/frontera/enzo_gh/data/251110/ic512_b_starnetlibyt/enzo_260427.exe() [0x408ef8]
BT symbol: /lib64/libc.so.6(__libc_start_main+0xf5) [0x2aaeb9d33555]
BT symbol: /work2/11056/zwu/frontera/enzo_gh/data/251110/ic512_b_starnetlibyt/enzo_260427.exe() [0x408139]
Caught fatal exception:

   'Error opening input file z_0011/z_0011.
'
at Group_ReadAllData.C:141

Backtrace:

BT symbol: /work2/11056/zwu/frontera/enzo_gh/data/251110/ic512_b_starnetlibyt/enzo_260427.exe() [0x769754]
BT symbol: /work2/11056/zwu/frontera/enzo_gh/data/251110/ic512_b_starnetlibyt/enzo_260427.exe() [0x408ef8]
BT symbol: /lib64/libc.so.6(__libc_start_main+0xf5) [0x2acf9b54c555]
BT symbol: /work2/11056/zwu/frontera/enzo_gh/data/251110/ic512_b_starnetlibyt/enzo_260427.exe() [0x408139]
Caught fatal exception:

   'Error opening input file z_0011/z_0011.
'
at Group_ReadAllData.C:141

Backtrace:

BT symbol: /work2/11056/zwu/frontera/enzo_gh/data/251110/ic512_b_starnetlibyt/enzo_260427.exe() [0x769754]
BT symbol: /work2/11056/zwu/frontera/enzo_gh/data/251110/ic512_b_starnetlibyt/enzo_260427.exe() [0x408ef8]
BT symbol: /lib64/libc.so.6(__libc_start_main+0xf5) [0x2b08404ac555]
BT symbol: /work2/11056/zwu/frontera/enzo_gh/data/251110/ic512_b_starnetlibyt/enzo_260427.exe() [0x408139]
Caught fatal exception:

   'Error opening input file z_0011/z_0011.
'
at Group_ReadAllData.C:141

Backtrace:

BT symbol: /work2/11056/zwu/frontera/enzo_gh/data/251110/ic512_b_starnetlibyt/enzo_260427.exe() [0x769754]
BT symbol: /work2/11056/zwu/frontera/enzo_gh/data/251110/ic512_b_starnetlibyt/enzo_260427.exe() [0x408ef8]
BT symbol: /lib64/libc.so.6(__libc_start_main+0xf5) [0x2ba295b82555]
BT symbol: /work2/11056/zwu/frontera/enzo_gh/data/251110/ic512_b_starnetlibyt/enzo_260427.exe() [0x408139]
Caught fatal exception:

   'Error opening input file z_0011/z_0011.
'
at Group_ReadAllData.C:141

Backtrace:

BT symbol: /work2/11056/zwu/frontera/enzo_gh/data/251110/ic512_b_starnetlibyt/enzo_260427.exe() [0x769754]
BT symbol: /work2/11056/zwu/frontera/enzo_gh/data/251110/ic512_b_starnetlibyt/enzo_260427.exe() [0x408ef8]
BT symbol: /lib64/libc.so.6(__libc_start_main+0xf5) [0x2ad9203b0555]
BT symbol: /work2/11056/zwu/frontera/enzo_gh/data/251110/ic512_b_starnetlibyt/enzo_260427.exe() [0x408139]
Caught fatal exception:

   'Error opening input file z_0011/z_0011.
'
at Group_ReadAllData.C:141

Backtrace:

BT symbol: /work2/11056/zwu/frontera/enzo_gh/data/251110/ic512_b_starnetlibyt/enzo_260427.exe() [0x769754]
BT symbol: /work2/11056/zwu/frontera/enzo_gh/data/251110/ic512_b_starnetlibyt/enzo_260427.exe() [0x408ef8]
BT symbol: /lib64/libc.so.6(__libc_start_main+0xf5) [0x2abf987e2555]
BT symbol: /work2/11056/zwu/frontera/enzo_gh/data/251110/ic512_b_starnetlibyt/enzo_260427.exe() [0x408139]
Caught fatal exception:

   'Error opening input file z_0011/z_0011.
'
at Group_ReadAllData.C:141

Backtrace:

BT symbol: /work2/11056/zwu/frontera/enzo_gh/data/251110/ic512_b_starnetlibyt/enzo_260427.exe() [0x769754]
BT symbol: /work2/11056/zwu/frontera/enzo_gh/data/251110/ic512_b_starnetlibyt/enzo_260427.exe() [0x408ef8]
BT symbol: /lib64/libc.so.6(__libc_start_main+0xf5) [0x2b8185936555]
BT symbol: /work2/11056/zwu/frontera/enzo_gh/data/251110/ic512_b_starnetlibyt/enzo_260427.exe() [0x408139]
Caught fatal exception:

   'Error opening input file z_0011/z_0011.
'
at Group_ReadAllData.C:141

Backtrace:

BT symbol: /work2/11056/zwu/frontera/enzo_gh/data/251110/ic512_b_starnetlibyt/enzo_260427.exe() [0x769754]
BT symbol: /work2/11056/zwu/frontera/enzo_gh/data/251110/ic512_b_starnetlibyt/enzo_260427.exe() [0x408ef8]
BT symbol: /lib64/libc.so.6(__libc_start_main+0xf5) [0x2ad3af200555]
BT symbol: /work2/11056/zwu/frontera/enzo_gh/data/251110/ic512_b_starnetlibyt/enzo_260427.exe() [0x408139]
Caught fatal exception:

   'Error opening input file z_0011/z_0011.
'
at Group_ReadAllData.C:141

Backtrace:

BT symbol: /work2/11056/zwu/frontera/enzo_gh/data/251110/ic512_b_starnetlibyt/enzo_260427.exe() [0x769754]
BT symbol: /work2/11056/zwu/frontera/enzo_gh/data/251110/ic512_b_starnetlibyt/enzo_260427.exe() [0x408ef8]
BT symbol: /lib64/libc.so.6(__libc_start_main+0xf5) [0x2ac093b82555]
BT symbol: /work2/11056/zwu/frontera/enzo_gh/data/251110/ic512_b_starnetlibyt/enzo_260427.exe() [0x408139]
Caught fatal exception:

   'Error opening input file z_0011/z_0011.
'
at Group_ReadAllData.C:141

Backtrace:

BT symbol: /work2/11056/zwu/frontera/enzo_gh/data/251110/ic512_b_starnetlibyt/enzo_260427.exe() [0x769754]
BT symbol: /work2/11056/zwu/frontera/enzo_gh/data/251110/ic512_b_starnetlibyt/enzo_260427.exe() [0x408ef8]
BT symbol: /lib64/libc.so.6(__libc_start_main+0xf5) [0x2ab4b9690555]
BT symbol: /work2/11056/zwu/frontera/enzo_gh/data/251110/ic512_b_starnetlibyt/enzo_260427.exe() [0x408139]
Caught fatal exception:

   'Error opening input file z_0011/z_0011.
'
at Group_ReadAllData.C:141

Backtrace:

BT symbol: /work2/11056/zwu/frontera/enzo_gh/data/251110/ic512_b_starnetlibyt/enzo_260427.exe() [0x769754]
BT symbol: /work2/11056/zwu/frontera/enzo_gh/data/251110/ic512_b_starnetlibyt/enzo_260427.exe() [0x408ef8]
BT symbol: /lib64/libc.so.6(__libc_start_main+0xf5) [0x2b708425c555]
BT symbol: /work2/11056/zwu/frontera/enzo_gh/data/251110/ic512_b_starnetlibyt/enzo_260427.exe() [0x408139]
Caught fatal exception:

   'Error opening input file z_0011/z_0011.
'
at Group_ReadAllData.C:141

Backtrace:

BT symbol: /work2/11056/zwu/frontera/enzo_gh/data/251110/ic512_b_starnetlibyt/enzo_260427.exe() [0x769754]
BT symbol: /work2/11056/zwu/frontera/enzo_gh/data/251110/ic512_b_starnetlibyt/enzo_260427.exe() [0x408ef8]
BT symbol: /lib64/libc.so.6(__libc_start_main+0xf5) [0x2ade913f4555]
BT symbol: /work2/11056/zwu/frontera/enzo_gh/data/251110/ic512_b_starnetlibyt/enzo_260427.exe() [0x408139]
Caught fatal exception:

   'Error opening input file z_0011/z_0011.
'
at Group_ReadAllData.C:141

Backtrace:

BT symbol: /work2/11056/zwu/frontera/enzo_gh/data/251110/ic512_b_starnetlibyt/enzo_260427.exe() [0x769754]
BT symbol: /work2/11056/zwu/frontera/enzo_gh/data/251110/ic512_b_starnetlibyt/enzo_260427.exe() [0x408ef8]
BT symbol: /lib64/libc.so.6(__libc_start_main+0xf5) [0x2b0e2f0e9555]
BT symbol: /work2/11056/zwu/frontera/enzo_gh/data/251110/ic512_b_starnetlibyt/enzo_260427.exe() [0x408139]
Caught fatal exception:

   'Error opening input file z_0011/z_0011.
'
at Group_ReadAllData.C:141

Backtrace:

BT symbol: /work2/11056/zwu/frontera/enzo_gh/data/251110/ic512_b_starnetlibyt/enzo_260427.exe() [0x769754]
BT symbol: /work2/11056/zwu/frontera/enzo_gh/data/251110/ic512_b_starnetlibyt/enzo_260427.exe() [0x408ef8]
BT symbol: /lib64/libc.so.6(__libc_start_main+0xf5) [0x2b2df453a555]
BT symbol: /work2/11056/zwu/frontera/enzo_gh/data/251110/ic512_b_starnetlibyt/enzo_260427.exe() [0x408139]
Caught fatal exception:

   'Error opening input file z_0011/z_0011.
'
at Group_ReadAllData.C:141

Backtrace:

BT symbol: /work2/11056/zwu/frontera/enzo_gh/data/251110/ic512_b_starnetlibyt/enzo_260427.exe() [0x769754]
BT symbol: /work2/11056/zwu/frontera/enzo_gh/data/251110/ic512_b_starnetlibyt/enzo_260427.exe() [0x408ef8]
BT symbol: /lib64/libc.so.6(__libc_start_main+0xf5) [0x2ba924c4b555]
BT symbol: /work2/11056/zwu/frontera/enzo_gh/data/251110/ic512_b_starnetlibyt/enzo_260427.exe() [0x408139]
Caught fatal exception:

   'Error opening input file z_0011/z_0011.
'
at Group_ReadAllData.C:141

Backtrace:

BT symbol: /work2/11056/zwu/frontera/enzo_gh/data/251110/ic512_b_starnetlibyt/enzo_260427.exe() [0x769754]
BT symbol: /work2/11056/zwu/frontera/enzo_gh/data/251110/ic512_b_starnetlibyt/enzo_260427.exe() [0x408ef8]
BT symbol: /lib64/libc.so.6(__libc_start_main+0xf5) [0x2b32d9ddf555]
BT symbol: /work2/11056/zwu/frontera/enzo_gh/data/251110/ic512_b_starnetlibyt/enzo_260427.exe() [0x408139]
Caught fatal exception:

   'Error opening input file z_0011/z_0011.
'
at Group_ReadAllData.C:141

Backtrace:

BT symbol: /work2/11056/zwu/frontera/enzo_gh/data/251110/ic512_b_starnetlibyt/enzo_260427.exe() [0x769754]
BT symbol: /work2/11056/zwu/frontera/enzo_gh/data/251110/ic512_b_starnetlibyt/enzo_260427.exe() [0x408ef8]
BT symbol: /lib64/libc.so.6(__libc_start_main+0xf5) [0x2b9c55a30555]
BT symbol: /work2/11056/zwu/frontera/enzo_gh/data/251110/ic512_b_starnetlibyt/enzo_260427.exe() [0x408139]
Caught fatal exception:

   'Error opening input file z_0011/z_0011.
'
at Group_ReadAllData.C:141

Backtrace:

BT symbol: /work2/11056/zwu/frontera/enzo_gh/data/251110/ic512_b_starnetlibyt/enzo_260427.exe() [0x769754]
BT symbol: /work2/11056/zwu/frontera/enzo_gh/data/251110/ic512_b_starnetlibyt/enzo_260427.exe() [0x408ef8]
BT symbol: /lib64/libc.so.6(__libc_start_main+0xf5) [0x2b44b78c4555]
BT symbol: /work2/11056/zwu/frontera/enzo_gh/data/251110/ic512_b_starnetlibyt/enzo_260427.exe() [0x408139]
Caught fatal exception:

   'Error opening input file z_0011/z_0011.
'
at Group_ReadAllData.C:141

Backtrace:

BT symbol: /work2/11056/zwu/frontera/enzo_gh/data/251110/ic512_b_starnetlibyt/enzo_260427.exe() [0x769754]
BT symbol: /work2/11056/zwu/frontera/enzo_gh/data/251110/ic512_b_starnetlibyt/enzo_260427.exe() [0x408ef8]
BT symbol: /lib64/libc.so.6(__libc_start_main+0xf5) [0x2b8d945ce555]
BT symbol: /work2/11056/zwu/frontera/enzo_gh/data/251110/ic512_b_starnetlibyt/enzo_260427.exe() [0x408139]
Caught fatal exception:

   'Error opening input file z_0011/z_0011.
'
at Group_ReadAllData.C:141

Backtrace:

BT symbol: /work2/11056/zwu/frontera/enzo_gh/data/251110/ic512_b_starnetlibyt/enzo_260427.exe() [0x769754]
BT symbol: /work2/11056/zwu/frontera/enzo_gh/data/251110/ic512_b_starnetlibyt/enzo_260427.exe() [0x408ef8]
BT symbol: /lib64/libc.so.6(__libc_start_main+0xf5) [0x2b26cbab9555]
BT symbol: /work2/11056/zwu/frontera/enzo_gh/data/251110/ic512_b_starnetlibyt/enzo_260427.exe() [0x408139]
Caught fatal exception:

   'Error opening input file z_0011/z_0011.
'
at Group_ReadAllData.C:141

Backtrace:

BT symbol: /work2/11056/zwu/frontera/enzo_gh/data/251110/ic512_b_starnetlibyt/enzo_260427.exe() [0x769754]
BT symbol: /work2/11056/zwu/frontera/enzo_gh/data/251110/ic512_b_starnetlibyt/enzo_260427.exe() [0x408ef8]
BT symbol: /lib64/libc.so.6(__libc_start_main+0xf5) [0x2b79b8a46555]
BT symbol: /work2/11056/zwu/frontera/enzo_gh/data/251110/ic512_b_starnetlibyt/enzo_260427.exe() [0x408139]
Caught fatal exception:

   'Error opening input file z_0011/z_0011.
'
at Group_ReadAllData.C:141

Backtrace:

BT symbol: /work2/11056/zwu/frontera/enzo_gh/data/251110/ic512_b_starnetlibyt/enzo_260427.exe() [0x769754]
BT symbol: /work2/11056/zwu/frontera/enzo_gh/data/251110/ic512_b_starnetlibyt/enzo_260427.exe() [0x408ef8]
BT symbol: /lib64/libc.so.6(__libc_start_main+0xf5) [0x2b5500693555]
BT symbol: /work2/11056/zwu/frontera/enzo_gh/data/251110/ic512_b_starnetlibyt/enzo_260427.exe() [0x408139]
Caught fatal exception:

   'Error opening input file z_0011/z_0011.
'
at Group_ReadAllData.C:141

Backtrace:

BT symbol: /work2/11056/zwu/frontera/enzo_gh/data/251110/ic512_b_starnetlibyt/enzo_260427.exe() [0x769754]
BT symbol: /work2/11056/zwu/frontera/enzo_gh/data/251110/ic512_b_starnetlibyt/enzo_260427.exe() [0x408ef8]
BT symbol: /lib64/libc.so.6(__libc_start_main+0xf5) [0x2af14f6e9555]
BT symbol: /work2/11056/zwu/frontera/enzo_gh/data/251110/ic512_b_starnetlibyt/enzo_260427.exe() [0x408139]
Caught fatal exception:

   'Error opening input file z_0011/z_0011.
'
at Group_ReadAllData.C:141

Backtrace:

BT symbol: /work2/11056/zwu/frontera/enzo_gh/data/251110/ic512_b_starnetlibyt/enzo_260427.exe() [0x769754]
BT symbol: /work2/11056/zwu/frontera/enzo_gh/data/251110/ic512_b_starnetlibyt/enzo_260427.exe() [0x408ef8]
BT symbol: /lib64/libc.so.6(__libc_start_main+0xf5) [0x2ae8e1bab555]
BT symbol: /work2/11056/zwu/frontera/enzo_gh/data/251110/ic512_b_starnetlibyt/enzo_260427.exe() [0x408139]
Caught fatal exception:

   'Error opening input file z_0011/z_0011.
'
at Group_ReadAllData.C:141

Backtrace:

BT symbol: /work2/11056/zwu/frontera/enzo_gh/data/251110/ic512_b_starnetlibyt/enzo_260427.exe() [0x769754]
BT symbol: /work2/11056/zwu/frontera/enzo_gh/data/251110/ic512_b_starnetlibyt/enzo_260427.exe() [0x408ef8]
BT symbol: /lib64/libc.so.6(__libc_start_main+0xf5) [0x2b937b135555]
BT symbol: /work2/11056/zwu/frontera/enzo_gh/data/251110/ic512_b_starnetlibyt/enzo_260427.exe() [0x408139]
Caught fatal exception:

   'Error opening input file z_0011/z_0011.
'
at Group_ReadAllData.C:141

Backtrace:

BT symbol: /work2/11056/zwu/frontera/enzo_gh/data/251110/ic512_b_starnetlibyt/enzo_260427.exe() [0x769754]
BT symbol: /work2/11056/zwu/frontera/enzo_gh/data/251110/ic512_b_starnetlibyt/enzo_260427.exe() [0x408ef8]
BT symbol: /lib64/libc.so.6(__libc_start_main+0xf5) [0x2b20c07a0555]
BT symbol: /work2/11056/zwu/frontera/enzo_gh/data/251110/ic512_b_starnetlibyt/enzo_260427.exe() [0x408139]
Caught fatal exception:

   'Error opening input file z_0011/z_0011.
'
at Group_ReadAllData.C:141

Backtrace:

BT symbol: /work2/11056/zwu/frontera/enzo_gh/data/251110/ic512_b_starnetlibyt/enzo_260427.exe() [0x769754]
BT symbol: /work2/11056/zwu/frontera/enzo_gh/data/251110/ic512_b_starnetlibyt/enzo_260427.exe() [0x408ef8]
BT symbol: /lib64/libc.so.6(__libc_start_main+0xf5) [0x2ae0bd207555]
BT symbol: /work2/11056/zwu/frontera/enzo_gh/data/251110/ic512_b_starnetlibyt/enzo_260427.exe() [0x408139]
Caught fatal exception:

   'Error opening input file z_0011/z_0011.
'
at Group_ReadAllData.C:141

Backtrace:

BT symbol: /work2/11056/zwu/frontera/enzo_gh/data/251110/ic512_b_starnetlibyt/enzo_260427.exe() [0x769754]
BT symbol: /work2/11056/zwu/frontera/enzo_gh/data/251110/ic512_b_starnetlibyt/enzo_260427.exe() [0x408ef8]
BT symbol: /lib64/libc.so.6(__libc_start_main+0xf5) [0x2b7240f81555]
BT symbol: /work2/11056/zwu/frontera/enzo_gh/data/251110/ic512_b_starnetlibyt/enzo_260427.exe() [0x408139]
Caught fatal exception:

   'Error opening input file z_0011/z_0011.
'
at Group_ReadAllData.C:141

Backtrace:

BT symbol: /work2/11056/zwu/frontera/enzo_gh/data/251110/ic512_b_starnetlibyt/enzo_260427.exe() [0x769754]
BT symbol: /work2/11056/zwu/frontera/enzo_gh/data/251110/ic512_b_starnetlibyt/enzo_260427.exe() [0x408ef8]
BT symbol: /lib64/libc.so.6(__libc_start_main+0xf5) [0x2b8885eb9555]
BT symbol: /work2/11056/zwu/frontera/enzo_gh/data/251110/ic512_b_starnetlibyt/enzo_260427.exe() [0x408139]
Caught fatal exception:

   'Error opening input file z_0011/z_0011.
'
at Group_ReadAllData.C:141

Backtrace:

BT symbol: /work2/11056/zwu/frontera/enzo_gh/data/251110/ic512_b_starnetlibyt/enzo_260427.exe() [0x769754]
BT symbol: /work2/11056/zwu/frontera/enzo_gh/data/251110/ic512_b_starnetlibyt/enzo_260427.exe() [0x408ef8]
BT symbol: /lib64/libc.so.6(__libc_start_main+0xf5) [0x2b2adf6e5555]
BT symbol: /work2/11056/zwu/frontera/enzo_gh/data/251110/ic512_b_starnetlibyt/enzo_260427.exe() [0x408139]
Caught fatal exception:

   'Error opening input file z_0011/z_0011.
'
at Group_ReadAllData.C:141

Backtrace:

BT symbol: /work2/11056/zwu/frontera/enzo_gh/data/251110/ic512_b_starnetlibyt/enzo_260427.exe() [0x769754]
BT symbol: /work2/11056/zwu/frontera/enzo_gh/data/251110/ic512_b_starnetlibyt/enzo_260427.exe() [0x408ef8]
BT symbol: /lib64/libc.so.6(__libc_start_main+0xf5) [0x2b39fd177555]
BT symbol: /work2/11056/zwu/frontera/enzo_gh/data/251110/ic512_b_starnetlibyt/enzo_260427.exe() [0x408139]
Caught fatal exception:

   'Error opening input file z_0011/z_0011.
'
at Group_ReadAllData.C:141

Backtrace:

BT symbol: /work2/11056/zwu/frontera/enzo_gh/data/251110/ic512_b_starnetlibyt/enzo_260427.exe() [0x769754]
BT symbol: /work2/11056/zwu/frontera/enzo_gh/data/251110/ic512_b_starnetlibyt/enzo_260427.exe() [0x408ef8]
BT symbol: /lib64/libc.so.6(__libc_start_main+0xf5) [0x2b3245ee9555]
BT symbol: /work2/11056/zwu/frontera/enzo_gh/data/251110/ic512_b_starnetlibyt/enzo_260427.exe() [0x408139]
Caught fatal exception:

   'Error opening input file z_0011/z_0011.
'
at Group_ReadAllData.C:141

Backtrace:

BT symbol: /work2/11056/zwu/frontera/enzo_gh/data/251110/ic512_b_starnetlibyt/enzo_260427.exe() [0x769754]
BT symbol: /work2/11056/zwu/frontera/enzo_gh/data/251110/ic512_b_starnetlibyt/enzo_260427.exe() [0x408ef8]
BT symbol: /lib64/libc.so.6(__libc_start_main+0xf5) [0x2b8bd1219555]
BT symbol: /work2/11056/zwu/frontera/enzo_gh/data/251110/ic512_b_starnetlibyt/enzo_260427.exe() [0x408139]
Caught fatal exception:

   'Error opening input file z_0011/z_0011.
'
at Group_ReadAllData.C:141

Backtrace:

BT symbol: /work2/11056/zwu/frontera/enzo_gh/data/251110/ic512_b_starnetlibyt/enzo_260427.exe() [0x769754]
BT symbol: /work2/11056/zwu/frontera/enzo_gh/data/251110/ic512_b_starnetlibyt/enzo_260427.exe() [0x408ef8]
BT symbol: /lib64/libc.so.6(__libc_start_main+0xf5) [0x2aba8b23e555]
BT symbol: /work2/11056/zwu/frontera/enzo_gh/data/251110/ic512_b_starnetlibyt/enzo_260427.exe() [0x408139]
Caught fatal exception:

   'Error opening input file z_0011/z_0011.
'
at Group_ReadAllData.C:141

Backtrace:

BT symbol: /work2/11056/zwu/frontera/enzo_gh/data/251110/ic512_b_starnetlibyt/enzo_260427.exe() [0x769754]
BT symbol: /work2/11056/zwu/frontera/enzo_gh/data/251110/ic512_b_starnetlibyt/enzo_260427.exe() [0x408ef8]
BT symbol: /lib64/libc.so.6(__libc_start_main+0xf5) [0x2b629a9bb555]
BT symbol: /work2/11056/zwu/frontera/enzo_gh/data/251110/ic512_b_starnetlibyt/enzo_260427.exe() [0x408139]
Caught fatal exception:

   'Error opening input file z_0011/z_0011.
'
at Group_ReadAllData.C:141

Backtrace:

BT symbol: /work2/11056/zwu/frontera/enzo_gh/data/251110/ic512_b_starnetlibyt/enzo_260427.exe() [0x769754]
BT symbol: /work2/11056/zwu/frontera/enzo_gh/data/251110/ic512_b_starnetlibyt/enzo_260427.exe() [0x408ef8]
BT symbol: /lib64/libc.so.6(__libc_start_main+0xf5) [0x2ab7a99f2555]
BT symbol: /work2/11056/zwu/frontera/enzo_gh/data/251110/ic512_b_starnetlibyt/enzo_260427.exe() [0x408139]
Caught fatal exception:

   'Error opening input file z_0011/z_0011.
'
at Group_ReadAllData.C:141

Backtrace:

BT symbol: /work2/11056/zwu/frontera/enzo_gh/data/251110/ic512_b_starnetlibyt/enzo_260427.exe() [0x769754]
BT symbol: /work2/11056/zwu/frontera/enzo_gh/data/251110/ic512_b_starnetlibyt/enzo_260427.exe() [0x408ef8]
BT symbol: /lib64/libc.so.6(__libc_start_main+0xf5) [0x2b92448f2555]
BT symbol: /work2/11056/zwu/frontera/enzo_gh/data/251110/ic512_b_starnetlibyt/enzo_260427.exe() [0x408139]
Caught fatal exception:

   'Error opening input file z_0011/z_0011.
'
at Group_ReadAllData.C:141

Backtrace:

BT symbol: /work2/11056/zwu/frontera/enzo_gh/data/251110/ic512_b_starnetlibyt/enzo_260427.exe() [0x769754]
BT symbol: /work2/11056/zwu/frontera/enzo_gh/data/251110/ic512_b_starnetlibyt/enzo_260427.exe() [0x408ef8]
BT symbol: /lib64/libc.so.6(__libc_start_main+0xf5) [0x2ae604a8c555]
BT symbol: /work2/11056/zwu/frontera/enzo_gh/data/251110/ic512_b_starnetlibyt/enzo_260427.exe() [0x408139]
Caught fatal exception:

   'Error opening input file z_0011/z_0011.
'
at Group_ReadAllData.C:141

Backtrace:

BT symbol: /work2/11056/zwu/frontera/enzo_gh/data/251110/ic512_b_starnetlibyt/enzo_260427.exe() [0x769754]
BT symbol: /work2/11056/zwu/frontera/enzo_gh/data/251110/ic512_b_starnetlibyt/enzo_260427.exe() [0x408ef8]
BT symbol: /lib64/libc.so.6(__libc_start_main+0xf5) [0x2b931cf8f555]
BT symbol: /work2/11056/zwu/frontera/enzo_gh/data/251110/ic512_b_starnetlibyt/enzo_260427.exe() [0x408139]
Caught fatal exception:

   'Error opening input file z_0011/z_0011.
'
at Group_ReadAllData.C:141

Backtrace:

BT symbol: /work2/11056/zwu/frontera/enzo_gh/data/251110/ic512_b_starnetlibyt/enzo_260427.exe() [0x769754]
BT symbol: /work2/11056/zwu/frontera/enzo_gh/data/251110/ic512_b_starnetlibyt/enzo_260427.exe() [0x408ef8]
BT symbol: /lib64/libc.so.6(__libc_start_main+0xf5) [0x2b10a1856555]
BT symbol: /work2/11056/zwu/frontera/enzo_gh/data/251110/ic512_b_starnetlibyt/enzo_260427.exe() [0x408139]
Caught fatal exception:

   'Error opening input file z_0011/z_0011.
'
at Group_ReadAllData.C:141

Backtrace:

BT symbol: /work2/11056/zwu/frontera/enzo_gh/data/251110/ic512_b_starnetlibyt/enzo_260427.exe() [0x769754]
BT symbol: /work2/11056/zwu/frontera/enzo_gh/data/251110/ic512_b_starnetlibyt/enzo_260427.exe() [0x408ef8]
BT symbol: /lib64/libc.so.6(__libc_start_main+0xf5) [0x2adc3b369555]
BT symbol: /work2/11056/zwu/frontera/enzo_gh/data/251110/ic512_b_starnetlibyt/enzo_260427.exe() [0x408139]
Caught fatal exception:

   'Error opening input file z_0011/z_0011.
'
at Group_ReadAllData.C:141

Backtrace:

BT symbol: /work2/11056/zwu/frontera/enzo_gh/data/251110/ic512_b_starnetlibyt/enzo_260427.exe() [0x769754]
BT symbol: /work2/11056/zwu/frontera/enzo_gh/data/251110/ic512_b_starnetlibyt/enzo_260427.exe() [0x408ef8]
BT symbol: /lib64/libc.so.6(__libc_start_main+0xf5) [0x2b98dea72555]
BT symbol: /work2/11056/zwu/frontera/enzo_gh/data/251110/ic512_b_starnetlibyt/enzo_260427.exe() [0x408139]
Caught fatal exception:

   'Error opening input file z_0011/z_0011.
'
at Group_ReadAllData.C:141

Backtrace:

BT symbol: /work2/11056/zwu/frontera/enzo_gh/data/251110/ic512_b_starnetlibyt/enzo_260427.exe() [0x769754]
BT symbol: /work2/11056/zwu/frontera/enzo_gh/data/251110/ic512_b_starnetlibyt/enzo_260427.exe() [0x408ef8]
BT symbol: /lib64/libc.so.6(__libc_start_main+0xf5) [0x2b01c4f77555]
BT symbol: /work2/11056/zwu/frontera/enzo_gh/data/251110/ic512_b_starnetlibyt/enzo_260427.exe() [0x408139]
Caught fatal exception:

   'Error opening input file z_0011/z_0011.
'
at Group_ReadAllData.C:141

Backtrace:

BT symbol: /work2/11056/zwu/frontera/enzo_gh/data/251110/ic512_b_starnetlibyt/enzo_260427.exe() [0x769754]
BT symbol: /work2/11056/zwu/frontera/enzo_gh/data/251110/ic512_b_starnetlibyt/enzo_260427.exe() [0x408ef8]
BT symbol: /lib64/libc.so.6(__libc_start_main+0xf5) [0x2acf6971a555]
BT symbol: /work2/11056/zwu/frontera/enzo_gh/data/251110/ic512_b_starnetlibyt/enzo_260427.exe() [0x408139]
Caught fatal exception:

   'Error opening input file z_0011/z_0011.
'
at Group_ReadAllData.C:141

Backtrace:

BT symbol: /work2/11056/zwu/frontera/enzo_gh/data/251110/ic512_b_starnetlibyt/enzo_260427.exe() [0x769754]
BT symbol: /work2/11056/zwu/frontera/enzo_gh/data/251110/ic512_b_starnetlibyt/enzo_260427.exe() [0x408ef8]
BT symbol: /lib64/libc.so.6(__libc_start_main+0xf5) [0x2abfd5262555]
BT symbol: /work2/11056/zwu/frontera/enzo_gh/data/251110/ic512_b_starnetlibyt/enzo_260427.exe() [0x408139]
Caught fatal exception:

   'Error opening input file z_0011/z_0011.
'
at Group_ReadAllData.C:141

Backtrace:

BT symbol: /work2/11056/zwu/frontera/enzo_gh/data/251110/ic512_b_starnetlibyt/enzo_260427.exe() [0x769754]
BT symbol: /work2/11056/zwu/frontera/enzo_gh/data/251110/ic512_b_starnetlibyt/enzo_260427.exe() [0x408ef8]
BT symbol: /lib64/libc.so.6(__libc_start_main+0xf5) [0x2b7e6987b555]
BT symbol: /work2/11056/zwu/frontera/enzo_gh/data/251110/ic512_b_starnetlibyt/enzo_260427.exe() [0x408139]
Caught fatal exception:

   'Error opening input file z_0011/z_0011.
'
at Group_ReadAllData.C:141

Backtrace:

BT symbol: /work2/11056/zwu/frontera/enzo_gh/data/251110/ic512_b_starnetlibyt/enzo_260427.exe() [0x769754]
BT symbol: /work2/11056/zwu/frontera/enzo_gh/data/251110/ic512_b_starnetlibyt/enzo_260427.exe() [0x408ef8]
BT symbol: /lib64/libc.so.6(__libc_start_main+0xf5) [0x2ac32f24f555]
BT symbol: /work2/11056/zwu/frontera/enzo_gh/data/251110/ic512_b_starnetlibyt/enzo_260427.exe() [0x408139]
Caught fatal exception:

   'Error opening input file z_0011/z_0011.
'
at Group_ReadAllData.C:141

Backtrace:

BT symbol: /work2/11056/zwu/frontera/enzo_gh/data/251110/ic512_b_starnetlibyt/enzo_260427.exe() [0x769754]
BT symbol: /work2/11056/zwu/frontera/enzo_gh/data/251110/ic512_b_starnetlibyt/enzo_260427.exe() [0x408ef8]
BT symbol: /lib64/libc.so.6(__libc_start_main+0xf5) [0x2b49c0b6d555]
BT symbol: /work2/11056/zwu/frontera/enzo_gh/data/251110/ic512_b_starnetlibyt/enzo_260427.exe() [0x408139]
Caught fatal exception:

   'Error opening input file z_0011/z_0011.
'
at Group_ReadAllData.C:141

Backtrace:

BT symbol: /work2/11056/zwu/frontera/enzo_gh/data/251110/ic512_b_starnetlibyt/enzo_260427.exe() [0x769754]
BT symbol: /work2/11056/zwu/frontera/enzo_gh/data/251110/ic512_b_starnetlibyt/enzo_260427.exe() [0x408ef8]
BT symbol: /lib64/libc.so.6(__libc_start_main+0xf5) [0x2abe9e1e6555]
BT symbol: /work2/11056/zwu/frontera/enzo_gh/data/251110/ic512_b_starnetlibyt/enzo_260427.exe() [0x408139]
Caught fatal exception:

   'Error opening input file z_0011/z_0011.
'
at Group_ReadAllData.C:141

Backtrace:

BT symbol: /work2/11056/zwu/frontera/enzo_gh/data/251110/ic512_b_starnetlibyt/enzo_260427.exe() [0x769754]
BT symbol: /work2/11056/zwu/frontera/enzo_gh/data/251110/ic512_b_starnetlibyt/enzo_260427.exe() [0x408ef8]
BT symbol: /lib64/libc.so.6(__libc_start_main+0xf5) [0x2b9b34adc555]
BT symbol: /work2/11056/zwu/frontera/enzo_gh/data/251110/ic512_b_starnetlibyt/enzo_260427.exe() [0x408139]
Caught fatal exception:

   'Error opening input file z_0011/z_0011.
'
at Group_ReadAllData.C:141

Backtrace:

BT symbol: /work2/11056/zwu/frontera/enzo_gh/data/251110/ic512_b_starnetlibyt/enzo_260427.exe() [0x769754]
BT symbol: /work2/11056/zwu/frontera/enzo_gh/data/251110/ic512_b_starnetlibyt/enzo_260427.exe() [0x408ef8]
BT symbol: /lib64/libc.so.6(__libc_start_main+0xf5) [0x2b0aafdcf555]
BT symbol: /work2/11056/zwu/frontera/enzo_gh/data/251110/ic512_b_starnetlibyt/enzo_260427.exe() [0x408139]
Caught fatal exception:

   'Error opening input file z_0011/z_0011.
'
at Group_ReadAllData.C:141

Backtrace:

BT symbol: /work2/11056/zwu/frontera/enzo_gh/data/251110/ic512_b_starnetlibyt/enzo_260427.exe() [0x769754]
BT symbol: /work2/11056/zwu/frontera/enzo_gh/data/251110/ic512_b_starnetlibyt/enzo_260427.exe() [0x408ef8]
BT symbol: /lib64/libc.so.6(__libc_start_main+0xf5) [0x2ade02745555]
BT symbol: /work2/11056/zwu/frontera/enzo_gh/data/251110/ic512_b_starnetlibyt/enzo_260427.exe() [0x408139]
Caught fatal exception:

   'Error opening input file z_0011/z_0011.
'
at Group_ReadAllData.C:141

Backtrace:

BT symbol: /work2/11056/zwu/frontera/enzo_gh/data/251110/ic512_b_starnetlibyt/enzo_260427.exe() [0x769754]
BT symbol: /work2/11056/zwu/frontera/enzo_gh/data/251110/ic512_b_starnetlibyt/enzo_260427.exe() [0x408ef8]
BT symbol: /lib64/libc.so.6(__libc_start_main+0xf5) [0x2b2090967555]
BT symbol: /work2/11056/zwu/frontera/enzo_gh/data/251110/ic512_b_starnetlibyt/enzo_260427.exe() [0x408139]
Caught fatal exception:

   'Error opening input file z_0011/z_0011.
'
at Group_ReadAllData.C:141

Backtrace:

BT symbol: /work2/11056/zwu/frontera/enzo_gh/data/251110/ic512_b_starnetlibyt/enzo_260427.exe() [0x769754]
BT symbol: /work2/11056/zwu/frontera/enzo_gh/data/251110/ic512_b_starnetlibyt/enzo_260427.exe() [0x408ef8]
BT symbol: /lib64/libc.so.6(__libc_start_main+0xf5) [0x2ad2f2d35555]
BT symbol: /work2/11056/zwu/frontera/enzo_gh/data/251110/ic512_b_starnetlibyt/enzo_260427.exe() [0x408139]
Caught fatal exception:

   'Error opening input file z_0011/z_0011.
'
at Group_ReadAllData.C:141

Backtrace:

BT symbol: /work2/11056/zwu/frontera/enzo_gh/data/251110/ic512_b_starnetlibyt/enzo_260427.exe() [0x769754]
BT symbol: /work2/11056/zwu/frontera/enzo_gh/data/251110/ic512_b_starnetlibyt/enzo_260427.exe() [0x408ef8]
BT symbol: /lib64/libc.so.6(__libc_start_main+0xf5) [0x2b9b16d13555]
BT symbol: /work2/11056/zwu/frontera/enzo_gh/data/251110/ic512_b_starnetlibyt/enzo_260427.exe() [0x408139]
Caught fatal exception:

   'Error opening input file z_0011/z_0011.
'
at Group_ReadAllData.C:141

Backtrace:

BT symbol: /work2/11056/zwu/frontera/enzo_gh/data/251110/ic512_b_starnetlibyt/enzo_260427.exe() [0x769754]
BT symbol: /work2/11056/zwu/frontera/enzo_gh/data/251110/ic512_b_starnetlibyt/enzo_260427.exe() [0x408ef8]
BT symbol: /lib64/libc.so.6(__libc_start_main+0xf5) [0x2acb133a3555]
BT symbol: /work2/11056/zwu/frontera/enzo_gh/data/251110/ic512_b_starnetlibyt/enzo_260427.exe() [0x408139]
Caught fatal exception:

   'Error opening input file z_0011/z_0011.
'
at Group_ReadAllData.C:141

Backtrace:

BT symbol: /work2/11056/zwu/frontera/enzo_gh/data/251110/ic512_b_starnetlibyt/enzo_260427.exe() [0x769754]
BT symbol: /work2/11056/zwu/frontera/enzo_gh/data/251110/ic512_b_starnetlibyt/enzo_260427.exe() [0x408ef8]
BT symbol: /lib64/libc.so.6(__libc_start_main+0xf5) [0x2af47104f555]
BT symbol: /work2/11056/zwu/frontera/enzo_gh/data/251110/ic512_b_starnetlibyt/enzo_260427.exe() [0x408139]
Caught fatal exception:

   'Error opening input file z_0011/z_0011.
'
at Group_ReadAllData.C:141

Backtrace:

BT symbol: /work2/11056/zwu/frontera/enzo_gh/data/251110/ic512_b_starnetlibyt/enzo_260427.exe() [0x769754]
BT symbol: /work2/11056/zwu/frontera/enzo_gh/data/251110/ic512_b_starnetlibyt/enzo_260427.exe() [0x408ef8]
BT symbol: /lib64/libc.so.6(__libc_start_main+0xf5) [0x2b07d4351555]
BT symbol: /work2/11056/zwu/frontera/enzo_gh/data/251110/ic512_b_starnetlibyt/enzo_260427.exe() [0x408139]
Caught fatal exception:

   'Error opening input file z_0011/z_0011.
'
at Group_ReadAllData.C:141

Backtrace:

BT symbol: /work2/11056/zwu/frontera/enzo_gh/data/251110/ic512_b_starnetlibyt/enzo_260427.exe() [0x769754]
BT symbol: /work2/11056/zwu/frontera/enzo_gh/data/251110/ic512_b_starnetlibyt/enzo_260427.exe() [0x408ef8]
BT symbol: /lib64/libc.so.6(__libc_start_main+0xf5) [0x2b8a13858555]
BT symbol: /work2/11056/zwu/frontera/enzo_gh/data/251110/ic512_b_starnetlibyt/enzo_260427.exe() [0x408139]
Caught fatal exception:

   'Error opening input file z_0011/z_0011.
'
at Group_ReadAllData.C:141

Backtrace:

BT symbol: /work2/11056/zwu/frontera/enzo_gh/data/251110/ic512_b_starnetlibyt/enzo_260427.exe() [0x769754]
BT symbol: /work2/11056/zwu/frontera/enzo_gh/data/251110/ic512_b_starnetlibyt/enzo_260427.exe() [0x408ef8]
BT symbol: /lib64/libc.so.6(__libc_start_main+0xf5) [0x2ab84f5e5555]
BT symbol: /work2/11056/zwu/frontera/enzo_gh/data/251110/ic512_b_starnetlibyt/enzo_260427.exe() [0x408139]
Caught fatal exception:

   'Error opening input file z_0011/z_0011.
'
at Group_ReadAllData.C:141

Backtrace:

BT symbol: /work2/11056/zwu/frontera/enzo_gh/data/251110/ic512_b_starnetlibyt/enzo_260427.exe() [0x769754]
BT symbol: /work2/11056/zwu/frontera/enzo_gh/data/251110/ic512_b_starnetlibyt/enzo_260427.exe() [0x408ef8]
BT symbol: /lib64/libc.so.6(__libc_start_main+0xf5) [0x2b9e49abf555]
BT symbol: /work2/11056/zwu/frontera/enzo_gh/data/251110/ic512_b_starnetlibyt/enzo_260427.exe() [0x408139]
Caught fatal exception:

   'Error opening input file z_0011/z_0011.
'
at Group_ReadAllData.C:141

Backtrace:

BT symbol: /work2/11056/zwu/frontera/enzo_gh/data/251110/ic512_b_starnetlibyt/enzo_260427.exe() [0x769754]
BT symbol: /work2/11056/zwu/frontera/enzo_gh/data/251110/ic512_b_starnetlibyt/enzo_260427.exe() [0x408ef8]
BT symbol: /lib64/libc.so.6(__libc_start_main+0xf5) [0x2b45f6e31555]
BT symbol: /work2/11056/zwu/frontera/enzo_gh/data/251110/ic512_b_starnetlibyt/enzo_260427.exe() [0x408139]
Caught fatal exception:

   'Error opening input file z_0011/z_0011.
'
at Group_ReadAllData.C:141

Backtrace:

BT symbol: /work2/11056/zwu/frontera/enzo_gh/data/251110/ic512_b_starnetlibyt/enzo_260427.exe() [0x769754]
BT symbol: /work2/11056/zwu/frontera/enzo_gh/data/251110/ic512_b_starnetlibyt/enzo_260427.exe() [0x408ef8]
BT symbol: /lib64/libc.so.6(__libc_start_main+0xf5) [0x2b64996fd555]
BT symbol: /work2/11056/zwu/frontera/enzo_gh/data/251110/ic512_b_starnetlibyt/enzo_260427.exe() [0x408139]
Caught fatal exception:

   'Error opening input file z_0011/z_0011.
'
at Group_ReadAllData.C:141

Backtrace:

BT symbol: /work2/11056/zwu/frontera/enzo_gh/data/251110/ic512_b_starnetlibyt/enzo_260427.exe() [0x769754]
BT symbol: /work2/11056/zwu/frontera/enzo_gh/data/251110/ic512_b_starnetlibyt/enzo_260427.exe() [0x408ef8]
BT symbol: /lib64/libc.so.6(__libc_start_main+0xf5) [0x2add7e46b555]
BT symbol: /work2/11056/zwu/frontera/enzo_gh/data/251110/ic512_b_starnetlibyt/enzo_260427.exe() [0x408139]
Caught fatal exception:

   'Error opening input file z_0011/z_0011.
'
at Group_ReadAllData.C:141

Backtrace:

BT symbol: /work2/11056/zwu/frontera/enzo_gh/data/251110/ic512_b_starnetlibyt/enzo_260427.exe() [0x769754]
BT symbol: /work2/11056/zwu/frontera/enzo_gh/data/251110/ic512_b_starnetlibyt/enzo_260427.exe() [0x408ef8]
BT symbol: /lib64/libc.so.6(__libc_start_main+0xf5) [0x2b6a95ad8555]
BT symbol: /work2/11056/zwu/frontera/enzo_gh/data/251110/ic512_b_starnetlibyt/enzo_260427.exe() [0x408139]
Caught fatal exception:

   'Error opening input file z_0011/z_0011.
'
at Group_ReadAllData.C:141

Backtrace:

BT symbol: /work2/11056/zwu/frontera/enzo_gh/data/251110/ic512_b_starnetlibyt/enzo_260427.exe() [0x769754]
BT symbol: /work2/11056/zwu/frontera/enzo_gh/data/251110/ic512_b_starnetlibyt/enzo_260427.exe() [0x408ef8]
BT symbol: /lib64/libc.so.6(__libc_start_main+0xf5) [0x2ab4e1e49555]
BT symbol: /work2/11056/zwu/frontera/enzo_gh/data/251110/ic512_b_starnetlibyt/enzo_260427.exe() [0x408139]
Caught fatal exception:

   'Error opening input file z_0011/z_0011.
'
at Group_ReadAllData.C:141

Backtrace:

BT symbol: /work2/11056/zwu/frontera/enzo_gh/data/251110/ic512_b_starnetlibyt/enzo_260427.exe() [0x769754]
BT symbol: /work2/11056/zwu/frontera/enzo_gh/data/251110/ic512_b_starnetlibyt/enzo_260427.exe() [0x408ef8]
BT symbol: /lib64/libc.so.6(__libc_start_main+0xf5) [0x2ab0936e3555]
BT symbol: /work2/11056/zwu/frontera/enzo_gh/data/251110/ic512_b_starnetlibyt/enzo_260427.exe() [0x408139]
Caught fatal exception:

   'Error opening input file z_0011/z_0011.
'
at Group_ReadAllData.C:141

Backtrace:

BT symbol: /work2/11056/zwu/frontera/enzo_gh/data/251110/ic512_b_starnetlibyt/enzo_260427.exe() [0x769754]
BT symbol: /work2/11056/zwu/frontera/enzo_gh/data/251110/ic512_b_starnetlibyt/enzo_260427.exe() [0x408ef8]
BT symbol: /lib64/libc.so.6(__libc_start_main+0xf5) [0x2b3e1415c555]
BT symbol: /work2/11056/zwu/frontera/enzo_gh/data/251110/ic512_b_starnetlibyt/enzo_260427.exe() [0x408139]
Caught fatal exception:

   'Error opening input file z_0011/z_0011.
'
at Group_ReadAllData.C:141

Backtrace:

BT symbol: /work2/11056/zwu/frontera/enzo_gh/data/251110/ic512_b_starnetlibyt/enzo_260427.exe() [0x769754]
BT symbol: /work2/11056/zwu/frontera/enzo_gh/data/251110/ic512_b_starnetlibyt/enzo_260427.exe() [0x408ef8]
BT symbol: /lib64/libc.so.6(__libc_start_main+0xf5) [0x2ace3631a555]
BT symbol: /work2/11056/zwu/frontera/enzo_gh/data/251110/ic512_b_starnetlibyt/enzo_260427.exe() [0x408139]
Caught fatal exception:

   'Error opening input file z_0011/z_0011.
'
at Group_ReadAllData.C:141

Backtrace:

BT symbol: /work2/11056/zwu/frontera/enzo_gh/data/251110/ic512_b_starnetlibyt/enzo_260427.exe() [0x769754]
BT symbol: /work2/11056/zwu/frontera/enzo_gh/data/251110/ic512_b_starnetlibyt/enzo_260427.exe() [0x408ef8]
BT symbol: /lib64/libc.so.6(__libc_start_main+0xf5) [0x2b720efb1555]
BT symbol: /work2/11056/zwu/frontera/enzo_gh/data/251110/ic512_b_starnetlibyt/enzo_260427.exe() [0x408139]
Caught fatal exception:

   'Error opening input file z_0011/z_0011.
'
at Group_ReadAllData.C:141

Backtrace:

BT symbol: /work2/11056/zwu/frontera/enzo_gh/data/251110/ic512_b_starnetlibyt/enzo_260427.exe() [0x769754]
BT symbol: /work2/11056/zwu/frontera/enzo_gh/data/251110/ic512_b_starnetlibyt/enzo_260427.exe() [0x408ef8]
BT symbol: /lib64/libc.so.6(__libc_start_main+0xf5) [0x2af97dbb1555]
BT symbol: /work2/11056/zwu/frontera/enzo_gh/data/251110/ic512_b_starnetlibyt/enzo_260427.exe() [0x408139]
Caught fatal exception:

   'Error opening input file z_0011/z_0011.
'
at Group_ReadAllData.C:141

Backtrace:

BT symbol: /work2/11056/zwu/frontera/enzo_gh/data/251110/ic512_b_starnetlibyt/enzo_260427.exe() [0x769754]
BT symbol: /work2/11056/zwu/frontera/enzo_gh/data/251110/ic512_b_starnetlibyt/enzo_260427.exe() [0x408ef8]
BT symbol: /lib64/libc.so.6(__libc_start_main+0xf5) [0x2acb59df0555]
BT symbol: /work2/11056/zwu/frontera/enzo_gh/data/251110/ic512_b_starnetlibyt/enzo_260427.exe() [0x408139]
Caught fatal exception:

   'Error opening input file z_0011/z_0011.
'
at Group_ReadAllData.C:141

Backtrace:

BT symbol: /work2/11056/zwu/frontera/enzo_gh/data/251110/ic512_b_starnetlibyt/enzo_260427.exe() [0x769754]
BT symbol: /work2/11056/zwu/frontera/enzo_gh/data/251110/ic512_b_starnetlibyt/enzo_260427.exe() [0x408ef8]
BT symbol: /lib64/libc.so.6(__libc_start_main+0xf5) [0x2b1dba0b2555]
BT symbol: /work2/11056/zwu/frontera/enzo_gh/data/251110/ic512_b_starnetlibyt/enzo_260427.exe() [0x408139]
Caught fatal exception:

   'Error opening input file z_0011/z_0011.
'
at Group_ReadAllData.C:141

Backtrace:

BT symbol: /work2/11056/zwu/frontera/enzo_gh/data/251110/ic512_b_starnetlibyt/enzo_260427.exe() [0x769754]
BT symbol: /work2/11056/zwu/frontera/enzo_gh/data/251110/ic512_b_starnetlibyt/enzo_260427.exe() [0x408ef8]
BT symbol: /lib64/libc.so.6(__libc_start_main+0xf5) [0x2b70233d8555]
BT symbol: /work2/11056/zwu/frontera/enzo_gh/data/251110/ic512_b_starnetlibyt/enzo_260427.exe() [0x408139]
Caught fatal exception:

   'Error opening input file z_0011/z_0011.
'
at Group_ReadAllData.C:141

Backtrace:

BT symbol: /work2/11056/zwu/frontera/enzo_gh/data/251110/ic512_b_starnetlibyt/enzo_260427.exe() [0x769754]
BT symbol: /work2/11056/zwu/frontera/enzo_gh/data/251110/ic512_b_starnetlibyt/enzo_260427.exe() [0x408ef8]
BT symbol: /lib64/libc.so.6(__libc_start_main+0xf5) [0x2ab6d6c1a555]
BT symbol: /work2/11056/zwu/frontera/enzo_gh/data/251110/ic512_b_starnetlibyt/enzo_260427.exe() [0x408139]
Caught fatal exception:

   'Error opening input file z_0011/z_0011.
'
at Group_ReadAllData.C:141

Backtrace:

BT symbol: /work2/11056/zwu/frontera/enzo_gh/data/251110/ic512_b_starnetlibyt/enzo_260427.exe() [0x769754]
BT symbol: /work2/11056/zwu/frontera/enzo_gh/data/251110/ic512_b_starnetlibyt/enzo_260427.exe() [0x408ef8]
BT symbol: /lib64/libc.so.6(__libc_start_main+0xf5) [0x2b334383a555]
BT symbol: /work2/11056/zwu/frontera/enzo_gh/data/251110/ic512_b_starnetlibyt/enzo_260427.exe() [0x408139]
Caught fatal exception:

   'Error opening input file z_0011/z_0011.
'
at Group_ReadAllData.C:141

Backtrace:

BT symbol: /work2/11056/zwu/frontera/enzo_gh/data/251110/ic512_b_starnetlibyt/enzo_260427.exe() [0x769754]
BT symbol: /work2/11056/zwu/frontera/enzo_gh/data/251110/ic512_b_starnetlibyt/enzo_260427.exe() [0x408ef8]
BT symbol: /lib64/libc.so.6(__libc_start_main+0xf5) [0x2b13b0699555]
BT symbol: /work2/11056/zwu/frontera/enzo_gh/data/251110/ic512_b_starnetlibyt/enzo_260427.exe() [0x408139]
Caught fatal exception:

   'Error opening input file z_0011/z_0011.
'
at Group_ReadAllData.C:141

Backtrace:

BT symbol: /work2/11056/zwu/frontera/enzo_gh/data/251110/ic512_b_starnetlibyt/enzo_260427.exe() [0x769754]
BT symbol: /work2/11056/zwu/frontera/enzo_gh/data/251110/ic512_b_starnetlibyt/enzo_260427.exe() [0x408ef8]
BT symbol: /lib64/libc.so.6(__libc_start_main+0xf5) [0x2ae803d4e555]
BT symbol: /work2/11056/zwu/frontera/enzo_gh/data/251110/ic512_b_starnetlibyt/enzo_260427.exe() [0x408139]
Caught fatal exception:

   'Error opening input file z_0011/z_0011.
'
at Group_ReadAllData.C:141

Backtrace:

BT symbol: /work2/11056/zwu/frontera/enzo_gh/data/251110/ic512_b_starnetlibyt/enzo_260427.exe() [0x769754]
BT symbol: /work2/11056/zwu/frontera/enzo_gh/data/251110/ic512_b_starnetlibyt/enzo_260427.exe() [0x408ef8]
BT symbol: /lib64/libc.so.6(__libc_start_main+0xf5) [0x2b2f4b4a4555]
BT symbol: /work2/11056/zwu/frontera/enzo_gh/data/251110/ic512_b_starnetlibyt/enzo_260427.exe() [0x408139]
Caught fatal exception:

   'Error opening input file z_0011/z_0011.
'
at Group_ReadAllData.C:141

Backtrace:

BT symbol: /work2/11056/zwu/frontera/enzo_gh/data/251110/ic512_b_starnetlibyt/enzo_260427.exe() [0x769754]
BT symbol: /work2/11056/zwu/frontera/enzo_gh/data/251110/ic512_b_starnetlibyt/enzo_260427.exe() [0x408ef8]
BT symbol: /lib64/libc.so.6(__libc_start_main+0xf5) [0x2b30b76bd555]
BT symbol: /work2/11056/zwu/frontera/enzo_gh/data/251110/ic512_b_starnetlibyt/enzo_260427.exe() [0x408139]
Caught fatal exception:

   'Error opening input file z_0011/z_0011.
'
at Group_ReadAllData.C:141

Backtrace:

BT symbol: /work2/11056/zwu/frontera/enzo_gh/data/251110/ic512_b_starnetlibyt/enzo_260427.exe() [0x769754]
BT symbol: /work2/11056/zwu/frontera/enzo_gh/data/251110/ic512_b_starnetlibyt/enzo_260427.exe() [0x408ef8]
BT symbol: /lib64/libc.so.6(__libc_start_main+0xf5) [0x2ac8cc28a555]
BT symbol: /work2/11056/zwu/frontera/enzo_gh/data/251110/ic512_b_starnetlibyt/enzo_260427.exe() [0x408139]
Caught fatal exception:

   'Error opening input file z_0011/z_0011.
'
at Group_ReadAllData.C:141

Backtrace:

BT symbol: /work2/11056/zwu/frontera/enzo_gh/data/251110/ic512_b_starnetlibyt/enzo_260427.exe() [0x769754]
BT symbol: /work2/11056/zwu/frontera/enzo_gh/data/251110/ic512_b_starnetlibyt/enzo_260427.exe() [0x408ef8]
BT symbol: /lib64/libc.so.6(__libc_start_main+0xf5) [0x2b820aca0555]
BT symbol: /work2/11056/zwu/frontera/enzo_gh/data/251110/ic512_b_starnetlibyt/enzo_260427.exe() [0x408139]
Caught fatal exception:

   'Error opening input file z_0011/z_0011.
'
at Group_ReadAllData.C:141

Backtrace:

BT symbol: /work2/11056/zwu/frontera/enzo_gh/data/251110/ic512_b_starnetlibyt/enzo_260427.exe() [0x769754]
BT symbol: /work2/11056/zwu/frontera/enzo_gh/data/251110/ic512_b_starnetlibyt/enzo_260427.exe() [0x408ef8]
BT symbol: /lib64/libc.so.6(__libc_start_main+0xf5) [0x2b4cbefb2555]
BT symbol: /work2/11056/zwu/frontera/enzo_gh/data/251110/ic512_b_starnetlibyt/enzo_260427.exe() [0x408139]
Caught fatal exception:

   'Error opening input file z_0011/z_0011.
'
at Group_ReadAllData.C:141

Backtrace:

BT symbol: /work2/11056/zwu/frontera/enzo_gh/data/251110/ic512_b_starnetlibyt/enzo_260427.exe() [0x769754]
BT symbol: /work2/11056/zwu/frontera/enzo_gh/data/251110/ic512_b_starnetlibyt/enzo_260427.exe() [0x408ef8]
BT symbol: /lib64/libc.so.6(__libc_start_main+0xf5) [0x2aae67697555]
BT symbol: /work2/11056/zwu/frontera/enzo_gh/data/251110/ic512_b_starnetlibyt/enzo_260427.exe() [0x408139]
Caught fatal exception:

   'Error opening input file z_0011/z_0011.
'
at Group_ReadAllData.C:141

Backtrace:

BT symbol: /work2/11056/zwu/frontera/enzo_gh/data/251110/ic512_b_starnetlibyt/enzo_260427.exe() [0x769754]
BT symbol: /work2/11056/zwu/frontera/enzo_gh/data/251110/ic512_b_starnetlibyt/enzo_260427.exe() [0x408ef8]
BT symbol: /lib64/libc.so.6(__libc_start_main+0xf5) [0x2b1bafc4e555]
BT symbol: /work2/11056/zwu/frontera/enzo_gh/data/251110/ic512_b_starnetlibyt/enzo_260427.exe() [0x408139]
Caught fatal exception:

   'Error opening input file z_0011/z_0011.
'
at Group_ReadAllData.C:141

Backtrace:

BT symbol: /work2/11056/zwu/frontera/enzo_gh/data/251110/ic512_b_starnetlibyt/enzo_260427.exe() [0x769754]
BT symbol: /work2/11056/zwu/frontera/enzo_gh/data/251110/ic512_b_starnetlibyt/enzo_260427.exe() [0x408ef8]
BT symbol: /lib64/libc.so.6(__libc_start_main+0xf5) [0x2b96c50ab555]
BT symbol: /work2/11056/zwu/frontera/enzo_gh/data/251110/ic512_b_starnetlibyt/enzo_260427.exe() [0x408139]
Caught fatal exception:

   'Error opening input file z_0011/z_0011.
'
at Group_ReadAllData.C:141

Backtrace:

BT symbol: /work2/11056/zwu/frontera/enzo_gh/data/251110/ic512_b_starnetlibyt/enzo_260427.exe() [0x769754]
BT symbol: /work2/11056/zwu/frontera/enzo_gh/data/251110/ic512_b_starnetlibyt/enzo_260427.exe() [0x408ef8]
BT symbol: /lib64/libc.so.6(__libc_start_main+0xf5) [0x2b44c2f39555]
BT symbol: /work2/11056/zwu/frontera/enzo_gh/data/251110/ic512_b_starnetlibyt/enzo_260427.exe() [0x408139]
Caught fatal exception:

   'Error opening input file z_0011/z_0011.
'
at Group_ReadAllData.C:141

Backtrace:

BT symbol: /work2/11056/zwu/frontera/enzo_gh/data/251110/ic512_b_starnetlibyt/enzo_260427.exe() [0x769754]
BT symbol: /work2/11056/zwu/frontera/enzo_gh/data/251110/ic512_b_starnetlibyt/enzo_260427.exe() [0x408ef8]
BT symbol: /lib64/libc.so.6(__libc_start_main+0xf5) [0x2b4f5c129555]
BT symbol: /work2/11056/zwu/frontera/enzo_gh/data/251110/ic512_b_starnetlibyt/enzo_260427.exe() [0x408139]
Caught fatal exception:

   'Error opening input file z_0011/z_0011.
'
at Group_ReadAllData.C:141

Backtrace:

BT symbol: /work2/11056/zwu/frontera/enzo_gh/data/251110/ic512_b_starnetlibyt/enzo_260427.exe() [0x769754]
BT symbol: /work2/11056/zwu/frontera/enzo_gh/data/251110/ic512_b_starnetlibyt/enzo_260427.exe() [0x408ef8]
BT symbol: /lib64/libc.so.6(__libc_start_main+0xf5) [0x2b8e77867555]
BT symbol: /work2/11056/zwu/frontera/enzo_gh/data/251110/ic512_b_starnetlibyt/enzo_260427.exe() [0x408139]
Caught fatal exception:

   'Error opening input file z_0011/z_0011.
'
at Group_ReadAllData.C:141

Backtrace:

BT symbol: /work2/11056/zwu/frontera/enzo_gh/data/251110/ic512_b_starnetlibyt/enzo_260427.exe() [0x769754]
BT symbol: /work2/11056/zwu/frontera/enzo_gh/data/251110/ic512_b_starnetlibyt/enzo_260427.exe() [0x408ef8]
BT symbol: /lib64/libc.so.6(__libc_start_main+0xf5) [0x2adce35dc555]
BT symbol: /work2/11056/zwu/frontera/enzo_gh/data/251110/ic512_b_starnetlibyt/enzo_260427.exe() [0x408139]
Caught fatal exception:

   'Error opening input file z_0011/z_0011.
'
at Group_ReadAllData.C:141

Backtrace:

BT symbol: /work2/11056/zwu/frontera/enzo_gh/data/251110/ic512_b_starnetlibyt/enzo_260427.exe() [0x769754]
BT symbol: /work2/11056/zwu/frontera/enzo_gh/data/251110/ic512_b_starnetlibyt/enzo_260427.exe() [0x408ef8]
BT symbol: /lib64/libc.so.6(__libc_start_main+0xf5) [0x2afef0ec4555]
BT symbol: /work2/11056/zwu/frontera/enzo_gh/data/251110/ic512_b_starnetlibyt/enzo_260427.exe() [0x408139]
Caught fatal exception:

   'Error opening input file z_0011/z_0011.
'
at Group_ReadAllData.C:141

Backtrace:

BT symbol: /work2/11056/zwu/frontera/enzo_gh/data/251110/ic512_b_starnetlibyt/enzo_260427.exe() [0x769754]
BT symbol: /work2/11056/zwu/frontera/enzo_gh/data/251110/ic512_b_starnetlibyt/enzo_260427.exe() [0x408ef8]
BT symbol: /lib64/libc.so.6(__libc_start_main+0xf5) [0x2b267cc08555]
BT symbol: /work2/11056/zwu/frontera/enzo_gh/data/251110/ic512_b_starnetlibyt/enzo_260427.exe() [0x408139]
Caught fatal exception:

   'Error opening input file z_0011/z_0011.
'
at Group_ReadAllData.C:141

Backtrace:

BT symbol: /work2/11056/zwu/frontera/enzo_gh/data/251110/ic512_b_starnetlibyt/enzo_260427.exe() [0x769754]
BT symbol: /work2/11056/zwu/frontera/enzo_gh/data/251110/ic512_b_starnetlibyt/enzo_260427.exe() [0x408ef8]
BT symbol: /lib64/libc.so.6(__libc_start_main+0xf5) [0x2ae02841d555]
BT symbol: /work2/11056/zwu/frontera/enzo_gh/data/251110/ic512_b_starnetlibyt/enzo_260427.exe() [0x408139]
Caught fatal exception:

   'Error opening input file z_0011/z_0011.
'
at Group_ReadAllData.C:141

Backtrace:

BT symbol: /work2/11056/zwu/frontera/enzo_gh/data/251110/ic512_b_starnetlibyt/enzo_260427.exe() [0x769754]
BT symbol: /work2/11056/zwu/frontera/enzo_gh/data/251110/ic512_b_starnetlibyt/enzo_260427.exe() [0x408ef8]
BT symbol: /lib64/libc.so.6(__libc_start_main+0xf5) [0x2ba41a0b5555]
BT symbol: /work2/11056/zwu/frontera/enzo_gh/data/251110/ic512_b_starnetlibyt/enzo_260427.exe() [0x408139]
Caught fatal exception:

   'Error opening input file z_0011/z_0011.
'
at Group_ReadAllData.C:141

Backtrace:

BT symbol: /work2/11056/zwu/frontera/enzo_gh/data/251110/ic512_b_starnetlibyt/enzo_260427.exe() [0x769754]
BT symbol: /work2/11056/zwu/frontera/enzo_gh/data/251110/ic512_b_starnetlibyt/enzo_260427.exe() [0x408ef8]
BT symbol: /lib64/libc.so.6(__libc_start_main+0xf5) [0x2afd1602d555]
BT symbol: /work2/11056/zwu/frontera/enzo_gh/data/251110/ic512_b_starnetlibyt/enzo_260427.exe() [0x408139]
Caught fatal exception:

   'Error opening input file z_0011/z_0011.
'
at Group_ReadAllData.C:141

Backtrace:

BT symbol: /work2/11056/zwu/frontera/enzo_gh/data/251110/ic512_b_starnetlibyt/enzo_260427.exe() [0x769754]
BT symbol: /work2/11056/zwu/frontera/enzo_gh/data/251110/ic512_b_starnetlibyt/enzo_260427.exe() [0x408ef8]
BT symbol: /lib64/libc.so.6(__libc_start_main+0xf5) [0x2b47cbabe555]
BT symbol: /work2/11056/zwu/frontera/enzo_gh/data/251110/ic512_b_starnetlibyt/enzo_260427.exe() [0x408139]
Caught fatal exception:

   'Error opening input file z_0011/z_0011.
'
at Group_ReadAllData.C:141

Backtrace:

BT symbol: /work2/11056/zwu/frontera/enzo_gh/data/251110/ic512_b_starnetlibyt/enzo_260427.exe() [0x769754]
BT symbol: /work2/11056/zwu/frontera/enzo_gh/data/251110/ic512_b_starnetlibyt/enzo_260427.exe() [0x408ef8]
BT symbol: /lib64/libc.so.6(__libc_start_main+0xf5) [0x2b41ee76b555]
BT symbol: /work2/11056/zwu/frontera/enzo_gh/data/251110/ic512_b_starnetlibyt/enzo_260427.exe() [0x408139]
Caught fatal exception:

   'Error opening input file z_0011/z_0011.
'
at Group_ReadAllData.C:141

Backtrace:

BT symbol: /work2/11056/zwu/frontera/enzo_gh/data/251110/ic512_b_starnetlibyt/enzo_260427.exe() [0x769754]
BT symbol: /work2/11056/zwu/frontera/enzo_gh/data/251110/ic512_b_starnetlibyt/enzo_260427.exe() [0x408ef8]
BT symbol: /lib64/libc.so.6(__libc_start_main+0xf5) [0x2b29c9c0f555]
BT symbol: /work2/11056/zwu/frontera/enzo_gh/data/251110/ic512_b_starnetlibyt/enzo_260427.exe() [0x408139]
Caught fatal exception:

   'Error opening input file z_0011/z_0011.
'
at Group_ReadAllData.C:141

Backtrace:

BT symbol: /work2/11056/zwu/frontera/enzo_gh/data/251110/ic512_b_starnetlibyt/enzo_260427.exe() [0x769754]
BT symbol: /work2/11056/zwu/frontera/enzo_gh/data/251110/ic512_b_starnetlibyt/enzo_260427.exe() [0x408ef8]
BT symbol: /lib64/libc.so.6(__libc_start_main+0xf5) [0x2b36d91eb555]
BT symbol: /work2/11056/zwu/frontera/enzo_gh/data/251110/ic512_b_starnetlibyt/enzo_260427.exe() [0x408139]
Caught fatal exception:

   'Error opening input file z_0011/z_0011.
'
at Group_ReadAllData.C:141

Backtrace:

BT symbol: /work2/11056/zwu/frontera/enzo_gh/data/251110/ic512_b_starnetlibyt/enzo_260427.exe() [0x769754]
BT symbol: /work2/11056/zwu/frontera/enzo_gh/data/251110/ic512_b_starnetlibyt/enzo_260427.exe() [0x408ef8]
BT symbol: /lib64/libc.so.6(__libc_start_main+0xf5) [0x2ae6a2981555]
BT symbol: /work2/11056/zwu/frontera/enzo_gh/data/251110/ic512_b_starnetlibyt/enzo_260427.exe() [0x408139]
Caught fatal exception:

   'Error opening input file z_0011/z_0011.
'
at Group_ReadAllData.C:141

Backtrace:

BT symbol: /work2/11056/zwu/frontera/enzo_gh/data/251110/ic512_b_starnetlibyt/enzo_260427.exe() [0x769754]
BT symbol: /work2/11056/zwu/frontera/enzo_gh/data/251110/ic512_b_starnetlibyt/enzo_260427.exe() [0x408ef8]
BT symbol: /lib64/libc.so.6(__libc_start_main+0xf5) [0x2b96fbbb3555]
BT symbol: /work2/11056/zwu/frontera/enzo_gh/data/251110/ic512_b_starnetlibyt/enzo_260427.exe() [0x408139]
Caught fatal exception:

   'Error opening input file z_0011/z_0011.
'
at Group_ReadAllData.C:141

Backtrace:

BT symbol: /work2/11056/zwu/frontera/enzo_gh/data/251110/ic512_b_starnetlibyt/enzo_260427.exe() [0x769754]
BT symbol: /work2/11056/zwu/frontera/enzo_gh/data/251110/ic512_b_starnetlibyt/enzo_260427.exe() [0x408ef8]
BT symbol: /lib64/libc.so.6(__libc_start_main+0xf5) [0x2b8e0274f555]
BT symbol: /work2/11056/zwu/frontera/enzo_gh/data/251110/ic512_b_starnetlibyt/enzo_260427.exe() [0x408139]
Caught fatal exception:

   'Error opening input file z_0011/z_0011.
'
at Group_ReadAllData.C:141

Backtrace:

BT symbol: /work2/11056/zwu/frontera/enzo_gh/data/251110/ic512_b_starnetlibyt/enzo_260427.exe() [0x769754]
BT symbol: /work2/11056/zwu/frontera/enzo_gh/data/251110/ic512_b_starnetlibyt/enzo_260427.exe() [0x408ef8]
BT symbol: /lib64/libc.so.6(__libc_start_main+0xf5) [0x2ae62abe2555]
BT symbol: /work2/11056/zwu/frontera/enzo_gh/data/251110/ic512_b_starnetlibyt/enzo_260427.exe() [0x408139]
Caught fatal exception:

   'Error opening input file z_0011/z_0011.
'
at Group_ReadAllData.C:141

Backtrace:

BT symbol: /work2/11056/zwu/frontera/enzo_gh/data/251110/ic512_b_starnetlibyt/enzo_260427.exe() [0x769754]
BT symbol: /work2/11056/zwu/frontera/enzo_gh/data/251110/ic512_b_starnetlibyt/enzo_260427.exe() [0x408ef8]
BT symbol: /lib64/libc.so.6(__libc_start_main+0xf5) [0x2b353edcf555]
BT symbol: /work2/11056/zwu/frontera/enzo_gh/data/251110/ic512_b_starnetlibyt/enzo_260427.exe() [0x408139]
Caught fatal exception:

   'Error opening input file z_0011/z_0011.
'
at Group_ReadAllData.C:141

Backtrace:

BT symbol: /work2/11056/zwu/frontera/enzo_gh/data/251110/ic512_b_starnetlibyt/enzo_260427.exe() [0x769754]
BT symbol: /work2/11056/zwu/frontera/enzo_gh/data/251110/ic512_b_starnetlibyt/enzo_260427.exe() [0x408ef8]
BT symbol: /lib64/libc.so.6(__libc_start_main+0xf5) [0x2ac0bc4f3555]
BT symbol: /work2/11056/zwu/frontera/enzo_gh/data/251110/ic512_b_starnetlibyt/enzo_260427.exe() [0x408139]
Caught fatal exception:

   'Error opening input file z_0011/z_0011.
'
at Group_ReadAllData.C:141

Backtrace:

BT symbol: /work2/11056/zwu/frontera/enzo_gh/data/251110/ic512_b_starnetlibyt/enzo_260427.exe() [0x769754]
BT symbol: /work2/11056/zwu/frontera/enzo_gh/data/251110/ic512_b_starnetlibyt/enzo_260427.exe() [0x408ef8]
BT symbol: /lib64/libc.so.6(__libc_start_main+0xf5) [0x2adc47cfe555]
BT symbol: /work2/11056/zwu/frontera/enzo_gh/data/251110/ic512_b_starnetlibyt/enzo_260427.exe() [0x408139]
Caught fatal exception:

   'Error opening input file z_0011/z_0011.
'
at Group_ReadAllData.C:141

Backtrace:

BT symbol: /work2/11056/zwu/frontera/enzo_gh/data/251110/ic512_b_starnetlibyt/enzo_260427.exe() [0x769754]
BT symbol: /work2/11056/zwu/frontera/enzo_gh/data/251110/ic512_b_starnetlibyt/enzo_260427.exe() [0x408ef8]
BT symbol: /lib64/libc.so.6(__libc_start_main+0xf5) [0x2b2209b6d555]
BT symbol: /work2/11056/zwu/frontera/enzo_gh/data/251110/ic512_b_starnetlibyt/enzo_260427.exe() [0x408139]
Caught fatal exception:

   'Error opening input file z_0011/z_0011.
'
at Group_ReadAllData.C:141

Backtrace:

BT symbol: /work2/11056/zwu/frontera/enzo_gh/data/251110/ic512_b_starnetlibyt/enzo_260427.exe() [0x769754]
BT symbol: /work2/11056/zwu/frontera/enzo_gh/data/251110/ic512_b_starnetlibyt/enzo_260427.exe() [0x408ef8]
BT symbol: /lib64/libc.so.6(__libc_start_main+0xf5) [0x2b76522df555]
BT symbol: /work2/11056/zwu/frontera/enzo_gh/data/251110/ic512_b_starnetlibyt/enzo_260427.exe() [0x408139]
Caught fatal exception:

   'Error opening input file z_0011/z_0011.
'
at Group_ReadAllData.C:141

Backtrace:

BT symbol: /work2/11056/zwu/frontera/enzo_gh/data/251110/ic512_b_starnetlibyt/enzo_260427.exe() [0x769754]
BT symbol: /work2/11056/zwu/frontera/enzo_gh/data/251110/ic512_b_starnetlibyt/enzo_260427.exe() [0x408ef8]
BT symbol: /lib64/libc.so.6(__libc_start_main+0xf5) [0x2adee3c92555]
BT symbol: /work2/11056/zwu/frontera/enzo_gh/data/251110/ic512_b_starnetlibyt/enzo_260427.exe() [0x408139]
Caught fatal exception:

   'Error opening input file z_0011/z_0011.
'
at Group_ReadAllData.C:141

Backtrace:

BT symbol: /work2/11056/zwu/frontera/enzo_gh/data/251110/ic512_b_starnetlibyt/enzo_260427.exe() [0x769754]
BT symbol: /work2/11056/zwu/frontera/enzo_gh/data/251110/ic512_b_starnetlibyt/enzo_260427.exe() [0x408ef8]
BT symbol: /lib64/libc.so.6(__libc_start_main+0xf5) [0x2b7a19988555]
BT symbol: /work2/11056/zwu/frontera/enzo_gh/data/251110/ic512_b_starnetlibyt/enzo_260427.exe() [0x408139]
Caught fatal exception:

   'Error opening input file z_0011/z_0011.
'
at Group_ReadAllData.C:141

Backtrace:

BT symbol: /work2/11056/zwu/frontera/enzo_gh/data/251110/ic512_b_starnetlibyt/enzo_260427.exe() [0x769754]
BT symbol: /work2/11056/zwu/frontera/enzo_gh/data/251110/ic512_b_starnetlibyt/enzo_260427.exe() [0x408ef8]
BT symbol: /lib64/libc.so.6(__libc_start_main+0xf5) [0x2b173c271555]
BT symbol: /work2/11056/zwu/frontera/enzo_gh/data/251110/ic512_b_starnetlibyt/enzo_260427.exe() [0x408139]
Caught fatal exception:

   'Error opening input file z_0011/z_0011.
'
at Group_ReadAllData.C:141

Backtrace:

BT symbol: /work2/11056/zwu/frontera/enzo_gh/data/251110/ic512_b_starnetlibyt/enzo_260427.exe() [0x769754]
BT symbol: /work2/11056/zwu/frontera/enzo_gh/data/251110/ic512_b_starnetlibyt/enzo_260427.exe() [0x408ef8]
BT symbol: /lib64/libc.so.6(__libc_start_main+0xf5) [0x2ade7b96a555]
BT symbol: /work2/11056/zwu/frontera/enzo_gh/data/251110/ic512_b_starnetlibyt/enzo_260427.exe() [0x408139]
Caught fatal exception:

   'Error opening input file z_0011/z_0011.
'
at Group_ReadAllData.C:141

Backtrace:

BT symbol: /work2/11056/zwu/frontera/enzo_gh/data/251110/ic512_b_starnetlibyt/enzo_260427.exe() [0x769754]
BT symbol: /work2/11056/zwu/frontera/enzo_gh/data/251110/ic512_b_starnetlibyt/enzo_260427.exe() [0x408ef8]
BT symbol: /lib64/libc.so.6(__libc_start_main+0xf5) [0x2b6f3dfa3555]
BT symbol: /work2/11056/zwu/frontera/enzo_gh/data/251110/ic512_b_starnetlibyt/enzo_260427.exe() [0x408139]
Caught fatal exception:

   'Error opening input file z_0011/z_0011.
'
at Group_ReadAllData.C:141

Backtrace:

BT symbol: /work2/11056/zwu/frontera/enzo_gh/data/251110/ic512_b_starnetlibyt/enzo_260427.exe() [0x769754]
BT symbol: /work2/11056/zwu/frontera/enzo_gh/data/251110/ic512_b_starnetlibyt/enzo_260427.exe() [0x408ef8]
BT symbol: /lib64/libc.so.6(__libc_start_main+0xf5) [0x2adb7c2aa555]
BT symbol: /work2/11056/zwu/frontera/enzo_gh/data/251110/ic512_b_starnetlibyt/enzo_260427.exe() [0x408139]
Caught fatal exception:

   'Error opening input file z_0011/z_0011.
'
at Group_ReadAllData.C:141

Backtrace:

BT symbol: /work2/11056/zwu/frontera/enzo_gh/data/251110/ic512_b_starnetlibyt/enzo_260427.exe() [0x769754]
BT symbol: /work2/11056/zwu/frontera/enzo_gh/data/251110/ic512_b_starnetlibyt/enzo_260427.exe() [0x408ef8]
BT symbol: /lib64/libc.so.6(__libc_start_main+0xf5) [0x2b459a0f9555]
BT symbol: /work2/11056/zwu/frontera/enzo_gh/data/251110/ic512_b_starnetlibyt/enzo_260427.exe() [0x408139]
Caught fatal exception:

   'Error opening input file z_0011/z_0011.
'
at Group_ReadAllData.C:141

Backtrace:

BT symbol: /work2/11056/zwu/frontera/enzo_gh/data/251110/ic512_b_starnetlibyt/enzo_260427.exe() [0x769754]
BT symbol: /work2/11056/zwu/frontera/enzo_gh/data/251110/ic512_b_starnetlibyt/enzo_260427.exe() [0x408ef8]
BT symbol: /lib64/libc.so.6(__libc_start_main+0xf5) [0x2ad91fd46555]
BT symbol: /work2/11056/zwu/frontera/enzo_gh/data/251110/ic512_b_starnetlibyt/enzo_260427.exe() [0x408139]
Caught fatal exception:

   'Error opening input file z_0011/z_0011.
'
at Group_ReadAllData.C:141

Backtrace:

BT symbol: /work2/11056/zwu/frontera/enzo_gh/data/251110/ic512_b_starnetlibyt/enzo_260427.exe() [0x769754]
BT symbol: /work2/11056/zwu/frontera/enzo_gh/data/251110/ic512_b_starnetlibyt/enzo_260427.exe() [0x408ef8]
BT symbol: /lib64/libc.so.6(__libc_start_main+0xf5) [0x2af5f17cc555]
BT symbol: /work2/11056/zwu/frontera/enzo_gh/data/251110/ic512_b_starnetlibyt/enzo_260427.exe() [0x408139]
Caught fatal exception:

   'Error opening input file z_0011/z_0011.
'
at Group_ReadAllData.C:141

Backtrace:

BT symbol: /work2/11056/zwu/frontera/enzo_gh/data/251110/ic512_b_starnetlibyt/enzo_260427.exe() [0x769754]
BT symbol: /work2/11056/zwu/frontera/enzo_gh/data/251110/ic512_b_starnetlibyt/enzo_260427.exe() [0x408ef8]
BT symbol: /lib64/libc.so.6(__libc_start_main+0xf5) [0x2b1c0473d555]
BT symbol: /work2/11056/zwu/frontera/enzo_gh/data/251110/ic512_b_starnetlibyt/enzo_260427.exe() [0x408139]
Caught fatal exception:

   'Error opening input file z_0011/z_0011.
'
at Group_ReadAllData.C:141

Backtrace:

BT symbol: /work2/11056/zwu/frontera/enzo_gh/data/251110/ic512_b_starnetlibyt/enzo_260427.exe() [0x769754]
BT symbol: /work2/11056/zwu/frontera/enzo_gh/data/251110/ic512_b_starnetlibyt/enzo_260427.exe() [0x408ef8]
BT symbol: /lib64/libc.so.6(__libc_start_main+0xf5) [0x2ba8e18b9555]
BT symbol: /work2/11056/zwu/frontera/enzo_gh/data/251110/ic512_b_starnetlibyt/enzo_260427.exe() [0x408139]
Caught fatal exception:

   'Error opening input file z_0011/z_0011.
'
at Group_ReadAllData.C:141

Backtrace:

BT symbol: /work2/11056/zwu/frontera/enzo_gh/data/251110/ic512_b_starnetlibyt/enzo_260427.exe() [0x769754]
BT symbol: /work2/11056/zwu/frontera/enzo_gh/data/251110/ic512_b_starnetlibyt/enzo_260427.exe() [0x408ef8]
BT symbol: /lib64/libc.so.6(__libc_start_main+0xf5) [0x2ae603360555]
BT symbol: /work2/11056/zwu/frontera/enzo_gh/data/251110/ic512_b_starnetlibyt/enzo_260427.exe() [0x408139]
Caught fatal exception:

   'Error opening input file z_0011/z_0011.
'
at Group_ReadAllData.C:141

Backtrace:

BT symbol: /work2/11056/zwu/frontera/enzo_gh/data/251110/ic512_b_starnetlibyt/enzo_260427.exe() [0x769754]
BT symbol: /work2/11056/zwu/frontera/enzo_gh/data/251110/ic512_b_starnetlibyt/enzo_260427.exe() [0x408ef8]
BT symbol: /lib64/libc.so.6(__libc_start_main+0xf5) [0x2adcdb89a555]
BT symbol: /work2/11056/zwu/frontera/enzo_gh/data/251110/ic512_b_starnetlibyt/enzo_260427.exe() [0x408139]
Caught fatal exception:

   'Error opening input file z_0011/z_0011.
'
at Group_ReadAllData.C:141

Backtrace:

BT symbol: /work2/11056/zwu/frontera/enzo_gh/data/251110/ic512_b_starnetlibyt/enzo_260427.exe() [0x769754]
BT symbol: /work2/11056/zwu/frontera/enzo_gh/data/251110/ic512_b_starnetlibyt/enzo_260427.exe() [0x408ef8]
BT symbol: /lib64/libc.so.6(__libc_start_main+0xf5) [0x2b0a4c7d7555]
BT symbol: /work2/11056/zwu/frontera/enzo_gh/data/251110/ic512_b_starnetlibyt/enzo_260427.exe() [0x408139]
Caught fatal exception:

   'Error opening input file z_0011/z_0011.
'
at Group_ReadAllData.C:141

Backtrace:

BT symbol: /work2/11056/zwu/frontera/enzo_gh/data/251110/ic512_b_starnetlibyt/enzo_260427.exe() [0x769754]
BT symbol: /work2/11056/zwu/frontera/enzo_gh/data/251110/ic512_b_starnetlibyt/enzo_260427.exe() [0x408ef8]
BT symbol: /lib64/libc.so.6(__libc_start_main+0xf5) [0x2b2ccc2a2555]
BT symbol: /work2/11056/zwu/frontera/enzo_gh/data/251110/ic512_b_starnetlibyt/enzo_260427.exe() [0x408139]
Caught fatal exception:

   'Error opening input file z_0011/z_0011.
'
at Group_ReadAllData.C:141

Backtrace:

BT symbol: /work2/11056/zwu/frontera/enzo_gh/data/251110/ic512_b_starnetlibyt/enzo_260427.exe() [0x769754]
BT symbol: /work2/11056/zwu/frontera/enzo_gh/data/251110/ic512_b_starnetlibyt/enzo_260427.exe() [0x408ef8]
BT symbol: /lib64/libc.so.6(__libc_start_main+0xf5) [0x2af635fdb555]
BT symbol: /work2/11056/zwu/frontera/enzo_gh/data/251110/ic512_b_starnetlibyt/enzo_260427.exe() [0x408139]
Caught fatal exception:

   'Error opening input file z_0011/z_0011.
'
at Group_ReadAllData.C:141

Backtrace:

BT symbol: /work2/11056/zwu/frontera/enzo_gh/data/251110/ic512_b_starnetlibyt/enzo_260427.exe() [0x769754]
BT symbol: /work2/11056/zwu/frontera/enzo_gh/data/251110/ic512_b_starnetlibyt/enzo_260427.exe() [0x408ef8]
BT symbol: /lib64/libc.so.6(__libc_start_main+0xf5) [0x2ba1fa97e555]
BT symbol: /work2/11056/zwu/frontera/enzo_gh/data/251110/ic512_b_starnetlibyt/enzo_260427.exe() [0x408139]
Caught fatal exception:

   'Error opening input file z_0011/z_0011.
'
at Group_ReadAllData.C:141

Backtrace:

BT symbol: /work2/11056/zwu/frontera/enzo_gh/data/251110/ic512_b_starnetlibyt/enzo_260427.exe() [0x769754]
BT symbol: /work2/11056/zwu/frontera/enzo_gh/data/251110/ic512_b_starnetlibyt/enzo_260427.exe() [0x408ef8]
BT symbol: /lib64/libc.so.6(__libc_start_main+0xf5) [0x2b0b82d62555]
BT symbol: /work2/11056/zwu/frontera/enzo_gh/data/251110/ic512_b_starnetlibyt/enzo_260427.exe() [0x408139]
Caught fatal exception:

   'Error opening input file z_0011/z_0011.
'
at Group_ReadAllData.C:141

Backtrace:

BT symbol: /work2/11056/zwu/frontera/enzo_gh/data/251110/ic512_b_starnetlibyt/enzo_260427.exe() [0x769754]
BT symbol: /work2/11056/zwu/frontera/enzo_gh/data/251110/ic512_b_starnetlibyt/enzo_260427.exe() [0x408ef8]
BT symbol: /lib64/libc.so.6(__libc_start_main+0xf5) [0x2b711b845555]
BT symbol: /work2/11056/zwu/frontera/enzo_gh/data/251110/ic512_b_starnetlibyt/enzo_260427.exe() [0x408139]
Caught fatal exception:

   'Error opening input file z_0011/z_0011.
'
at Group_ReadAllData.C:141

Backtrace:

BT symbol: /work2/11056/zwu/frontera/enzo_gh/data/251110/ic512_b_starnetlibyt/enzo_260427.exe() [0x769754]
BT symbol: /work2/11056/zwu/frontera/enzo_gh/data/251110/ic512_b_starnetlibyt/enzo_260427.exe() [0x408ef8]
BT symbol: /lib64/libc.so.6(__libc_start_main+0xf5) [0x2b3f0db3a555]
BT symbol: /work2/11056/zwu/frontera/enzo_gh/data/251110/ic512_b_starnetlibyt/enzo_260427.exe() [0x408139]
Caught fatal exception:

   'Error opening input file z_0011/z_0011.
'
at Group_ReadAllData.C:141

Backtrace:

BT symbol: /work2/11056/zwu/frontera/enzo_gh/data/251110/ic512_b_starnetlibyt/enzo_260427.exe() [0x769754]
BT symbol: /work2/11056/zwu/frontera/enzo_gh/data/251110/ic512_b_starnetlibyt/enzo_260427.exe() [0x408ef8]
BT symbol: /lib64/libc.so.6(__libc_start_main+0xf5) [0x2b4aa8716555]
BT symbol: /work2/11056/zwu/frontera/enzo_gh/data/251110/ic512_b_starnetlibyt/enzo_260427.exe() [0x408139]
Caught fatal exception:

   'Error opening input file z_0011/z_0011.
'
at Group_ReadAllData.C:141

Backtrace:

BT symbol: /work2/11056/zwu/frontera/enzo_gh/data/251110/ic512_b_starnetlibyt/enzo_260427.exe() [0x769754]
BT symbol: /work2/11056/zwu/frontera/enzo_gh/data/251110/ic512_b_starnetlibyt/enzo_260427.exe() [0x408ef8]
BT symbol: /lib64/libc.so.6(__libc_start_main+0xf5) [0x2aeb439bb555]
BT symbol: /work2/11056/zwu/frontera/enzo_gh/data/251110/ic512_b_starnetlibyt/enzo_260427.exe() [0x408139]
Caught fatal exception:

   'Error opening input file z_0011/z_0011.
'
at Group_ReadAllData.C:141

Backtrace:

BT symbol: /work2/11056/zwu/frontera/enzo_gh/data/251110/ic512_b_starnetlibyt/enzo_260427.exe() [0x769754]
BT symbol: /work2/11056/zwu/frontera/enzo_gh/data/251110/ic512_b_starnetlibyt/enzo_260427.exe() [0x408ef8]
BT symbol: /lib64/libc.so.6(__libc_start_main+0xf5) [0x2b597476a555]
BT symbol: /work2/11056/zwu/frontera/enzo_gh/data/251110/ic512_b_starnetlibyt/enzo_260427.exe() [0x408139]
Caught fatal exception:

   'Error opening input file z_0011/z_0011.
'
at Group_ReadAllData.C:141

Backtrace:

BT symbol: /work2/11056/zwu/frontera/enzo_gh/data/251110/ic512_b_starnetlibyt/enzo_260427.exe() [0x769754]
BT symbol: /work2/11056/zwu/frontera/enzo_gh/data/251110/ic512_b_starnetlibyt/enzo_260427.exe() [0x408ef8]
BT symbol: /lib64/libc.so.6(__libc_start_main+0xf5) [0x2ab699e9a555]
BT symbol: /work2/11056/zwu/frontera/enzo_gh/data/251110/ic512_b_starnetlibyt/enzo_260427.exe() [0x408139]
Caught fatal exception:

   'Error opening input file z_0011/z_0011.
'
at Group_ReadAllData.C:141

Backtrace:

BT symbol: /work2/11056/zwu/frontera/enzo_gh/data/251110/ic512_b_starnetlibyt/enzo_260427.exe() [0x769754]
BT symbol: /work2/11056/zwu/frontera/enzo_gh/data/251110/ic512_b_starnetlibyt/enzo_260427.exe() [0x408ef8]
BT symbol: /lib64/libc.so.6(__libc_start_main+0xf5) [0x2aaac3ed4555]
BT symbol: /work2/11056/zwu/frontera/enzo_gh/data/251110/ic512_b_starnetlibyt/enzo_260427.exe() [0x408139]
Caught fatal exception:

   'Error opening input file z_0011/z_0011.
'
at Group_ReadAllData.C:141

Backtrace:

BT symbol: /work2/11056/zwu/frontera/enzo_gh/data/251110/ic512_b_starnetlibyt/enzo_260427.exe() [0x769754]
BT symbol: /work2/11056/zwu/frontera/enzo_gh/data/251110/ic512_b_starnetlibyt/enzo_260427.exe() [0x408ef8]
BT symbol: /lib64/libc.so.6(__libc_start_main+0xf5) [0x2b00eb2ef555]
BT symbol: /work2/11056/zwu/frontera/enzo_gh/data/251110/ic512_b_starnetlibyt/enzo_260427.exe() [0x408139]
Caught fatal exception:

   'Error opening input file z_0011/z_0011.
'
at Group_ReadAllData.C:141

Backtrace:

BT symbol: /work2/11056/zwu/frontera/enzo_gh/data/251110/ic512_b_starnetlibyt/enzo_260427.exe() [0x769754]
BT symbol: /work2/11056/zwu/frontera/enzo_gh/data/251110/ic512_b_starnetlibyt/enzo_260427.exe() [0x408ef8]
BT symbol: /lib64/libc.so.6(__libc_start_main+0xf5) [0x2b3355586555]
BT symbol: /work2/11056/zwu/frontera/enzo_gh/data/251110/ic512_b_starnetlibyt/enzo_260427.exe() [0x408139]
Caught fatal exception:

   'Error opening input file z_0011/z_0011.
'
at Group_ReadAllData.C:141

Backtrace:

BT symbol: /work2/11056/zwu/frontera/enzo_gh/data/251110/ic512_b_starnetlibyt/enzo_260427.exe() [0x769754]
BT symbol: /work2/11056/zwu/frontera/enzo_gh/data/251110/ic512_b_starnetlibyt/enzo_260427.exe() [0x408ef8]
BT symbol: /lib64/libc.so.6(__libc_start_main+0xf5) [0x2b94d4a1e555]
BT symbol: /work2/11056/zwu/frontera/enzo_gh/data/251110/ic512_b_starnetlibyt/enzo_260427.exe() [0x408139]
Caught fatal exception:

   'Error opening input file z_0011/z_0011.
'
at Group_ReadAllData.C:141

Backtrace:

BT symbol: /work2/11056/zwu/frontera/enzo_gh/data/251110/ic512_b_starnetlibyt/enzo_260427.exe() [0x769754]
BT symbol: /work2/11056/zwu/frontera/enzo_gh/data/251110/ic512_b_starnetlibyt/enzo_260427.exe() [0x408ef8]
BT symbol: /lib64/libc.so.6(__libc_start_main+0xf5) [0x2b45e1bfb555]
BT symbol: /work2/11056/zwu/frontera/enzo_gh/data/251110/ic512_b_starnetlibyt/enzo_260427.exe() [0x408139]
Caught fatal exception:

   'Error opening input file z_0011/z_0011.
'
at Group_ReadAllData.C:141

Backtrace:

BT symbol: /work2/11056/zwu/frontera/enzo_gh/data/251110/ic512_b_starnetlibyt/enzo_260427.exe() [0x769754]
BT symbol: /work2/11056/zwu/frontera/enzo_gh/data/251110/ic512_b_starnetlibyt/enzo_260427.exe() [0x408ef8]
BT symbol: /lib64/libc.so.6(__libc_start_main+0xf5) [0x2b6534558555]
BT symbol: /work2/11056/zwu/frontera/enzo_gh/data/251110/ic512_b_starnetlibyt/enzo_260427.exe() [0x408139]
terminate called after throwing an instance of 'EnzoFatalException'
Caught fatal exception:

   'Error opening input file z_0011/z_0011.
'
at Group_ReadAllData.C:141

Backtrace:

BT symbol: /work2/11056/zwu/frontera/enzo_gh/data/251110/ic512_b_starnetlibyt/enzo_260427.exe() [0x769754]
BT symbol: /work2/11056/zwu/frontera/enzo_gh/data/251110/ic512_b_starnetlibyt/enzo_260427.exe() [0x408ef8]
BT symbol: /lib64/libc.so.6(__libc_start_main+0xf5) [0x2b75576e0555]
BT symbol: /work2/11056/zwu/frontera/enzo_gh/data/251110/ic512_b_starnetlibyt/enzo_260427.exe() [0x408139]
Caught fatal exception:

   'Error opening input file z_0011/z_0011.
'
at Group_ReadAllData.C:141

Backtrace:

BT symbol: /work2/11056/zwu/frontera/enzo_gh/data/251110/ic512_b_starnetlibyt/enzo_260427.exe() [0x769754]
BT symbol: /work2/11056/zwu/frontera/enzo_gh/data/251110/ic512_b_starnetlibyt/enzo_260427.exe() [0x408ef8]
BT symbol: /lib64/libc.so.6(__libc_start_main+0xf5) [0x2b8522ee4555]
BT symbol: /work2/11056/zwu/frontera/enzo_gh/data/251110/ic512_b_starnetlibyt/enzo_260427.exe() [0x408139]
Caught fatal exception:

   'Error opening input file z_0011/z_0011.
'
at Group_ReadAllData.C:141

Backtrace:

BT symbol: /work2/11056/zwu/frontera/enzo_gh/data/251110/ic512_b_starnetlibyt/enzo_260427.exe() [0x769754]
BT symbol: /work2/11056/zwu/frontera/enzo_gh/data/251110/ic512_b_starnetlibyt/enzo_260427.exe() [0x408ef8]
BT symbol: /lib64/libc.so.6(__libc_start_main+0xf5) [0x2ad37a930555]
BT symbol: /work2/11056/zwu/frontera/enzo_gh/data/251110/ic512_b_starnetlibyt/enzo_260427.exe() [0x408139]
Caught fatal exception:

   'Error opening input file z_0011/z_0011.
'
at Group_ReadAllData.C:141

Backtrace:

BT symbol: /work2/11056/zwu/frontera/enzo_gh/data/251110/ic512_b_starnetlibyt/enzo_260427.exe() [0x769754]
BT symbol: /work2/11056/zwu/frontera/enzo_gh/data/251110/ic512_b_starnetlibyt/enzo_260427.exe() [0x408ef8]
BT symbol: /lib64/libc.so.6(__libc_start_main+0xf5) [0x2ba5caa6d555]
BT symbol: /work2/11056/zwu/frontera/enzo_gh/data/251110/ic512_b_starnetlibyt/enzo_260427.exe() [0x408139]
Caught fatal exception:

   'Error opening input file z_0011/z_0011.
'
at Group_ReadAllData.C:141

Backtrace:

BT symbol: /work2/11056/zwu/frontera/enzo_gh/data/251110/ic512_b_starnetlibyt/enzo_260427.exe() [0x769754]
BT symbol: /work2/11056/zwu/frontera/enzo_gh/data/251110/ic512_b_starnetlibyt/enzo_260427.exe() [0x408ef8]
BT symbol: /lib64/libc.so.6(__libc_start_main+0xf5) [0x2abdac037555]
BT symbol: /work2/11056/zwu/frontera/enzo_gh/data/251110/ic512_b_starnetlibyt/enzo_260427.exe() [0x408139]
Caught fatal exception:

   'Error opening input file z_0011/z_0011.
'
at Group_ReadAllData.C:141

Backtrace:

BT symbol: /work2/11056/zwu/frontera/enzo_gh/data/251110/ic512_b_starnetlibyt/enzo_260427.exe() [0x769754]
BT symbol: /work2/11056/zwu/frontera/enzo_gh/data/251110/ic512_b_starnetlibyt/enzo_260427.exe() [0x408ef8]
BT symbol: /lib64/libc.so.6(__libc_start_main+0xf5) [0x2abd333d4555]
BT symbol: /work2/11056/zwu/frontera/enzo_gh/data/251110/ic512_b_starnetlibyt/enzo_260427.exe() [0x408139]
Caught fatal exception:

   'Error opening input file z_0011/z_0011.
'
at Group_ReadAllData.C:141

Backtrace:

BT symbol: /work2/11056/zwu/frontera/enzo_gh/data/251110/ic512_b_starnetlibyt/enzo_260427.exe() [0x769754]
BT symbol: /work2/11056/zwu/frontera/enzo_gh/data/251110/ic512_b_starnetlibyt/enzo_260427.exe() [0x408ef8]
BT symbol: /lib64/libc.so.6(__libc_start_main+0xf5) [0x2ab940518555]
BT symbol: /work2/11056/zwu/frontera/enzo_gh/data/251110/ic512_b_starnetlibyt/enzo_260427.exe() [0x408139]
terminate called after throwing an instance of 'EnzoFatalException'
Caught fatal exception:

   'Error opening input file z_0011/z_0011.
'
at Group_ReadAllData.C:141

Backtrace:

BT symbol: /work2/11056/zwu/frontera/enzo_gh/data/251110/ic512_b_starnetlibyt/enzo_260427.exe() [0x769754]
BT symbol: /work2/11056/zwu/frontera/enzo_gh/data/251110/ic512_b_starnetlibyt/enzo_260427.exe() [0x408ef8]
BT symbol: /lib64/libc.so.6(__libc_start_main+0xf5) [0x2acd877a4555]
BT symbol: /work2/11056/zwu/frontera/enzo_gh/data/251110/ic512_b_starnetlibyt/enzo_260427.exe() [0x408139]
Caught fatal exception:

   'Error opening input file z_0011/z_0011.
'
at Group_ReadAllData.C:141

Backtrace:

BT symbol: /work2/11056/zwu/frontera/enzo_gh/data/251110/ic512_b_starnetlibyt/enzo_260427.exe() [0x769754]
BT symbol: /work2/11056/zwu/frontera/enzo_gh/data/251110/ic512_b_starnetlibyt/enzo_260427.exe() [0x408ef8]
BT symbol: /lib64/libc.so.6(__libc_start_main+0xf5) [0x2add333e4555]
BT symbol: /work2/11056/zwu/frontera/enzo_gh/data/251110/ic512_b_starnetlibyt/enzo_260427.exe() [0x408139]
Caught fatal exception:

   'Error opening input file z_0011/z_0011.
'
at Group_ReadAllData.C:141

Backtrace:

BT symbol: /work2/11056/zwu/frontera/enzo_gh/data/251110/ic512_b_starnetlibyt/enzo_260427.exe() [0x769754]
BT symbol: /work2/11056/zwu/frontera/enzo_gh/data/251110/ic512_b_starnetlibyt/enzo_260427.exe() [0x408ef8]
BT symbol: /lib64/libc.so.6(__libc_start_main+0xf5) [0x2b20a5189555]
BT symbol: /work2/11056/zwu/frontera/enzo_gh/data/251110/ic512_b_starnetlibyt/enzo_260427.exe() [0x408139]
Caught fatal exception:

   'Error opening input file z_0011/z_0011.
'
at Group_ReadAllData.C:141

Backtrace:

BT symbol: /work2/11056/zwu/frontera/enzo_gh/data/251110/ic512_b_starnetlibyt/enzo_260427.exe() [0x769754]
BT symbol: /work2/11056/zwu/frontera/enzo_gh/data/251110/ic512_b_starnetlibyt/enzo_260427.exe() [0x408ef8]
BT symbol: /lib64/libc.so.6(__libc_start_main+0xf5) [0x2b9bcf8bd555]
BT symbol: /work2/11056/zwu/frontera/enzo_gh/data/251110/ic512_b_starnetlibyt/enzo_260427.exe() [0x408139]
Caught fatal exception:

   'Error opening input file z_0011/z_0011.
'
at Group_ReadAllData.C:141

Backtrace:

BT symbol: /work2/11056/zwu/frontera/enzo_gh/data/251110/ic512_b_starnetlibyt/enzo_260427.exe() [0x769754]
BT symbol: /work2/11056/zwu/frontera/enzo_gh/data/251110/ic512_b_starnetlibyt/enzo_260427.exe() [0x408ef8]
BT symbol: /lib64/libc.so.6(__libc_start_main+0xf5) [0x2b9888921555]
BT symbol: /work2/11056/zwu/frontera/enzo_gh/data/251110/ic512_b_starnetlibyt/enzo_260427.exe() [0x408139]
Caught fatal exception:

   'Error opening input file z_0011/z_0011.
'
at Group_ReadAllData.C:141

Backtrace:

BT symbol: /work2/11056/zwu/frontera/enzo_gh/data/251110/ic512_b_starnetlibyt/enzo_260427.exe() [0x769754]
BT symbol: /work2/11056/zwu/frontera/enzo_gh/data/251110/ic512_b_starnetlibyt/enzo_260427.exe() [0x408ef8]
BT symbol: /lib64/libc.so.6(__libc_start_main+0xf5) [0x2b89031fa555]
BT symbol: /work2/11056/zwu/frontera/enzo_gh/data/251110/ic512_b_starnetlibyt/enzo_260427.exe() [0x408139]
Caught fatal exception:

   'Error opening input file z_0011/z_0011.
'
at Group_ReadAllData.C:141

Backtrace:

BT symbol: /work2/11056/zwu/frontera/enzo_gh/data/251110/ic512_b_starnetlibyt/enzo_260427.exe() [0x769754]
BT symbol: /work2/11056/zwu/frontera/enzo_gh/data/251110/ic512_b_starnetlibyt/enzo_260427.exe() [0x408ef8]
BT symbol: /lib64/libc.so.6(__libc_start_main+0xf5) [0x2af450e07555]
BT symbol: /work2/11056/zwu/frontera/enzo_gh/data/251110/ic512_b_starnetlibyt/enzo_260427.exe() [0x408139]
Caught fatal exception:

   'Error opening input file z_0011/z_0011.
'
at Group_ReadAllData.C:141

Backtrace:

BT symbol: /work2/11056/zwu/frontera/enzo_gh/data/251110/ic512_b_starnetlibyt/enzo_260427.exe() [0x769754]
BT symbol: /work2/11056/zwu/frontera/enzo_gh/data/251110/ic512_b_starnetlibyt/enzo_260427.exe() [0x408ef8]
BT symbol: /lib64/libc.so.6(__libc_start_main+0xf5) [0x2b89bf8b5555]
BT symbol: /work2/11056/zwu/frontera/enzo_gh/data/251110/ic512_b_starnetlibyt/enzo_260427.exe() [0x408139]
Caught fatal exception:

   'Error opening input file z_0011/z_0011.
'
at Group_ReadAllData.C:141

Backtrace:

BT symbol: /work2/11056/zwu/frontera/enzo_gh/data/251110/ic512_b_starnetlibyt/enzo_260427.exe() [0x769754]
BT symbol: /work2/11056/zwu/frontera/enzo_gh/data/251110/ic512_b_starnetlibyt/enzo_260427.exe() [0x408ef8]
BT symbol: /lib64/libc.so.6(__libc_start_main+0xf5) [0x2b0476b9f555]
BT symbol: /work2/11056/zwu/frontera/enzo_gh/data/251110/ic512_b_starnetlibyt/enzo_260427.exe() [0x408139]
Caught fatal exception:

   'Error opening input file z_0011/z_0011.
'
at Group_ReadAllData.C:141

Backtrace:

BT symbol: /work2/11056/zwu/frontera/enzo_gh/data/251110/ic512_b_starnetlibyt/enzo_260427.exe() [0x769754]
BT symbol: /work2/11056/zwu/frontera/enzo_gh/data/251110/ic512_b_starnetlibyt/enzo_260427.exe() [0x408ef8]
BT symbol: /lib64/libc.so.6(__libc_start_main+0xf5) [0x2abe62b76555]
BT symbol: /work2/11056/zwu/frontera/enzo_gh/data/251110/ic512_b_starnetlibyt/enzo_260427.exe() [0x408139]
terminate called after throwing an instance of 'EnzoFatalException'
Caught fatal exception:

   'Error opening input file z_0011/z_0011.
'
at Group_ReadAllData.C:141

Backtrace:

BT symbol: /work2/11056/zwu/frontera/enzo_gh/data/251110/ic512_b_starnetlibyt/enzo_260427.exe() [0x769754]
BT symbol: /work2/11056/zwu/frontera/enzo_gh/data/251110/ic512_b_starnetlibyt/enzo_260427.exe() [0x408ef8]
BT symbol: /lib64/libc.so.6(__libc_start_main+0xf5) [0x2acf9304f555]
BT symbol: /work2/11056/zwu/frontera/enzo_gh/data/251110/ic512_b_starnetlibyt/enzo_260427.exe() [0x408139]
Caught fatal exception:

   'Error opening input file z_0011/z_0011.
'
at Group_ReadAllData.C:141

Backtrace:

BT symbol: /work2/11056/zwu/frontera/enzo_gh/data/251110/ic512_b_starnetlibyt/enzo_260427.exe() [0x769754]
BT symbol: /work2/11056/zwu/frontera/enzo_gh/data/251110/ic512_b_starnetlibyt/enzo_260427.exe() [0x408ef8]
BT symbol: /lib64/libc.so.6(__libc_start_main+0xf5) [0x2b3019a0e555]
BT symbol: /work2/11056/zwu/frontera/enzo_gh/data/251110/ic512_b_starnetlibyt/enzo_260427.exe() [0x408139]
Caught fatal exception:

   'Error opening input file z_0011/z_0011.
'
at Group_ReadAllData.C:141

Backtrace:

BT symbol: /work2/11056/zwu/frontera/enzo_gh/data/251110/ic512_b_starnetlibyt/enzo_260427.exe() [0x769754]
BT symbol: /work2/11056/zwu/frontera/enzo_gh/data/251110/ic512_b_starnetlibyt/enzo_260427.exe() [0x408ef8]
BT symbol: /lib64/libc.so.6(__libc_start_main+0xf5) [0x2b133c9b0555]
BT symbol: /work2/11056/zwu/frontera/enzo_gh/data/251110/ic512_b_starnetlibyt/enzo_260427.exe() [0x408139]
Caught fatal exception:

   'Error opening input file z_0011/z_0011.
'
at Group_ReadAllData.C:141

Backtrace:

BT symbol: /work2/11056/zwu/frontera/enzo_gh/data/251110/ic512_b_starnetlibyt/enzo_260427.exe() [0x769754]
BT symbol: /work2/11056/zwu/frontera/enzo_gh/data/251110/ic512_b_starnetlibyt/enzo_260427.exe() [0x408ef8]
BT symbol: /lib64/libc.so.6(__libc_start_main+0xf5) [0x2b494da01555]
BT symbol: /work2/11056/zwu/frontera/enzo_gh/data/251110/ic512_b_starnetlibyt/enzo_260427.exe() [0x408139]
Caught fatal exception:

   'Error opening input file z_0011/z_0011.
'
at Group_ReadAllData.C:141

Backtrace:

BT symbol: /work2/11056/zwu/frontera/enzo_gh/data/251110/ic512_b_starnetlibyt/enzo_260427.exe() [0x769754]
BT symbol: /work2/11056/zwu/frontera/enzo_gh/data/251110/ic512_b_starnetlibyt/enzo_260427.exe() [0x408ef8]
BT symbol: /lib64/libc.so.6(__libc_start_main+0xf5) [0x2b66d52d6555]
BT symbol: /work2/11056/zwu/frontera/enzo_gh/data/251110/ic512_b_starnetlibyt/enzo_260427.exe() [0x408139]
Caught fatal exception:

   'Error opening input file z_0011/z_0011.
'
at Group_ReadAllData.C:141

Backtrace:

BT symbol: /work2/11056/zwu/frontera/enzo_gh/data/251110/ic512_b_starnetlibyt/enzo_260427.exe() [0x769754]
BT symbol: /work2/11056/zwu/frontera/enzo_gh/data/251110/ic512_b_starnetlibyt/enzo_260427.exe() [0x408ef8]
BT symbol: /lib64/libc.so.6(__libc_start_main+0xf5) [0x2b725e6aa555]
BT symbol: /work2/11056/zwu/frontera/enzo_gh/data/251110/ic512_b_starnetlibyt/enzo_260427.exe() [0x408139]
Caught fatal exception:

   'Error opening input file z_0011/z_0011.
'
at Group_ReadAllData.C:141

Backtrace:

BT symbol: /work2/11056/zwu/frontera/enzo_gh/data/251110/ic512_b_starnetlibyt/enzo_260427.exe() [0x769754]
BT symbol: /work2/11056/zwu/frontera/enzo_gh/data/251110/ic512_b_starnetlibyt/enzo_260427.exe() [0x408ef8]
BT symbol: /lib64/libc.so.6(__libc_start_main+0xf5) [0x2b17b3751555]
BT symbol: /work2/11056/zwu/frontera/enzo_gh/data/251110/ic512_b_starnetlibyt/enzo_260427.exe() [0x408139]
Caught fatal exception:

   'Error opening input file z_0011/z_0011.
'
at Group_ReadAllData.C:141

Backtrace:

BT symbol: /work2/11056/zwu/frontera/enzo_gh/data/251110/ic512_b_starnetlibyt/enzo_260427.exe() [0x769754]
BT symbol: /work2/11056/zwu/frontera/enzo_gh/data/251110/ic512_b_starnetlibyt/enzo_260427.exe() [0x408ef8]
BT symbol: /lib64/libc.so.6(__libc_start_main+0xf5) [0x2ab4ee0ec555]
BT symbol: /work2/11056/zwu/frontera/enzo_gh/data/251110/ic512_b_starnetlibyt/enzo_260427.exe() [0x408139]
Caught fatal exception:

   'Error opening input file z_0011/z_0011.
'
at Group_ReadAllData.C:141

Backtrace:

BT symbol: /work2/11056/zwu/frontera/enzo_gh/data/251110/ic512_b_starnetlibyt/enzo_260427.exe() [0x769754]
BT symbol: /work2/11056/zwu/frontera/enzo_gh/data/251110/ic512_b_starnetlibyt/enzo_260427.exe() [0x408ef8]
BT symbol: /lib64/libc.so.6(__libc_start_main+0xf5) [0x2b84ee6dd555]
BT symbol: /work2/11056/zwu/frontera/enzo_gh/data/251110/ic512_b_starnetlibyt/enzo_260427.exe() [0x408139]
terminate called after throwing an instance of 'EnzoFatalException'
Caught fatal exception:

   'Error opening input file z_0011/z_0011.
'
at Group_ReadAllData.C:141

Backtrace:

BT symbol: /work2/11056/zwu/frontera/enzo_gh/data/251110/ic512_b_starnetlibyt/enzo_260427.exe() [0x769754]
BT symbol: /work2/11056/zwu/frontera/enzo_gh/data/251110/ic512_b_starnetlibyt/enzo_260427.exe() [0x408ef8]
BT symbol: /lib64/libc.so.6(__libc_start_main+0xf5) [0x2b58fd24a555]
BT symbol: /work2/11056/zwu/frontera/enzo_gh/data/251110/ic512_b_starnetlibyt/enzo_260427.exe() [0x408139]
Caught fatal exception:

   'Error opening input file z_0011/z_0011.
'
at Group_ReadAllData.C:141

Backtrace:

BT symbol: /work2/11056/zwu/frontera/enzo_gh/data/251110/ic512_b_starnetlibyt/enzo_260427.exe() [0x769754]
BT symbol: /work2/11056/zwu/frontera/enzo_gh/data/251110/ic512_b_starnetlibyt/enzo_260427.exe() [0x408ef8]
BT symbol: /lib64/libc.so.6(__libc_start_main+0xf5) [0x2b16f3514555]
BT symbol: /work2/11056/zwu/frontera/enzo_gh/data/251110/ic512_b_starnetlibyt/enzo_260427.exe() [0x408139]
Caught fatal exception:

   'Error opening input file z_0011/z_0011.
'
at Group_ReadAllData.C:141

Backtrace:

BT symbol: /work2/11056/zwu/frontera/enzo_gh/data/251110/ic512_b_starnetlibyt/enzo_260427.exe() [0x769754]
BT symbol: /work2/11056/zwu/frontera/enzo_gh/data/251110/ic512_b_starnetlibyt/enzo_260427.exe() [0x408ef8]
BT symbol: /lib64/libc.so.6(__libc_start_main+0xf5) [0x2ae2415f1555]
BT symbol: /work2/11056/zwu/frontera/enzo_gh/data/251110/ic512_b_starnetlibyt/enzo_260427.exe() [0x408139]
Caught fatal exception:

   'Error opening input file z_0011/z_0011.
'
at Group_ReadAllData.C:141

Backtrace:

BT symbol: /work2/11056/zwu/frontera/enzo_gh/data/251110/ic512_b_starnetlibyt/enzo_260427.exe() [0x769754]
BT symbol: /work2/11056/zwu/frontera/enzo_gh/data/251110/ic512_b_starnetlibyt/enzo_260427.exe() [0x408ef8]
BT symbol: /lib64/libc.so.6(__libc_start_main+0xf5) [0x2aedc5449555]
BT symbol: /work2/11056/zwu/frontera/enzo_gh/data/251110/ic512_b_starnetlibyt/enzo_260427.exe() [0x408139]
Caught fatal exception:

   'Error opening input file z_0011/z_0011.
'
at Group_ReadAllData.C:141

Backtrace:

BT symbol: /work2/11056/zwu/frontera/enzo_gh/data/251110/ic512_b_starnetlibyt/enzo_260427.exe() [0x769754]
BT symbol: /work2/11056/zwu/frontera/enzo_gh/data/251110/ic512_b_starnetlibyt/enzo_260427.exe() [0x408ef8]
BT symbol: /lib64/libc.so.6(__libc_start_main+0xf5) [0x2b21a42d2555]
BT symbol: /work2/11056/zwu/frontera/enzo_gh/data/251110/ic512_b_starnetlibyt/enzo_260427.exe() [0x408139]
Caught fatal exception:

   'Error opening input file z_0011/z_0011.
'
at Group_ReadAllData.C:141

Backtrace:

BT symbol: /work2/11056/zwu/frontera/enzo_gh/data/251110/ic512_b_starnetlibyt/enzo_260427.exe() [0x769754]
BT symbol: /work2/11056/zwu/frontera/enzo_gh/data/251110/ic512_b_starnetlibyt/enzo_260427.exe() [0x408ef8]
BT symbol: /lib64/libc.so.6(__libc_start_main+0xf5) [0x2aba7b0d5555]
BT symbol: /work2/11056/zwu/frontera/enzo_gh/data/251110/ic512_b_starnetlibyt/enzo_260427.exe() [0x408139]
Caught fatal exception:

   'Error opening input file z_0011/z_0011.
'
at Group_ReadAllData.C:141

Backtrace:

BT symbol: /work2/11056/zwu/frontera/enzo_gh/data/251110/ic512_b_starnetlibyt/enzo_260427.exe() [0x769754]
BT symbol: /work2/11056/zwu/frontera/enzo_gh/data/251110/ic512_b_starnetlibyt/enzo_260427.exe() [0x408ef8]
BT symbol: /lib64/libc.so.6(__libc_start_main+0xf5) [0x2aade7d4f555]
BT symbol: /work2/11056/zwu/frontera/enzo_gh/data/251110/ic512_b_starnetlibyt/enzo_260427.exe() [0x408139]
Caught fatal exception:

   'Error opening input file z_0011/z_0011.
'
at Group_ReadAllData.C:141

Backtrace:

BT symbol: /work2/11056/zwu/frontera/enzo_gh/data/251110/ic512_b_starnetlibyt/enzo_260427.exe() [0x769754]
BT symbol: /work2/11056/zwu/frontera/enzo_gh/data/251110/ic512_b_starnetlibyt/enzo_260427.exe() [0x408ef8]
BT symbol: /lib64/libc.so.6(__libc_start_main+0xf5) [0x2ad26dcf0555]
BT symbol: /work2/11056/zwu/frontera/enzo_gh/data/251110/ic512_b_starnetlibyt/enzo_260427.exe() [0x408139]
terminate called after throwing an instance of 'EnzoFatalException'
Caught fatal exception:

   'Error opening input file z_0011/z_0011.
'
at Group_ReadAllData.C:141

Backtrace:

BT symbol: /work2/11056/zwu/frontera/enzo_gh/data/251110/ic512_b_starnetlibyt/enzo_260427.exe() [0x769754]
BT symbol: /work2/11056/zwu/frontera/enzo_gh/data/251110/ic512_b_starnetlibyt/enzo_260427.exe() [0x408ef8]
BT symbol: /lib64/libc.so.6(__libc_start_main+0xf5) [0x2b46cb4c0555]
BT symbol: /work2/11056/zwu/frontera/enzo_gh/data/251110/ic512_b_starnetlibyt/enzo_260427.exe() [0x408139]
Caught fatal exception:

   'Error opening input file z_0011/z_0011.
'
at Group_ReadAllData.C:141

Backtrace:

BT symbol: /work2/11056/zwu/frontera/enzo_gh/data/251110/ic512_b_starnetlibyt/enzo_260427.exe() [0x769754]
BT symbol: /work2/11056/zwu/frontera/enzo_gh/data/251110/ic512_b_starnetlibyt/enzo_260427.exe() [0x408ef8]
BT symbol: /lib64/libc.so.6(__libc_start_main+0xf5) [0x2ab85a710555]
BT symbol: /work2/11056/zwu/frontera/enzo_gh/data/251110/ic512_b_starnetlibyt/enzo_260427.exe() [0x408139]
Caught fatal exception:

   'Error opening input file z_0011/z_0011.
'
at Group_ReadAllData.C:141

Backtrace:

BT symbol: /work2/11056/zwu/frontera/enzo_gh/data/251110/ic512_b_starnetlibyt/enzo_260427.exe() [0x769754]
BT symbol: /work2/11056/zwu/frontera/enzo_gh/data/251110/ic512_b_starnetlibyt/enzo_260427.exe() [0x408ef8]
BT symbol: /lib64/libc.so.6(__libc_start_main+0xf5) [0x2ae1f2761555]
BT symbol: /work2/11056/zwu/frontera/enzo_gh/data/251110/ic512_b_starnetlibyt/enzo_260427.exe() [0x408139]
Caught fatal exception:

   'Error opening input file z_0011/z_0011.
'
at Group_ReadAllData.C:141

Backtrace:

BT symbol: /work2/11056/zwu/frontera/enzo_gh/data/251110/ic512_b_starnetlibyt/enzo_260427.exe() [0x769754]
BT symbol: /work2/11056/zwu/frontera/enzo_gh/data/251110/ic512_b_starnetlibyt/enzo_260427.exe() [0x408ef8]
BT symbol: /lib64/libc.so.6(__libc_start_main+0xf5) [0x2b2e6bd76555]
BT symbol: /work2/11056/zwu/frontera/enzo_gh/data/251110/ic512_b_starnetlibyt/enzo_260427.exe() [0x408139]
terminate called after throwing an instance of 'EnzoFatalException'
Caught fatal exception:

   'Error opening input file z_0011/z_0011.
'
at Group_ReadAllData.C:141

Backtrace:

BT symbol: /work2/11056/zwu/frontera/enzo_gh/data/251110/ic512_b_starnetlibyt/enzo_260427.exe() [0x769754]
BT symbol: /work2/11056/zwu/frontera/enzo_gh/data/251110/ic512_b_starnetlibyt/enzo_260427.exe() [0x408ef8]
BT symbol: /lib64/libc.so.6(__libc_start_main+0xf5) [0x2b0cf137b555]
BT symbol: /work2/11056/zwu/frontera/enzo_gh/data/251110/ic512_b_starnetlibyt/enzo_260427.exe() [0x408139]
Caught fatal exception:

   'Error opening input file z_0011/z_0011.
'
at Group_ReadAllData.C:141

Backtrace:

BT symbol: /work2/11056/zwu/frontera/enzo_gh/data/251110/ic512_b_starnetlibyt/enzo_260427.exe() [0x769754]
BT symbol: /work2/11056/zwu/frontera/enzo_gh/data/251110/ic512_b_starnetlibyt/enzo_260427.exe() [0x408ef8]
BT symbol: /lib64/libc.so.6(__libc_start_main+0xf5) [0x2b25df988555]
BT symbol: /work2/11056/zwu/frontera/enzo_gh/data/251110/ic512_b_starnetlibyt/enzo_260427.exe() [0x408139]
Caught fatal exception:

   'Error opening input file z_0011/z_0011.
'
at Group_ReadAllData.C:141

Backtrace:

BT symbol: /work2/11056/zwu/frontera/enzo_gh/data/251110/ic512_b_starnetlibyt/enzo_260427.exe() [0x769754]
BT symbol: /work2/11056/zwu/frontera/enzo_gh/data/251110/ic512_b_starnetlibyt/enzo_260427.exe() [0x408ef8]
BT symbol: /lib64/libc.so.6(__libc_start_main+0xf5) [0x2b4072034555]
BT symbol: /work2/11056/zwu/frontera/enzo_gh/data/251110/ic512_b_starnetlibyt/enzo_260427.exe() [0x408139]
Caught fatal exception:

   'Error opening input file z_0011/z_0011.
'
at Group_ReadAllData.C:141

Backtrace:

BT symbol: /work2/11056/zwu/frontera/enzo_gh/data/251110/ic512_b_starnetlibyt/enzo_260427.exe() [0x769754]
BT symbol: /work2/11056/zwu/frontera/enzo_gh/data/251110/ic512_b_starnetlibyt/enzo_260427.exe() [0x408ef8]
BT symbol: /lib64/libc.so.6(__libc_start_main+0xf5) [0x2b53a3978555]
BT symbol: /work2/11056/zwu/frontera/enzo_gh/data/251110/ic512_b_starnetlibyt/enzo_260427.exe() [0x408139]
terminate called after throwing an instance of 'EnzoFatalException'
Caught fatal exception:

   'Error opening input file z_0011/z_0011.
'
at Group_ReadAllData.C:141

Backtrace:

BT symbol: /work2/11056/zwu/frontera/enzo_gh/data/251110/ic512_b_starnetlibyt/enzo_260427.exe() [0x769754]
BT symbol: /work2/11056/zwu/frontera/enzo_gh/data/251110/ic512_b_starnetlibyt/enzo_260427.exe() [0x408ef8]
BT symbol: /lib64/libc.so.6(__libc_start_main+0xf5) [0x2b54f5a3b555]
BT symbol: /work2/11056/zwu/frontera/enzo_gh/data/251110/ic512_b_starnetlibyt/enzo_260427.exe() [0x408139]
Caught fatal exception:

   'Error opening input file z_0011/z_0011.
'
at Group_ReadAllData.C:141

Backtrace:

BT symbol: /work2/11056/zwu/frontera/enzo_gh/data/251110/ic512_b_starnetlibyt/enzo_260427.exe() [0x769754]
BT symbol: /work2/11056/zwu/frontera/enzo_gh/data/251110/ic512_b_starnetlibyt/enzo_260427.exe() [0x408ef8]
BT symbol: /lib64/libc.so.6(__libc_start_main+0xf5) [0x2b8a2d046555]
BT symbol: /work2/11056/zwu/frontera/enzo_gh/data/251110/ic512_b_starnetlibyt/enzo_260427.exe() [0x408139]
Caught fatal exception:

   'Error opening input file z_0011/z_0011.
'
at Group_ReadAllData.C:141

Backtrace:

BT symbol: /work2/11056/zwu/frontera/enzo_gh/data/251110/ic512_b_starnetlibyt/enzo_260427.exe() [0x769754]
BT symbol: /work2/11056/zwu/frontera/enzo_gh/data/251110/ic512_b_starnetlibyt/enzo_260427.exe() [0x408ef8]
BT symbol: /lib64/libc.so.6(__libc_start_main+0xf5) [0x2ba4891d9555]
BT symbol: /work2/11056/zwu/frontera/enzo_gh/data/251110/ic512_b_starnetlibyt/enzo_260427.exe() [0x408139]
Caught fatal exception:

   'Error opening input file z_0011/z_0011.
'
at Group_ReadAllData.C:141

Backtrace:

BT symbol: /work2/11056/zwu/frontera/enzo_gh/data/251110/ic512_b_starnetlibyt/enzo_260427.exe() [0x769754]
BT symbol: /work2/11056/zwu/frontera/enzo_gh/data/251110/ic512_b_starnetlibyt/enzo_260427.exe() [0x408ef8]
BT symbol: /lib64/libc.so.6(__libc_start_main+0xf5) [0x2b5db7434555]
BT symbol: /work2/11056/zwu/frontera/enzo_gh/data/251110/ic512_b_starnetlibyt/enzo_260427.exe() [0x408139]
terminate called after throwing an instance of 'EnzoFatalException'
Caught fatal exception:

   'Error opening input file z_0011/z_0011.
'
at Group_ReadAllData.C:141

Backtrace:

BT symbol: /work2/11056/zwu/frontera/enzo_gh/data/251110/ic512_b_starnetlibyt/enzo_260427.exe() [0x769754]
BT symbol: /work2/11056/zwu/frontera/enzo_gh/data/251110/ic512_b_starnetlibyt/enzo_260427.exe() [0x408ef8]
BT symbol: /lib64/libc.so.6(__libc_start_main+0xf5) [0x2b56cdf3a555]
BT symbol: /work2/11056/zwu/frontera/enzo_gh/data/251110/ic512_b_starnetlibyt/enzo_260427.exe() [0x408139]
Caught fatal exception:

   'Error opening input file z_0011/z_0011.
'
at Group_ReadAllData.C:141

Backtrace:

BT symbol: /work2/11056/zwu/frontera/enzo_gh/data/251110/ic512_b_starnetlibyt/enzo_260427.exe() [0x769754]
BT symbol: /work2/11056/zwu/frontera/enzo_gh/data/251110/ic512_b_starnetlibyt/enzo_260427.exe() [0x408ef8]
BT symbol: /lib64/libc.so.6(__libc_start_main+0xf5) [0x2b29be724555]
BT symbol: /work2/11056/zwu/frontera/enzo_gh/data/251110/ic512_b_starnetlibyt/enzo_260427.exe() [0x408139]
Caught fatal exception:

   'Error opening input file z_0011/z_0011.
'
at Group_ReadAllData.C:141

Backtrace:

BT symbol: /work2/11056/zwu/frontera/enzo_gh/data/251110/ic512_b_starnetlibyt/enzo_260427.exe() [0x769754]
BT symbol: /work2/11056/zwu/frontera/enzo_gh/data/251110/ic512_b_starnetlibyt/enzo_260427.exe() [0x408ef8]
BT symbol: /lib64/libc.so.6(__libc_start_main+0xf5) [0x2ba43ba07555]
BT symbol: /work2/11056/zwu/frontera/enzo_gh/data/251110/ic512_b_starnetlibyt/enzo_260427.exe() [0x408139]
Caught fatal exception:

   'Error opening input file z_0011/z_0011.
'
at Group_ReadAllData.C:141

Backtrace:

BT symbol: /work2/11056/zwu/frontera/enzo_gh/data/251110/ic512_b_starnetlibyt/enzo_260427.exe() [0x769754]
BT symbol: /work2/11056/zwu/frontera/enzo_gh/data/251110/ic512_b_starnetlibyt/enzo_260427.exe() [0x408ef8]
BT symbol: /lib64/libc.so.6(__libc_start_main+0xf5) [0x2b4d27d6f555]
BT symbol: /work2/11056/zwu/frontera/enzo_gh/data/251110/ic512_b_starnetlibyt/enzo_260427.exe() [0x408139]
terminate called after throwing an instance of 'EnzoFatalException'
terminate called after throwing an instance of 'EnzoFatalException'
Caught fatal exception:

   'Error opening input file z_0011/z_0011.
'
at Group_ReadAllData.C:141

Backtrace:

BT symbol: /work2/11056/zwu/frontera/enzo_gh/data/251110/ic512_b_starnetlibyt/enzo_260427.exe() [0x769754]
BT symbol: /work2/11056/zwu/frontera/enzo_gh/data/251110/ic512_b_starnetlibyt/enzo_260427.exe() [0x408ef8]
BT symbol: /lib64/libc.so.6(__libc_start_main+0xf5) [0x2b6bc2011555]
BT symbol: /work2/11056/zwu/frontera/enzo_gh/data/251110/ic512_b_starnetlibyt/enzo_260427.exe() [0x408139]
Caught fatal exception:

   'Error opening input file z_0011/z_0011.
'
at Group_ReadAllData.C:141

Backtrace:

BT symbol: /work2/11056/zwu/frontera/enzo_gh/data/251110/ic512_b_starnetlibyt/enzo_260427.exe() [0x769754]
BT symbol: /work2/11056/zwu/frontera/enzo_gh/data/251110/ic512_b_starnetlibyt/enzo_260427.exe() [0x408ef8]
BT symbol: /lib64/libc.so.6(__libc_start_main+0xf5) [0x2ad20b1de555]
BT symbol: /work2/11056/zwu/frontera/enzo_gh/data/251110/ic512_b_starnetlibyt/enzo_260427.exe() [0x408139]
Caught fatal exception:

   'Error opening input file z_0011/z_0011.
'
at Group_ReadAllData.C:141

Backtrace:

BT symbol: /work2/11056/zwu/frontera/enzo_gh/data/251110/ic512_b_starnetlibyt/enzo_260427.exe() [0x769754]
BT symbol: /work2/11056/zwu/frontera/enzo_gh/data/251110/ic512_b_starnetlibyt/enzo_260427.exe() [0x408ef8]
BT symbol: /lib64/libc.so.6(__libc_start_main+0xf5) [0x2ab0f16d0555]
BT symbol: /work2/11056/zwu/frontera/enzo_gh/data/251110/ic512_b_starnetlibyt/enzo_260427.exe() [0x408139]
terminate called after throwing an instance of 'EnzoFatalException'
Caught fatal exception:

   'Error opening input file z_0011/z_0011.
'
at Group_ReadAllData.C:141

Backtrace:

BT symbol: /work2/11056/zwu/frontera/enzo_gh/data/251110/ic512_b_starnetlibyt/enzo_260427.exe() [0x769754]
BT symbol: /work2/11056/zwu/frontera/enzo_gh/data/251110/ic512_b_starnetlibyt/enzo_260427.exe() [0x408ef8]
BT symbol: /lib64/libc.so.6(__libc_start_main+0xf5) [0x2ba266f08555]
BT symbol: /work2/11056/zwu/frontera/enzo_gh/data/251110/ic512_b_starnetlibyt/enzo_260427.exe() [0x408139]
Caught fatal exception:

   'Error opening input file z_0011/z_0011.
'
at Group_ReadAllData.C:141

Backtrace:

BT symbol: /work2/11056/zwu/frontera/enzo_gh/data/251110/ic512_b_starnetlibyt/enzo_260427.exe() [0x769754]
BT symbol: /work2/11056/zwu/frontera/enzo_gh/data/251110/ic512_b_starnetlibyt/enzo_260427.exe() [0x408ef8]
BT symbol: /lib64/libc.so.6(__libc_start_main+0xf5) [0x2aafea2b1555]
BT symbol: /work2/11056/zwu/frontera/enzo_gh/data/251110/ic512_b_starnetlibyt/enzo_260427.exe() [0x408139]
Caught fatal exception:

   'Error opening input file z_0011/z_0011.
'
at Group_ReadAllData.C:141

Backtrace:

BT symbol: /work2/11056/zwu/frontera/enzo_gh/data/251110/ic512_b_starnetlibyt/enzo_260427.exe() [0x769754]
BT symbol: /work2/11056/zwu/frontera/enzo_gh/data/251110/ic512_b_starnetlibyt/enzo_260427.exe() [0x408ef8]
BT symbol: /lib64/libc.so.6(__libc_start_main+0xf5) [0x2ac932743555]
BT symbol: /work2/11056/zwu/frontera/enzo_gh/data/251110/ic512_b_starnetlibyt/enzo_260427.exe() [0x408139]
Caught fatal exception:

   'Error opening input file z_0011/z_0011.
'
at Group_ReadAllData.C:141

Backtrace:

BT symbol: /work2/11056/zwu/frontera/enzo_gh/data/251110/ic512_b_starnetlibyt/enzo_260427.exe() [0x769754]
BT symbol: /work2/11056/zwu/frontera/enzo_gh/data/251110/ic512_b_starnetlibyt/enzo_260427.exe() [0x408ef8]
BT symbol: /lib64/libc.so.6(__libc_start_main+0xf5) [0x2b0a74fbb555]
BT symbol: /work2/11056/zwu/frontera/enzo_gh/data/251110/ic512_b_starnetlibyt/enzo_260427.exe() [0x408139]
terminate called after throwing an instance of 'EnzoFatalException'
terminate called after throwing an instance of 'EnzoFatalException'
Caught fatal exception:

   'Error opening input file z_0011/z_0011.
'
at Group_ReadAllData.C:141

Backtrace:

BT symbol: /work2/11056/zwu/frontera/enzo_gh/data/251110/ic512_b_starnetlibyt/enzo_260427.exe() [0x769754]
BT symbol: /work2/11056/zwu/frontera/enzo_gh/data/251110/ic512_b_starnetlibyt/enzo_260427.exe() [0x408ef8]
BT symbol: /lib64/libc.so.6(__libc_start_main+0xf5) [0x2aea8ed82555]
BT symbol: /work2/11056/zwu/frontera/enzo_gh/data/251110/ic512_b_starnetlibyt/enzo_260427.exe() [0x408139]
Caught fatal exception:

   'Error opening input file z_0011/z_0011.
'
at Group_ReadAllData.C:141

Backtrace:

BT symbol: /work2/11056/zwu/frontera/enzo_gh/data/251110/ic512_b_starnetlibyt/enzo_260427.exe() [0x769754]
BT symbol: /work2/11056/zwu/frontera/enzo_gh/data/251110/ic512_b_starnetlibyt/enzo_260427.exe() [0x408ef8]
BT symbol: /lib64/libc.so.6(__libc_start_main+0xf5) [0x2b95a3a69555]
BT symbol: /work2/11056/zwu/frontera/enzo_gh/data/251110/ic512_b_starnetlibyt/enzo_260427.exe() [0x408139]
Caught fatal exception:

   'Error opening input file z_0011/z_0011.
'
at Group_ReadAllData.C:141

Backtrace:

BT symbol: /work2/11056/zwu/frontera/enzo_gh/data/251110/ic512_b_starnetlibyt/enzo_260427.exe() [0x769754]
BT symbol: /work2/11056/zwu/frontera/enzo_gh/data/251110/ic512_b_starnetlibyt/enzo_260427.exe() [0x408ef8]
BT symbol: /lib64/libc.so.6(__libc_start_main+0xf5) [0x2b0039b97555]
BT symbol: /work2/11056/zwu/frontera/enzo_gh/data/251110/ic512_b_starnetlibyt/enzo_260427.exe() [0x408139]
terminate called after throwing an instance of 'EnzoFatalException'
Caught fatal exception:

   'Error opening input file z_0011/z_0011.
'
at Group_ReadAllData.C:141

Backtrace:

BT symbol: /work2/11056/zwu/frontera/enzo_gh/data/251110/ic512_b_starnetlibyt/enzo_260427.exe() [0x769754]
BT symbol: /work2/11056/zwu/frontera/enzo_gh/data/251110/ic512_b_starnetlibyt/enzo_260427.exe() [0x408ef8]
BT symbol: /lib64/libc.so.6(__libc_start_main+0xf5) [0x2b9678a27555]
BT symbol: /work2/11056/zwu/frontera/enzo_gh/data/251110/ic512_b_starnetlibyt/enzo_260427.exe() [0x408139]
Caught fatal exception:

   'Error opening input file z_0011/z_0011.
'
at Group_ReadAllData.C:141

Backtrace:

BT symbol: /work2/11056/zwu/frontera/enzo_gh/data/251110/ic512_b_starnetlibyt/enzo_260427.exe() [0x769754]
BT symbol: /work2/11056/zwu/frontera/enzo_gh/data/251110/ic512_b_starnetlibyt/enzo_260427.exe() [0x408ef8]
BT symbol: /lib64/libc.so.6(__libc_start_main+0xf5) [0x2b0cdec27555]
BT symbol: /work2/11056/zwu/frontera/enzo_gh/data/251110/ic512_b_starnetlibyt/enzo_260427.exe() [0x408139]
Caught fatal exception:

   'Error opening input file z_0011/z_0011.
'
at Group_ReadAllData.C:141

Backtrace:

BT symbol: /work2/11056/zwu/frontera/enzo_gh/data/251110/ic512_b_starnetlibyt/enzo_260427.exe() [0x769754]
BT symbol: /work2/11056/zwu/frontera/enzo_gh/data/251110/ic512_b_starnetlibyt/enzo_260427.exe() [0x408ef8]
BT symbol: /lib64/libc.so.6(__libc_start_main+0xf5) [0x2b86334f2555]
BT symbol: /work2/11056/zwu/frontera/enzo_gh/data/251110/ic512_b_starnetlibyt/enzo_260427.exe() [0x408139]
Caught fatal exception:

   'Error opening input file z_0011/z_0011.
'
at Group_ReadAllData.C:141

Backtrace:

BT symbol: /work2/11056/zwu/frontera/enzo_gh/data/251110/ic512_b_starnetlibyt/enzo_260427.exe() [0x769754]
BT symbol: /work2/11056/zwu/frontera/enzo_gh/data/251110/ic512_b_starnetlibyt/enzo_260427.exe() [0x408ef8]
BT symbol: /lib64/libc.so.6(__libc_start_main+0xf5) [0x2ba9b4d86555]
BT symbol: /work2/11056/zwu/frontera/enzo_gh/data/251110/ic512_b_starnetlibyt/enzo_260427.exe() [0x408139]
terminate called after throwing an instance of 'EnzoFatalException'
Caught fatal exception:

   'Error opening input file z_0011/z_0011.
'
at Group_ReadAllData.C:141

Backtrace:

BT symbol: /work2/11056/zwu/frontera/enzo_gh/data/251110/ic512_b_starnetlibyt/enzo_260427.exe() [0x769754]
BT symbol: /work2/11056/zwu/frontera/enzo_gh/data/251110/ic512_b_starnetlibyt/enzo_260427.exe() [0x408ef8]
BT symbol: /lib64/libc.so.6(__libc_start_main+0xf5) [0x2b6b92aa6555]
BT symbol: /work2/11056/zwu/frontera/enzo_gh/data/251110/ic512_b_starnetlibyt/enzo_260427.exe() [0x408139]
Caught fatal exception:

   'Error opening input file z_0011/z_0011.
'
at Group_ReadAllData.C:141

Backtrace:

BT symbol: /work2/11056/zwu/frontera/enzo_gh/data/251110/ic512_b_starnetlibyt/enzo_260427.exe() [0x769754]
BT symbol: /work2/11056/zwu/frontera/enzo_gh/data/251110/ic512_b_starnetlibyt/enzo_260427.exe() [0x408ef8]
BT symbol: /lib64/libc.so.6(__libc_start_main+0xf5) [0x2b4f82481555]
BT symbol: /work2/11056/zwu/frontera/enzo_gh/data/251110/ic512_b_starnetlibyt/enzo_260427.exe() [0x408139]
Caught fatal exception:

   'Error opening input file z_0011/z_0011.
'
at Group_ReadAllData.C:141

Backtrace:

BT symbol: /work2/11056/zwu/frontera/enzo_gh/data/251110/ic512_b_starnetlibyt/enzo_260427.exe() [0x769754]
BT symbol: /work2/11056/zwu/frontera/enzo_gh/data/251110/ic512_b_starnetlibyt/enzo_260427.exe() [0x408ef8]
BT symbol: /lib64/libc.so.6(__libc_start_main+0xf5) [0x2b2e8ab98555]
BT symbol: /work2/11056/zwu/frontera/enzo_gh/data/251110/ic512_b_starnetlibyt/enzo_260427.exe() [0x408139]
terminate called after throwing an instance of 'EnzoFatalException'
terminate called after throwing an instance of 'EnzoFatalException'
terminate called after throwing an instance of 'EnzoFatalException'
Caught fatal exception:

   'Error opening input file z_0011/z_0011.
'
at Group_ReadAllData.C:141

Backtrace:

BT symbol: /work2/11056/zwu/frontera/enzo_gh/data/251110/ic512_b_starnetlibyt/enzo_260427.exe() [0x769754]
BT symbol: /work2/11056/zwu/frontera/enzo_gh/data/251110/ic512_b_starnetlibyt/enzo_260427.exe() [0x408ef8]
BT symbol: /lib64/libc.so.6(__libc_start_main+0xf5) [0x2b5be197a555]
BT symbol: /work2/11056/zwu/frontera/enzo_gh/data/251110/ic512_b_starnetlibyt/enzo_260427.exe() [0x408139]
Caught fatal exception:

   'Error opening input file z_0011/z_0011.
'
at Group_ReadAllData.C:141

Backtrace:

BT symbol: /work2/11056/zwu/frontera/enzo_gh/data/251110/ic512_b_starnetlibyt/enzo_260427.exe() [0x769754]
BT symbol: /work2/11056/zwu/frontera/enzo_gh/data/251110/ic512_b_starnetlibyt/enzo_260427.exe() [0x408ef8]
BT symbol: /lib64/libc.so.6(__libc_start_main+0xf5) [0x2af1d724e555]
BT symbol: /work2/11056/zwu/frontera/enzo_gh/data/251110/ic512_b_starnetlibyt/enzo_260427.exe() [0x408139]
Caught fatal exception:

   'Error opening input file z_0011/z_0011.
'
at Group_ReadAllData.C:141

Backtrace:

BT symbol: /work2/11056/zwu/frontera/enzo_gh/data/251110/ic512_b_starnetlibyt/enzo_260427.exe() [0x769754]
BT symbol: /work2/11056/zwu/frontera/enzo_gh/data/251110/ic512_b_starnetlibyt/enzo_260427.exe() [0x408ef8]
BT symbol: /lib64/libc.so.6(__libc_start_main+0xf5) [0x2b45903a5555]
BT symbol: /work2/11056/zwu/frontera/enzo_gh/data/251110/ic512_b_starnetlibyt/enzo_260427.exe() [0x408139]
terminate called after throwing an instance of 'EnzoFatalException'
terminate called after throwing an instance of 'EnzoFatalException'
terminate called after throwing an instance of 'EnzoFatalException'
terminate called after throwing an instance of 'EnzoFatalException'
Caught fatal exception:

   'Error opening input file z_0011/z_0011.
'
at Group_ReadAllData.C:141

Backtrace:

BT symbol: /work2/11056/zwu/frontera/enzo_gh/data/251110/ic512_b_starnetlibyt/enzo_260427.exe() [0x769754]
BT symbol: /work2/11056/zwu/frontera/enzo_gh/data/251110/ic512_b_starnetlibyt/enzo_260427.exe() [0x408ef8]
BT symbol: /lib64/libc.so.6(__libc_start_main+0xf5) [0x2b03570a9555]
BT symbol: /work2/11056/zwu/frontera/enzo_gh/data/251110/ic512_b_starnetlibyt/enzo_260427.exe() [0x408139]
terminate called after throwing an instance of 'EnzoFatalException'
Caught fatal exception:

   'Error opening input file z_0011/z_0011.
'
at Group_ReadAllData.C:141

Backtrace:

BT symbol: /work2/11056/zwu/frontera/enzo_gh/data/251110/ic512_b_starnetlibyt/enzo_260427.exe() [0x769754]
BT symbol: /work2/11056/zwu/frontera/enzo_gh/data/251110/ic512_b_starnetlibyt/enzo_260427.exe() [0x408ef8]
BT symbol: /lib64/libc.so.6(__libc_start_main+0xf5) [0x2b10fa198555]
BT symbol: /work2/11056/zwu/frontera/enzo_gh/data/251110/ic512_b_starnetlibyt/enzo_260427.exe() [0x408139]
Caught fatal exception:

   'Error opening input file z_0011/z_0011.
'
at Group_ReadAllData.C:141

Backtrace:

BT symbol: /work2/11056/zwu/frontera/enzo_gh/data/251110/ic512_b_starnetlibyt/enzo_260427.exe() [0x769754]
BT symbol: /work2/11056/zwu/frontera/enzo_gh/data/251110/ic512_b_starnetlibyt/enzo_260427.exe() [0x408ef8]
BT symbol: /lib64/libc.so.6(__libc_start_main+0xf5) [0x2adea1d32555]
BT symbol: /work2/11056/zwu/frontera/enzo_gh/data/251110/ic512_b_starnetlibyt/enzo_260427.exe() [0x408139]
Caught fatal exception:

   'Error opening input file z_0011/z_0011.
'
at Group_ReadAllData.C:141

Backtrace:

BT symbol: /work2/11056/zwu/frontera/enzo_gh/data/251110/ic512_b_starnetlibyt/enzo_260427.exe() [0x769754]
BT symbol: /work2/11056/zwu/frontera/enzo_gh/data/251110/ic512_b_starnetlibyt/enzo_260427.exe() [0x408ef8]
BT symbol: /lib64/libc.so.6(__libc_start_main+0xf5) [0x2ae31f37f555]
BT symbol: /work2/11056/zwu/frontera/enzo_gh/data/251110/ic512_b_starnetlibyt/enzo_260427.exe() [0x408139]
terminate called after throwing an instance of 'EnzoFatalException'
Caught fatal exception:

   'Error opening input file z_0011/z_0011.
'
at Group_ReadAllData.C:141

Backtrace:

BT symbol: /work2/11056/zwu/frontera/enzo_gh/data/251110/ic512_b_starnetlibyt/enzo_260427.exe() [0x769754]
BT symbol: /work2/11056/zwu/frontera/enzo_gh/data/251110/ic512_b_starnetlibyt/enzo_260427.exe() [0x408ef8]
BT symbol: /lib64/libc.so.6(__libc_start_main+0xf5) [0x2b78946f1555]
BT symbol: /work2/11056/zwu/frontera/enzo_gh/data/251110/ic512_b_starnetlibyt/enzo_260427.exe() [0x408139]
Caught fatal exception:

   'Error opening input file z_0011/z_0011.
'
at Group_ReadAllData.C:141

Backtrace:

BT symbol: /work2/11056/zwu/frontera/enzo_gh/data/251110/ic512_b_starnetlibyt/enzo_260427.exe() [0x769754]
BT symbol: /work2/11056/zwu/frontera/enzo_gh/data/251110/ic512_b_starnetlibyt/enzo_260427.exe() [0x408ef8]
BT symbol: /lib64/libc.so.6(__libc_start_main+0xf5) [0x2b23c9341555]
BT symbol: /work2/11056/zwu/frontera/enzo_gh/data/251110/ic512_b_starnetlibyt/enzo_260427.exe() [0x408139]
terminate called after throwing an instance of 'EnzoFatalException'
terminate called after throwing an instance of 'EnzoFatalException'
terminate called after throwing an instance of 'EnzoFatalException'
Caught fatal exception:

   'Error opening input file z_0011/z_0011.
'
at Group_ReadAllData.C:141

Backtrace:

BT symbol: /work2/11056/zwu/frontera/enzo_gh/data/251110/ic512_b_starnetlibyt/enzo_260427.exe() [0x769754]
BT symbol: /work2/11056/zwu/frontera/enzo_gh/data/251110/ic512_b_starnetlibyt/enzo_260427.exe() [0x408ef8]
BT symbol: /lib64/libc.so.6(__libc_start_main+0xf5) [0x2ba5e5c5e555]
BT symbol: /work2/11056/zwu/frontera/enzo_gh/data/251110/ic512_b_starnetlibyt/enzo_260427.exe() [0x408139]
Caught fatal exception:

   'Error opening input file z_0011/z_0011.
'
at Group_ReadAllData.C:141

Backtrace:

BT symbol: /work2/11056/zwu/frontera/enzo_gh/data/251110/ic512_b_starnetlibyt/enzo_260427.exe() [0x769754]
BT symbol: /work2/11056/zwu/frontera/enzo_gh/data/251110/ic512_b_starnetlibyt/enzo_260427.exe() [0x408ef8]
BT symbol: /lib64/libc.so.6(__libc_start_main+0xf5) [0x2b506787a555]
BT symbol: /work2/11056/zwu/frontera/enzo_gh/data/251110/ic512_b_starnetlibyt/enzo_260427.exe() [0x408139]
Caught fatal exception:

   'Error opening input file z_0011/z_0011.
'
at Group_ReadAllData.C:141

Backtrace:

BT symbol: /work2/11056/zwu/frontera/enzo_gh/data/251110/ic512_b_starnetlibyt/enzo_260427.exe() [0x769754]
BT symbol: /work2/11056/zwu/frontera/enzo_gh/data/251110/ic512_b_starnetlibyt/enzo_260427.exe() [0x408ef8]
BT symbol: /lib64/libc.so.6(__libc_start_main+0xf5) [0x2adc64675555]
BT symbol: /work2/11056/zwu/frontera/enzo_gh/data/251110/ic512_b_starnetlibyt/enzo_260427.exe() [0x408139]
Caught fatal exception:

   'Error opening input file z_0011/z_0011.
'
at Group_ReadAllData.C:141

Backtrace:

BT symbol: /work2/11056/zwu/frontera/enzo_gh/data/251110/ic512_b_starnetlibyt/enzo_260427.exe() [0x769754]
BT symbol: /work2/11056/zwu/frontera/enzo_gh/data/251110/ic512_b_starnetlibyt/enzo_260427.exe() [0x408ef8]
BT symbol: /lib64/libc.so.6(__libc_start_main+0xf5) [0x2b038d87d555]
BT symbol: /work2/11056/zwu/frontera/enzo_gh/data/251110/ic512_b_starnetlibyt/enzo_260427.exe() [0x408139]
terminate called after throwing an instance of 'EnzoFatalException'
terminate called after throwing an instance of 'EnzoFatalException'
Caught fatal exception:

   'Error opening input file z_0011/z_0011.
'
at Group_ReadAllData.C:141

Backtrace:

BT symbol: /work2/11056/zwu/frontera/enzo_gh/data/251110/ic512_b_starnetlibyt/enzo_260427.exe() [0x769754]
BT symbol: /work2/11056/zwu/frontera/enzo_gh/data/251110/ic512_b_starnetlibyt/enzo_260427.exe() [0x408ef8]
BT symbol: /lib64/libc.so.6(__libc_start_main+0xf5) [0x2b21d14c4555]
BT symbol: /work2/11056/zwu/frontera/enzo_gh/data/251110/ic512_b_starnetlibyt/enzo_260427.exe() [0x408139]
terminate called after throwing an instance of 'EnzoFatalException'
Caught fatal exception:

   'Error opening input file z_0011/z_0011.
'
at Group_ReadAllData.C:141

Backtrace:

BT symbol: /work2/11056/zwu/frontera/enzo_gh/data/251110/ic512_b_starnetlibyt/enzo_260427.exe() [0x769754]
Caught fatal exception:

   'Error opening input file z_0011/z_0011.
'
at Group_ReadAllData.C:141

Backtrace:

BT symbol: /work2/11056/zwu/frontera/enzo_gh/data/251110/ic512_b_starnetlibyt/enzo_260427.exe() [0x769754]
BT symbol: /work2/11056/zwu/frontera/enzo_gh/data/251110/ic512_b_starnetlibyt/enzo_260427.exe() [0x408ef8]
BT symbol: /lib64/libc.so.6(__libc_start_main+0xf5) [0x2acc68b6e555]
BT symbol: /work2/11056/zwu/frontera/enzo_gh/data/251110/ic512_b_starnetlibyt/enzo_260427.exe() [0x408139]
terminate called after throwing an instance of 'EnzoFatalException'
Caught fatal exception:

   'Error opening input file z_0011/z_0011.
'
at Group_ReadAllData.C:141

Backtrace:

BT symbol: /work2/11056/zwu/frontera/enzo_gh/data/251110/ic512_b_starnetlibyt/enzo_260427.exe() [0x769754]
BT symbol: /work2/11056/zwu/frontera/enzo_gh/data/251110/ic512_b_starnetlibyt/enzo_260427.exe() [0x408ef8]
BT symbol: /lib64/libc.so.6(__libc_start_main+0xf5) [0x2b9d838dc555]
BT symbol: /work2/11056/zwu/frontera/enzo_gh/data/251110/ic512_b_starnetlibyt/enzo_260427.exe() [0x408139]
Caught fatal exception:

   'Error opening input file z_0011/z_0011.
'
at Group_ReadAllData.C:141

Backtrace:

BT symbol: /work2/11056/zwu/frontera/enzo_gh/data/251110/ic512_b_starnetlibyt/enzo_260427.exe() [0x769754]
BT symbol: /work2/11056/zwu/frontera/enzo_gh/data/251110/ic512_b_starnetlibyt/enzo_260427.exe() [0x408ef8]
BT symbol: /lib64/libc.so.6(__libc_start_main+0xf5) [0x2affe4e3d555]
BT symbol: /work2/11056/zwu/frontera/enzo_gh/data/251110/ic512_b_starnetlibyt/enzo_260427.exe() [0x408139]
Caught fatal exception:

   'Error opening input file z_0011/z_0011.
'
at Group_ReadAllData.C:141

Backtrace:

BT symbol: /work2/11056/zwu/frontera/enzo_gh/data/251110/ic512_b_starnetlibyt/enzo_260427.exe() [0x769754]
BT symbol: /work2/11056/zwu/frontera/enzo_gh/data/251110/ic512_b_starnetlibyt/enzo_260427.exe() [0x408ef8]
BT symbol: /lib64/libc.so.6(__libc_start_main+0xf5) [0x2b9174894555]
BT symbol: /work2/11056/zwu/frontera/enzo_gh/data/251110/ic512_b_starnetlibyt/enzo_260427.exe() [0x408139]
terminate called after throwing an instance of 'EnzoFatalException'
terminate called after throwing an instance of 'EnzoFatalException'
terminate called after throwing an instance of 'EnzoFatalException'
Caught fatal exception:

   'Error opening input file z_0011/z_0011.
'
at Group_ReadAllData.C:141

Backtrace:

BT symbol: /work2/11056/zwu/frontera/enzo_gh/data/251110/ic512_b_starnetlibyt/enzo_260427.exe() [0x769754]
BT symbol: /work2/11056/zwu/frontera/enzo_gh/data/251110/ic512_b_starnetlibyt/enzo_260427.exe() [0x408ef8]
BT symbol: /lib64/libc.so.6(__libc_start_main+0xf5) [0x2ab602f08555]
BT symbol: /work2/11056/zwu/frontera/enzo_gh/data/251110/ic512_b_starnetlibyt/enzo_260427.exe() [0x408139]
terminate called after throwing an instance of 'EnzoFatalException'
terminate called after throwing an instance of 'EnzoFatalException'
Caught fatal exception:

   'Error opening input file z_0011/z_0011.
'
at Group_ReadAllData.C:141

Backtrace:

BT symbol: /work2/11056/zwu/frontera/enzo_gh/data/251110/ic512_b_starnetlibyt/enzo_260427.exe() [0x769754]
BT symbol: /work2/11056/zwu/frontera/enzo_gh/data/251110/ic512_b_starnetlibyt/enzo_260427.exe() [0x408ef8]
BT symbol: /lib64/libc.so.6(__libc_start_main+0xf5) [0x2af0e6955555]
BT symbol: /work2/11056/zwu/frontera/enzo_gh/data/251110/ic512_b_starnetlibyt/enzo_260427.exe() [0x408139]
Caught fatal exception:

   'Error opening input file z_0011/z_0011.
'
at Group_ReadAllData.C:141

Backtrace:

BT symbol: /work2/11056/zwu/frontera/enzo_gh/data/251110/ic512_b_starnetlibyt/enzo_260427.exe() [0x769754]
BT symbol: /work2/11056/zwu/frontera/enzo_gh/data/251110/ic512_b_starnetlibyt/enzo_260427.exe() [0x408ef8]
BT symbol: /lib64/libc.so.6(__libc_start_main+0xf5) [0x2b25bb97f555]
BT symbol: /work2/11056/zwu/frontera/enzo_gh/data/251110/ic512_b_starnetlibyt/enzo_260427.exe() [0x408139]
Caught fatal exception:

   'Error opening input file z_0011/z_0011.
'
at Group_ReadAllData.C:141

Backtrace:

BT symbol: /work2/11056/zwu/frontera/enzo_gh/data/251110/ic512_b_starnetlibyt/enzo_260427.exe() [0x769754]
BT symbol: /work2/11056/zwu/frontera/enzo_gh/data/251110/ic512_b_starnetlibyt/enzo_260427.exe() [0x408ef8]
BT symbol: /lib64/libc.so.6(__libc_start_main+0xf5) [0x2b847425a555]
BT symbol: /work2/11056/zwu/frontera/enzo_gh/data/251110/ic512_b_starnetlibyt/enzo_260427.exe() [0x408139]
Caught fatal exception:

   'Error opening input file z_0011/z_0011.
'
at Group_ReadAllData.C:141

Backtrace:

BT symbol: /work2/11056/zwu/frontera/enzo_gh/data/251110/ic512_b_starnetlibyt/enzo_260427.exe() [0x769754]
BT symbol: /work2/11056/zwu/frontera/enzo_gh/data/251110/ic512_b_starnetlibyt/enzo_260427.exe() [0x408ef8]
BT symbol: /lib64/libc.so.6(__libc_start_main+0xf5) [0x2ade25ff8555]
BT symbol: /work2/11056/zwu/frontera/enzo_gh/data/251110/ic512_b_starnetlibyt/enzo_260427.exe() [0x408139]
Caught fatal exception:

   'Error opening input file z_0011/z_0011.
'
at Group_ReadAllData.C:141

Backtrace:

BT symbol: /work2/11056/zwu/frontera/enzo_gh/data/251110/ic512_b_starnetlibyt/enzo_260427.exe() [0x769754]
BT symbol: /work2/11056/zwu/frontera/enzo_gh/data/251110/ic512_b_starnetlibyt/enzo_260427.exe() [0x408ef8]
BT symbol: /lib64/libc.so.6(__libc_start_main+0xf5) [0x2b72dac4c555]
BT symbol: /work2/11056/zwu/frontera/enzo_gh/data/251110/ic512_b_starnetlibyt/enzo_260427.exe() [0x408139]
Caught fatal exception:

   'Error opening input file z_0011/z_0011.
'
at Group_ReadAllData.C:141

Backtrace:

BT symbol: /work2/11056/zwu/frontera/enzo_gh/data/251110/ic512_b_starnetlibyt/enzo_260427.exe() [0x769754]
BT symbol: /work2/11056/zwu/frontera/enzo_gh/data/251110/ic512_b_starnetlibyt/enzo_260427.exe() [0x408ef8]
BT symbol: /lib64/libc.so.6(__libc_start_main+0xf5) [0x2aca28179555]
BT symbol: /work2/11056/zwu/frontera/enzo_gh/data/251110/ic512_b_starnetlibyt/enzo_260427.exe() [0x408139]
Caught fatal exception:

   'Error opening input file z_0011/z_0011.
'
at Group_ReadAllData.C:141

Backtrace:

BT symbol: /work2/11056/zwu/frontera/enzo_gh/data/251110/ic512_b_starnetlibyt/enzo_260427.exe() [0x769754]
BT symbol: /work2/11056/zwu/frontera/enzo_gh/data/251110/ic512_b_starnetlibyt/enzo_260427.exe() [0x408ef8]
BT symbol: /lib64/libc.so.6(__libc_start_main+0xf5) [0x2af9dfabf555]
BT symbol: /work2/11056/zwu/frontera/enzo_gh/data/251110/ic512_b_starnetlibyt/enzo_260427.exe() [0x408139]
BT symbol: /work2/11056/zwu/frontera/enzo_gh/data/251110/ic512_b_starnetlibyt/enzo_260427.exe() [0x408ef8]
BT symbol: /lib64/libc.so.6(__libc_start_main+0xf5) [0x2aab27470555]
BT symbol: /work2/11056/zwu/frontera/enzo_gh/data/251110/ic512_b_starnetlibyt/enzo_260427.exe() [0x408139]
Caught fatal exception:

   'Error opening input file z_0011/z_0011.
'
at Group_ReadAllData.C:141

Backtrace:

BT symbol: /work2/11056/zwu/frontera/enzo_gh/data/251110/ic512_b_starnetlibyt/enzo_260427.exe() [0x769754]
BT symbol: /work2/11056/zwu/frontera/enzo_gh/data/251110/ic512_b_starnetlibyt/enzo_260427.exe() [0x408ef8]
BT symbol: /lib64/libc.so.6(__libc_start_main+0xf5) [0x2b0743e7c555]
BT symbol: /work2/11056/zwu/frontera/enzo_gh/data/251110/ic512_b_starnetlibyt/enzo_260427.exe() [0x408139]
Caught fatal exception:

   'Error opening input file z_0011/z_0011.
'
at Group_ReadAllData.C:141

Backtrace:

BT symbol: /work2/11056/zwu/frontera/enzo_gh/data/251110/ic512_b_starnetlibyt/enzo_260427.exe() [0x769754]
BT symbol: /work2/11056/zwu/frontera/enzo_gh/data/251110/ic512_b_starnetlibyt/enzo_260427.exe() [0x408ef8]
BT symbol: /lib64/libc.so.6(__libc_start_main+0xf5) [0x2aff0bcf4555]
BT symbol: /work2/11056/zwu/frontera/enzo_gh/data/251110/ic512_b_starnetlibyt/enzo_260427.exe() [0x408139]
Caught fatal exception:

   'Error opening input file z_0011/z_0011.
'
at Group_ReadAllData.C:141

Backtrace:

BT symbol: /work2/11056/zwu/frontera/enzo_gh/data/251110/ic512_b_starnetlibyt/enzo_260427.exe() [0x769754]
BT symbol: /work2/11056/zwu/frontera/enzo_gh/data/251110/ic512_b_starnetlibyt/enzo_260427.exe() [0x408ef8]
BT symbol: /lib64/libc.so.6(__libc_start_main+0xf5) [0x2ae691de0555]
BT symbol: /work2/11056/zwu/frontera/enzo_gh/data/251110/ic512_b_starnetlibyt/enzo_260427.exe() [0x408139]
Caught fatal exception:

   'Error opening input file z_0011/z_0011.
'
at Group_ReadAllData.C:141

Backtrace:

BT symbol: /work2/11056/zwu/frontera/enzo_gh/data/251110/ic512_b_starnetlibyt/enzo_260427.exe() [0x769754]
BT symbol: /work2/11056/zwu/frontera/enzo_gh/data/251110/ic512_b_starnetlibyt/enzo_260427.exe() [0x408ef8]
BT symbol: /lib64/libc.so.6(__libc_start_main+0xf5) [0x2ac12e190555]
BT symbol: /work2/11056/zwu/frontera/enzo_gh/data/251110/ic512_b_starnetlibyt/enzo_260427.exe() [0x408139]
Caught fatal exception:

   'Error opening input file z_0011/z_0011.
'
at Group_ReadAllData.C:141

Backtrace:

BT symbol: /work2/11056/zwu/frontera/enzo_gh/data/251110/ic512_b_starnetlibyt/enzo_260427.exe() [0x769754]
BT symbol: /work2/11056/zwu/frontera/enzo_gh/data/251110/ic512_b_starnetlibyt/enzo_260427.exe() [0x408ef8]
BT symbol: /lib64/libc.so.6(__libc_start_main+0xf5) [0x2b43afbe6555]
BT symbol: /work2/11056/zwu/frontera/enzo_gh/data/251110/ic512_b_starnetlibyt/enzo_260427.exe() [0x408139]
terminate called after throwing an instance of 'EnzoFatalException'
terminate called after throwing an instance of 'EnzoFatalException'
terminate called after throwing an instance of 'EnzoFatalException'
terminate called after throwing an instance of 'EnzoFatalException'
terminate called after throwing an instance of 'EnzoFatalException'
terminate called after throwing an instance of 'EnzoFatalException'
Caught fatal exception:

   'Error opening input file z_0011/z_0011.
'
at Group_ReadAllData.C:141

Backtrace:

BT symbol: /work2/11056/zwu/frontera/enzo_gh/data/251110/ic512_b_starnetlibyt/enzo_260427.exe() [0x769754]
BT symbol: /work2/11056/zwu/frontera/enzo_gh/data/251110/ic512_b_starnetlibyt/enzo_260427.exe() [0x408ef8]
BT symbol: /lib64/libc.so.6(__libc_start_main+0xf5) [0x2b66c6d95555]
BT symbol: /work2/11056/zwu/frontera/enzo_gh/data/251110/ic512_b_starnetlibyt/enzo_260427.exe() [0x408139]
Caught fatal exception:

   'Error opening input file z_0011/z_0011.
'
at Group_ReadAllData.C:141

Backtrace:

BT symbol: /work2/11056/zwu/frontera/enzo_gh/data/251110/ic512_b_starnetlibyt/enzo_260427.exe() [0x769754]
BT symbol: /work2/11056/zwu/frontera/enzo_gh/data/251110/ic512_b_starnetlibyt/enzo_260427.exe() [0x408ef8]
BT symbol: /lib64/libc.so.6(__libc_start_main+0xf5) [0x2b8c06be9555]
BT symbol: /work2/11056/zwu/frontera/enzo_gh/data/251110/ic512_b_starnetlibyt/enzo_260427.exe() [0x408139]
Caught fatal exception:

   'Error opening input file z_0011/z_0011.
'
at Group_ReadAllData.C:141

Backtrace:

BT symbol: /work2/11056/zwu/frontera/enzo_gh/data/251110/ic512_b_starnetlibyt/enzo_260427.exe() [0x769754]
BT symbol: /work2/11056/zwu/frontera/enzo_gh/data/251110/ic512_b_starnetlibyt/enzo_260427.exe() [0x408ef8]
BT symbol: /lib64/libc.so.6(__libc_start_main+0xf5) [0x2ac040d25555]
BT symbol: /work2/11056/zwu/frontera/enzo_gh/data/251110/ic512_b_starnetlibyt/enzo_260427.exe() [0x408139]
Caught fatal exception:

   'Error opening input file z_0011/z_0011.
'
at Group_ReadAllData.C:141

Backtrace:

BT symbol: /work2/11056/zwu/frontera/enzo_gh/data/251110/ic512_b_starnetlibyt/enzo_260427.exe() [0x769754]
BT symbol: /work2/11056/zwu/frontera/enzo_gh/data/251110/ic512_b_starnetlibyt/enzo_260427.exe() [0x408ef8]
BT symbol: /lib64/libc.so.6(__libc_start_main+0xf5) [0x2abf297ca555]
BT symbol: /work2/11056/zwu/frontera/enzo_gh/data/251110/ic512_b_starnetlibyt/enzo_260427.exe() [0x408139]
Caught fatal exception:

   'Error opening input file z_0011/z_0011.
'
at Group_ReadAllData.C:141

Backtrace:

BT symbol: /work2/11056/zwu/frontera/enzo_gh/data/251110/ic512_b_starnetlibyt/enzo_260427.exe() [0x769754]
BT symbol: /work2/11056/zwu/frontera/enzo_gh/data/251110/ic512_b_starnetlibyt/enzo_260427.exe() [0x408ef8]
BT symbol: /lib64/libc.so.6(__libc_start_main+0xf5) [0x2b88f2187555]
BT symbol: /work2/11056/zwu/frontera/enzo_gh/data/251110/ic512_b_starnetlibyt/enzo_260427.exe() [0x408139]
terminate called after throwing an instance of 'EnzoFatalException'
terminate called after throwing an instance of 'EnzoFatalException'
Caught fatal exception:

   'Error opening input file z_0011/z_0011.
'
at Group_ReadAllData.C:141

Backtrace:

BT symbol: /work2/11056/zwu/frontera/enzo_gh/data/251110/ic512_b_starnetlibyt/enzo_260427.exe() [0x769754]
BT symbol: /work2/11056/zwu/frontera/enzo_gh/data/251110/ic512_b_starnetlibyt/enzo_260427.exe() [0x408ef8]
BT symbol: /lib64/libc.so.6(__libc_start_main+0xf5) [0x2b89a47ad555]
BT symbol: /work2/11056/zwu/frontera/enzo_gh/data/251110/ic512_b_starnetlibyt/enzo_260427.exe() [0x408139]
Caught fatal exception:

   'Error opening input file z_0011/z_0011.
'
at Group_ReadAllData.C:141

Backtrace:

BT symbol: /work2/11056/zwu/frontera/enzo_gh/data/251110/ic512_b_starnetlibyt/enzo_260427.exe() [0x769754]
BT symbol: /work2/11056/zwu/frontera/enzo_gh/data/251110/ic512_b_starnetlibyt/enzo_260427.exe() [0x408ef8]
BT symbol: /lib64/libc.so.6(__libc_start_main+0xf5) [0x2ae14e3f8555]
BT symbol: /work2/11056/zwu/frontera/enzo_gh/data/251110/ic512_b_starnetlibyt/enzo_260427.exe() [0x408139]
Caught fatal exception:

   'Error opening input file z_0011/z_0011.
'
at Group_ReadAllData.C:141

Backtrace:

BT symbol: /work2/11056/zwu/frontera/enzo_gh/data/251110/ic512_b_starnetlibyt/enzo_260427.exe() [0x769754]
BT symbol: /work2/11056/zwu/frontera/enzo_gh/data/251110/ic512_b_starnetlibyt/enzo_260427.exe() [0x408ef8]
BT symbol: /lib64/libc.so.6(__libc_start_main+0xf5) [0x2aea1a7c5555]
BT symbol: /work2/11056/zwu/frontera/enzo_gh/data/251110/ic512_b_starnetlibyt/enzo_260427.exe() [0x408139]
Caught fatal exception:

   'Error opening input file z_0011/z_0011.
'
at Group_ReadAllData.C:141

Backtrace:

BT symbol: /work2/11056/zwu/frontera/enzo_gh/data/251110/ic512_b_starnetlibyt/enzo_260427.exe() [0x769754]
BT symbol: /work2/11056/zwu/frontera/enzo_gh/data/251110/ic512_b_starnetlibyt/enzo_260427.exe() [0x408ef8]
BT symbol: /lib64/libc.so.6(__libc_start_main+0xf5) [0x2b0922bde555]
BT symbol: /work2/11056/zwu/frontera/enzo_gh/data/251110/ic512_b_starnetlibyt/enzo_260427.exe() [0x408139]
Caught fatal exception:

   'Error opening input file z_0011/z_0011.
'
at Group_ReadAllData.C:141

Backtrace:

BT symbol: /work2/11056/zwu/frontera/enzo_gh/data/251110/ic512_b_starnetlibyt/enzo_260427.exe() [0x769754]
BT symbol: /work2/11056/zwu/frontera/enzo_gh/data/251110/ic512_b_starnetlibyt/enzo_260427.exe() [0x408ef8]
BT symbol: /lib64/libc.so.6(__libc_start_main+0xf5) [0x2b9aad048555]
BT symbol: /work2/11056/zwu/frontera/enzo_gh/data/251110/ic512_b_starnetlibyt/enzo_260427.exe() [0x408139]
terminate called after throwing an instance of 'EnzoFatalException'
terminate called after throwing an instance of 'EnzoFatalException'
Caught fatal exception:

   'Error opening input file z_0011/z_0011.
'
at Group_ReadAllData.C:141

Backtrace:

BT symbol: /work2/11056/zwu/frontera/enzo_gh/data/251110/ic512_b_starnetlibyt/enzo_260427.exe() [0x769754]
BT symbol: /work2/11056/zwu/frontera/enzo_gh/data/251110/ic512_b_starnetlibyt/enzo_260427.exe() [0x408ef8]
BT symbol: /lib64/libc.so.6(__libc_start_main+0xf5) [0x2b1f7b127555]
BT symbol: /work2/11056/zwu/frontera/enzo_gh/data/251110/ic512_b_starnetlibyt/enzo_260427.exe() [0x408139]
terminate called after throwing an instance of 'EnzoFatalException'
terminate called after throwing an instance of 'EnzoFatalException'
terminate called after throwing an instance of 'EnzoFatalException'
terminate called after throwing an instance of 'EnzoFatalException'
Caught fatal exception:

   'Error opening input file z_0011/z_0011.
'
at Group_ReadAllData.C:141

Backtrace:

BT symbol: /work2/11056/zwu/frontera/enzo_gh/data/251110/ic512_b_starnetlibyt/enzo_260427.exe() [0x769754]
BT symbol: /work2/11056/zwu/frontera/enzo_gh/data/251110/ic512_b_starnetlibyt/enzo_260427.exe() [0x408ef8]
BT symbol: /lib64/libc.so.6(__libc_start_main+0xf5) [0x2b74e5922555]
BT symbol: /work2/11056/zwu/frontera/enzo_gh/data/251110/ic512_b_starnetlibyt/enzo_260427.exe() [0x408139]
Caught fatal exception:

   'Error opening input file z_0011/z_0011.
'
at Group_ReadAllData.C:141

Backtrace:

BT symbol: /work2/11056/zwu/frontera/enzo_gh/data/251110/ic512_b_starnetlibyt/enzo_260427.exe() [0x769754]
BT symbol: /work2/11056/zwu/frontera/enzo_gh/data/251110/ic512_b_starnetlibyt/enzo_260427.exe() [0x408ef8]
BT symbol: /lib64/libc.so.6(__libc_start_main+0xf5) [0x2ac8cb6e4555]
BT symbol: /work2/11056/zwu/frontera/enzo_gh/data/251110/ic512_b_starnetlibyt/enzo_260427.exe() [0x408139]
Caught fatal exception:

   'Error opening input file z_0011/z_0011.
'
at Group_ReadAllData.C:141

Backtrace:

BT symbol: /work2/11056/zwu/frontera/enzo_gh/data/251110/ic512_b_starnetlibyt/enzo_260427.exe() [0x769754]
BT symbol: /work2/11056/zwu/frontera/enzo_gh/data/251110/ic512_b_starnetlibyt/enzo_260427.exe() [0x408ef8]
BT symbol: /lib64/libc.so.6(__libc_start_main+0xf5) [0x2ad82ed2f555]
BT symbol: /work2/11056/zwu/frontera/enzo_gh/data/251110/ic512_b_starnetlibyt/enzo_260427.exe() [0x408139]
terminate called after throwing an instance of 'EnzoFatalException'
Caught fatal exception:

   'Error opening input file z_0011/z_0011.
'
at Group_ReadAllData.C:141

Backtrace:

BT symbol: /work2/11056/zwu/frontera/enzo_gh/data/251110/ic512_b_starnetlibyt/enzo_260427.exe() [0x769754]
BT symbol: /work2/11056/zwu/frontera/enzo_gh/data/251110/ic512_b_starnetlibyt/enzo_260427.exe() [0x408ef8]
BT symbol: /lib64/libc.so.6(__libc_start_main+0xf5) [0x2b25cd8bf555]
BT symbol: /work2/11056/zwu/frontera/enzo_gh/data/251110/ic512_b_starnetlibyt/enzo_260427.exe() [0x408139]
terminate called after throwing an instance of 'EnzoFatalException'
terminate called after throwing an instance of 'EnzoFatalException'
Caught fatal exception:

   'Error opening input file z_0011/z_0011.
'
at Group_ReadAllData.C:141

Backtrace:

BT symbol: /work2/11056/zwu/frontera/enzo_gh/data/251110/ic512_b_starnetlibyt/enzo_260427.exe() [0x769754]
BT symbol: /work2/11056/zwu/frontera/enzo_gh/data/251110/ic512_b_starnetlibyt/enzo_260427.exe() [0x408ef8]
BT symbol: /lib64/libc.so.6(__libc_start_main+0xf5) [0x2b0138f94555]
BT symbol: /work2/11056/zwu/frontera/enzo_gh/data/251110/ic512_b_starnetlibyt/enzo_260427.exe() [0x408139]
terminate called after throwing an instance of 'EnzoFatalException'
Caught fatal exception:

   'Error opening input file z_0011/z_0011.
'
at Group_ReadAllData.C:141

Backtrace:

BT symbol: /work2/11056/zwu/frontera/enzo_gh/data/251110/ic512_b_starnetlibyt/enzo_260427.exe() [0x769754]
BT symbol: /work2/11056/zwu/frontera/enzo_gh/data/251110/ic512_b_starnetlibyt/enzo_260427.exe() [0x408ef8]
BT symbol: /lib64/libc.so.6(__libc_start_main+0xf5) [0x2ae4ecc1e555]
BT symbol: /work2/11056/zwu/frontera/enzo_gh/data/251110/ic512_b_starnetlibyt/enzo_260427.exe() [0x408139]
Caught fatal exception:

   'Error opening input file z_0011/z_0011.
'
at Group_ReadAllData.C:141

Backtrace:

BT symbol: /work2/11056/zwu/frontera/enzo_gh/data/251110/ic512_b_starnetlibyt/enzo_260427.exe() [0x769754]
BT symbol: /work2/11056/zwu/frontera/enzo_gh/data/251110/ic512_b_starnetlibyt/enzo_260427.exe() [0x408ef8]
BT symbol: /lib64/libc.so.6(__libc_start_main+0xf5) [0x2b0a95602555]
BT symbol: /work2/11056/zwu/frontera/enzo_gh/data/251110/ic512_b_starnetlibyt/enzo_260427.exe() [0x408139]
terminate called after throwing an instance of 'EnzoFatalException'
terminate called after throwing an instance of 'EnzoFatalException'
Caught fatal exception:

   'Error opening input file z_0011/z_0011.
'
at Group_ReadAllData.C:141

Backtrace:

BT symbol: /work2/11056/zwu/frontera/enzo_gh/data/251110/ic512_b_starnetlibyt/enzo_260427.exe() [0x769754]
BT symbol: /work2/11056/zwu/frontera/enzo_gh/data/251110/ic512_b_starnetlibyt/enzo_260427.exe() [0x408ef8]
BT symbol: /lib64/libc.so.6(__libc_start_main+0xf5) [0x2b1292c4c555]
BT symbol: /work2/11056/zwu/frontera/enzo_gh/data/251110/ic512_b_starnetlibyt/enzo_260427.exe() [0x408139]
terminate called after throwing an instance of 'EnzoFatalException'
terminate called after throwing an instance of 'EnzoFatalException'
terminate called after throwing an instance of 'EnzoFatalException'
terminate called after throwing an instance of 'EnzoFatalException'
Caught fatal exception:

   'Error opening input file z_0011/z_0011.
'
at Group_ReadAllData.C:141

Backtrace:

BT symbol: /work2/11056/zwu/frontera/enzo_gh/data/251110/ic512_b_starnetlibyt/enzo_260427.exe() [0x769754]
BT symbol: /work2/11056/zwu/frontera/enzo_gh/data/251110/ic512_b_starnetlibyt/enzo_260427.exe() [0x408ef8]
BT symbol: /lib64/libc.so.6(__libc_start_main+0xf5) [0x2ab0bdbca555]
BT symbol: /work2/11056/zwu/frontera/enzo_gh/data/251110/ic512_b_starnetlibyt/enzo_260427.exe() [0x408139]
Caught fatal exception:

   'Error opening input file z_0011/z_0011.
'
at Group_ReadAllData.C:141

Backtrace:

BT symbol: /work2/11056/zwu/frontera/enzo_gh/data/251110/ic512_b_starnetlibyt/enzo_260427.exe() [0x769754]
BT symbol: /work2/11056/zwu/frontera/enzo_gh/data/251110/ic512_b_starnetlibyt/enzo_260427.exe() [0x408ef8]
BT symbol: /lib64/libc.so.6(__libc_start_main+0xf5) [0x2b63654f9555]
BT symbol: /work2/11056/zwu/frontera/enzo_gh/data/251110/ic512_b_starnetlibyt/enzo_260427.exe() [0x408139]
terminate called after throwing an instance of 'EnzoFatalException'
terminate called after throwing an instance of 'EnzoFatalException'
Caught fatal exception:

   'Error opening input file z_0011/z_0011.
'
at Group_ReadAllData.C:141

Backtrace:

BT symbol: /work2/11056/zwu/frontera/enzo_gh/data/251110/ic512_b_starnetlibyt/enzo_260427.exe() [0x769754]
BT symbol: /work2/11056/zwu/frontera/enzo_gh/data/251110/ic512_b_starnetlibyt/enzo_260427.exe() [0x408ef8]
BT symbol: /lib64/libc.so.6(__libc_start_main+0xf5) [0x2ae0075e4555]
BT symbol: /work2/11056/zwu/frontera/enzo_gh/data/251110/ic512_b_starnetlibyt/enzo_260427.exe() [0x408139]
terminate called after throwing an instance of 'EnzoFatalException'
terminate called after throwing an instance of 'EnzoFatalException'
Caught fatal exception:

   'Error opening input file z_0011/z_0011.
'
at Group_ReadAllData.C:141

Backtrace:

BT symbol: /work2/11056/zwu/frontera/enzo_gh/data/251110/ic512_b_starnetlibyt/enzo_260427.exe() [0x769754]
BT symbol: /work2/11056/zwu/frontera/enzo_gh/data/251110/ic512_b_starnetlibyt/enzo_260427.exe() [0x408ef8]
BT symbol: /lib64/libc.so.6(__libc_start_main+0xf5) [0x2b2946aa4555]
BT symbol: /work2/11056/zwu/frontera/enzo_gh/data/251110/ic512_b_starnetlibyt/enzo_260427.exe() [0x408139]
Caught fatal exception:

   'Error opening input file z_0011/z_0011.
'
at Group_ReadAllData.C:141

Backtrace:

BT symbol: /work2/11056/zwu/frontera/enzo_gh/data/251110/ic512_b_starnetlibyt/enzo_260427.exe() [0x769754]
BT symbol: /work2/11056/zwu/frontera/enzo_gh/data/251110/ic512_b_starnetlibyt/enzo_260427.exe() [0x408ef8]
BT symbol: /lib64/libc.so.6(__libc_start_main+0xf5) [0x2b6dd144c555]
BT symbol: /work2/11056/zwu/frontera/enzo_gh/data/251110/ic512_b_starnetlibyt/enzo_260427.exe() [0x408139]
terminate called after throwing an instance of 'EnzoFatalException'
terminate called after throwing an instance of 'EnzoFatalException'
terminate called after throwing an instance of 'EnzoFatalException'
terminate called after throwing an instance of 'EnzoFatalException'
Caught fatal exception:

   'Error opening input file z_0011/z_0011.
'
at Group_ReadAllData.C:141

Backtrace:

BT symbol: /work2/11056/zwu/frontera/enzo_gh/data/251110/ic512_b_starnetlibyt/enzo_260427.exe() [0x769754]
BT symbol: /work2/11056/zwu/frontera/enzo_gh/data/251110/ic512_b_starnetlibyt/enzo_260427.exe() [0x408ef8]
BT symbol: /lib64/libc.so.6(__libc_start_main+0xf5) [0x2b91d0866555]
BT symbol: /work2/11056/zwu/frontera/enzo_gh/data/251110/ic512_b_starnetlibyt/enzo_260427.exe() [0x408139]
terminate called after throwing an instance of 'EnzoFatalException'
terminate called after throwing an instance of 'EnzoFatalException'
terminate called after throwing an instance of 'EnzoFatalException'
terminate called after throwing an instance of 'EnzoFatalException'
Caught fatal exception:

   'Error opening input file z_0011/z_0011.
'
at Group_ReadAllData.C:141

Backtrace:

BT symbol: /work2/11056/zwu/frontera/enzo_gh/data/251110/ic512_b_starnetlibyt/enzo_260427.exe() [0x769754]
BT symbol: /work2/11056/zwu/frontera/enzo_gh/data/251110/ic512_b_starnetlibyt/enzo_260427.exe() [0x408ef8]
BT symbol: /lib64/libc.so.6(__libc_start_main+0xf5) [0x2b506780b555]
BT symbol: /work2/11056/zwu/frontera/enzo_gh/data/251110/ic512_b_starnetlibyt/enzo_260427.exe() [0x408139]
Caught fatal exception:

   'Error opening input file z_0011/z_0011.
'
at Group_ReadAllData.C:141

Backtrace:

BT symbol: /work2/11056/zwu/frontera/enzo_gh/data/251110/ic512_b_starnetlibyt/enzo_260427.exe() [0x769754]
BT symbol: /work2/11056/zwu/frontera/enzo_gh/data/251110/ic512_b_starnetlibyt/enzo_260427.exe() [0x408ef8]
BT symbol: /lib64/libc.so.6(__libc_start_main+0xf5) [0x2b22045c5555]
BT symbol: /work2/11056/zwu/frontera/enzo_gh/data/251110/ic512_b_starnetlibyt/enzo_260427.exe() [0x408139]
Caught fatal exception:

   'Error opening input file z_0011/z_0011.
'
at Group_ReadAllData.C:141

Backtrace:

BT symbol: /work2/11056/zwu/frontera/enzo_gh/data/251110/ic512_b_starnetlibyt/enzo_260427.exe() [0x769754]
BT symbol: /work2/11056/zwu/frontera/enzo_gh/data/251110/ic512_b_starnetlibyt/enzo_260427.exe() [0x408ef8]
BT symbol: /lib64/libc.so.6(__libc_start_main+0xf5) [0x2b89e6aba555]
BT symbol: /work2/11056/zwu/frontera/enzo_gh/data/251110/ic512_b_starnetlibyt/enzo_260427.exe() [0x408139]
Caught fatal exception:

   'Error opening input file z_0011/z_0011.
'
at Group_ReadAllData.C:141

Backtrace:

BT symbol: /work2/11056/zwu/frontera/enzo_gh/data/251110/ic512_b_starnetlibyt/enzo_260427.exe() [0x769754]
BT symbol: /work2/11056/zwu/frontera/enzo_gh/data/251110/ic512_b_starnetlibyt/enzo_260427.exe() [0x408ef8]
BT symbol: /lib64/libc.so.6(__libc_start_main+0xf5) [0x2ac47030f555]
BT symbol: /work2/11056/zwu/frontera/enzo_gh/data/251110/ic512_b_starnetlibyt/enzo_260427.exe() [0x408139]
Caught fatal exception:

   'Error opening input file z_0011/z_0011.
'
at Group_ReadAllData.C:141

Backtrace:

BT symbol: /work2/11056/zwu/frontera/enzo_gh/data/251110/ic512_b_starnetlibyt/enzo_260427.exe() [0x769754]
BT symbol: /work2/11056/zwu/frontera/enzo_gh/data/251110/ic512_b_starnetlibyt/enzo_260427.exe() [0x408ef8]
BT symbol: /lib64/libc.so.6(__libc_start_main+0xf5) [0x2afaf76a1555]
BT symbol: /work2/11056/zwu/frontera/enzo_gh/data/251110/ic512_b_starnetlibyt/enzo_260427.exe() [0x408139]
terminate called after throwing an instance of 'EnzoFatalException'
terminate called after throwing an instance of 'EnzoFatalException'
Caught fatal exception:

   'Error opening input file z_0011/z_0011.
'
at Group_ReadAllData.C:141

Backtrace:

BT symbol: /work2/11056/zwu/frontera/enzo_gh/data/251110/ic512_b_starnetlibyt/enzo_260427.exe() [0x769754]
BT symbol: /work2/11056/zwu/frontera/enzo_gh/data/251110/ic512_b_starnetlibyt/enzo_260427.exe() [0x408ef8]
BT symbol: /lib64/libc.so.6(__libc_start_main+0xf5) [0x2b0be2e7b555]
BT symbol: /work2/11056/zwu/frontera/enzo_gh/data/251110/ic512_b_starnetlibyt/enzo_260427.exe() [0x408139]
terminate called after throwing an instance of 'EnzoFatalException'
terminate called after throwing an instance of 'EnzoFatalException'
Caught fatal exception:

   'Error opening input file z_0011/z_0011.
'
at Group_ReadAllData.C:141

Backtrace:

BT symbol: /work2/11056/zwu/frontera/enzo_gh/data/251110/ic512_b_starnetlibyt/enzo_260427.exe() [0x769754]
BT symbol: /work2/11056/zwu/frontera/enzo_gh/data/251110/ic512_b_starnetlibyt/enzo_260427.exe() [0x408ef8]
BT symbol: /lib64/libc.so.6(__libc_start_main+0xf5) [0x2ab8ce675555]
BT symbol: /work2/11056/zwu/frontera/enzo_gh/data/251110/ic512_b_starnetlibyt/enzo_260427.exe() [0x408139]
terminate called after throwing an instance of 'EnzoFatalException'
terminate called after throwing an instance of 'EnzoFatalException'
Caught fatal exception:

   'Error opening input file z_0011/z_0011.
'
at Group_ReadAllData.C:141

Backtrace:

BT symbol: /work2/11056/zwu/frontera/enzo_gh/data/251110/ic512_b_starnetlibyt/enzo_260427.exe() [0x769754]
BT symbol: /work2/11056/zwu/frontera/enzo_gh/data/251110/ic512_b_starnetlibyt/enzo_260427.exe() [0x408ef8]
BT symbol: /lib64/libc.so.6(__libc_start_main+0xf5) [0x2b599b82c555]
BT symbol: /work2/11056/zwu/frontera/enzo_gh/data/251110/ic512_b_starnetlibyt/enzo_260427.exe() [0x408139]
terminate called after throwing an instance of 'EnzoFatalException'
terminate called after throwing an instance of 'EnzoFatalException'
terminate called after throwing an instance of 'EnzoFatalException'
terminate called after throwing an instance of 'EnzoFatalException'
Caught fatal exception:

   'Error opening input file z_0011/z_0011.
'
at Group_ReadAllData.C:141

Backtrace:

BT symbol: /work2/11056/zwu/frontera/enzo_gh/data/251110/ic512_b_starnetlibyt/enzo_260427.exe() [0x769754]
BT symbol: /work2/11056/zwu/frontera/enzo_gh/data/251110/ic512_b_starnetlibyt/enzo_260427.exe() [0x408ef8]
BT symbol: /lib64/libc.so.6(__libc_start_main+0xf5) [0x2b8108237555]
BT symbol: /work2/11056/zwu/frontera/enzo_gh/data/251110/ic512_b_starnetlibyt/enzo_260427.exe() [0x408139]
terminate called after throwing an instance of 'EnzoFatalException'
terminate called after throwing an instance of 'EnzoFatalException'
terminate called after throwing an instance of 'EnzoFatalException'
terminate called after throwing an instance of 'EnzoFatalException'
Caught fatal exception:

   'Error opening input file z_0011/z_0011.
'
at Group_ReadAllData.C:141

Backtrace:

BT symbol: /work2/11056/zwu/frontera/enzo_gh/data/251110/ic512_b_starnetlibyt/enzo_260427.exe() [0x769754]
BT symbol: /work2/11056/zwu/frontera/enzo_gh/data/251110/ic512_b_starnetlibyt/enzo_260427.exe() [0x408ef8]
BT symbol: /lib64/libc.so.6(__libc_start_main+0xf5) [0x2ae24bae2555]
BT symbol: /work2/11056/zwu/frontera/enzo_gh/data/251110/ic512_b_starnetlibyt/enzo_260427.exe() [0x408139]
terminate called after throwing an instance of 'EnzoFatalException'
Caught fatal exception:

   'Error opening input file z_0011/z_0011.
'
at Group_ReadAllData.C:141

Backtrace:

BT symbol: /work2/11056/zwu/frontera/enzo_gh/data/251110/ic512_b_starnetlibyt/enzo_260427.exe() [0x769754]
BT symbol: /work2/11056/zwu/frontera/enzo_gh/data/251110/ic512_b_starnetlibyt/enzo_260427.exe() [0x408ef8]
BT symbol: /lib64/libc.so.6(__libc_start_main+0xf5) [0x2afb2743a555]
BT symbol: /work2/11056/zwu/frontera/enzo_gh/data/251110/ic512_b_starnetlibyt/enzo_260427.exe() [0x408139]
Caught fatal exception:

   'Error opening input file z_0011/z_0011.
'
at Group_ReadAllData.C:141

Backtrace:

BT symbol: /work2/11056/zwu/frontera/enzo_gh/data/251110/ic512_b_starnetlibyt/enzo_260427.exe() [0x769754]
BT symbol: /work2/11056/zwu/frontera/enzo_gh/data/251110/ic512_b_starnetlibyt/enzo_260427.exe() [0x408ef8]
BT symbol: /lib64/libc.so.6(__libc_start_main+0xf5) [0x2ac6883f6555]
BT symbol: /work2/11056/zwu/frontera/enzo_gh/data/251110/ic512_b_starnetlibyt/enzo_260427.exe() [0x408139]
terminate called after throwing an instance of 'EnzoFatalException'
terminate called after throwing an instance of 'EnzoFatalException'
Caught fatal exception:

   'Error opening input file z_0011/z_0011.
'
at Group_ReadAllData.C:141

Backtrace:

BT symbol: /work2/11056/zwu/frontera/enzo_gh/data/251110/ic512_b_starnetlibyt/enzo_260427.exe() [0x769754]
BT symbol: /work2/11056/zwu/frontera/enzo_gh/data/251110/ic512_b_starnetlibyt/enzo_260427.exe() [0x408ef8]
BT symbol: /lib64/libc.so.6(__libc_start_main+0xf5) [0x2b2ca8b02555]
BT symbol: /work2/11056/zwu/frontera/enzo_gh/data/251110/ic512_b_starnetlibyt/enzo_260427.exe() [0x408139]
terminate called after throwing an instance of 'EnzoFatalException'
terminate called after throwing an instance of 'EnzoFatalException'
Caught fatal exception:

   'Error opening input file z_0011/z_0011.
'
at Group_ReadAllData.C:141

Backtrace:

BT symbol: /work2/11056/zwu/frontera/enzo_gh/data/251110/ic512_b_starnetlibyt/enzo_260427.exe() [0x769754]
BT symbol: /work2/11056/zwu/frontera/enzo_gh/data/251110/ic512_b_starnetlibyt/enzo_260427.exe() [0x408ef8]
BT symbol: /lib64/libc.so.6(__libc_start_main+0xf5) [0x2ab33c018555]
BT symbol: /work2/11056/zwu/frontera/enzo_gh/data/251110/ic512_b_starnetlibyt/enzo_260427.exe() [0x408139]
terminate called after throwing an instance of 'EnzoFatalException'
terminate called after throwing an instance of 'EnzoFatalException'
terminate called after throwing an instance of 'EnzoFatalException'
Caught fatal exception:

   'Error opening input file z_0011/z_0011.
'
at Group_ReadAllData.C:141

Backtrace:

BT symbol: /work2/11056/zwu/frontera/enzo_gh/data/251110/ic512_b_starnetlibyt/enzo_260427.exe() [0x769754]
BT symbol: /work2/11056/zwu/frontera/enzo_gh/data/251110/ic512_b_starnetlibyt/enzo_260427.exe() [0x408ef8]
BT symbol: /lib64/libc.so.6(__libc_start_main+0xf5) [0x2b6787ce9555]
BT symbol: /work2/11056/zwu/frontera/enzo_gh/data/251110/ic512_b_starnetlibyt/enzo_260427.exe() [0x408139]
Caught fatal exception:

   'Error opening input file z_0011/z_0011.
'
at Group_ReadAllData.C:141

Backtrace:

BT symbol: /work2/11056/zwu/frontera/enzo_gh/data/251110/ic512_b_starnetlibyt/enzo_260427.exe() [0x769754]
BT symbol: /work2/11056/zwu/frontera/enzo_gh/data/251110/ic512_b_starnetlibyt/enzo_260427.exe() [0x408ef8]
BT symbol: /lib64/libc.so.6(__libc_start_main+0xf5) [0x2baa46cd1555]
BT symbol: /work2/11056/zwu/frontera/enzo_gh/data/251110/ic512_b_starnetlibyt/enzo_260427.exe() [0x408139]
terminate called after throwing an instance of 'EnzoFatalException'
Caught fatal exception:

   'Error opening input file z_0011/z_0011.
'
at Group_ReadAllData.C:141

Backtrace:

BT symbol: /work2/11056/zwu/frontera/enzo_gh/data/251110/ic512_b_starnetlibyt/enzo_260427.exe() [0x769754]
BT symbol: /work2/11056/zwu/frontera/enzo_gh/data/251110/ic512_b_starnetlibyt/enzo_260427.exe() [0x408ef8]
BT symbol: /lib64/libc.so.6(__libc_start_main+0xf5) [0x2b84ff2bb555]
BT symbol: /work2/11056/zwu/frontera/enzo_gh/data/251110/ic512_b_starnetlibyt/enzo_260427.exe() [0x408139]
terminate called after throwing an instance of 'EnzoFatalException'
terminate called after throwing an instance of 'EnzoFatalException'
Caught fatal exception:

   'Error opening input file z_0011/z_0011.
'
at Group_ReadAllData.C:141

Backtrace:

BT symbol: /work2/11056/zwu/frontera/enzo_gh/data/251110/ic512_b_starnetlibyt/enzo_260427.exe() [0x769754]
BT symbol: /work2/11056/zwu/frontera/enzo_gh/data/251110/ic512_b_starnetlibyt/enzo_260427.exe() [0x408ef8]
BT symbol: /lib64/libc.so.6(__libc_start_main+0xf5) [0x2aafb75a2555]
BT symbol: /work2/11056/zwu/frontera/enzo_gh/data/251110/ic512_b_starnetlibyt/enzo_260427.exe() [0x408139]
terminate called after throwing an instance of 'EnzoFatalException'
Caught fatal exception:

   'Error opening input file z_0011/z_0011.
'
at Group_ReadAllData.C:141

Backtrace:

BT symbol: /work2/11056/zwu/frontera/enzo_gh/data/251110/ic512_b_starnetlibyt/enzo_260427.exe() [0x769754]
BT symbol: /work2/11056/zwu/frontera/enzo_gh/data/251110/ic512_b_starnetlibyt/enzo_260427.exe() [0x408ef8]
BT symbol: /lib64/libc.so.6(__libc_start_main+0xf5) [0x2b6b98e6d555]
BT symbol: /work2/11056/zwu/frontera/enzo_gh/data/251110/ic512_b_starnetlibyt/enzo_260427.exe() [0x408139]
Caught fatal exception:

   'Error opening input file z_0011/z_0011.
'
at Group_ReadAllData.C:141

Backtrace:

BT symbol: /work2/11056/zwu/frontera/enzo_gh/data/251110/ic512_b_starnetlibyt/enzo_260427.exe() [0x769754]
BT symbol: /work2/11056/zwu/frontera/enzo_gh/data/251110/ic512_b_starnetlibyt/enzo_260427.exe() [0x408ef8]
BT symbol: /lib64/libc.so.6(__libc_start_main+0xf5) [0x2b8b8e443555]
BT symbol: /work2/11056/zwu/frontera/enzo_gh/data/251110/ic512_b_starnetlibyt/enzo_260427.exe() [0x408139]
terminate called after throwing an instance of 'EnzoFatalException'
terminate called after throwing an instance of 'EnzoFatalException'
Caught fatal exception:

   'Error opening input file z_0011/z_0011.
'
at Group_ReadAllData.C:141

Backtrace:

BT symbol: /work2/11056/zwu/frontera/enzo_gh/data/251110/ic512_b_starnetlibyt/enzo_260427.exe() [0x769754]
BT symbol: /work2/11056/zwu/frontera/enzo_gh/data/251110/ic512_b_starnetlibyt/enzo_260427.exe() [0x408ef8]
BT symbol: /lib64/libc.so.6(__libc_start_main+0xf5) [0x2ac6322fb555]
BT symbol: /work2/11056/zwu/frontera/enzo_gh/data/251110/ic512_b_starnetlibyt/enzo_260427.exe() [0x408139]
terminate called after throwing an instance of 'EnzoFatalException'
terminate called after throwing an instance of 'EnzoFatalException'
terminate called after throwing an instance of 'EnzoFatalException'
Caught fatal exception:

   'Error opening input file z_0011/z_0011.
'
at Group_ReadAllData.C:141

Backtrace:

BT symbol: /work2/11056/zwu/frontera/enzo_gh/data/251110/ic512_b_starnetlibyt/enzo_260427.exe() [0x769754]
BT symbol: /work2/11056/zwu/frontera/enzo_gh/data/251110/ic512_b_starnetlibyt/enzo_260427.exe() [0x408ef8]
BT symbol: /lib64/libc.so.6(__libc_start_main+0xf5) [0x2b134a278555]
BT symbol: /work2/11056/zwu/frontera/enzo_gh/data/251110/ic512_b_starnetlibyt/enzo_260427.exe() [0x408139]
terminate called after throwing an instance of 'EnzoFatalException'
terminate called after throwing an instance of 'EnzoFatalException'
terminate called after throwing an instance of 'EnzoFatalException'
terminate called after throwing an instance of 'EnzoFatalException'
terminate called after throwing an instance of 'EnzoFatalException'
terminate called after throwing an instance of 'EnzoFatalException'
Caught fatal exception:

   'Error opening input file z_0011/z_0011.
'
at Group_ReadAllData.C:141

Backtrace:

BT symbol: /work2/11056/zwu/frontera/enzo_gh/data/251110/ic512_b_starnetlibyt/enzo_260427.exe() [0x769754]
BT symbol: /work2/11056/zwu/frontera/enzo_gh/data/251110/ic512_b_starnetlibyt/enzo_260427.exe() [0x408ef8]
BT symbol: /lib64/libc.so.6(__libc_start_main+0xf5) [0x2b773288f555]
BT symbol: /work2/11056/zwu/frontera/enzo_gh/data/251110/ic512_b_starnetlibyt/enzo_260427.exe() [0x408139]
terminate called after throwing an instance of 'EnzoFatalException'
terminate called after throwing an instance of 'EnzoFatalException'
terminate called after throwing an instance of 'EnzoFatalException'
Caught fatal exception:

   'Error opening input file z_0011/z_0011.
'
at Group_ReadAllData.C:141

Backtrace:

BT symbol: /work2/11056/zwu/frontera/enzo_gh/data/251110/ic512_b_starnetlibyt/enzo_260427.exe() [0x769754]
BT symbol: /work2/11056/zwu/frontera/enzo_gh/data/251110/ic512_b_starnetlibyt/enzo_260427.exe() [0x408ef8]
BT symbol: /lib64/libc.so.6(__libc_start_main+0xf5) [0x2b669b535555]
BT symbol: /work2/11056/zwu/frontera/enzo_gh/data/251110/ic512_b_starnetlibyt/enzo_260427.exe() [0x408139]
Caught fatal exception:

   'Error opening input file z_0011/z_0011.
'
at Group_ReadAllData.C:141

Backtrace:

BT symbol: /work2/11056/zwu/frontera/enzo_gh/data/251110/ic512_b_starnetlibyt/enzo_260427.exe() [0x769754]
BT symbol: /work2/11056/zwu/frontera/enzo_gh/data/251110/ic512_b_starnetlibyt/enzo_260427.exe() [0x408ef8]
BT symbol: /lib64/libc.so.6(__libc_start_main+0xf5) [0x2b9485e29555]
BT symbol: /work2/11056/zwu/frontera/enzo_gh/data/251110/ic512_b_starnetlibyt/enzo_260427.exe() [0x408139]
terminate called after throwing an instance of 'EnzoFatalException'
terminate called after throwing an instance of 'EnzoFatalException'
Caught fatal exception:

   'Error opening input file z_0011/z_0011.
'
at Group_ReadAllData.C:141

Backtrace:

BT symbol: /work2/11056/zwu/frontera/enzo_gh/data/251110/ic512_b_starnetlibyt/enzo_260427.exe() [0x769754]
BT symbol: /work2/11056/zwu/frontera/enzo_gh/data/251110/ic512_b_starnetlibyt/enzo_260427.exe() [0x408ef8]
BT symbol: /lib64/libc.so.6(__libc_start_main+0xf5) [0x2aaebb1c6555]
BT symbol: /work2/11056/zwu/frontera/enzo_gh/data/251110/ic512_b_starnetlibyt/enzo_260427.exe() [0x408139]
terminate called after throwing an instance of 'EnzoFatalException'
terminate called after throwing an instance of 'EnzoFatalException'
terminate called after throwing an instance of 'EnzoFatalException'
Caught fatal exception:

   'Error opening input file z_0011/z_0011.
'
at Group_ReadAllData.C:141

Backtrace:

BT symbol: /work2/11056/zwu/frontera/enzo_gh/data/251110/ic512_b_starnetlibyt/enzo_260427.exe() [0x769754]
BT symbol: /work2/11056/zwu/frontera/enzo_gh/data/251110/ic512_b_starnetlibyt/enzo_260427.exe() [0x408ef8]
BT symbol: /lib64/libc.so.6(__libc_start_main+0xf5) [0x2b3037e67555]
BT symbol: /work2/11056/zwu/frontera/enzo_gh/data/251110/ic512_b_starnetlibyt/enzo_260427.exe() [0x408139]
terminate called after throwing an instance of 'EnzoFatalException'
terminate called after throwing an instance of 'EnzoFatalException'
terminate called after throwing an instance of 'EnzoFatalException'
terminate called after throwing an instance of 'EnzoFatalException'
terminate called after throwing an instance of 'EnzoFatalException'
Caught fatal exception:

   'Error opening input file z_0011/z_0011.
'
at Group_ReadAllData.C:141

Backtrace:

BT symbol: /work2/11056/zwu/frontera/enzo_gh/data/251110/ic512_b_starnetlibyt/enzo_260427.exe() [0x769754]
BT symbol: /work2/11056/zwu/frontera/enzo_gh/data/251110/ic512_b_starnetlibyt/enzo_260427.exe() [0x408ef8]
BT symbol: /lib64/libc.so.6(__libc_start_main+0xf5) [0x2aaccd022555]
BT symbol: /work2/11056/zwu/frontera/enzo_gh/data/251110/ic512_b_starnetlibyt/enzo_260427.exe() [0x408139]
terminate called after throwing an instance of 'EnzoFatalException'
terminate called after throwing an instance of 'EnzoFatalException'
terminate called after throwing an instance of 'EnzoFatalException'
terminate called after throwing an instance of 'EnzoFatalException'
Caught fatal exception:

   'Error opening input file z_0011/z_0011.
'
at Group_ReadAllData.C:141

Backtrace:

BT symbol: /work2/11056/zwu/frontera/enzo_gh/data/251110/ic512_b_starnetlibyt/enzo_260427.exe() [0x769754]
BT symbol: /work2/11056/zwu/frontera/enzo_gh/data/251110/ic512_b_starnetlibyt/enzo_260427.exe() [0x408ef8]
BT symbol: /lib64/libc.so.6(__libc_start_main+0xf5) [0x2ae5bc06f555]
BT symbol: /work2/11056/zwu/frontera/enzo_gh/data/251110/ic512_b_starnetlibyt/enzo_260427.exe() [0x408139]
Caught fatal exception:

   'Error opening input file z_0011/z_0011.
'
at Group_ReadAllData.C:141

Backtrace:

BT symbol: /work2/11056/zwu/frontera/enzo_gh/data/251110/ic512_b_starnetlibyt/enzo_260427.exe() [0x769754]
BT symbol: /work2/11056/zwu/frontera/enzo_gh/data/251110/ic512_b_starnetlibyt/enzo_260427.exe() [0x408ef8]
BT symbol: /lib64/libc.so.6(__libc_start_main+0xf5) [0x2afd4831d555]
BT symbol: /work2/11056/zwu/frontera/enzo_gh/data/251110/ic512_b_starnetlibyt/enzo_260427.exe() [0x408139]
Caught fatal exception:

   'Error opening input file z_0011/z_0011.
'
at Group_ReadAllData.C:141

Backtrace:

BT symbol: /work2/11056/zwu/frontera/enzo_gh/data/251110/ic512_b_starnetlibyt/enzo_260427.exe() [0x769754]
BT symbol: /work2/11056/zwu/frontera/enzo_gh/data/251110/ic512_b_starnetlibyt/enzo_260427.exe() [0x408ef8]
BT symbol: /lib64/libc.so.6(__libc_start_main+0xf5) [0x2b3adc163555]
BT symbol: /work2/11056/zwu/frontera/enzo_gh/data/251110/ic512_b_starnetlibyt/enzo_260427.exe() [0x408139]
Caught fatal exception:

   'Error opening input file z_0011/z_0011.
'
at Group_ReadAllData.C:141

Backtrace:

BT symbol: /work2/11056/zwu/frontera/enzo_gh/data/251110/ic512_b_starnetlibyt/enzo_260427.exe() [0x769754]
BT symbol: /work2/11056/zwu/frontera/enzo_gh/data/251110/ic512_b_starnetlibyt/enzo_260427.exe() [0x408ef8]
BT symbol: /lib64/libc.so.6(__libc_start_main+0xf5) [0x2afb8dd5c555]
BT symbol: /work2/11056/zwu/frontera/enzo_gh/data/251110/ic512_b_starnetlibyt/enzo_260427.exe() [0x408139]
terminate called after throwing an instance of 'EnzoFatalException'
terminate called after throwing an instance of 'EnzoFatalException'
terminate called after throwing an instance of 'EnzoFatalException'
terminate called after throwing an instance of 'EnzoFatalException'
terminate called after throwing an instance of 'EnzoFatalException'
terminate called after throwing an instance of 'EnzoFatalException'
terminate called after throwing an instance of 'EnzoFatalException'
Caught fatal exception:

   'Error opening input file z_0011/z_0011.
'
at Group_ReadAllData.C:141

Backtrace:

BT symbol: /work2/11056/zwu/frontera/enzo_gh/data/251110/ic512_b_starnetlibyt/enzo_260427.exe() [0x769754]
BT symbol: /work2/11056/zwu/frontera/enzo_gh/data/251110/ic512_b_starnetlibyt/enzo_260427.exe() [0x408ef8]
BT symbol: /lib64/libc.so.6(__libc_start_main+0xf5) [0x2ad354170555]
BT symbol: /work2/11056/zwu/frontera/enzo_gh/data/251110/ic512_b_starnetlibyt/enzo_260427.exe() [0x408139]
terminate called after throwing an instance of 'EnzoFatalException'
terminate called after throwing an instance of 'EnzoFatalException'
terminate called after throwing an instance of 'EnzoFatalException'
terminate called after throwing an instance of 'EnzoFatalException'
terminate called after throwing an instance of 'EnzoFatalException'
terminate called after throwing an instance of 'EnzoFatalException'
terminate called after throwing an instance of 'EnzoFatalException'
terminate called after throwing an instance of 'EnzoFatalException'
terminate called after throwing an instance of 'EnzoFatalException'
terminate called after throwing an instance of 'EnzoFatalException'
Caught fatal exception:

   'Error opening input file z_0011/z_0011.
'
at Group_ReadAllData.C:141

Backtrace:

BT symbol: /work2/11056/zwu/frontera/enzo_gh/data/251110/ic512_b_starnetlibyt/enzo_260427.exe() [0x769754]
BT symbol: /work2/11056/zwu/frontera/enzo_gh/data/251110/ic512_b_starnetlibyt/enzo_260427.exe() [0x408ef8]
BT symbol: /lib64/libc.so.6(__libc_start_main+0xf5) [0x2ba37c9c9555]
BT symbol: /work2/11056/zwu/frontera/enzo_gh/data/251110/ic512_b_starnetlibyt/enzo_260427.exe() [0x408139]
terminate called after throwing an instance of 'EnzoFatalException'
terminate called after throwing an instance of 'EnzoFatalException'
terminate called after throwing an instance of 'EnzoFatalException'
terminate called after throwing an instance of 'EnzoFatalException'
Caught fatal exception:

   'Error opening input file z_0011/z_0011.
'
at Group_ReadAllData.C:141

Backtrace:

BT symbol: /work2/11056/zwu/frontera/enzo_gh/data/251110/ic512_b_starnetlibyt/enzo_260427.exe() [0x769754]
BT symbol: /work2/11056/zwu/frontera/enzo_gh/data/251110/ic512_b_starnetlibyt/enzo_260427.exe() [0x408ef8]
BT symbol: /lib64/libc.so.6(__libc_start_main+0xf5) [0x2ba0afd10555]
BT symbol: /work2/11056/zwu/frontera/enzo_gh/data/251110/ic512_b_starnetlibyt/enzo_260427.exe() [0x408139]
terminate called after throwing an instance of 'EnzoFatalException'
terminate called after throwing an instance of 'EnzoFatalException'
terminate called after throwing an instance of 'EnzoFatalException'
Caught fatal exception:

   'Error opening input file z_0011/z_0011.
'
at Group_ReadAllData.C:141

Backtrace:

BT symbol: /work2/11056/zwu/frontera/enzo_gh/data/251110/ic512_b_starnetlibyt/enzo_260427.exe() [0x769754]
BT symbol: /work2/11056/zwu/frontera/enzo_gh/data/251110/ic512_b_starnetlibyt/enzo_260427.exe() [0x408ef8]
BT symbol: /lib64/libc.so.6(__libc_start_main+0xf5) [0x2b03bfe7d555]
BT symbol: /work2/11056/zwu/frontera/enzo_gh/data/251110/ic512_b_starnetlibyt/enzo_260427.exe() [0x408139]
terminate called after throwing an instance of 'EnzoFatalException'
terminate called after throwing an instance of 'EnzoFatalException'
Caught fatal exception:

   'Error opening input file z_0011/z_0011.
'
at Group_ReadAllData.C:141

Backtrace:

BT symbol: /work2/11056/zwu/frontera/enzo_gh/data/251110/ic512_b_starnetlibyt/enzo_260427.exe() [0x769754]
BT symbol: /work2/11056/zwu/frontera/enzo_gh/data/251110/ic512_b_starnetlibyt/enzo_260427.exe() [0x408ef8]
BT symbol: /lib64/libc.so.6(__libc_start_main+0xf5) [0x2af489bc9555]
BT symbol: /work2/11056/zwu/frontera/enzo_gh/data/251110/ic512_b_starnetlibyt/enzo_260427.exe() [0x408139]
terminate called after throwing an instance of 'EnzoFatalException'
terminate called after throwing an instance of 'EnzoFatalException'
terminate called after throwing an instance of 'EnzoFatalException'
terminate called after throwing an instance of 'EnzoFatalException'
Caught fatal exception:

   'Error opening input file z_0011/z_0011.
'
at Group_ReadAllData.C:141

Backtrace:

BT symbol: /work2/11056/zwu/frontera/enzo_gh/data/251110/ic512_b_starnetlibyt/enzo_260427.exe() [0x769754]
BT symbol: /work2/11056/zwu/frontera/enzo_gh/data/251110/ic512_b_starnetlibyt/enzo_260427.exe() [0x408ef8]
BT symbol: /lib64/libc.so.6(__libc_start_main+0xf5) [0x2b2a7bd98555]
BT symbol: /work2/11056/zwu/frontera/enzo_gh/data/251110/ic512_b_starnetlibyt/enzo_260427.exe() [0x408139]
terminate called after throwing an instance of 'EnzoFatalException'
terminate called after throwing an instance of 'EnzoFatalException'
Caught fatal exception:

   'Error opening input file z_0011/z_0011.
'
at Group_ReadAllData.C:141

Backtrace:

BT symbol: /work2/11056/zwu/frontera/enzo_gh/data/251110/ic512_b_starnetlibyt/enzo_260427.exe() [0x769754]
BT symbol: /work2/11056/zwu/frontera/enzo_gh/data/251110/ic512_b_starnetlibyt/enzo_260427.exe() [0x408ef8]
BT symbol: /lib64/libc.so.6(__libc_start_main+0xf5) [0x2b1129d2e555]
BT symbol: /work2/11056/zwu/frontera/enzo_gh/data/251110/ic512_b_starnetlibyt/enzo_260427.exe() [0x408139]
terminate called after throwing an instance of 'EnzoFatalException'
terminate called after throwing an instance of 'EnzoFatalException'
terminate called after throwing an instance of 'EnzoFatalException'
Caught fatal exception:

   'Error opening input file z_0011/z_0011.
'
at Group_ReadAllData.C:141

Backtrace:

BT symbol: /work2/11056/zwu/frontera/enzo_gh/data/251110/ic512_b_starnetlibyt/enzo_260427.exe() [0x769754]
BT symbol: /work2/11056/zwu/frontera/enzo_gh/data/251110/ic512_b_starnetlibyt/enzo_260427.exe() [0x408ef8]
BT symbol: /lib64/libc.so.6(__libc_start_main+0xf5) [0x2abfa8997555]
BT symbol: /work2/11056/zwu/frontera/enzo_gh/data/251110/ic512_b_starnetlibyt/enzo_260427.exe() [0x408139]
terminate called after throwing an instance of 'EnzoFatalException'
Caught fatal exception:

   'Error opening input file z_0011/z_0011.
'
at Group_ReadAllData.C:141

Backtrace:

BT symbol: /work2/11056/zwu/frontera/enzo_gh/data/251110/ic512_b_starnetlibyt/enzo_260427.exe() [0x769754]
BT symbol: /work2/11056/zwu/frontera/enzo_gh/data/251110/ic512_b_starnetlibyt/enzo_260427.exe() [0x408ef8]
BT symbol: /lib64/libc.so.6(__libc_start_main+0xf5) [0x2b824bc9e555]
BT symbol: /work2/11056/zwu/frontera/enzo_gh/data/251110/ic512_b_starnetlibyt/enzo_260427.exe() [0x408139]
terminate called after throwing an instance of 'EnzoFatalException'
terminate called after throwing an instance of 'EnzoFatalException'
Caught fatal exception:

   'Error opening input file z_0011/z_0011.
'
at Group_ReadAllData.C:141

Backtrace:

BT symbol: /work2/11056/zwu/frontera/enzo_gh/data/251110/ic512_b_starnetlibyt/enzo_260427.exe() [0x769754]
BT symbol: /work2/11056/zwu/frontera/enzo_gh/data/251110/ic512_b_starnetlibyt/enzo_260427.exe() [0x408ef8]
BT symbol: /lib64/libc.so.6(__libc_start_main+0xf5) [0x2b05edb71555]
BT symbol: /work2/11056/zwu/frontera/enzo_gh/data/251110/ic512_b_starnetlibyt/enzo_260427.exe() [0x408139]
terminate called after throwing an instance of 'EnzoFatalException'
terminate called after throwing an instance of 'EnzoFatalException'
Caught fatal exception:

   'Error opening input file z_0011/z_0011.
'
at Group_ReadAllData.C:141

Backtrace:

BT symbol: /work2/11056/zwu/frontera/enzo_gh/data/251110/ic512_b_starnetlibyt/enzo_260427.exe() [0x769754]
BT symbol: /work2/11056/zwu/frontera/enzo_gh/data/251110/ic512_b_starnetlibyt/enzo_260427.exe() [0x408ef8]
BT symbol: /lib64/libc.so.6(__libc_start_main+0xf5) [0x2ba25d557555]
BT symbol: /work2/11056/zwu/frontera/enzo_gh/data/251110/ic512_b_starnetlibyt/enzo_260427.exe() [0x408139]
terminate called after throwing an instance of 'EnzoFatalException'
terminate called after throwing an instance of 'EnzoFatalException'
terminate called after throwing an instance of 'EnzoFatalException'
terminate called after throwing an instance of 'EnzoFatalException'
terminate called after throwing an instance of 'EnzoFatalException'
terminate called after throwing an instance of 'EnzoFatalException'
terminate called after throwing an instance of 'EnzoFatalException'
Caught fatal exception:

   'Error opening input file z_0011/z_0011.
'
at Group_ReadAllData.C:141

Backtrace:

BT symbol: /work2/11056/zwu/frontera/enzo_gh/data/251110/ic512_b_starnetlibyt/enzo_260427.exe() [0x769754]
BT symbol: /work2/11056/zwu/frontera/enzo_gh/data/251110/ic512_b_starnetlibyt/enzo_260427.exe() [0x408ef8]
BT symbol: /lib64/libc.so.6(__libc_start_main+0xf5) [0x2b6416cec555]
BT symbol: /work2/11056/zwu/frontera/enzo_gh/data/251110/ic512_b_starnetlibyt/enzo_260427.exe() [0x408139]
Caught fatal exception:

   'Error opening input file z_0011/z_0011.
'
at Group_ReadAllData.C:141

Backtrace:

BT symbol: /work2/11056/zwu/frontera/enzo_gh/data/251110/ic512_b_starnetlibyt/enzo_260427.exe() [0x769754]
BT symbol: /work2/11056/zwu/frontera/enzo_gh/data/251110/ic512_b_starnetlibyt/enzo_260427.exe() [0x408ef8]
BT symbol: /lib64/libc.so.6(__libc_start_main+0xf5) [0x2ba15a811555]
BT symbol: /work2/11056/zwu/frontera/enzo_gh/data/251110/ic512_b_starnetlibyt/enzo_260427.exe() [0x408139]
terminate called after throwing an instance of 'EnzoFatalException'
terminate called after throwing an instance of 'EnzoFatalException'
terminate called after throwing an instance of 'EnzoFatalException'
terminate called after throwing an instance of 'EnzoFatalException'
terminate called after throwing an instance of 'EnzoFatalException'
terminate called after throwing an instance of 'EnzoFatalException'
terminate called after throwing an instance of 'EnzoFatalException'
Caught fatal exception:

   'Error opening input file z_0011/z_0011.
'
at Group_ReadAllData.C:141

Backtrace:

BT symbol: /work2/11056/zwu/frontera/enzo_gh/data/251110/ic512_b_starnetlibyt/enzo_260427.exe() [0x769754]
BT symbol: /work2/11056/zwu/frontera/enzo_gh/data/251110/ic512_b_starnetlibyt/enzo_260427.exe() [0x408ef8]
BT symbol: /lib64/libc.so.6(__libc_start_main+0xf5) [0x2b821a5b7555]
BT symbol: /work2/11056/zwu/frontera/enzo_gh/data/251110/ic512_b_starnetlibyt/enzo_260427.exe() [0x408139]
terminate called after throwing an instance of 'EnzoFatalException'
Caught fatal exception:

   'Error opening input file z_0011/z_0011.
'
at Group_ReadAllData.C:141

Backtrace:

BT symbol: /work2/11056/zwu/frontera/enzo_gh/data/251110/ic512_b_starnetlibyt/enzo_260427.exe() [0x769754]
BT symbol: /work2/11056/zwu/frontera/enzo_gh/data/251110/ic512_b_starnetlibyt/enzo_260427.exe() [0x408ef8]
BT symbol: /lib64/libc.so.6(__libc_start_main+0xf5) [0x2b01b51b9555]
BT symbol: /work2/11056/zwu/frontera/enzo_gh/data/251110/ic512_b_starnetlibyt/enzo_260427.exe() [0x408139]
terminate called after throwing an instance of 'EnzoFatalException'
terminate called after throwing an instance of 'EnzoFatalException'
terminate called after throwing an instance of 'EnzoFatalException'
terminate called after throwing an instance of 'EnzoFatalException'
Caught fatal exception:

   'Error opening input file z_0011/z_0011.
'
at Group_ReadAllData.C:141

Backtrace:

BT symbol: /work2/11056/zwu/frontera/enzo_gh/data/251110/ic512_b_starnetlibyt/enzo_260427.exe() [0x769754]
BT symbol: /work2/11056/zwu/frontera/enzo_gh/data/251110/ic512_b_starnetlibyt/enzo_260427.exe() [0x408ef8]
BT symbol: /lib64/libc.so.6(__libc_start_main+0xf5) [0x2ad1d69f4555]
BT symbol: /work2/11056/zwu/frontera/enzo_gh/data/251110/ic512_b_starnetlibyt/enzo_260427.exe() [0x408139]
terminate called after throwing an instance of 'EnzoFatalException'
terminate called after throwing an instance of 'EnzoFatalException'
terminate called after throwing an instance of 'EnzoFatalException'
Caught fatal exception:

   'Error opening input file z_0011/z_0011.
'
at Group_ReadAllData.C:141

Backtrace:

BT symbol: /work2/11056/zwu/frontera/enzo_gh/data/251110/ic512_b_starnetlibyt/enzo_260427.exe() [0x769754]
BT symbol: /work2/11056/zwu/frontera/enzo_gh/data/251110/ic512_b_starnetlibyt/enzo_260427.exe() [0x408ef8]
BT symbol: /lib64/libc.so.6(__libc_start_main+0xf5) [0x2b442f901555]
BT symbol: /work2/11056/zwu/frontera/enzo_gh/data/251110/ic512_b_starnetlibyt/enzo_260427.exe() [0x408139]
terminate called after throwing an instance of 'EnzoFatalException'
terminate called after throwing an instance of 'EnzoFatalException'
terminate called after throwing an instance of 'EnzoFatalException'
terminate called after throwing an instance of 'EnzoFatalException'
terminate called after throwing an instance of 'EnzoFatalException'
terminate called after throwing an instance of 'EnzoFatalException'
terminate called after throwing an instance of 'EnzoFatalException'
terminate called after throwing an instance of 'EnzoFatalException'
terminate called after throwing an instance of 'EnzoFatalException'
terminate called after throwing an instance of 'EnzoFatalException'
terminate called after throwing an instance of 'EnzoFatalException'
terminate called after throwing an instance of 'EnzoFatalException'
terminate called after throwing an instance of 'EnzoFatalException'
Caught fatal exception:

   'Error opening input file z_0011/z_0011.
'
at Group_ReadAllData.C:141

Backtrace:

BT symbol: /work2/11056/zwu/frontera/enzo_gh/data/251110/ic512_b_starnetlibyt/enzo_260427.exe() [0x769754]
BT symbol: /work2/11056/zwu/frontera/enzo_gh/data/251110/ic512_b_starnetlibyt/enzo_260427.exe() [0x408ef8]
BT symbol: /lib64/libc.so.6(__libc_start_main+0xf5) [0x2b1d50776555]
BT symbol: /work2/11056/zwu/frontera/enzo_gh/data/251110/ic512_b_starnetlibyt/enzo_260427.exe() [0x408139]
terminate called after throwing an instance of 'EnzoFatalException'
terminate called after throwing an instance of 'EnzoFatalException'
terminate called after throwing an instance of 'EnzoFatalException'
terminate called after throwing an instance of 'EnzoFatalException'
Caught fatal exception:

   'Error opening input file z_0011/z_0011.
'
at Group_ReadAllData.C:141

Backtrace:

BT symbol: /work2/11056/zwu/frontera/enzo_gh/data/251110/ic512_b_starnetlibyt/enzo_260427.exe() [0x769754]
BT symbol: /work2/11056/zwu/frontera/enzo_gh/data/251110/ic512_b_starnetlibyt/enzo_260427.exe() [0x408ef8]
BT symbol: /lib64/libc.so.6(__libc_start_main+0xf5) [0x2b0c57d33555]
BT symbol: /work2/11056/zwu/frontera/enzo_gh/data/251110/ic512_b_starnetlibyt/enzo_260427.exe() [0x408139]
Caught fatal exception:

   'Error opening input file z_0011/z_0011.
'
at Group_ReadAllData.C:141

Backtrace:

BT symbol: /work2/11056/zwu/frontera/enzo_gh/data/251110/ic512_b_starnetlibyt/enzo_260427.exe() [0x769754]
BT symbol: /work2/11056/zwu/frontera/enzo_gh/data/251110/ic512_b_starnetlibyt/enzo_260427.exe() [0x408ef8]
BT symbol: /lib64/libc.so.6(__libc_start_main+0xf5) [0x2b881bf64555]
BT symbol: /work2/11056/zwu/frontera/enzo_gh/data/251110/ic512_b_starnetlibyt/enzo_260427.exe() [0x408139]
terminate called after throwing an instance of 'EnzoFatalException'
Caught fatal exception:

   'Error opening input file z_0011/z_0011.
'
at Group_ReadAllData.C:141

Backtrace:

BT symbol: /work2/11056/zwu/frontera/enzo_gh/data/251110/ic512_b_starnetlibyt/enzo_260427.exe() [0x769754]
BT symbol: /work2/11056/zwu/frontera/enzo_gh/data/251110/ic512_b_starnetlibyt/enzo_260427.exe() [0x408ef8]
BT symbol: /lib64/libc.so.6(__libc_start_main+0xf5) [0x2aee1e514555]
BT symbol: /work2/11056/zwu/frontera/enzo_gh/data/251110/ic512_b_starnetlibyt/enzo_260427.exe() [0x408139]
terminate called after throwing an instance of 'EnzoFatalException'
terminate called after throwing an instance of 'EnzoFatalException'
terminate called after throwing an instance of 'EnzoFatalException'
terminate called after throwing an instance of 'EnzoFatalException'
Caught fatal exception:

   'Error opening input file z_0011/z_0011.
'
at Group_ReadAllData.C:141

Backtrace:

BT symbol: /work2/11056/zwu/frontera/enzo_gh/data/251110/ic512_b_starnetlibyt/enzo_260427.exe() [0x769754]
BT symbol: /work2/11056/zwu/frontera/enzo_gh/data/251110/ic512_b_starnetlibyt/enzo_260427.exe() [0x408ef8]
BT symbol: /lib64/libc.so.6(__libc_start_main+0xf5) [0x2b005d353555]
BT symbol: /work2/11056/zwu/frontera/enzo_gh/data/251110/ic512_b_starnetlibyt/enzo_260427.exe() [0x408139]
terminate called after throwing an instance of 'EnzoFatalException'
terminate called after throwing an instance of 'EnzoFatalException'
terminate called after throwing an instance of 'EnzoFatalException'
terminate called after throwing an instance of 'EnzoFatalException'
Caught fatal exception:

   'Error opening input file z_0011/z_0011.
'
at Group_ReadAllData.C:141

Backtrace:

BT symbol: /work2/11056/zwu/frontera/enzo_gh/data/251110/ic512_b_starnetlibyt/enzo_260427.exe() [0x769754]
BT symbol: /work2/11056/zwu/frontera/enzo_gh/data/251110/ic512_b_starnetlibyt/enzo_260427.exe() [0x408ef8]
BT symbol: /lib64/libc.so.6(__libc_start_main+0xf5) [0x2b5bb16ec555]
BT symbol: /work2/11056/zwu/frontera/enzo_gh/data/251110/ic512_b_starnetlibyt/enzo_260427.exe() [0x408139]
Caught fatal exception:

   'Error opening input file z_0011/z_0011.
'
at Group_ReadAllData.C:141

Backtrace:

BT symbol: /work2/11056/zwu/frontera/enzo_gh/data/251110/ic512_b_starnetlibyt/enzo_260427.exe() [0x769754]
BT symbol: /work2/11056/zwu/frontera/enzo_gh/data/251110/ic512_b_starnetlibyt/enzo_260427.exe() [0x408ef8]
BT symbol: /lib64/libc.so.6(__libc_start_main+0xf5) [0x2b5550530555]
BT symbol: /work2/11056/zwu/frontera/enzo_gh/data/251110/ic512_b_starnetlibyt/enzo_260427.exe() [0x408139]
terminate called after throwing an instance of 'EnzoFatalException'
terminate called after throwing an instance of 'EnzoFatalException'
terminate called after throwing an instance of 'EnzoFatalException'
terminate called after throwing an instance of 'EnzoFatalException'
Caught fatal exception:

   'Error opening input file z_0011/z_0011.
'
at Group_ReadAllData.C:141

Backtrace:

BT symbol: /work2/11056/zwu/frontera/enzo_gh/data/251110/ic512_b_starnetlibyt/enzo_260427.exe() [0x769754]
BT symbol: /work2/11056/zwu/frontera/enzo_gh/data/251110/ic512_b_starnetlibyt/enzo_260427.exe() [0x408ef8]
BT symbol: /lib64/libc.so.6(__libc_start_main+0xf5) [0x2b7b7f68d555]
BT symbol: /work2/11056/zwu/frontera/enzo_gh/data/251110/ic512_b_starnetlibyt/enzo_260427.exe() [0x408139]
terminate called after throwing an instance of 'EnzoFatalException'
Caught fatal exception:

   'Error opening input file z_0011/z_0011.
'
at Group_ReadAllData.C:141

Backtrace:

BT symbol: /work2/11056/zwu/frontera/enzo_gh/data/251110/ic512_b_starnetlibyt/enzo_260427.exe() [0x769754]
BT symbol: /work2/11056/zwu/frontera/enzo_gh/data/251110/ic512_b_starnetlibyt/enzo_260427.exe() [0x408ef8]
BT symbol: /lib64/libc.so.6(__libc_start_main+0xf5) [0x2afe4c175555]
BT symbol: /work2/11056/zwu/frontera/enzo_gh/data/251110/ic512_b_starnetlibyt/enzo_260427.exe() [0x408139]
Caught fatal exception:

   'Error opening input file z_0011/z_0011.
'
at Group_ReadAllData.C:141

Backtrace:

BT symbol: /work2/11056/zwu/frontera/enzo_gh/data/251110/ic512_b_starnetlibyt/enzo_260427.exe() [0x769754]
BT symbol: /work2/11056/zwu/frontera/enzo_gh/data/251110/ic512_b_starnetlibyt/enzo_260427.exe() [0x408ef8]
BT symbol: /lib64/libc.so.6(__libc_start_main+0xf5) [0x2b533007a555]
BT symbol: /work2/11056/zwu/frontera/enzo_gh/data/251110/ic512_b_starnetlibyt/enzo_260427.exe() [0x408139]
terminate called after throwing an instance of 'EnzoFatalException'
terminate called after throwing an instance of 'EnzoFatalException'
Caught fatal exception:

   'Error opening input file z_0011/z_0011.
'
at Group_ReadAllData.C:141

Backtrace:

BT symbol: /work2/11056/zwu/frontera/enzo_gh/data/251110/ic512_b_starnetlibyt/enzo_260427.exe() [0x769754]
BT symbol: /work2/11056/zwu/frontera/enzo_gh/data/251110/ic512_b_starnetlibyt/enzo_260427.exe() [0x408ef8]
BT symbol: /lib64/libc.so.6(__libc_start_main+0xf5) [0x2b38956ab555]
BT symbol: /work2/11056/zwu/frontera/enzo_gh/data/251110/ic512_b_starnetlibyt/enzo_260427.exe() [0x408139]
Caught fatal exception:

   'Error opening input file z_0011/z_0011.
'
at Group_ReadAllData.C:141

Backtrace:

BT symbol: /work2/11056/zwu/frontera/enzo_gh/data/251110/ic512_b_starnetlibyt/enzo_260427.exe() [0x769754]
BT symbol: /work2/11056/zwu/frontera/enzo_gh/data/251110/ic512_b_starnetlibyt/enzo_260427.exe() [0x408ef8]
BT symbol: /lib64/libc.so.6(__libc_start_main+0xf5) [0x2b6f9283c555]
BT symbol: /work2/11056/zwu/frontera/enzo_gh/data/251110/ic512_b_starnetlibyt/enzo_260427.exe() [0x408139]
terminate called after throwing an instance of 'EnzoFatalException'
terminate called after throwing an instance of 'EnzoFatalException'
Caught fatal exception:

   'Error opening input file z_0011/z_0011.
'
at Group_ReadAllData.C:141

Backtrace:

BT symbol: /work2/11056/zwu/frontera/enzo_gh/data/251110/ic512_b_starnetlibyt/enzo_260427.exe() [0x769754]
BT symbol: /work2/11056/zwu/frontera/enzo_gh/data/251110/ic512_b_starnetlibyt/enzo_260427.exe() [0x408ef8]
BT symbol: /lib64/libc.so.6(__libc_start_main+0xf5) [0x2b5f98199555]
BT symbol: /work2/11056/zwu/frontera/enzo_gh/data/251110/ic512_b_starnetlibyt/enzo_260427.exe() [0x408139]
terminate called after throwing an instance of 'EnzoFatalException'
terminate called after throwing an instance of 'EnzoFatalException'
terminate called after throwing an instance of 'EnzoFatalException'
terminate called after throwing an instance of 'EnzoFatalException'
terminate called after throwing an instance of 'EnzoFatalException'
terminate called after throwing an instance of 'EnzoFatalException'
terminate called after throwing an instance of 'EnzoFatalException'
terminate called after throwing an instance of 'EnzoFatalException'
terminate called after throwing an instance of 'EnzoFatalException'
terminate called after throwing an instance of 'EnzoFatalException'
terminate called after throwing an instance of 'EnzoFatalException'
Caught fatal exception:

   'Error opening input file z_0011/z_0011.
'
at Group_ReadAllData.C:141

Backtrace:

BT symbol: /work2/11056/zwu/frontera/enzo_gh/data/251110/ic512_b_starnetlibyt/enzo_260427.exe() [0x769754]
BT symbol: /work2/11056/zwu/frontera/enzo_gh/data/251110/ic512_b_starnetlibyt/enzo_260427.exe() [0x408ef8]
BT symbol: /lib64/libc.so.6(__libc_start_main+0xf5) [0x2b660ca28555]
BT symbol: /work2/11056/zwu/frontera/enzo_gh/data/251110/ic512_b_starnetlibyt/enzo_260427.exe() [0x408139]
terminate called after throwing an instance of 'EnzoFatalException'
terminate called after throwing an instance of 'EnzoFatalException'
terminate called after throwing an instance of 'EnzoFatalException'
terminate called after throwing an instance of 'EnzoFatalException'
Caught fatal exception:

   'Error opening input file z_0011/z_0011.
'
at Group_ReadAllData.C:141

Backtrace:

BT symbol: /work2/11056/zwu/frontera/enzo_gh/data/251110/ic512_b_starnetlibyt/enzo_260427.exe() [0x769754]
BT symbol: /work2/11056/zwu/frontera/enzo_gh/data/251110/ic512_b_starnetlibyt/enzo_260427.exe() [0x408ef8]
BT symbol: /lib64/libc.so.6(__libc_start_main+0xf5) [0x2b5938a6f555]
BT symbol: /work2/11056/zwu/frontera/enzo_gh/data/251110/ic512_b_starnetlibyt/enzo_260427.exe() [0x408139]
terminate called after throwing an instance of 'EnzoFatalException'
terminate called after throwing an instance of 'EnzoFatalException'
Caught fatal exception:

   'Error opening input file z_0011/z_0011.
'
at Group_ReadAllData.C:141

Backtrace:

BT symbol: /work2/11056/zwu/frontera/enzo_gh/data/251110/ic512_b_starnetlibyt/enzo_260427.exe() [0x769754]
BT symbol: /work2/11056/zwu/frontera/enzo_gh/data/251110/ic512_b_starnetlibyt/enzo_260427.exe() [0x408ef8]
BT symbol: /lib64/libc.so.6(__libc_start_main+0xf5) [0x2ade0ec6f555]
BT symbol: /work2/11056/zwu/frontera/enzo_gh/data/251110/ic512_b_starnetlibyt/enzo_260427.exe() [0x408139]
terminate called after throwing an instance of 'EnzoFatalException'
terminate called after throwing an instance of 'EnzoFatalException'
terminate called after throwing an instance of 'EnzoFatalException'
terminate called after throwing an instance of 'EnzoFatalException'
terminate called after throwing an instance of 'EnzoFatalException'
Caught fatal exception:

   'Error opening input file z_0011/z_0011.
'
at Group_ReadAllData.C:141

Backtrace:

BT symbol: /work2/11056/zwu/frontera/enzo_gh/data/251110/ic512_b_starnetlibyt/enzo_260427.exe() [0x769754]
BT symbol: /work2/11056/zwu/frontera/enzo_gh/data/251110/ic512_b_starnetlibyt/enzo_260427.exe() [0x408ef8]
BT symbol: /lib64/libc.so.6(__libc_start_main+0xf5) [0x2b1facc97555]
BT symbol: /work2/11056/zwu/frontera/enzo_gh/data/251110/ic512_b_starnetlibyt/enzo_260427.exe() [0x408139]
terminate called after throwing an instance of 'EnzoFatalException'
terminate called after throwing an instance of 'EnzoFatalException'
terminate called after throwing an instance of 'EnzoFatalException'
terminate called after throwing an instance of 'EnzoFatalException'
terminate called after throwing an instance of 'EnzoFatalException'
Caught fatal exception:

   'Error opening input file z_0011/z_0011.
'
at Group_ReadAllData.C:141

Backtrace:

BT symbol: /work2/11056/zwu/frontera/enzo_gh/data/251110/ic512_b_starnetlibyt/enzo_260427.exe() [0x769754]
BT symbol: /work2/11056/zwu/frontera/enzo_gh/data/251110/ic512_b_starnetlibyt/enzo_260427.exe() [0x408ef8]
BT symbol: /lib64/libc.so.6(__libc_start_main+0xf5) [0x2b1749190555]
BT symbol: /work2/11056/zwu/frontera/enzo_gh/data/251110/ic512_b_starnetlibyt/enzo_260427.exe() [0x408139]
terminate called after throwing an instance of 'EnzoFatalException'
Caught fatal exception:

   'Error opening input file z_0011/z_0011.
'
at Group_ReadAllData.C:141

Backtrace:

BT symbol: /work2/11056/zwu/frontera/enzo_gh/data/251110/ic512_b_starnetlibyt/enzo_260427.exe() [0x769754]
BT symbol: /work2/11056/zwu/frontera/enzo_gh/data/251110/ic512_b_starnetlibyt/enzo_260427.exe() [0x408ef8]
BT symbol: /lib64/libc.so.6(__libc_start_main+0xf5) [0x2b00723fc555]
BT symbol: /work2/11056/zwu/frontera/enzo_gh/data/251110/ic512_b_starnetlibyt/enzo_260427.exe() [0x408139]
Caught fatal exception:

   'Error opening input file z_0011/z_0011.
'
at Group_ReadAllData.C:141

Backtrace:

BT symbol: /work2/11056/zwu/frontera/enzo_gh/data/251110/ic512_b_starnetlibyt/enzo_260427.exe() [0x769754]
BT symbol: /work2/11056/zwu/frontera/enzo_gh/data/251110/ic512_b_starnetlibyt/enzo_260427.exe() [0x408ef8]
BT symbol: /lib64/libc.so.6(__libc_start_main+0xf5) [0x2b7d7f794555]
BT symbol: /work2/11056/zwu/frontera/enzo_gh/data/251110/ic512_b_starnetlibyt/enzo_260427.exe() [0x408139]
Caught fatal exception:

   'Error opening input file z_0011/z_0011.
'
at Group_ReadAllData.C:141

Backtrace:

BT symbol: /work2/11056/zwu/frontera/enzo_gh/data/251110/ic512_b_starnetlibyt/enzo_260427.exe() [0x769754]
BT symbol: /work2/11056/zwu/frontera/enzo_gh/data/251110/ic512_b_starnetlibyt/enzo_260427.exe() [0x408ef8]
BT symbol: /lib64/libc.so.6(__libc_start_main+0xf5) [0x2ae437226555]
BT symbol: /work2/11056/zwu/frontera/enzo_gh/data/251110/ic512_b_starnetlibyt/enzo_260427.exe() [0x408139]
Caught fatal exception:

   'Error opening input file z_0011/z_0011.
'
at Group_ReadAllData.C:141

Backtrace:

BT symbol: /work2/11056/zwu/frontera/enzo_gh/data/251110/ic512_b_starnetlibyt/enzo_260427.exe() [0x769754]
BT symbol: /work2/11056/zwu/frontera/enzo_gh/data/251110/ic512_b_starnetlibyt/enzo_260427.exe() [0x408ef8]
BT symbol: /lib64/libc.so.6(__libc_start_main+0xf5) [0x2b5f45f36555]
BT symbol: /work2/11056/zwu/frontera/enzo_gh/data/251110/ic512_b_starnetlibyt/enzo_260427.exe() [0x408139]
terminate called after throwing an instance of 'EnzoFatalException'
terminate called after throwing an instance of 'EnzoFatalException'
Caught fatal exception:

   'Error opening input file z_0011/z_0011.
'
at Group_ReadAllData.C:141

Backtrace:

BT symbol: /work2/11056/zwu/frontera/enzo_gh/data/251110/ic512_b_starnetlibyt/enzo_260427.exe() [0x769754]
BT symbol: /work2/11056/zwu/frontera/enzo_gh/data/251110/ic512_b_starnetlibyt/enzo_260427.exe() [0x408ef8]
BT symbol: /lib64/libc.so.6(__libc_start_main+0xf5) [0x2b4b209eb555]
terminate called after throwing an instance of 'EnzoFatalException'
terminate called after throwing an instance of 'EnzoFatalException'
terminate called after throwing an instance of 'EnzoFatalException'
terminate called after throwing an instance of 'EnzoFatalException'
terminate called after throwing an instance of 'EnzoFatalException'
Caught fatal exception:

   'Error opening input file z_0011/z_0011.
'
at Group_ReadAllData.C:141

Backtrace:

BT symbol: /work2/11056/zwu/frontera/enzo_gh/data/251110/ic512_b_starnetlibyt/enzo_260427.exe() [0x769754]
BT symbol: /work2/11056/zwu/frontera/enzo_gh/data/251110/ic512_b_starnetlibyt/enzo_260427.exe() [0x408ef8]
BT symbol: /lib64/libc.so.6(__libc_start_main+0xf5) [0x2aaca48c8555]
BT symbol: /work2/11056/zwu/frontera/enzo_gh/data/251110/ic512_b_starnetlibyt/enzo_260427.exe() [0x408139]
terminate called after throwing an instance of 'EnzoFatalException'
Caught fatal exception:

   'Error opening input file z_0011/z_0011.
'
at Group_ReadAllData.C:141

Backtrace:

BT symbol: /work2/11056/zwu/frontera/enzo_gh/data/251110/ic512_b_starnetlibyt/enzo_260427.exe() [0x769754]
BT symbol: /work2/11056/zwu/frontera/enzo_gh/data/251110/ic512_b_starnetlibyt/enzo_260427.exe() [0x408ef8]
BT symbol: /lib64/libc.so.6(__libc_start_main+0xf5) [0x2b9f1bb1d555]
BT symbol: /work2/11056/zwu/frontera/enzo_gh/data/251110/ic512_b_starnetlibyt/enzo_260427.exe() [0x408139]
terminate called after throwing an instance of 'EnzoFatalException'
BT symbol: /work2/11056/zwu/frontera/enzo_gh/data/251110/ic512_b_starnetlibyt/enzo_260427.exe() [0x408139]
Caught fatal exception:

   'Error opening input file z_0011/z_0011.
'
at Group_ReadAllData.C:141

Backtrace:

BT symbol: /work2/11056/zwu/frontera/enzo_gh/data/251110/ic512_b_starnetlibyt/enzo_260427.exe() [0x769754]
BT symbol: /work2/11056/zwu/frontera/enzo_gh/data/251110/ic512_b_starnetlibyt/enzo_260427.exe() [0x408ef8]
BT symbol: /lib64/libc.so.6(__libc_start_main+0xf5) [0x2b47e3818555]
BT symbol: /work2/11056/zwu/frontera/enzo_gh/data/251110/ic512_b_starnetlibyt/enzo_260427.exe() [0x408139]
Caught fatal exception:

   'Error opening input file z_0011/z_0011.
'
at Group_ReadAllData.C:141

Backtrace:

BT symbol: /work2/11056/zwu/frontera/enzo_gh/data/251110/ic512_b_starnetlibyt/enzo_260427.exe() [0x769754]
BT symbol: /work2/11056/zwu/frontera/enzo_gh/data/251110/ic512_b_starnetlibyt/enzo_260427.exe() [0x408ef8]
BT symbol: /lib64/libc.so.6(__libc_start_main+0xf5) [0x2b4cce95b555]
BT symbol: /work2/11056/zwu/frontera/enzo_gh/data/251110/ic512_b_starnetlibyt/enzo_260427.exe() [0x408139]
Caught fatal exception:

   'Error opening input file z_0011/z_0011.
'
at Group_ReadAllData.C:141

Backtrace:

BT symbol: /work2/11056/zwu/frontera/enzo_gh/data/251110/ic512_b_starnetlibyt/enzo_260427.exe() [0x769754]
BT symbol: /work2/11056/zwu/frontera/enzo_gh/data/251110/ic512_b_starnetlibyt/enzo_260427.exe() [0x408ef8]
BT symbol: /lib64/libc.so.6(__libc_start_main+0xf5) [0x2afd85a25555]
BT symbol: /work2/11056/zwu/frontera/enzo_gh/data/251110/ic512_b_starnetlibyt/enzo_260427.exe() [0x408139]
terminate called after throwing an instance of 'EnzoFatalException'
terminate called after throwing an instance of 'EnzoFatalException'
terminate called after throwing an instance of 'EnzoFatalException'
Caught fatal exception:

   'Error opening input file z_0011/z_0011.
'
at Group_ReadAllData.C:141

Backtrace:

BT symbol: /work2/11056/zwu/frontera/enzo_gh/data/251110/ic512_b_starnetlibyt/enzo_260427.exe() [0x769754]
BT symbol: /work2/11056/zwu/frontera/enzo_gh/data/251110/ic512_b_starnetlibyt/enzo_260427.exe() [0x408ef8]
BT symbol: /lib64/libc.so.6(__libc_start_main+0xf5) [0x2b5510bcb555]
BT symbol: /work2/11056/zwu/frontera/enzo_gh/data/251110/ic512_b_starnetlibyt/enzo_260427.exe() [0x408139]
terminate called after throwing an instance of 'EnzoFatalException'
terminate called after throwing an instance of 'EnzoFatalException'
terminate called after throwing an instance of 'EnzoFatalException'
terminate called after throwing an instance of 'EnzoFatalException'
terminate called after throwing an instance of 'EnzoFatalException'
Caught fatal exception:

   'Error opening input file z_0011/z_0011.
'
at Group_ReadAllData.C:141

Backtrace:

BT symbol: /work2/11056/zwu/frontera/enzo_gh/data/251110/ic512_b_starnetlibyt/enzo_260427.exe() [0x769754]
BT symbol: /work2/11056/zwu/frontera/enzo_gh/data/251110/ic512_b_starnetlibyt/enzo_260427.exe() [0x408ef8]
BT symbol: /lib64/libc.so.6(__libc_start_main+0xf5) [0x2af0ffbbe555]
BT symbol: /work2/11056/zwu/frontera/enzo_gh/data/251110/ic512_b_starnetlibyt/enzo_260427.exe() [0x408139]
terminate called after throwing an instance of 'EnzoFatalException'
Caught fatal exception:

   'Error opening input file z_0011/z_0011.
'
at Group_ReadAllData.C:141

Backtrace:

BT symbol: /work2/11056/zwu/frontera/enzo_gh/data/251110/ic512_b_starnetlibyt/enzo_260427.exe() [0x769754]
BT symbol: /work2/11056/zwu/frontera/enzo_gh/data/251110/ic512_b_starnetlibyt/enzo_260427.exe() [0x408ef8]
BT symbol: /lib64/libc.so.6(__libc_start_main+0xf5) [0x2b2f8bacf555]
BT symbol: /work2/11056/zwu/frontera/enzo_gh/data/251110/ic512_b_starnetlibyt/enzo_260427.exe() [0x408139]
terminate called after throwing an instance of 'EnzoFatalException'
terminate called after throwing an instance of 'EnzoFatalException'
Caught fatal exception:

   'Error opening input file z_0011/z_0011.
'
at Group_ReadAllData.C:141

Backtrace:

BT symbol: /work2/11056/zwu/frontera/enzo_gh/data/251110/ic512_b_starnetlibyt/enzo_260427.exe() [0x769754]
BT symbol: /work2/11056/zwu/frontera/enzo_gh/data/251110/ic512_b_starnetlibyt/enzo_260427.exe() [0x408ef8]
BT symbol: /lib64/libc.so.6(__libc_start_main+0xf5) [0x2b99641ce555]
BT symbol: /work2/11056/zwu/frontera/enzo_gh/data/251110/ic512_b_starnetlibyt/enzo_260427.exe() [0x408139]
terminate called after throwing an instance of 'EnzoFatalException'
terminate called after throwing an instance of 'EnzoFatalException'
terminate called after throwing an instance of 'EnzoFatalException'
Caught fatal exception:

   'Error opening input file z_0011/z_0011.
'
at Group_ReadAllData.C:141

Backtrace:

BT symbol: /work2/11056/zwu/frontera/enzo_gh/data/251110/ic512_b_starnetlibyt/enzo_260427.exe() [0x769754]
BT symbol: /work2/11056/zwu/frontera/enzo_gh/data/251110/ic512_b_starnetlibyt/enzo_260427.exe() [0x408ef8]
BT symbol: /lib64/libc.so.6(__libc_start_main+0xf5) [0x2b9305fa4555]
BT symbol: /work2/11056/zwu/frontera/enzo_gh/data/251110/ic512_b_starnetlibyt/enzo_260427.exe() [0x408139]
Caught fatal exception:

   'Error opening input file z_0011/z_0011.
'
at Group_ReadAllData.C:141

Backtrace:

BT symbol: /work2/11056/zwu/frontera/enzo_gh/data/251110/ic512_b_starnetlibyt/enzo_260427.exe() [0x769754]
BT symbol: /work2/11056/zwu/frontera/enzo_gh/data/251110/ic512_b_starnetlibyt/enzo_260427.exe() [0x408ef8]
BT symbol: /lib64/libc.so.6(__libc_start_main+0xf5) [0x2b60f7175555]
BT symbol: /work2/11056/zwu/frontera/enzo_gh/data/251110/ic512_b_starnetlibyt/enzo_260427.exe() [0x408139]
terminate called after throwing an instance of 'EnzoFatalException'
terminate called after throwing an instance of 'EnzoFatalException'
terminate called after throwing an instance of 'EnzoFatalException'
Caught fatal exception:

   'Error opening input file z_0011/z_0011.
'
at Group_ReadAllData.C:141

Backtrace:

BT symbol: /work2/11056/zwu/frontera/enzo_gh/data/251110/ic512_b_starnetlibyt/enzo_260427.exe() [0x769754]
BT symbol: /work2/11056/zwu/frontera/enzo_gh/data/251110/ic512_b_starnetlibyt/enzo_260427.exe() [0x408ef8]
BT symbol: /lib64/libc.so.6(__libc_start_main+0xf5) [0x2b4149f85555]
BT symbol: /work2/11056/zwu/frontera/enzo_gh/data/251110/ic512_b_starnetlibyt/enzo_260427.exe() [0x408139]
terminate called after throwing an instance of 'EnzoFatalException'
terminate called after throwing an instance of 'EnzoFatalException'
Caught fatal exception:

   'Error opening input file z_0011/z_0011.
'
at Group_ReadAllData.C:141

Backtrace:

BT symbol: /work2/11056/zwu/frontera/enzo_gh/data/251110/ic512_b_starnetlibyt/enzo_260427.exe() [0x769754]
BT symbol: /work2/11056/zwu/frontera/enzo_gh/data/251110/ic512_b_starnetlibyt/enzo_260427.exe() [0x408ef8]
BT symbol: /lib64/libc.so.6(__libc_start_main+0xf5) [0x2b7de4838555]
BT symbol: /work2/11056/zwu/frontera/enzo_gh/data/251110/ic512_b_starnetlibyt/enzo_260427.exe() [0x408139]
terminate called after throwing an instance of 'EnzoFatalException'
terminate called after throwing an instance of 'EnzoFatalException'
Caught fatal exception:

   'Error opening input file z_0011/z_0011.
'
at Group_ReadAllData.C:141

Backtrace:

BT symbol: /work2/11056/zwu/frontera/enzo_gh/data/251110/ic512_b_starnetlibyt/enzo_260427.exe() [0x769754]
BT symbol: /work2/11056/zwu/frontera/enzo_gh/data/251110/ic512_b_starnetlibyt/enzo_260427.exe() [0x408ef8]
BT symbol: /lib64/libc.so.6(__libc_start_main+0xf5) [0x2b3bbd199555]
BT symbol: /work2/11056/zwu/frontera/enzo_gh/data/251110/ic512_b_starnetlibyt/enzo_260427.exe() [0x408139]
terminate called after throwing an instance of 'EnzoFatalException'
Caught fatal exception:

   'Error opening input file z_0011/z_0011.
'
at Group_ReadAllData.C:141

Backtrace:

BT symbol: /work2/11056/zwu/frontera/enzo_gh/data/251110/ic512_b_starnetlibyt/enzo_260427.exe() [0x769754]
BT symbol: /work2/11056/zwu/frontera/enzo_gh/data/251110/ic512_b_starnetlibyt/enzo_260427.exe() [0x408ef8]
BT symbol: /lib64/libc.so.6(__libc_start_main+0xf5) [0x2b8d08e42555]
BT symbol: /work2/11056/zwu/frontera/enzo_gh/data/251110/ic512_b_starnetlibyt/enzo_260427.exe() [0x408139]
terminate called after throwing an instance of 'EnzoFatalException'
terminate called after throwing an instance of 'EnzoFatalException'
Caught fatal exception:

   'Error opening input file z_0011/z_0011.
'
at Group_ReadAllData.C:141

Backtrace:

BT symbol: /work2/11056/zwu/frontera/enzo_gh/data/251110/ic512_b_starnetlibyt/enzo_260427.exe() [0x769754]
BT symbol: /work2/11056/zwu/frontera/enzo_gh/data/251110/ic512_b_starnetlibyt/enzo_260427.exe() [0x408ef8]
BT symbol: /lib64/libc.so.6(__libc_start_main+0xf5) [0x2b13c1f2c555]
BT symbol: /work2/11056/zwu/frontera/enzo_gh/data/251110/ic512_b_starnetlibyt/enzo_260427.exe() [0x408139]
terminate called after throwing an instance of 'EnzoFatalException'
terminate called after throwing an instance of 'EnzoFatalException'
terminate called after throwing an instance of 'EnzoFatalException'
Caught fatal exception:

   'Error opening input file z_0011/z_0011.
'
at Group_ReadAllData.C:141

Backtrace:

BT symbol: /work2/11056/zwu/frontera/enzo_gh/data/251110/ic512_b_starnetlibyt/enzo_260427.exe() [0x769754]
BT symbol: /work2/11056/zwu/frontera/enzo_gh/data/251110/ic512_b_starnetlibyt/enzo_260427.exe() [0x408ef8]
BT symbol: /lib64/libc.so.6(__libc_start_main+0xf5) [0x2b8bc3b9e555]
BT symbol: /work2/11056/zwu/frontera/enzo_gh/data/251110/ic512_b_starnetlibyt/enzo_260427.exe() [0x408139]
terminate called after throwing an instance of 'EnzoFatalException'
terminate called after throwing an instance of 'EnzoFatalException'
terminate called after throwing an instance of 'EnzoFatalException'
terminate called after throwing an instance of 'EnzoFatalException'
Caught fatal exception:

   'Error opening input file z_0011/z_0011.
'
at Group_ReadAllData.C:141

Backtrace:

BT symbol: /work2/11056/zwu/frontera/enzo_gh/data/251110/ic512_b_starnetlibyt/enzo_260427.exe() [0x769754]
BT symbol: /work2/11056/zwu/frontera/enzo_gh/data/251110/ic512_b_starnetlibyt/enzo_260427.exe() [0x408ef8]
BT symbol: /lib64/libc.so.6(__libc_start_main+0xf5) [0x2acfd0755555]
BT symbol: /work2/11056/zwu/frontera/enzo_gh/data/251110/ic512_b_starnetlibyt/enzo_260427.exe() [0x408139]
terminate called after throwing an instance of 'EnzoFatalException'
terminate called after throwing an instance of 'EnzoFatalException'
Caught fatal exception:

   'Error opening input file z_0011/z_0011.
'
at Group_ReadAllData.C:141

Backtrace:

BT symbol: /work2/11056/zwu/frontera/enzo_gh/data/251110/ic512_b_starnetlibyt/enzo_260427.exe() [0x769754]
BT symbol: /work2/11056/zwu/frontera/enzo_gh/data/251110/ic512_b_starnetlibyt/enzo_260427.exe() [0x408ef8]
BT symbol: /lib64/libc.so.6(__libc_start_main+0xf5) [0x2b5dc2926555]
BT symbol: /work2/11056/zwu/frontera/enzo_gh/data/251110/ic512_b_starnetlibyt/enzo_260427.exe() [0x408139]
terminate called after throwing an instance of 'EnzoFatalException'
terminate called after throwing an instance of 'EnzoFatalException'
Caught fatal exception:

   'Error opening input file z_0011/z_0011.
'
at Group_ReadAllData.C:141

Backtrace:

BT symbol: /work2/11056/zwu/frontera/enzo_gh/data/251110/ic512_b_starnetlibyt/enzo_260427.exe() [0x769754]
BT symbol: /work2/11056/zwu/frontera/enzo_gh/data/251110/ic512_b_starnetlibyt/enzo_260427.exe() [0x408ef8]
BT symbol: /lib64/libc.so.6(__libc_start_main+0xf5) [0x2b8fd258c555]
BT symbol: /work2/11056/zwu/frontera/enzo_gh/data/251110/ic512_b_starnetlibyt/enzo_260427.exe() [0x408139]
terminate called after throwing an instance of 'EnzoFatalException'
terminate called after throwing an instance of 'EnzoFatalException'
terminate called after throwing an instance of 'EnzoFatalException'
terminate called after throwing an instance of 'EnzoFatalException'
Caught fatal exception:

   'Error opening input file z_0011/z_0011.
'
at Group_ReadAllData.C:141

Backtrace:

BT symbol: /work2/11056/zwu/frontera/enzo_gh/data/251110/ic512_b_starnetlibyt/enzo_260427.exe() [0x769754]
BT symbol: /work2/11056/zwu/frontera/enzo_gh/data/251110/ic512_b_starnetlibyt/enzo_260427.exe() [0x408ef8]
BT symbol: /lib64/libc.so.6(__libc_start_main+0xf5) [0x2af24f52b555]
BT symbol: /work2/11056/zwu/frontera/enzo_gh/data/251110/ic512_b_starnetlibyt/enzo_260427.exe() [0x408139]
Caught fatal exception:

   'Error opening input file z_0011/z_0011.
'
at Group_ReadAllData.C:141

Backtrace:

BT symbol: /work2/11056/zwu/frontera/enzo_gh/data/251110/ic512_b_starnetlibyt/enzo_260427.exe() [0x769754]
BT symbol: /work2/11056/zwu/frontera/enzo_gh/data/251110/ic512_b_starnetlibyt/enzo_260427.exe() [0x408ef8]
BT symbol: /lib64/libc.so.6(__libc_start_main+0xf5) [0x2ab0127b1555]
BT symbol: /work2/11056/zwu/frontera/enzo_gh/data/251110/ic512_b_starnetlibyt/enzo_260427.exe() [0x408139]
terminate called after throwing an instance of 'EnzoFatalException'
terminate called after throwing an instance of 'EnzoFatalException'
Caught fatal exception:

   'Error opening input file z_0011/z_0011.
'
at Group_ReadAllData.C:141

Backtrace:

BT symbol: /work2/11056/zwu/frontera/enzo_gh/data/251110/ic512_b_starnetlibyt/enzo_260427.exe() [0x769754]
BT symbol: /work2/11056/zwu/frontera/enzo_gh/data/251110/ic512_b_starnetlibyt/enzo_260427.exe() [0x408ef8]
BT symbol: /lib64/libc.so.6(__libc_start_main+0xf5) [0x2b1061b44555]
BT symbol: /work2/11056/zwu/frontera/enzo_gh/data/251110/ic512_b_starnetlibyt/enzo_260427.exe() [0x408139]
terminate called after throwing an instance of 'EnzoFatalException'
terminate called after throwing an instance of 'EnzoFatalException'
Caught fatal exception:

   'Error opening input file z_0011/z_0011.
'
at Group_ReadAllData.C:141

Backtrace:

BT symbol: /work2/11056/zwu/frontera/enzo_gh/data/251110/ic512_b_starnetlibyt/enzo_260427.exe() [0x769754]
BT symbol: /work2/11056/zwu/frontera/enzo_gh/data/251110/ic512_b_starnetlibyt/enzo_260427.exe() [0x408ef8]
BT symbol: /lib64/libc.so.6(__libc_start_main+0xf5) [0x2b22eedcb555]
BT symbol: /work2/11056/zwu/frontera/enzo_gh/data/251110/ic512_b_starnetlibyt/enzo_260427.exe() [0x408139]
terminate called after throwing an instance of 'EnzoFatalException'
Caught fatal exception:

   'Error opening input file z_0011/z_0011.
'
at Group_ReadAllData.C:141

Backtrace:

BT symbol: /work2/11056/zwu/frontera/enzo_gh/data/251110/ic512_b_starnetlibyt/enzo_260427.exe() [0x769754]
BT symbol: /work2/11056/zwu/frontera/enzo_gh/data/251110/ic512_b_starnetlibyt/enzo_260427.exe() [0x408ef8]
BT symbol: /lib64/libc.so.6(__libc_start_main+0xf5) [0x2b32682e0555]
BT symbol: /work2/11056/zwu/frontera/enzo_gh/data/251110/ic512_b_starnetlibyt/enzo_260427.exe() [0x408139]
terminate called after throwing an instance of 'EnzoFatalException'
terminate called after throwing an instance of 'EnzoFatalException'
Caught fatal exception:

   'Error opening input file z_0011/z_0011.
'
at Group_ReadAllData.C:141

Backtrace:

BT symbol: /work2/11056/zwu/frontera/enzo_gh/data/251110/ic512_b_starnetlibyt/enzo_260427.exe() [0x769754]
BT symbol: /work2/11056/zwu/frontera/enzo_gh/data/251110/ic512_b_starnetlibyt/enzo_260427.exe() [0x408ef8]
BT symbol: /lib64/libc.so.6(__libc_start_main+0xf5) [0x2b17c27cd555]
BT symbol: /work2/11056/zwu/frontera/enzo_gh/data/251110/ic512_b_starnetlibyt/enzo_260427.exe() [0x408139]
terminate called after throwing an instance of 'EnzoFatalException'
terminate called after throwing an instance of 'EnzoFatalException'
terminate called after throwing an instance of 'EnzoFatalException'
terminate called after throwing an instance of 'EnzoFatalException'
terminate called after throwing an instance of 'EnzoFatalException'
terminate called after throwing an instance of 'EnzoFatalException'
terminate called after throwing an instance of 'EnzoFatalException'
Caught fatal exception:

   'Error opening input file z_0011/z_0011.
'
at Group_ReadAllData.C:141

Backtrace:

BT symbol: /work2/11056/zwu/frontera/enzo_gh/data/251110/ic512_b_starnetlibyt/enzo_260427.exe() [0x769754]
BT symbol: /work2/11056/zwu/frontera/enzo_gh/data/251110/ic512_b_starnetlibyt/enzo_260427.exe() [0x408ef8]
BT symbol: /lib64/libc.so.6(__libc_start_main+0xf5) [0x2ab047a03555]
BT symbol: /work2/11056/zwu/frontera/enzo_gh/data/251110/ic512_b_starnetlibyt/enzo_260427.exe() [0x408139]
Caught fatal exception:

   'Error opening input file z_0011/z_0011.
'
at Group_ReadAllData.C:141

Backtrace:

BT symbol: /work2/11056/zwu/frontera/enzo_gh/data/251110/ic512_b_starnetlibyt/enzo_260427.exe() [0x769754]
BT symbol: /work2/11056/zwu/frontera/enzo_gh/data/251110/ic512_b_starnetlibyt/enzo_260427.exe() [0x408ef8]
BT symbol: /lib64/libc.so.6(__libc_start_main+0xf5) [0x2b5debaec555]
BT symbol: /work2/11056/zwu/frontera/enzo_gh/data/251110/ic512_b_starnetlibyt/enzo_260427.exe() [0x408139]
terminate called after throwing an instance of 'EnzoFatalException'
terminate called after throwing an instance of 'EnzoFatalException'
Caught fatal exception:

   'Error opening input file z_0011/z_0011.
'
at Group_ReadAllData.C:141

Backtrace:

BT symbol: /work2/11056/zwu/frontera/enzo_gh/data/251110/ic512_b_starnetlibyt/enzo_260427.exe() [0x769754]
BT symbol: /work2/11056/zwu/frontera/enzo_gh/data/251110/ic512_b_starnetlibyt/enzo_260427.exe() [0x408ef8]
BT symbol: /lib64/libc.so.6(__libc_start_main+0xf5) [0x2ab0e8d60555]
BT symbol: /work2/11056/zwu/frontera/enzo_gh/data/251110/ic512_b_starnetlibyt/enzo_260427.exe() [0x408139]
terminate called after throwing an instance of 'EnzoFatalException'
terminate called after throwing an instance of 'EnzoFatalException'
terminate called after throwing an instance of 'EnzoFatalException'
Caught fatal exception:

   'Error opening input file z_0011/z_0011.
'
at Group_ReadAllData.C:141

Backtrace:

BT symbol: /work2/11056/zwu/frontera/enzo_gh/data/251110/ic512_b_starnetlibyt/enzo_260427.exe() [0x769754]
BT symbol: /work2/11056/zwu/frontera/enzo_gh/data/251110/ic512_b_starnetlibyt/enzo_260427.exe() [0x408ef8]
BT symbol: /lib64/libc.so.6(__libc_start_main+0xf5) [0x2ababe7f9555]
BT symbol: /work2/11056/zwu/frontera/enzo_gh/data/251110/ic512_b_starnetlibyt/enzo_260427.exe() [0x408139]
Caught fatal exception:

   'Error opening input file z_0011/z_0011.
'
at Group_ReadAllData.C:141

Backtrace:

BT symbol: /work2/11056/zwu/frontera/enzo_gh/data/251110/ic512_b_starnetlibyt/enzo_260427.exe() [0x769754]
BT symbol: /work2/11056/zwu/frontera/enzo_gh/data/251110/ic512_b_starnetlibyt/enzo_260427.exe() [0x408ef8]
BT symbol: /lib64/libc.so.6(__libc_start_main+0xf5) [0x2b67884fb555]
BT symbol: /work2/11056/zwu/frontera/enzo_gh/data/251110/ic512_b_starnetlibyt/enzo_260427.exe() [0x408139]
terminate called after throwing an instance of 'EnzoFatalException'
terminate called after throwing an instance of 'EnzoFatalException'
Caught fatal exception:

   'Error opening input file z_0011/z_0011.
'
at Group_ReadAllData.C:141

Backtrace:

BT symbol: /work2/11056/zwu/frontera/enzo_gh/data/251110/ic512_b_starnetlibyt/enzo_260427.exe() [0x769754]
BT symbol: /work2/11056/zwu/frontera/enzo_gh/data/251110/ic512_b_starnetlibyt/enzo_260427.exe() [0x408ef8]
BT symbol: /lib64/libc.so.6(__libc_start_main+0xf5) [0x2afde8e77555]
BT symbol: /work2/11056/zwu/frontera/enzo_gh/data/251110/ic512_b_starnetlibyt/enzo_260427.exe() [0x408139]
terminate called after throwing an instance of 'EnzoFatalException'
terminate called after throwing an instance of 'EnzoFatalException'
Caught fatal exception:

   'Error opening input file z_0011/z_0011.
'
at Group_ReadAllData.C:141

Backtrace:

BT symbol: /work2/11056/zwu/frontera/enzo_gh/data/251110/ic512_b_starnetlibyt/enzo_260427.exe() [0x769754]
BT symbol: /work2/11056/zwu/frontera/enzo_gh/data/251110/ic512_b_starnetlibyt/enzo_260427.exe() [0x408ef8]
BT symbol: /lib64/libc.so.6(__libc_start_main+0xf5) [0x2b7ff1147555]
BT symbol: /work2/11056/zwu/frontera/enzo_gh/data/251110/ic512_b_starnetlibyt/enzo_260427.exe() [0x408139]
terminate called after throwing an instance of 'EnzoFatalException'
terminate called after throwing an instance of 'EnzoFatalException'
terminate called after throwing an instance of 'EnzoFatalException'
terminate called after throwing an instance of 'EnzoFatalException'
Caught fatal exception:

   'Error opening input file z_0011/z_0011.
'
at Group_ReadAllData.C:141

Backtrace:

BT symbol: /work2/11056/zwu/frontera/enzo_gh/data/251110/ic512_b_starnetlibyt/enzo_260427.exe() [0x769754]
BT symbol: /work2/11056/zwu/frontera/enzo_gh/data/251110/ic512_b_starnetlibyt/enzo_260427.exe() [0x408ef8]
BT symbol: /lib64/libc.so.6(__libc_start_main+0xf5) [0x2b438b487555]
BT symbol: /work2/11056/zwu/frontera/enzo_gh/data/251110/ic512_b_starnetlibyt/enzo_260427.exe() [0x408139]
Caught fatal exception:

   'Error opening input file z_0011/z_0011.
'
at Group_ReadAllData.C:141

Backtrace:

BT symbol: /work2/11056/zwu/frontera/enzo_gh/data/251110/ic512_b_starnetlibyt/enzo_260427.exe() [0x769754]
BT symbol: /work2/11056/zwu/frontera/enzo_gh/data/251110/ic512_b_starnetlibyt/enzo_260427.exe() [0x408ef8]
BT symbol: /lib64/libc.so.6(__libc_start_main+0xf5) [0x2b8e69bed555]
BT symbol: /work2/11056/zwu/frontera/enzo_gh/data/251110/ic512_b_starnetlibyt/enzo_260427.exe() [0x408139]
terminate called after throwing an instance of 'EnzoFatalException'
terminate called after throwing an instance of 'EnzoFatalException'
Caught fatal exception:

   'Error opening input file z_0011/z_0011.
'
at Group_ReadAllData.C:141

Backtrace:

BT symbol: /work2/11056/zwu/frontera/enzo_gh/data/251110/ic512_b_starnetlibyt/enzo_260427.exe() [0x769754]
BT symbol: /work2/11056/zwu/frontera/enzo_gh/data/251110/ic512_b_starnetlibyt/enzo_260427.exe() [0x408ef8]
BT symbol: /lib64/libc.so.6(__libc_start_main+0xf5) [0x2ac66a63f555]
BT symbol: /work2/11056/zwu/frontera/enzo_gh/data/251110/ic512_b_starnetlibyt/enzo_260427.exe() [0x408139]
terminate called after throwing an instance of 'EnzoFatalException'
terminate called after throwing an instance of 'EnzoFatalException'
Caught fatal exception:

   'Error opening input file z_0011/z_0011.
'
at Group_ReadAllData.C:141

Backtrace:

BT symbol: /work2/11056/zwu/frontera/enzo_gh/data/251110/ic512_b_starnetlibyt/enzo_260427.exe() [0x769754]
BT symbol: /work2/11056/zwu/frontera/enzo_gh/data/251110/ic512_b_starnetlibyt/enzo_260427.exe() [0x408ef8]
BT symbol: /lib64/libc.so.6(__libc_start_main+0xf5) [0x2adbd3a58555]
terminate called after throwing an instance of 'EnzoFatalException'
Caught fatal exception:

   'Error opening input file z_0011/z_0011.
'
at Group_ReadAllData.C:141

Backtrace:

BT symbol: /work2/11056/zwu/frontera/enzo_gh/data/251110/ic512_b_starnetlibyt/enzo_260427.exe() [0x769754]
BT symbol: /work2/11056/zwu/frontera/enzo_gh/data/251110/ic512_b_starnetlibyt/enzo_260427.exe() [0x408ef8]
BT symbol: /lib64/libc.so.6(__libc_start_main+0xf5) [0x2af54ad90555]
BT symbol: /work2/11056/zwu/frontera/enzo_gh/data/251110/ic512_b_starnetlibyt/enzo_260427.exe() [0x408139]
terminate called after throwing an instance of 'EnzoFatalException'
terminate called after throwing an instance of 'EnzoFatalException'
Caught fatal exception:

   'Error opening input file z_0011/z_0011.
'
at Group_ReadAllData.C:141

Backtrace:

BT symbol: /work2/11056/zwu/frontera/enzo_gh/data/251110/ic512_b_starnetlibyt/enzo_260427.exe() [0x769754]
BT symbol: /work2/11056/zwu/frontera/enzo_gh/data/251110/ic512_b_starnetlibyt/enzo_260427.exe() [0x408ef8]
BT symbol: /lib64/libc.so.6(__libc_start_main+0xf5) [0x2b84ffe7a555]
BT symbol: /work2/11056/zwu/frontera/enzo_gh/data/251110/ic512_b_starnetlibyt/enzo_260427.exe() [0x408139]
terminate called after throwing an instance of 'EnzoFatalException'
terminate called after throwing an instance of 'EnzoFatalException'
Caught fatal exception:

   'Error opening input file z_0011/z_0011.
'
at Group_ReadAllData.C:141

Backtrace:

BT symbol: /work2/11056/zwu/frontera/enzo_gh/data/251110/ic512_b_starnetlibyt/enzo_260427.exe() [0x769754]
BT symbol: /work2/11056/zwu/frontera/enzo_gh/data/251110/ic512_b_starnetlibyt/enzo_260427.exe() [0x408ef8]
BT symbol: /lib64/libc.so.6(__libc_start_main+0xf5) [0x2b0b42634555]
BT symbol: /work2/11056/zwu/frontera/enzo_gh/data/251110/ic512_b_starnetlibyt/enzo_260427.exe() [0x408139]
terminate called after throwing an instance of 'EnzoFatalException'
terminate called after throwing an instance of 'EnzoFatalException'
terminate called after throwing an instance of 'EnzoFatalException'
terminate called after throwing an instance of 'EnzoFatalException'
Caught fatal exception:

   'Error opening input file z_0011/z_0011.
'
at Group_ReadAllData.C:141

Backtrace:

BT symbol: /work2/11056/zwu/frontera/enzo_gh/data/251110/ic512_b_starnetlibyt/enzo_260427.exe() [0x769754]
BT symbol: /work2/11056/zwu/frontera/enzo_gh/data/251110/ic512_b_starnetlibyt/enzo_260427.exe() [0x408ef8]
BT symbol: /lib64/libc.so.6(__libc_start_main+0xf5) [0x2b08a38db555]
BT symbol: /work2/11056/zwu/frontera/enzo_gh/data/251110/ic512_b_starnetlibyt/enzo_260427.exe() [0x408139]
Caught fatal exception:

   'Error opening input file z_0011/z_0011.
'
at Group_ReadAllData.C:141

Backtrace:

BT symbol: /work2/11056/zwu/frontera/enzo_gh/data/251110/ic512_b_starnetlibyt/enzo_260427.exe() [0x769754]
BT symbol: /work2/11056/zwu/frontera/enzo_gh/data/251110/ic512_b_starnetlibyt/enzo_260427.exe() [0x408ef8]
BT symbol: /lib64/libc.so.6(__libc_start_main+0xf5) [0x2ac25711a555]
BT symbol: /work2/11056/zwu/frontera/enzo_gh/data/251110/ic512_b_starnetlibyt/enzo_260427.exe() [0x408139]
terminate called after throwing an instance of 'EnzoFatalException'
terminate called after throwing an instance of 'EnzoFatalException'
Caught fatal exception:

   'Error opening input file z_0011/z_0011.
'
at Group_ReadAllData.C:141

Backtrace:

BT symbol: /work2/11056/zwu/frontera/enzo_gh/data/251110/ic512_b_starnetlibyt/enzo_260427.exe() [0x769754]
BT symbol: /work2/11056/zwu/frontera/enzo_gh/data/251110/ic512_b_starnetlibyt/enzo_260427.exe() [0x408ef8]
BT symbol: /lib64/libc.so.6(__libc_start_main+0xf5) [0x2b362e233555]
BT symbol: /work2/11056/zwu/frontera/enzo_gh/data/251110/ic512_b_starnetlibyt/enzo_260427.exe() [0x408139]
terminate called after throwing an instance of 'EnzoFatalException'
terminate called after throwing an instance of 'EnzoFatalException'
BT symbol: /work2/11056/zwu/frontera/enzo_gh/data/251110/ic512_b_starnetlibyt/enzo_260427.exe() [0x408139]
Caught fatal exception:

   'Error opening input file z_0011/z_0011.
'
at Group_ReadAllData.C:141

Backtrace:

BT symbol: /work2/11056/zwu/frontera/enzo_gh/data/251110/ic512_b_starnetlibyt/enzo_260427.exe() [0x769754]
BT symbol: /work2/11056/zwu/frontera/enzo_gh/data/251110/ic512_b_starnetlibyt/enzo_260427.exe() [0x408ef8]
BT symbol: /lib64/libc.so.6(__libc_start_main+0xf5) [0x2ac418732555]
BT symbol: /work2/11056/zwu/frontera/enzo_gh/data/251110/ic512_b_starnetlibyt/enzo_260427.exe() [0x408139]
Caught fatal exception:

   'Error opening input file z_0011/z_0011.
'
at Group_ReadAllData.C:141

Backtrace:

BT symbol: /work2/11056/zwu/frontera/enzo_gh/data/251110/ic512_b_starnetlibyt/enzo_260427.exe() [0x769754]
BT symbol: /work2/11056/zwu/frontera/enzo_gh/data/251110/ic512_b_starnetlibyt/enzo_260427.exe() [0x408ef8]
BT symbol: /lib64/libc.so.6(__libc_start_main+0xf5) [0x2aaf1d212555]
BT symbol: /work2/11056/zwu/frontera/enzo_gh/data/251110/ic512_b_starnetlibyt/enzo_260427.exe() [0x408139]
terminate called after throwing an instance of 'EnzoFatalException'
terminate called after throwing an instance of 'EnzoFatalException'
Caught fatal exception:

   'Error opening input file z_0011/z_0011.
'
at Group_ReadAllData.C:141

Backtrace:

BT symbol: /work2/11056/zwu/frontera/enzo_gh/data/251110/ic512_b_starnetlibyt/enzo_260427.exe() [0x769754]
BT symbol: /work2/11056/zwu/frontera/enzo_gh/data/251110/ic512_b_starnetlibyt/enzo_260427.exe() [0x408ef8]
BT symbol: /lib64/libc.so.6(__libc_start_main+0xf5) [0x2b89a6bbe555]
BT symbol: /work2/11056/zwu/frontera/enzo_gh/data/251110/ic512_b_starnetlibyt/enzo_260427.exe() [0x408139]
terminate called after throwing an instance of 'EnzoFatalException'
terminate called after throwing an instance of 'EnzoFatalException'
terminate called after throwing an instance of 'EnzoFatalException'
Caught fatal exception:

   'Error opening input file z_0011/z_0011.
'
at Group_ReadAllData.C:141

Backtrace:

BT symbol: /work2/11056/zwu/frontera/enzo_gh/data/251110/ic512_b_starnetlibyt/enzo_260427.exe() [0x769754]
BT symbol: /work2/11056/zwu/frontera/enzo_gh/data/251110/ic512_b_starnetlibyt/enzo_260427.exe() [0x408ef8]
BT symbol: /lib64/libc.so.6(__libc_start_main+0xf5) [0x2b9455873555]
BT symbol: /work2/11056/zwu/frontera/enzo_gh/data/251110/ic512_b_starnetlibyt/enzo_260427.exe() [0x408139]
terminate called after throwing an instance of 'EnzoFatalException'
terminate called after throwing an instance of 'EnzoFatalException'
terminate called after throwing an instance of 'EnzoFatalException'
Caught fatal exception:

   'Error opening input file z_0011/z_0011.
'
at Group_ReadAllData.C:141

Backtrace:

BT symbol: /work2/11056/zwu/frontera/enzo_gh/data/251110/ic512_b_starnetlibyt/enzo_260427.exe() [0x769754]
BT symbol: /work2/11056/zwu/frontera/enzo_gh/data/251110/ic512_b_starnetlibyt/enzo_260427.exe() [0x408ef8]
BT symbol: /lib64/libc.so.6(__libc_start_main+0xf5) [0x2b79155a4555]
BT symbol: /work2/11056/zwu/frontera/enzo_gh/data/251110/ic512_b_starnetlibyt/enzo_260427.exe() [0x408139]
Caught fatal exception:

   'Error opening input file z_0011/z_0011.
'
at Group_ReadAllData.C:141

Backtrace:

BT symbol: /work2/11056/zwu/frontera/enzo_gh/data/251110/ic512_b_starnetlibyt/enzo_260427.exe() [0x769754]
BT symbol: /work2/11056/zwu/frontera/enzo_gh/data/251110/ic512_b_starnetlibyt/enzo_260427.exe() [0x408ef8]
BT symbol: /lib64/libc.so.6(__libc_start_main+0xf5) [0x2adbfa9cf555]
BT symbol: /work2/11056/zwu/frontera/enzo_gh/data/251110/ic512_b_starnetlibyt/enzo_260427.exe() [0x408139]
terminate called after throwing an instance of 'EnzoFatalException'
terminate called after throwing an instance of 'EnzoFatalException'
Caught fatal exception:

   'Error opening input file z_0011/z_0011.
'
at Group_ReadAllData.C:141

Backtrace:

BT symbol: /work2/11056/zwu/frontera/enzo_gh/data/251110/ic512_b_starnetlibyt/enzo_260427.exe() [0x769754]
BT symbol: /work2/11056/zwu/frontera/enzo_gh/data/251110/ic512_b_starnetlibyt/enzo_260427.exe() [0x408ef8]
BT symbol: /lib64/libc.so.6(__libc_start_main+0xf5) [0x2b75afacd555]
BT symbol: /work2/11056/zwu/frontera/enzo_gh/data/251110/ic512_b_starnetlibyt/enzo_260427.exe() [0x408139]
terminate called after throwing an instance of 'EnzoFatalException'
terminate called after throwing an instance of 'EnzoFatalException'
terminate called after throwing an instance of 'EnzoFatalException'
Caught fatal exception:

   'Error opening input file z_0011/z_0011.
'
at Group_ReadAllData.C:141

Backtrace:

BT symbol: /work2/11056/zwu/frontera/enzo_gh/data/251110/ic512_b_starnetlibyt/enzo_260427.exe() [0x769754]
BT symbol: /work2/11056/zwu/frontera/enzo_gh/data/251110/ic512_b_starnetlibyt/enzo_260427.exe() [0x408ef8]
BT symbol: /lib64/libc.so.6(__libc_start_main+0xf5) [0x2b172c471555]
BT symbol: /work2/11056/zwu/frontera/enzo_gh/data/251110/ic512_b_starnetlibyt/enzo_260427.exe() [0x408139]
Caught fatal exception:

   'Error opening input file z_0011/z_0011.
'
at Group_ReadAllData.C:141

Backtrace:

BT symbol: /work2/11056/zwu/frontera/enzo_gh/data/251110/ic512_b_starnetlibyt/enzo_260427.exe() [0x769754]
BT symbol: /work2/11056/zwu/frontera/enzo_gh/data/251110/ic512_b_starnetlibyt/enzo_260427.exe() [0x408ef8]
BT symbol: /lib64/libc.so.6(__libc_start_main+0xf5) [0x2b65c4d5c555]
BT symbol: /work2/11056/zwu/frontera/enzo_gh/data/251110/ic512_b_starnetlibyt/enzo_260427.exe() [0x408139]
terminate called after throwing an instance of 'EnzoFatalException'
terminate called after throwing an instance of 'EnzoFatalException'
Caught fatal exception:

   'Error opening input file z_0011/z_0011.
'
at Group_ReadAllData.C:141

Backtrace:

BT symbol: /work2/11056/zwu/frontera/enzo_gh/data/251110/ic512_b_starnetlibyt/enzo_260427.exe() [0x769754]
BT symbol: /work2/11056/zwu/frontera/enzo_gh/data/251110/ic512_b_starnetlibyt/enzo_260427.exe() [0x408ef8]
BT symbol: /lib64/libc.so.6(__libc_start_main+0xf5) [0x2b4736d2b555]
BT symbol: /work2/11056/zwu/frontera/enzo_gh/data/251110/ic512_b_starnetlibyt/enzo_260427.exe() [0x408139]
terminate called after throwing an instance of 'EnzoFatalException'
terminate called after throwing an instance of 'EnzoFatalException'
terminate called after throwing an instance of 'EnzoFatalException'
terminate called after throwing an instance of 'EnzoFatalException'
terminate called after throwing an instance of 'EnzoFatalException'
terminate called after throwing an instance of 'EnzoFatalException'
terminate called after throwing an instance of 'EnzoFatalException'
Caught fatal exception:

   'Error opening input file z_0011/z_0011.
'
at Group_ReadAllData.C:141

Backtrace:

BT symbol: /work2/11056/zwu/frontera/enzo_gh/data/251110/ic512_b_starnetlibyt/enzo_260427.exe() [0x769754]
BT symbol: /work2/11056/zwu/frontera/enzo_gh/data/251110/ic512_b_starnetlibyt/enzo_260427.exe() [0x408ef8]
BT symbol: /lib64/libc.so.6(__libc_start_main+0xf5) [0x2b409f4ad555]
BT symbol: /work2/11056/zwu/frontera/enzo_gh/data/251110/ic512_b_starnetlibyt/enzo_260427.exe() [0x408139]
Caught fatal exception:

   'Error opening input file z_0011/z_0011.
'
at Group_ReadAllData.C:141

Backtrace:

BT symbol: /work2/11056/zwu/frontera/enzo_gh/data/251110/ic512_b_starnetlibyt/enzo_260427.exe() [0x769754]
BT symbol: /work2/11056/zwu/frontera/enzo_gh/data/251110/ic512_b_starnetlibyt/enzo_260427.exe() [0x408ef8]
BT symbol: /lib64/libc.so.6(__libc_start_main+0xf5) [0x2ad246e45555]
BT symbol: /work2/11056/zwu/frontera/enzo_gh/data/251110/ic512_b_starnetlibyt/enzo_260427.exe() [0x408139]
terminate called after throwing an instance of 'EnzoFatalException'
terminate called after throwing an instance of 'EnzoFatalException'
Caught fatal exception:

   'Error opening input file z_0011/z_0011.
'
at Group_ReadAllData.C:141

Backtrace:

BT symbol: /work2/11056/zwu/frontera/enzo_gh/data/251110/ic512_b_starnetlibyt/enzo_260427.exe() [0x769754]
BT symbol: /work2/11056/zwu/frontera/enzo_gh/data/251110/ic512_b_starnetlibyt/enzo_260427.exe() [0x408ef8]
BT symbol: /lib64/libc.so.6(__libc_start_main+0xf5) [0x2b1369b0b555]
BT symbol: /work2/11056/zwu/frontera/enzo_gh/data/251110/ic512_b_starnetlibyt/enzo_260427.exe() [0x408139]
terminate called after throwing an instance of 'EnzoFatalException'
terminate called after throwing an instance of 'EnzoFatalException'
terminate called after throwing an instance of 'EnzoFatalException'
Caught fatal exception:

   'Error opening input file z_0011/z_0011.
'
at Group_ReadAllData.C:141

Backtrace:

BT symbol: /work2/11056/zwu/frontera/enzo_gh/data/251110/ic512_b_starnetlibyt/enzo_260427.exe() [0x769754]
BT symbol: /work2/11056/zwu/frontera/enzo_gh/data/251110/ic512_b_starnetlibyt/enzo_260427.exe() [0x408ef8]
BT symbol: /lib64/libc.so.6(__libc_start_main+0xf5) [0x2b42cacbe555]
BT symbol: /work2/11056/zwu/frontera/enzo_gh/data/251110/ic512_b_starnetlibyt/enzo_260427.exe() [0x408139]
Caught fatal exception:

   'Error opening input file z_0011/z_0011.
'
at Group_ReadAllData.C:141

Backtrace:

BT symbol: /work2/11056/zwu/frontera/enzo_gh/data/251110/ic512_b_starnetlibyt/enzo_260427.exe() [0x769754]
BT symbol: /work2/11056/zwu/frontera/enzo_gh/data/251110/ic512_b_starnetlibyt/enzo_260427.exe() [0x408ef8]
BT symbol: /lib64/libc.so.6(__libc_start_main+0xf5) [0x2b0aa9603555]
BT symbol: /work2/11056/zwu/frontera/enzo_gh/data/251110/ic512_b_starnetlibyt/enzo_260427.exe() [0x408139]
terminate called after throwing an instance of 'EnzoFatalException'
terminate called after throwing an instance of 'EnzoFatalException'
Caught fatal exception:

   'Error opening input file z_0011/z_0011.
'
at Group_ReadAllData.C:141

Backtrace:

BT symbol: /work2/11056/zwu/frontera/enzo_gh/data/251110/ic512_b_starnetlibyt/enzo_260427.exe() [0x769754]
BT symbol: /work2/11056/zwu/frontera/enzo_gh/data/251110/ic512_b_starnetlibyt/enzo_260427.exe() [0x408ef8]
BT symbol: /lib64/libc.so.6(__libc_start_main+0xf5) [0x2b7ae4275555]
BT symbol: /work2/11056/zwu/frontera/enzo_gh/data/251110/ic512_b_starnetlibyt/enzo_260427.exe() [0x408139]
terminate called after throwing an instance of 'EnzoFatalException'
terminate called after throwing an instance of 'EnzoFatalException'
terminate called after throwing an instance of 'EnzoFatalException'
terminate called after throwing an instance of 'EnzoFatalException'
terminate called after throwing an instance of 'EnzoFatalException'
Caught fatal exception:

   'Error opening input file z_0011/z_0011.
'
at Group_ReadAllData.C:141

Backtrace:

BT symbol: /work2/11056/zwu/frontera/enzo_gh/data/251110/ic512_b_starnetlibyt/enzo_260427.exe() [0x769754]
BT symbol: /work2/11056/zwu/frontera/enzo_gh/data/251110/ic512_b_starnetlibyt/enzo_260427.exe() [0x408ef8]
BT symbol: /lib64/libc.so.6(__libc_start_main+0xf5) [0x2b597ab7c555]
BT symbol: /work2/11056/zwu/frontera/enzo_gh/data/251110/ic512_b_starnetlibyt/enzo_260427.exe() [0x408139]
terminate called after throwing an instance of 'EnzoFatalException'
Caught fatal exception:

   'Error opening input file z_0011/z_0011.
'
at Group_ReadAllData.C:141

Backtrace:

BT symbol: /work2/11056/zwu/frontera/enzo_gh/data/251110/ic512_b_starnetlibyt/enzo_260427.exe() [0x769754]
BT symbol: /work2/11056/zwu/frontera/enzo_gh/data/251110/ic512_b_starnetlibyt/enzo_260427.exe() [0x408ef8]
BT symbol: /lib64/libc.so.6(__libc_start_main+0xf5) [0x2adb94e21555]
BT symbol: /work2/11056/zwu/frontera/enzo_gh/data/251110/ic512_b_starnetlibyt/enzo_260427.exe() [0x408139]
Caught fatal exception:

   'Error opening input file z_0011/z_0011.
'
at Group_ReadAllData.C:141

Backtrace:

BT symbol: /work2/11056/zwu/frontera/enzo_gh/data/251110/ic512_b_starnetlibyt/enzo_260427.exe() [0x769754]
BT symbol: /work2/11056/zwu/frontera/enzo_gh/data/251110/ic512_b_starnetlibyt/enzo_260427.exe() [0x408ef8]
BT symbol: /lib64/libc.so.6(__libc_start_main+0xf5) [0x2adb000c6555]
BT symbol: /work2/11056/zwu/frontera/enzo_gh/data/251110/ic512_b_starnetlibyt/enzo_260427.exe() [0x408139]
terminate called after throwing an instance of 'EnzoFatalException'
terminate called after throwing an instance of 'EnzoFatalException'
Caught fatal exception:

   'Error opening input file z_0011/z_0011.
'
at Group_ReadAllData.C:141

Backtrace:

BT symbol: /work2/11056/zwu/frontera/enzo_gh/data/251110/ic512_b_starnetlibyt/enzo_260427.exe() [0x769754]
BT symbol: /work2/11056/zwu/frontera/enzo_gh/data/251110/ic512_b_starnetlibyt/enzo_260427.exe() [0x408ef8]
BT symbol: /lib64/libc.so.6(__libc_start_main+0xf5) [0x2b890d6dd555]
BT symbol: /work2/11056/zwu/frontera/enzo_gh/data/251110/ic512_b_starnetlibyt/enzo_260427.exe() [0x408139]
terminate called after throwing an instance of 'EnzoFatalException'
terminate called after throwing an instance of 'EnzoFatalException'
Caught fatal exception:

   'Error opening input file z_0011/z_0011.
'
at Group_ReadAllData.C:141

Backtrace:

BT symbol: /work2/11056/zwu/frontera/enzo_gh/data/251110/ic512_b_starnetlibyt/enzo_260427.exe() [0x769754]
BT symbol: /work2/11056/zwu/frontera/enzo_gh/data/251110/ic512_b_starnetlibyt/enzo_260427.exe() [0x408ef8]
BT symbol: /lib64/libc.so.6(__libc_start_main+0xf5) [0x2b8f4c1c7555]
BT symbol: /work2/11056/zwu/frontera/enzo_gh/data/251110/ic512_b_starnetlibyt/enzo_260427.exe() [0x408139]
terminate called after throwing an instance of 'EnzoFatalException'
Caught fatal exception:

   'Error opening input file z_0011/z_0011.
'
at Group_ReadAllData.C:141

Backtrace:

BT symbol: /work2/11056/zwu/frontera/enzo_gh/data/251110/ic512_b_starnetlibyt/enzo_260427.exe() [0x769754]
BT symbol: /work2/11056/zwu/frontera/enzo_gh/data/251110/ic512_b_starnetlibyt/enzo_260427.exe() [0x408ef8]
BT symbol: /lib64/libc.so.6(__libc_start_main+0xf5) [0x2ad73f81b555]
BT symbol: /work2/11056/zwu/frontera/enzo_gh/data/251110/ic512_b_starnetlibyt/enzo_260427.exe() [0x408139]
terminate called after throwing an instance of 'EnzoFatalException'
terminate called after throwing an instance of 'EnzoFatalException'
Caught fatal exception:

   'Error opening input file z_0011/z_0011.
'
at Group_ReadAllData.C:141

Backtrace:

BT symbol: /work2/11056/zwu/frontera/enzo_gh/data/251110/ic512_b_starnetlibyt/enzo_260427.exe() [0x769754]
BT symbol: /work2/11056/zwu/frontera/enzo_gh/data/251110/ic512_b_starnetlibyt/enzo_260427.exe() [0x408ef8]
BT symbol: /lib64/libc.so.6(__libc_start_main+0xf5) [0x2b65ad9f0555]
BT symbol: /work2/11056/zwu/frontera/enzo_gh/data/251110/ic512_b_starnetlibyt/enzo_260427.exe() [0x408139]
terminate called after throwing an instance of 'EnzoFatalException'
terminate called after throwing an instance of 'EnzoFatalException'
terminate called after throwing an instance of 'EnzoFatalException'
terminate called after throwing an instance of 'EnzoFatalException'
terminate called after throwing an instance of 'EnzoFatalException'
terminate called after throwing an instance of 'EnzoFatalException'
terminate called after throwing an instance of 'EnzoFatalException'
Caught fatal exception:

   'Error opening input file z_0011/z_0011.
'
at Group_ReadAllData.C:141

Backtrace:

BT symbol: /work2/11056/zwu/frontera/enzo_gh/data/251110/ic512_b_starnetlibyt/enzo_260427.exe() [0x769754]
BT symbol: /work2/11056/zwu/frontera/enzo_gh/data/251110/ic512_b_starnetlibyt/enzo_260427.exe() [0x408ef8]
BT symbol: /lib64/libc.so.6(__libc_start_main+0xf5) [0x2b721d0f6555]
BT symbol: /work2/11056/zwu/frontera/enzo_gh/data/251110/ic512_b_starnetlibyt/enzo_260427.exe() [0x408139]
Caught fatal exception:

   'Error opening input file z_0011/z_0011.
'
at Group_ReadAllData.C:141

Backtrace:

BT symbol: /work2/11056/zwu/frontera/enzo_gh/data/251110/ic512_b_starnetlibyt/enzo_260427.exe() [0x769754]
BT symbol: /work2/11056/zwu/frontera/enzo_gh/data/251110/ic512_b_starnetlibyt/enzo_260427.exe() [0x408ef8]
BT symbol: /lib64/libc.so.6(__libc_start_main+0xf5) [0x2ae4476ad555]
BT symbol: /work2/11056/zwu/frontera/enzo_gh/data/251110/ic512_b_starnetlibyt/enzo_260427.exe() [0x408139]
terminate called after throwing an instance of 'EnzoFatalException'
Caught fatal exception:

   'Error opening input file z_0011/z_0011.
'
at Group_ReadAllData.C:141

Backtrace:

BT symbol: /work2/11056/zwu/frontera/enzo_gh/data/251110/ic512_b_starnetlibyt/enzo_260427.exe() [0x769754]
BT symbol: /work2/11056/zwu/frontera/enzo_gh/data/251110/ic512_b_starnetlibyt/enzo_260427.exe() [0x408ef8]
BT symbol: /lib64/libc.so.6(__libc_start_main+0xf5) [0x2adb07032555]
BT symbol: /work2/11056/zwu/frontera/enzo_gh/data/251110/ic512_b_starnetlibyt/enzo_260427.exe() [0x408139]
Caught fatal exception:

   'Error opening input file z_0011/z_0011.
'
at Group_ReadAllData.C:141

Backtrace:

BT symbol: /work2/11056/zwu/frontera/enzo_gh/data/251110/ic512_b_starnetlibyt/enzo_260427.exe() [0x769754]
BT symbol: /work2/11056/zwu/frontera/enzo_gh/data/251110/ic512_b_starnetlibyt/enzo_260427.exe() [0x408ef8]
BT symbol: /lib64/libc.so.6(__libc_start_main+0xf5) [0x2b997e34b555]
BT symbol: /work2/11056/zwu/frontera/enzo_gh/data/251110/ic512_b_starnetlibyt/enzo_260427.exe() [0x408139]
Caught fatal exception:

   'Error opening input file z_0011/z_0011.
'
at Group_ReadAllData.C:141

Backtrace:

BT symbol: /work2/11056/zwu/frontera/enzo_gh/data/251110/ic512_b_starnetlibyt/enzo_260427.exe() [0x769754]
BT symbol: /work2/11056/zwu/frontera/enzo_gh/data/251110/ic512_b_starnetlibyt/enzo_260427.exe() [0x408ef8]
BT symbol: /lib64/libc.so.6(__libc_start_main+0xf5) [0x2ba7422ac555]
BT symbol: /work2/11056/zwu/frontera/enzo_gh/data/251110/ic512_b_starnetlibyt/enzo_260427.exe() [0x408139]
terminate called after throwing an instance of 'EnzoFatalException'
terminate called after throwing an instance of 'EnzoFatalException'
terminate called after throwing an instance of 'EnzoFatalException'
Caught fatal exception:

   'Error opening input file z_0011/z_0011.
'
at Group_ReadAllData.C:141

Backtrace:

BT symbol: /work2/11056/zwu/frontera/enzo_gh/data/251110/ic512_b_starnetlibyt/enzo_260427.exe() [0x769754]
BT symbol: /work2/11056/zwu/frontera/enzo_gh/data/251110/ic512_b_starnetlibyt/enzo_260427.exe() [0x408ef8]
BT symbol: /lib64/libc.so.6(__libc_start_main+0xf5) [0x2ad5fe0f8555]
BT symbol: /work2/11056/zwu/frontera/enzo_gh/data/251110/ic512_b_starnetlibyt/enzo_260427.exe() [0x408139]
terminate called after throwing an instance of 'EnzoFatalException'
terminate called after throwing an instance of 'EnzoFatalException'
Caught fatal exception:

   'Error opening input file z_0011/z_0011.
'
at Group_ReadAllData.C:141

Backtrace:

BT symbol: /work2/11056/zwu/frontera/enzo_gh/data/251110/ic512_b_starnetlibyt/enzo_260427.exe() [0x769754]
BT symbol: /work2/11056/zwu/frontera/enzo_gh/data/251110/ic512_b_starnetlibyt/enzo_260427.exe() [0x408ef8]
BT symbol: /lib64/libc.so.6(__libc_start_main+0xf5) [0x2b4465600555]
BT symbol: /work2/11056/zwu/frontera/enzo_gh/data/251110/ic512_b_starnetlibyt/enzo_260427.exe() [0x408139]
terminate called after throwing an instance of 'EnzoFatalException'
terminate called after throwing an instance of 'EnzoFatalException'
terminate called after throwing an instance of 'EnzoFatalException'
terminate called after throwing an instance of 'EnzoFatalException'
terminate called after throwing an instance of 'EnzoFatalException'
terminate called after throwing an instance of 'EnzoFatalException'
terminate called after throwing an instance of 'EnzoFatalException'
Caught fatal exception:

   'Error opening input file z_0011/z_0011.
'
at Group_ReadAllData.C:141

Backtrace:

BT symbol: /work2/11056/zwu/frontera/enzo_gh/data/251110/ic512_b_starnetlibyt/enzo_260427.exe() [0x769754]
BT symbol: /work2/11056/zwu/frontera/enzo_gh/data/251110/ic512_b_starnetlibyt/enzo_260427.exe() [0x408ef8]
BT symbol: /lib64/libc.so.6(__libc_start_main+0xf5) [0x2b207a0a6555]
BT symbol: /work2/11056/zwu/frontera/enzo_gh/data/251110/ic512_b_starnetlibyt/enzo_260427.exe() [0x408139]
Caught fatal exception:

   'Error opening input file z_0011/z_0011.
'
at Group_ReadAllData.C:141

Backtrace:

BT symbol: /work2/11056/zwu/frontera/enzo_gh/data/251110/ic512_b_starnetlibyt/enzo_260427.exe() [0x769754]
BT symbol: /work2/11056/zwu/frontera/enzo_gh/data/251110/ic512_b_starnetlibyt/enzo_260427.exe() [0x408ef8]
BT symbol: /lib64/libc.so.6(__libc_start_main+0xf5) [0x2ae21e011555]
BT symbol: /work2/11056/zwu/frontera/enzo_gh/data/251110/ic512_b_starnetlibyt/enzo_260427.exe() [0x408139]
terminate called after throwing an instance of 'EnzoFatalException'
Caught fatal exception:

   'Error opening input file z_0011/z_0011.
'
at Group_ReadAllData.C:141

Backtrace:

BT symbol: /work2/11056/zwu/frontera/enzo_gh/data/251110/ic512_b_starnetlibyt/enzo_260427.exe() [0x769754]
BT symbol: /work2/11056/zwu/frontera/enzo_gh/data/251110/ic512_b_starnetlibyt/enzo_260427.exe() [0x408ef8]
BT symbol: /lib64/libc.so.6(__libc_start_main+0xf5) [0x2b890d61c555]
BT symbol: /work2/11056/zwu/frontera/enzo_gh/data/251110/ic512_b_starnetlibyt/enzo_260427.exe() [0x408139]
Caught fatal exception:

   'Error opening input file z_0011/z_0011.
'
at Group_ReadAllData.C:141

Backtrace:

BT symbol: /work2/11056/zwu/frontera/enzo_gh/data/251110/ic512_b_starnetlibyt/enzo_260427.exe() [0x769754]
BT symbol: /work2/11056/zwu/frontera/enzo_gh/data/251110/ic512_b_starnetlibyt/enzo_260427.exe() [0x408ef8]
BT symbol: /lib64/libc.so.6(__libc_start_main+0xf5) [0x2b0ec634b555]
BT symbol: /work2/11056/zwu/frontera/enzo_gh/data/251110/ic512_b_starnetlibyt/enzo_260427.exe() [0x408139]
terminate called after throwing an instance of 'EnzoFatalException'
terminate called after throwing an instance of 'EnzoFatalException'
terminate called after throwing an instance of 'EnzoFatalException'
Caught fatal exception:

   'Error opening input file z_0011/z_0011.
'
at Group_ReadAllData.C:141

Backtrace:

BT symbol: /work2/11056/zwu/frontera/enzo_gh/data/251110/ic512_b_starnetlibyt/enzo_260427.exe() [0x769754]
BT symbol: /work2/11056/zwu/frontera/enzo_gh/data/251110/ic512_b_starnetlibyt/enzo_260427.exe() [0x408ef8]
BT symbol: /lib64/libc.so.6(__libc_start_main+0xf5) [0x2ba62b3b4555]
BT symbol: /work2/11056/zwu/frontera/enzo_gh/data/251110/ic512_b_starnetlibyt/enzo_260427.exe() [0x408139]
Caught fatal exception:

   'Error opening input file z_0011/z_0011.
'
at Group_ReadAllData.C:141

Backtrace:

BT symbol: /work2/11056/zwu/frontera/enzo_gh/data/251110/ic512_b_starnetlibyt/enzo_260427.exe() [0x769754]
BT symbol: /work2/11056/zwu/frontera/enzo_gh/data/251110/ic512_b_starnetlibyt/enzo_260427.exe() [0x408ef8]
BT symbol: /lib64/libc.so.6(__libc_start_main+0xf5) [0x2b1f4d6e3555]
BT symbol: /work2/11056/zwu/frontera/enzo_gh/data/251110/ic512_b_starnetlibyt/enzo_260427.exe() [0x408139]
terminate called after throwing an instance of 'EnzoFatalException'
terminate called after throwing an instance of 'EnzoFatalException'
Caught fatal exception:

   'Error opening input file z_0011/z_0011.
'
at Group_ReadAllData.C:141

Backtrace:

BT symbol: /work2/11056/zwu/frontera/enzo_gh/data/251110/ic512_b_starnetlibyt/enzo_260427.exe() [0x769754]
BT symbol: /work2/11056/zwu/frontera/enzo_gh/data/251110/ic512_b_starnetlibyt/enzo_260427.exe() [0x408ef8]
BT symbol: /lib64/libc.so.6(__libc_start_main+0xf5) [0x2af949348555]
BT symbol: /work2/11056/zwu/frontera/enzo_gh/data/251110/ic512_b_starnetlibyt/enzo_260427.exe() [0x408139]
terminate called after throwing an instance of 'EnzoFatalException'
terminate called after throwing an instance of 'EnzoFatalException'
terminate called after throwing an instance of 'EnzoFatalException'
terminate called after throwing an instance of 'EnzoFatalException'
terminate called after throwing an instance of 'EnzoFatalException'
terminate called after throwing an instance of 'EnzoFatalException'
terminate called after throwing an instance of 'EnzoFatalException'
Caught fatal exception:

   'Error opening input file z_0011/z_0011.
'
at Group_ReadAllData.C:141

Backtrace:

BT symbol: /work2/11056/zwu/frontera/enzo_gh/data/251110/ic512_b_starnetlibyt/enzo_260427.exe() [0x769754]
BT symbol: /work2/11056/zwu/frontera/enzo_gh/data/251110/ic512_b_starnetlibyt/enzo_260427.exe() [0x408ef8]
BT symbol: /lib64/libc.so.6(__libc_start_main+0xf5) [0x2b1eb9257555]
BT symbol: /work2/11056/zwu/frontera/enzo_gh/data/251110/ic512_b_starnetlibyt/enzo_260427.exe() [0x408139]
Caught fatal exception:

   'Error opening input file z_0011/z_0011.
'
at Group_ReadAllData.C:141

Backtrace:

BT symbol: /work2/11056/zwu/frontera/enzo_gh/data/251110/ic512_b_starnetlibyt/enzo_260427.exe() [0x769754]
BT symbol: /work2/11056/zwu/frontera/enzo_gh/data/251110/ic512_b_starnetlibyt/enzo_260427.exe() [0x408ef8]
BT symbol: /lib64/libc.so.6(__libc_start_main+0xf5) [0x2aafa15ff555]
BT symbol: /work2/11056/zwu/frontera/enzo_gh/data/251110/ic512_b_starnetlibyt/enzo_260427.exe() [0x408139]
terminate called after throwing an instance of 'EnzoFatalException'
Caught fatal exception:

   'Error opening input file z_0011/z_0011.
'
at Group_ReadAllData.C:141

Backtrace:

BT symbol: /work2/11056/zwu/frontera/enzo_gh/data/251110/ic512_b_starnetlibyt/enzo_260427.exe() [0x769754]
BT symbol: /work2/11056/zwu/frontera/enzo_gh/data/251110/ic512_b_starnetlibyt/enzo_260427.exe() [0x408ef8]
BT symbol: /lib64/libc.so.6(__libc_start_main+0xf5) [0x2ac60a8a6555]
BT symbol: /work2/11056/zwu/frontera/enzo_gh/data/251110/ic512_b_starnetlibyt/enzo_260427.exe() [0x408139]
Caught fatal exception:

   'Error opening input file z_0011/z_0011.
'
at Group_ReadAllData.C:141

Backtrace:

BT symbol: /work2/11056/zwu/frontera/enzo_gh/data/251110/ic512_b_starnetlibyt/enzo_260427.exe() [0x769754]
BT symbol: /work2/11056/zwu/frontera/enzo_gh/data/251110/ic512_b_starnetlibyt/enzo_260427.exe() [0x408ef8]
BT symbol: /lib64/libc.so.6(__libc_start_main+0xf5) [0x2ba7e853b555]
BT symbol: /work2/11056/zwu/frontera/enzo_gh/data/251110/ic512_b_starnetlibyt/enzo_260427.exe() [0x408139]
terminate called after throwing an instance of 'EnzoFatalException'
terminate called after throwing an instance of 'EnzoFatalException'
Caught fatal exception:

   'Error opening input file z_0011/z_0011.
'
at Group_ReadAllData.C:141

Backtrace:

BT symbol: /work2/11056/zwu/frontera/enzo_gh/data/251110/ic512_b_starnetlibyt/enzo_260427.exe() [0x769754]
BT symbol: /work2/11056/zwu/frontera/enzo_gh/data/251110/ic512_b_starnetlibyt/enzo_260427.exe() [0x408ef8]
BT symbol: /lib64/libc.so.6(__libc_start_main+0xf5) [0x2b87345f8555]
BT symbol: /work2/11056/zwu/frontera/enzo_gh/data/251110/ic512_b_starnetlibyt/enzo_260427.exe() [0x408139]
terminate called after throwing an instance of 'EnzoFatalException'
Caught fatal exception:

   'Error opening input file z_0011/z_0011.
'
at Group_ReadAllData.C:141

Backtrace:

BT symbol: /work2/11056/zwu/frontera/enzo_gh/data/251110/ic512_b_starnetlibyt/enzo_260427.exe() [0x769754]
BT symbol: /work2/11056/zwu/frontera/enzo_gh/data/251110/ic512_b_starnetlibyt/enzo_260427.exe() [0x408ef8]
BT symbol: /lib64/libc.so.6(__libc_start_main+0xf5) [0x2ad10c4c6555]
BT symbol: /work2/11056/zwu/frontera/enzo_gh/data/251110/ic512_b_starnetlibyt/enzo_260427.exe() [0x408139]
terminate called after throwing an instance of 'EnzoFatalException'
terminate called after throwing an instance of 'EnzoFatalException'
Caught fatal exception:

   'Error opening input file z_0011/z_0011.
'
at Group_ReadAllData.C:141

Backtrace:

BT symbol: /work2/11056/zwu/frontera/enzo_gh/data/251110/ic512_b_starnetlibyt/enzo_260427.exe() [0x769754]
BT symbol: /work2/11056/zwu/frontera/enzo_gh/data/251110/ic512_b_starnetlibyt/enzo_260427.exe() [0x408ef8]
BT symbol: /lib64/libc.so.6(__libc_start_main+0xf5) [0x2ad8d3a5f555]
BT symbol: /work2/11056/zwu/frontera/enzo_gh/data/251110/ic512_b_starnetlibyt/enzo_260427.exe() [0x408139]
terminate called after throwing an instance of 'EnzoFatalException'
terminate called after throwing an instance of 'EnzoFatalException'
terminate called after throwing an instance of 'EnzoFatalException'
terminate called after throwing an instance of 'EnzoFatalException'
terminate called after throwing an instance of 'EnzoFatalException'
terminate called after throwing an instance of 'EnzoFatalException'
terminate called after throwing an instance of 'EnzoFatalException'
Caught fatal exception:

   'Error opening input file z_0011/z_0011.
'
at Group_ReadAllData.C:141

Backtrace:

BT symbol: /work2/11056/zwu/frontera/enzo_gh/data/251110/ic512_b_starnetlibyt/enzo_260427.exe() [0x769754]
BT symbol: /work2/11056/zwu/frontera/enzo_gh/data/251110/ic512_b_starnetlibyt/enzo_260427.exe() [0x408ef8]
BT symbol: /lib64/libc.so.6(__libc_start_main+0xf5) [0x2b8b7ce61555]
BT symbol: /work2/11056/zwu/frontera/enzo_gh/data/251110/ic512_b_starnetlibyt/enzo_260427.exe() [0x408139]
Caught fatal exception:

   'Error opening input file z_0011/z_0011.
'
at Group_ReadAllData.C:141

Backtrace:

BT symbol: /work2/11056/zwu/frontera/enzo_gh/data/251110/ic512_b_starnetlibyt/enzo_260427.exe() [0x769754]
BT symbol: /work2/11056/zwu/frontera/enzo_gh/data/251110/ic512_b_starnetlibyt/enzo_260427.exe() [0x408ef8]
BT symbol: /lib64/libc.so.6(__libc_start_main+0xf5) [0x2b48476e6555]
BT symbol: /work2/11056/zwu/frontera/enzo_gh/data/251110/ic512_b_starnetlibyt/enzo_260427.exe() [0x408139]
terminate called after throwing an instance of 'EnzoFatalException'
Caught fatal exception:

   'Error opening input file z_0011/z_0011.
'
at Group_ReadAllData.C:141

Backtrace:

BT symbol: /work2/11056/zwu/frontera/enzo_gh/data/251110/ic512_b_starnetlibyt/enzo_260427.exe() [0x769754]
BT symbol: /work2/11056/zwu/frontera/enzo_gh/data/251110/ic512_b_starnetlibyt/enzo_260427.exe() [0x408ef8]
BT symbol: /lib64/libc.so.6(__libc_start_main+0xf5) [0x2b509be2b555]
BT symbol: /work2/11056/zwu/frontera/enzo_gh/data/251110/ic512_b_starnetlibyt/enzo_260427.exe() [0x408139]
Caught fatal exception:

   'Error opening input file z_0011/z_0011.
'
at Group_ReadAllData.C:141

Backtrace:

BT symbol: /work2/11056/zwu/frontera/enzo_gh/data/251110/ic512_b_starnetlibyt/enzo_260427.exe() [0x769754]
BT symbol: /work2/11056/zwu/frontera/enzo_gh/data/251110/ic512_b_starnetlibyt/enzo_260427.exe() [0x408ef8]
BT symbol: /lib64/libc.so.6(__libc_start_main+0xf5) [0x2ae2e5192555]
BT symbol: /work2/11056/zwu/frontera/enzo_gh/data/251110/ic512_b_starnetlibyt/enzo_260427.exe() [0x408139]
terminate called after throwing an instance of 'EnzoFatalException'
terminate called after throwing an instance of 'EnzoFatalException'
terminate called after throwing an instance of 'EnzoFatalException'
terminate called after throwing an instance of 'EnzoFatalException'
Caught fatal exception:

   'Error opening input file z_0011/z_0011.
'
at Group_ReadAllData.C:141

Backtrace:

BT symbol: /work2/11056/zwu/frontera/enzo_gh/data/251110/ic512_b_starnetlibyt/enzo_260427.exe() [0x769754]
BT symbol: /work2/11056/zwu/frontera/enzo_gh/data/251110/ic512_b_starnetlibyt/enzo_260427.exe() [0x408ef8]
BT symbol: /lib64/libc.so.6(__libc_start_main+0xf5) [0x2ad512a79555]
BT symbol: /work2/11056/zwu/frontera/enzo_gh/data/251110/ic512_b_starnetlibyt/enzo_260427.exe() [0x408139]
terminate called after throwing an instance of 'EnzoFatalException'
terminate called after throwing an instance of 'EnzoFatalException'
Caught fatal exception:

   'Error opening input file z_0011/z_0011.
'
at Group_ReadAllData.C:141

Backtrace:

BT symbol: /work2/11056/zwu/frontera/enzo_gh/data/251110/ic512_b_starnetlibyt/enzo_260427.exe() [0x769754]
BT symbol: /work2/11056/zwu/frontera/enzo_gh/data/251110/ic512_b_starnetlibyt/enzo_260427.exe() [0x408ef8]
BT symbol: /lib64/libc.so.6(__libc_start_main+0xf5) [0x2ad6d3107555]
BT symbol: /work2/11056/zwu/frontera/enzo_gh/data/251110/ic512_b_starnetlibyt/enzo_260427.exe() [0x408139]
terminate called after throwing an instance of 'EnzoFatalException'
terminate called after throwing an instance of 'EnzoFatalException'
Caught fatal exception:

   'Error opening input file z_0011/z_0011.
'
at Group_ReadAllData.C:141

Backtrace:

BT symbol: /work2/11056/zwu/frontera/enzo_gh/data/251110/ic512_b_starnetlibyt/enzo_260427.exe() [0x769754]
BT symbol: /work2/11056/zwu/frontera/enzo_gh/data/251110/ic512_b_starnetlibyt/enzo_260427.exe() [0x408ef8]
BT symbol: /lib64/libc.so.6(__libc_start_main+0xf5) [0x2b25ee196555]
BT symbol: /work2/11056/zwu/frontera/enzo_gh/data/251110/ic512_b_starnetlibyt/enzo_260427.exe() [0x408139]
terminate called after throwing an instance of 'EnzoFatalException'
terminate called after throwing an instance of 'EnzoFatalException'
terminate called after throwing an instance of 'EnzoFatalException'
terminate called after throwing an instance of 'EnzoFatalException'
Caught fatal exception:

   'Error opening input file z_0011/z_0011.
'
at Group_ReadAllData.C:141

Backtrace:

BT symbol: /work2/11056/zwu/frontera/enzo_gh/data/251110/ic512_b_starnetlibyt/enzo_260427.exe() [0x769754]
BT symbol: /work2/11056/zwu/frontera/enzo_gh/data/251110/ic512_b_starnetlibyt/enzo_260427.exe() [0x408ef8]
BT symbol: /lib64/libc.so.6(__libc_start_main+0xf5) [0x2b2fb83bf555]
BT symbol: /work2/11056/zwu/frontera/enzo_gh/data/251110/ic512_b_starnetlibyt/enzo_260427.exe() [0x408139]
Caught fatal exception:

   'Error opening input file z_0011/z_0011.
'
at Group_ReadAllData.C:141

Backtrace:

BT symbol: /work2/11056/zwu/frontera/enzo_gh/data/251110/ic512_b_starnetlibyt/enzo_260427.exe() [0x769754]
BT symbol: /work2/11056/zwu/frontera/enzo_gh/data/251110/ic512_b_starnetlibyt/enzo_260427.exe() [0x408ef8]
BT symbol: /lib64/libc.so.6(__libc_start_main+0xf5) [0x2b29f4f1c555]
BT symbol: /work2/11056/zwu/frontera/enzo_gh/data/251110/ic512_b_starnetlibyt/enzo_260427.exe() [0x408139]
terminate called after throwing an instance of 'EnzoFatalException'
Caught fatal exception:

   'Error opening input file z_0011/z_0011.
'
at Group_ReadAllData.C:141

Backtrace:

BT symbol: /work2/11056/zwu/frontera/enzo_gh/data/251110/ic512_b_starnetlibyt/enzo_260427.exe() [0x769754]
BT symbol: /work2/11056/zwu/frontera/enzo_gh/data/251110/ic512_b_starnetlibyt/enzo_260427.exe() [0x408ef8]
BT symbol: /lib64/libc.so.6(__libc_start_main+0xf5) [0x2b8de20b5555]
BT symbol: /work2/11056/zwu/frontera/enzo_gh/data/251110/ic512_b_starnetlibyt/enzo_260427.exe() [0x408139]
Caught fatal exception:

   'Error opening input file z_0011/z_0011.
'
at Group_ReadAllData.C:141

Backtrace:

BT symbol: /work2/11056/zwu/frontera/enzo_gh/data/251110/ic512_b_starnetlibyt/enzo_260427.exe() [0x769754]
BT symbol: /work2/11056/zwu/frontera/enzo_gh/data/251110/ic512_b_starnetlibyt/enzo_260427.exe() [0x408ef8]
BT symbol: /lib64/libc.so.6(__libc_start_main+0xf5) [0x2b494bc05555]
BT symbol: /work2/11056/zwu/frontera/enzo_gh/data/251110/ic512_b_starnetlibyt/enzo_260427.exe() [0x408139]
terminate called after throwing an instance of 'EnzoFatalException'
terminate called after throwing an instance of 'EnzoFatalException'
terminate called after throwing an instance of 'EnzoFatalException'
terminate called after throwing an instance of 'EnzoFatalException'
Caught fatal exception:

   'Error opening input file z_0011/z_0011.
'
at Group_ReadAllData.C:141

Backtrace:

BT symbol: /work2/11056/zwu/frontera/enzo_gh/data/251110/ic512_b_starnetlibyt/enzo_260427.exe() [0x769754]
BT symbol: /work2/11056/zwu/frontera/enzo_gh/data/251110/ic512_b_starnetlibyt/enzo_260427.exe() [0x408ef8]
BT symbol: /lib64/libc.so.6(__libc_start_main+0xf5) [0x2b413a150555]
BT symbol: /work2/11056/zwu/frontera/enzo_gh/data/251110/ic512_b_starnetlibyt/enzo_260427.exe() [0x408139]
terminate called after throwing an instance of 'EnzoFatalException'
terminate called after throwing an instance of 'EnzoFatalException'
Caught fatal exception:

   'Error opening input file z_0011/z_0011.
'
at Group_ReadAllData.C:141

Backtrace:

BT symbol: /work2/11056/zwu/frontera/enzo_gh/data/251110/ic512_b_starnetlibyt/enzo_260427.exe() [0x769754]
BT symbol: /work2/11056/zwu/frontera/enzo_gh/data/251110/ic512_b_starnetlibyt/enzo_260427.exe() [0x408ef8]
BT symbol: /lib64/libc.so.6(__libc_start_main+0xf5) [0x2b631f58c555]
BT symbol: /work2/11056/zwu/frontera/enzo_gh/data/251110/ic512_b_starnetlibyt/enzo_260427.exe() [0x408139]
terminate called after throwing an instance of 'EnzoFatalException'
terminate called after throwing an instance of 'EnzoFatalException'
terminate called after throwing an instance of 'EnzoFatalException'
terminate called after throwing an instance of 'EnzoFatalException'
terminate called after throwing an instance of 'EnzoFatalException'
terminate called after throwing an instance of 'EnzoFatalException'
terminate called after throwing an instance of 'EnzoFatalException'
Caught fatal exception:

   'Error opening input file z_0011/z_0011.
'
at Group_ReadAllData.C:141

Backtrace:

BT symbol: /work2/11056/zwu/frontera/enzo_gh/data/251110/ic512_b_starnetlibyt/enzo_260427.exe() [0x769754]
BT symbol: /work2/11056/zwu/frontera/enzo_gh/data/251110/ic512_b_starnetlibyt/enzo_260427.exe() [0x408ef8]
BT symbol: /lib64/libc.so.6(__libc_start_main+0xf5) [0x2afdbc37f555]
BT symbol: /work2/11056/zwu/frontera/enzo_gh/data/251110/ic512_b_starnetlibyt/enzo_260427.exe() [0x408139]
Caught fatal exception:

   'Error opening input file z_0011/z_0011.
'
at Group_ReadAllData.C:141

Backtrace:

BT symbol: /work2/11056/zwu/frontera/enzo_gh/data/251110/ic512_b_starnetlibyt/enzo_260427.exe() [0x769754]
BT symbol: /work2/11056/zwu/frontera/enzo_gh/data/251110/ic512_b_starnetlibyt/enzo_260427.exe() [0x408ef8]
BT symbol: /lib64/libc.so.6(__libc_start_main+0xf5) [0x2aee2513e555]
BT symbol: /work2/11056/zwu/frontera/enzo_gh/data/251110/ic512_b_starnetlibyt/enzo_260427.exe() [0x408139]
terminate called after throwing an instance of 'EnzoFatalException'
Caught fatal exception:

   'Error opening input file z_0011/z_0011.
'
at Group_ReadAllData.C:141

Backtrace:

BT symbol: /work2/11056/zwu/frontera/enzo_gh/data/251110/ic512_b_starnetlibyt/enzo_260427.exe() [0x769754]
BT symbol: /work2/11056/zwu/frontera/enzo_gh/data/251110/ic512_b_starnetlibyt/enzo_260427.exe() [0x408ef8]
BT symbol: /lib64/libc.so.6(__libc_start_main+0xf5) [0x2b537f80a555]
BT symbol: /work2/11056/zwu/frontera/enzo_gh/data/251110/ic512_b_starnetlibyt/enzo_260427.exe() [0x408139]
Caught fatal exception:

   'Error opening input file z_0011/z_0011.
'
at Group_ReadAllData.C:141

Backtrace:

BT symbol: /work2/11056/zwu/frontera/enzo_gh/data/251110/ic512_b_starnetlibyt/enzo_260427.exe() [0x769754]
BT symbol: /work2/11056/zwu/frontera/enzo_gh/data/251110/ic512_b_starnetlibyt/enzo_260427.exe() [0x408ef8]
BT symbol: /lib64/libc.so.6(__libc_start_main+0xf5) [0x2b206184c555]
BT symbol: /work2/11056/zwu/frontera/enzo_gh/data/251110/ic512_b_starnetlibyt/enzo_260427.exe() [0x408139]
terminate called after throwing an instance of 'EnzoFatalException'
terminate called after throwing an instance of 'EnzoFatalException'
terminate called after throwing an instance of 'EnzoFatalException'
terminate called after throwing an instance of 'EnzoFatalException'
Caught fatal exception:

   'Error opening input file z_0011/z_0011.
'
at Group_ReadAllData.C:141

Backtrace:

BT symbol: /work2/11056/zwu/frontera/enzo_gh/data/251110/ic512_b_starnetlibyt/enzo_260427.exe() [0x769754]
BT symbol: /work2/11056/zwu/frontera/enzo_gh/data/251110/ic512_b_starnetlibyt/enzo_260427.exe() [0x408ef8]
BT symbol: /lib64/libc.so.6(__libc_start_main+0xf5) [0x2adb7f353555]
BT symbol: /work2/11056/zwu/frontera/enzo_gh/data/251110/ic512_b_starnetlibyt/enzo_260427.exe() [0x408139]
terminate called after throwing an instance of 'EnzoFatalException'
terminate called after throwing an instance of 'EnzoFatalException'
Caught fatal exception:

   'Error opening input file z_0011/z_0011.
'
at Group_ReadAllData.C:141

Backtrace:

BT symbol: /work2/11056/zwu/frontera/enzo_gh/data/251110/ic512_b_starnetlibyt/enzo_260427.exe() [0x769754]
BT symbol: /work2/11056/zwu/frontera/enzo_gh/data/251110/ic512_b_starnetlibyt/enzo_260427.exe() [0x408ef8]
BT symbol: /lib64/libc.so.6(__libc_start_main+0xf5) [0x2abc3d5d6555]
BT symbol: /work2/11056/zwu/frontera/enzo_gh/data/251110/ic512_b_starnetlibyt/enzo_260427.exe() [0x408139]
terminate called after throwing an instance of 'EnzoFatalException'
terminate called after throwing an instance of 'EnzoFatalException'
terminate called after throwing an instance of 'EnzoFatalException'
terminate called after throwing an instance of 'EnzoFatalException'
Caught fatal exception:

   'Error opening input file z_0011/z_0011.
'
at Group_ReadAllData.C:141

Backtrace:

BT symbol: /work2/11056/zwu/frontera/enzo_gh/data/251110/ic512_b_starnetlibyt/enzo_260427.exe() [0x769754]
BT symbol: /work2/11056/zwu/frontera/enzo_gh/data/251110/ic512_b_starnetlibyt/enzo_260427.exe() [0x408ef8]
BT symbol: /lib64/libc.so.6(__libc_start_main+0xf5) [0x2b54c06ce555]
BT symbol: /work2/11056/zwu/frontera/enzo_gh/data/251110/ic512_b_starnetlibyt/enzo_260427.exe() [0x408139]
terminate called after throwing an instance of 'EnzoFatalException'
terminate called after throwing an instance of 'EnzoFatalException'
Caught fatal exception:

   'Error opening input file z_0011/z_0011.
'
at Group_ReadAllData.C:141

Backtrace:

BT symbol: /work2/11056/zwu/frontera/enzo_gh/data/251110/ic512_b_starnetlibyt/enzo_260427.exe() [0x769754]
BT symbol: /work2/11056/zwu/frontera/enzo_gh/data/251110/ic512_b_starnetlibyt/enzo_260427.exe() [0x408ef8]
BT symbol: /lib64/libc.so.6(__libc_start_main+0xf5) [0x2acf85140555]
BT symbol: /work2/11056/zwu/frontera/enzo_gh/data/251110/ic512_b_starnetlibyt/enzo_260427.exe() [0x408139]
Caught fatal exception:

   'Error opening input file z_0011/z_0011.
'
at Group_ReadAllData.C:141

Backtrace:

BT symbol: /work2/11056/zwu/frontera/enzo_gh/data/251110/ic512_b_starnetlibyt/enzo_260427.exe() [0x769754]
BT symbol: /work2/11056/zwu/frontera/enzo_gh/data/251110/ic512_b_starnetlibyt/enzo_260427.exe() [0x408ef8]
BT symbol: /lib64/libc.so.6(__libc_start_main+0xf5) [0x2ac38d118555]
BT symbol: /work2/11056/zwu/frontera/enzo_gh/data/251110/ic512_b_starnetlibyt/enzo_260427.exe() [0x408139]
terminate called after throwing an instance of 'EnzoFatalException'
Caught fatal exception:

   'Error opening input file z_0011/z_0011.
'
at Group_ReadAllData.C:141

Backtrace:

BT symbol: /work2/11056/zwu/frontera/enzo_gh/data/251110/ic512_b_starnetlibyt/enzo_260427.exe() [0x769754]
BT symbol: /work2/11056/zwu/frontera/enzo_gh/data/251110/ic512_b_starnetlibyt/enzo_260427.exe() [0x408ef8]
BT symbol: /lib64/libc.so.6(__libc_start_main+0xf5) [0x2b89f895a555]
BT symbol: /work2/11056/zwu/frontera/enzo_gh/data/251110/ic512_b_starnetlibyt/enzo_260427.exe() [0x408139]
Caught fatal exception:

   'Error opening input file z_0011/z_0011.
'
at Group_ReadAllData.C:141

Backtrace:

BT symbol: /work2/11056/zwu/frontera/enzo_gh/data/251110/ic512_b_starnetlibyt/enzo_260427.exe() [0x769754]
BT symbol: /work2/11056/zwu/frontera/enzo_gh/data/251110/ic512_b_starnetlibyt/enzo_260427.exe() [0x408ef8]
BT symbol: /lib64/libc.so.6(__libc_start_main+0xf5) [0x2b4aaed77555]
BT symbol: /work2/11056/zwu/frontera/enzo_gh/data/251110/ic512_b_starnetlibyt/enzo_260427.exe() [0x408139]
Caught fatal exception:

   'Error opening input file z_0011/z_0011.
'
at Group_ReadAllData.C:141

Backtrace:

BT symbol: /work2/11056/zwu/frontera/enzo_gh/data/251110/ic512_b_starnetlibyt/enzo_260427.exe() [0x769754]
BT symbol: /work2/11056/zwu/frontera/enzo_gh/data/251110/ic512_b_starnetlibyt/enzo_260427.exe() [0x408ef8]
BT symbol: /lib64/libc.so.6(__libc_start_main+0xf5) [0x2ad7dde0b555]
BT symbol: /work2/11056/zwu/frontera/enzo_gh/data/251110/ic512_b_starnetlibyt/enzo_260427.exe() [0x408139]
terminate called after throwing an instance of 'EnzoFatalException'
terminate called after throwing an instance of 'EnzoFatalException'
terminate called after throwing an instance of 'EnzoFatalException'
Caught fatal exception:

   'Error opening input file z_0011/z_0011.
'
at Group_ReadAllData.C:141

Backtrace:

BT symbol: /work2/11056/zwu/frontera/enzo_gh/data/251110/ic512_b_starnetlibyt/enzo_260427.exe() [0x769754]
BT symbol: /work2/11056/zwu/frontera/enzo_gh/data/251110/ic512_b_starnetlibyt/enzo_260427.exe() [0x408ef8]
BT symbol: /lib64/libc.so.6(__libc_start_main+0xf5) [0x2b7d05044555]
BT symbol: /work2/11056/zwu/frontera/enzo_gh/data/251110/ic512_b_starnetlibyt/enzo_260427.exe() [0x408139]
terminate called after throwing an instance of 'EnzoFatalException'
terminate called after throwing an instance of 'EnzoFatalException'
Caught fatal exception:

   'Error opening input file z_0011/z_0011.
'
at Group_ReadAllData.C:141

Backtrace:

BT symbol: /work2/11056/zwu/frontera/enzo_gh/data/251110/ic512_b_starnetlibyt/enzo_260427.exe() [0x769754]
BT symbol: /work2/11056/zwu/frontera/enzo_gh/data/251110/ic512_b_starnetlibyt/enzo_260427.exe() [0x408ef8]
BT symbol: /lib64/libc.so.6(__libc_start_main+0xf5) [0x2abceb135555]
BT symbol: /work2/11056/zwu/frontera/enzo_gh/data/251110/ic512_b_starnetlibyt/enzo_260427.exe() [0x408139]
terminate called after throwing an instance of 'EnzoFatalException'
terminate called after throwing an instance of 'EnzoFatalException'
terminate called after throwing an instance of 'EnzoFatalException'
terminate called after throwing an instance of 'EnzoFatalException'
Caught fatal exception:

   'Error opening input file z_0011/z_0011.
'
at Group_ReadAllData.C:141

Backtrace:

BT symbol: /work2/11056/zwu/frontera/enzo_gh/data/251110/ic512_b_starnetlibyt/enzo_260427.exe() [0x769754]
BT symbol: /work2/11056/zwu/frontera/enzo_gh/data/251110/ic512_b_starnetlibyt/enzo_260427.exe() [0x408ef8]
BT symbol: /lib64/libc.so.6(__libc_start_main+0xf5) [0x2ac983b67555]
BT symbol: /work2/11056/zwu/frontera/enzo_gh/data/251110/ic512_b_starnetlibyt/enzo_260427.exe() [0x408139]
terminate called after throwing an instance of 'EnzoFatalException'
terminate called after throwing an instance of 'EnzoFatalException'
Caught fatal exception:

   'Error opening input file z_0011/z_0011.
'
at Group_ReadAllData.C:141

Backtrace:

BT symbol: /work2/11056/zwu/frontera/enzo_gh/data/251110/ic512_b_starnetlibyt/enzo_260427.exe() [0x769754]
BT symbol: /work2/11056/zwu/frontera/enzo_gh/data/251110/ic512_b_starnetlibyt/enzo_260427.exe() [0x408ef8]
BT symbol: /lib64/libc.so.6(__libc_start_main+0xf5) [0x2b652a259555]
BT symbol: /work2/11056/zwu/frontera/enzo_gh/data/251110/ic512_b_starnetlibyt/enzo_260427.exe() [0x408139]
Caught fatal exception:

   'Error opening input file z_0011/z_0011.
'
at Group_ReadAllData.C:141

Backtrace:

BT symbol: /work2/11056/zwu/frontera/enzo_gh/data/251110/ic512_b_starnetlibyt/enzo_260427.exe() [0x769754]
BT symbol: /work2/11056/zwu/frontera/enzo_gh/data/251110/ic512_b_starnetlibyt/enzo_260427.exe() [0x408ef8]
BT symbol: /lib64/libc.so.6(__libc_start_main+0xf5) [0x2b2266aea555]
BT symbol: /work2/11056/zwu/frontera/enzo_gh/data/251110/ic512_b_starnetlibyt/enzo_260427.exe() [0x408139]
terminate called after throwing an instance of 'EnzoFatalException'
Caught fatal exception:

   'Error opening input file z_0011/z_0011.
'
at Group_ReadAllData.C:141

Backtrace:

BT symbol: /work2/11056/zwu/frontera/enzo_gh/data/251110/ic512_b_starnetlibyt/enzo_260427.exe() [0x769754]
BT symbol: /work2/11056/zwu/frontera/enzo_gh/data/251110/ic512_b_starnetlibyt/enzo_260427.exe() [0x408ef8]
BT symbol: /lib64/libc.so.6(__libc_start_main+0xf5) [0x2b2bc574a555]
BT symbol: /work2/11056/zwu/frontera/enzo_gh/data/251110/ic512_b_starnetlibyt/enzo_260427.exe() [0x408139]
Caught fatal exception:

   'Error opening input file z_0011/z_0011.
'
at Group_ReadAllData.C:141

Backtrace:

BT symbol: /work2/11056/zwu/frontera/enzo_gh/data/251110/ic512_b_starnetlibyt/enzo_260427.exe() [0x769754]
BT symbol: /work2/11056/zwu/frontera/enzo_gh/data/251110/ic512_b_starnetlibyt/enzo_260427.exe() [0x408ef8]
BT symbol: /lib64/libc.so.6(__libc_start_main+0xf5) [0x2aec923f1555]
BT symbol: /work2/11056/zwu/frontera/enzo_gh/data/251110/ic512_b_starnetlibyt/enzo_260427.exe() [0x408139]
Caught fatal exception:

   'Error opening input file z_0011/z_0011.
'
at Group_ReadAllData.C:141

Backtrace:

BT symbol: /work2/11056/zwu/frontera/enzo_gh/data/251110/ic512_b_starnetlibyt/enzo_260427.exe() [0x769754]
BT symbol: /work2/11056/zwu/frontera/enzo_gh/data/251110/ic512_b_starnetlibyt/enzo_260427.exe() [0x408ef8]
BT symbol: /lib64/libc.so.6(__libc_start_main+0xf5) [0x2b9d890e2555]
BT symbol: /work2/11056/zwu/frontera/enzo_gh/data/251110/ic512_b_starnetlibyt/enzo_260427.exe() [0x408139]
Caught fatal exception:

   'Error opening input file z_0011/z_0011.
'
at Group_ReadAllData.C:141

Backtrace:

BT symbol: /work2/11056/zwu/frontera/enzo_gh/data/251110/ic512_b_starnetlibyt/enzo_260427.exe() [0x769754]
BT symbol: /work2/11056/zwu/frontera/enzo_gh/data/251110/ic512_b_starnetlibyt/enzo_260427.exe() [0x408ef8]
BT symbol: /lib64/libc.so.6(__libc_start_main+0xf5) [0x2abe67774555]
BT symbol: /work2/11056/zwu/frontera/enzo_gh/data/251110/ic512_b_starnetlibyt/enzo_260427.exe() [0x408139]
terminate called after throwing an instance of 'EnzoFatalException'
terminate called after throwing an instance of 'EnzoFatalException'
Caught fatal exception:

   'Error opening input file z_0011/z_0011.
'
at Group_ReadAllData.C:141

Backtrace:

BT symbol: /work2/11056/zwu/frontera/enzo_gh/data/251110/ic512_b_starnetlibyt/enzo_260427.exe() [0x769754]
BT symbol: /work2/11056/zwu/frontera/enzo_gh/data/251110/ic512_b_starnetlibyt/enzo_260427.exe() [0x408ef8]
BT symbol: /lib64/libc.so.6(__libc_start_main+0xf5) [0x2b6e27464555]
BT symbol: /work2/11056/zwu/frontera/enzo_gh/data/251110/ic512_b_starnetlibyt/enzo_260427.exe() [0x408139]
Caught fatal exception:

   'Error opening input file z_0011/z_0011.
'
at Group_ReadAllData.C:141

Backtrace:

BT symbol: /work2/11056/zwu/frontera/enzo_gh/data/251110/ic512_b_starnetlibyt/enzo_260427.exe() [0x769754]
BT symbol: /work2/11056/zwu/frontera/enzo_gh/data/251110/ic512_b_starnetlibyt/enzo_260427.exe() [0x408ef8]
BT symbol: /lib64/libc.so.6(__libc_start_main+0xf5) [0x2b38551f6555]
BT symbol: /work2/11056/zwu/frontera/enzo_gh/data/251110/ic512_b_starnetlibyt/enzo_260427.exe() [0x408139]
terminate called after throwing an instance of 'EnzoFatalException'
terminate called after throwing an instance of 'EnzoFatalException'
Caught fatal exception:

   'Error opening input file z_0011/z_0011.
'
at Group_ReadAllData.C:141

Backtrace:

BT symbol: /work2/11056/zwu/frontera/enzo_gh/data/251110/ic512_b_starnetlibyt/enzo_260427.exe() [0x769754]
BT symbol: /work2/11056/zwu/frontera/enzo_gh/data/251110/ic512_b_starnetlibyt/enzo_260427.exe() [0x408ef8]
BT symbol: /lib64/libc.so.6(__libc_start_main+0xf5) [0x2ba214ae9555]
BT symbol: /work2/11056/zwu/frontera/enzo_gh/data/251110/ic512_b_starnetlibyt/enzo_260427.exe() [0x408139]
terminate called after throwing an instance of 'EnzoFatalException'
terminate called after throwing an instance of 'EnzoFatalException'
terminate called after throwing an instance of 'EnzoFatalException'
Caught fatal exception:

   'Error opening input file z_0011/z_0011.
'
at Group_ReadAllData.C:141

Backtrace:

BT symbol: /work2/11056/zwu/frontera/enzo_gh/data/251110/ic512_b_starnetlibyt/enzo_260427.exe() [0x769754]
BT symbol: /work2/11056/zwu/frontera/enzo_gh/data/251110/ic512_b_starnetlibyt/enzo_260427.exe() [0x408ef8]
BT symbol: /lib64/libc.so.6(__libc_start_main+0xf5) [0x2adddc82d555]
BT symbol: /work2/11056/zwu/frontera/enzo_gh/data/251110/ic512_b_starnetlibyt/enzo_260427.exe() [0x408139]
terminate called after throwing an instance of 'EnzoFatalException'
Caught fatal exception:

   'Error opening input file z_0011/z_0011.
'
at Group_ReadAllData.C:141

Backtrace:

BT symbol: /work2/11056/zwu/frontera/enzo_gh/data/251110/ic512_b_starnetlibyt/enzo_260427.exe() [0x769754]
BT symbol: /work2/11056/zwu/frontera/enzo_gh/data/251110/ic512_b_starnetlibyt/enzo_260427.exe() [0x408ef8]
BT symbol: /lib64/libc.so.6(__libc_start_main+0xf5) [0x2b9f00796555]
BT symbol: /work2/11056/zwu/frontera/enzo_gh/data/251110/ic512_b_starnetlibyt/enzo_260427.exe() [0x408139]
terminate called after throwing an instance of 'EnzoFatalException'
terminate called after throwing an instance of 'EnzoFatalException'
Caught fatal exception:

   'Error opening input file z_0011/z_0011.
'
at Group_ReadAllData.C:141

Backtrace:

BT symbol: /work2/11056/zwu/frontera/enzo_gh/data/251110/ic512_b_starnetlibyt/enzo_260427.exe() [0x769754]
BT symbol: /work2/11056/zwu/frontera/enzo_gh/data/251110/ic512_b_starnetlibyt/enzo_260427.exe() [0x408ef8]
BT symbol: /lib64/libc.so.6(__libc_start_main+0xf5) [0x2abe22d10555]
BT symbol: /work2/11056/zwu/frontera/enzo_gh/data/251110/ic512_b_starnetlibyt/enzo_260427.exe() [0x408139]
Caught fatal exception:

   'Error opening input file z_0011/z_0011.
'
at Group_ReadAllData.C:141

Backtrace:

BT symbol: /work2/11056/zwu/frontera/enzo_gh/data/251110/ic512_b_starnetlibyt/enzo_260427.exe() [0x769754]
BT symbol: /work2/11056/zwu/frontera/enzo_gh/data/251110/ic512_b_starnetlibyt/enzo_260427.exe() [0x408ef8]
BT symbol: /lib64/libc.so.6(__libc_start_main+0xf5) [0x2b1222a48555]
BT symbol: /work2/11056/zwu/frontera/enzo_gh/data/251110/ic512_b_starnetlibyt/enzo_260427.exe() [0x408139]
terminate called after throwing an instance of 'EnzoFatalException'
Caught fatal exception:

   'Error opening input file z_0011/z_0011.
'
at Group_ReadAllData.C:141

Backtrace:

BT symbol: /work2/11056/zwu/frontera/enzo_gh/data/251110/ic512_b_starnetlibyt/enzo_260427.exe() [0x769754]
BT symbol: /work2/11056/zwu/frontera/enzo_gh/data/251110/ic512_b_starnetlibyt/enzo_260427.exe() [0x408ef8]
BT symbol: /lib64/libc.so.6(__libc_start_main+0xf5) [0x2ab96f194555]
BT symbol: /work2/11056/zwu/frontera/enzo_gh/data/251110/ic512_b_starnetlibyt/enzo_260427.exe() [0x408139]
terminate called after throwing an instance of 'EnzoFatalException'
Caught fatal exception:

   'Error opening input file z_0011/z_0011.
'
at Group_ReadAllData.C:141

Backtrace:

BT symbol: /work2/11056/zwu/frontera/enzo_gh/data/251110/ic512_b_starnetlibyt/enzo_260427.exe() [0x769754]
BT symbol: /work2/11056/zwu/frontera/enzo_gh/data/251110/ic512_b_starnetlibyt/enzo_260427.exe() [0x408ef8]
BT symbol: /lib64/libc.so.6(__libc_start_main+0xf5) [0x2b828a8c6555]
BT symbol: /work2/11056/zwu/frontera/enzo_gh/data/251110/ic512_b_starnetlibyt/enzo_260427.exe() [0x408139]
Caught fatal exception:

   'Error opening input file z_0011/z_0011.
'
at Group_ReadAllData.C:141

Backtrace:

BT symbol: /work2/11056/zwu/frontera/enzo_gh/data/251110/ic512_b_starnetlibyt/enzo_260427.exe() [0x769754]
BT symbol: /work2/11056/zwu/frontera/enzo_gh/data/251110/ic512_b_starnetlibyt/enzo_260427.exe() [0x408ef8]
BT symbol: /lib64/libc.so.6(__libc_start_main+0xf5) [0x2b349eb0b555]
BT symbol: /work2/11056/zwu/frontera/enzo_gh/data/251110/ic512_b_starnetlibyt/enzo_260427.exe() [0x408139]
terminate called after throwing an instance of 'EnzoFatalException'
terminate called after throwing an instance of 'EnzoFatalException'
Caught fatal exception:

   'Error opening input file z_0011/z_0011.
'
at Group_ReadAllData.C:141

Backtrace:

BT symbol: /work2/11056/zwu/frontera/enzo_gh/data/251110/ic512_b_starnetlibyt/enzo_260427.exe() [0x769754]
BT symbol: /work2/11056/zwu/frontera/enzo_gh/data/251110/ic512_b_starnetlibyt/enzo_260427.exe() [0x408ef8]
BT symbol: /lib64/libc.so.6(__libc_start_main+0xf5) [0x2b0731e39555]
BT symbol: /work2/11056/zwu/frontera/enzo_gh/data/251110/ic512_b_starnetlibyt/enzo_260427.exe() [0x408139]
terminate called after throwing an instance of 'EnzoFatalException'
Caught fatal exception:

   'Error opening input file z_0011/z_0011.
'
at Group_ReadAllData.C:141

Backtrace:

BT symbol: /work2/11056/zwu/frontera/enzo_gh/data/251110/ic512_b_starnetlibyt/enzo_260427.exe() [0x769754]
BT symbol: /work2/11056/zwu/frontera/enzo_gh/data/251110/ic512_b_starnetlibyt/enzo_260427.exe() [0x408ef8]
BT symbol: /lib64/libc.so.6(__libc_start_main+0xf5) [0x2b15f57ea555]
BT symbol: /work2/11056/zwu/frontera/enzo_gh/data/251110/ic512_b_starnetlibyt/enzo_260427.exe() [0x408139]
terminate called after throwing an instance of 'EnzoFatalException'
terminate called after throwing an instance of 'EnzoFatalException'
Caught fatal exception:

   'Error opening input file z_0011/z_0011.
'
at Group_ReadAllData.C:141

Backtrace:

BT symbol: /work2/11056/zwu/frontera/enzo_gh/data/251110/ic512_b_starnetlibyt/enzo_260427.exe() [0x769754]
BT symbol: /work2/11056/zwu/frontera/enzo_gh/data/251110/ic512_b_starnetlibyt/enzo_260427.exe() [0x408ef8]
BT symbol: /lib64/libc.so.6(__libc_start_main+0xf5) [0x2b9b8838c555]
BT symbol: /work2/11056/zwu/frontera/enzo_gh/data/251110/ic512_b_starnetlibyt/enzo_260427.exe() [0x408139]
Caught fatal exception:

   'Error opening input file z_0011/z_0011.
'
at Group_ReadAllData.C:141

Backtrace:

BT symbol: /work2/11056/zwu/frontera/enzo_gh/data/251110/ic512_b_starnetlibyt/enzo_260427.exe() [0x769754]
BT symbol: /work2/11056/zwu/frontera/enzo_gh/data/251110/ic512_b_starnetlibyt/enzo_260427.exe() [0x408ef8]
BT symbol: /lib64/libc.so.6(__libc_start_main+0xf5) [0x2b2d004ed555]
BT symbol: /work2/11056/zwu/frontera/enzo_gh/data/251110/ic512_b_starnetlibyt/enzo_260427.exe() [0x408139]
terminate called after throwing an instance of 'EnzoFatalException'
Caught fatal exception:

   'Error opening input file z_0011/z_0011.
'
at Group_ReadAllData.C:141

Backtrace:

BT symbol: /work2/11056/zwu/frontera/enzo_gh/data/251110/ic512_b_starnetlibyt/enzo_260427.exe() [0x769754]
BT symbol: /work2/11056/zwu/frontera/enzo_gh/data/251110/ic512_b_starnetlibyt/enzo_260427.exe() [0x408ef8]
BT symbol: /lib64/libc.so.6(__libc_start_main+0xf5) [0x2b61128c6555]
BT symbol: /work2/11056/zwu/frontera/enzo_gh/data/251110/ic512_b_starnetlibyt/enzo_260427.exe() [0x408139]
terminate called after throwing an instance of 'EnzoFatalException'
Caught fatal exception:

   'Error opening input file z_0011/z_0011.
'
at Group_ReadAllData.C:141

Backtrace:

BT symbol: /work2/11056/zwu/frontera/enzo_gh/data/251110/ic512_b_starnetlibyt/enzo_260427.exe() [0x769754]
BT symbol: /work2/11056/zwu/frontera/enzo_gh/data/251110/ic512_b_starnetlibyt/enzo_260427.exe() [0x408ef8]
BT symbol: /lib64/libc.so.6(__libc_start_main+0xf5) [0x2abecdb1e555]
BT symbol: /work2/11056/zwu/frontera/enzo_gh/data/251110/ic512_b_starnetlibyt/enzo_260427.exe() [0x408139]
Caught fatal exception:

   'Error opening input file z_0011/z_0011.
'
at Group_ReadAllData.C:141

Backtrace:

BT symbol: /work2/11056/zwu/frontera/enzo_gh/data/251110/ic512_b_starnetlibyt/enzo_260427.exe() [0x769754]
BT symbol: /work2/11056/zwu/frontera/enzo_gh/data/251110/ic512_b_starnetlibyt/enzo_260427.exe() [0x408ef8]
BT symbol: /lib64/libc.so.6(__libc_start_main+0xf5) [0x2aeb22983555]
BT symbol: /work2/11056/zwu/frontera/enzo_gh/data/251110/ic512_b_starnetlibyt/enzo_260427.exe() [0x408139]
terminate called after throwing an instance of 'EnzoFatalException'
terminate called after throwing an instance of 'EnzoFatalException'
Caught fatal exception:

   'Error opening input file z_0011/z_0011.
'
at Group_ReadAllData.C:141

Backtrace:

BT symbol: /work2/11056/zwu/frontera/enzo_gh/data/251110/ic512_b_starnetlibyt/enzo_260427.exe() [0x769754]
BT symbol: /work2/11056/zwu/frontera/enzo_gh/data/251110/ic512_b_starnetlibyt/enzo_260427.exe() [0x408ef8]
BT symbol: /lib64/libc.so.6(__libc_start_main+0xf5) [0x2b1ae28f3555]
BT symbol: /work2/11056/zwu/frontera/enzo_gh/data/251110/ic512_b_starnetlibyt/enzo_260427.exe() [0x408139]
terminate called after throwing an instance of 'EnzoFatalException'
terminate called after throwing an instance of 'EnzoFatalException'
terminate called after throwing an instance of 'EnzoFatalException'
Caught fatal exception:

   'Error opening input file z_0011/z_0011.
'
at Group_ReadAllData.C:141

Backtrace:

BT symbol: /work2/11056/zwu/frontera/enzo_gh/data/251110/ic512_b_starnetlibyt/enzo_260427.exe() [0x769754]
BT symbol: /work2/11056/zwu/frontera/enzo_gh/data/251110/ic512_b_starnetlibyt/enzo_260427.exe() [0x408ef8]
BT symbol: /lib64/libc.so.6(__libc_start_main+0xf5) [0x2b0d6793f555]
BT symbol: /work2/11056/zwu/frontera/enzo_gh/data/251110/ic512_b_starnetlibyt/enzo_260427.exe() [0x408139]
terminate called after throwing an instance of 'EnzoFatalException'
Caught fatal exception:

   'Error opening input file z_0011/z_0011.
'
at Group_ReadAllData.C:141

Backtrace:

BT symbol: /work2/11056/zwu/frontera/enzo_gh/data/251110/ic512_b_starnetlibyt/enzo_260427.exe() [0x769754]
BT symbol: /work2/11056/zwu/frontera/enzo_gh/data/251110/ic512_b_starnetlibyt/enzo_260427.exe() [0x408ef8]
BT symbol: /lib64/libc.so.6(__libc_start_main+0xf5) [0x2b2400b8c555]
BT symbol: /work2/11056/zwu/frontera/enzo_gh/data/251110/ic512_b_starnetlibyt/enzo_260427.exe() [0x408139]
Caught fatal exception:

   'Error opening input file z_0011/z_0011.
'
at Group_ReadAllData.C:141

Backtrace:

BT symbol: /work2/11056/zwu/frontera/enzo_gh/data/251110/ic512_b_starnetlibyt/enzo_260427.exe() [0x769754]
BT symbol: /work2/11056/zwu/frontera/enzo_gh/data/251110/ic512_b_starnetlibyt/enzo_260427.exe() [0x408ef8]
BT symbol: /lib64/libc.so.6(__libc_start_main+0xf5) [0x2b9d117b1555]
BT symbol: /work2/11056/zwu/frontera/enzo_gh/data/251110/ic512_b_starnetlibyt/enzo_260427.exe() [0x408139]
terminate called after throwing an instance of 'EnzoFatalException'
Caught fatal exception:

   'Error opening input file z_0011/z_0011.
'
at Group_ReadAllData.C:141

Backtrace:

BT symbol: /work2/11056/zwu/frontera/enzo_gh/data/251110/ic512_b_starnetlibyt/enzo_260427.exe() [0x769754]
BT symbol: /work2/11056/zwu/frontera/enzo_gh/data/251110/ic512_b_starnetlibyt/enzo_260427.exe() [0x408ef8]
BT symbol: /lib64/libc.so.6(__libc_start_main+0xf5) [0x2b54981da555]
BT symbol: /work2/11056/zwu/frontera/enzo_gh/data/251110/ic512_b_starnetlibyt/enzo_260427.exe() [0x408139]
terminate called after throwing an instance of 'EnzoFatalException'
terminate called after throwing an instance of 'EnzoFatalException'
Caught fatal exception:

   'Error opening input file z_0011/z_0011.
'
at Group_ReadAllData.C:141

Backtrace:

BT symbol: /work2/11056/zwu/frontera/enzo_gh/data/251110/ic512_b_starnetlibyt/enzo_260427.exe() [0x769754]
BT symbol: /work2/11056/zwu/frontera/enzo_gh/data/251110/ic512_b_starnetlibyt/enzo_260427.exe() [0x408ef8]
BT symbol: /lib64/libc.so.6(__libc_start_main+0xf5) [0x2af0f5ef0555]
BT symbol: /work2/11056/zwu/frontera/enzo_gh/data/251110/ic512_b_starnetlibyt/enzo_260427.exe() [0x408139]
terminate called after throwing an instance of 'EnzoFatalException'
Caught fatal exception:

   'Error opening input file z_0011/z_0011.
'
at Group_ReadAllData.C:141

Backtrace:

BT symbol: /work2/11056/zwu/frontera/enzo_gh/data/251110/ic512_b_starnetlibyt/enzo_260427.exe() [0x769754]
BT symbol: /work2/11056/zwu/frontera/enzo_gh/data/251110/ic512_b_starnetlibyt/enzo_260427.exe() [0x408ef8]
BT symbol: /lib64/libc.so.6(__libc_start_main+0xf5) [0x2aefb25ea555]
BT symbol: /work2/11056/zwu/frontera/enzo_gh/data/251110/ic512_b_starnetlibyt/enzo_260427.exe() [0x408139]
Caught fatal exception:

   'Error opening input file z_0011/z_0011.
'
at Group_ReadAllData.C:141

Backtrace:

BT symbol: /work2/11056/zwu/frontera/enzo_gh/data/251110/ic512_b_starnetlibyt/enzo_260427.exe() [0x769754]
BT symbol: /work2/11056/zwu/frontera/enzo_gh/data/251110/ic512_b_starnetlibyt/enzo_260427.exe() [0x408ef8]
BT symbol: /lib64/libc.so.6(__libc_start_main+0xf5) [0x2b901ed3d555]
BT symbol: /work2/11056/zwu/frontera/enzo_gh/data/251110/ic512_b_starnetlibyt/enzo_260427.exe() [0x408139]
terminate called after throwing an instance of 'EnzoFatalException'
Caught fatal exception:

   'Error opening input file z_0011/z_0011.
'
at Group_ReadAllData.C:141

Backtrace:

BT symbol: /work2/11056/zwu/frontera/enzo_gh/data/251110/ic512_b_starnetlibyt/enzo_260427.exe() [0x769754]
BT symbol: /work2/11056/zwu/frontera/enzo_gh/data/251110/ic512_b_starnetlibyt/enzo_260427.exe() [0x408ef8]
BT symbol: /lib64/libc.so.6(__libc_start_main+0xf5) [0x2afd710a3555]
BT symbol: /work2/11056/zwu/frontera/enzo_gh/data/251110/ic512_b_starnetlibyt/enzo_260427.exe() [0x408139]
terminate called after throwing an instance of 'EnzoFatalException'
terminate called after throwing an instance of 'EnzoFatalException'
terminate called after throwing an instance of 'EnzoFatalException'
Caught fatal exception:

   'Error opening input file z_0011/z_0011.
'
at Group_ReadAllData.C:141

Backtrace:

BT symbol: /work2/11056/zwu/frontera/enzo_gh/data/251110/ic512_b_starnetlibyt/enzo_260427.exe() [0x769754]
BT symbol: /work2/11056/zwu/frontera/enzo_gh/data/251110/ic512_b_starnetlibyt/enzo_260427.exe() [0x408ef8]
BT symbol: /lib64/libc.so.6(__libc_start_main+0xf5) [0x2ab84894c555]
BT symbol: /work2/11056/zwu/frontera/enzo_gh/data/251110/ic512_b_starnetlibyt/enzo_260427.exe() [0x408139]
Caught fatal exception:

   'Error opening input file z_0011/z_0011.
'
at Group_ReadAllData.C:141

Backtrace:

BT symbol: /work2/11056/zwu/frontera/enzo_gh/data/251110/ic512_b_starnetlibyt/enzo_260427.exe() [0x769754]
BT symbol: /work2/11056/zwu/frontera/enzo_gh/data/251110/ic512_b_starnetlibyt/enzo_260427.exe() [0x408ef8]
BT symbol: /lib64/libc.so.6(__libc_start_main+0xf5) [0x2b7dc246c555]
BT symbol: /work2/11056/zwu/frontera/enzo_gh/data/251110/ic512_b_starnetlibyt/enzo_260427.exe() [0x408139]
Caught fatal exception:

   'Error opening input file z_0011/z_0011.
'
at Group_ReadAllData.C:141

Backtrace:

BT symbol: /work2/11056/zwu/frontera/enzo_gh/data/251110/ic512_b_starnetlibyt/enzo_260427.exe() [0x769754]
BT symbol: /work2/11056/zwu/frontera/enzo_gh/data/251110/ic512_b_starnetlibyt/enzo_260427.exe() [0x408ef8]
BT symbol: /lib64/libc.so.6(__libc_start_main+0xf5) [0x2b218415a555]
BT symbol: /work2/11056/zwu/frontera/enzo_gh/data/251110/ic512_b_starnetlibyt/enzo_260427.exe() [0x408139]
terminate called after throwing an instance of 'EnzoFatalException'
terminate called after throwing an instance of 'EnzoFatalException'
terminate called after throwing an instance of 'EnzoFatalException'
Caught fatal exception:

   'Error opening input file z_0011/z_0011.
'
at Group_ReadAllData.C:141

Backtrace:

BT symbol: /work2/11056/zwu/frontera/enzo_gh/data/251110/ic512_b_starnetlibyt/enzo_260427.exe() [0x769754]
BT symbol: /work2/11056/zwu/frontera/enzo_gh/data/251110/ic512_b_starnetlibyt/enzo_260427.exe() [0x408ef8]
BT symbol: /lib64/libc.so.6(__libc_start_main+0xf5) [0x2af3ef47c555]
BT symbol: /work2/11056/zwu/frontera/enzo_gh/data/251110/ic512_b_starnetlibyt/enzo_260427.exe() [0x408139]
Caught fatal exception:

   'Error opening input file z_0011/z_0011.
'
at Group_ReadAllData.C:141

Backtrace:

BT symbol: /work2/11056/zwu/frontera/enzo_gh/data/251110/ic512_b_starnetlibyt/enzo_260427.exe() [0x769754]
BT symbol: /work2/11056/zwu/frontera/enzo_gh/data/251110/ic512_b_starnetlibyt/enzo_260427.exe() [0x408ef8]
BT symbol: /lib64/libc.so.6(__libc_start_main+0xf5) [0x2ae107759555]
BT symbol: /work2/11056/zwu/frontera/enzo_gh/data/251110/ic512_b_starnetlibyt/enzo_260427.exe() [0x408139]
Caught fatal exception:

   'Error opening input file z_0011/z_0011.
'
at Group_ReadAllData.C:141

Backtrace:

BT symbol: /work2/11056/zwu/frontera/enzo_gh/data/251110/ic512_b_starnetlibyt/enzo_260427.exe() [0x769754]
BT symbol: /work2/11056/zwu/frontera/enzo_gh/data/251110/ic512_b_starnetlibyt/enzo_260427.exe() [0x408ef8]
BT symbol: /lib64/libc.so.6(__libc_start_main+0xf5) [0x2b434580e555]
BT symbol: /work2/11056/zwu/frontera/enzo_gh/data/251110/ic512_b_starnetlibyt/enzo_260427.exe() [0x408139]
terminate called after throwing an instance of 'EnzoFatalException'
terminate called after throwing an instance of 'EnzoFatalException'
terminate called after throwing an instance of 'EnzoFatalException'
Caught fatal exception:

   'Error opening input file z_0011/z_0011.
'
at Group_ReadAllData.C:141

Backtrace:

BT symbol: /work2/11056/zwu/frontera/enzo_gh/data/251110/ic512_b_starnetlibyt/enzo_260427.exe() [0x769754]
BT symbol: /work2/11056/zwu/frontera/enzo_gh/data/251110/ic512_b_starnetlibyt/enzo_260427.exe() [0x408ef8]
BT symbol: /lib64/libc.so.6(__libc_start_main+0xf5) [0x2b600131a555]
BT symbol: /work2/11056/zwu/frontera/enzo_gh/data/251110/ic512_b_starnetlibyt/enzo_260427.exe() [0x408139]
Caught fatal exception:

   'Error opening input file z_0011/z_0011.
'
at Group_ReadAllData.C:141

Backtrace:

BT symbol: /work2/11056/zwu/frontera/enzo_gh/data/251110/ic512_b_starnetlibyt/enzo_260427.exe() [0x769754]
BT symbol: /work2/11056/zwu/frontera/enzo_gh/data/251110/ic512_b_starnetlibyt/enzo_260427.exe() [0x408ef8]
BT symbol: /lib64/libc.so.6(__libc_start_main+0xf5) [0x2ac5ed468555]
BT symbol: /work2/11056/zwu/frontera/enzo_gh/data/251110/ic512_b_starnetlibyt/enzo_260427.exe() [0x408139]
terminate called after throwing an instance of 'EnzoFatalException'
terminate called after throwing an instance of 'EnzoFatalException'
Caught fatal exception:

   'Error opening input file z_0011/z_0011.
'
at Group_ReadAllData.C:141

Backtrace:

BT symbol: /work2/11056/zwu/frontera/enzo_gh/data/251110/ic512_b_starnetlibyt/enzo_260427.exe() [0x769754]
BT symbol: /work2/11056/zwu/frontera/enzo_gh/data/251110/ic512_b_starnetlibyt/enzo_260427.exe() [0x408ef8]
BT symbol: /lib64/libc.so.6(__libc_start_main+0xf5) [0x2b681805a555]
BT symbol: /work2/11056/zwu/frontera/enzo_gh/data/251110/ic512_b_starnetlibyt/enzo_260427.exe() [0x408139]
Caught fatal exception:

   'Error opening input file z_0011/z_0011.
'
at Group_ReadAllData.C:141

Backtrace:

BT symbol: /work2/11056/zwu/frontera/enzo_gh/data/251110/ic512_b_starnetlibyt/enzo_260427.exe() [0x769754]
BT symbol: /work2/11056/zwu/frontera/enzo_gh/data/251110/ic512_b_starnetlibyt/enzo_260427.exe() [0x408ef8]
BT symbol: /lib64/libc.so.6(__libc_start_main+0xf5) [0x2b8ce9414555]
BT symbol: /work2/11056/zwu/frontera/enzo_gh/data/251110/ic512_b_starnetlibyt/enzo_260427.exe() [0x408139]
terminate called after throwing an instance of 'EnzoFatalException'
terminate called after throwing an instance of 'EnzoFatalException'
Caught fatal exception:

   'Error opening input file z_0011/z_0011.
'
at Group_ReadAllData.C:141

Backtrace:

BT symbol: /work2/11056/zwu/frontera/enzo_gh/data/251110/ic512_b_starnetlibyt/enzo_260427.exe() [0x769754]
BT symbol: /work2/11056/zwu/frontera/enzo_gh/data/251110/ic512_b_starnetlibyt/enzo_260427.exe() [0x408ef8]
BT symbol: /lib64/libc.so.6(__libc_start_main+0xf5) [0x2adf3270e555]
BT symbol: /work2/11056/zwu/frontera/enzo_gh/data/251110/ic512_b_starnetlibyt/enzo_260427.exe() [0x408139]
terminate called after throwing an instance of 'EnzoFatalException'
Caught fatal exception:

   'Error opening input file z_0011/z_0011.
'
at Group_ReadAllData.C:141

Backtrace:

BT symbol: /work2/11056/zwu/frontera/enzo_gh/data/251110/ic512_b_starnetlibyt/enzo_260427.exe() [0x769754]
BT symbol: /work2/11056/zwu/frontera/enzo_gh/data/251110/ic512_b_starnetlibyt/enzo_260427.exe() [0x408ef8]
BT symbol: /lib64/libc.so.6(__libc_start_main+0xf5) [0x2ba926109555]
BT symbol: /work2/11056/zwu/frontera/enzo_gh/data/251110/ic512_b_starnetlibyt/enzo_260427.exe() [0x408139]
terminate called after throwing an instance of 'EnzoFatalException'
Caught fatal exception:

   'Error opening input file z_0011/z_0011.
'
at Group_ReadAllData.C:141

Backtrace:

BT symbol: /work2/11056/zwu/frontera/enzo_gh/data/251110/ic512_b_starnetlibyt/enzo_260427.exe() [0x769754]
BT symbol: /work2/11056/zwu/frontera/enzo_gh/data/251110/ic512_b_starnetlibyt/enzo_260427.exe() [0x408ef8]
BT symbol: /lib64/libc.so.6(__libc_start_main+0xf5) [0x2b74a2f57555]
BT symbol: /work2/11056/zwu/frontera/enzo_gh/data/251110/ic512_b_starnetlibyt/enzo_260427.exe() [0x408139]
terminate called after throwing an instance of 'EnzoFatalException'
Caught fatal exception:

   'Error opening input file z_0011/z_0011.
'
at Group_ReadAllData.C:141

Backtrace:

BT symbol: /work2/11056/zwu/frontera/enzo_gh/data/251110/ic512_b_starnetlibyt/enzo_260427.exe() [0x769754]
BT symbol: /work2/11056/zwu/frontera/enzo_gh/data/251110/ic512_b_starnetlibyt/enzo_260427.exe() [0x408ef8]
BT symbol: /lib64/libc.so.6(__libc_start_main+0xf5) [0x2ab042e22555]
BT symbol: /work2/11056/zwu/frontera/enzo_gh/data/251110/ic512_b_starnetlibyt/enzo_260427.exe() [0x408139]
terminate called after throwing an instance of 'EnzoFatalException'
Caught fatal exception:

   'Error opening input file z_0011/z_0011.
'
at Group_ReadAllData.C:141

Backtrace:

BT symbol: /work2/11056/zwu/frontera/enzo_gh/data/251110/ic512_b_starnetlibyt/enzo_260427.exe() [0x769754]
BT symbol: /work2/11056/zwu/frontera/enzo_gh/data/251110/ic512_b_starnetlibyt/enzo_260427.exe() [0x408ef8]
BT symbol: /lib64/libc.so.6(__libc_start_main+0xf5) [0x2aaceb509555]
BT symbol: /work2/11056/zwu/frontera/enzo_gh/data/251110/ic512_b_starnetlibyt/enzo_260427.exe() [0x408139]
terminate called after throwing an instance of 'EnzoFatalException'
Caught fatal exception:

   'Error opening input file z_0011/z_0011.
'
at Group_ReadAllData.C:141

Backtrace:

BT symbol: /work2/11056/zwu/frontera/enzo_gh/data/251110/ic512_b_starnetlibyt/enzo_260427.exe() [0x769754]
BT symbol: /work2/11056/zwu/frontera/enzo_gh/data/251110/ic512_b_starnetlibyt/enzo_260427.exe() [0x408ef8]
BT symbol: /lib64/libc.so.6(__libc_start_main+0xf5) [0x2ab4f79a1555]
BT symbol: /work2/11056/zwu/frontera/enzo_gh/data/251110/ic512_b_starnetlibyt/enzo_260427.exe() [0x408139]
terminate called after throwing an instance of 'EnzoFatalException'
Caught fatal exception:

   'Error opening input file z_0011/z_0011.
'
at Group_ReadAllData.C:141

Backtrace:

BT symbol: /work2/11056/zwu/frontera/enzo_gh/data/251110/ic512_b_starnetlibyt/enzo_260427.exe() [0x769754]
BT symbol: /work2/11056/zwu/frontera/enzo_gh/data/251110/ic512_b_starnetlibyt/enzo_260427.exe() [0x408ef8]
BT symbol: /lib64/libc.so.6(__libc_start_main+0xf5) [0x2ac7dc6ca555]
BT symbol: /work2/11056/zwu/frontera/enzo_gh/data/251110/ic512_b_starnetlibyt/enzo_260427.exe() [0x408139]
terminate called after throwing an instance of 'EnzoFatalException'
Caught fatal exception:

   'Error opening input file z_0011/z_0011.
'
at Group_ReadAllData.C:141

Backtrace:

BT symbol: /work2/11056/zwu/frontera/enzo_gh/data/251110/ic512_b_starnetlibyt/enzo_260427.exe() [0x769754]
BT symbol: /work2/11056/zwu/frontera/enzo_gh/data/251110/ic512_b_starnetlibyt/enzo_260427.exe() [0x408ef8]
BT symbol: /lib64/libc.so.6(__libc_start_main+0xf5) [0x2b5b756ef555]
BT symbol: /work2/11056/zwu/frontera/enzo_gh/data/251110/ic512_b_starnetlibyt/enzo_260427.exe() [0x408139]
Caught fatal exception:

   'Error opening input file z_0011/z_0011.
'
at Group_ReadAllData.C:141

Backtrace:

BT symbol: /work2/11056/zwu/frontera/enzo_gh/data/251110/ic512_b_starnetlibyt/enzo_260427.exe() [0x769754]
BT symbol: /work2/11056/zwu/frontera/enzo_gh/data/251110/ic512_b_starnetlibyt/enzo_260427.exe() [0x408ef8]
BT symbol: /lib64/libc.so.6(__libc_start_main+0xf5) [0x2b524750a555]
BT symbol: /work2/11056/zwu/frontera/enzo_gh/data/251110/ic512_b_starnetlibyt/enzo_260427.exe() [0x408139]
terminate called after throwing an instance of 'EnzoFatalException'
Caught fatal exception:

   'Error opening input file z_0011/z_0011.
'
at Group_ReadAllData.C:141

Backtrace:

BT symbol: /work2/11056/zwu/frontera/enzo_gh/data/251110/ic512_b_starnetlibyt/enzo_260427.exe() [0x769754]
BT symbol: /work2/11056/zwu/frontera/enzo_gh/data/251110/ic512_b_starnetlibyt/enzo_260427.exe() [0x408ef8]
BT symbol: /lib64/libc.so.6(__libc_start_main+0xf5) [0x2ab357bf2555]
BT symbol: /work2/11056/zwu/frontera/enzo_gh/data/251110/ic512_b_starnetlibyt/enzo_260427.exe() [0x408139]
terminate called after throwing an instance of 'EnzoFatalException'
terminate called after throwing an instance of 'EnzoFatalException'
Caught fatal exception:

   'Error opening input file z_0011/z_0011.
'
at Group_ReadAllData.C:141

Backtrace:

BT symbol: /work2/11056/zwu/frontera/enzo_gh/data/251110/ic512_b_starnetlibyt/enzo_260427.exe() [0x769754]
BT symbol: /work2/11056/zwu/frontera/enzo_gh/data/251110/ic512_b_starnetlibyt/enzo_260427.exe() [0x408ef8]
BT symbol: /lib64/libc.so.6(__libc_start_main+0xf5) [0x2b95439b8555]
BT symbol: /work2/11056/zwu/frontera/enzo_gh/data/251110/ic512_b_starnetlibyt/enzo_260427.exe() [0x408139]
Caught fatal exception:

   'Error opening input file z_0011/z_0011.
'
at Group_ReadAllData.C:141

Backtrace:

BT symbol: /work2/11056/zwu/frontera/enzo_gh/data/251110/ic512_b_starnetlibyt/enzo_260427.exe() [0x769754]
BT symbol: /work2/11056/zwu/frontera/enzo_gh/data/251110/ic512_b_starnetlibyt/enzo_260427.exe() [0x408ef8]
BT symbol: /lib64/libc.so.6(__libc_start_main+0xf5) [0x2ba5a175d555]
BT symbol: /work2/11056/zwu/frontera/enzo_gh/data/251110/ic512_b_starnetlibyt/enzo_260427.exe() [0x408139]
terminate called after throwing an instance of 'EnzoFatalException'
terminate called after throwing an instance of 'EnzoFatalException'
Caught fatal exception:

   'Error opening input file z_0011/z_0011.
'
at Group_ReadAllData.C:141

Backtrace:

BT symbol: /work2/11056/zwu/frontera/enzo_gh/data/251110/ic512_b_starnetlibyt/enzo_260427.exe() [0x769754]
BT symbol: /work2/11056/zwu/frontera/enzo_gh/data/251110/ic512_b_starnetlibyt/enzo_260427.exe() [0x408ef8]
BT symbol: /lib64/libc.so.6(__libc_start_main+0xf5) [0x2ad42bd6d555]
BT symbol: /work2/11056/zwu/frontera/enzo_gh/data/251110/ic512_b_starnetlibyt/enzo_260427.exe() [0x408139]
Caught fatal exception:

   'Error opening input file z_0011/z_0011.
'
at Group_ReadAllData.C:141

Backtrace:

BT symbol: /work2/11056/zwu/frontera/enzo_gh/data/251110/ic512_b_starnetlibyt/enzo_260427.exe() [0x769754]
BT symbol: /work2/11056/zwu/frontera/enzo_gh/data/251110/ic512_b_starnetlibyt/enzo_260427.exe() [0x408ef8]
BT symbol: /lib64/libc.so.6(__libc_start_main+0xf5) [0x2b8c7306a555]
BT symbol: /work2/11056/zwu/frontera/enzo_gh/data/251110/ic512_b_starnetlibyt/enzo_260427.exe() [0x408139]
terminate called after throwing an instance of 'EnzoFatalException'
terminate called after throwing an instance of 'EnzoFatalException'
Caught fatal exception:

   'Error opening input file z_0011/z_0011.
'
at Group_ReadAllData.C:141

Backtrace:

BT symbol: /work2/11056/zwu/frontera/enzo_gh/data/251110/ic512_b_starnetlibyt/enzo_260427.exe() [0x769754]
BT symbol: /work2/11056/zwu/frontera/enzo_gh/data/251110/ic512_b_starnetlibyt/enzo_260427.exe() [0x408ef8]
BT symbol: /lib64/libc.so.6(__libc_start_main+0xf5) [0x2af1b13ca555]
BT symbol: /work2/11056/zwu/frontera/enzo_gh/data/251110/ic512_b_starnetlibyt/enzo_260427.exe() [0x408139]
terminate called after throwing an instance of 'EnzoFatalException'
Caught fatal exception:

   'Error opening input file z_0011/z_0011.
'
at Group_ReadAllData.C:141

Backtrace:

BT symbol: /work2/11056/zwu/frontera/enzo_gh/data/251110/ic512_b_starnetlibyt/enzo_260427.exe() [0x769754]
BT symbol: /work2/11056/zwu/frontera/enzo_gh/data/251110/ic512_b_starnetlibyt/enzo_260427.exe() [0x408ef8]
BT symbol: /lib64/libc.so.6(__libc_start_main+0xf5) [0x2b46624e7555]
BT symbol: /work2/11056/zwu/frontera/enzo_gh/data/251110/ic512_b_starnetlibyt/enzo_260427.exe() [0x408139]
terminate called after throwing an instance of 'EnzoFatalException'
Caught fatal exception:

   'Error opening input file z_0011/z_0011.
'
at Group_ReadAllData.C:141

Backtrace:

BT symbol: /work2/11056/zwu/frontera/enzo_gh/data/251110/ic512_b_starnetlibyt/enzo_260427.exe() [0x769754]
BT symbol: /work2/11056/zwu/frontera/enzo_gh/data/251110/ic512_b_starnetlibyt/enzo_260427.exe() [0x408ef8]
BT symbol: /lib64/libc.so.6(__libc_start_main+0xf5) [0x2b91b9b63555]
BT symbol: /work2/11056/zwu/frontera/enzo_gh/data/251110/ic512_b_starnetlibyt/enzo_260427.exe() [0x408139]
terminate called after throwing an instance of 'EnzoFatalException'
Caught fatal exception:

   'Error opening input file z_0011/z_0011.
'
at Group_ReadAllData.C:141

Backtrace:

BT symbol: /work2/11056/zwu/frontera/enzo_gh/data/251110/ic512_b_starnetlibyt/enzo_260427.exe() [0x769754]
BT symbol: /work2/11056/zwu/frontera/enzo_gh/data/251110/ic512_b_starnetlibyt/enzo_260427.exe() [0x408ef8]
BT symbol: /lib64/libc.so.6(__libc_start_main+0xf5) [0x2ab534d88555]
BT symbol: /work2/11056/zwu/frontera/enzo_gh/data/251110/ic512_b_starnetlibyt/enzo_260427.exe() [0x408139]
terminate called after throwing an instance of 'EnzoFatalException'
Caught fatal exception:

   'Error opening input file z_0011/z_0011.
'
at Group_ReadAllData.C:141

Backtrace:

BT symbol: /work2/11056/zwu/frontera/enzo_gh/data/251110/ic512_b_starnetlibyt/enzo_260427.exe() [0x769754]
BT symbol: /work2/11056/zwu/frontera/enzo_gh/data/251110/ic512_b_starnetlibyt/enzo_260427.exe() [0x408ef8]
BT symbol: /lib64/libc.so.6(__libc_start_main+0xf5) [0x2adb5550a555]
BT symbol: /work2/11056/zwu/frontera/enzo_gh/data/251110/ic512_b_starnetlibyt/enzo_260427.exe() [0x408139]
terminate called after throwing an instance of 'EnzoFatalException'
Caught fatal exception:

   'Error opening input file z_0011/z_0011.
'
at Group_ReadAllData.C:141

Backtrace:

BT symbol: /work2/11056/zwu/frontera/enzo_gh/data/251110/ic512_b_starnetlibyt/enzo_260427.exe() [0x769754]
BT symbol: /work2/11056/zwu/frontera/enzo_gh/data/251110/ic512_b_starnetlibyt/enzo_260427.exe() [0x408ef8]
BT symbol: /lib64/libc.so.6(__libc_start_main+0xf5) [0x2b7069e0d555]
BT symbol: /work2/11056/zwu/frontera/enzo_gh/data/251110/ic512_b_starnetlibyt/enzo_260427.exe() [0x408139]
terminate called after throwing an instance of 'EnzoFatalException'
Caught fatal exception:

   'Error opening input file z_0011/z_0011.
'
at Group_ReadAllData.C:141

Backtrace:

BT symbol: /work2/11056/zwu/frontera/enzo_gh/data/251110/ic512_b_starnetlibyt/enzo_260427.exe() [0x769754]
BT symbol: /work2/11056/zwu/frontera/enzo_gh/data/251110/ic512_b_starnetlibyt/enzo_260427.exe() [0x408ef8]
BT symbol: /lib64/libc.so.6(__libc_start_main+0xf5) [0x2b3bfec74555]
BT symbol: /work2/11056/zwu/frontera/enzo_gh/data/251110/ic512_b_starnetlibyt/enzo_260427.exe() [0x408139]
terminate called after throwing an instance of 'EnzoFatalException'
Caught fatal exception:

   'Error opening input file z_0011/z_0011.
'
at Group_ReadAllData.C:141

Backtrace:

BT symbol: /work2/11056/zwu/frontera/enzo_gh/data/251110/ic512_b_starnetlibyt/enzo_260427.exe() [0x769754]
BT symbol: /work2/11056/zwu/frontera/enzo_gh/data/251110/ic512_b_starnetlibyt/enzo_260427.exe() [0x408ef8]
BT symbol: /lib64/libc.so.6(__libc_start_main+0xf5) [0x2b5ab83c4555]
BT symbol: /work2/11056/zwu/frontera/enzo_gh/data/251110/ic512_b_starnetlibyt/enzo_260427.exe() [0x408139]
terminate called after throwing an instance of 'EnzoFatalException'
Caught fatal exception:

   'Error opening input file z_0011/z_0011.
'
at Group_ReadAllData.C:141

Backtrace:

BT symbol: /work2/11056/zwu/frontera/enzo_gh/data/251110/ic512_b_starnetlibyt/enzo_260427.exe() [0x769754]
BT symbol: /work2/11056/zwu/frontera/enzo_gh/data/251110/ic512_b_starnetlibyt/enzo_260427.exe() [0x408ef8]
BT symbol: /lib64/libc.so.6(__libc_start_main+0xf5) [0x2b189a889555]
BT symbol: /work2/11056/zwu/frontera/enzo_gh/data/251110/ic512_b_starnetlibyt/enzo_260427.exe() [0x408139]
terminate called after throwing an instance of 'EnzoFatalException'
